SLOCStandard,Readability,SimpleReadability,NVAR,NCOMP,Mcclure,McCabe,IndentSTD,MaximumBlockDepth,totalFanOut,Length,MaintainabilityIndex,SATD,Parameters,LocalVariables,ChangeAtMethodAge,CriticalEditDistances,file,Detection
8,0.023010099306702614,0.006386898078020422,0,0,0,1,0.87,0,5,66.0,107.18914031982422,0,0,2,0,0,10057.json,Buggy
3,0.7374414801597595,0.7956085377729804,0,0,0,1,1.89,0,0,19.0,130.57513427734375,0,1,0,0,0,14362.json,NotBuggy
10,0.0039344411343336105,1.626864416572694E-6,0,0,0,1,0.8,0,7,120.0,100.1139144897461,0,1,3,0,0,8751.json,Buggy
3,0.43576496839523315,0.7723945463960192,0,0,0,1,1.89,0,3,20.0,130.30841064453125,0,0,0,0,0,2234.json,NotBuggy
3,0.4803664982318878,0.5643260531248291,0,0,0,1,1.89,0,3,21.0,129.93223571777344,0,0,0,0,0,2730.json,NotBuggy
3,0.01643284596502781,0.5219879040665744,0,0,0,1,1.89,0,1,25.0,128.8092498779297,0,2,0,0,0,2331.json,NotBuggy
3,0.9824535846710205,0.9367765260486703,0,0,0,1,2.0,0,1,15.0,132.25152587890625,1,1,0,0,0,10108.json,NotBuggy
30,3.234968171454966E-4,4.204512837640003E-9,7,7,14,8,3.22,4,21,195.0,77.87913513183594,0,1,2,0,0,12821.json,NotBuggy
3,0.9352436065673828,0.9331278396782934,0,0,0,1,1.89,0,0,15.0,132.086669921875,0,1,0,0,0,2768.json,NotBuggy
7,0.7962996959686279,0.6535002583018792,1,1,2,2,2.56,1,4,36.0,112.77070617675781,0,0,1,0,0,2710.json,NotBuggy
8,0.18768365681171417,0.49724189530593105,1,1,2,2,2.83,1,2,43.0,109.59954833984375,0,1,1,0,0,14475.json,NotBuggy
8,0.05528890714049339,0.16507583625443398,3,2,5,2,3.71,1,6,49.0,108.69711303710938,0,1,1,0,0,10913.json,NotBuggy
3,0.4493550658226013,0.7164802915994122,0,0,0,1,1.89,0,2,21.0,129.93223571777344,0,1,0,0,0,2447.json,NotBuggy
12,0.006258510984480381,0.0023058151052540886,3,2,5,2,2.72,1,8,84.0,98.66179656982422,1,2,1,0,0,5541.json,NotBuggy
27,0.0013557152124121785,4.236512500455066E-5,5,7,12,6,3.14,3,15,146.0,81.73021697998047,0,1,3,0,0,12804.json,NotBuggy
31,2.2045239165890962E-4,9.869986746673336E-12,13,8,21,8,5.29,3,27,214.0,76.52607727050781,0,1,8,0,0,10793.json,NotBuggy
8,0.01676422730088234,0.07661614477393158,2,1,3,2,4.87,1,9,53.0,108.15971374511719,0,1,0,0,0,14327.json,NotBuggy
6,0.9160430431365967,0.7917343849784496,0,0,0,1,3.46,0,3,33.0,115.71329498291016,1,0,0,0,0,14305.json,NotBuggy
3,0.7374414801597595,0.7956085377729804,0,0,0,1,1.89,0,0,19.0,130.57513427734375,0,1,0,0,0,14316.json,NotBuggy
36,0.0,7.796319708939387E-19,7,10,17,10,3.33,1,30,290.0,71.73561096191406,0,4,7,0,0,5375.json,NotBuggy
5,0.04771316796541214,0.18240275032623815,0,0,0,1,1.96,0,2,41.0,117.53816986083984,0,1,2,0,0,5559.json,NotBuggy
10,0.13422882556915283,9.906603828947562E-4,4,2,6,3,1.74,1,7,79.0,101.8719482421875,0,1,4,0,0,12016.json,NotBuggy
14,0.008106909692287445,1.5863051901199464E-5,0,0,0,1,5.51,0,9,104.0,95.04024505615234,0,1,4,0,0,2677.json,NotBuggy
3,0.6358444094657898,0.9122961649465728,0,0,0,1,1.89,0,0,14.0,132.61029052734375,0,0,0,0,0,14039.json,NotBuggy
4,0.23386582732200623,0.7982091444454015,0,0,0,1,2.0,0,2,23.0,124.92120361328125,0,1,0,0,0,9685.json,NotBuggy
35,6.184010999277234E-4,1.116681293651553E-12,14,13,27,13,5.94,4,21,242.0,72.63506317138672,1,5,6,0,0,11806.json,NotBuggy
6,0.2774063050746918,0.5236319812719749,0,0,0,1,4.0,0,2,34.0,115.63230895996094,0,1,1,0,0,12755.json,NotBuggy
12,0.7037940621376038,0.750193829521669,1,1,2,3,3.4,2,0,49.0,101.7093505859375,0,1,3,0,0,12737.json,NotBuggy
3,0.7415075302124023,0.9559749691244314,0,0,0,1,1.89,0,0,12.0,133.59722900390625,0,0,0,0,0,9366.json,NotBuggy
3,1.0139725054614246E-4,0.452357950734672,0,0,0,1,1.89,0,0,26.0,128.8216552734375,0,0,0,0,0,9438.json,NotBuggy
7,0.05751064792275429,0.06424447344394033,0,0,0,1,1.81,0,5,51.0,110.63600158691406,0,2,2,0,0,378.json,NotBuggy
4,0.010613717138767242,0.5586755551229234,0,0,0,1,4.9,0,0,26.0,123.94486236572266,0,0,0,0,0,10007.json,NotBuggy
29,0.004531858954578638,1.8564802877394988E-7,7,6,13,7,3.83,1,9,171.0,79.05233001708984,1,3,3,0,0,10339.json,NotBuggy
3,0.6317352652549744,0.9092037114547542,0,0,0,1,1.89,0,2,16.0,131.91592407226562,0,0,0,0,0,11595.json,Buggy
3,0.8134962916374207,0.9372170524048602,0,0,0,1,1.89,0,0,13.0,132.9956512451172,0,0,0,0,0,7338.json,NotBuggy
3,0.8447726964950562,0.8930115663070771,0,0,0,1,1.89,0,0,14.0,132.4454345703125,0,1,0,0,0,1065.json,NotBuggy
3,0.9216117858886719,0.9143507728466584,0,0,0,1,1.89,0,1,15.0,132.25152587890625,0,1,0,0,0,2099.json,NotBuggy
3,0.45599502325057983,0.9475669272304321,0,0,0,1,1.89,0,0,12.0,133.59722900390625,0,0,0,0,0,1968.json,NotBuggy
1,0.6365274786949158,0.9245496299026024,0,0,0,1,0.0,0,0,9.0,153.63165283203125,0,0,0,0,0,6550.json,NotBuggy
3,0.8270647525787354,0.5382873365343589,0,0,0,1,1.89,0,3,23.0,129.2428436279297,0,1,0,0,0,2123.json,NotBuggy
2,0.9955825209617615,0.9136265979462798,0,0,0,1,1.89,0,0,11.0,140.82913208007812,1,1,0,0,0,2290.json,NotBuggy
3,0.5443600416183472,0.8020697315083155,0,0,0,1,1.89,0,1,19.0,130.57513427734375,0,2,0,0,0,5441.json,NotBuggy
2,0.999470055103302,0.9166179423858496,0,0,0,1,3.77,0,0,11.0,140.82913208007812,1,1,0,0,0,6228.json,Buggy
3,0.8957316875457764,0.9153847425395302,0,0,0,1,1.89,0,0,14.0,132.4454345703125,0,1,0,0,0,1956.json,NotBuggy
15,0.02848765440285206,4.871746477754197E-6,2,1,3,2,3.41,1,5,140.0,92.43018341064453,1,1,2,0,0,2473.json,NotBuggy
3,0.5263962745666504,0.9578009697947911,0,0,0,1,1.89,0,1,15.0,132.086669921875,0,0,0,0,0,7248.json,NotBuggy
3,0.12400584667921066,0.44536706304611234,0,0,0,1,1.89,0,3,27.0,128.4090576171875,0,1,0,0,0,11688.json,Buggy
2,0.99458909034729,0.9710373706700745,0,0,0,1,2.0,0,0,11.0,140.82913208007812,1,1,0,0,0,9693.json,NotBuggy
17,0.49673885107040405,0.09061727669870226,6,4,10,5,5.84,4,6,83.0,92.3915023803711,0,1,3,0,0,14478.json,NotBuggy
8,0.7430547475814819,0.1734055174681882,1,1,2,2,3.71,1,3,47.0,108.613037109375,0,1,1,0,0,14513.json,NotBuggy
12,0.10186060518026352,0.036721922725936613,4,3,7,4,3.34,2,7,71.0,99.38724517822266,1,1,2,0,0,2692.json,NotBuggy
3,0.5631921887397766,0.7891619752943538,0,0,0,1,1.89,0,1,17.0,131.43582153320312,0,1,0,0,0,5055.json,NotBuggy
5,4.204811411909759E-4,0.2524739043706737,0,0,0,1,5.43,0,5,39.0,118.03533935546875,0,2,0,0,0,5624.json,NotBuggy
5,0.809403657913208,0.941378001157449,1,1,2,2,2.99,1,1,21.0,121.54933166503906,0,1,0,0,0,12312.json,NotBuggy
3,0.7251215577125549,0.8823167547612358,0,0,0,1,1.89,0,0,17.0,131.28770446777344,0,1,0,0,0,8739.json,NotBuggy
3,0.9866454601287842,0.8393700676713105,0,0,0,1,2.0,0,0,16.0,131.46876525878906,1,1,0,0,0,13739.json,NotBuggy
3,0.8075018525123596,0.9558883076344585,0,0,0,1,1.89,0,0,15.0,132.086669921875,0,1,0,0,0,3024.json,NotBuggy
3,0.785441517829895,0.9585797712674826,0,0,0,1,1.89,0,0,12.0,133.59722900390625,0,0,0,0,0,7688.json,NotBuggy
3,0.8232488632202148,0.9599250567589048,0,0,0,1,1.89,0,1,15.0,132.086669921875,0,0,0,0,0,12369.json,NotBuggy
11,0.0,3.821161454773855E-4,0,0,0,1,4.43,0,17,97.0,100.15076446533203,0,1,0,0,0,2711.json,NotBuggy
7,0.35817793011665344,0.008830685340537877,0,0,0,1,0.9,0,3,64.0,109.40082550048828,0,0,4,0,0,10657.json,NotBuggy
4,0.5682252049446106,0.7375750232499901,0,0,0,1,2.0,0,2,25.0,124.25267028808594,0,1,0,0,0,9248.json,NotBuggy
11,0.13204047083854675,0.058811299213448354,2,1,3,2,5.47,1,11,66.0,101.98942565917969,0,0,2,0,0,2041.json,NotBuggy
12,0.05008311569690704,0.9109033444866074,0,0,0,1,3.04,0,1,36.0,104.1061019897461,0,0,1,0,0,10614.json,NotBuggy
3,0.8390551209449768,0.9448043668700559,0,0,0,1,1.89,0,0,14.0,132.4454345703125,0,0,0,0,0,11519.json,NotBuggy
2,0.9760125279426575,0.8841627911965227,0,0,0,1,1.89,0,0,17.0,138.00436401367188,1,3,0,0,0,6551.json,NotBuggy
3,0.8709997534751892,0.8878747498210252,0,0,0,1,1.89,0,1,18.0,130.85629272460938,0,1,0,0,0,12767.json,NotBuggy
3,0.8441904187202454,0.8719673723105682,0,0,0,1,1.89,0,1,17.0,131.43582153320312,0,0,0,0,0,14559.json,NotBuggy
3,0.27172669768333435,0.4971117363346319,0,0,0,1,1.89,0,4,26.0,128.60531616210938,0,1,0,0,0,2231.json,NotBuggy
6,0.4021955132484436,0.40432203545581813,1,1,2,2,2.75,1,2,37.0,115.12547302246094,0,1,0,0,0,11813.json,NotBuggy
3,0.891723096370697,0.950471660410229,0,0,0,1,1.89,0,0,14.0,132.79563903808594,0,1,0,0,0,14330.json,NotBuggy
3,0.5374756455421448,0.8142697171970775,0,0,0,1,1.89,0,0,17.0,131.1535186767578,0,1,0,0,0,5750.json,NotBuggy
17,0.4586750864982605,0.4336383847858781,3,2,5,4,4.55,3,1,67.0,93.90249633789062,0,2,2,0,0,12514.json,NotBuggy
21,0.007728219032287598,4.822991853895175E-8,2,4,6,5,2.6,2,9,168.0,84.99720764160156,1,1,1,0,0,1791.json,NotBuggy
3,0.9128450751304626,0.9484698035590491,0,0,0,1,1.89,0,0,12.0,133.59722900390625,0,0,0,0,0,1917.json,NotBuggy
9,0.024834245443344116,2.8100735688687395E-4,2,2,4,3,1.66,0,5,76.0,103.50160217285156,1,3,2,0,0,7963.json,NotBuggy
28,0.029058033600449562,1.520976981152227E-5,10,9,19,7,5.5,4,14,148.0,80.62828063964844,1,1,4,0,0,11721.json,NotBuggy
33,0.0,1.7590984135174702E-14,9,9,18,10,3.43,7,22,273.0,74.09281921386719,1,2,3,0,0,13898.json,NotBuggy
15,0.0029172683134675026,1.0456325686648431E-4,0,0,0,4,3.71,1,11,101.0,93.59022521972656,0,1,5,0,0,2380.json,NotBuggy
2,0.9671555757522583,0.9643120812317925,0,0,0,1,1.89,0,0,14.0,139.1788330078125,1,2,0,0,0,2876.json,NotBuggy
10,0.004511039238423109,0.005689258181206962,3,2,5,3,6.05,2,9,71.0,102.67742156982422,0,1,0,0,0,10638.json,NotBuggy
3,0.9427883625030518,0.9389639797790524,0,0,0,1,1.89,0,0,13.0,132.9956512451172,0,0,0,0,0,1998.json,NotBuggy
8,0.5979814529418945,0.6252637024195229,0,0,0,1,1.73,0,4,37.0,110.69502258300781,0,1,1,0,0,5371.json,NotBuggy
3,0.8880078196525574,0.9518090300208543,0,0,0,1,1.89,0,0,12.0,133.59722900390625,0,0,0,0,0,10118.json,NotBuggy
11,0.0019310192437842488,0.0026468453480180615,2,2,4,2,6.26,1,5,72.0,100.99617767333984,0,1,1,0,0,6402.json,Buggy
6,0.408608615398407,0.870496372763368,2,1,3,2,3.27,1,4,29.0,116.6823501586914,0,1,0,0,0,1804.json,NotBuggy
10,0.28908777236938477,0.03845697004019601,3,2,5,3,3.6,2,5,65.0,103.13654327392578,0,1,3,0,0,93.json,Buggy
3,0.9404751062393188,0.9725790209467392,0,0,0,1,1.89,0,0,12.0,133.59722900390625,0,0,0,0,0,1991.json,NotBuggy
15,0.17272980511188507,0.8841161598827112,0,0,0,2,2.53,1,3,47.0,98.73035430908203,0,0,1,0,0,12485.json,Buggy
3,0.4976802468299866,0.6827337590737037,0,0,0,1,1.89,0,1,19.0,130.34019470214844,0,0,0,0,0,3106.json,NotBuggy
12,0.4528169333934784,0.41496230694177505,1,2,3,3,3.82,2,3,54.0,100.99057006835938,0,2,1,0,0,8369.json,Buggy
3,0.23874881863594055,0.9210084296970352,0,0,0,1,1.89,0,2,16.0,131.91592407226562,0,0,0,0,0,9644.json,NotBuggy
8,0.591973066329956,0.5130635263943667,1,1,2,2,2.4,1,3,40.0,109.82251739501953,0,0,2,0,0,2773.json,NotBuggy
14,0.14013180136680603,0.7148611662692381,1,4,5,6,2.7,2,0,49.0,98.78144836425781,0,1,0,0,0,1997.json,NotBuggy
10,0.05852799862623215,0.023513736406122244,3,3,6,3,6.2,1,9,67.0,102.82249450683594,0,1,0,0,0,2167.json,NotBuggy
7,0.6295793056488037,0.8151732179309169,1,1,2,2,2.56,1,0,29.0,113.98487091064453,0,0,0,0,0,2668.json,NotBuggy
6,0.2912343442440033,0.3973109584540354,1,1,2,2,2.75,1,4,32.0,115.97023010253906,0,0,0,0,0,9809.json,Buggy
24,6.240956718102098E-4,7.088721690663577E-9,3,6,9,7,1.66,2,12,168.0,82.4039306640625,1,1,9,0,0,10447.json,NotBuggy
2,0.9964359998703003,0.968588298865096,0,0,0,1,1.89,0,0,9.0,142.4026641845703,1,0,0,0,0,12378.json,Buggy
6,0.6400657296180725,0.598029500487378,1,1,2,2,2.75,1,3,32.0,115.88042449951172,0,1,1,0,0,9103.json,NotBuggy
17,0.0,1.1171014073254484E-7,5,4,9,5,2.33,1,14,144.0,89.4881820678711,0,2,1,0,0,1880.json,NotBuggy
27,0.0,1.8570266395035833E-10,0,0,0,1,6.73,0,45,221.0,81.0356674194336,0,1,0,0,0,14419.json,NotBuggy
3,0.5603030323982239,0.9181826259788555,0,0,0,1,1.89,0,0,14.0,132.61029052734375,0,0,0,0,0,643.json,NotBuggy
12,0.393982470035553,0.24440926893256684,2,2,4,3,2.56,1,4,61.0,100.57026672363281,0,1,1,0,0,14363.json,NotBuggy
15,0.007079588249325752,2.3395021537354834E-4,6,4,10,4,5.27,3,12,100.0,93.76087951660156,0,1,3,0,0,2383.json,NotBuggy
22,0.002542916452512145,0.04188507414377002,0,0,0,1,3.05,0,9,92.0,88.81273651123047,0,3,1,0,0,9527.json,NotBuggy
3,0.5872646570205688,0.9473232976855303,0,0,0,1,1.89,0,0,12.0,133.59722900390625,0,0,0,0,0,9367.json,NotBuggy
3,0.2625466585159302,0.8436644927127186,0,0,0,1,1.89,0,1,18.0,130.99049377441406,0,1,0,0,0,5734.json,NotBuggy
6,0.7732528448104858,0.25717688758521334,1,3,4,4,1.89,0,0,42.0,114.40888214111328,0,1,0,0,0,7957.json,NotBuggy
5,0.09702372550964355,0.14473600846278015,0,0,0,1,1.96,0,3,41.0,117.61241912841797,0,0,1,0,0,11990.json,NotBuggy
15,0.13450887799263,1.4740542062954107E-4,5,4,9,5,10.07,3,10,95.0,93.60588073730469,0,1,3,0,0,11805.json,NotBuggy
3,0.42006170749664307,0.6514112218290476,0,0,0,1,1.89,0,2,23.0,129.34671020507812,0,1,0,0,0,2409.json,NotBuggy
3,0.5184663534164429,0.970950838047511,0,0,0,1,1.89,0,1,14.0,132.79563903808594,0,0,0,0,0,2173.json,NotBuggy
14,0.2020488977432251,0.004011592241325513,2,1,3,3,4.2,2,5,84.0,95.89629364013672,1,1,4,0,0,13276.json,NotBuggy
3,0.752038836479187,0.9065134670728646,0,0,0,1,1.89,0,0,15.0,132.25152587890625,0,0,0,0,0,2607.json,NotBuggy
4,0.5618824362754822,0.7096757485334011,0,0,0,1,2.0,0,5,24.0,124.57742309570312,0,0,0,0,0,2273.json,NotBuggy
6,0.4458831250667572,0.8252415026521824,1,1,2,2,5.5,1,5,28.0,116.86482238769531,0,0,0,0,0,2192.json,NotBuggy
5,0.18129174411296844,0.7614080003616656,0,0,0,1,3.58,0,1,24.0,120.85002136230469,0,2,0,0,0,8115.json,NotBuggy
3,0.7548624277114868,0.9165346498573358,0,0,0,1,1.89,0,0,13.0,132.9956512451172,0,0,0,0,0,12088.json,NotBuggy
3,0.8530109524726868,0.9737426823913128,0,0,0,1,1.89,0,0,11.0,134.26058959960938,0,0,0,0,0,11777.json,NotBuggy
5,0.5190696716308594,0.6941613550558094,1,1,2,2,2.99,1,5,28.0,119.81843566894531,0,0,0,0,0,2207.json,NotBuggy
2,0.871168315410614,0.9204271743877055,0,0,0,1,0.0,0,0,11.0,140.82913208007812,0,1,0,0,0,2397.json,NotBuggy
3,0.02427074871957302,0.7677803291899513,0,0,0,1,1.89,0,0,19.0,130.70933532714844,0,0,0,0,0,1694.json,NotBuggy
6,0.18553775548934937,0.43388411833568136,2,2,4,2,4.27,1,8,37.0,115.21527862548828,0,0,0,0,0,2450.json,NotBuggy
13,0.08526097238063812,4.4792919055326396E-7,7,6,13,7,0.72,0,6,117.0,94.1584701538086,0,2,6,0,0,12090.json,Buggy
6,0.5235737562179565,0.6976064372895391,1,1,2,2,2.75,1,3,31.0,116.13532257080078,0,0,0,0,0,9517.json,NotBuggy
3,0.6926518678665161,0.9215557809836702,0,0,0,1,1.89,0,0,14.0,132.61029052734375,0,0,0,0,0,863.json,NotBuggy
3,0.9152606725692749,0.9746528919591188,0,0,0,1,1.89,0,0,13.0,132.9956512451172,0,0,0,0,0,8488.json,NotBuggy
3,0.3335295021533966,0.6877962706812668,0,0,0,1,1.89,0,1,20.0,130.07347106933594,0,0,0,0,0,3107.json,NotBuggy
3,0.9152606725692749,0.9746528919591188,0,0,0,1,1.89,0,0,13.0,132.9956512451172,0,0,0,0,0,8502.json,NotBuggy
8,0.12338902056217194,0.22645084274883315,0,0,0,1,1.54,0,7,52.0,108.55174255371094,1,0,1,0,0,12262.json,NotBuggy
2,0.9959244728088379,0.9483536400335227,0,0,0,1,1.89,0,0,11.0,140.82913208007812,1,1,0,0,0,10443.json,NotBuggy
10,0.005625935271382332,0.002280563703496589,1,1,2,2,3.04,1,7,79.0,102.01516723632812,1,2,0,0,0,9511.json,NotBuggy
4,0.0,0.20685039536352004,0,0,0,1,3.32,0,1,37.0,121.84000396728516,0,3,0,0,0,9255.json,NotBuggy
9,0.050474949181079865,4.4225381295137433E-4,4,3,7,4,1.66,0,12,80.0,103.329345703125,0,1,3,0,0,7979.json,NotBuggy
3,0.3334672152996063,0.5961841637097527,0,0,0,1,1.89,0,3,24.0,128.92515563964844,0,1,0,0,0,2366.json,NotBuggy
6,0.0,0.09360298735974891,0,0,0,1,5.5,0,7,49.0,113.73191833496094,0,2,0,0,0,5613.json,NotBuggy
7,0.2546347975730896,0.3453777962079376,2,1,3,2,2.15,1,5,47.0,111.14713287353516,1,1,1,0,0,1796.json,NotBuggy
4,0.20437727868556976,0.8221802072885437,0,0,0,1,2.0,0,2,19.0,126.1969985961914,0,0,0,0,0,10576.json,NotBuggy
3,0.8263971209526062,0.9681105011383128,0,0,0,1,1.89,0,0,11.0,134.26058959960938,0,0,0,0,0,1923.json,NotBuggy
3,0.9926369190216064,0.9117656639637179,0,0,0,1,2.0,0,0,14.0,132.4454345703125,1,1,0,0,0,13753.json,NotBuggy
9,0.9429334998130798,0.19218358977641567,3,2,5,3,1.21,1,3,51.0,106.1617660522461,1,0,2,0,0,7935.json,NotBuggy
7,0.34173834323883057,0.6040149253496666,1,1,2,2,3.02,1,5,35.0,112.83319091796875,0,0,0,0,0,1801.json,NotBuggy
5,0.6479155421257019,0.7327415253870029,0,0,0,1,1.96,0,1,26.0,120.3299331665039,0,0,1,0,0,9924.json,NotBuggy
4,0.9042244553565979,0.8644009558457385,0,0,0,1,1.0,0,1,18.0,126.33003997802734,0,1,0,0,0,7750.json,NotBuggy
4,0.12045926600694656,0.2891058494356842,0,0,0,1,3.32,0,6,34.0,122.36370849609375,0,1,0,0,0,2206.json,NotBuggy
4,0.846867024898529,0.5461936870191801,0,0,0,1,2.0,0,1,28.0,123.37332153320312,0,1,1,0,0,1427.json,NotBuggy
3,0.9847152233123779,0.9219359964721997,0,0,0,1,2.0,0,0,12.0,133.59722900390625,1,0,0,0,0,329.json,NotBuggy
3,0.2949877679347992,0.948892708405474,0,0,0,1,1.89,0,0,12.0,133.59722900390625,0,0,0,0,0,1960.json,NotBuggy
12,0.3926938474178314,0.3831673542833463,2,4,6,5,3.83,3,2,56.0,100.6148681640625,0,2,0,0,0,9276.json,NotBuggy
13,0.9171572327613831,0.5923218330006258,3,3,6,3,6.68,3,3,61.0,98.96623229980469,1,1,0,0,0,11538.json,NotBuggy
3,0.7991840839385986,0.928546404693648,0,0,0,1,1.89,0,0,12.0,133.59722900390625,0,0,0,0,0,2350.json,NotBuggy
3,0.5405009388923645,0.9113452809838439,0,0,0,1,1.89,0,0,14.0,132.61029052734375,0,0,0,0,0,644.json,NotBuggy
3,0.5443600416183472,0.8020697315083155,0,0,0,1,1.89,0,1,19.0,130.57513427734375,0,2,0,0,0,5423.json,NotBuggy
6,0.02378181926906109,0.3490457188181601,1,1,2,2,5.5,1,4,38.0,114.74968719482422,0,2,0,0,0,5611.json,NotBuggy
17,0.16188858449459076,1.4302336443795175E-6,3,3,6,4,2.06,2,9,122.0,90.34405517578125,0,1,6,0,0,11907.json,NotBuggy
7,0.7220256328582764,0.445661528347799,0,0,0,1,4.12,1,5,40.0,112.2157211303711,0,1,0,0,0,14672.json,NotBuggy
3,0.6171813607215881,0.8709633883941591,0,0,0,1,1.89,0,0,15.0,131.9385528564453,0,0,0,0,0,12743.json,NotBuggy
3,0.9316548705101013,0.9212738202258464,0,0,0,1,1.89,0,0,15.0,132.086669921875,0,1,0,0,0,8942.json,NotBuggy
3,0.9713621735572815,0.9454944487241949,0,0,0,1,2.0,0,0,17.0,131.03103637695312,1,2,0,0,0,3039.json,NotBuggy
80,0.0,2.6431970528731882E-23,17,15,32,16,5.92,7,42,411.0,55.13248062133789,1,1,16,0,0,11635.json,Buggy
12,0.034893959760665894,0.03250666024727269,2,1,3,2,4.65,1,7,66.0,100.12922668457031,0,1,2,0,0,8235.json,NotBuggy
3,0.8441193103790283,0.9676100210796384,0,0,0,1,1.89,0,0,12.0,133.59722900390625,0,0,0,0,0,12444.json,NotBuggy
3,0.9022001028060913,0.889409081917445,0,0,0,1,1.89,0,0,15.0,131.9385528564453,0,1,0,0,0,12752.json,NotBuggy
6,0.786627471446991,0.8555888504642125,1,1,2,2,2.75,1,2,28.0,116.86482238769531,0,1,1,0,0,2130.json,NotBuggy
13,0.04791766032576561,6.009539944091015E-4,2,1,3,3,3.64,2,9,87.0,96.77322387695312,0,2,4,0,0,330.json,NotBuggy
1,0.986227810382843,0.8763650444189577,0,0,0,1,0.0,0,0,12.0,151.39474487304688,0,0,0,0,0,6465.json,Buggy
6,0.5235742926597595,0.3549251998949859,0,0,0,1,1.89,0,2,38.0,115.216796875,0,1,0,0,0,9252.json,NotBuggy
3,0.9062103629112244,0.9719026218182305,0,0,0,1,1.89,0,0,12.0,133.59722900390625,0,0,0,0,0,1873.json,NotBuggy
5,0.012869768775999546,0.15799084874060812,0,0,0,1,1.96,0,2,41.0,117.40169525146484,0,2,0,0,0,12797.json,NotBuggy
10,0.23379793763160706,0.0914542211309589,4,3,7,4,5.08,3,4,58.0,103.39248657226562,0,1,0,0,0,10444.json,NotBuggy
11,0.0,3.7258168778259317E-4,0,0,0,1,4.63,0,17,97.0,100.15076446533203,0,1,0,0,0,2712.json,NotBuggy
3,0.9399890899658203,0.939296246416873,0,0,0,1,1.89,0,0,14.0,132.4454345703125,0,1,0,0,0,1958.json,NotBuggy
7,0.9361146688461304,0.7680556220285103,1,1,2,2,5.11,1,4,35.0,113.00700378417969,0,0,0,0,0,14641.json,NotBuggy
4,0.12385842949151993,0.29918096851658055,0,0,0,1,3.32,0,6,34.0,122.36370849609375,0,1,0,0,0,2034.json,NotBuggy
3,0.9713621735572815,0.9454944487241949,0,0,0,1,2.0,0,0,17.0,131.03103637695312,1,2,0,0,0,2945.json,NotBuggy
5,0.092087522149086,0.14683619619703533,0,0,0,1,1.96,0,3,41.0,117.61241912841797,0,0,1,0,0,12057.json,NotBuggy
39,1.5406677266582847E-4,2.3705160152728505E-14,9,8,17,8,7.65,4,14,247.0,71.7511215209961,0,5,5,0,0,11636.json,NotBuggy
6,0.5635817646980286,0.8344490965500503,2,2,4,2,2.75,1,2,28.0,116.7609634399414,0,1,0,0,0,6263.json,NotBuggy
2,0.5335844159126282,0.8471671640282258,0,0,0,1,0.0,0,0,14.0,139.0139617919922,0,2,0,0,0,11502.json,NotBuggy
14,0.034694939851760864,0.018798653861688715,0,0,0,2,3.89,1,8,71.0,97.03886413574219,0,1,2,0,0,5510.json,Buggy
18,0.0795334056019783,7.677712199672353E-6,2,1,3,2,2.67,1,16,131.0,89.63671112060547,0,0,4,0,0,10124.json,NotBuggy
3,0.47179707884788513,0.7477648377062195,0,0,0,1,1.89,0,1,18.0,130.7338104248047,0,0,0,0,0,10554.json,NotBuggy
7,0.8561232686042786,0.8458405269523122,0,0,0,1,4.12,1,2,31.0,113.77827453613281,0,1,0,0,0,14697.json,NotBuggy
3,0.7846232056617737,0.7204586499874485,0,0,0,1,1.89,0,3,20.0,130.18594360351562,0,0,0,0,0,14615.json,NotBuggy
6,0.22301074862480164,0.7263519301113449,1,1,2,2,2.75,1,2,30.0,116.4021987915039,0,0,0,0,0,12672.json,NotBuggy
7,0.8174393773078918,0.022947828362689753,2,2,4,3,0.9,0,1,51.0,110.12152099609375,0,2,2,0,0,12000.json,NotBuggy
4,0.0168113112449646,0.21783062544671522,0,0,0,1,4.9,0,4,34.0,122.20084381103516,0,1,0,0,0,11410.json,NotBuggy
3,0.753381073474884,0.9343260945329205,0,0,0,1,1.89,0,0,14.0,132.61029052734375,0,0,0,0,0,856.json,NotBuggy
10,0.40584585070610046,0.1160337043629338,1,1,2,3,3.6,2,6,59.0,103.53359985351562,1,1,1,0,0,2158.json,NotBuggy
3,0.7764756083488464,0.9643104792726068,0,0,0,1,1.89,0,0,11.0,134.26058959960938,0,0,0,0,0,12890.json,NotBuggy
3,0.0707867369055748,0.6366912616876991,0,0,0,1,1.89,0,1,22.0,129.57785034179688,0,2,0,0,0,5605.json,NotBuggy
22,3.4006856731139123E-4,6.721356343014153E-8,3,3,6,4,12.08,2,10,151.0,84.7911376953125,1,1,6,0,0,11093.json,Buggy
7,0.06382707506418228,0.05477103963099189,1,1,2,2,2.91,1,2,49.0,110.67108917236328,0,3,1,0,0,2827.json,NotBuggy
22,0.0,1.5893680464274793E-5,3,3,6,4,8.27,0,0,128.0,85.98004913330078,0,3,1,0,0,12360.json,NotBuggy
2,0.8945096731185913,0.9397521994171977,0,0,0,1,0.0,0,0,11.0,140.82913208007812,0,1,0,0,0,12659.json,NotBuggy
3,0.86045241355896,0.9732367762127488,0,0,0,1,1.89,0,0,12.0,133.59722900390625,0,0,0,0,0,9435.json,NotBuggy
3,0.8467384576797485,0.9298321604002963,0,0,0,1,1.89,0,0,14.0,132.61029052734375,0,0,0,0,0,860.json,NotBuggy
3,0.9130358695983887,0.9759981380708539,0,0,0,1,1.89,0,1,13.0,133.18099975585938,0,0,0,0,0,14677.json,NotBuggy
3,0.9184675812721252,0.8753779755735738,0,0,0,1,1.89,0,0,16.0,131.60296630859375,0,1,0,0,0,13484.json,NotBuggy
8,0.018615754321217537,0.11038490607584008,2,2,4,3,2.83,1,6,53.0,107.92971801757812,0,1,0,0,0,14492.json,NotBuggy
3,0.8240249156951904,0.9275795304253996,0,0,0,1,1.89,0,1,15.0,132.086669921875,0,0,0,0,0,2294.json,NotBuggy
63,0.0,1.0525756378075309E-25,4,4,8,6,5.56,2,43,429.0,61.09033966064453,1,0,9,0,0,14084.json,NotBuggy
3,0.691649854183197,0.7266298384754555,0,0,0,1,1.89,0,3,20.0,130.18594360351562,0,0,0,0,0,14414.json,NotBuggy
19,2.0481609681155533E-4,3.644051257833926E-8,1,1,2,2,5.42,1,21,146.0,88.06835174560547,0,1,3,0,0,12356.json,Buggy
3,0.9327583909034729,0.953448669075915,0,0,0,1,3.77,0,0,12.0,133.59722900390625,0,0,0,0,0,3105.json,NotBuggy
4,0.529399037361145,0.7156757204496368,0,0,0,1,2.0,0,5,24.0,124.57742309570312,0,0,0,0,0,2256.json,NotBuggy
3,0.6689108610153198,0.8944882649476552,0,0,0,1,1.89,0,1,17.0,131.43582153320312,0,1,0,0,0,1853.json,NotBuggy
40,1.4796690084040165E-4,9.025467706764349E-9,8,6,14,9,3.79,3,20,208.0,72.17913055419922,1,2,4,0,0,6832.json,Buggy
3,0.7787159085273743,0.9840878786109595,0,0,0,1,1.89,0,0,11.0,134.26058959960938,0,0,0,0,0,14520.json,NotBuggy
3,0.8350610136985779,0.9740373855603567,0,0,0,1,1.89,0,0,12.0,133.59722900390625,0,0,0,0,0,12665.json,NotBuggy
6,0.8121979832649231,0.9010229536124453,2,1,3,2,2.75,1,2,26.0,117.25019073486328,0,1,0,0,0,1943.json,NotBuggy
5,0.024410782381892204,0.2751513135873179,2,2,4,2,2.99,1,1,35.0,118.20518493652344,0,3,0,0,0,2306.json,NotBuggy
5,0.03702809661626816,0.4203159353345272,0,0,0,1,1.96,0,1,33.0,118.82000732421875,0,0,1,0,0,12913.json,NotBuggy
13,0.02165602333843708,2.3108921826235872E-5,1,1,2,2,2.22,1,9,96.0,96.30880737304688,0,0,5,0,0,2804.json,NotBuggy
8,0.591973066329956,0.5130635263943667,1,1,2,2,2.4,1,3,40.0,109.82251739501953,0,0,2,0,0,2197.json,NotBuggy
3,0.5949040055274963,0.9221162960384895,0,0,0,1,1.89,0,0,15.0,132.25152587890625,0,0,0,0,0,2434.json,NotBuggy
2,0.9686267375946045,0.8973008946546293,0,0,0,1,1.89,0,0,14.0,139.1788330078125,1,2,0,0,0,350.json,NotBuggy
4,0.12353456765413284,0.2857806153794462,0,0,0,1,3.32,0,6,34.0,122.36370849609375,0,1,0,0,0,2391.json,NotBuggy
6,0.0460985042154789,0.24887755362015979,0,0,0,1,1.89,0,2,39.0,114.7745132446289,0,0,1,0,0,10151.json,NotBuggy
7,0.7524165511131287,0.8779820080057864,2,2,4,2,2.56,1,1,28.0,114.16735076904297,0,1,0,0,0,8508.json,NotBuggy
3,0.8545360565185547,0.8753588950668403,0,0,0,1,1.89,0,1,16.0,131.75106811523438,0,1,0,0,0,400.json,NotBuggy
3,0.862061083316803,0.9556000687628043,0,0,0,1,1.89,0,0,12.0,133.59722900390625,0,0,0,0,0,14489.json,NotBuggy
3,0.6608560681343079,0.8320819083957185,0,0,0,1,1.89,0,0,17.0,131.03103637695312,0,2,0,0,0,9959.json,NotBuggy
3,0.9081394672393799,0.9744063605475071,0,0,0,1,1.89,0,0,11.0,134.26058959960938,0,0,0,0,0,5370.json,NotBuggy
3,0.2016739398241043,0.9018640075780959,0,0,0,1,1.89,0,0,14.0,132.61029052734375,0,0,0,0,0,854.json,NotBuggy
3,0.9360849857330322,0.8814095819780479,0,0,0,1,2.0,0,0,17.0,131.28770446777344,1,2,0,0,0,13744.json,NotBuggy
10,0.0015888770576566458,1.236647831531634E-4,0,0,0,1,0.8,0,7,90.0,101.65406799316406,0,0,2,0,0,10077.json,NotBuggy
9,0.24287675321102142,0.4806274678348974,1,1,2,2,4.53,1,8,42.0,107.66072082519531,0,0,0,0,0,14324.json,NotBuggy
22,0.016140412539243698,4.708505213943193E-5,3,3,6,4,3.59,2,15,140.0,85.20831298828125,1,1,3,0,0,10115.json,NotBuggy
3,0.5030698776245117,0.9070815169019999,0,0,0,1,1.89,0,1,15.0,132.25152587890625,0,0,0,0,0,7419.json,NotBuggy
8,0.16585266590118408,0.4753815239177759,2,1,3,2,3.12,1,4,40.0,109.82251739501953,0,2,0,0,0,14328.json,NotBuggy
7,0.24335454404354095,0.2248801985201221,0,0,0,2,3.02,1,2,44.0,111.3536376953125,0,2,2,0,0,14395.json,NotBuggy
7,0.7815824747085571,0.5589982662722116,2,1,3,2,2.56,1,4,36.0,112.77070617675781,0,0,2,0,0,2592.json,NotBuggy
3,0.9169864058494568,0.9094787490286699,0,0,0,1,1.89,0,1,15.0,132.25152587890625,0,1,0,0,0,2100.json,NotBuggy
38,0.0,3.120780364811913E-15,4,15,19,12,3.14,7,10,267.0,70.7950439453125,1,2,12,0,0,13899.json,NotBuggy
3,0.7567249536514282,0.8960517911767351,0,0,0,1,1.89,0,1,15.0,132.086669921875,0,0,0,0,0,14537.json,NotBuggy
3,0.6981631517410278,0.9501789158409216,0,0,0,1,1.89,0,0,12.0,133.59722900390625,0,0,0,0,0,10436.json,NotBuggy
3,0.7215635776519775,0.9367622067365823,0,0,0,1,1.89,0,0,15.0,132.25152587890625,0,0,0,0,0,9722.json,NotBuggy
8,0.6039665937423706,0.03212588233087976,0,0,0,1,1.73,0,2,57.0,107.69010162353516,0,1,3,0,0,10497.json,NotBuggy
3,0.8467565774917603,0.8845516237142396,0,0,0,1,1.89,0,0,14.0,132.4454345703125,0,0,0,0,0,12718.json,NotBuggy
10,0.29446613788604736,0.15196587368096412,3,2,5,3,3.67,2,5,57.0,103.81948852539062,0,1,3,0,0,6396.json,NotBuggy
5,0.239143505692482,0.739208159974384,2,1,3,2,2.99,1,2,30.0,119.25943756103516,0,2,0,0,0,14470.json,NotBuggy
3,0.9152606725692749,0.9746528919591188,0,0,0,1,1.89,0,0,13.0,132.9956512451172,0,0,0,0,0,8492.json,NotBuggy
3,0.9121705293655396,0.9358111600278503,0,0,0,1,1.89,0,0,13.0,132.9956512451172,0,0,0,0,0,12887.json,NotBuggy
20,0.03632446378469467,9.162541624776212E-7,7,8,15,7,3.63,2,8,133.0,86.70108795166016,0,3,2,0,0,8962.json,NotBuggy
5,0.5334458351135254,0.6941328651252551,1,1,2,2,2.99,1,5,28.0,119.81843566894531,0,0,0,0,0,2242.json,NotBuggy
3,0.374058336019516,0.9435352231004356,0,0,0,1,1.89,0,1,12.0,133.80813598632812,0,0,0,0,0,2288.json,NotBuggy
5,0.7141042947769165,0.2875241068284785,2,1,3,2,0.98,0,3,34.0,118.43477630615234,0,1,1,0,0,9100.json,NotBuggy
8,0.5476727485656738,0.012026624298358308,1,1,2,2,0.83,0,5,60.0,107.19337463378906,1,2,4,0,0,11852.json,NotBuggy
5,0.5602022409439087,0.3166134219486302,0,0,0,1,1.96,0,3,41.0,117.61241912841797,0,2,2,0,0,14452.json,NotBuggy
3,0.7754278182983398,0.7281330720249424,0,0,0,1,1.89,0,0,17.0,131.28770446777344,0,0,0,0,0,759.json,NotBuggy
9,0.4364868402481079,0.5101692575281862,0,0,0,2,2.95,1,2,41.0,107.64955139160156,0,1,0,0,0,1702.json,Buggy
3,0.9713621735572815,0.9454944487241949,0,0,0,1,2.0,0,0,17.0,131.03103637695312,1,2,0,0,0,2870.json,NotBuggy
4,0.06364353746175766,0.7407065682070367,0,0,0,1,4.9,0,3,23.0,124.58238983154297,0,0,0,0,0,10535.json,NotBuggy
3,0.6070436835289001,0.8728050439481181,0,0,0,1,1.89,0,1,17.0,131.1535186767578,0,0,0,0,0,1967.json,NotBuggy
4,0.23590141534805298,0.7019586026326974,0,0,0,1,4.9,0,4,25.0,124.25267028808594,0,0,0,0,0,2260.json,NotBuggy
10,0.2871047854423523,0.09149199542573042,3,3,6,3,3.6,2,4,57.0,103.66303253173828,0,0,2,0,0,2181.json,NotBuggy
3,0.07425016164779663,0.6400693100224145,0,0,0,1,1.89,0,1,23.0,129.4591827392578,0,2,0,0,0,4630.json,NotBuggy
3,0.3692452609539032,0.7892298191762889,0,0,0,1,1.89,0,3,21.0,130.05470275878906,0,0,0,0,0,13619.json,NotBuggy
4,0.7907584309577942,0.8177338224913542,0,0,0,1,2.0,0,0,19.0,125.79222106933594,0,1,0,0,0,1081.json,NotBuggy
22,6.322219269350171E-4,0.001300528024728849,4,5,9,5,4.89,2,15,117.0,86.39107513427734,1,1,0,0,0,2514.json,NotBuggy
15,0.08072686195373535,0.3431197275125306,2,2,4,3,3.46,2,10,75.0,95.5736083984375,1,1,0,0,0,2731.json,NotBuggy
3,0.6700461506843567,0.6933186769845618,0,0,0,1,1.89,0,2,21.0,129.93223571777344,0,1,0,0,0,2776.json,NotBuggy
4,0.11031407117843628,0.5177132497750759,0,0,0,1,2.0,0,3,26.0,124.16120147705078,0,0,0,0,0,2179.json,NotBuggy
55,0.0,4.707523752802514E-21,13,27,40,17,8.2,3,18,352.0,62.15262222290039,1,1,12,0,0,6336.json,Buggy
16,0.04333370923995972,0.002639551255641231,2,2,4,3,4.66,2,6,87.0,93.75629425048828,0,0,2,0,0,10058.json,Buggy
50,0.0,2.1901527300397095E-21,5,6,11,7,0.95,1,36,329.0,66.11112213134766,0,0,14,0,0,6018.json,Buggy
3,0.9713621735572815,0.9454944487241949,0,0,0,1,2.0,0,0,17.0,131.03103637695312,1,2,0,0,0,2910.json,NotBuggy
9,0.015653982758522034,0.5937035160770275,0,0,0,1,4.22,0,2,42.0,107.8907241821289,0,4,0,0,0,2407.json,NotBuggy
3,0.6993741393089294,0.8485928681834779,0,0,0,1,1.89,0,1,18.0,130.99049377441406,0,1,0,0,0,4373.json,NotBuggy
6,0.7872207164764404,0.8614862051518433,1,1,2,2,2.75,1,1,28.0,116.86482238769531,0,1,0,0,0,12574.json,NotBuggy
15,0.010830767452716827,0.001544468179425462,1,3,4,5,4.95,4,3,90.0,94.03771209716797,0,1,2,0,0,9379.json,NotBuggy
21,0.0,4.0244862739860746E-7,2,4,6,4,3.38,1,16,141.0,86.10913848876953,0,2,4,0,0,1868.json,NotBuggy
5,0.08327803015708923,0.14936909524152575,0,0,0,1,1.96,0,3,41.0,117.61241912841797,0,0,1,0,0,12055.json,NotBuggy
3,0.7016936540603638,0.8486270653313682,0,0,0,1,1.89,0,0,17.0,131.03103637695312,0,2,0,0,0,9238.json,NotBuggy
7,0.6101667881011963,0.4266366061942339,0,0,0,2,4.11,1,1,50.0,110.56603240966797,1,1,3,0,0,8233.json,NotBuggy
6,0.0934336856007576,0.9012638389959915,1,1,2,2,2.75,1,3,26.0,117.48513793945312,0,0,0,0,0,9842.json,NotBuggy
4,0.6446412205696106,0.6013644515982014,0,0,0,1,2.0,0,4,26.0,123.94486236572266,0,0,1,0,0,2540.json,NotBuggy
7,0.15002025663852692,0.14390411738535652,2,1,3,2,2.56,1,6,47.0,111.07701873779297,0,1,1,0,0,2541.json,NotBuggy
9,0.29469606280326843,0.07941673406897427,2,1,3,2,4.47,1,9,58.0,105.72296142578125,1,0,1,0,0,2043.json,NotBuggy
7,0.49942171573638916,0.7007833559548027,0,0,0,1,4.98,0,4,32.0,113.70298767089844,0,1,0,0,0,1717.json,NotBuggy
3,0.6832998991012573,0.7522494181362395,0,0,0,1,1.89,0,1,19.0,130.70933532714844,0,1,0,0,0,4632.json,NotBuggy
3,0.25396543741226196,0.5234992062947534,0,0,0,1,1.89,0,4,26.0,128.60531616210938,0,1,0,0,0,2321.json,NotBuggy
3,0.68024080991745,0.9170530582422477,0,0,0,1,1.89,0,0,14.0,132.61029052734375,0,0,0,0,0,858.json,NotBuggy
2,0.9671555757522583,0.9643120812317925,0,0,0,1,1.89,0,0,14.0,139.1788330078125,1,2,0,0,0,2961.json,NotBuggy
4,0.5322566032409668,0.8388996620312943,0,0,0,1,2.0,0,2,21.0,125.39425659179688,0,1,0,0,0,1909.json,NotBuggy
3,0.2469860315322876,0.925493244581901,0,0,0,1,1.89,0,0,14.0,132.79563903808594,0,0,0,0,0,1895.json,NotBuggy
3,0.9713621735572815,0.9454944487241949,0,0,0,1,2.0,0,0,17.0,131.03103637695312,1,2,0,0,0,2863.json,NotBuggy
8,0.0215393528342247,0.043557095722414146,0,0,0,1,4.47,1,7,57.0,108.01136779785156,0,2,0,0,0,481.json,NotBuggy
6,0.5175091028213501,0.5386983203041966,1,1,2,2,3.27,1,6,31.0,116.231689453125,0,0,0,0,0,2720.json,NotBuggy
26,8.826206903904676E-4,1.0016507322665723E-8,6,4,10,5,4.95,4,15,174.0,81.21653747558594,0,4,7,0,0,9667.json,NotBuggy
3,0.5695577263832092,0.7208528900692879,0,0,0,1,1.89,0,0,19.0,130.57513427734375,0,1,0,0,0,1129.json,NotBuggy
10,0.011569061316549778,0.004581689937558388,0,0,0,1,3.1,0,9,70.0,102.96090698242188,0,1,2,0,0,5305.json,NotBuggy
2,0.999466598033905,0.9541837243008031,0,0,0,1,1.89,0,0,11.0,140.82913208007812,1,1,0,0,0,8055.json,Buggy
5,0.0016707157483324409,0.28761843538253135,0,0,0,1,1.96,0,4,39.0,118.03533935546875,0,4,0,0,0,12917.json,NotBuggy
15,0.14076173305511475,0.0016647524883522508,2,3,5,4,5.28,3,5,98.0,93.4808349609375,1,0,4,0,0,6598.json,NotBuggy
14,0.021808966994285583,4.1628398864078215E-5,3,2,5,3,1.55,2,10,99.0,94.83645629882812,0,1,6,0,0,11627.json,NotBuggy
24,0.010384836234152317,0.007536719745895635,2,2,4,3,1.82,2,8,101.0,86.45782470703125,0,1,1,0,0,6464.json,Buggy
3,0.753381073474884,0.9343260945329205,0,0,0,1,1.89,0,0,14.0,132.61029052734375,0,0,0,0,0,14044.json,NotBuggy
7,0.002124847611412406,0.02628660966076485,0,0,0,1,1.81,0,10,54.0,110.58507537841797,0,0,0,0,0,8252.json,NotBuggy
3,0.6803818345069885,0.9154923384335861,0,0,0,1,1.89,0,0,12.0,133.59722900390625,0,0,0,0,0,2749.json,NotBuggy
7,0.15011221170425415,0.28419389907294057,1,1,2,2,2.61,1,5,44.0,111.29065704345703,0,3,0,0,0,11732.json,Buggy
4,0.8259834051132202,0.7953876202255509,0,0,0,1,2.0,0,0,19.0,125.79222106933594,0,1,0,0,0,1123.json,NotBuggy
54,0.0,7.67744674592032E-18,4,6,10,9,6.65,4,30,322.0,64.64836120605469,1,2,10,0,0,8318.json,NotBuggy
11,0.07901161164045334,0.13455357582076738,5,4,9,4,6.4,3,7,58.0,101.90055084228516,0,1,1,0,0,2226.json,NotBuggy
12,0.3002464175224304,0.014190781359532091,0,0,0,2,2.46,1,6,73.0,99.24588775634766,1,2,2,0,0,13132.json,NotBuggy
3,0.7923815250396729,0.7310944351387401,0,0,0,1,1.89,0,2,19.0,130.45266723632812,0,1,0,0,0,2657.json,NotBuggy
3,0.6499588489532471,0.6132995554911467,0,0,0,1,1.89,0,1,20.0,130.30841064453125,0,1,0,0,0,4942.json,NotBuggy
11,0.06454043835401535,0.048325699868682036,3,2,5,4,4.91,3,5,65.0,101.20606231689453,0,2,2,0,0,5991.json,NotBuggy
14,0.312579870223999,2.046752132108368E-4,6,4,10,5,4.58,3,9,97.0,94.65103912353516,1,3,2,0,0,5576.json,NotBuggy
3,0.783089816570282,0.7293785865091583,0,0,0,1,1.89,0,0,17.0,131.28770446777344,0,0,0,0,0,742.json,NotBuggy
2,0.9671555757522583,0.9643120812317925,0,0,0,1,1.89,0,0,14.0,139.1788330078125,1,2,0,0,0,3062.json,NotBuggy
4,0.25864773988723755,0.372184390771566,0,0,0,1,4.9,0,1,33.0,122.3560791015625,0,2,0,0,0,11508.json,NotBuggy
3,0.8110740184783936,0.85798137561386,0,0,0,1,1.89,0,0,18.0,130.99049377441406,0,1,0,0,0,3150.json,NotBuggy
9,0.5450601577758789,0.00957710543304486,2,2,4,3,0.83,1,6,63.0,104.95142364501953,1,1,1,0,0,7825.json,NotBuggy
3,0.8525983095169067,0.9470724445319257,0,0,0,1,1.89,0,0,12.0,133.59722900390625,0,0,0,0,0,1978.json,NotBuggy
3,0.9341940879821777,0.9826638111115885,0,0,0,1,1.89,0,0,11.0,134.26058959960938,0,0,0,0,0,2250.json,NotBuggy
2,0.9957488179206848,0.951038782153672,0,0,0,1,1.89,0,0,9.0,142.4026641845703,1,0,0,0,0,8790.json,NotBuggy
3,0.5423332452774048,0.7622969184829357,0,0,0,1,3.77,0,1,18.0,130.7338104248047,0,0,0,0,0,2535.json,NotBuggy
15,0.007079588249325752,2.3395021537354834E-4,6,4,10,4,5.27,3,12,100.0,93.76087951660156,0,1,3,0,0,2652.json,NotBuggy
3,0.7605479955673218,0.9390065490792063,0,0,0,1,1.89,0,0,12.0,133.59722900390625,0,0,0,0,0,734.json,NotBuggy
3,0.5285255312919617,0.7032806066987624,0,0,0,1,1.89,0,4,21.0,130.05470275878906,0,0,0,0,0,2266.json,NotBuggy
3,0.5815520286560059,0.8625236787588987,0,0,0,1,1.89,0,1,16.0,131.75106811523438,0,0,0,0,0,7418.json,NotBuggy
3,0.7488002777099609,0.9278165855920834,0,0,0,1,1.89,0,0,14.0,132.61029052734375,0,0,0,0,0,849.json,NotBuggy
2,0.9909117817878723,0.9504342770541784,0,0,0,1,1.89,0,0,11.0,140.82913208007812,1,1,0,0,0,1776.json,NotBuggy
17,0.004363482818007469,7.094688602938329E-4,5,4,9,5,6.14,2,7,101.0,91.41045379638672,0,2,2,0,0,8921.json,NotBuggy
3,0.9521888494491577,0.979900017175821,0,0,0,1,1.89,0,0,13.0,132.9956512451172,0,0,0,0,0,5768.json,NotBuggy
3,0.710303008556366,0.9248881153318457,0,0,0,1,1.89,0,0,14.0,132.61029052734375,0,0,0,0,0,817.json,NotBuggy
5,0.26259347796440125,0.4518060663036612,0,0,0,1,1.96,0,6,31.0,119.41529846191406,0,1,0,0,0,14687.json,NotBuggy
37,2.0261596364434808E-4,5.373324986821659E-7,11,11,22,12,2.16,1,11,195.0,74.00231170654297,0,1,1,0,0,12680.json,NotBuggy
8,0.41618430614471436,0.03350907122731474,1,1,2,2,2.4,1,5,56.0,107.70198059082031,0,1,2,0,0,14402.json,NotBuggy
5,0.8110287189483643,0.5875874455970319,1,1,2,2,1.96,0,2,30.0,119.25943756103516,0,0,1,0,0,5364.json,NotBuggy
5,0.03608629107475281,0.40039917225071864,0,0,0,1,1.96,0,1,33.0,118.82000732421875,0,0,1,0,0,14310.json,NotBuggy
14,0.1243867427110672,0.0018228933894151602,4,2,6,3,2.1,1,12,93.0,95.48593139648438,1,1,2,0,0,1942.json,NotBuggy
10,0.07624084502458572,0.06863851976552098,3,2,5,3,3.6,2,7,58.0,103.78611755371094,0,1,2,0,0,2578.json,NotBuggy
3,0.534409761428833,0.914392455866764,0,0,0,1,1.89,0,0,14.0,132.61029052734375,0,0,0,0,0,14054.json,NotBuggy
10,0.4573376476764679,0.7681818727197676,2,1,3,3,3.6,2,1,43.0,105.40206909179688,0,1,2,0,0,8482.json,NotBuggy
3,0.06174798309803009,0.6627299984205344,0,0,0,1,1.89,0,1,22.0,129.69032287597656,0,2,0,0,0,5058.json,NotBuggy
3,0.3370044529438019,0.9133143012063427,0,0,0,1,1.89,0,0,14.0,132.61029052734375,0,0,0,0,0,875.json,NotBuggy
34,0.0,3.0357590370178312E-9,8,7,15,6,4.45,2,31,205.0,75.78810119628906,1,1,6,0,0,10110.json,NotBuggy
3,0.13032108545303345,0.641791723641118,0,0,0,1,1.89,0,3,23.0,129.34671020507812,0,1,0,0,0,2201.json,NotBuggy
75,0.0,1.9549790901428265E-17,1,1,2,7,6.08,2,27,353.0,59.140159606933594,1,1,2,0,0,6172.json,Buggy
6,0.6684368848800659,0.8891898760432071,2,2,4,2,4.27,1,3,26.0,117.36266326904297,0,0,0,0,0,9096.json,NotBuggy
4,0.8687105178833008,0.6917027149072845,0,0,0,1,2.0,0,1,26.0,124.04872131347656,0,1,0,0,0,13251.json,NotBuggy
3,0.9179589152336121,0.9735578574984451,0,0,0,1,1.89,0,0,13.0,132.9956512451172,0,0,0,0,0,8497.json,NotBuggy
9,0.17193490266799927,0.18535460330935252,1,1,2,2,3.14,1,5,52.0,106.3506851196289,0,0,1,0,0,12677.json,NotBuggy
4,0.03849007561802864,0.5760838002691707,0,0,0,1,3.32,0,0,27.0,123.74861145019531,0,3,0,0,0,9398.json,NotBuggy
40,4.8691878328099847E-4,3.9228185414486684E-10,9,9,18,10,8.67,3,10,223.0,71.74702453613281,0,0,4,0,0,12604.json,NotBuggy
3,0.11757498234510422,0.5664788238980226,0,0,0,1,1.89,0,0,23.0,129.34671020507812,0,3,0,0,0,347.json,NotBuggy
3,0.9363619685173035,0.9160850433384489,0,0,0,1,1.89,0,0,13.0,132.9956512451172,0,0,0,0,0,1708.json,NotBuggy
15,0.08406484127044678,3.529483887797431E-4,2,1,3,2,4.68,1,10,96.0,94.10877990722656,1,0,3,0,0,11194.json,NotBuggy
3,0.7658653855323792,0.7073920305180338,0,0,0,1,1.89,0,1,21.0,129.81976318359375,0,1,0,0,0,14705.json,NotBuggy
55,0.0,2.155718923785844E-20,12,12,24,10,6.14,5,36,362.0,63.6169548034668,1,0,11,0,0,9394.json,NotBuggy
14,0.07753495126962662,3.884907047101286E-4,0,0,0,1,3.92,1,9,92.0,95.74209594726562,0,0,3,0,0,11221.json,NotBuggy
14,0.06766269356012344,9.28323553682385E-7,3,2,5,3,5.02,0,14,132.0,93.3721923828125,1,4,3,0,0,9121.json,NotBuggy
3,0.560149610042572,0.9426159816927409,0,0,0,1,1.89,0,0,12.0,133.59722900390625,0,0,0,0,0,9956.json,NotBuggy
3,0.7488002777099609,0.9259826589418584,0,0,0,1,1.89,0,0,14.0,132.61029052734375,0,0,0,0,0,13977.json,NotBuggy
17,0.1584080308675766,7.337671883414165E-4,4,4,8,4,12.92,2,7,94.0,91.9743423461914,0,3,2,0,0,11812.json,NotBuggy
3,0.7390558123588562,0.9766997087336913,0,0,0,1,1.89,0,1,14.0,132.61029052734375,0,0,0,0,0,9199.json,NotBuggy
12,0.05027401074767113,0.0013833466553700366,2,1,3,3,3.32,2,7,85.0,98.4509048461914,0,3,3,0,0,2068.json,NotBuggy
2,0.9671555757522583,0.9643120812317925,0,0,0,1,1.89,0,0,14.0,139.1788330078125,1,2,0,0,0,2901.json,NotBuggy
3,0.8362438678741455,0.9401327788057148,0,0,0,1,1.89,0,0,13.0,132.9956512451172,0,0,0,0,0,11026.json,NotBuggy
7,0.09236280620098114,0.02686757249474368,0,0,0,1,0.9,0,4,54.0,110.51870727539062,0,0,2,0,0,10139.json,NotBuggy
2,0.9671555757522583,0.9643120812317925,0,0,0,1,1.89,0,0,14.0,139.1788330078125,1,2,0,0,0,2916.json,NotBuggy
132,0.0,7.337574345506959E-51,7,9,16,10,6.39,3,42,905.0,44.52330017089844,1,0,19,0,0,2476.json,NotBuggy
3,0.5459625720977783,0.8104962489359181,0,0,0,1,1.89,0,3,19.0,130.70933532714844,0,0,0,0,0,1733.json,Buggy
7,0.10036832839250565,0.03888694821222933,0,0,0,1,0.87,0,4,54.0,110.45572662353516,1,0,2,0,0,9109.json,NotBuggy
5,0.8430262207984924,0.9402245215303223,0,0,0,1,1.96,0,4,20.0,122.31534576416016,0,0,0,0,0,9589.json,NotBuggy
3,0.5988529920578003,0.7956609116024842,0,0,0,1,1.89,0,3,20.0,130.30841064453125,0,0,0,0,0,2202.json,NotBuggy
14,0.10351978242397308,0.006945159522464111,1,2,3,3,8.42,2,2,82.0,95.94878387451172,1,1,3,0,0,6413.json,Buggy
6,0.2956956624984741,0.539231204976847,0,0,0,1,1.92,0,4,35.0,115.73424530029297,1,1,0,0,0,10757.json,NotBuggy
3,0.6109272241592407,0.6843001409556217,0,0,0,1,1.89,0,2,20.0,130.44261169433594,0,0,0,0,0,2498.json,NotBuggy
3,0.9044035077095032,0.8729010330280685,0,0,0,1,1.89,0,0,16.0,131.60296630859375,0,1,0,0,0,13441.json,NotBuggy
12,0.7867449522018433,0.920772114832938,8,5,13,3,5.39,2,9,61.0,100.35674285888672,1,1,1,0,0,10987.json,Buggy
7,0.011648204177618027,0.0645508382659713,1,1,2,2,2.83,1,5,53.0,110.38590240478516,1,3,0,0,0,1808.json,NotBuggy
7,0.8175433278083801,0.022174796749010628,2,2,4,3,0.9,0,1,51.0,110.12152099609375,0,2,2,0,0,11850.json,NotBuggy
3,0.0018083848990499973,0.5128206693332716,0,0,0,1,1.89,0,1,27.0,128.51292419433594,0,3,0,0,0,4307.json,NotBuggy
6,0.9488305449485779,0.8959678851005163,1,1,2,2,2.75,1,5,30.0,116.50606536865234,0,0,0,0,0,14650.json,NotBuggy
3,0.3882250487804413,0.7839377517207331,0,0,0,1,1.89,0,1,19.0,130.45266723632812,0,1,0,0,0,14472.json,NotBuggy
23,0.0074048894457519054,5.474604852404224E-6,6,5,11,6,5.12,3,12,134.0,84.53003692626953,0,1,6,0,0,12178.json,NotBuggy
3,0.6534474492073059,0.8668351441250872,0,0,0,1,1.89,0,0,17.0,131.03103637695312,0,2,0,0,0,2526.json,NotBuggy
6,0.47454163432121277,0.5279430174179801,1,1,2,2,2.75,1,2,34.0,115.65497589111328,0,1,0,0,0,2285.json,NotBuggy
3,0.6447290182113647,0.6290914835068679,0,0,0,1,1.89,0,3,23.0,129.2428436279297,0,1,0,0,0,2257.json,NotBuggy
4,0.07552913576364517,0.29324934096473915,0,0,0,1,3.32,0,6,34.0,122.36370849609375,0,1,0,0,0,2274.json,NotBuggy
3,0.6150765419006348,0.857698829648791,0,0,0,1,1.89,0,2,17.0,131.28770446777344,0,0,0,0,0,14413.json,NotBuggy
7,0.1695902794599533,0.13742294637457383,0,0,0,1,3.7,0,8,45.0,111.40380096435547,0,0,2,0,0,2107.json,NotBuggy
3,0.07104722410440445,0.7018789901828383,0,0,0,1,1.89,0,2,22.0,129.69032287597656,0,1,0,0,0,2817.json,NotBuggy
3,0.33155176043510437,0.8954310169895611,0,0,0,1,1.89,0,0,14.0,132.61029052734375,0,0,0,0,0,13955.json,NotBuggy
6,0.6732531189918518,0.8230912939912862,2,1,3,2,3.27,1,2,27.0,116.85369873046875,0,2,0,0,0,9645.json,NotBuggy
3,0.04791240021586418,0.3508909516569188,0,0,0,1,1.89,0,1,28.0,128.0337677001953,0,2,0,0,0,12549.json,NotBuggy
11,0.9175943732261658,0.6944732251458262,2,2,4,3,3.45,2,2,53.0,102.83374786376953,0,1,2,0,0,14632.json,NotBuggy
4,0.18606367707252502,0.7504008080680851,0,0,0,1,2.0,0,2,20.0,125.78216552734375,0,0,0,0,0,2678.json,NotBuggy
2,0.999457597732544,0.954602844083669,0,0,0,1,1.89,0,0,11.0,140.82913208007812,1,1,0,0,0,11572.json,Buggy
156,0.0,7.231998410636997E-61,32,30,62,31,2.13,28,90,1034.0,36.594032287597656,1,3,4,0,0,2065.json,NotBuggy
37,0.0,2.1777122138258483E-5,6,10,16,10,10.44,2,17,207.0,73.37273406982422,1,6,6,0,0,8117.json,Buggy
52,0.0,1.0231681971547935E-12,12,24,36,15,4.62,3,13,278.0,64.97879791259766,1,0,11,0,0,6357.json,NotBuggy
416,0.0,7.324238369329837E-225,64,62,126,63,4.52,59,194,2778.0,7.102180004119873,1,3,37,0,0,2066.json,NotBuggy
3,0.7066885232925415,0.8449726767636144,0,0,0,1,1.89,0,0,14.0,132.4454345703125,0,0,0,0,0,10513.json,NotBuggy
9,0.008324738591909409,0.06328449026745782,0,0,0,1,1.66,0,7,57.0,106.166259765625,0,1,0,0,0,102.json,NotBuggy
5,0.6854161620140076,0.795181345784509,0,0,0,1,3.92,0,2,21.0,121.6568603515625,0,1,0,0,0,8768.json,Buggy
2,0.9671555757522583,0.9643120812317925,0,0,0,1,1.89,0,0,14.0,139.1788330078125,1,2,0,0,0,3040.json,NotBuggy
3,0.322372704744339,0.8421084436211563,0,0,0,1,1.89,0,0,16.0,131.60296630859375,0,0,0,0,0,2815.json,NotBuggy
3,0.7567257881164551,0.8515979685884714,0,0,0,1,1.89,0,1,15.0,132.086669921875,0,0,0,0,0,12638.json,NotBuggy
6,0.24372318387031555,0.5069362619836217,2,1,3,2,2.75,1,6,36.0,115.4541244506836,0,0,0,0,0,2152.json,NotBuggy
23,4.529362777248025E-4,5.614487693218033E-9,0,0,0,1,2.0,0,23,183.0,84.0911636352539,1,0,0,0,0,8641.json,NotBuggy
4,0.23824390769004822,0.4252757891007853,0,0,0,1,4.9,0,2,26.0,123.94486236572266,0,0,0,0,0,11638.json,Buggy
6,0.3965403735637665,0.5444280685338366,0,0,0,1,3.27,0,4,32.0,115.94755554199219,0,1,1,0,0,8920.json,NotBuggy
8,0.03433329239487648,0.5900027019557248,0,0,0,1,4.9,0,4,40.0,109.98240661621094,0,1,1,0,0,2556.json,NotBuggy
4,0.3892518877983093,0.5616355425751965,0,0,0,1,2.0,0,0,29.0,123.48088836669922,0,0,1,0,0,11865.json,NotBuggy
21,0.03898727521300316,7.212635038279013E-6,4,5,9,6,6.36,5,6,126.0,86.2056655883789,0,2,4,0,0,595.json,NotBuggy
3,0.9944926500320435,0.9228523619338116,0,0,0,1,2.0,0,0,14.0,132.4454345703125,1,1,0,0,0,12908.json,NotBuggy
3,0.669341504573822,0.9094573422571899,0,0,0,1,1.89,0,1,17.0,131.28770446777344,0,1,0,0,0,14562.json,NotBuggy
16,1.0394777200417593E-4,8.99501133011402E-8,6,6,12,7,2.65,6,18,149.0,89.99429321289062,0,2,0,0,0,2602.json,NotBuggy
13,0.003837307682260871,1.4540333941321677E-4,0,0,0,2,5.35,1,15,96.0,96.63247680664062,0,0,3,0,0,2647.json,NotBuggy
19,0.0,2.8858287308974775E-10,8,7,15,8,3.23,0,29,184.0,85.64888000488281,0,1,3,0,0,11346.json,NotBuggy
3,0.8615533113479614,0.9251570878431664,0,0,0,1,1.89,0,0,12.0,133.59722900390625,0,0,0,0,0,2748.json,NotBuggy
6,0.9741434454917908,0.9886231096165341,1,1,2,2,4.18,1,0,22.0,118.35382080078125,1,0,0,0,0,5753.json,NotBuggy
3,0.9002610445022583,0.9389569529563061,0,0,0,1,2.83,0,0,12.0,133.59722900390625,1,0,0,0,0,9339.json,NotBuggy
9,0.32395681738853455,0.9649868050261542,0,0,0,1,6.74,0,2,35.0,108.76868438720703,0,0,1,0,0,6176.json,Buggy
3,0.7846233248710632,0.7330838518201304,0,0,0,1,1.89,0,2,19.0,130.45266723632812,0,1,0,0,0,2658.json,NotBuggy
44,0.0,1.0053302433748864E-12,14,17,31,17,4.11,2,26,247.0,67.70930480957031,1,1,5,0,0,7320.json,Buggy
10,0.03853469341993332,0.027938288193359674,0,0,0,1,3.92,0,6,66.0,103.57421875,1,0,0,0,0,10222.json,NotBuggy
3,0.3652898371219635,0.806404953973523,0,0,0,1,1.89,0,1,17.0,131.1535186767578,0,0,0,0,0,7087.json,NotBuggy
4,0.020736223086714745,0.6291664887191822,0,0,0,1,4.9,0,2,24.0,124.361083984375,0,0,0,0,0,12619.json,NotBuggy
3,0.06855682283639908,0.6086781227556922,0,0,0,1,3.77,0,1,22.0,129.57785034179688,0,1,0,0,0,2216.json,NotBuggy
52,0.0,2.027374364546911E-17,4,14,18,15,14.69,8,34,301.0,64.30408477783203,0,7,5,0,0,7697.json,NotBuggy
46,0.0,3.141248672106601E-9,6,9,15,9,4.98,3,33,214.0,69.7671127319336,1,1,5,0,0,2643.json,NotBuggy
3,0.623458981513977,0.8008498951020976,0,0,0,1,1.89,0,1,18.0,130.99049377441406,0,1,0,0,0,4182.json,NotBuggy
3,0.9053810238838196,0.9715404030208826,0,0,0,1,1.89,0,1,13.0,133.18099975585938,0,0,0,0,0,6552.json,NotBuggy
3,0.8847572207450867,0.860523879383686,0,0,0,1,1.89,0,0,16.0,131.60296630859375,0,1,0,0,0,13485.json,NotBuggy
3,0.682269811630249,0.950818984927131,0,0,0,1,1.89,0,1,17.0,131.43582153320312,0,1,0,0,0,2161.json,NotBuggy
10,0.02533693052828312,0.0030700458248878147,2,2,4,3,2.15,1,10,74.0,102.3057632446289,0,1,2,0,0,11116.json,NotBuggy
3,0.7762097120285034,0.9265921875791764,0,0,0,1,1.89,0,0,16.0,131.91592407226562,0,0,0,0,0,2412.json,NotBuggy
23,0.0,1.5048622626786325E-4,3,2,5,7,5.26,4,16,170.0,83.23110961914062,1,2,5,0,0,8858.json,NotBuggy
3,0.9962792992591858,0.9297594449046944,0,0,0,1,2.0,0,0,12.0,133.59722900390625,1,0,0,0,0,14037.json,NotBuggy
14,0.055063001811504364,0.0015002335604693958,1,1,2,2,6.78,1,4,89.0,95.75281524658203,0,4,3,0,0,1984.json,NotBuggy
3,0.8868491649627686,0.8844481680983293,0,0,0,1,1.89,0,0,17.0,131.1535186767578,0,1,0,0,0,2504.json,NotBuggy
17,0.014119533821940422,1.4175001207762859E-5,1,1,2,2,1.34,1,9,117.0,90.93423461914062,1,3,6,0,0,10072.json,Buggy
3,0.22943167388439178,0.9194588290058254,0,0,0,1,1.89,0,0,14.0,132.61029052734375,0,0,0,0,0,861.json,NotBuggy
4,0.31506386399269104,0.6145815082497125,0,0,0,1,4.9,0,4,26.0,123.94486236572266,0,1,0,0,0,2654.json,NotBuggy
4,0.8128464221954346,0.4666071153100489,0,0,0,1,2.0,0,1,27.0,123.56243133544922,0,1,1,0,0,13570.json,NotBuggy
20,0.15447527170181274,0.004497752549802131,3,4,7,5,2.94,2,3,97.0,88.98777770996094,0,0,4,0,0,12510.json,NotBuggy
14,0.17472368478775024,0.10381527704276823,3,3,6,4,3.82,2,8,72.0,96.71952819824219,1,2,2,0,0,8838.json,NotBuggy
12,0.022298989817500114,7.15513617469584E-4,5,3,8,2,5.25,1,11,87.0,98.55996704101562,0,0,3,0,0,1933.json,NotBuggy
3,0.590171217918396,0.6029970510962538,0,0,0,1,1.89,0,4,24.0,129.12539672851562,0,1,0,0,0,14605.json,NotBuggy
3,0.784064531326294,0.9592265255091121,0,0,0,1,1.89,0,0,12.0,133.59722900390625,0,0,0,0,0,9534.json,NotBuggy
3,0.7766367793083191,0.9304581516688596,0,0,0,1,1.89,0,1,13.0,133.18099975585938,0,0,0,0,0,2604.json,NotBuggy
3,0.7424614429473877,0.8981622051759696,0,0,0,1,1.89,0,0,15.0,132.25152587890625,0,0,0,0,0,1815.json,NotBuggy
8,0.04775417223572731,0.06525321360272342,2,1,3,2,4.8,1,6,53.0,108.15971374511719,0,1,1,0,0,5401.json,NotBuggy
15,0.007079588249325752,2.3395021537354834E-4,6,4,10,4,5.27,3,12,100.0,93.76087951660156,0,1,3,0,0,2154.json,NotBuggy
2,0.9994316697120667,0.9558321068591838,0,0,0,1,1.89,0,0,11.0,140.82913208007812,1,1,0,0,0,1962.json,NotBuggy
10,0.16962140798568726,0.012335246860881697,1,1,2,2,2.04,1,5,64.0,103.39269256591797,0,1,2,0,0,12018.json,NotBuggy
3,0.9713621735572815,0.9454944487241949,0,0,0,1,2.0,0,0,17.0,131.03103637695312,1,2,0,0,0,2885.json,NotBuggy
8,0.5512403845787048,0.8053450477624502,2,1,3,3,3.87,2,1,34.0,110.59071350097656,0,1,1,0,0,9244.json,NotBuggy
5,0.07901355624198914,0.6296078744829995,0,0,0,1,1.96,0,4,32.0,119.06403350830078,0,1,1,0,0,11224.json,NotBuggy
5,0.07901355624198914,0.6296078744829995,0,0,0,1,1.96,0,4,32.0,119.06403350830078,0,1,1,0,0,11172.json,NotBuggy
5,0.02973104454576969,0.12264221201016393,0,0,0,1,1.96,0,4,43.0,117.1540298461914,0,0,1,0,0,13667.json,NotBuggy
1,0.9741112589836121,0.8354290673627086,0,0,0,1,0.0,0,0,12.0,151.39474487304688,0,0,0,0,0,10974.json,Buggy
24,0.0015147831290960312,2.2427804173854237E-6,6,5,11,6,4.84,4,17,147.0,83.2983627319336,1,0,4,0,0,9493.json,NotBuggy
3,0.4286075830459595,0.9545447334471395,0,0,0,1,1.89,0,0,12.0,133.59722900390625,0,0,0,0,0,8485.json,NotBuggy
3,0.35527873039245605,0.8608998657374013,0,0,0,1,1.89,0,1,20.0,130.18594360351562,0,1,0,0,0,12364.json,NotBuggy
3,0.3042653799057007,0.5710555941804267,0,0,0,1,1.89,0,1,26.0,128.8216552734375,0,2,0,0,0,13789.json,NotBuggy
3,0.9937506318092346,0.9191269598901635,0,0,0,1,2.98,0,2,18.0,130.99049377441406,1,0,0,0,0,5175.json,NotBuggy
3,0.7026734948158264,0.9513964898400995,0,0,0,1,1.89,0,0,12.0,133.59722900390625,0,0,0,0,0,248.json,NotBuggy
3,0.3042653799057007,0.5710555941804267,0,0,0,1,1.89,0,1,26.0,128.8216552734375,0,2,0,0,0,13775.json,NotBuggy
38,5.354781169444323E-4,1.705720189566856E-20,7,7,14,8,3.8,3,26,335.0,70.56961822509766,0,0,8,0,0,14522.json,NotBuggy
6,0.014593116007745266,0.0334229533198775,0,0,0,1,1.89,0,6,53.0,113.24961853027344,0,0,1,0,0,12169.json,NotBuggy
3,0.5602097511291504,0.8528552760963956,0,0,0,1,1.89,0,0,20.0,129.9696044921875,0,1,0,0,0,12642.json,NotBuggy
5,0.47064366936683655,0.6955341684145133,1,1,2,2,2.99,1,5,28.0,119.81843566894531,0,0,0,0,0,2133.json,NotBuggy
3,0.8852342367172241,0.8726674558348366,0,0,0,1,1.89,0,0,16.0,131.60296630859375,0,1,0,0,0,13425.json,NotBuggy
5,0.02604934573173523,0.30646744376098856,0,0,0,1,3.58,0,6,37.0,118.39888763427734,0,1,0,0,0,2025.json,NotBuggy
3,0.43127238750457764,0.7400474017562507,0,0,0,1,1.89,0,1,18.0,130.7338104248047,0,0,0,0,0,9968.json,NotBuggy
3,0.9541056156158447,0.8126471474349967,0,0,0,1,2.0,0,0,19.0,130.45266723632812,1,1,0,0,0,11588.json,NotBuggy
3,0.9957572221755981,0.9145318188374079,0,0,0,1,2.99,0,0,17.0,131.43582153320312,1,1,0,0,0,7408.json,NotBuggy
19,2.0481609681155533E-4,3.644051257833926E-8,1,1,2,2,5.42,1,21,146.0,88.06835174560547,0,1,3,0,0,12359.json,Buggy
18,0.007353005465120077,5.927732523285481E-4,5,3,8,4,7.3,3,14,104.0,90.5622787475586,0,1,4,0,0,2121.json,NotBuggy
1,0.9741112589836121,0.8354290673627086,0,0,0,1,0.0,0,0,12.0,151.39474487304688,0,0,0,0,0,11570.json,Buggy
5,0.08522156625986099,0.8154833639586964,0,0,0,1,5.43,0,2,26.0,120.43379974365234,0,0,0,0,0,2691.json,NotBuggy
4,0.8471232056617737,0.5353476497098246,0,0,0,1,2.0,0,1,28.0,123.37332153320312,0,1,1,0,0,1428.json,NotBuggy
1,0.9910880327224731,0.7967884383026052,0,0,0,1,0.0,0,0,15.0,149.88418579101562,0,1,0,0,0,9064.json,NotBuggy
3,0.11206921190023422,0.84290907352694,0,0,0,1,1.89,0,0,18.0,130.99049377441406,0,0,0,0,0,10326.json,NotBuggy
6,0.007125474978238344,0.5459955875290663,0,0,0,1,4.42,0,0,33.0,115.86640167236328,0,4,0,0,0,8866.json,NotBuggy
3,0.7375020980834961,0.7461825782833744,0,0,0,1,1.89,0,1,20.0,130.30841064453125,0,1,0,0,0,205.json,NotBuggy
32,2.212865074397996E-4,2.6622012921855795E-6,4,3,7,4,7.94,4,11,158.0,78.55876159667969,0,1,7,0,0,2400.json,NotBuggy
3,0.919299840927124,0.9154084742899697,0,0,0,1,1.89,0,0,14.0,132.4454345703125,0,1,0,0,0,10920.json,NotBuggy
3,0.5941435098648071,0.7261743040583549,0,0,0,1,3.77,0,3,20.0,130.30841064453125,0,0,0,0,0,1732.json,Buggy
9,0.6409656405448914,0.30586766896718093,2,3,5,2,5.96,1,2,49.0,106.59980010986328,0,1,0,0,0,12263.json,NotBuggy
2,0.9994611144065857,0.9192023380988866,0,0,0,1,3.77,0,0,11.0,140.82913208007812,1,1,0,0,0,6226.json,NotBuggy
6,0.0,0.005093042200706342,0,0,0,1,1.89,0,2,61.0,112.14771270751953,0,3,1,0,0,1908.json,NotBuggy
3,0.3042653799057007,0.5710555941804267,0,0,0,1,1.89,0,1,26.0,128.8216552734375,0,2,0,0,0,13786.json,NotBuggy
3,0.9151756167411804,0.9349211548214466,0,0,0,1,1.89,0,0,14.0,132.4454345703125,0,1,0,0,0,1780.json,NotBuggy
18,0.10692287981510162,0.9686733269587651,1,1,2,2,2.1,1,15,72.0,93.42950439453125,0,1,0,0,0,14589.json,NotBuggy
20,0.03344346582889557,4.5519994603826E-7,7,8,15,7,3.63,2,8,136.0,86.55146026611328,0,3,2,0,0,8961.json,NotBuggy
3,0.5443600416183472,0.8020697315083155,0,0,0,1,1.89,0,1,19.0,130.57513427734375,0,2,0,0,0,5629.json,NotBuggy
3,0.6301521062850952,0.9113997843457314,0,0,0,1,1.89,0,0,14.0,132.61029052734375,0,0,0,0,0,870.json,NotBuggy
3,0.009999208152294159,0.6395961866792749,0,0,0,1,1.89,0,2,22.0,129.69032287597656,0,0,0,0,0,2515.json,NotBuggy
3,0.8733720183372498,0.9541435725538061,0,0,0,1,1.89,0,0,15.0,132.086669921875,0,1,0,0,0,3023.json,NotBuggy
4,0.039059799164533615,0.5240106916707625,0,0,0,1,3.32,0,0,28.0,123.46312713623047,0,3,0,0,0,9921.json,NotBuggy
2,0.9528247714042664,0.9635320853068154,0,0,0,1,1.89,0,0,9.0,142.4026641845703,1,0,0,0,0,14607.json,NotBuggy
3,0.9253741502761841,0.9330366057363612,0,0,0,1,1.89,0,0,13.0,132.9956512451172,0,0,0,0,0,12889.json,NotBuggy
1,0.9799168705940247,0.8669709979089572,0,0,0,1,0.0,0,0,12.0,151.39474487304688,0,0,0,0,0,12376.json,NotBuggy
3,0.43127238750457764,0.7400474017562507,0,0,0,1,1.89,0,1,18.0,130.7338104248047,0,0,0,0,0,10664.json,NotBuggy
3,0.4300471246242523,0.9082344370895524,0,0,0,1,1.89,0,0,14.0,132.61029052734375,0,0,0,0,0,868.json,NotBuggy
3,0.8850458860397339,0.9420476736548826,0,0,0,1,1.89,0,0,15.0,132.086669921875,0,1,0,0,0,2169.json,NotBuggy
7,0.7667821645736694,0.5865972603511674,1,1,2,2,2.56,1,1,37.0,112.62823486328125,0,1,1,0,0,13034.json,NotBuggy
5,0.09612954407930374,0.1370653393458242,0,0,0,1,1.96,0,3,41.0,117.61241912841797,0,0,1,0,0,11890.json,NotBuggy
3,0.5443600416183472,0.8020697315083155,0,0,0,1,1.89,0,1,19.0,130.57513427734375,0,2,0,0,0,5601.json,NotBuggy
12,0.022298989817500114,7.15513617469584E-4,5,3,8,2,5.25,1,11,87.0,98.55996704101562,0,0,3,0,0,1965.json,NotBuggy
5,8.883975096978247E-4,0.04970547844326484,0,0,0,1,4.38,0,1,47.0,116.62852478027344,0,1,1,0,0,7407.json,NotBuggy
5,0.48398855328559875,0.6968529218678691,1,1,2,2,2.99,1,5,28.0,119.81843566894531,0,0,0,0,0,2754.json,NotBuggy
3,0.001120979548431933,0.4747133090427422,0,0,0,1,1.89,0,1,27.0,128.62539672851562,0,3,0,0,0,4798.json,NotBuggy
3,0.856899619102478,0.9098602347271024,0,0,0,1,1.89,0,1,15.0,132.25152587890625,0,1,0,0,0,1910.json,NotBuggy
4,0.710699737071991,0.6294716417695266,0,0,0,1,2.0,0,3,29.0,123.37702178955078,0,1,1,0,0,7129.json,NotBuggy
12,0.11351622641086578,0.4870343989588589,3,2,5,4,8.08,3,3,52.0,101.11328125,0,1,1,0,0,1122.json,NotBuggy
17,0.024388400837779045,0.0019414600519060156,3,3,6,4,3.29,1,1,98.0,91.97103881835938,0,1,3,0,0,10957.json,NotBuggy
16,0.020703032612800598,4.475611463799556E-4,6,3,9,4,3.66,2,9,98.0,92.66449737548828,1,2,4,0,0,5520.json,NotBuggy
10,0.22626662254333496,0.9533513746345128,0,0,0,1,2.44,1,5,58.0,104.2461166381836,1,0,0,0,0,2590.json,NotBuggy
5,0.5628499388694763,0.2649716960104733,0,0,0,1,1.96,0,0,35.0,118.3609390258789,0,2,1,0,0,12867.json,NotBuggy
8,0.20151396095752716,0.0104156442880663,1,1,2,2,2.4,1,3,60.0,107.2412338256836,0,2,2,0,0,10889.json,NotBuggy
5,0.08505813777446747,0.1433326702285218,0,0,0,1,1.96,0,3,41.0,117.61241912841797,0,0,1,0,0,11927.json,NotBuggy
7,0.43470844626426697,0.3422094963807358,1,1,2,2,2.27,1,7,45.0,111.44750213623047,1,1,0,0,0,5196.json,NotBuggy
4,0.010606830008327961,0.5180366267832893,0,0,0,1,3.32,0,0,26.0,123.94486236572266,0,0,0,0,0,10189.json,NotBuggy
8,6.662045489065349E-4,0.0017118947815410554,0,0,0,1,1.73,0,12,77.0,106.51042175292969,0,0,1,0,0,12041.json,NotBuggy
12,0.06168907508254051,0.27951403387616924,3,3,6,4,3.82,2,3,57.0,100.69294738769531,0,2,0,0,0,5584.json,NotBuggy
9,0.009827692992985249,0.016775701994492492,0,0,0,2,5.03,1,4,63.0,105.1814193725586,0,1,2,0,0,5406.json,NotBuggy
4,0.4070760905742645,0.8154898055125501,0,0,0,1,4.9,0,4,21.0,125.39425659179688,0,0,0,0,0,2715.json,NotBuggy
15,0.18347087502479553,0.13418543207939318,5,4,9,5,4.3,3,5,72.0,95.57615661621094,0,1,1,0,0,11770.json,NotBuggy
3,0.9961140751838684,0.9220380148864593,0,0,0,1,2.0,0,0,12.0,133.59722900390625,1,0,0,0,0,14063.json,NotBuggy
5,0.7981112003326416,0.8700705969017714,1,1,2,2,2.99,0,3,24.0,120.73249816894531,0,1,0,0,0,2509.json,NotBuggy
3,0.7347951531410217,0.7851282864448881,0,0,0,1,1.89,0,0,17.0,131.28770446777344,0,0,0,0,0,791.json,NotBuggy
8,0.15302997827529907,0.012170382430802216,1,1,2,2,2.4,1,3,60.0,107.2412338256836,0,2,2,0,0,10912.json,NotBuggy
14,0.23034906387329102,0.015436495783607698,1,1,2,2,5.14,1,7,76.0,96.8082046508789,0,1,4,0,0,1719.json,NotBuggy
4,0.32119807600975037,0.6614524217161711,0,0,0,1,3.32,0,4,26.0,123.94486236572266,0,1,0,0,0,2463.json,NotBuggy
9,0.13064946234226227,0.01687186736123325,2,3,5,4,1.33,1,3,60.0,104.97512817382812,0,1,0,0,0,10559.json,NotBuggy
3,0.5985085368156433,0.8690401215666377,0,0,0,1,1.89,0,0,17.0,131.28770446777344,0,1,0,0,0,5770.json,NotBuggy
3,0.7736661434173584,0.9161337985193765,0,0,0,1,1.89,0,0,15.0,132.25152587890625,0,0,0,0,0,2153.json,NotBuggy
47,0.0,2.423758436141923E-18,12,15,27,12,2.32,4,31,308.0,66.46744537353516,0,1,14,0,0,10676.json,NotBuggy
12,0.15598420798778534,9.236723927774446E-4,3,3,6,4,2.31,1,9,82.0,98.21602630615234,0,1,3,0,0,2510.json,NotBuggy
3,0.6439787745475769,0.8397293942472018,0,0,0,1,1.89,0,1,17.0,131.43582153320312,0,1,0,0,0,6006.json,NotBuggy
7,0.4218582808971405,0.26801077202702206,1,1,2,2,3.33,1,8,43.0,111.68390655517578,0,0,1,0,0,2566.json,NotBuggy
4,0.6562346816062927,0.8556312323973223,0,0,0,1,2.0,0,2,20.0,125.78216552734375,0,1,0,0,0,1813.json,NotBuggy
4,0.8491224646568298,0.9163987247579469,0,0,0,1,2.0,0,3,18.0,126.4781494140625,0,0,0,0,0,12914.json,NotBuggy
3,0.9083850979804993,0.9599813580938598,0,0,0,1,1.89,0,0,12.0,133.59722900390625,0,0,0,0,0,12366.json,NotBuggy
4,0.9467928409576416,0.8048805098107209,0,0,0,1,1.89,0,2,24.0,124.4649429321289,1,1,0,0,0,5176.json,NotBuggy
4,0.4119948744773865,0.19795791456399087,0,0,0,1,2.0,0,4,34.0,122.12659454345703,0,1,1,0,0,12795.json,NotBuggy
1,0.9830179214477539,0.9532451928712322,0,0,0,1,0.0,0,0,11.0,152.05810546875,0,1,0,0,0,12357.json,NotBuggy
3,0.9547502398490906,0.9726626151248889,0,0,0,1,1.89,0,0,14.0,132.4454345703125,0,0,0,0,0,5755.json,NotBuggy
3,0.248142272233963,0.6127119898389205,0,0,0,1,1.89,0,2,25.0,128.91311645507812,0,1,0,0,0,12776.json,NotBuggy
3,0.3320779800415039,0.5792899919832827,0,0,0,1,1.89,0,1,24.0,129.12539672851562,0,2,0,0,0,13847.json,NotBuggy
13,0.044537145644426346,0.0032375920198836204,1,2,3,3,3.29,1,8,82.0,97.38362884521484,0,1,4,0,0,7962.json,NotBuggy
3,0.6621093153953552,0.9134305150272047,0,0,0,1,1.89,0,0,14.0,132.61029052734375,0,0,0,0,0,871.json,NotBuggy
19,0.9489849209785461,0.2408780839105724,0,0,0,1,1.23,0,14,97.0,90.42460632324219,0,1,3,0,0,14495.json,NotBuggy
3,0.28770193457603455,0.5889507511421127,0,0,0,1,1.89,0,1,26.0,128.8216552734375,0,2,0,0,0,13864.json,NotBuggy
7,0.91649329662323,0.3487203230300398,0,0,0,1,1.81,0,5,42.0,111.76256561279297,0,0,2,0,0,14502.json,NotBuggy
4,0.36165449023246765,0.7463957325545194,0,0,0,1,1.0,0,2,23.0,125.05540466308594,0,1,0,0,0,9110.json,NotBuggy
30,0.0,8.856882705535707E-7,4,9,13,9,5.51,6,12,194.0,77.22330474853516,1,1,7,0,0,13763.json,NotBuggy
11,0.9070044159889221,0.3505693348812333,3,3,6,3,3.34,2,3,61.0,101.6725082397461,1,0,3,0,0,11747.json,Buggy
3,0.9713621735572815,0.9454944487241949,0,0,0,1,2.0,0,0,17.0,131.03103637695312,1,2,0,0,0,2920.json,NotBuggy
3,0.11632872372865677,0.6665200864992098,0,0,0,1,1.89,0,3,23.0,129.34671020507812,0,1,0,0,0,2394.json,NotBuggy
3,0.9547502398490906,0.9726626151248889,0,0,0,1,1.89,0,0,14.0,132.4454345703125,0,0,0,0,0,5769.json,NotBuggy
17,0.013619122095406055,0.0011758458113928856,3,4,7,5,2.47,2,11,100.0,91.54580688476562,0,1,1,0,0,12805.json,NotBuggy
36,0.001610927633009851,6.985315732821581E-8,8,7,15,8,4.85,4,7,189.0,74.90550231933594,0,1,10,0,0,6801.json,Buggy
3,0.6308411955833435,0.7495977762212825,0,0,0,1,1.89,0,1,18.0,130.85629272460938,0,1,0,0,0,6074.json,NotBuggy
3,0.0,0.12643935336166603,0,0,0,1,1.89,0,0,42.0,125.92535400390625,0,6,0,0,0,1904.json,NotBuggy
9,0.4122205376625061,0.5211298903469206,2,1,3,3,3.53,2,3,45.0,106.93548583984375,1,1,2,0,0,1421.json,NotBuggy
3,0.8515322208404541,0.9658291443183479,0,0,0,1,1.89,0,0,11.0,134.26058959960938,0,0,0,0,0,1924.json,NotBuggy
4,0.49913913011550903,0.8664645925827624,0,0,0,1,2.0,0,2,19.0,125.91468811035156,0,0,0,0,0,9304.json,NotBuggy
14,0.008001571521162987,0.017479937249599727,2,2,4,3,3.22,2,5,89.0,95.59562683105469,1,3,3,0,0,6630.json,NotBuggy
3,0.8385846018791199,0.8623420456525843,0,0,0,1,1.89,0,0,14.0,132.4454345703125,1,1,0,0,0,1137.json,NotBuggy
16,0.0016479927580803633,1.3496642719097623E-5,4,2,6,3,2.0,1,8,113.0,92.08341217041016,0,3,7,0,0,1807.json,NotBuggy
7,0.05619243532419205,0.1638778996359426,2,1,3,2,2.56,1,6,50.0,111.15229034423828,0,1,1,0,0,2579.json,NotBuggy
3,0.8818658590316772,0.8656723709436658,0,0,0,1,1.89,0,0,16.0,131.60296630859375,0,1,0,0,0,13389.json,NotBuggy
3,0.9263789057731628,0.6527748852443217,0,0,0,1,0.94,0,0,22.0,129.69032287597656,0,1,0,0,0,10450.json,Buggy
3,0.3337259888648987,0.7917389271404189,0,0,0,1,1.89,0,1,17.0,131.43582153320312,0,0,0,0,0,13101.json,NotBuggy
3,0.6785674095153809,0.9411266722345075,0,0,0,1,1.89,0,1,15.0,132.25152587890625,0,0,0,0,0,7534.json,NotBuggy
14,0.0033858062233775854,0.00409198749323001,0,0,0,2,8.65,1,14,85.0,96.22623443603516,0,0,3,0,0,2625.json,NotBuggy
3,0.8352985978126526,0.8728659597661192,0,0,0,1,1.89,0,0,14.0,132.4454345703125,1,1,0,0,0,1158.json,NotBuggy
3,0.7764849066734314,0.7505102810668386,0,0,0,1,1.89,0,0,17.0,131.28770446777344,0,0,0,0,0,772.json,NotBuggy
3,0.11206921190023422,0.84290907352694,0,0,0,1,1.89,0,0,18.0,130.99049377441406,0,0,0,0,0,14364.json,NotBuggy
13,0.020245229825377464,0.02599743596147553,1,1,2,2,3.72,1,9,70.0,98.57442474365234,0,2,1,0,0,10642.json,NotBuggy
8,0.8494184613227844,0.8119257535601939,1,1,2,2,2.91,1,5,41.0,109.76836395263672,1,1,0,0,0,2030.json,NotBuggy
4,0.39059385657310486,0.5167470991694979,0,0,0,1,2.0,0,2,28.0,123.28931427001953,0,1,0,0,0,5179.json,NotBuggy
3,0.32980749011039734,0.8192314213517841,0,0,0,1,1.89,0,2,20.0,130.44261169433594,0,1,0,0,0,2353.json,NotBuggy
3,0.9713621735572815,0.9454944487241949,0,0,0,1,2.0,0,0,17.0,131.03103637695312,1,2,0,0,0,3025.json,NotBuggy
3,0.8891057372093201,0.9232860932310936,0,0,0,1,1.89,0,0,14.0,132.4454345703125,0,1,0,0,0,1784.json,NotBuggy
3,0.9105402827262878,0.9579242538537098,0,0,0,1,1.89,0,0,12.0,133.59722900390625,0,0,0,0,0,11786.json,NotBuggy
8,0.6445299983024597,0.4558941206603191,2,2,4,3,3.97,2,5,43.0,109.29069519042969,0,0,1,0,0,8802.json,NotBuggy
10,0.07926130294799805,0.006234794002309562,1,1,2,2,3.12,1,8,70.0,102.77687072753906,0,1,3,0,0,14398.json,NotBuggy
6,0.2762228846549988,0.3741549052220173,2,1,3,2,2.56,1,4,38.0,114.61321258544922,1,1,1,0,0,2269.json,NotBuggy
3,0.8726392388343811,0.8631883805295264,0,0,0,1,1.89,0,0,16.0,131.60296630859375,0,1,0,0,0,13495.json,NotBuggy
45,0.0010155192576348782,1.0879060104074853E-9,5,7,12,8,13.88,3,16,216.0,69.96664428710938,1,1,9,0,0,11616.json,Buggy
51,0.0,1.2290241184809737E-24,0,0,0,1,1.85,0,22,399.0,66.48648834228516,0,0,8,0,0,5900.json,NotBuggy
5,0.0877876728773117,0.14599544359290753,0,0,0,1,1.96,0,3,41.0,117.61241912841797,0,0,1,0,0,11980.json,NotBuggy
3,0.9733585715293884,0.9729285263941606,0,0,0,1,1.89,0,0,13.0,132.9956512451172,0,0,0,0,0,14625.json,NotBuggy
15,0.06367611885070801,0.060381223478937235,0,0,0,1,3.77,0,6,73.0,96.22012329101562,0,2,0,0,0,1848.json,NotBuggy
4,0.15448342263698578,0.2944312828126543,0,0,0,1,3.32,0,6,34.0,122.36370849609375,0,1,0,0,0,2561.json,NotBuggy
9,0.1783951371908188,0.015404396041307005,2,2,4,3,0.83,0,6,63.0,105.00589752197266,0,0,2,0,0,6461.json,NotBuggy
19,2.0481609681155533E-4,3.644051257833926E-8,1,1,2,2,5.42,1,21,146.0,88.06835174560547,0,1,3,0,0,12394.json,Buggy
3,0.43664225935935974,0.7605758760484342,0,0,0,1,1.89,0,3,20.0,130.30841064453125,0,0,0,0,0,2567.json,NotBuggy
35,0.004727957770228386,2.4471866008947896E-10,4,4,8,7,4.09,3,16,200.0,74.90560913085938,1,2,7,0,0,4896.json,Buggy
9,0.04211052507162094,0.16135345301275897,0,0,0,2,3.27,1,4,51.0,106.33470153808594,0,2,2,0,0,1447.json,NotBuggy
3,0.038853440433740616,0.9203340875109473,0,0,0,1,1.89,0,0,12.0,133.59722900390625,0,0,0,0,0,5254.json,NotBuggy
2,0.9974014163017273,0.9618238152547811,0,0,0,1,1.89,0,0,11.0,140.82913208007812,1,1,0,0,0,7690.json,NotBuggy
7,0.20086954534053802,0.17676392217386783,0,0,0,1,4.64,0,5,43.0,111.64020538330078,0,1,1,0,0,12886.json,NotBuggy
3,0.652521014213562,0.8448880796460168,0,0,0,1,1.89,0,1,16.0,131.60296630859375,0,0,0,0,0,5253.json,NotBuggy
3,0.5963764786720276,0.9660981269416845,0,0,0,1,1.89,0,1,14.0,132.61029052734375,0,1,0,0,0,14657.json,NotBuggy
5,0.5852171182632446,0.7308243506164795,1,1,2,2,2.99,1,5,28.0,119.81843566894531,0,0,0,0,0,2186.json,NotBuggy
9,0.8102007508277893,0.13540217175581032,1,1,2,3,3.14,1,2,53.0,105.90467834472656,0,1,2,0,0,2280.json,NotBuggy
3,0.9469912052154541,0.9476646583352214,0,0,0,1,1.89,0,0,13.0,132.9956512451172,0,0,0,0,0,8337.json,NotBuggy
6,0.4414041042327881,0.6934291979805279,2,1,3,2,2.75,1,3,30.0,116.4021987915039,0,1,0,0,0,14326.json,NotBuggy
3,0.25200873613357544,0.6808963703964932,0,0,0,1,1.89,0,1,21.0,129.81976318359375,0,0,0,0,0,12502.json,NotBuggy
3,0.9179589152336121,0.9735578574984451,0,0,0,1,1.89,0,0,13.0,132.9956512451172,0,0,0,0,0,8493.json,NotBuggy
3,0.3042653799057007,0.5710555941804267,0,0,0,1,1.89,0,1,26.0,128.8216552734375,0,2,0,0,0,13865.json,NotBuggy
3,0.42563384771347046,0.729237443071631,0,0,0,1,1.89,0,2,21.0,129.93223571777344,0,1,0,0,0,2685.json,NotBuggy
3,0.37306684255599976,0.7192016487779722,0,0,0,1,1.89,0,2,22.0,129.69032287597656,0,1,0,0,0,11516.json,NotBuggy
6,0.0012590097030624747,0.7553276870548579,1,1,2,2,2.75,1,0,31.0,116.231689453125,0,0,0,0,0,1875.json,NotBuggy
8,0.5018817782402039,0.007046223759120272,1,1,2,2,0.87,0,3,59.0,107.23480987548828,0,0,3,0,0,7757.json,Buggy
3,0.9519495368003845,0.9503014439953227,0,0,0,1,1.89,0,0,12.0,133.59722900390625,0,0,0,0,0,8113.json,NotBuggy
15,0.687268853187561,0.12427378125421361,3,3,6,4,2.92,1,5,75.0,95.43742370605469,1,1,3,0,0,12912.json,NotBuggy
5,0.782971203327179,0.58642757855369,0,0,0,1,3.7,0,4,33.0,118.82000732421875,1,0,1,0,0,10386.json,NotBuggy
10,0.07624084502458572,0.06863851976552098,3,2,5,3,3.6,2,7,58.0,103.78611755371094,0,1,2,0,0,2580.json,NotBuggy
3,0.4159446060657501,0.7863337399082924,0,0,0,1,1.89,0,1,19.0,130.45266723632812,0,1,0,0,0,14471.json,NotBuggy
4,0.022039446979761124,0.31367611019575026,0,0,0,1,4.9,0,1,35.0,122.30278015136719,0,1,0,0,0,108.json,NotBuggy
3,0.6978434920310974,0.9317819902047129,0,0,0,1,1.89,0,0,14.0,132.61029052734375,0,0,0,0,0,13996.json,NotBuggy
61,0.0,8.573321789817146E-35,19,18,37,15,2.48,4,42,486.0,58.8835563659668,1,2,20,0,0,5544.json,Buggy
11,0.5617650151252747,0.047235955659646396,3,3,6,3,3.45,2,6,65.0,101.48595428466797,0,0,3,0,0,2440.json,NotBuggy
8,0.8517336249351501,0.5988494745416192,1,1,2,2,2.4,1,6,42.0,109.56880950927734,0,1,1,0,0,14588.json,NotBuggy
86,0.0,7.254559880558017E-26,12,13,25,14,8.4,4,28,459.0,53.85721206665039,1,5,22,0,0,2404.json,NotBuggy
4,0.14386466145515442,0.7175893607089154,0,0,0,1,4.9,0,4,25.0,124.36514282226562,0,0,0,0,0,2270.json,NotBuggy
7,0.08230596035718918,0.07835669398466312,2,2,4,2,3.02,0,3,51.0,110.24954223632812,0,1,1,0,0,9694.json,NotBuggy
3,0.5157606601715088,0.6683308156164539,0,0,0,1,1.89,0,3,21.0,129.81976318359375,0,0,0,0,0,14429.json,NotBuggy
22,0.008073093369603157,5.5290033177363825E-5,4,5,9,8,4.23,3,10,128.0,85.06005096435547,0,1,6,0,0,2190.json,NotBuggy
4,0.5515351295471191,0.7190369478220665,0,0,0,1,2.0,0,5,24.0,124.57742309570312,0,0,0,0,0,2111.json,NotBuggy
6,0.5058528184890747,0.6792599223491246,1,1,2,2,2.75,1,6,31.0,116.231689453125,0,0,0,0,0,2392.json,NotBuggy
3,0.05003015697002411,0.46119600752400614,0,0,0,1,1.89,0,2,27.0,128.4090576171875,0,2,0,0,0,3027.json,NotBuggy
1,0.2631193995475769,0.6570319999558317,0,0,0,1,0.0,0,0,17.0,148.95103454589844,0,2,0,0,0,14370.json,NotBuggy
3,0.519791305065155,0.6257740986488154,0,0,0,1,1.89,0,2,21.0,129.93223571777344,0,1,0,0,0,2022.json,NotBuggy
4,0.12113062292337418,0.91252046293175,0,0,0,1,2.0,0,2,17.0,126.94023132324219,0,0,0,0,0,9641.json,NotBuggy
3,0.7294299602508545,0.8098374392782731,0,0,0,1,1.89,0,1,18.0,130.85629272460938,0,1,0,0,0,6080.json,NotBuggy
4,0.3215971291065216,0.37423621382384825,0,0,0,1,4.9,0,4,31.0,122.84404754638672,0,1,0,0,0,14437.json,NotBuggy
9,0.0036135620903223753,0.07021660744467376,0,0,0,1,2.95,0,10,56.0,106.32466888427734,0,0,1,0,0,12897.json,NotBuggy
3,0.996379017829895,0.969904942116544,0,0,0,1,5.85,0,0,17.0,131.43582153320312,1,3,0,0,0,12377.json,Buggy
4,0.41659048199653625,0.8061261916850228,0,0,0,1,3.32,0,4,21.0,125.39425659179688,0,0,0,0,0,2641.json,NotBuggy
3,0.2411564588546753,0.7725284862854751,0,0,0,1,1.89,0,2,21.0,129.81976318359375,0,0,0,0,0,12770.json,NotBuggy
5,0.04235607013106346,0.5520627095392618,2,1,3,2,2.99,1,3,32.0,118.92383575439453,0,1,0,0,0,14476.json,NotBuggy
3,0.40182948112487793,0.7849209156639153,0,0,0,1,1.89,0,2,18.0,130.99049377441406,0,0,0,0,0,1633.json,NotBuggy
3,0.9929467439651489,0.9174420445246769,0,0,0,1,2.0,0,0,14.0,132.4454345703125,1,1,0,0,0,13759.json,NotBuggy
4,0.9045531153678894,0.46942712236487033,0,0,0,1,0.98,0,1,28.0,123.37332153320312,1,1,1,0,0,7677.json,NotBuggy
2,0.9671555757522583,0.9643120812317925,0,0,0,1,1.89,0,0,14.0,139.1788330078125,1,2,0,0,0,2926.json,NotBuggy
3,0.5484181642532349,0.7183372107313154,0,0,0,1,1.89,0,4,21.0,130.05470275878906,0,0,0,0,0,2664.json,NotBuggy
3,0.9424678683280945,0.9726490289409524,0,0,0,1,1.89,0,0,11.0,134.26058959960938,0,0,0,0,0,2311.json,NotBuggy
2,0.9977360963821411,0.9194162537188186,0,0,0,1,1.89,0,0,14.0,139.0139617919922,1,2,0,0,0,13684.json,NotBuggy
2,0.995938777923584,0.9329386120871856,0,0,0,1,1.89,0,0,14.0,139.1788330078125,1,2,0,0,0,13788.json,NotBuggy
18,0.07811123132705688,0.006743975636150091,6,6,12,3,8.24,2,13,92.0,91.42981719970703,0,0,3,0,0,9841.json,Buggy
3,0.23763428628444672,0.6192438501139982,0,0,0,1,1.89,0,0,24.0,129.12539672851562,0,2,0,0,0,14367.json,NotBuggy
9,0.32395681738853455,0.9649868050261542,0,0,0,1,6.74,0,2,35.0,108.76868438720703,0,0,1,0,0,6173.json,Buggy
1,0.9788541197776794,0.8621093671874409,0,0,0,1,0.0,0,0,11.0,152.05810546875,0,1,0,0,0,10453.json,Buggy
3,3.380747220944613E-4,0.45649600618704195,0,0,0,1,1.89,0,0,26.0,128.70916748046875,0,0,0,0,0,9744.json,NotBuggy
39,0.001140298554673791,4.4702179013333853E-8,6,8,14,11,6.37,5,15,209.0,72.31495666503906,0,1,2,0,0,14628.json,NotBuggy
5,0.001110187848098576,0.002808229620743302,1,1,2,2,2.99,0,3,60.0,114.80743408203125,0,1,1,0,0,9806.json,Buggy
12,0.83934086561203,0.5606999878676563,0,0,0,1,2.83,0,10,65.0,100.53636932373047,0,0,2,0,0,14587.json,NotBuggy
3,0.7098627090454102,0.922220552691443,0,0,0,1,1.89,0,0,14.0,132.61029052734375,0,0,0,0,0,14038.json,NotBuggy
4,0.22663475573062897,0.8489070713656891,0,0,0,1,2.0,0,2,22.0,124.91740417480469,0,1,0,0,0,14702.json,NotBuggy
3,0.7420281767845154,0.9541956908284918,0,0,0,1,1.89,0,0,12.0,133.59722900390625,0,0,0,0,0,2308.json,NotBuggy
3,0.3804055154323578,0.9196214942180151,0,0,0,1,1.89,0,0,14.0,132.61029052734375,0,0,0,0,0,857.json,NotBuggy
12,0.10233962535858154,0.001134121481665055,1,1,2,3,3.2,2,4,82.0,98.5571060180664,0,0,4,0,0,2527.json,NotBuggy
3,0.9932954907417297,0.8988207963373318,0,0,0,1,2.0,0,0,15.0,132.25152587890625,1,0,0,0,0,13140.json,NotBuggy
2,0.9966145753860474,0.9350232839451408,0,0,0,1,1.89,0,0,14.0,139.1788330078125,1,2,0,0,0,13822.json,NotBuggy
3,0.6856098771095276,0.8179506233421266,0,0,0,1,1.89,0,0,14.0,132.4454345703125,0,0,0,0,0,8850.json,NotBuggy
9,0.15730568766593933,0.004058943883907738,0,0,0,1,1.66,0,6,77.0,104.31584167480469,0,1,3,0,0,14674.json,NotBuggy
8,0.37404686212539673,0.5475605229259839,1,1,2,2,2.83,1,2,40.0,109.89676666259766,0,1,1,0,0,2188.json,NotBuggy
3,0.8809400796890259,0.9041864501086179,0,0,0,1,1.89,0,1,15.0,132.25152587890625,0,1,0,0,0,10123.json,NotBuggy
4,0.011074868962168694,0.2570296579056914,2,2,4,2,3.32,0,1,34.0,121.9708480834961,0,3,0,0,0,11783.json,NotBuggy
24,0.1592729389667511,0.010219899239062958,3,2,5,4,5.23,3,3,105.0,85.8520736694336,1,1,4,0,0,2283.json,NotBuggy
3,0.9932041764259338,0.9222922982582401,0,0,0,1,2.0,0,0,14.0,132.4454345703125,1,1,0,0,0,13746.json,NotBuggy
6,0.4966462552547455,0.75096737016177,1,1,2,2,2.75,1,4,30.0,116.4021987915039,0,0,0,0,0,2423.json,NotBuggy
4,0.010613717138767242,0.5586755551229234,0,0,0,1,4.9,0,0,26.0,123.94486236572266,0,0,0,0,0,10208.json,NotBuggy
4,0.04471888765692711,0.3940674481810531,0,0,0,1,3.32,0,4,31.0,122.76004028320312,0,2,0,0,0,14474.json,NotBuggy
8,0.007979114539921284,0.0041427456497581455,1,1,2,2,2.4,1,4,66.0,106.7955093383789,0,1,2,0,0,2807.json,NotBuggy
7,0.18896056711673737,0.46004490155344296,0,0,0,1,4.82,0,3,51.0,110.69306182861328,1,0,1,0,0,8483.json,NotBuggy
4,0.8181936740875244,0.827555180052322,0,0,0,1,4.9,0,0,19.0,125.79222106933594,0,1,0,0,0,1178.json,NotBuggy
26,0.030905261635780334,1.4522411971304103E-4,9,8,17,7,5.59,4,11,132.0,82.56053161621094,1,1,3,0,0,2303.json,NotBuggy
3,0.7185704708099365,0.8162669880213331,0,0,0,1,1.89,0,1,18.0,130.99049377441406,0,1,0,0,0,4084.json,NotBuggy
3,0.9567424654960632,0.9422903632233266,0,0,0,1,3.77,0,0,12.0,133.59722900390625,0,0,0,0,0,2951.json,NotBuggy
3,0.5048497915267944,0.954200598892974,0,0,0,1,1.89,0,0,12.0,133.59722900390625,0,0,0,0,0,10125.json,NotBuggy
3,0.9521888494491577,0.979900017175821,0,0,0,1,1.89,0,0,13.0,132.9956512451172,0,0,0,0,0,5760.json,NotBuggy
9,0.06183619424700737,0.19524692246619982,0,0,0,1,10.8,0,2,49.0,106.82979583740234,0,1,1,0,0,5195.json,NotBuggy
5,0.5696399211883545,0.6983365267214191,1,1,2,2,2.99,1,5,28.0,119.81843566894531,0,0,0,0,0,2487.json,NotBuggy
4,0.017939841374754906,0.28401574140659286,0,0,0,1,2.0,0,0,31.0,122.84404754638672,0,0,1,0,0,10136.json,NotBuggy
4,0.87837153673172,0.7801967442993323,1,1,2,2,2.0,0,0,23.0,124.45625305175781,0,1,0,0,0,11712.json,NotBuggy
3,0.680975079536438,0.7034289242017291,0,0,0,1,1.89,0,2,21.0,129.93223571777344,0,1,0,0,0,2150.json,NotBuggy
3,0.9713621735572815,0.9454944487241949,0,0,0,1,2.0,0,0,17.0,131.03103637695312,1,2,0,0,0,2859.json,NotBuggy
4,0.010520139709115028,0.24293221802038123,2,2,4,2,3.32,0,1,34.0,121.9708480834961,0,3,0,0,0,2525.json,NotBuggy
3,0.7416751384735107,0.7232793981718847,0,0,0,1,1.89,0,3,20.0,130.18594360351562,0,0,0,0,0,14433.json,NotBuggy
7,0.5155459642410278,0.10358524901661006,1,1,2,2,0.87,0,4,46.0,111.05950927734375,1,0,2,0,0,10095.json,NotBuggy
3,0.8597431778907776,0.9564574568419961,0,0,0,1,1.89,0,0,12.0,133.59722900390625,0,0,0,0,0,14445.json,NotBuggy
32,5.928940954618156E-4,2.015596413813701E-16,12,11,23,10,2.74,4,24,252.0,74.3567123413086,0,1,11,0,0,11960.json,NotBuggy
3,0.6926518678665161,0.9192835890917076,0,0,0,1,1.89,0,0,14.0,132.61029052734375,0,0,0,0,0,13992.json,NotBuggy
19,0.06838232278823853,2.7387898977586015E-6,7,5,12,6,2.79,2,9,136.0,87.57978057861328,1,1,6,0,0,7336.json,NotBuggy
14,0.04361104220151901,9.917115000220604E-4,1,2,3,3,3.63,2,9,95.0,95.3342514038086,0,0,4,0,0,14341.json,NotBuggy
4,0.8130853772163391,0.4613697024695672,0,0,0,1,2.0,0,1,27.0,123.56243133544922,0,1,1,0,0,13569.json,NotBuggy
12,0.9299178719520569,0.02620441984639456,1,1,2,3,3.83,2,8,80.0,98.61023712158203,0,0,3,0,0,14486.json,NotBuggy
5,0.07959920912981033,0.6669391086365198,0,0,0,1,4.38,0,3,26.0,120.23355865478516,0,0,0,0,0,2184.json,NotBuggy
31,5.240057944320142E-4,6.154137694173876E-8,6,5,11,8,5.76,5,20,169.0,77.6395034790039,1,1,5,0,0,9700.json,Buggy
3,0.36140313744544983,0.9483307554342039,0,0,0,1,1.89,0,2,18.0,130.85629272460938,0,0,0,0,0,2358.json,NotBuggy
4,0.30377650260925293,0.6295178880400096,0,0,0,1,4.9,0,4,26.0,123.94486236572266,0,1,0,0,0,2599.json,NotBuggy
3,0.9547502398490906,0.9726626151248889,0,0,0,1,1.89,0,0,14.0,132.4454345703125,0,0,0,0,0,5781.json,NotBuggy
19,0.006358180195093155,3.967963134511974E-5,2,5,7,7,3.65,3,5,125.0,88.12360382080078,0,2,2,0,0,7121.json,NotBuggy
4,0.9188197255134583,0.7635347722622046,0,0,0,1,1.96,0,1,23.0,124.6862564086914,1,0,1,0,0,8976.json,NotBuggy
3,0.46234700083732605,0.8243816745129025,0,0,0,1,1.89,0,0,14.0,132.4454345703125,0,0,0,0,0,10597.json,NotBuggy
3,0.3042653799057007,0.5710555941804267,0,0,0,1,1.89,0,1,26.0,128.8216552734375,0,2,0,0,0,13809.json,NotBuggy
7,0.414786696434021,0.010407903583546884,2,2,4,3,0.9,0,2,55.0,109.57904815673828,0,2,2,0,0,12010.json,NotBuggy
3,0.27161240577697754,0.9548872911356279,0,0,0,1,1.89,0,0,12.0,133.59722900390625,0,0,0,0,0,1752.json,NotBuggy
5,0.09612954407930374,0.1370653393458242,0,0,0,1,1.96,0,3,41.0,117.61241912841797,0,0,1,0,0,12175.json,NotBuggy
9,0.13083268702030182,4.7457830336572314E-4,0,0,0,1,1.66,0,7,88.0,103.6214828491211,0,0,4,0,0,12881.json,NotBuggy
3,0.9389117360115051,0.9342877857560336,0,0,0,1,1.89,0,0,13.0,132.9956512451172,0,0,0,0,0,1843.json,NotBuggy
4,0.23369885981082916,0.7568308512670852,0,0,0,1,2.0,0,3,24.0,124.69989776611328,0,1,0,0,0,1833.json,NotBuggy
5,0.3828205466270447,0.4851127768191516,0,0,0,1,1.96,0,4,34.0,118.748779296875,0,0,1,0,0,2545.json,NotBuggy
14,0.07809843122959137,0.003933187721467313,4,3,7,4,5.11,2,10,84.0,95.9179458618164,0,1,3,0,0,5177.json,NotBuggy
3,0.4140686094760895,0.7015022199876461,0,0,0,1,1.89,0,2,21.0,129.93223571777344,0,1,0,0,0,2650.json,NotBuggy
3,0.6490964889526367,0.7911183814478713,0,0,0,1,1.89,0,1,17.0,131.1535186767578,0,0,0,0,0,1897.json,NotBuggy
3,0.027823172509670258,0.55631335874229,0,0,0,1,1.89,0,0,22.0,129.47398376464844,0,2,0,0,0,1533.json,NotBuggy
15,0.22331233322620392,2.2152164889098762E-4,3,2,5,3,3.83,2,8,102.0,93.56353759765625,0,1,5,0,0,14685.json,NotBuggy
7,0.625271737575531,0.8072180797083965,0,0,0,1,4.12,1,2,33.0,113.45317077636719,0,1,0,0,0,12382.json,NotBuggy
5,0.6034719347953796,0.8620281014457638,0,1,1,2,2.99,1,1,23.0,120.8413314819336,0,1,0,0,0,14461.json,NotBuggy
3,0.8570001721382141,0.8140649548382599,0,0,0,1,1.89,0,2,20.0,130.30841064453125,0,1,0,0,0,14464.json,NotBuggy
2,0.871168315410614,0.9204271743877055,0,0,0,1,0.0,0,0,11.0,140.82913208007812,0,1,0,0,0,11503.json,NotBuggy
2,0.999466598033905,0.9541837243008031,0,0,0,1,1.89,0,0,11.0,140.82913208007812,1,1,0,0,0,9905.json,Buggy
5,0.08327803015708923,0.14936909524152575,0,0,0,1,1.96,0,3,41.0,117.61241912841797,0,0,1,0,0,11868.json,NotBuggy
3,0.9790696501731873,0.8743594006516863,0,0,0,1,1.89,0,0,17.0,131.43582153320312,0,1,0,0,0,13204.json,NotBuggy
15,0.02848765440285206,4.871746477754197E-6,2,1,3,2,3.41,1,5,140.0,92.43018341064453,1,1,2,0,0,2475.json,NotBuggy
24,0.10222813487052917,1.0922639886709408E-5,4,5,9,7,3.2,2,12,142.0,83.5527572631836,0,1,3,0,0,7360.json,NotBuggy
30,0.0020428586285561323,2.9791039078849157E-7,8,5,13,8,11.26,7,17,169.0,78.33430480957031,1,2,8,0,0,6703.json,NotBuggy
12,0.057198140770196915,0.8082096789499066,2,2,4,3,5.28,3,2,45.0,102.41150665283203,0,1,0,0,0,13058.json,NotBuggy
4,0.8329402804374695,0.8764500960338654,0,0,0,1,2.0,0,0,19.0,125.91468811035156,0,1,0,0,0,9427.json,NotBuggy
6,0.14476515352725983,0.22572058750633345,0,0,0,1,1.89,0,2,39.0,114.99771881103516,0,0,1,0,0,6264.json,NotBuggy
2,0.9671555757522583,0.9643120812317925,0,0,0,1,1.89,0,0,14.0,139.1788330078125,1,2,0,0,0,2911.json,NotBuggy
3,0.9925311207771301,0.9249204543960843,0,0,0,1,2.0,0,0,14.0,132.4454345703125,1,1,0,0,0,13728.json,NotBuggy
3,0.7308498620986938,0.6606296760030733,0,0,0,1,1.89,0,2,22.0,129.94700622558594,0,1,0,0,0,2318.json,NotBuggy
1,0.9989869594573975,0.7936262356376387,0,0,0,1,0.0,0,0,13.0,150.7931671142578,0,0,0,0,0,6039.json,Buggy
26,0.0,1.3381716390312964E-9,3,3,6,4,4.26,2,19,176.0,81.28820037841797,1,1,5,0,0,7133.json,NotBuggy
3,0.6339371800422668,0.794071257577305,0,0,0,1,1.89,0,2,19.0,130.57513427734375,0,0,0,0,0,12373.json,NotBuggy
9,0.5693643093109131,0.17119839411137772,3,2,5,3,3.77,2,5,54.0,105.86454772949219,0,1,2,0,0,14490.json,NotBuggy
2,0.9784138202667236,0.9670745532895381,0,0,0,1,1.89,0,0,11.0,140.82913208007812,1,1,0,0,0,5061.json,NotBuggy
8,0.007956487126648426,0.0035014399179391807,1,1,2,2,2.4,1,9,65.0,106.77715301513672,0,1,2,0,0,11787.json,NotBuggy
3,0.3334672152996063,0.5961841637097527,0,0,0,1,1.89,0,3,24.0,128.92515563964844,0,1,0,0,0,2361.json,NotBuggy
9,0.10101741552352905,0.34244061763823597,2,2,4,3,2.67,1,2,49.0,106.78224182128906,0,1,0,0,0,11071.json,Buggy
3,0.7702195644378662,0.9078198658205104,0,0,0,1,1.89,0,0,17.0,131.28770446777344,0,1,0,0,0,11520.json,NotBuggy
11,0.031220637261867523,0.042340556040296136,3,2,5,3,3.4,2,7,65.0,101.53804016113281,1,2,1,0,0,5467.json,NotBuggy
25,0.0,8.22682682441116E-18,8,12,20,13,1.9,5,15,265.0,77.67935180664062,0,3,1,0,0,10071.json,NotBuggy
3,0.4159446060657501,0.7808639179599769,0,0,0,1,1.89,0,1,19.0,130.45266723632812,0,1,0,0,0,14473.json,NotBuggy
2,0.9671555757522583,0.9643120812317925,0,0,0,1,1.89,0,0,14.0,139.1788330078125,1,2,0,0,0,2896.json,NotBuggy
3,0.38257214426994324,0.8693293691004057,0,0,0,1,1.89,0,1,17.0,131.28770446777344,0,1,0,0,0,1935.json,NotBuggy
4,0.36525261402130127,0.8613980452145573,0,0,0,1,2.0,0,2,20.0,125.78216552734375,0,0,0,0,0,2248.json,NotBuggy
6,0.33560967445373535,0.43603023731616364,1,1,2,2,3.27,0,3,37.0,114.88836669921875,1,2,0,0,0,12344.json,NotBuggy
5,0.6977035999298096,0.734269293271633,2,2,4,2,2.99,1,2,28.0,119.71456909179688,0,1,0,0,0,11776.json,NotBuggy
10,0.029295578598976135,0.006795897543438388,0,0,0,1,10.46,0,6,68.0,103.15760803222656,0,1,2,0,0,5263.json,Buggy
91,0.0,1.3595960197502572E-21,14,50,64,27,5.46,8,14,429.0,50.59085464477539,0,2,3,0,0,1482.json,Buggy
3,0.9191177487373352,0.9694447724510393,0,0,0,1,1.89,0,0,12.0,133.59722900390625,0,0,0,0,0,2078.json,NotBuggy
16,0.011139708571135998,3.730667185022134E-5,4,4,8,4,5.13,3,14,112.0,91.97013854980469,1,0,5,0,0,1756.json,NotBuggy
12,0.10117602348327637,6.776243703454434E-4,2,2,4,2,3.69,1,5,85.0,98.48918151855469,1,2,4,0,0,1546.json,NotBuggy
6,0.12348419427871704,0.3117084549554382,1,1,2,2,2.75,1,5,39.0,114.61461639404297,0,2,0,0,0,11733.json,Buggy
3,0.8880078196525574,0.9518090300208543,0,0,0,1,1.89,0,0,12.0,133.59722900390625,0,0,0,0,0,14325.json,NotBuggy
8,0.045400429517030716,0.5491338872182827,1,1,2,2,2.83,1,4,42.0,109.72190856933594,0,1,1,0,0,1449.json,NotBuggy
3,0.0931326299905777,0.6299620853860737,0,0,0,1,1.89,0,1,23.0,129.34671020507812,0,2,0,0,0,4090.json,NotBuggy
1,0.986227810382843,0.8763650444189577,0,0,0,1,0.0,0,0,12.0,151.39474487304688,0,0,0,0,0,11569.json,Buggy
3,0.7741793394088745,0.9278189864243954,0,0,0,1,1.89,0,0,14.0,132.61029052734375,0,0,0,0,0,753.json,NotBuggy
11,0.07463254034519196,0.02194150017760659,0,0,0,1,1.54,0,13,75.0,101.3654556274414,0,0,0,0,0,14320.json,NotBuggy
3,0.8882124423980713,0.9578132538738254,0,0,0,1,1.89,0,0,12.0,133.59722900390625,0,0,0,0,0,11768.json,NotBuggy
6,0.3022671043872833,0.03388083665340484,1,1,2,2,0.94,0,5,51.0,112.90323638916016,0,1,2,0,0,9898.json,Buggy
3,0.7578468918800354,0.9579242538537098,0,0,0,1,1.89,0,0,12.0,133.59722900390625,0,0,0,0,0,9468.json,NotBuggy
3,0.36076414585113525,0.9060417487093643,0,0,0,1,1.89,0,0,14.0,132.61029052734375,0,0,0,0,0,853.json,NotBuggy
11,0.08143328130245209,0.13525702476820284,5,4,9,4,6.4,3,7,58.0,101.90055084228516,0,1,1,0,0,2568.json,NotBuggy
4,0.1210624948143959,0.29989318071339344,0,0,0,1,3.32,0,6,34.0,122.36370849609375,0,1,0,0,0,2036.json,NotBuggy
2,0.941982626914978,0.9811893890042136,0,0,0,1,0.0,0,0,9.0,142.4026641845703,0,0,0,0,0,1931.json,NotBuggy
2,0.9671555757522583,0.9643120812317925,0,0,0,1,1.89,0,0,14.0,139.1788330078125,1,2,0,0,0,2881.json,NotBuggy
6,0.7716837525367737,0.9221535694603946,1,1,2,2,2.75,1,1,25.0,117.6890869140625,0,0,0,0,0,14459.json,NotBuggy
3,0.8888946771621704,0.9390294102401723,0,0,0,1,1.89,0,0,14.0,132.4454345703125,0,1,0,0,0,1782.json,NotBuggy
3,0.3042653799057007,0.5710555941804267,0,0,0,1,1.89,0,1,26.0,128.8216552734375,0,2,0,0,0,13846.json,NotBuggy
3,0.12899011373519897,0.5682699819701915,0,0,0,1,1.89,0,0,22.0,129.47398376464844,0,2,0,0,0,1526.json,NotBuggy
5,0.09612954407930374,0.1370653393458242,0,0,0,1,1.96,0,3,41.0,117.61241912841797,0,0,1,0,0,12245.json,NotBuggy
7,0.35950979590415955,0.4655268572732816,1,1,2,2,3.33,1,4,39.0,112.11737823486328,0,0,1,0,0,1746.json,NotBuggy
3,0.9713621735572815,0.9454944487241949,0,0,0,1,2.0,0,0,17.0,131.03103637695312,1,2,0,0,0,2861.json,NotBuggy
2,0.9823943376541138,0.9685190059127262,0,0,0,1,1.89,0,0,9.0,142.4026641845703,1,0,0,0,0,14598.json,NotBuggy
14,0.09836472570896149,5.231871064517519E-4,4,3,7,4,4.05,2,6,98.0,94.82770538330078,0,0,2,0,0,2479.json,NotBuggy
3,0.5443600416183472,0.8020697315083155,0,0,0,1,1.89,0,1,19.0,130.57513427734375,0,2,0,0,0,5619.json,NotBuggy
8,0.548832893371582,0.012846121041919333,1,1,2,2,1.37,0,5,60.0,107.19337463378906,1,2,4,0,0,12002.json,NotBuggy
3,0.0638023242354393,0.6976064917934361,0,0,0,1,1.89,0,1,22.0,129.81280517578125,0,2,0,0,0,4801.json,NotBuggy
3,0.9936100840568542,0.9307142653965772,0,0,0,1,2.0,0,0,14.0,132.4454345703125,1,1,0,0,0,13737.json,NotBuggy
6,0.4747072458267212,0.7449466477199228,1,1,2,2,2.75,1,4,30.0,116.4021987915039,0,0,0,0,0,2108.json,NotBuggy
3,0.9713621735572815,0.9454944487241949,0,0,0,1,2.0,0,0,17.0,131.03103637695312,1,2,0,0,0,2847.json,NotBuggy
4,0.12059192359447479,0.2764766470862253,0,0,0,1,3.32,0,6,34.0,122.36370849609375,0,1,0,0,0,2127.json,NotBuggy
13,0.13672149181365967,3.227820569721415E-4,2,2,4,3,2.31,2,9,91.0,96.75849151611328,0,1,5,0,0,11987.json,NotBuggy
3,0.4020346701145172,0.9314142381103282,0,0,0,1,1.89,0,0,14.0,132.61029052734375,0,0,0,0,0,872.json,NotBuggy
9,0.24287675321102142,0.4806274678348974,1,1,2,2,4.53,1,8,42.0,107.66072082519531,0,0,0,0,0,10117.json,NotBuggy
3,0.7102888226509094,0.8904475462605842,0,0,0,1,3.77,0,1,14.0,132.61029052734375,0,0,0,0,0,12334.json,NotBuggy
6,0.027515709400177002,0.1427501116819001,2,1,3,2,1.89,0,6,46.0,113.55674743652344,0,1,1,0,0,11193.json,NotBuggy
3,0.7462510466575623,0.8476792605782661,0,0,0,1,1.89,0,0,14.0,132.4454345703125,0,0,0,0,0,9399.json,NotBuggy
12,0.07687142491340637,0.33754196988255547,0,0,0,1,1.4,0,17,67.0,100.9548568725586,1,1,0,0,0,2342.json,NotBuggy
8,0.8627161979675293,0.2158272362715769,2,1,3,2,2.4,1,5,53.0,108.0998306274414,0,2,2,0,0,14455.json,NotBuggy
3,0.6931071281433105,0.9072209181175922,0,0,0,1,1.89,0,0,14.0,132.61029052734375,0,0,0,0,0,646.json,NotBuggy
3,0.43127238750457764,0.7400474017562507,0,0,0,1,1.89,0,1,18.0,130.7338104248047,0,0,0,0,0,10583.json,NotBuggy
3,0.7098627090454102,0.922220552691443,0,0,0,1,1.89,0,0,14.0,132.61029052734375,0,0,0,0,0,851.json,NotBuggy
4,0.4887315630912781,0.35386667444707337,0,0,0,1,2.0,0,6,32.0,122.76876068115234,0,1,0,0,0,14618.json,NotBuggy
8,0.8753402829170227,0.4882107797533374,3,2,5,2,2.86,1,8,45.0,109.07357025146484,1,1,0,0,0,2761.json,NotBuggy
13,0.1185610368847847,0.027705804836794152,4,2,6,3,3.72,2,8,72.0,98.2478256225586,0,1,3,0,0,2379.json,NotBuggy
3,0.5410398244857788,0.7941133632661377,0,0,0,1,1.89,0,0,17.0,131.28770446777344,0,0,0,0,0,865.json,NotBuggy
27,0.0017800801433622837,5.1598292486259966E-8,8,5,13,8,12.11,7,17,173.0,79.97137451171875,1,2,8,0,0,6701.json,NotBuggy
1,0.9763991236686707,0.908989401341719,0,0,0,1,0.0,0,0,11.0,152.05810546875,0,1,0,0,0,2176.json,NotBuggy
2,0.9238593578338623,0.9277164357508555,0,0,0,1,0.0,0,0,11.0,140.82913208007812,0,1,0,0,0,2091.json,NotBuggy
3,0.7386007905006409,0.7196856426446026,0,0,0,1,1.89,0,1,19.0,130.57513427734375,0,1,0,0,0,14534.json,NotBuggy
16,0.08797071129083633,0.009056295744201765,3,3,6,3,4.69,2,12,86.0,93.86238098144531,0,1,1,0,0,6131.json,Buggy
1,0.00971459411084652,0.7406596780506651,0,0,0,1,0.0,0,0,13.0,150.7931671142578,0,0,0,0,0,14376.json,NotBuggy
3,0.9925311207771301,0.9202037712361982,0,0,0,1,2.0,0,0,14.0,132.4454345703125,1,1,0,0,0,13747.json,NotBuggy
3,0.6057130098342896,0.8874675949254104,0,0,0,1,1.89,0,0,15.0,131.9385528564453,0,0,0,0,0,10965.json,NotBuggy
16,0.005214879289269447,4.8598454975797397E-4,2,1,3,4,4.87,2,8,100.0,92.63470458984375,0,1,5,0,0,2049.json,NotBuggy
4,0.8608198165893555,0.4125365688491051,0,0,0,1,2.0,0,1,27.0,123.56243133544922,0,1,1,0,0,13567.json,NotBuggy
4,0.4102984666824341,0.7514079986493695,0,0,0,1,1.0,0,2,23.0,125.05540466308594,0,1,0,0,0,8744.json,NotBuggy
3,0.3042653799057007,0.5710555941804267,0,0,0,1,1.89,0,1,26.0,128.8216552734375,0,2,0,0,0,13823.json,NotBuggy
9,0.04026791453361511,0.18766647692699162,0,0,0,1,1.2,0,7,53.0,106.83419036865234,1,1,0,0,0,10656.json,NotBuggy
3,0.0,0.5324703870053672,0,0,0,1,1.89,0,0,26.0,128.8216552734375,0,0,0,0,0,14319.json,NotBuggy
3,0.7222471237182617,0.8071084517055911,0,0,0,1,1.89,0,1,18.0,131.1385955810547,0,1,0,0,0,4800.json,NotBuggy
28,5.447801086120307E-4,2.3213839584211848E-4,3,6,9,6,4.26,2,7,132.0,81.62698364257812,0,3,1,0,0,131.json,NotBuggy
17,0.07988202571868896,0.05565799147223182,1,1,2,3,4.67,1,5,79.0,93.10834503173828,1,0,0,0,0,213.json,NotBuggy
7,0.4758991301059723,0.4432946296028568,1,1,2,2,2.56,1,4,37.0,112.46537017822266,0,0,1,0,0,2729.json,NotBuggy
3,0.6428833603858948,0.7413459645902081,0,0,0,1,1.89,0,0,21.0,129.93223571777344,0,1,0,0,0,14570.json,NotBuggy
7,0.20757852494716644,0.20451945132451163,1,1,2,2,3.02,1,2,47.0,111.07701873779297,0,2,0,0,0,376.json,NotBuggy
15,0.05941181257367134,0.004549957581175718,4,4,8,4,4.69,2,10,86.0,94.50411987304688,1,1,2,0,0,9190.json,NotBuggy
57,0.0,2.3404118857991793E-24,15,16,31,16,6.14,5,45,415.0,60.72333526611328,1,0,21,0,0,9034.json,Buggy
9,0.08837389945983887,0.08755178207846225,1,2,3,3,1.33,0,4,53.0,106.1509780883789,0,1,0,0,0,11302.json,Buggy
10,0.01961534656584263,0.0024034201977201548,1,1,2,2,4.75,1,10,73.0,102.42591094970703,0,2,3,0,0,5608.json,NotBuggy
4,0.013511485420167446,0.5511951950734046,0,0,0,1,4.9,0,3,29.0,123.37702178955078,0,2,0,0,0,5596.json,NotBuggy
5,0.15367542207241058,0.08221364831160755,0,0,0,1,2.99,0,3,42.0,117.15352630615234,0,1,1,0,0,14351.json,NotBuggy
3,0.529254674911499,0.7865602530919348,0,0,0,1,1.89,0,3,20.0,130.30841064453125,0,0,0,0,0,2026.json,NotBuggy
3,0.9539034962654114,0.8785471400557776,0,0,0,1,2.0,0,0,17.0,131.1535186767578,1,2,0,0,0,13751.json,NotBuggy
3,0.5056301355361938,0.9165558338482617,0,0,0,1,1.89,0,0,14.0,132.61029052734375,0,0,0,0,0,848.json,NotBuggy
6,0.2764386832714081,0.19909745561516323,0,0,0,1,0.94,0,1,42.0,114.45925903320312,0,0,3,0,0,10545.json,NotBuggy
3,0.02254120633006096,0.7860455869597605,0,0,0,1,1.89,0,0,19.0,130.70933532714844,0,0,0,0,0,253.json,NotBuggy
16,0.0,0.0010070831574277234,0,0,0,1,1.32,0,11,95.0,93.80482482910156,0,0,1,0,0,5751.json,NotBuggy
11,0.0028029875829815865,0.016069243866400695,1,3,4,4,6.9,1,2,63.0,101.32071685791016,0,0,0,0,0,6400.json,Buggy
3,0.8140095472335815,0.9580603305791988,0,0,0,1,1.89,0,0,12.0,133.59722900390625,0,0,0,0,0,6548.json,NotBuggy
5,0.09199772775173187,0.12371537709121781,0,0,0,1,2.99,0,1,42.0,117.4128646850586,0,1,1,0,0,1195.json,NotBuggy
3,0.3058704137802124,0.7659421292410622,0,0,0,1,1.89,0,1,18.0,130.99049377441406,0,0,0,0,0,9484.json,NotBuggy
5,0.6854161620140076,0.795181345784509,0,0,0,1,3.92,0,2,21.0,121.6568603515625,0,1,0,0,0,8769.json,Buggy
2,0.9671555757522583,0.9643120812317925,0,0,0,1,1.89,0,0,14.0,139.1788330078125,1,2,0,0,0,2946.json,NotBuggy
3,0.3549293577671051,0.93514133120412,0,0,0,1,1.89,0,0,12.0,133.59722900390625,0,0,0,0,0,5775.json,NotBuggy
14,0.020689038559794426,0.0027447761122240694,7,4,11,4,4.75,3,12,88.0,95.7238998413086,0,1,3,0,0,2114.json,NotBuggy
4,0.10800082236528397,0.5066916915724612,0,0,0,1,4.9,0,4,29.0,123.37702178955078,0,1,0,0,0,2626.json,NotBuggy
3,0.7361131310462952,0.8367936099729383,0,0,0,1,1.89,0,1,17.0,131.28770446777344,0,1,0,0,0,6547.json,NotBuggy
49,0.0,1.395094099168478E-23,14,15,29,16,5.66,13,50,403.0,64.07909393310547,1,3,1,0,0,2818.json,NotBuggy
9,0.05960189923644066,0.004283376079713751,1,1,2,2,2.53,1,8,70.0,104.437744140625,1,1,2,0,0,2558.json,NotBuggy
5,0.38661321997642517,0.7697328112636604,0,0,0,2,2.99,1,2,27.0,119.9036865234375,0,1,1,0,0,2553.json,NotBuggy
38,0.0,1.0015765825953859E-20,0,0,0,1,1.17,0,38,350.0,71.83647918701172,1,1,14,0,0,6667.json,NotBuggy
3,0.8391042351722717,0.9372324545684245,0,0,0,1,1.89,0,0,14.0,132.61029052734375,0,0,0,0,0,14001.json,NotBuggy
6,0.7435981631278992,0.7008397343769496,1,1,2,2,1.37,1,1,29.0,116.6823501586914,0,0,0,0,0,7753.json,Buggy
4,0.5280826687812805,0.7019120523005293,0,0,0,1,2.0,0,5,24.0,124.57742309570312,0,0,0,0,0,2384.json,NotBuggy
3,0.37916016578674316,0.9014378025452453,0,0,0,1,1.89,0,1,15.0,132.25152587890625,0,0,0,0,0,3161.json,NotBuggy
3,0.6693407893180847,0.6448641065300198,0,0,0,1,1.89,0,3,23.0,129.34671020507812,0,1,0,0,0,2582.json,NotBuggy
5,3.8938576471991837E-4,0.2676928323022281,0,0,0,1,5.43,0,5,39.0,118.03533935546875,0,2,0,0,0,5431.json,NotBuggy
3,0.43641096353530884,0.7105623740140352,0,0,0,1,1.89,0,2,21.0,129.93223571777344,0,1,0,0,0,2610.json,NotBuggy
3,0.6984239816665649,0.5772998569279286,0,0,0,1,1.89,0,3,23.0,129.2428436279297,0,1,0,0,0,2149.json,NotBuggy
5,0.17130117118358612,0.5417600824368903,0,0,0,1,4.66,0,5,31.0,119.2291259765625,0,1,0,0,0,2637.json,NotBuggy
5,0.7419067621231079,0.7675276802454833,0,0,0,1,1.96,0,2,26.0,120.3299331665039,0,1,1,0,0,656.json,NotBuggy
15,0.03801509737968445,0.02533386905187903,0,0,0,1,4.66,0,13,78.0,95.82965850830078,0,0,0,0,0,8484.json,NotBuggy
3,0.5568011999130249,0.954820797995776,0,0,0,1,1.89,0,0,15.0,132.25152587890625,0,0,0,0,0,2552.json,NotBuggy
5,0.08162755519151688,0.3963921299459817,0,0,0,1,7.76,0,6,34.0,118.748779296875,0,1,0,0,0,2193.json,NotBuggy
4,0.7905839085578918,0.4443683764940761,0,0,0,1,2.0,0,2,27.0,123.65223693847656,0,0,1,0,0,2593.json,NotBuggy
3,0.6490897536277771,0.9150695629407691,0,0,0,1,1.89,0,0,14.0,132.61029052734375,0,0,0,0,0,13958.json,NotBuggy
7,0.21764002740383148,0.37879347826836735,3,2,5,2,4.12,1,3,38.0,112.05299377441406,0,1,0,0,0,10573.json,NotBuggy
19,0.10975010693073273,0.005718004544162105,6,6,12,5,4.07,2,9,97.0,89.94654846191406,0,1,4,0,0,2334.json,NotBuggy
3,0.7301656007766724,0.713132876814782,0,0,0,1,1.89,0,3,20.0,130.18594360351562,0,0,0,0,0,14415.json,NotBuggy
30,1.4575262321159244E-4,1.7362819964155684E-13,3,8,11,9,3.56,8,11,237.0,76.02257537841797,1,1,9,0,0,13900.json,NotBuggy
3,0.9713621735572815,0.9454944487241949,0,0,0,1,2.0,0,0,17.0,131.03103637695312,1,2,0,0,0,3061.json,NotBuggy
47,0.0,6.192913186172243E-16,8,12,20,12,1.34,1,17,281.0,67.12016296386719,0,0,10,0,0,11609.json,NotBuggy
25,0.0,1.1243977896188915E-12,9,8,17,9,2.77,8,18,227.0,79.71749114990234,0,2,2,0,0,12907.json,NotBuggy
4,0.08168619126081467,0.5647660475908035,0,0,0,1,2.0,0,4,29.0,123.48088836669922,0,1,0,0,0,1941.json,Buggy
10,0.08053891360759735,9.984051300006723E-6,0,0,0,1,0.75,0,1,107.0,100.58694458007812,1,1,7,0,0,10508.json,NotBuggy
19,0.016639286652207375,9.183965673128826E-6,5,3,8,4,6.68,3,12,129.0,88.13703918457031,1,4,3,0,0,7917.json,Buggy
5,0.8941388726234436,0.8489669838719296,0,0,0,1,2.75,0,1,23.0,121.07132720947266,1,0,1,0,0,10665.json,NotBuggy
10,0.6534504294395447,0.0062056860031219465,0,0,0,2,2.8,1,8,75.0,102.28536224365234,0,0,5,0,0,1980.json,NotBuggy
5,0.0877876728773117,0.14599544359290753,0,0,0,1,1.96,0,3,41.0,117.61241912841797,0,0,1,0,0,11924.json,NotBuggy
16,0.14485087990760803,1.9453179479137866E-4,4,3,7,4,2.5,4,4,94.0,92.74442291259766,0,1,4,0,0,12213.json,NotBuggy
8,0.05862259119749069,0.28151663119926695,2,2,4,3,1.74,1,4,46.0,108.86575317382812,1,1,0,0,0,10451.json,Buggy
3,0.9179589152336121,0.9735578574984451,0,0,0,1,1.89,0,0,13.0,132.9956512451172,0,0,0,0,0,8489.json,NotBuggy
44,0.0014987816102802753,5.026419311325502E-7,5,9,14,12,4.89,4,16,223.0,69.99264526367188,0,1,3,0,0,14704.json,NotBuggy
3,0.7038106918334961,0.8884189189655075,0,0,0,1,1.89,0,0,17.0,131.28770446777344,0,1,0,0,0,14460.json,NotBuggy
3,0.689475417137146,0.9033615838831852,0,0,0,1,1.89,0,1,17.0,131.43582153320312,0,1,0,0,0,2171.json,NotBuggy
7,0.03704390674829483,0.7185346360167492,1,1,2,2,3.02,1,2,33.0,113.5132064819336,0,0,0,0,0,12894.json,NotBuggy
3,0.8376281261444092,0.8367159900231724,0,0,0,1,1.89,0,2,17.0,131.28770446777344,0,0,0,0,0,14613.json,NotBuggy
3,0.9341458678245544,0.9702165949876502,0,0,0,1,1.89,0,0,12.0,133.59722900390625,0,0,0,0,0,3164.json,NotBuggy
3,0.989759624004364,0.9698005703220702,0,0,0,1,1.89,0,0,15.0,132.25152587890625,0,0,0,0,0,2779.json,NotBuggy
23,5.606525228358805E-4,0.0011623836632155401,5,6,11,7,7.81,5,15,118.0,85.51610565185547,0,0,0,0,0,5130.json,NotBuggy
7,0.5838035345077515,0.821160280331695,1,1,2,2,3.02,1,2,31.0,113.63807678222656,0,1,0,0,0,2694.json,NotBuggy
13,0.17906957864761353,0.004000153265200047,3,2,5,3,3.28,2,9,85.0,97.11317443847656,1,1,3,0,0,1739.json,NotBuggy
3,0.9713621735572815,0.9454944487241949,0,0,0,1,2.0,0,0,17.0,131.03103637695312,1,2,0,0,0,3044.json,NotBuggy
3,0.9506664276123047,0.8974783996280746,0,0,0,1,1.96,0,0,16.0,131.60296630859375,1,1,0,0,0,9278.json,NotBuggy
20,0.005275767296552658,7.736833787290775E-7,2,2,4,3,2.44,2,27,139.0,87.23295593261719,1,1,1,0,0,6619.json,NotBuggy
1,0.9933985471725464,0.7664987203021206,0,0,0,1,0.0,0,0,15.0,149.88418579101562,0,1,0,0,0,9066.json,NotBuggy
24,0.0012943969340994954,5.316181360063434E-10,5,9,14,9,1.28,2,15,176.0,81.56005859375,1,3,3,0,0,11309.json,Buggy
4,0.14818215370178223,0.2989047596615639,0,0,0,1,3.32,0,6,34.0,122.36370849609375,0,1,0,0,0,2243.json,NotBuggy
10,0.38615477085113525,0.10339857439334749,1,1,2,3,3.95,2,6,59.0,103.53359985351562,1,1,1,0,0,2160.json,NotBuggy
23,0.0637090653181076,3.074876020985834E-5,2,2,4,3,5.77,1,9,125.0,85.30750274658203,0,1,5,0,0,7127.json,NotBuggy
3,0.7106696367263794,0.8437295937318788,0,0,0,1,1.89,0,1,18.0,130.99049377441406,0,1,0,0,0,7417.json,NotBuggy
10,0.06939417868852615,0.0079833483731921,1,1,2,2,4.31,1,4,66.0,103.08283996582031,1,1,1,0,0,14204.json,NotBuggy
3,0.871304988861084,0.9586591293103045,0,0,0,1,1.89,0,0,12.0,133.59722900390625,0,0,0,0,0,14563.json,NotBuggy
6,0.630073070526123,0.8588413855032832,1,1,2,2,2.75,1,2,27.0,116.7638931274414,0,0,0,0,0,11933.json,NotBuggy
9,0.523654580116272,0.198320752102386,0,0,0,1,1.66,0,12,57.0,106.166259765625,0,0,0,0,0,10113.json,NotBuggy
3,0.8534099459648132,0.9175536941158298,0,0,0,1,1.89,0,0,15.0,132.086669921875,0,1,0,0,0,8941.json,NotBuggy
3,0.8975899815559387,0.9516480897957766,0,0,0,1,1.89,0,0,12.0,133.59722900390625,0,0,0,0,0,14315.json,NotBuggy
8,0.007218011189252138,0.06031966110465443,1,1,2,2,3.12,1,3,56.0,107.93638610839844,0,2,1,0,0,9462.json,NotBuggy
8,0.7793900370597839,0.1290851585668269,3,2,5,2,2.83,1,3,52.0,108.08734130859375,0,1,1,0,0,14463.json,NotBuggy
3,0.43127238750457764,0.7400474017562507,0,0,0,1,1.89,0,1,18.0,130.7338104248047,0,0,0,0,0,8975.json,NotBuggy
3,0.9713621735572815,0.9454944487241949,0,0,0,1,2.0,0,0,17.0,131.03103637695312,1,2,0,0,0,2832.json,NotBuggy
27,0.00254485453478992,2.8994856450128283E-8,5,4,9,5,6.65,4,24,174.0,80.80416107177734,0,0,12,0,0,2151.json,NotBuggy
3,0.3042653799057007,0.5710555941804267,0,0,0,1,1.89,0,1,26.0,128.8216552734375,0,2,0,0,0,13827.json,NotBuggy
34,5.429721204563975E-4,3.056765400436703E-11,2,1,3,5,3.76,2,13,219.0,75.4430160522461,1,1,8,0,0,8319.json,NotBuggy
3,0.4852662980556488,0.6395667985986676,0,0,0,1,1.89,0,2,21.0,130.05470275878906,0,1,0,0,0,14.json,NotBuggy
2,0.9788638353347778,0.9732255444155843,0,0,0,1,1.89,0,0,9.0,142.4026641845703,1,0,0,0,0,14611.json,NotBuggy
41,0.0,1.3781477084139679E-15,13,17,30,13,3.87,5,12,275.0,69.34550476074219,1,1,11,0,0,11864.json,NotBuggy
8,0.07238694280385971,0.9220863277525071,0,0,0,1,6.63,0,1,36.0,110.60038757324219,0,0,1,0,0,3162.json,NotBuggy
3,0.6333937048912048,0.9842146399663307,0,0,0,1,1.89,0,0,11.0,134.26058959960938,0,0,0,0,0,14523.json,NotBuggy
2,0.9962320923805237,0.9356082906609199,0,0,0,1,1.89,0,0,14.0,139.1788330078125,1,2,0,0,0,13843.json,NotBuggy
3,0.8463910222053528,0.8471984167034047,0,0,0,1,3.77,0,0,18.0,130.99049377441406,0,1,0,0,0,2977.json,NotBuggy
2,0.9933745861053467,0.9467678144840461,0,0,0,1,1.89,0,0,11.0,140.82913208007812,1,1,0,0,0,14602.json,NotBuggy
30,0.0,0.002911915665848084,0,0,0,1,2.76,0,13,124.0,82.14588928222656,0,3,1,0,0,9528.json,NotBuggy
16,0.003514109877869487,9.953970972535525E-5,0,0,0,1,3.61,0,18,107.0,93.01248931884766,0,0,0,0,0,10755.json,NotBuggy
18,0.05001366510987282,1.001552837476182E-6,6,5,11,5,2.33,3,9,127.0,88.94928741455078,0,1,6,0,0,11894.json,NotBuggy
3,0.37911906838417053,0.5579744104697494,0,0,0,1,1.89,0,1,24.0,129.12539672851562,0,2,0,0,0,13850.json,NotBuggy
6,0.15396000444889069,0.21376764981824217,3,2,5,2,4.27,1,9,45.0,113.94474029541016,0,1,0,0,0,2128.json,NotBuggy
28,0.009901146404445171,1.946963699580246E-5,10,9,19,7,5.36,4,14,148.0,80.62828063964844,1,1,4,0,0,11775.json,NotBuggy
10,0.4681240916252136,0.4036509885712068,2,2,4,3,3.6,2,2,48.0,104.83006286621094,0,2,1,0,0,11867.json,NotBuggy
4,0.386390745639801,0.8264107620614338,0,0,0,1,2.0,0,2,22.0,125.15235137939453,0,2,0,0,0,9417.json,NotBuggy
7,0.04397199675440788,0.5197364057218706,0,0,0,1,3.7,0,1,37.0,112.69537353515625,0,0,1,0,0,12361.json,NotBuggy
6,0.042087651789188385,0.8374946670561115,0,0,0,1,11.18,0,1,29.0,116.80848693847656,0,3,0,0,0,4438.json,NotBuggy
5,0.44263195991516113,0.40356630174710556,2,1,3,2,2.99,1,6,36.0,118.2215576171875,0,1,0,0,0,2051.json,NotBuggy
2,0.9763218760490417,0.8605573013205124,0,0,0,1,1.89,0,0,14.0,139.1788330078125,1,2,0,0,0,640.json,NotBuggy
19,5.528199253603816E-4,3.0976962131284283E-7,0,0,0,1,2.25,0,15,140.0,88.42914581298828,1,0,0,0,0,10174.json,NotBuggy
33,7.39708892069757E-4,5.064963349507141E-12,6,8,14,10,5.26,4,16,212.0,74.88517761230469,1,1,12,0,0,11092.json,Buggy
3,0.7474538683891296,0.955114779587956,0,0,0,1,1.89,0,0,12.0,133.59722900390625,0,0,0,0,0,2300.json,NotBuggy
12,0.0023525813594460487,2.0420344010041645E-4,2,2,4,3,1.23,0,14,102.0,97.5028305053711,1,0,1,0,0,6085.json,Buggy
2,0.9528247714042664,0.9683970652704056,0,0,0,1,1.89,0,0,9.0,142.4026641845703,1,0,0,0,0,14609.json,NotBuggy
19,1.7950164328794926E-4,5.728783487657346E-10,0,0,0,1,1.23,0,16,199.0,87.04308319091797,0,1,3,0,0,12891.json,NotBuggy
4,0.1613812893629074,0.29254715899950784,0,0,0,1,3.32,0,6,34.0,122.36370849609375,0,1,0,0,0,2673.json,NotBuggy
23,0.026851460337638855,2.787758200104534E-8,8,7,15,7,2.48,3,10,153.0,83.36088562011719,0,1,8,0,0,11950.json,NotBuggy
7,0.4880218207836151,0.525539124314465,1,1,2,2,3.02,1,2,37.0,112.39112091064453,0,1,1,0,0,2189.json,NotBuggy
4,0.3502340316772461,0.7904513502711314,0,0,0,1,1.0,0,2,23.0,125.05540466308594,0,1,0,0,0,8775.json,NotBuggy
9,0.6607117652893066,0.2699634035786737,2,2,4,3,3.77,2,5,51.0,106.2216567993164,0,0,2,0,0,14541.json,NotBuggy
3,0.7888607978820801,0.751941661812843,0,0,0,1,1.89,0,0,17.0,131.28770446777344,0,0,0,0,0,770.json,NotBuggy
3,0.8380445837974548,0.34372633114900536,0,0,0,1,1.89,0,0,33.0,127.09538269042969,0,2,0,0,0,9502.json,NotBuggy
3,0.8515322208404541,0.9658291443183479,0,0,0,1,1.89,0,0,11.0,134.26058959960938,0,0,0,0,0,10130.json,NotBuggy
3,0.6498743295669556,0.8997104659780318,0,0,0,1,1.89,0,1,17.0,131.43582153320312,0,1,0,0,0,2166.json,NotBuggy
3,0.48689010739326477,0.8544383086676662,0,0,0,1,1.89,0,2,18.0,131.1385955810547,0,1,0,0,0,14662.json,NotBuggy
13,0.043690331280231476,9.342855110726402E-6,4,5,9,6,1.19,1,6,106.0,95.02342987060547,1,3,4,0,0,8067.json,NotBuggy
8,0.43903782963752747,0.11444993990208757,2,2,4,3,1.41,1,4,48.0,108.44499206542969,0,0,2,0,0,9784.json,NotBuggy
3,0.9936977624893188,0.8665377651587565,0,0,0,1,2.0,0,0,17.0,131.28770446777344,1,1,0,0,0,13088.json,NotBuggy
6,0.2779172956943512,0.4725302556324135,0,0,0,1,1.89,0,4,37.0,115.27146911621094,0,0,2,0,0,14360.json,NotBuggy
2,0.9813686609268188,0.97430152888007,0,0,0,1,1.89,0,0,9.0,142.4026641845703,1,0,0,0,0,14428.json,NotBuggy
7,0.6688452959060669,0.19532719944454294,3,2,5,3,1.67,1,3,43.0,111.3095474243164,0,1,1,0,0,9779.json,NotBuggy
7,0.9311647415161133,0.44777923200539643,1,1,2,2,2.56,1,1,38.0,112.11597442626953,0,0,1,0,0,14496.json,NotBuggy
3,0.8696104884147644,0.8662770989340399,0,0,0,1,1.89,0,0,16.0,131.60296630859375,0,1,0,0,0,1095.json,NotBuggy
3,0.7934560179710388,0.9603721791378402,0,0,0,1,1.89,0,0,12.0,133.59722900390625,0,0,0,0,0,3165.json,NotBuggy
5,0.026701856404542923,0.3463653320685176,0,0,0,1,5.43,0,6,37.0,118.39888763427734,0,1,0,0,0,2706.json,NotBuggy
3,0.3601081967353821,0.957303164124816,0,0,0,1,1.89,0,0,12.0,133.59722900390625,0,0,0,0,0,9876.json,NotBuggy
4,0.20715954899787903,0.3646451770791344,0,0,0,1,3.32,0,5,32.0,122.678955078125,0,1,0,0,0,2267.json,NotBuggy
6,0.25068894028663635,0.11006165947912001,1,2,3,3,0.94,0,2,46.0,113.67930603027344,1,1,1,0,0,10445.json,NotBuggy
5,0.2830406129360199,0.28548986123970804,1,1,2,2,2.99,1,4,37.0,117.99507904052734,0,1,1,0,0,14491.json,NotBuggy
3,0.9713621735572815,0.9454944487241949,0,0,0,1,2.0,0,0,17.0,131.03103637695312,1,2,0,0,0,2905.json,NotBuggy
3,0.37306684255599976,0.7192016487779722,0,0,0,1,1.89,0,2,22.0,129.69032287597656,0,1,0,0,0,11514.json,NotBuggy
2,0.9849569797515869,0.8902529366625652,0,0,0,1,1.89,0,0,17.0,137.8562469482422,1,3,0,0,0,13711.json,NotBuggy
2,0.13064274191856384,0.9343929510108294,0,0,0,1,0.0,0,0,9.0,142.4026641845703,0,0,0,0,0,6522.json,NotBuggy
8,0.15050500631332397,0.4899690347056261,2,1,3,2,3.12,1,4,40.0,109.82251739501953,0,2,0,0,0,10107.json,NotBuggy
19,0.31479910016059875,0.028441527560250465,5,4,9,5,2.92,2,9,98.0,89.93917846679688,0,1,3,0,0,14561.json,NotBuggy
3,0.4020346701145172,0.9148732587504319,0,0,0,1,1.89,0,0,14.0,132.61029052734375,0,0,0,0,0,13927.json,NotBuggy
4,0.25864773988723755,0.372184390771566,0,0,0,1,4.9,0,1,33.0,122.3560791015625,0,2,0,0,0,2402.json,NotBuggy
26,0.013923338614404202,0.00313461180654114,2,2,4,3,9.71,3,7,112.0,84.23077392578125,0,4,1,0,0,6181.json,NotBuggy
6,0.06797144562005997,0.020384969547328484,0,0,0,1,1.89,0,8,52.0,112.97779083251953,0,0,3,0,0,9668.json,NotBuggy
20,0.016411475837230682,2.9155669505262225E-5,3,4,7,5,3.82,4,13,123.0,87.27056884765625,1,1,6,0,0,2363.json,NotBuggy
3,0.925119161605835,0.9641130329162321,0,0,0,1,1.89,0,0,12.0,133.59722900390625,0,0,0,0,0,3166.json,NotBuggy
3,0.6395461559295654,0.9050067395816116,0,0,0,1,1.89,0,0,15.0,132.25152587890625,0,0,0,0,0,2109.json,NotBuggy
20,0.6178114414215088,0.8424330364292891,4,3,7,3,3.77,1,3,79.0,90.6429672241211,1,1,2,0,0,5756.json,NotBuggy
6,0.9041087627410889,0.8834795874192571,0,0,0,1,1.73,0,3,28.0,116.89459228515625,1,1,0,0,0,1788.json,NotBuggy
17,0.0,8.440430700900088E-7,6,5,11,5,5.32,4,20,137.0,89.86621856689453,0,0,2,0,0,2682.json,NotBuggy
3,0.8537355065345764,0.9668594981404927,0,0,0,1,1.89,0,0,11.0,134.26058959960938,0,0,0,0,0,2530.json,NotBuggy
3,0.8267435431480408,0.9513468844243465,0,0,0,1,1.89,0,0,15.0,131.9385528564453,0,0,0,0,0,14530.json,NotBuggy
3,0.689475417137146,0.9033615838831852,0,0,0,1,1.89,0,1,17.0,131.43582153320312,0,1,0,0,0,2165.json,NotBuggy
5,0.994135320186615,0.9973936022848398,0,0,0,1,3.24,0,0,19.0,122.4339599609375,1,0,1,0,0,8883.json,NotBuggy
14,0.08792264759540558,3.7245823517031274E-4,0,0,0,1,3.92,1,9,92.0,95.74209594726562,0,0,3,0,0,11189.json,NotBuggy
3,0.920648455619812,0.9783395785018701,0,0,0,1,1.89,0,0,11.0,134.26058959960938,0,0,0,0,0,1919.json,NotBuggy
7,0.6020919680595398,0.500172215289101,0,0,0,2,2.56,1,1,40.0,111.98572540283203,0,1,2,0,0,12787.json,NotBuggy
3,0.9881775379180908,0.9316020936816486,0,0,0,1,2.0,0,0,14.0,132.61029052734375,1,1,0,0,0,13765.json,NotBuggy
6,0.6366201639175415,0.8930410721536808,1,1,2,2,2.75,1,1,26.0,117.25019073486328,0,0,0,0,0,14343.json,NotBuggy
1,0.9675691723823547,0.8976386111543038,0,0,0,1,0.0,0,0,11.0,152.05810546875,0,1,0,0,0,12388.json,NotBuggy
2,0.9173880815505981,0.9278067184214357,0,0,0,1,0.0,0,0,11.0,140.82913208007812,0,1,0,0,0,2090.json,NotBuggy
3,0.33467474579811096,0.8955420776517801,0,0,0,1,1.89,0,0,14.0,132.79563903808594,0,0,0,0,0,14346.json,NotBuggy
8,0.537174642086029,0.1933675730931859,1,1,2,2,2.83,1,3,47.0,108.78446960449219,0,1,2,0,0,1426.json,Buggy
15,0.07573702186346054,0.3146851713243583,3,4,7,5,2.47,1,4,65.0,96.4244155883789,0,1,0,0,0,2406.json,NotBuggy
20,0.0,2.8495621374313964E-6,12,10,22,6,3.85,4,24,144.0,86.83106231689453,0,1,0,0,0,8836.json,NotBuggy
3,0.9713621735572815,0.9454944487241949,0,0,0,1,2.0,0,0,17.0,131.03103637695312,1,2,0,0,0,3049.json,NotBuggy
3,0.9404751062393188,0.9725790209467392,0,0,0,1,1.89,0,0,12.0,133.59722900390625,0,0,0,0,0,1.json,NotBuggy
4,0.7745980620384216,0.5762624513058687,0,0,0,1,2.0,0,3,25.0,124.1488037109375,1,0,1,0,0,9400.json,NotBuggy
5,0.08697041124105453,0.14515586894821603,0,0,0,1,1.96,0,3,41.0,117.61241912841797,0,0,1,0,0,12073.json,NotBuggy
6,0.6011784672737122,0.8147026018913572,1,1,2,2,2.75,1,2,27.0,116.7638931274414,0,0,0,0,0,12735.json,NotBuggy
42,1.1320678459014744E-4,1.1262654272940363E-8,6,7,13,8,4.08,2,32,206.0,71.66897583007812,1,1,5,0,0,2717.json,NotBuggy
3,0.7547787427902222,0.8360899848815502,0,0,0,1,1.89,0,1,17.0,131.28770446777344,0,1,0,0,0,14536.json,NotBuggy
5,0.08813346177339554,0.410114965891723,0,0,0,1,5.99,0,6,34.0,118.748779296875,0,1,0,0,0,2387.json,NotBuggy
5,0.6920242309570312,0.22389663374505572,0,0,0,1,1.96,0,2,33.0,118.66690826416016,0,0,2,0,0,11057.json,Buggy
3,0.606625497341156,0.895652913181719,0,0,0,1,1.89,0,1,15.0,132.25152587890625,0,0,0,0,0,5057.json,NotBuggy
8,0.3476734757423401,0.496000412309169,1,1,2,2,2.83,1,2,39.0,109.69482421875,0,1,1,0,0,8402.json,NotBuggy
2,0.9987528324127197,0.9706566754111304,0,0,0,1,2.99,0,0,9.0,142.4026641845703,1,0,0,0,0,9091.json,NotBuggy
3,0.37022411823272705,0.8111646137191223,0,0,0,1,1.89,0,2,20.0,130.44261169433594,0,1,0,0,0,2352.json,NotBuggy
3,0.9408955574035645,0.965106288670043,0,0,0,1,1.89,0,0,12.0,133.59722900390625,0,0,0,0,0,14556.json,NotBuggy
3,0.4196884036064148,0.9139987277457254,0,0,0,1,1.89,0,2,15.0,132.43687438964844,0,0,0,0,0,2355.json,NotBuggy
3,0.17578178644180298,0.8365478677105578,0,0,0,1,1.89,0,0,19.0,130.57513427734375,0,0,0,0,0,12505.json,NotBuggy
3,0.9228911399841309,0.9660890428386384,0,0,0,1,1.89,0,0,12.0,133.59722900390625,0,0,0,0,0,1992.json,NotBuggy
19,0.0,1.0354731125114764E-7,8,7,15,8,3.23,0,18,151.0,86.67668914794922,0,1,3,0,0,11340.json,NotBuggy
15,0.03467264398932457,2.950054438295136E-5,1,2,3,3,1.71,1,8,116.0,92.89472198486328,1,2,4,0,0,8383.json,NotBuggy
3,0.23874881863594055,0.9210084296970352,0,0,0,1,1.89,0,2,16.0,131.91592407226562,0,0,0,0,0,9855.json,NotBuggy
2,0.9671555757522583,0.9643120812317925,0,0,0,1,1.89,0,0,14.0,139.1788330078125,1,2,0,0,0,2936.json,NotBuggy
3,0.8487780094146729,0.9636554591516048,0,0,0,1,1.89,0,0,14.0,132.4454345703125,0,0,0,0,0,14528.json,NotBuggy
3,0.6555328965187073,0.70416177573989,0,0,0,1,3.77,0,1,20.0,129.9696044921875,0,1,0,0,0,3132.json,NotBuggy
6,0.4600105583667755,0.696102643455221,1,1,2,2,2.75,1,3,31.0,116.13532257080078,0,0,0,0,0,9518.json,NotBuggy
5,0.3531651794910431,0.4375704680637801,0,0,0,1,1.96,0,2,32.0,118.98002624511719,0,0,1,0,0,12757.json,NotBuggy
5,0.4941689968109131,0.6830535850304317,1,1,2,2,2.99,1,5,28.0,119.81843566894531,0,0,0,0,0,2126.json,NotBuggy
30,3.0858672107569873E-4,5.3101821992665805E-18,6,6,12,6,1.72,1,39,321.0,75.56470489501953,1,1,5,0,0,5515.json,Buggy
49,0.0,4.89774905461236E-7,5,5,10,6,8.44,5,25,221.0,69.80851745605469,0,4,0,0,0,1969.json,NotBuggy
3,0.5447646975517273,0.9019754187198283,0,0,0,1,1.89,0,1,15.0,132.25152587890625,0,0,0,0,0,3160.json,NotBuggy
11,0.5219202637672424,0.0029005134140790943,2,1,3,2,2.86,1,6,79.0,100.47114562988281,0,0,4,0,0,14503.json,NotBuggy
3,0.27760976552963257,0.8839169440261427,0,0,0,1,1.89,0,0,14.0,132.61029052734375,0,0,0,0,0,13931.json,NotBuggy
5,0.5107601881027222,0.6998142288924629,1,1,2,2,2.99,1,5,28.0,119.81843566894531,0,0,0,0,0,2320.json,NotBuggy
7,0.7192085981369019,0.7455577809658079,0,0,0,2,2.56,1,1,33.0,113.13916015625,0,1,2,0,0,12772.json,NotBuggy
8,0.551806628704071,0.015932800714109952,1,1,2,2,0.87,0,2,59.0,107.32862854003906,0,2,3,0,0,12206.json,NotBuggy
15,0.007079588249325752,2.3395021537354834E-4,6,4,10,4,5.27,3,12,100.0,93.76087951660156,0,1,3,0,0,2608.json,NotBuggy
12,0.023867256939411163,0.03283844657674977,3,2,5,3,2.36,1,6,75.0,99.06071472167969,1,1,2,0,0,10335.json,Buggy
11,0.5620833039283752,0.42438971537310766,4,3,7,4,3.45,2,1,52.0,102.52286529541016,0,1,1,0,0,12509.json,NotBuggy
6,0.2170182317495346,0.01694017045829533,0,0,0,1,1.89,0,6,53.0,113.05016326904297,0,0,1,0,0,2459.json,NotBuggy
3,0.5174329876899719,0.7165393275310611,0,0,0,1,1.89,0,4,21.0,130.05470275878906,0,0,0,0,0,2666.json,NotBuggy
3,0.4286384880542755,0.7966114372502426,0,0,0,1,1.89,0,0,21.0,130.05470275878906,0,0,0,0,0,12664.json,NotBuggy
3,0.42440325021743774,0.674439677176446,0,0,0,1,1.89,0,3,21.0,129.81976318359375,0,0,0,0,0,14422.json,NotBuggy
3,0.9865143895149231,0.9465495393613418,0,0,0,1,1.89,0,0,16.0,131.60296630859375,0,1,0,0,0,11731.json,Buggy
2,0.9132664799690247,0.9611315547662315,0,0,0,1,0.0,0,0,11.0,140.82913208007812,0,1,0,0,0,12670.json,NotBuggy
2,0.9959123730659485,0.9401033601989623,0,0,0,1,1.89,0,0,13.0,139.56419372558594,1,1,0,0,0,12383.json,NotBuggy
7,0.49693843722343445,0.025860838229793442,0,0,0,1,1.81,0,9,57.0,110.11469268798828,0,1,3,0,0,12287.json,Buggy
3,0.7561595439910889,0.8410720619527539,0,0,0,1,1.89,0,2,18.0,130.99049377441406,0,1,0,0,0,11780.json,NotBuggy
3,0.6110817790031433,0.917813841534461,0,0,0,1,1.89,0,1,15.0,132.25152587890625,0,0,0,0,0,1831.json,NotBuggy
3,0.5295158624649048,0.8843884142561401,0,0,0,1,1.89,0,2,18.0,131.1385955810547,0,0,0,0,0,14661.json,NotBuggy
3,0.9558741450309753,0.8725469684208267,0,0,0,1,2.0,0,0,17.0,131.1535186767578,1,2,0,0,0,13770.json,NotBuggy
3,0.7868282794952393,0.7655031874590033,0,0,0,1,1.89,0,0,17.0,131.28770446777344,0,0,0,0,0,768.json,NotBuggy
18,0.00695656007155776,2.572402999280548E-6,0,0,0,1,2.51,0,23,139.0,89.4922103881836,1,0,1,0,0,9439.json,NotBuggy
3,0.7264745235443115,0.9196674620269045,0,0,0,1,1.89,0,0,14.0,132.4454345703125,0,0,0,0,0,4072.json,NotBuggy
3,0.7906938791275024,0.8761037715966263,0,0,0,1,1.89,0,0,15.0,132.086669921875,0,1,0,0,0,641.json,NotBuggy
1,0.7564714550971985,0.635041707076462,0,0,0,1,0.0,0,1,17.0,149.08523559570312,0,1,0,0,0,9045.json,NotBuggy
2,0.3182552456855774,0.9284342105442462,0,0,0,1,0.0,0,0,11.0,140.82913208007812,0,1,0,0,0,14387.json,NotBuggy
10,2.072731003863737E-4,0.0015265800078152212,1,1,2,2,2.15,1,6,80.0,102.23234558105469,0,0,2,0,0,8746.json,NotBuggy
3,0.8414517641067505,0.8590033187039634,0,0,0,1,1.89,0,0,14.0,132.4454345703125,1,1,0,0,0,1049.json,NotBuggy
3,0.4486326277256012,0.8260662724140936,0,0,0,1,1.89,0,2,18.0,130.99049377441406,0,0,0,0,0,46.json,NotBuggy
8,0.6010785698890686,0.7832491616753846,0,0,0,1,4.47,1,3,37.0,110.53216552734375,0,1,0,0,0,12370.json,NotBuggy
4,0.5967415571212769,0.8483565078526772,0,0,0,1,2.0,0,2,21.0,125.52845764160156,0,1,0,0,0,14344.json,NotBuggy
7,0.21613709628582,0.05942274121824777,1,1,2,2,2.91,1,2,47.0,110.72415924072266,0,2,1,0,0,2826.json,NotBuggy
21,5.560243153013289E-4,5.762640257244068E-7,9,6,15,6,7.67,4,20,143.0,85.69744110107422,0,1,3,0,0,2426.json,NotBuggy
3,0.812934160232544,0.5253747881089735,0,0,0,1,1.89,0,3,25.0,128.8092498779297,0,1,0,0,0,2500.json,NotBuggy
19,0.5333883762359619,0.002158022909055389,3,3,6,4,5.33,3,6,93.0,90.04869842529297,0,0,3,0,0,7138.json,Buggy
11,0.646632730960846,0.5175562037792668,3,3,6,4,3.45,2,4,55.0,102.4111328125,0,1,0,0,0,14466.json,NotBuggy
10,0.34567466378211975,0.288445949781888,2,2,4,3,3.6,1,3,52.0,104.4138412475586,0,0,2,0,0,1820.json,NotBuggy
22,0.0,4.296486511107468E-7,1,1,2,2,5.61,1,8,150.0,85.7520751953125,0,0,0,0,0,1711.json,NotBuggy
13,0.035839445888996124,4.539075924801506E-6,4,4,8,4,2.15,1,9,107.0,95.37213134765625,0,1,5,0,0,12161.json,NotBuggy
18,0.3147750496864319,0.0016590240130696925,3,2,5,3,5.37,3,9,99.0,90.7651596069336,0,1,5,0,0,14488.json,NotBuggy
7,0.15421167016029358,0.6455682945105605,0,0,0,2,3.33,1,3,35.0,112.75433349609375,0,1,1,0,0,1769.json,NotBuggy
4,0.010791660286486149,0.5875529883126639,0,0,0,1,4.9,0,0,26.0,123.94486236572266,0,0,0,0,0,10173.json,NotBuggy
7,0.25812792778015137,0.4194081082673522,1,1,2,2,2.56,1,3,39.0,112.11737823486328,0,0,1,0,0,8534.json,NotBuggy
3,0.7976871132850647,0.9228722593440871,0,0,0,1,1.89,0,0,14.0,132.61029052734375,0,0,0,0,0,867.json,NotBuggy
7,0.24674385786056519,0.7681603536929978,1,1,2,2,3.02,1,1,34.0,113.25411224365234,0,0,0,0,0,6269.json,NotBuggy
8,4.1195371886715293E-4,0.00683268773688752,0,0,0,1,3.12,0,5,65.0,106.96118927001953,1,2,1,0,0,9509.json,NotBuggy
12,0.009406649507582188,5.7351170084181076E-6,1,1,2,2,0.75,0,10,111.0,97.17422485351562,1,4,1,0,0,8630.json,NotBuggy
11,0.25582656264305115,0.1438796633752684,0,0,0,2,2.67,1,2,49.0,103.13540649414062,0,1,1,0,0,10885.json,Buggy
3,0.8442746996879578,0.7969704789825692,0,0,0,1,1.89,0,0,16.0,131.46876525878906,0,1,0,0,0,1957.json,NotBuggy
3,0.9964717626571655,0.932733814429671,0,0,0,1,2.0,0,0,12.0,133.59722900390625,1,0,0,0,0,14057.json,NotBuggy
5,0.09975096583366394,0.13614991018036798,0,0,0,1,1.96,0,3,41.0,117.61241912841797,0,0,1,0,0,12022.json,NotBuggy
3,0.8463910222053528,0.8471984167034047,0,0,0,1,3.77,0,0,18.0,130.99049377441406,0,1,0,0,0,3078.json,NotBuggy
2,0.995335042476654,0.9412392318732595,0,0,0,1,1.89,0,0,11.0,140.82913208007812,1,1,0,0,0,10442.json,NotBuggy
3,0.6631498336791992,0.3959696194555651,0,0,0,1,1.89,0,4,27.0,128.31268310546875,0,1,0,0,0,14619.json,NotBuggy
2,0.9680699706077576,0.900802189022949,0,0,0,1,1.89,0,0,14.0,139.1788330078125,1,2,0,0,0,339.json,NotBuggy
3,0.680350124835968,0.8876122843882932,0,0,0,1,1.89,0,0,15.0,131.9385528564453,0,0,0,0,0,12854.json,Buggy
7,0.7464894652366638,0.8224353338713216,0,0,0,1,0.8,0,5,31.0,113.77827453613281,1,1,1,0,0,9770.json,NotBuggy
3,0.5689810514450073,0.9070571541392981,0,0,0,1,1.89,0,0,14.0,132.61029052734375,0,0,0,0,0,869.json,NotBuggy
3,0.8230171799659729,0.8788713651584127,0,0,0,1,1.89,0,0,13.0,132.9956512451172,0,0,0,0,0,5752.json,NotBuggy
64,0.0,4.60595073502703E-25,0,0,0,1,1.85,0,39,450.0,62.350704193115234,1,0,9,0,0,6231.json,NotBuggy
3,0.8890405893325806,0.9162274459854312,0,0,0,1,1.89,0,0,16.0,131.60296630859375,0,1,0,0,0,11737.json,Buggy
3,0.9521888494491577,0.979900017175821,0,0,0,1,1.89,0,0,13.0,132.9956512451172,0,0,0,0,0,5764.json,NotBuggy
8,0.6517181396484375,0.8886720527943085,1,1,2,2,3.71,1,3,38.0,110.32634735107422,0,0,1,0,0,14576.json,NotBuggy
4,0.010520139709115028,0.24293221802038123,2,2,4,2,3.32,0,1,34.0,121.9708480834961,0,3,0,0,0,11784.json,NotBuggy
2,0.9963241815567017,0.928905274003784,0,0,0,1,1.89,0,0,14.0,139.1788330078125,1,2,0,0,0,13782.json,NotBuggy
20,0.0,1.6552897289834795E-10,0,0,0,1,3.25,0,50,198.0,86.15767669677734,0,0,1,0,0,14348.json,NotBuggy
20,0.00237643183209002,2.2042719616821044E-5,9,6,15,5,5.21,2,12,125.0,87.38571166992188,1,1,2,0,0,1570.json,NotBuggy
7,0.02265273593366146,0.08529588506507009,0,0,0,1,4.12,1,5,50.0,110.98526763916016,0,2,0,0,0,465.json,NotBuggy
5,0.854979395866394,0.8382268971565592,1,1,2,2,2.99,0,0,24.0,120.6200180053711,0,1,0,0,0,2013.json,NotBuggy
3,0.9217721819877625,0.9003490500148317,0,0,0,1,1.89,0,0,15.0,131.9385528564453,0,1,0,0,0,5374.json,NotBuggy
5,0.08902657777070999,0.1425794481400201,0,0,0,1,1.96,0,3,41.0,117.61241912841797,0,0,1,0,0,11973.json,NotBuggy
4,0.858558714389801,0.520482357371674,0,0,0,1,2.0,0,1,28.0,123.37332153320312,0,1,1,0,0,1429.json,Buggy
6,0.43653374910354614,0.7513025386577372,2,1,3,2,2.75,1,2,29.0,116.48211669921875,0,1,0,0,0,14356.json,NotBuggy
8,0.07318666577339172,0.020451436843022718,0,0,0,1,1.73,0,4,64.0,107.4720230102539,0,1,2,0,0,9380.json,NotBuggy
3,0.0963098332285881,0.6625588310200646,0,0,0,1,1.89,0,2,21.0,129.93223571777344,0,1,0,0,0,1881.json,NotBuggy
2,0.9956557750701904,0.9360192900195753,0,0,0,1,1.89,0,0,14.0,139.1788330078125,1,2,0,0,0,13688.json,NotBuggy
3,0.9528117179870605,0.893154718509789,0,0,0,1,1.89,0,0,18.0,130.85629272460938,0,0,0,0,0,12657.json,NotBuggy
3,0.6531275510787964,0.7674390671946764,0,0,0,1,1.89,0,1,18.0,130.85629272460938,0,1,0,0,0,11028.json,NotBuggy
12,0.06843962520360947,3.892514943499067E-4,0,0,0,2,2.56,1,8,91.0,98.1344985961914,0,0,4,0,0,1979.json,NotBuggy
3,0.9767932295799255,0.9659135886290161,0,0,0,1,1.89,0,0,12.0,133.59722900390625,0,0,0,0,0,12739.json,NotBuggy
2,0.8991326689720154,0.9240350922983288,0,0,0,1,0.0,0,0,11.0,140.82913208007812,0,1,0,0,0,12671.json,NotBuggy
7,0.4158594310283661,0.13018356800192665,0,0,0,1,1.66,0,6,51.0,110.81592559814453,1,0,0,0,0,2464.json,NotBuggy
3,0.7702195644378662,0.9078198658205104,0,0,0,1,1.89,0,0,17.0,131.28770446777344,0,1,0,0,0,2414.json,NotBuggy
5,0.18083634972572327,0.8378607756526446,0,0,0,1,7.76,0,3,24.0,120.85002136230469,0,0,0,0,0,14418.json,NotBuggy
7,0.06063396483659744,0.008036475198042542,0,0,0,1,0.9,0,3,66.0,109.35234832763672,0,0,4,0,0,10078.json,NotBuggy
7,0.699102520942688,0.7863012154595116,0,0,0,1,4.12,1,2,31.0,113.77827453613281,0,1,0,0,0,6289.json,NotBuggy
10,0.1249806359410286,0.057252449340951236,4,4,8,4,3.6,2,4,61.0,103.29387664794922,0,0,2,0,0,6420.json,Buggy
8,0.15772220492362976,0.07778577575598121,2,3,5,4,1.21,0,2,57.0,107.38434600830078,1,1,1,0,0,11659.json,NotBuggy
3,0.7632631063461304,0.9645707236740885,0,0,0,1,1.89,0,0,12.0,133.59722900390625,0,0,0,0,0,9483.json,NotBuggy
11,0.2725597620010376,0.1269724021583397,5,4,9,4,4.96,3,7,59.0,101.86613464355469,0,1,1,0,0,11678.json,Buggy
4,0.6297684907913208,0.8829233920623505,0,0,0,1,2.0,0,2,20.0,125.78216552734375,0,1,0,0,0,1812.json,NotBuggy
63,0.0,4.259346969410958E-27,1,1,2,2,2.68,1,39,456.0,61.896728515625,1,0,7,0,0,5683.json,NotBuggy
3,0.6489522457122803,0.860567299961156,0,0,0,1,1.89,0,1,17.0,131.28770446777344,0,1,0,0,0,6545.json,NotBuggy
3,0.9547502398490906,0.9726626151248889,0,0,0,1,1.89,0,0,14.0,132.4454345703125,0,0,0,0,0,5773.json,NotBuggy
3,0.8017847537994385,0.9596222160853248,0,0,0,1,1.89,0,1,14.0,132.79563903808594,0,0,0,0,0,12766.json,NotBuggy
3,0.6978434920310974,0.9167999265219412,0,0,0,1,1.89,0,0,14.0,132.61029052734375,0,0,0,0,0,874.json,NotBuggy
2,0.9799860119819641,0.8746748268653632,0,0,0,1,1.89,0,0,14.0,139.0139617919922,1,2,0,0,0,14634.json,NotBuggy
3,0.4517151415348053,0.8019515233120665,0,0,0,1,1.89,0,0,21.0,130.05470275878906,0,0,0,0,0,12661.json,NotBuggy
3,0.2716066539287567,0.17428679615057732,0,0,0,1,1.89,0,2,32.0,127.102294921875,0,2,0,0,0,12557.json,NotBuggy
3,0.8716435432434082,0.941399636054546,0,0,0,1,1.89,0,0,12.0,133.59722900390625,0,0,0,0,0,6687.json,NotBuggy
3,0.35527873039245605,0.8608998657374013,0,0,0,1,1.89,0,1,20.0,130.18594360351562,0,1,0,0,0,12365.json,Buggy
18,1.371800753986463E-4,2.9920353464314166E-4,3,6,9,7,4.96,4,12,122.0,89.17002868652344,1,1,0,0,0,6824.json,NotBuggy
5,0.2506292164325714,0.477912389866726,1,1,2,2,4.38,0,4,35.0,118.28404235839844,0,1,0,0,0,2432.json,NotBuggy
3,0.9459865093231201,0.9229920434674541,0,0,0,1,1.89,0,0,13.0,132.9956512451172,0,0,0,0,0,14306.json,NotBuggy
2,0.9788638353347778,0.9732255444155843,0,0,0,1,1.89,0,0,9.0,142.4026641845703,1,0,0,0,0,14614.json,NotBuggy
4,0.9312325716018677,0.7597573938690025,0,0,0,1,1.96,0,1,23.0,124.6862564086914,1,0,1,0,0,10557.json,NotBuggy
7,0.43443208932876587,0.3876865279087781,2,1,3,2,2.56,1,7,42.0,111.80625915527344,0,0,1,0,0,2430.json,NotBuggy
30,6.003885646350682E-4,8.33319140142485E-7,1,1,2,5,3.18,1,16,186.0,78.52589416503906,1,0,3,0,0,8270.json,NotBuggy
3,0.9951730370521545,0.9205813140015363,0,0,0,1,2.0,0,0,12.0,133.59722900390625,1,0,0,0,0,14040.json,NotBuggy
6,0.006640725303441286,0.003574477236697052,1,2,3,3,0.94,0,1,60.0,111.62382507324219,0,3,0,0,0,10524.json,Buggy
3,0.7561595439910889,0.8410720619527539,0,0,0,1,1.89,0,2,18.0,130.99049377441406,0,1,0,0,0,11540.json,NotBuggy
3,0.3042653799057007,0.5710555941804267,0,0,0,1,1.89,0,1,26.0,128.8216552734375,0,2,0,0,0,13802.json,NotBuggy
3,0.5689810514450073,0.9070571541392981,0,0,0,1,1.89,0,0,14.0,132.61029052734375,0,0,0,0,0,14059.json,NotBuggy
7,0.4425373077392578,0.3943557082847688,1,1,2,2,2.56,0,2,38.0,112.18234252929688,0,2,1,0,0,9261.json,NotBuggy
6,9.336007642559707E-4,0.3602748609610688,0,0,0,1,5.5,0,5,39.0,115.08172607421875,0,2,0,0,0,5542.json,NotBuggy
5,0.08522156625986099,0.8154833639586964,0,0,0,1,5.43,0,2,26.0,120.43379974365234,0,0,0,0,0,2425.json,NotBuggy
3,0.7286441326141357,0.9347595883747138,0,0,0,1,1.89,0,1,15.0,132.25152587890625,0,0,0,0,0,12777.json,NotBuggy
7,0.02265273593366146,0.08529588506507009,0,0,0,1,4.12,1,5,50.0,110.98526763916016,0,2,0,0,0,467.json,NotBuggy
4,0.7843858599662781,0.770534484987505,0,0,0,1,2.0,0,1,24.0,124.57742309570312,0,1,1,0,0,13282.json,NotBuggy
3,0.9234240651130676,0.9121104014486785,0,0,0,1,1.89,0,0,14.0,132.4454345703125,0,1,0,0,0,12791.json,NotBuggy
3,0.6978434920310974,0.9167999265219412,0,0,0,1,1.89,0,0,14.0,132.61029052734375,0,0,0,0,0,14064.json,NotBuggy
6,0.5813371539115906,0.8401637534261612,1,1,2,2,2.75,1,2,28.0,116.7609634399414,0,0,0,0,0,12726.json,Buggy
11,0.0014347994001582265,3.312824585906644E-5,0,0,0,1,0.77,0,8,102.0,99.41498565673828,0,0,2,0,0,10653.json,NotBuggy
5,0.09081029146909714,0.1429998460838619,0,0,0,1,1.96,0,3,41.0,117.61241912841797,0,0,1,0,0,12065.json,NotBuggy
3,0.9713621735572815,0.9454944487241949,0,0,0,1,2.0,0,0,17.0,131.03103637695312,1,2,0,0,0,2857.json,NotBuggy
4,0.30807673931121826,0.301742452824415,0,0,0,1,2.0,0,1,29.0,123.02798461914062,0,0,1,0,0,14554.json,NotBuggy
5,0.17130117118358612,0.5417600824368903,0,0,0,1,4.66,0,5,31.0,119.2291259765625,0,1,0,0,0,2483.json,NotBuggy
13,0.8943843245506287,0.27037212531089017,4,3,7,4,2.29,1,2,65.0,98.60176849365234,1,2,1,0,0,5876.json,Buggy
7,0.9343820214271545,0.6607445310514157,0,0,0,1,4.64,0,7,40.0,112.6390151977539,0,1,0,0,0,14601.json,NotBuggy
3,0.9518932104110718,0.9561398161317443,0,0,0,1,1.89,0,0,13.0,132.9956512451172,0,0,0,0,0,1781.json,NotBuggy
3,0.9519495368003845,0.9503014439953227,0,0,0,1,1.89,0,0,12.0,133.59722900390625,0,0,0,0,0,8271.json,NotBuggy
3,0.9193170666694641,0.9807962101298348,0,0,0,1,1.89,0,0,11.0,134.26058959960938,0,0,0,0,0,2087.json,NotBuggy
3,0.4255576431751251,0.8277219792918891,0,0,0,1,1.89,0,1,17.0,131.1535186767578,0,0,0,0,0,2117.json,NotBuggy
7,0.22857727110385895,0.12214845276867786,3,2,5,3,2.56,1,3,49.0,110.5009765625,0,0,2,0,0,9250.json,NotBuggy
14,0.2904454171657562,0.5358752418947416,4,3,7,5,4.44,3,2,59.0,97.9756088256836,0,1,1,0,0,2301.json,NotBuggy
4,0.5913197994232178,0.717185740354004,0,0,0,1,2.0,0,5,24.0,124.57742309570312,0,0,0,0,0,2039.json,NotBuggy
14,0.09676468372344971,0.0013990631190446412,2,2,4,4,4.21,2,3,84.0,95.66629028320312,1,1,3,0,0,13758.json,NotBuggy
3,0.9509691596031189,0.9636149406627279,0,0,0,1,1.89,0,0,12.0,133.59722900390625,0,0,0,0,0,12745.json,NotBuggy
10,0.02615601010620594,0.015503483320632233,1,1,2,2,7.59,1,10,65.0,103.1622314453125,0,1,1,0,0,10132.json,NotBuggy
3,0.8821364045143127,0.9265340053471535,0,0,0,1,1.89,0,0,12.0,133.59722900390625,0,0,0,0,0,11759.json,NotBuggy
8,0.020382963120937347,0.004666403565918188,0,0,0,1,0.87,0,5,66.0,107.132080078125,0,0,2,0,0,8737.json,NotBuggy
20,9.520160383544862E-4,1.077441394669901E-4,3,4,7,4,3.41,1,13,114.0,88.37804412841797,0,1,2,0,0,12727.json,Buggy
3,0.8463910222053528,0.8471984167034047,0,0,0,1,3.77,0,0,18.0,130.99049377441406,0,1,0,0,0,2989.json,NotBuggy
3,0.863436758518219,0.8507364713106723,0,0,0,1,1.89,0,1,14.0,132.61029052734375,0,1,0,0,0,2456.json,NotBuggy
13,0.006270429585129023,0.026954186898021548,3,2,5,4,3.48,2,9,77.0,97.7752685546875,1,2,2,0,0,5631.json,Buggy
3,0.8975899815559387,0.9516480897957766,0,0,0,1,1.89,0,0,12.0,133.59722900390625,0,0,0,0,0,12910.json,NotBuggy
22,0.0,2.0203680619629246E-9,0,0,0,1,1.13,0,19,184.0,84.95671081542969,1,0,0,0,0,12085.json,NotBuggy
5,0.07814395427703857,0.13746971273478373,0,0,0,1,1.96,0,3,41.0,117.61241912841797,0,0,1,0,0,12171.json,NotBuggy
3,0.8039149641990662,0.9014264560511078,0,0,0,1,1.89,0,0,13.0,132.9956512451172,0,0,0,0,0,14393.json,NotBuggy
3,0.6531903147697449,0.883876843361683,0,0,0,1,1.89,0,1,17.0,131.43582153320312,0,1,0,0,0,1778.json,NotBuggy
3,0.9289069771766663,0.964685855231187,0,0,0,1,1.89,0,0,12.0,133.59722900390625,0,0,0,0,0,8468.json,NotBuggy
81,0.0,1.6049589962816523E-30,15,15,30,15,4.35,3,67,512.0,54.19378662109375,1,0,15,0,0,5667.json,Buggy
10,0.013835623860359192,0.0039386570767832784,2,4,6,5,1.28,0,5,75.0,101.77596282958984,1,1,1,0,0,6345.json,Buggy
5,0.07901355624198914,0.6296078744829995,0,0,0,1,1.96,0,4,32.0,119.06403350830078,0,1,1,0,0,11184.json,NotBuggy
12,0.5457532405853271,0.43395775816259763,2,4,6,5,3.83,3,2,56.0,100.6148681640625,0,2,0,0,0,9275.json,NotBuggy
3,0.03157796338200569,0.9590281349085691,0,0,0,1,1.89,0,0,13.0,132.9956512451172,0,0,0,0,0,12648.json,NotBuggy
3,0.3334672152996063,0.5961841637097527,0,0,0,1,1.89,0,3,24.0,128.92515563964844,0,1,0,0,0,2368.json,NotBuggy
3,0.6590989232063293,0.7749894655680258,0,0,0,1,1.89,0,2,20.0,130.59072875976562,0,0,0,0,0,2095.json,NotBuggy
2,0.996608555316925,0.9332447955506492,0,0,0,1,1.89,0,0,14.0,139.1788330078125,1,2,0,0,0,13776.json,NotBuggy
7,0.8215522170066833,0.05040350061579731,3,3,6,3,0.77,0,2,56.0,109.4853515625,1,2,2,0,0,11986.json,NotBuggy
10,0.29767945408821106,0.04676809240274225,3,2,5,3,3.45,2,4,59.0,103.3031005859375,1,2,2,0,0,2676.json,NotBuggy
15,0.007079588249325752,2.3395021537354834E-4,6,4,10,4,5.27,3,12,100.0,93.76087951660156,0,1,3,0,0,2486.json,NotBuggy
14,0.5830082893371582,0.004955441397530711,1,1,2,3,3.58,2,7,91.0,95.40725708007812,0,1,1,0,0,14532.json,NotBuggy
4,0.6039159893989563,0.704772328375691,0,0,0,1,2.0,0,5,24.0,124.57742309570312,0,0,0,0,0,2655.json,NotBuggy
4,0.07752180099487305,0.5975626249294703,0,0,0,1,4.9,0,2,26.0,123.8484878540039,0,2,0,0,0,5538.json,NotBuggy
13,0.2821144461631775,0.005740707114292178,3,4,7,4,3.72,2,7,82.0,97.03041076660156,0,0,3,0,0,6418.json,Buggy
3,0.7569527626037598,0.691733628101959,0,0,0,1,1.89,0,0,19.0,130.45266723632812,0,1,0,0,0,591.json,NotBuggy
62,0.0,2.0027530065393152E-15,13,14,27,16,6.65,5,24,312.0,60.922760009765625,1,1,9,0,0,12117.json,Buggy
3,0.777392566204071,0.948161291414691,0,0,0,1,1.89,0,0,12.0,133.59722900390625,0,0,0,0,0,9730.json,NotBuggy
9,0.8039207458496094,0.07776174597258594,4,3,7,3,3.2,2,1,57.0,105.322021484375,1,2,2,0,0,2480.json,NotBuggy
3,0.37548160552978516,0.7198186506234282,0,0,0,1,1.89,0,1,18.0,130.7338104248047,0,0,0,0,0,10582.json,NotBuggy
3,0.8263971209526062,0.9681105011383128,0,0,0,1,1.89,0,0,11.0,134.26058959960938,0,0,0,0,0,10129.json,NotBuggy
3,0.529254674911499,0.7865602530919348,0,0,0,1,1.89,0,3,20.0,130.30841064453125,0,0,0,0,0,2627.json,NotBuggy
5,0.07901355624198914,0.6296078744829995,0,0,0,1,1.96,0,4,32.0,119.06403350830078,0,1,1,0,0,11197.json,NotBuggy
17,0.0,2.0113807922113682E-8,7,13,20,8,1.29,1,11,153.0,88.52119445800781,0,2,1,0,0,7358.json,Buggy
2,0.987206220626831,0.8970465086244297,0,0,0,1,1.89,0,0,17.0,137.8562469482422,1,3,0,0,0,13692.json,NotBuggy
3,0.7787159085273743,0.9842133040420027,0,0,0,1,1.89,0,0,11.0,134.26058959960938,0,0,0,0,0,14519.json,NotBuggy
4,0.0718543529510498,0.3363509549185743,0,0,0,1,4.9,0,5,32.0,122.5949478149414,0,1,0,0,0,2439.json,NotBuggy
4,0.4955352544784546,0.7965517335971376,0,0,0,1,2.0,0,2,21.0,125.39425659179688,0,1,0,0,0,14567.json,NotBuggy
3,0.9208065867424011,0.9044975480331967,0,0,0,1,1.89,0,0,15.0,132.086669921875,0,1,0,0,0,14442.json,NotBuggy
3,0.9713621735572815,0.9454944487241949,0,0,0,1,2.0,0,0,17.0,131.03103637695312,1,2,0,0,0,2875.json,NotBuggy
14,0.08596174418926239,3.827724229249853E-4,0,0,0,1,3.92,1,9,92.0,95.74209594726562,0,0,3,0,0,11185.json,NotBuggy
7,0.8206127285957336,0.02542087190896787,2,2,4,3,0.9,0,1,51.0,110.12152099609375,0,2,2,0,0,11861.json,NotBuggy
8,0.1942615658044815,0.8195241147223097,2,1,3,2,2.83,1,4,35.0,110.75399017333984,0,1,0,0,0,7665.json,NotBuggy
3,0.9964500069618225,0.9314806932338568,0,0,0,1,2.0,0,0,12.0,133.59722900390625,1,0,0,0,0,14053.json,NotBuggy
9,0.012023196555674076,0.06266169140603665,0,0,0,3,2.67,1,7,57.0,105.70626068115234,0,1,2,0,0,7209.json,NotBuggy
3,0.9831041693687439,0.918411863393778,0,0,0,1,2.0,0,0,14.0,132.61029052734375,1,0,0,0,0,14027.json,NotBuggy
3,0.7393535375595093,0.7300621090234363,0,0,0,1,1.89,0,1,19.0,130.57513427734375,0,1,0,0,0,14667.json,NotBuggy
7,0.831047534942627,0.6889766245652353,1,1,2,2,2.56,1,2,33.0,113.13916015625,0,1,1,0,0,9245.json,NotBuggy
18,0.014147648587822914,1.2270287384000076E-8,8,8,16,6,3.96,1,9,143.0,87.86506652832031,0,2,5,0,0,5877.json,Buggy
6,0.6220340132713318,0.32981029513970994,2,1,3,2,4.0,1,2,41.0,114.21808624267578,0,1,1,0,0,9908.json,Buggy
19,0.013036219403147697,1.2785489754433462E-4,2,2,4,3,2.99,1,8,113.0,89.44519805908203,0,2,2,0,0,6332.json,NotBuggy
3,0.6242483854293823,0.8694765195647508,0,0,0,1,1.89,0,2,16.0,131.75106811523438,0,0,0,0,0,14653.json,NotBuggy
1,0.9838840365409851,0.782660737253538,0,0,0,1,0.0,0,0,15.0,149.88418579101562,0,1,0,0,0,9069.json,NotBuggy
3,0.9167738556861877,0.9802830705068304,0,0,0,1,1.89,0,1,14.0,132.61029052734375,0,1,0,0,0,9703.json,NotBuggy
3,0.13533367216587067,0.6444802616118576,0,0,0,1,1.89,0,3,23.0,129.34671020507812,0,1,0,0,0,2037.json,NotBuggy
5,0.4293871819972992,0.5523103579774387,0,0,0,1,1.96,0,5,31.0,119.5191650390625,0,1,0,0,0,9530.json,Buggy
2,0.9813686609268188,0.9695044797934339,0,0,0,1,1.89,0,0,9.0,142.4026641845703,1,0,0,0,0,14599.json,NotBuggy
11,0.04879317805171013,0.006476103115238772,0,0,0,1,0.77,0,7,73.0,101.5060043334961,1,1,3,0,0,10456.json,Buggy
3,0.3061700165271759,0.4260818484778249,0,0,0,1,1.89,0,1,27.0,128.4090576171875,0,2,0,0,0,12142.json,NotBuggy
8,0.02800546959042549,0.031160303754795914,2,1,3,2,2.83,1,7,58.0,107.82027435302734,0,1,1,0,0,10883.json,NotBuggy
3,0.6859625577926636,0.9678828218591261,0,0,0,1,1.89,0,1,15.0,132.25152587890625,0,0,0,0,0,2162.json,NotBuggy
7,0.048520591109991074,0.32065317383463515,0,0,0,1,2.56,0,0,44.0,112.04702758789062,0,4,0,0,0,4070.json,Buggy
3,0.989759624004364,0.9698005703220702,0,0,0,1,1.89,0,0,15.0,132.25152587890625,0,0,0,0,0,2444.json,NotBuggy
9,0.10289327055215836,0.37474227555930706,4,1,5,3,5.03,2,4,46.0,106.75821685791016,0,1,1,0,0,12906.json,NotBuggy
10,0.7033348083496094,0.4153482539143863,2,1,3,2,2.8,1,3,54.0,104.22407531738281,0,2,2,0,0,1900.json,NotBuggy
3,0.9087209701538086,0.9465707124152986,0,0,0,1,1.89,0,1,13.0,133.18099975585938,0,0,0,0,0,5349.json,NotBuggy
10,0.03710895776748657,7.129971335953213E-4,2,3,5,4,6.97,0,0,81.0,101.65565490722656,0,1,1,0,0,12570.json,NotBuggy
4,0.665848970413208,0.7133699612325506,1,1,2,2,2.0,0,1,26.0,123.61848449707031,0,1,0,0,0,8257.json,NotBuggy
8,0.6290310025215149,0.14524111363312053,2,1,3,2,2.67,1,3,50.0,108.40282440185547,1,1,1,0,0,14386.json,NotBuggy
3,0.5293340086936951,0.8731726221398862,0,0,0,1,1.89,0,1,17.0,131.43582153320312,0,1,0,0,0,6004.json,NotBuggy
9,0.0033510634675621986,0.0072460918841360696,2,1,3,2,4.75,1,12,71.0,104.61426544189453,1,1,1,0,0,5573.json,NotBuggy
3,0.8463910222053528,0.8471984167034047,0,0,0,1,3.77,0,0,18.0,130.99049377441406,0,1,0,0,0,3053.json,NotBuggy
1,0.6932722926139832,0.7626408602080578,0,0,0,1,0.0,0,1,15.0,150.04904174804688,0,0,0,0,0,10087.json,NotBuggy
4,0.7624355554580688,0.9061582396663985,0,0,0,1,2.0,0,1,18.0,126.33003997802734,0,1,0,0,0,9595.json,NotBuggy
2,0.9994105696678162,0.9626792973794578,0,0,0,1,1.89,0,0,11.0,140.82913208007812,1,1,0,0,0,2346.json,NotBuggy
13,0.10616578906774521,0.0020970822505303826,0,0,0,1,3.45,0,10,87.0,97.33736419677734,0,1,3,0,0,12893.json,NotBuggy
2,0.9994389414787292,0.9514053062944515,0,0,0,1,1.89,0,0,11.0,140.82913208007812,1,1,0,0,0,8054.json,Buggy
3,0.9285040497779846,0.670846367610548,0,0,0,1,0.94,0,0,22.0,129.69032287597656,0,1,0,0,0,10449.json,NotBuggy
4,0.47071176767349243,0.7708930554096439,0,0,0,1,1.0,0,2,23.0,125.05540466308594,0,1,0,0,0,8756.json,NotBuggy
3,0.23874881863594055,0.9210084296970352,0,0,0,1,1.89,0,2,16.0,131.91592407226562,0,0,0,0,0,9390.json,NotBuggy
4,0.8552262783050537,0.7792334683196469,0,0,0,1,0.98,0,2,23.0,124.7987289428711,1,1,0,0,0,9723.json,NotBuggy
3,0.9521888494491577,0.979900017175821,0,0,0,1,1.89,0,0,13.0,132.9956512451172,0,0,0,0,0,5780.json,NotBuggy
4,0.5720032453536987,0.8458073630357369,0,0,0,1,2.0,0,2,20.0,125.78216552734375,0,1,0,0,0,8731.json,NotBuggy
6,0.46088337898254395,0.6960825479037734,3,2,5,2,3.5,1,4,35.0,115.33042907714844,1,1,0,0,0,2756.json,NotBuggy
3,0.6978434920310974,0.9316947414184812,0,0,0,1,1.89,0,0,14.0,132.61029052734375,0,0,0,0,0,855.json,NotBuggy
7,0.005821881350129843,0.2272295945574438,0,0,0,1,2.56,0,2,43.0,111.76954650878906,0,0,1,0,0,8735.json,NotBuggy
59,0.0,1.3298648351628073E-14,10,12,22,13,7.44,5,24,310.0,62.73131561279297,1,2,7,0,0,5466.json,NotBuggy
23,0.006846214644610882,1.9574636488271505E-5,7,5,12,5,3.84,2,12,131.0,85.01042175292969,1,1,6,0,0,2570.json,NotBuggy
8,0.23186463117599487,0.18461603504854562,1,2,3,3,2.83,2,2,50.0,108.50641632080078,0,1,0,0,0,14272.json,NotBuggy
6,0.21787817776203156,0.08991510248820045,0,0,0,1,2.75,0,6,46.0,113.72686004638672,0,1,2,0,0,10910.json,NotBuggy
4,0.4102984666824341,0.7514079986493695,0,0,0,1,1.0,0,2,23.0,125.05540466308594,0,1,0,0,0,8772.json,NotBuggy
8,0.18823273479938507,0.21196536638123553,1,2,3,2,7.86,1,2,46.0,108.72486877441406,0,1,0,0,0,13103.json,NotBuggy
3,0.9713621735572815,0.9454944487241949,0,0,0,1,2.0,0,0,17.0,131.03103637695312,1,2,0,0,0,3034.json,NotBuggy
9,0.08534615486860275,4.917307377113236E-4,0,0,0,1,1.66,0,11,87.0,103.53719329833984,0,1,4,0,0,9168.json,NotBuggy
3,0.6499848961830139,0.8083238336257066,0,0,0,1,1.89,0,1,17.0,131.1535186767578,0,0,0,0,0,14349.json,NotBuggy
69,0.0,4.949019644138277E-24,9,23,32,16,2.65,2,22,413.0,57.909969329833984,1,10,3,0,0,92.json,NotBuggy
3,0.6742733120918274,0.9073606377024418,0,0,0,1,1.89,0,0,13.0,132.9956512451172,0,0,0,0,0,5556.json,NotBuggy
11,0.19182801246643066,3.9701975674060895E-4,4,4,8,5,1.59,1,4,82.0,99.50668334960938,0,2,3,0,0,12172.json,NotBuggy
2,0.999466598033905,0.9541837243008031,0,0,0,1,1.89,0,0,11.0,140.82913208007812,1,1,0,0,0,10979.json,Buggy
5,0.6134521961212158,0.6090877390731273,0,0,0,1,4.38,0,5,28.0,119.75839233398438,0,1,0,0,0,14416.json,NotBuggy
17,0.8379183411598206,0.38169098737616836,1,1,2,3,4.8,3,5,78.0,93.25523376464844,0,1,1,0,0,14494.json,NotBuggy
3,0.5459625720977783,0.8104962489359181,0,0,0,1,1.89,0,3,19.0,130.70933532714844,0,0,0,0,0,1735.json,Buggy
30,3.303252160549164E-4,7.65025801669945E-15,4,5,9,7,4.6,3,24,250.0,76.30170440673828,1,4,5,0,0,8351.json,NotBuggy
6,0.4678567051887512,0.749512893432324,1,1,2,2,2.75,1,4,30.0,116.4021987915039,0,0,0,0,0,2646.json,NotBuggy
17,0.16433803737163544,2.2071231460750517E-6,5,3,8,4,4.6,3,10,125.0,90.21772766113281,0,0,6,0,0,14505.json,NotBuggy
3,0.5019924640655518,0.8007478524822083,0,0,0,1,1.89,0,1,20.0,130.07347106933594,0,1,0,0,0,3109.json,NotBuggy
4,0.5437378287315369,0.7208950224127942,0,0,0,1,2.0,0,5,24.0,124.57742309570312,0,0,0,0,0,2419.json,NotBuggy
17,0.03263883292675018,0.08225862683884433,2,3,5,4,4.36,2,5,82.0,92.68453216552734,1,3,2,0,0,14399.json,NotBuggy
3,0.7264903783798218,0.9280226334906851,0,0,0,1,1.89,0,0,14.0,132.61029052734375,0,0,0,0,0,13930.json,NotBuggy
8,0.9786261320114136,0.8475913185953216,1,1,2,2,2.83,1,1,39.0,110.02841186523438,0,1,2,0,0,14633.json,NotBuggy
3,0.8693619966506958,0.9546196715248617,0,0,0,1,1.89,0,0,12.0,133.59722900390625,0,0,0,0,0,2767.json,NotBuggy
5,0.4272478520870209,0.7579353559385841,0,0,0,1,1.96,0,1,28.0,120.1609115600586,0,0,1,0,0,2339.json,NotBuggy
5,0.09702372550964355,0.14473600846278015,0,0,0,1,1.96,0,3,41.0,117.61241912841797,0,0,1,0,0,12146.json,NotBuggy
3,0.8887649774551392,0.9345273459939012,0,0,0,1,1.89,0,0,14.0,132.4454345703125,0,1,0,0,0,12662.json,NotBuggy
7,0.9290378093719482,0.6557238331698241,1,1,2,2,3.02,1,3,39.0,112.1916275024414,0,1,1,0,0,14450.json,NotBuggy
3,0.3652898371219635,0.806404953973523,0,0,0,1,1.89,0,1,17.0,131.1535186767578,0,0,0,0,0,6863.json,NotBuggy
20,0.0,2.4346349745463873E-5,8,6,14,6,7.95,4,20,133.0,87.2000732421875,0,2,0,0,0,2435.json,NotBuggy
5,0.0016707157483324409,0.28761843538253135,0,0,0,1,1.96,0,4,39.0,118.03533935546875,0,4,0,0,0,14314.json,NotBuggy
45,0.0,1.1080848402726184E-18,15,18,33,18,15.6,3,32,301.0,65.84104919433594,1,7,8,0,0,11550.json,Buggy
1,0.5280088186264038,0.6968374032804385,0,0,0,1,0.0,0,1,17.0,149.23333740234375,0,1,0,0,0,10084.json,NotBuggy
6,0.3698556423187256,0.23267534527725192,1,1,2,2,3.27,1,4,42.0,114.22925567626953,0,1,2,0,0,14546.json,NotBuggy
2,0.9671555757522583,0.9643120812317925,0,0,0,1,1.89,0,0,14.0,139.1788330078125,1,2,0,0,0,3087.json,NotBuggy
9,0.33148273825645447,0.07673928728449321,5,3,8,2,5.96,1,8,55.0,105.78560638427734,1,1,0,0,0,9629.json,NotBuggy
14,0.017335738986730576,9.10363976003557E-4,3,4,7,4,3.83,1,10,92.0,95.27111053466797,0,2,1,0,0,411.json,Buggy
3,0.5227627158164978,0.9041086775024257,0,0,0,1,1.89,0,1,17.0,131.43582153320312,0,1,0,0,0,5326.json,NotBuggy
3,0.5232059955596924,0.6811258411717813,0,0,0,1,1.89,0,4,21.0,130.05470275878906,0,0,0,0,0,2653.json,NotBuggy
2,0.9671555757522583,0.9643120812317925,0,0,0,1,1.89,0,0,14.0,139.1788330078125,1,2,0,0,0,3035.json,NotBuggy
3,0.8246436715126038,0.9695259485882868,0,0,0,1,1.89,0,0,12.0,133.59722900390625,0,0,0,0,0,2168.json,NotBuggy
3,0.5698320269584656,0.7829552412945888,0,0,0,1,1.89,0,0,17.0,131.28770446777344,0,0,0,0,0,866.json,NotBuggy
3,0.9174214005470276,0.9550970637142686,0,0,0,1,1.89,0,0,12.0,133.59722900390625,0,0,0,0,0,14441.json,NotBuggy
3,0.9063408374786377,0.9680203715709162,0,0,0,1,1.89,0,0,12.0,133.59722900390625,0,0,0,0,0,2424.json,NotBuggy
3,0.8390551209449768,0.9419945472894379,0,0,0,1,1.89,0,0,14.0,132.4454345703125,0,0,0,0,0,2415.json,NotBuggy
3,0.266380250453949,0.8478126375670191,0,0,0,1,1.89,0,0,17.0,131.28770446777344,0,1,0,0,0,5778.json,NotBuggy
3,0.8354978561401367,0.811690253606241,0,0,0,1,1.89,0,1,16.0,131.60296630859375,0,1,0,0,0,6284.json,NotBuggy
3,0.03390636295080185,0.970463260956779,0,0,0,1,1.89,0,0,13.0,132.9956512451172,0,0,0,0,0,6280.json,NotBuggy
5,0.04353247955441475,0.1702035677054077,0,0,0,1,5.43,0,6,42.0,117.56597137451172,0,1,0,0,0,2546.json,NotBuggy
3,0.963309645652771,0.9198499329498526,0,0,0,1,1.89,0,0,14.0,132.4454345703125,0,0,0,0,0,2010.json,NotBuggy
15,0.02848765440285206,4.871746477754197E-6,2,1,3,2,3.41,1,5,140.0,92.43018341064453,1,1,2,0,0,2474.json,NotBuggy
7,0.23878739774227142,0.4144845664647402,1,1,2,2,3.02,1,3,39.0,112.1916275024414,0,0,0,0,0,6260.json,NotBuggy
3,0.9386860132217407,0.810044823408557,0,0,0,1,0.94,0,0,17.0,131.43582153320312,1,1,0,0,0,10448.json,NotBuggy
3,0.9408955574035645,0.965106288670043,0,0,0,1,1.89,0,0,12.0,133.59722900390625,0,0,0,0,0,3101.json,NotBuggy
5,0.35604920983314514,0.7439931228044777,0,0,0,2,2.99,1,2,28.0,119.71456909179688,0,0,1,0,0,10580.json,NotBuggy
5,0.09883440285921097,0.13469267047641784,0,0,0,1,1.96,0,3,41.0,117.61241912841797,0,0,1,0,0,11938.json,NotBuggy
3,0.6518069505691528,0.872893685650844,0,0,0,1,1.89,0,1,17.0,131.28770446777344,0,0,0,0,0,12779.json,NotBuggy
3,0.9408339858055115,0.9159731095882556,0,0,0,1,1.89,0,0,14.0,132.4454345703125,0,1,0,0,0,1120.json,NotBuggy
24,0.0,5.976361392939367E-5,0,0,0,1,5.96,0,4,132.0,85.35209655761719,0,6,0,0,0,9510.json,NotBuggy
3,0.8629952073097229,0.8287113295897793,0,0,0,1,1.89,0,0,18.0,130.621337890625,0,0,0,0,0,9436.json,NotBuggy
3,0.4255576431751251,0.8277219792918891,0,0,0,1,1.89,0,1,17.0,131.1535186767578,0,0,0,0,0,2047.json,NotBuggy
7,0.1613650768995285,0.3549485974945269,2,1,3,2,2.56,1,5,41.0,112.01042175292969,0,0,1,0,0,11648.json,NotBuggy
13,0.08486387133598328,0.5292634039828223,1,1,2,2,3.83,1,8,64.0,99.3138198852539,1,1,0,0,0,2163.json,NotBuggy
7,0.16664034128189087,0.20125765179657928,1,1,2,2,2.56,1,3,45.0,111.1139144897461,0,2,1,0,0,1950.json,NotBuggy
3,0.6472547054290771,0.9057866329922073,0,0,0,1,1.89,0,1,15.0,132.25152587890625,0,0,0,0,0,11596.json,Buggy
5,0.09963425993919373,0.13813148966890795,0,0,0,1,1.96,0,3,41.0,117.61241912841797,0,0,1,0,0,11896.json,NotBuggy
3,0.666955292224884,0.829343957160523,0,0,0,1,1.89,0,1,17.0,131.1535186767578,0,0,0,0,0,14497.json,NotBuggy
3,0.7958626747131348,0.7304142605198242,0,0,0,1,1.89,0,0,17.0,131.28770446777344,0,0,0,0,0,756.json,NotBuggy
3,0.05585743859410286,0.7030598963786555,0,0,0,1,1.89,0,1,22.0,129.81280517578125,0,2,0,0,0,4252.json,NotBuggy
13,4.12806955864653E-4,2.489859358063862E-6,4,4,8,5,3.69,3,13,119.0,94.82564544677734,0,1,2,0,0,2619.json,NotBuggy
7,0.750941276550293,0.8714168375652214,1,1,2,2,3.02,1,0,29.0,113.98487091064453,0,1,0,0,0,12738.json,NotBuggy
3,0.6858825087547302,0.8563566022512558,0,0,0,1,1.89,0,1,17.0,131.28770446777344,0,1,0,0,0,3110.json,NotBuggy
3,0.7942085862159729,0.7317249253790657,0,0,0,1,1.89,0,2,19.0,130.45266723632812,0,1,0,0,0,2328.json,NotBuggy
4,0.6903432011604309,0.7187999652028739,0,0,0,1,2.0,0,4,23.0,124.6862564086914,0,0,0,0,0,14432.json,NotBuggy
3,0.7414214611053467,0.9471582207788012,0,0,0,1,1.89,0,0,12.0,133.59722900390625,0,0,0,0,0,6681.json,Buggy
4,0.5515351295471191,0.7190369478220665,0,0,0,1,2.0,0,5,24.0,124.57742309570312,0,0,0,0,0,1999.json,NotBuggy
3,0.7942085862159729,0.7317249253790657,0,0,0,1,1.89,0,2,19.0,130.45266723632812,0,1,0,0,0,2659.json,NotBuggy
5,0.0877876728773117,0.14599544359290753,0,0,0,1,1.96,0,3,41.0,117.61241912841797,0,0,1,0,0,11914.json,NotBuggy
9,0.3518274426460266,0.032726022874495726,1,1,2,2,1.47,1,3,56.0,105.69190979003906,0,1,2,0,0,8457.json,NotBuggy
3,0.3042653799057007,0.5710555941804267,0,0,0,1,1.89,0,1,26.0,128.8216552734375,0,2,0,0,0,13685.json,NotBuggy
3,0.031370457261800766,0.610385302143678,0,0,0,1,1.89,0,1,23.0,129.34671020507812,0,2,0,0,0,5732.json,NotBuggy
3,0.7764756083488464,0.9643104792726068,0,0,0,1,1.89,0,0,11.0,134.26058959960938,0,0,0,0,0,1925.json,NotBuggy
3,0.8044191598892212,0.9370263572637361,0,0,0,1,1.89,0,0,15.0,131.9385528564453,0,0,0,0,0,12640.json,NotBuggy
3,0.8535268902778625,0.9051255596888725,0,0,0,1,1.89,0,0,15.0,132.086669921875,0,1,0,0,0,9419.json,NotBuggy
9,0.17935433983802795,0.01824908579983773,0,0,0,1,1.6,0,6,66.0,105.22399139404297,1,0,0,0,0,10137.json,NotBuggy
34,3.3397646620869637E-4,4.451012555583744E-7,11,11,22,12,3.27,2,24,190.0,75.45935821533203,0,1,0,0,0,5482.json,NotBuggy
3,0.8803079128265381,0.9038252104411543,0,0,0,1,1.89,0,0,14.0,132.4454345703125,0,1,0,0,0,1100.json,NotBuggy
12,0.27770140767097473,0.2764875667601096,4,2,6,4,6.29,3,7,58.0,100.60250854492188,1,1,1,0,0,9971.json,NotBuggy
3,0.5591287612915039,0.9054080139158627,0,0,0,1,1.89,0,1,17.0,131.43582153320312,0,1,0,0,0,5323.json,NotBuggy
3,0.7381100654602051,0.9074711979408752,0,0,0,1,1.89,0,0,15.0,131.9385528564453,0,0,0,0,0,8241.json,NotBuggy
12,0.7867449522018433,0.920772114832938,8,5,13,3,5.39,2,9,61.0,100.35674285888672,1,1,1,0,0,10988.json,Buggy
3,0.8956085443496704,0.9624306946070423,0,0,0,1,1.89,0,0,13.0,132.9956512451172,0,0,0,0,0,9148.json,NotBuggy
3,0.028044700622558594,0.6477624888014898,0,0,0,1,1.89,0,1,23.0,129.4591827392578,0,2,0,0,0,5730.json,NotBuggy
5,0.240853413939476,0.667387105203731,0,0,0,1,0.98,0,3,27.0,120.47249603271484,0,0,0,0,0,7829.json,Buggy
3,0.20659607648849487,0.6425815767899363,0,0,0,1,1.89,0,1,22.0,129.57785034179688,0,0,0,0,0,6609.json,NotBuggy
4,0.8149681687355042,0.9539256079455175,0,0,0,1,2.0,0,2,16.0,127.25547790527344,0,0,0,0,0,12367.json,NotBuggy
3,0.06427353620529175,0.6453051210394962,0,0,0,1,1.89,0,1,22.0,129.69032287597656,0,2,0,0,0,3781.json,NotBuggy
3,0.05634265020489693,0.5471601287444898,0,0,0,1,1.89,0,0,22.0,129.57785034179688,0,0,0,0,0,13123.json,NotBuggy
38,8.359636995010078E-4,1.3253715876920624E-7,3,3,6,4,5.71,1,15,183.0,74.91432189941406,0,0,5,0,0,9503.json,Buggy
3,0.7643683552742004,0.9491540219566369,0,0,0,1,1.89,0,0,12.0,133.59722900390625,0,0,0,0,0,9688.json,NotBuggy
3,0.8760315179824829,0.9726296503924994,0,0,0,1,1.89,0,0,12.0,133.59722900390625,0,0,0,0,0,14582.json,NotBuggy
22,1.2643933587241918E-4,9.406192862607309E-8,6,5,11,6,3.34,4,11,160.0,84.35970306396484,0,2,2,0,0,10479.json,Buggy
3,0.9960435628890991,0.9187499380142183,0,0,0,1,2.0,0,0,17.0,131.43582153320312,1,1,0,0,0,14259.json,NotBuggy
3,0.5697791576385498,0.9303559688769434,0,0,0,1,1.89,0,0,12.0,133.59722900390625,0,0,0,0,0,2011.json,NotBuggy
3,0.9945436716079712,0.9179899152954452,0,0,0,1,2.0,0,0,14.0,132.4454345703125,1,1,0,0,0,13768.json,NotBuggy
3,0.933975338935852,0.8835024290912089,0,0,0,1,2.0,0,0,17.0,131.28770446777344,1,2,0,0,0,13757.json,NotBuggy
8,0.044045958667993546,0.019319565612514102,0,0,0,1,1.66,0,6,62.0,107.57413482666016,1,0,0,0,0,10209.json,NotBuggy
14,1.6110084834508598E-4,2.7928215393101507E-4,2,1,3,2,4.22,1,4,103.0,94.95844268798828,1,2,0,0,0,6329.json,NotBuggy
20,0.0571988970041275,3.681581242164081E-4,0,0,0,2,9.34,2,9,108.0,88.83586120605469,0,1,6,0,0,3159.json,NotBuggy
3,0.8013975620269775,0.7330477263338313,0,0,0,1,1.89,0,2,19.0,130.45266723632812,0,1,0,0,0,2264.json,NotBuggy
22,0.019813138991594315,2.4167841566793426E-5,3,3,6,6,6.23,5,6,122.0,85.61979675292969,0,2,5,0,0,14269.json,NotBuggy
3,0.9029796719551086,0.9294349199380941,0,0,0,1,1.89,0,0,15.0,131.9385528564453,0,1,0,0,0,8966.json,NotBuggy
12,0.03681090846657753,5.942936229603809E-6,1,1,2,2,0.72,0,9,117.0,96.72669982910156,1,4,2,0,0,10701.json,NotBuggy
7,0.09928696602582932,0.10618394618822048,0,0,0,2,2.56,1,2,48.0,110.83819580078125,0,0,2,0,0,7532.json,NotBuggy
18,0.06891309469938278,9.945578112673678E-7,6,5,11,5,2.33,3,9,127.0,88.94928741455078,0,1,6,0,0,11853.json,NotBuggy
3,0.2788010537624359,0.5169408704379667,0,0,0,1,1.89,0,4,26.0,128.60531616210938,0,1,0,0,0,2656.json,NotBuggy
16,0.18427674472332,0.0027257113099183957,5,3,8,4,4.58,3,9,91.0,93.24834442138672,0,1,5,0,0,5560.json,NotBuggy
3,0.4020346701145172,0.8942313870905432,0,0,0,1,1.89,0,0,14.0,132.61029052734375,0,0,0,0,0,13948.json,NotBuggy
3,0.8465558290481567,0.9048624661941856,0,0,0,1,1.89,0,0,13.0,132.9956512451172,0,0,0,0,0,12258.json,NotBuggy
4,0.8220762014389038,0.8230297154167424,0,0,0,1,2.0,0,1,22.0,125.02987670898438,0,1,0,0,0,12545.json,NotBuggy
3,0.5198719501495361,0.7577778930760929,0,0,0,1,1.89,0,3,20.0,130.30841064453125,0,0,0,0,0,2562.json,NotBuggy
3,0.9713621735572815,0.9454944487241949,0,0,0,1,2.0,0,0,17.0,131.03103637695312,1,2,0,0,0,2985.json,NotBuggy
3,0.41944247484207153,0.9193940243479104,0,0,0,1,1.89,0,1,17.0,131.28770446777344,0,1,0,0,0,10553.json,NotBuggy
8,0.01839660480618477,0.9345801823117103,0,0,0,1,21.51,0,1,37.0,110.78482818603516,0,3,0,0,0,9172.json,NotBuggy
3,0.21338437497615814,0.6746685320269362,0,0,0,1,3.77,0,0,23.0,129.4591827392578,0,2,0,0,0,2978.json,NotBuggy
28,0.0031657551880925894,3.6334687976993584E-11,0,0,0,1,1.71,0,15,216.0,79.7610092163086,1,0,2,0,0,2454.json,NotBuggy
5,0.8765150904655457,0.8503145034111672,0,0,0,1,2.75,0,1,23.0,121.07132720947266,1,0,1,0,0,10584.json,NotBuggy
10,0.14202432334423065,0.9271852719706771,2,2,4,3,4.1,2,1,35.0,107.0952377319336,0,0,0,0,0,8495.json,NotBuggy
11,0.12010937929153442,0.05076972689280426,2,1,3,2,3.45,1,10,66.0,101.8001937866211,0,1,2,0,0,2697.json,NotBuggy
15,0.007079588249325752,2.3395021537354834E-4,6,4,10,4,5.27,3,12,100.0,93.76087951660156,0,1,3,0,0,2550.json,NotBuggy
3,0.6578251123428345,0.6419496431944971,0,0,0,1,1.89,0,3,23.0,129.2428436279297,0,1,0,0,0,2420.json,NotBuggy
11,0.018605772405862808,0.003571617974057988,0,0,0,2,4.63,1,7,77.0,100.69126892089844,0,0,4,0,0,1790.json,NotBuggy
4,0.8491224646568298,0.9163987247579469,0,0,0,1,2.0,0,3,18.0,126.4781494140625,0,0,0,0,0,14311.json,NotBuggy
10,0.821039617061615,0.2643228606721998,2,2,4,3,3.6,2,4,56.0,103.91152954101562,0,0,3,0,0,14566.json,NotBuggy
5,0.19421792030334473,0.5630123539692735,0,0,0,1,4.66,0,5,31.0,119.2291259765625,0,1,0,0,0,2233.json,NotBuggy
3,0.8071518540382385,0.9691276674264034,0,0,0,1,1.89,0,0,11.0,134.26058959960938,0,0,0,0,0,1927.json,NotBuggy
2,0.9671555757522583,0.9643120812317925,0,0,0,1,1.89,0,0,14.0,139.1788330078125,1,2,0,0,0,2998.json,NotBuggy
3,0.9854871034622192,0.8390891176627924,0,0,0,1,2.0,0,0,16.0,131.46876525878906,1,1,0,0,0,13740.json,NotBuggy
3,0.7605479955673218,0.9390065490792063,0,0,0,1,1.89,0,0,12.0,133.59722900390625,0,0,0,0,0,13924.json,NotBuggy
9,0.2069193571805954,0.22406344593616953,2,1,3,3,3.66,2,4,50.0,106.32463073730469,0,1,2,0,0,5589.json,NotBuggy
7,0.14404386281967163,0.5725236396089575,0,0,0,1,4.71,0,4,36.0,112.91670227050781,0,2,0,0,0,1770.json,NotBuggy
12,0.0033049636986106634,2.5657671306032916E-6,1,1,2,2,6.74,0,8,116.0,96.90811157226562,1,4,2,0,0,8750.json,Buggy
3,0.3687514066696167,0.8921078577773058,0,0,0,1,1.89,0,0,17.0,131.28770446777344,0,1,0,0,0,5766.json,NotBuggy
3,0.9071052670478821,0.9157240509142832,0,0,0,1,1.89,0,0,16.0,131.60296630859375,0,1,0,0,0,2429.json,NotBuggy
3,0.580679714679718,0.7392799016486564,0,0,0,1,1.89,0,3,20.0,130.30841064453125,0,0,0,0,0,2489.json,NotBuggy
2,0.9855356216430664,0.9716971545752142,0,0,0,1,1.89,0,0,9.0,142.4026641845703,1,0,0,0,0,14617.json,NotBuggy
5,0.14018072187900543,0.43901320447592024,0,0,0,1,5.43,0,2,31.0,119.0662612915039,0,1,0,0,0,9643.json,NotBuggy
2,0.9994389414787292,0.9514053062944515,0,0,0,1,1.89,0,0,11.0,140.82913208007812,1,1,0,0,0,6474.json,Buggy
3,0.3042653799057007,0.5710555941804267,0,0,0,1,1.89,0,1,26.0,128.8216552734375,0,2,0,0,0,13773.json,NotBuggy
3,0.009673671796917915,0.6374638952383784,0,0,0,1,1.89,0,2,22.0,129.69032287597656,0,0,0,0,0,2212.json,NotBuggy
6,0.7640072703361511,0.35286556193091184,2,2,4,2,2.75,1,0,39.0,114.29821014404297,0,1,0,0,0,14510.json,NotBuggy
20,0.007349117659032345,0.745460165620501,4,4,8,5,3.91,3,19,101.0,89.27269744873047,1,1,2,0,0,9650.json,NotBuggy
5,0.08697041124105453,0.14255715593939192,0,0,0,1,1.96,0,3,41.0,117.61241912841797,0,0,1,0,0,12136.json,NotBuggy
3,0.9108182191848755,0.942222967938486,0,0,0,1,1.89,0,0,13.0,132.9956512451172,0,0,0,0,0,12535.json,NotBuggy
12,0.006320911925286055,0.009270795116084975,1,1,2,2,2.29,1,9,75.0,99.37432098388672,1,1,1,0,0,11605.json,NotBuggy
3,0.3042653799057007,0.5710555941804267,0,0,0,1,1.89,0,1,26.0,128.8216552734375,0,2,0,0,0,13707.json,NotBuggy
2,0.9201817512512207,0.9248618495185523,0,0,0,1,0.0,0,0,11.0,140.82913208007812,0,1,0,0,0,6154.json,Buggy
3,0.9415357112884521,0.8572594051176073,0,0,0,1,1.89,0,0,17.0,131.43582153320312,0,1,0,0,0,13327.json,NotBuggy
3,0.6939069032669067,0.5806688366356397,0,0,0,1,1.89,0,3,25.0,129.0255889892578,0,1,0,0,0,1772.json,NotBuggy
24,0.0029403723310679197,1.9969289758047284E-6,10,8,18,7,6.24,4,14,145.0,83.1695327758789,1,1,7,0,0,2131.json,NotBuggy
3,0.48094412684440613,0.7663705971532883,0,0,0,1,1.89,0,0,20.0,130.18594360351562,0,1,0,0,0,1792.json,NotBuggy
2,0.9971170425415039,0.9719394128708879,0,0,0,1,2.0,0,0,11.0,140.82913208007812,1,1,0,0,0,9689.json,NotBuggy
3,0.29010748863220215,0.6587283999637823,0,0,0,1,1.89,0,0,19.0,130.45266723632812,0,1,0,0,0,1196.json,NotBuggy
3,0.3042653799057007,0.5710555941804267,0,0,0,1,1.89,0,1,26.0,128.8216552734375,0,2,0,0,0,13849.json,NotBuggy
3,0.9887048006057739,0.9330520198749538,0,0,0,1,2.0,0,1,15.0,132.25152587890625,1,1,0,0,0,10109.json,NotBuggy
3,0.7835979461669922,0.9209585731923094,0,0,0,1,1.89,0,0,15.0,132.086669921875,0,1,0,0,0,2084.json,NotBuggy
7,0.05619243532419205,0.1638778996359426,2,1,3,2,2.56,1,6,50.0,111.15229034423828,0,1,1,0,0,2119.json,NotBuggy
5,0.09612954407930374,0.1370653393458242,0,0,0,1,1.96,0,3,41.0,117.61241912841797,0,0,1,0,0,11931.json,NotBuggy
9,0.07346876710653305,0.036813029310557244,4,2,6,3,3.66,2,7,59.0,105.24044036865234,0,2,1,0,0,5583.json,NotBuggy
30,0.0,3.3831889574749465E-10,2,7,9,8,2.63,6,16,198.0,77.64556884765625,1,2,3,0,0,11649.json,NotBuggy
14,0.025403080508112907,0.055624228681034435,3,2,5,4,6.69,3,3,67.0,97.00361633300781,0,3,1,0,0,2063.json,NotBuggy
14,0.25207966566085815,9.365873612754075E-5,4,3,7,4,3.52,1,7,96.0,95.01019287109375,1,1,4,0,0,12138.json,NotBuggy
3,0.8590536713600159,0.7922727215797544,0,0,0,1,1.89,0,1,16.0,131.60296630859375,0,1,0,0,0,6287.json,NotBuggy
6,0.7355073094367981,0.7218315298171025,2,1,3,3,2.75,1,1,32.0,115.56641387939453,0,1,1,0,0,12768.json,NotBuggy
2,0.9671555757522583,0.9643120812317925,0,0,0,1,1.89,0,0,14.0,139.1788330078125,1,2,0,0,0,2986.json,NotBuggy
28,0.0,1.0822747180406023E-10,10,21,31,12,2.62,1,21,225.0,77.51209259033203,1,2,1,0,0,7342.json,Buggy
3,0.5438224673271179,0.8044890311946233,0,0,0,1,1.89,0,1,19.0,130.57513427734375,0,2,0,0,0,5525.json,NotBuggy
10,2.074078656733036E-4,0.0015032009728737242,1,1,2,2,2.15,1,6,80.0,102.23234558105469,0,0,2,0,0,1824.json,NotBuggy
4,0.446067750453949,0.8822792491941358,0,0,0,1,2.0,0,2,19.0,126.04888916015625,0,0,0,0,0,9847.json,NotBuggy
3,0.7020701766014099,0.8845316873686788,0,0,0,1,1.89,0,0,16.0,131.46876525878906,0,0,0,0,0,12632.json,NotBuggy
3,0.4943595826625824,0.7929011333459289,0,0,0,1,1.89,0,2,18.0,130.99049377441406,0,0,0,0,0,9156.json,NotBuggy
3,0.9568644165992737,0.8819015136162356,0,0,0,1,2.0,0,0,17.0,131.1535186767578,1,2,0,0,0,13896.json,NotBuggy
6,0.08780454099178314,0.7124432383217437,0,0,0,1,2.75,0,4,30.0,116.6322021484375,0,0,1,0,0,1640.json,NotBuggy
7,0.6533157229423523,0.8413560056292715,0,0,0,1,4.12,1,2,33.0,113.45317077636719,0,1,0,0,0,12372.json,NotBuggy
3,0.9933072328567505,0.9124038437627181,0,0,0,1,2.0,0,0,14.0,132.4454345703125,1,1,0,0,0,13742.json,NotBuggy
4,0.3971836268901825,0.7347367184847197,0,0,0,1,2.0,0,4,25.0,124.48761749267578,0,1,0,0,0,9267.json,NotBuggy
3,0.734345018863678,0.8372121060253969,0,0,0,1,1.89,0,1,17.0,131.28770446777344,0,1,0,0,0,6546.json,NotBuggy
5,0.7104588747024536,0.6547174605796083,0,0,0,1,1.96,0,2,31.0,119.1451187133789,0,1,1,0,0,12771.json,NotBuggy
12,0.1806682050228119,0.0016856335099821767,2,2,4,5,1.44,2,4,83.0,98.24746704101562,1,1,2,0,0,10969.json,NotBuggy
3,0.9397130012512207,0.9175024703756353,0,0,0,1,1.89,0,0,13.0,132.9956512451172,0,0,0,0,0,3135.json,NotBuggy
66,0.0,0.40715595685113415,0,0,0,1,0.87,0,1,207.0,67.47219848632812,0,0,1,0,0,6777.json,NotBuggy
3,0.8687236309051514,0.8504909307279799,0,0,0,1,1.89,0,1,14.0,132.61029052734375,0,1,0,0,0,2457.json,NotBuggy
3,0.7709618210792542,0.8590452354363185,0,0,0,1,1.89,0,2,18.0,130.99049377441406,0,1,0,0,0,11541.json,NotBuggy
3,0.47179707884788513,0.7477648377062195,0,0,0,1,1.89,0,1,18.0,130.7338104248047,0,0,0,0,0,8693.json,NotBuggy
4,0.012844255194067955,0.2418138255085349,2,2,4,2,3.32,0,1,34.0,121.9708480834961,0,3,0,0,0,11082.json,NotBuggy
25,0.01447939034551382,0.013867717292652732,7,7,14,6,3.22,2,8,98.0,84.93883514404297,0,1,2,0,0,9785.json,NotBuggy
3,0.3042653799057007,0.5710555941804267,0,0,0,1,1.89,0,1,26.0,128.8216552734375,0,2,0,0,0,13863.json,NotBuggy
5,0.9397895932197571,0.6214428115295126,0,0,0,1,1.81,0,3,33.0,118.74115753173828,1,0,1,0,0,2591.json,NotBuggy
3,0.34938088059425354,0.9523604481226942,0,0,0,1,1.89,0,0,12.0,133.59722900390625,0,0,0,0,0,1939.json,NotBuggy
3,0.39950957894325256,0.974691488976123,0,0,0,1,1.89,0,0,11.0,134.26058959960938,0,0,0,0,0,14525.json,NotBuggy
7,0.021637147292494774,0.006634636611187768,0,0,0,1,3.7,0,6,61.0,109.54849243164062,0,1,3,0,0,1981.json,NotBuggy
7,0.8821651339530945,0.8438239950731672,0,0,0,1,4.12,1,2,31.0,113.77827453613281,0,1,0,0,0,14699.json,NotBuggy
3,0.9937540292739868,0.9250513927220421,0,0,0,1,2.0,0,0,14.0,132.4454345703125,1,1,0,0,0,13762.json,NotBuggy
3,0.8987941145896912,0.940303117828571,0,0,0,1,1.89,0,0,15.0,132.25152587890625,0,0,0,0,0,2639.json,NotBuggy
2,0.9962278604507446,0.9232416681518363,0,0,0,1,1.89,0,0,14.0,139.1788330078125,1,2,0,0,0,13790.json,NotBuggy
3,0.8869603872299194,0.834787950737986,0,0,0,1,1.89,0,1,15.0,132.086669921875,0,1,0,0,0,2469.json,NotBuggy
3,0.5147629380226135,0.7467758384848402,0,0,0,1,1.89,0,1,19.0,130.34019470214844,0,0,0,0,0,2813.json,NotBuggy
22,7.389144157059491E-4,5.2992114210393425E-5,4,3,7,4,5.46,2,13,118.0,86.34056854248047,0,1,5,0,0,5433.json,NotBuggy
11,0.4027562737464905,0.09487455454667636,3,2,5,3,3.28,1,10,66.0,101.45864868164062,1,1,3,0,0,2175.json,NotBuggy
8,0.018777996301651,0.005208694401613122,0,0,0,1,0.87,0,5,66.0,107.132080078125,0,0,2,0,0,10689.json,NotBuggy
3,0.660115122795105,0.8220868511468206,0,0,0,1,1.89,0,2,19.0,130.70933532714844,0,1,0,0,0,10880.json,NotBuggy
8,0.24725539982318878,0.24461836156101904,1,1,2,2,2.4,1,4,47.0,108.98391723632812,0,0,2,0,0,12319.json,NotBuggy
9,0.033676087856292725,3.6593331255298163E-4,5,4,9,5,1.57,1,9,79.0,103.03201293945312,0,1,2,0,0,6223.json,NotBuggy
3,0.8821348547935486,0.9545519385727043,0,0,0,1,1.89,0,0,12.0,133.59722900390625,0,0,0,0,0,14643.json,NotBuggy
10,0.0014799139462411404,0.007356619221356837,2,1,3,2,6.05,1,5,72.0,102.63037872314453,0,1,1,0,0,6708.json,NotBuggy
3,0.9811963438987732,0.8590114362652811,0,0,0,1,1.89,0,0,17.0,131.28770446777344,0,1,0,0,0,13371.json,NotBuggy
15,0.2215135395526886,0.7485577436373626,2,2,4,2,3.54,1,1,59.0,97.4185791015625,0,1,2,0,0,8504.json,NotBuggy
12,0.006877148989588022,6.215600343366528E-6,0,0,0,1,1.49,0,9,104.0,97.601806640625,0,1,2,0,0,8353.json,NotBuggy
7,0.03480508551001549,0.06196916083632422,0,0,0,1,1.81,0,5,52.0,110.71495056152344,0,2,1,0,0,11468.json,NotBuggy
15,0.005137911532074213,3.3188711532049303E-6,2,3,5,4,2.8,3,16,122.0,92.5351333618164,0,1,3,0,0,12257.json,NotBuggy
37,0.8646306395530701,0.5807908479219649,1,5,6,6,2.02,1,0,113.0,78.69235229492188,0,1,0,0,0,11809.json,NotBuggy
3,0.7705288529396057,0.8921274419086263,0,0,0,1,1.89,0,0,13.0,132.9956512451172,0,0,0,0,0,10791.json,NotBuggy
5,0.8307863473892212,0.8749403731275754,0,0,0,1,1.96,0,1,26.0,120.54627227783203,0,0,1,0,0,14683.json,NotBuggy
14,0.7801455855369568,0.7853325462638745,2,2,4,2,3.63,1,1,54.0,98.99674224853516,0,1,1,0,0,8490.json,NotBuggy
3,0.6529101133346558,0.8750598839119339,0,0,0,1,1.89,0,1,17.0,131.43582153320312,0,1,0,0,0,14586.json,NotBuggy
4,0.24647675454616547,0.26212686747947556,0,0,0,1,2.0,0,2,36.0,121.82937622070312,0,1,1,0,0,2403.json,NotBuggy
5,0.5433694124221802,0.7056041771900033,1,1,2,2,2.99,1,5,28.0,119.81843566894531,0,0,0,0,0,2035.json,NotBuggy
3,0.6655029654502869,0.9121867044490534,0,0,0,1,1.89,0,1,15.0,132.25152587890625,0,1,0,0,0,14329.json,NotBuggy
5,0.09975096583366394,0.13614991018036798,0,0,0,1,1.96,0,3,41.0,117.61241912841797,0,0,1,0,0,12044.json,NotBuggy
3,0.993747889995575,0.9241363540941732,0,0,0,1,2.0,0,0,14.0,132.4454345703125,1,1,0,0,0,1036.json,NotBuggy
3,0.9926354885101318,0.9271997339287668,0,0,0,1,2.0,0,0,14.0,132.4454345703125,1,1,0,0,0,13754.json,NotBuggy
3,0.7027691602706909,0.8771195363780104,0,0,0,1,1.89,0,0,17.0,131.1535186767578,0,1,0,0,0,2310.json,NotBuggy
3,0.0,0.12355826932855835,0,0,0,1,1.89,0,0,42.0,125.92535400390625,0,6,0,0,0,1976.json,NotBuggy
3,0.8228442072868347,0.9880613242630913,0,0,0,1,1.89,0,0,11.0,134.26058959960938,0,0,0,0,0,196.json,NotBuggy
10,0.0014799139462411404,0.007356619221356837,2,1,3,2,6.05,1,5,72.0,102.63037872314453,0,1,1,0,0,6711.json,NotBuggy
3,0.48225006461143494,0.7110107640620998,0,0,0,1,1.89,0,4,21.0,130.05470275878906,0,0,0,0,0,2053.json,NotBuggy
6,0.10298006981611252,0.544301914506951,1,1,2,2,2.75,1,2,35.0,115.33042907714844,0,1,0,0,0,6806.json,NotBuggy
8,0.01676422730088234,0.07661614477393158,2,1,3,2,4.87,1,9,53.0,108.15971374511719,0,1,0,0,0,10120.json,NotBuggy
3,0.808698832988739,0.7238760562243668,0,0,0,1,1.89,0,2,19.0,130.45266723632812,0,1,0,0,0,2263.json,NotBuggy
3,0.3042653799057007,0.5710555941804267,0,0,0,1,1.89,0,1,26.0,128.8216552734375,0,2,0,0,0,13698.json,NotBuggy
3,0.9130358695983887,0.9759981380708539,0,0,0,1,1.89,0,1,13.0,133.18099975585938,0,0,0,0,0,14698.json,NotBuggy
8,0.8704565763473511,0.5871408471754367,1,1,2,2,2.4,1,6,42.0,109.56880950927734,0,1,1,0,0,14594.json,NotBuggy
17,0.027869421988725662,0.00295381200752317,4,3,7,4,3.39,2,10,89.0,92.18330383300781,0,0,3,0,0,2555.json,NotBuggy
8,0.22775235772132874,0.21662681934998715,1,1,2,2,4.9,1,5,47.0,108.78446960449219,0,0,2,0,0,9792.json,NotBuggy
16,0.01337540615350008,1.4708897334383538E-4,3,3,6,4,8.4,3,8,99.0,92.57589721679688,0,0,4,0,0,6076.json,NotBuggy
2,0.9981390237808228,0.9263270848342027,0,0,0,1,1.89,0,0,14.0,139.0139617919922,1,2,0,0,0,13807.json,NotBuggy
40,0.0,3.2331492037137497E-18,5,7,12,8,1.78,2,21,323.0,70.0995864868164,1,4,12,0,0,9254.json,Buggy
3,0.767003059387207,0.8498682437251681,0,0,0,1,1.89,0,2,18.0,130.99049377441406,0,1,0,0,0,11539.json,NotBuggy
20,2.7306564152240753E-4,5.489249569356378E-8,3,2,5,3,2.04,2,15,145.0,86.82428741455078,1,1,4,0,0,9773.json,NotBuggy
11,0.37003618478775024,0.1175064194642066,3,3,6,4,2.56,2,3,66.0,101.8366470336914,1,1,0,0,0,12782.json,NotBuggy
9,0.3143036663532257,0.05342400801312473,2,3,5,2,4.26,1,1,56.0,105.74180603027344,0,2,0,0,0,925.json,Buggy
3,0.5993859171867371,0.9110330328475513,0,0,0,1,1.89,0,2,16.0,131.91592407226562,0,0,0,0,0,10503.json,NotBuggy
19,0.02148161269724369,5.225702993851047E-5,5,6,11,5,4.42,2,9,114.0,88.69566345214844,0,1,4,0,0,9277.json,NotBuggy
6,0.14476515352725983,0.22572058750633345,0,0,0,1,1.89,0,2,39.0,114.99771881103516,0,0,1,0,0,5982.json,NotBuggy
6,0.37284889817237854,0.2732940643743571,0,0,0,1,1.89,0,0,42.0,114.45925903320312,0,2,1,0,0,12507.json,NotBuggy
30,6.003885646350682E-4,8.33319140142485E-7,1,1,2,5,3.18,1,16,186.0,78.52589416503906,1,0,3,0,0,8269.json,NotBuggy
3,0.20984965562820435,0.772491672497554,0,0,0,1,3.77,0,1,18.0,130.85629272460938,0,0,0,0,0,2217.json,NotBuggy
3,0.8764878511428833,0.9263481047420415,0,0,0,1,1.89,0,0,15.0,132.086669921875,0,1,0,0,0,11619.json,Buggy
4,0.16375277936458588,0.2879966460179173,0,0,0,1,3.32,0,6,34.0,122.36370849609375,0,1,0,0,0,2324.json,NotBuggy
6,0.0016688499599695206,0.04543490770057873,0,0,0,1,1.89,0,3,48.0,113.50555419921875,0,0,1,0,0,8596.json,NotBuggy
10,0.04283337667584419,0.06636959136495224,1,1,2,3,3.6,2,2,58.0,103.67457580566406,0,1,2,0,0,11818.json,NotBuggy
16,0.0021319701336324215,2.444799160263728E-4,1,2,3,3,7.51,2,16,113.0,92.04977416992188,0,1,2,0,0,10135.json,NotBuggy
11,0.07319016754627228,0.006057133941582415,0,0,0,1,0.77,0,7,73.0,101.5060043334961,1,1,3,0,0,10612.json,NotBuggy
1,0.9764735698699951,0.8996295959258404,0,0,0,1,0.0,0,0,11.0,152.05810546875,0,1,0,0,0,12390.json,NotBuggy
3,0.3042653799057007,0.5710555941804267,0,0,0,1,1.89,0,1,26.0,128.8216552734375,0,2,0,0,0,13830.json,NotBuggy
3,0.9933997392654419,0.9289457150143136,0,0,0,1,2.0,0,0,14.0,132.4454345703125,1,1,0,0,0,13749.json,NotBuggy
3,0.5405009388923645,0.9202679181757979,0,0,0,1,1.89,0,0,14.0,132.61029052734375,0,0,0,0,0,850.json,NotBuggy
3,0.4377022683620453,0.9355560627051849,0,0,0,1,1.89,0,0,12.0,133.59722900390625,0,0,0,0,0,2020.json,NotBuggy
3,0.9713621735572815,0.9454944487241949,0,0,0,1,2.0,0,0,17.0,131.03103637695312,1,2,0,0,0,2940.json,NotBuggy
5,0.6904216408729553,0.8011743030508622,1,1,2,2,2.99,1,2,25.0,120.40774536132812,0,1,0,0,0,1914.json,NotBuggy
14,0.08020005375146866,3.777527081604826E-4,0,0,0,1,3.92,1,9,92.0,95.74209594726562,0,0,3,0,0,11198.json,NotBuggy
3,0.9408955574035645,0.965106288670043,0,0,0,1,1.89,0,0,12.0,133.59722900390625,0,0,0,0,0,12780.json,NotBuggy
3,0.8267435431480408,0.9513468844243465,0,0,0,1,1.89,0,0,15.0,131.9385528564453,0,0,0,0,0,14521.json,NotBuggy
14,0.019017063081264496,5.025720554368682E-5,1,1,2,3,2.8,1,8,99.0,94.93441009521484,1,1,4,0,0,9711.json,NotBuggy
23,0.005494169890880585,4.883713754042534E-5,4,10,14,7,3.03,2,8,132.0,84.66156005859375,0,0,3,0,0,2455.json,NotBuggy
10,0.5402803421020508,0.01852509600141822,2,2,4,3,1.23,1,5,67.0,102.6844711303711,1,2,2,0,0,7806.json,Buggy
3,0.2338162511587143,0.6038069881998384,0,0,0,1,1.89,0,3,25.0,128.8092498779297,0,1,0,0,0,12655.json,NotBuggy
3,0.8810482621192932,0.8403433283626355,0,0,0,1,1.89,0,1,15.0,132.086669921875,0,1,0,0,0,2468.json,NotBuggy
6,0.06242413818836212,0.3339666550129537,0,0,0,1,3.27,0,4,38.0,114.97969055175781,0,2,0,0,0,317.json,NotBuggy
5,0.5666738748550415,0.3397010054541293,2,1,3,2,5.99,0,0,33.0,118.67401885986328,0,0,1,0,0,12568.json,NotBuggy
4,0.3502340316772461,0.7904513502711314,0,0,0,1,1.0,0,2,23.0,125.05540466308594,0,1,0,0,0,8757.json,NotBuggy
2,0.9230886697769165,0.9413329307983018,0,0,0,1,0.0,0,0,11.0,140.82913208007812,0,1,0,0,0,1936.json,NotBuggy
14,0.04361104220151901,9.917115000220604E-4,1,2,3,3,3.63,2,9,95.0,95.3342514038086,0,0,4,0,0,14331.json,NotBuggy
3,0.049983084201812744,0.7597583341256033,0,0,0,1,1.89,0,1,22.0,129.69032287597656,0,2,0,0,0,4372.json,NotBuggy
3,0.6763311624526978,0.9555588090229697,0,0,0,1,1.89,0,2,20.0,130.18594360351562,0,1,0,0,0,12358.json,NotBuggy
10,0.060099903494119644,0.013813274524640484,4,2,6,3,3.6,2,9,71.0,102.85735321044922,0,0,2,0,0,2118.json,NotBuggy
12,0.4021748900413513,0.27956916390394276,3,4,7,5,4.17,2,5,61.0,100.0531997680664,1,0,0,0,0,12155.json,NotBuggy
2,0.999466598033905,0.9541837243008031,0,0,0,1,1.89,0,0,11.0,140.82913208007812,1,1,0,0,0,11573.json,Buggy
5,0.0822887197136879,0.18951599343198328,0,0,0,1,1.96,0,2,39.0,117.59877014160156,0,1,1,0,0,1974.json,NotBuggy
4,0.23055481910705566,0.8577322034388725,0,0,0,1,2.0,0,2,20.0,125.78216552734375,0,0,0,0,0,2249.json,NotBuggy
3,0.833280086517334,0.9497774998923041,0,0,0,1,1.89,0,0,12.0,133.59722900390625,0,0,0,0,0,1986.json,NotBuggy
3,0.9408955574035645,0.965106288670043,0,0,0,1,1.89,0,0,12.0,133.59722900390625,0,0,0,0,0,3104.json,NotBuggy
27,0.0,0.5703420939356278,0,0,0,1,4.12,0,12,105.0,86.3729019165039,0,0,0,0,0,8116.json,NotBuggy
3,0.5981337428092957,0.9539188322900606,0,0,0,1,1.89,0,0,12.0,133.59722900390625,0,0,0,0,0,5763.json,NotBuggy
13,0.10795700550079346,0.15637184843059967,3,3,6,4,3.29,2,4,64.0,98.85381317138672,0,2,1,0,0,6852.json,NotBuggy
3,0.5093173980712891,0.893429564423205,0,0,0,1,1.89,0,0,15.0,132.25152587890625,0,0,0,0,0,2235.json,NotBuggy
29,0.0,1.2371932868729127E-14,0,0,0,1,7.16,0,29,248.0,78.35739135742188,1,0,8,0,0,10536.json,NotBuggy
3,0.7377828359603882,0.9222518927106391,0,0,0,1,1.89,0,0,14.0,132.4454345703125,0,0,0,0,0,4071.json,NotBuggy
3,0.04176180437207222,0.46509498874729094,0,0,0,1,1.89,0,2,27.0,128.62539672851562,0,2,0,0,0,5580.json,NotBuggy
5,0.0892813578248024,0.4694771764966639,0,0,0,1,7.76,0,6,34.0,118.748779296875,0,1,0,0,0,2002.json,NotBuggy
3,0.6702868342399597,0.8932638011838627,0,0,0,1,1.89,0,2,16.0,131.91592407226562,0,0,0,0,0,14451.json,NotBuggy
18,0.0,3.70477808710531E-5,0,0,0,1,4.62,0,15,129.0,90.62714385986328,0,1,0,0,0,1712.json,NotBuggy
3,0.8241875767707825,0.8859366068533381,0,0,0,1,1.89,0,0,16.0,131.60296630859375,0,1,0,0,0,12315.json,NotBuggy
5,0.5190696716308594,0.6949595979994777,1,1,2,2,2.99,1,5,28.0,119.81843566894531,0,0,0,0,0,2137.json,NotBuggy
10,0.17300200462341309,0.07428515946909404,3,2,5,3,2.41,2,10,62.0,103.49921417236328,1,1,1,0,0,1742.json,NotBuggy
3,0.894014298915863,0.9562666530710161,0,0,0,1,1.89,0,0,12.0,133.59722900390625,0,0,0,0,0,1631.json,NotBuggy
18,0.0057808998972177505,4.1787345291914946E-8,4,6,10,5,0.81,0,12,145.0,88.23091125488281,0,0,6,0,0,6554.json,Buggy
10,0.6562338471412659,0.110357882769345,1,1,2,3,3.6,2,2,54.0,104.10063934326172,0,1,3,0,0,2803.json,NotBuggy
6,0.24195322394371033,0.5246961721443097,2,1,3,2,2.75,1,7,37.0,115.41551971435547,0,0,0,0,0,8872.json,NotBuggy
5,0.11631540209054947,0.6478539274174767,0,0,0,1,1.96,0,5,31.0,119.63164520263672,0,1,0,0,0,10540.json,NotBuggy
3,0.7464302182197571,0.9234779455720831,0,0,0,1,1.89,0,1,17.0,131.28770446777344,0,1,0,0,0,10552.json,NotBuggy
3,0.8904139995574951,0.9196220983738894,0,0,0,1,1.89,0,0,14.0,132.4454345703125,0,1,0,0,0,2645.json,NotBuggy
6,0.006162483245134354,0.6084495117564598,0,0,0,1,3.96,0,0,33.0,115.95040893554688,0,4,0,0,0,9287.json,NotBuggy
3,0.8285754323005676,0.8380671646086657,0,0,0,1,1.89,0,1,18.0,130.85629272460938,0,1,0,0,0,2295.json,NotBuggy
15,0.2193194478750229,0.018243207381364906,5,5,10,5,3.16,2,9,83.0,94.73028564453125,0,1,0,0,0,2431.json,NotBuggy
15,0.007079588249325752,2.3395021537354834E-4,6,4,10,4,5.27,3,12,100.0,93.76087951660156,0,1,3,0,0,2630.json,NotBuggy
8,0.16585266590118408,0.4753815239177759,2,1,3,2,3.12,1,4,40.0,109.82251739501953,0,2,0,0,0,10121.json,NotBuggy
23,3.503895131871104E-4,2.81478275147391E-6,1,1,2,2,17.56,1,6,138.0,85.32876586914062,0,0,2,0,0,12335.json,Buggy
3,0.5408260822296143,0.7103758300788398,0,0,0,1,1.89,0,3,22.0,129.69032287597656,0,0,0,0,0,2038.json,NotBuggy
3,0.9228911399841309,0.9660890428386384,0,0,0,1,1.89,0,0,12.0,133.59722900390625,0,0,0,0,0,2.json,NotBuggy
7,0.511806070804596,0.44344691344189974,1,1,2,2,3.02,1,3,39.0,112.1916275024414,0,1,1,0,0,14579.json,NotBuggy
16,0.0439765639603138,0.0013220354746670258,3,2,5,3,2.0,2,11,86.0,93.53791046142578,1,1,2,0,0,9325.json,NotBuggy
35,0.0010869884863495827,1.79814046415341E-11,2,2,4,3,4.8,3,9,235.0,75.19939422607422,1,0,2,0,0,2478.json,NotBuggy
3,0.9039196968078613,0.9632698456719536,0,0,0,1,1.89,0,0,14.0,132.61029052734375,0,1,0,0,0,5737.json,NotBuggy
58,0.0,7.750114343689412E-18,6,16,22,12,4.18,3,28,342.0,62.54582977294922,1,1,8,0,0,1787.json,NotBuggy
12,0.09712858498096466,0.011436882731412957,2,2,4,3,5.66,2,11,74.0,99.3521499633789,0,0,3,0,0,2740.json,NotBuggy
30,0.0,2.133989956752245E-6,3,8,11,9,5.67,6,12,193.0,77.25018310546875,1,1,7,0,0,13764.json,NotBuggy
3,0.7373842000961304,0.9172660026045018,0,0,0,1,1.89,0,0,14.0,132.61029052734375,0,0,0,0,0,645.json,NotBuggy
15,0.08890265971422195,0.009347666312493166,1,1,2,3,2.73,1,4,83.0,95.09253692626953,1,0,1,0,0,2045.json,NotBuggy
4,0.7166435122489929,0.28914166812376385,0,0,0,1,2.45,0,5,37.0,121.76114654541016,1,1,1,0,0,2732.json,NotBuggy
9,0.32395681738853455,0.9649868050261542,0,0,0,1,6.74,0,2,35.0,108.76868438720703,0,0,1,0,0,6132.json,Buggy
34,1.7554218356963247E-4,1.796037983015912E-11,8,8,16,8,3.36,4,16,236.0,74.8927993774414,1,1,4,0,0,13829.json,NotBuggy
5,0.08327803015708923,0.14936909524152575,0,0,0,1,1.96,0,3,41.0,117.61241912841797,0,0,1,0,0,11898.json,NotBuggy
7,0.09800907969474792,0.013721504338663064,0,0,0,1,3.02,0,4,53.0,110.2795181274414,0,0,1,0,0,7450.json,NotBuggy
3,0.649576723575592,0.9104281079269485,0,0,0,1,1.89,0,0,14.0,132.61029052734375,0,0,0,0,0,741.json,NotBuggy
19,0.013154876418411732,1.0133651096858755E-6,1,1,2,2,3.72,1,21,140.0,88.41531372070312,0,4,2,0,0,12882.json,NotBuggy
83,0.0,6.258499139698178E-18,12,13,25,11,14.37,5,37,378.0,56.309410095214844,1,1,15,0,0,8755.json,Buggy
5,0.4203247129917145,0.8856395975042805,0,0,0,1,2.99,1,1,21.0,121.91352844238281,0,1,0,0,0,13059.json,NotBuggy
4,0.21755164861679077,0.4102000803274482,0,0,0,1,3.32,0,5,31.0,122.84404754638672,0,1,0,0,0,2259.json,NotBuggy
5,0.9095771312713623,0.9153834644807057,1,1,2,2,2.99,1,0,21.0,121.4268569946289,0,1,0,0,0,9150.json,NotBuggy
41,0.00153169350232929,1.8945965422332502E-18,6,7,13,8,6.1,5,27,300.0,69.84488677978516,1,3,9,0,0,10858.json,Buggy
8,0.07317662984132767,0.11841174528305501,0,0,0,1,4.06,0,2,47.0,108.95458221435547,0,0,1,0,0,10754.json,NotBuggy
10,0.007543353829532862,0.21344868816058069,3,2,5,3,2.53,1,4,58.0,104.37237548828125,0,0,1,0,0,1852.json,NotBuggy
3,0.7407190799713135,0.9013307212476411,0,0,0,1,1.89,0,0,15.0,132.25152587890625,0,0,0,0,0,2104.json,NotBuggy
2,0.9951469898223877,0.9395326515859889,0,0,0,1,1.89,0,0,11.0,140.82913208007812,1,1,0,0,0,14438.json,NotBuggy
2,0.9158422946929932,0.9003515130060712,0,0,0,1,0.0,0,0,11.0,140.82913208007812,0,1,0,0,0,2620.json,NotBuggy
5,0.6230577826499939,0.5084224904358907,0,0,0,1,1.96,0,1,34.0,118.6647720336914,0,2,2,0,0,12994.json,NotBuggy
9,0.05929822847247124,0.0026653329317110094,1,1,2,2,2.27,1,5,74.0,104.06200408935547,0,2,1,0,0,379.json,NotBuggy
5,0.48607397079467773,0.6712459684380939,1,1,2,2,2.99,1,5,28.0,119.81843566894531,0,0,0,0,0,2058.json,NotBuggy
7,0.281193345785141,0.3161630927626213,1,1,2,2,2.56,1,4,39.0,112.1916275024414,0,1,1,0,0,1837.json,NotBuggy
3,0.6919724345207214,0.8740142553487161,0,0,0,1,1.89,0,2,19.0,130.85745239257812,0,1,0,0,0,14313.json,NotBuggy
3,0.7825400233268738,0.875157763810287,0,0,0,1,1.89,0,0,18.0,130.7338104248047,0,1,0,0,0,12449.json,NotBuggy
3,0.7634091377258301,0.9248189498776572,0,0,0,1,1.89,0,0,15.0,132.25152587890625,0,0,0,0,0,2227.json,NotBuggy
3,0.8516674637794495,0.9696526715922406,0,0,0,1,1.89,0,0,12.0,133.59722900390625,0,0,0,0,0,2170.json,NotBuggy
9,0.014684981666505337,0.015227333965150544,1,2,3,3,4.62,2,0,66.0,104.82106018066406,0,1,0,0,0,2253.json,NotBuggy
3,0.5406131148338318,0.7046084003953732,0,0,0,1,1.89,0,4,21.0,130.05470275878906,0,0,0,0,0,2771.json,NotBuggy
3,0.5646008849143982,0.9368280530407691,0,0,0,1,1.89,0,0,12.0,133.59722900390625,0,0,0,0,0,5189.json,NotBuggy
13,0.12741273641586304,0.04915820348574112,3,2,5,5,4.44,3,8,71.0,97.81066131591797,1,0,2,0,0,5159.json,NotBuggy
22,0.005008217412978411,0.008407755612435036,4,3,7,4,4.54,2,6,100.0,87.64318084716797,0,2,1,0,0,12901.json,NotBuggy
6,0.5150108337402344,0.7679363347893607,1,1,2,2,2.75,1,2,30.0,116.4021987915039,0,1,0,0,0,9247.json,NotBuggy
32,0.004094294738024473,5.311180330473439E-7,5,7,12,7,1.18,1,12,163.0,77.93138885498047,0,1,1,0,0,10967.json,Buggy
32,0.008528264239430428,6.431226090836354E-8,7,8,15,8,4.7,3,14,181.0,76.93206787109375,1,1,4,0,0,1697.json,NotBuggy
3,0.9932621717453003,0.9149954641431229,0,0,0,1,2.0,0,0,14.0,132.4454345703125,1,1,0,0,0,13748.json,NotBuggy
4,0.41925549507141113,0.338163240732639,0,0,0,1,2.0,0,4,32.0,122.678955078125,0,1,0,0,0,12820.json,NotBuggy
3,0.007460060995072126,0.8983551376314515,0,0,0,1,1.89,0,2,17.0,131.43582153320312,0,1,0,0,0,1876.json,NotBuggy
61,0.0,5.8925688785197356E-33,27,19,46,20,3.99,16,47,498.0,57.96535110473633,1,2,4,0,0,10281.json,NotBuggy
8,0.2603547275066376,0.6530238755076372,1,2,3,2,3.77,1,4,39.0,110.10726928710938,1,1,0,0,0,1836.json,NotBuggy
3,0.22326511144638062,0.907568925684783,0,0,0,1,1.89,0,0,14.0,132.61029052734375,0,0,0,0,0,13979.json,NotBuggy
6,0.7294349074363708,0.06884093311417325,1,1,2,2,0.9,0,5,47.0,113.44491577148438,1,0,2,0,0,7758.json,Buggy
9,0.5845500826835632,0.4874287557406757,2,1,3,2,4.47,1,7,46.0,107.18766784667969,1,0,2,0,0,2421.json,NotBuggy
3,0.5056301355361938,0.9237750248923606,0,0,0,1,1.89,0,0,14.0,132.61029052734375,0,0,0,0,0,14055.json,NotBuggy
29,0.0,2.311496941092374E-12,0,0,0,1,10.19,0,24,234.0,78.93608856201172,0,0,8,0,0,6669.json,NotBuggy
8,0.6642246842384338,0.5997959221378453,0,0,0,2,2.99,1,2,43.0,109.24699401855469,1,3,0,0,0,2753.json,NotBuggy
3,0.8388795852661133,0.9305051393020399,0,0,0,1,1.89,0,0,15.0,132.25152587890625,0,0,0,0,0,2028.json,NotBuggy
3,0.5479789972305298,0.9152735683771956,0,0,0,1,1.89,0,1,16.0,131.75106811523438,0,1,0,0,0,3146.json,NotBuggy
53,0.0,3.170974369466968E-13,9,11,20,11,7.65,5,25,282.0,65.45787048339844,1,3,7,0,0,5465.json,NotBuggy
3,0.8615556359291077,0.9825605455866068,0,0,0,1,1.89,0,0,12.0,133.59722900390625,0,0,0,0,0,3021.json,NotBuggy
4,0.8216918110847473,0.4557555601900792,0,0,0,1,2.0,0,1,27.0,123.56243133544922,0,1,1,0,0,13568.json,NotBuggy
10,0.822474479675293,0.13960567709911734,0,0,0,1,3.49,1,2,58.0,104.13457489013672,0,0,3,0,0,14485.json,NotBuggy
3,0.6666191816329956,0.9089732438717636,0,0,0,1,1.89,0,0,14.0,132.61029052734375,0,0,0,0,0,13942.json,NotBuggy
3,0.9494650363922119,0.9605504486660705,0,0,0,1,1.89,0,0,12.0,133.59722900390625,0,0,0,0,0,2709.json,NotBuggy
6,0.9198350310325623,0.7911893023876531,0,0,0,1,3.46,0,3,33.0,115.71329498291016,1,0,0,0,0,12922.json,NotBuggy
6,0.21807894110679626,0.38971376675952374,0,0,0,1,2.75,0,3,37.0,115.27146911621094,0,2,1,0,0,14401.json,NotBuggy
3,0.08386395126581192,0.8818201740816004,0,0,0,1,3.77,0,0,17.0,131.43582153320312,0,3,0,0,0,12905.json,NotBuggy
3,0.9396403431892395,0.9392179449492488,0,0,0,1,1.89,0,0,12.0,133.59722900390625,0,0,0,0,0,2812.json,NotBuggy
3,0.9554439783096313,0.9336278759340786,0,0,0,1,1.89,0,0,13.0,132.9956512451172,0,0,0,0,0,8266.json,NotBuggy
9,0.5450601577758789,0.00957710543304486,2,2,4,3,0.83,1,6,63.0,104.95142364501953,1,1,1,0,0,7826.json,Buggy
3,0.616823673248291,0.9278669590769195,0,0,0,1,1.89,0,1,16.0,131.75106811523438,0,1,0,0,0,3148.json,NotBuggy
6,0.002504711737856269,0.10770249450623268,0,0,0,1,4.0,0,4,48.0,113.69478607177734,0,4,1,0,0,1888.json,NotBuggy
3,0.8142673969268799,0.9327671479309336,0,0,0,1,3.77,0,0,12.0,133.59722900390625,0,0,0,0,0,2214.json,NotBuggy
3,0.578607976436615,0.8807941202125714,0,0,0,1,1.89,0,0,16.0,131.75106811523438,0,0,0,0,0,1835.json,NotBuggy
19,8.282468770630658E-4,2.9855468474625213E-6,8,7,15,8,3.78,1,16,151.0,86.78776550292969,0,1,1,0,0,7064.json,NotBuggy
6,0.4747363328933716,0.8358884798406309,1,1,2,2,2.75,1,1,29.0,116.6823501586914,0,1,0,0,0,14549.json,NotBuggy
1,0.7783218622207642,0.7838214979100716,0,0,0,1,0.0,0,1,15.0,150.04904174804688,0,0,0,0,0,10081.json,NotBuggy
3,0.06605048477649689,0.6640778416272379,0,0,0,1,1.89,0,1,22.0,129.69032287597656,0,2,0,0,0,4306.json,NotBuggy
12,0.06334968656301498,8.200094077826257E-4,5,3,8,4,5.85,2,2,83.0,98.30368041992188,1,2,1,0,0,13164.json,NotBuggy
4,0.9413159489631653,0.5854288113340521,0,0,0,1,1.96,0,4,33.0,122.4349365234375,1,2,0,0,0,2760.json,NotBuggy
3,0.6836944818496704,0.808441649625594,0,0,0,1,1.89,0,1,18.0,130.85629272460938,0,1,0,0,0,11027.json,NotBuggy
5,0.18077582120895386,0.3994809450912646,0,0,0,1,5.99,0,6,34.0,118.748779296875,0,1,0,0,0,2389.json,NotBuggy
3,0.7343605160713196,0.8672416124722522,0,0,0,1,1.89,0,1,17.0,131.43582153320312,0,1,0,0,0,5060.json,NotBuggy
4,0.5970637202262878,0.6616693484073127,0,0,0,1,2.0,0,4,24.0,124.361083984375,0,0,0,0,0,14435.json,NotBuggy
10,0.011888084001839161,0.0076847139508466455,3,2,5,3,3.67,2,9,71.0,102.52096557617188,0,1,2,0,0,2187.json,NotBuggy
9,0.9244415760040283,0.8288422728763638,2,2,4,3,3.45,2,3,39.0,107.96918487548828,1,0,1,0,0,9563.json,NotBuggy
15,0.01850312203168869,0.0027177774216856996,1,1,2,3,7.42,2,7,84.0,94.6048355102539,0,3,2,0,0,5607.json,NotBuggy
2,0.996557354927063,0.9724397948322508,0,0,0,1,2.0,0,0,11.0,140.82913208007812,1,1,0,0,0,9692.json,NotBuggy
3,0.8975681662559509,0.9012034339323155,0,0,0,1,1.89,0,0,14.0,132.4454345703125,0,1,0,0,0,1101.json,NotBuggy
7,0.0849727913737297,0.013372566989086369,1,1,2,2,3.02,1,7,60.0,109.61796569824219,0,0,2,0,0,14404.json,NotBuggy
3,0.6677804589271545,0.6227956822114362,0,0,0,1,1.89,0,3,23.0,129.2428436279297,0,1,0,0,0,2385.json,NotBuggy
13,0.7189270853996277,0.5402457152112864,4,2,6,4,4.48,3,2,56.0,99.43122863769531,0,1,2,0,0,12778.json,NotBuggy
2,0.999457597732544,0.954602844083669,0,0,0,1,1.89,0,0,11.0,140.82913208007812,1,1,0,0,0,8053.json,NotBuggy
3,0.5553219318389893,0.7882350871070072,0,0,0,1,1.89,0,0,17.0,131.28770446777344,0,0,0,0,0,864.json,NotBuggy
3,0.6666438579559326,0.6435021129428982,0,0,0,1,1.89,0,3,23.0,129.2428436279297,0,1,0,0,0,2461.json,NotBuggy
3,0.847234308719635,0.7781553334695597,0,0,0,1,2.0,0,4,21.0,130.05470275878906,1,0,0,0,0,2583.json,NotBuggy
9,0.6220939755439758,0.7160306701205282,1,1,2,3,3.77,2,1,40.0,107.68443298339844,0,1,2,0,0,12748.json,NotBuggy
2,0.9671555757522583,0.9643120812317925,0,0,0,1,1.89,0,0,14.0,139.1788330078125,1,2,0,0,0,2931.json,NotBuggy
3,0.7724714875221252,0.8951397845794627,0,0,0,1,1.89,0,1,17.0,131.43582153320312,0,1,0,0,0,10031.json,NotBuggy
4,0.1124383956193924,0.2986268939623724,0,0,0,1,3.32,0,6,34.0,122.36370849609375,0,1,0,0,0,2054.json,NotBuggy
3,0.9580460786819458,0.8772107088459427,0,0,0,1,2.0,0,0,17.0,131.1535186767578,1,2,0,0,0,13895.json,NotBuggy
16,0.08439599722623825,0.0020199891365712875,0,0,0,2,2.76,1,7,90.0,93.81001281738281,1,0,3,0,0,14366.json,NotBuggy
4,0.8501278162002563,0.42645927329542793,0,0,0,1,2.0,0,1,27.0,123.56243133544922,0,1,1,0,0,13566.json,NotBuggy
2,0.999457597732544,0.954602844083669,0,0,0,1,1.89,0,0,11.0,140.82913208007812,1,1,0,0,0,9903.json,NotBuggy
6,0.4884180724620819,0.6814256865170227,1,1,2,2,2.75,1,6,31.0,116.231689453125,0,0,0,0,0,2683.json,NotBuggy
5,0.38661321997642517,0.7697328112636604,0,0,0,2,2.99,1,2,27.0,119.9036865234375,0,1,1,0,0,11348.json,NotBuggy
3,0.8908122181892395,0.872561837955057,0,0,0,1,1.89,0,0,16.0,131.60296630859375,0,1,0,0,0,13459.json,NotBuggy
40,3.3190552494488657E-4,4.5450884393905984E-10,11,8,19,7,4.13,3,14,211.0,72.44500732421875,1,2,9,0,0,11641.json,NotBuggy
13,0.002009689575061202,2.9995221015577595E-4,1,4,5,5,3.54,4,7,98.0,95.99673461914062,1,1,0,0,0,13205.json,NotBuggy
3,0.7442671656608582,0.9550048562317514,0,0,0,1,1.89,0,0,12.0,133.59722900390625,0,0,0,0,0,2082.json,NotBuggy
9,0.0585346557199955,0.564999807269628,0,0,0,1,8.6,0,2,43.0,107.56890869140625,0,1,1,0,0,14352.json,NotBuggy
3,0.6661360263824463,0.8756841925313414,0,0,0,1,1.89,0,1,17.0,131.43582153320312,0,1,0,0,0,1854.json,NotBuggy
31,2.77597428066656E-4,8.839778008489914E-9,4,6,10,6,1.26,2,17,178.0,77.82970428466797,1,1,5,0,0,8856.json,Buggy
3,0.7035906910896301,0.8590037166947287,0,0,0,1,1.89,0,0,17.0,131.1535186767578,0,1,0,0,0,2503.json,NotBuggy
4,0.8786978125572205,0.7035774136313145,0,0,0,1,1.96,0,2,27.0,123.96495056152344,1,1,0,0,0,8135.json,NotBuggy
20,0.0,4.3165826807691635E-11,0,0,0,1,1.17,0,24,180.0,86.13550567626953,1,0,4,0,0,9106.json,NotBuggy
3,0.37530672550201416,0.8384483840222314,0,0,0,1,1.89,0,1,19.0,130.45266723632812,0,1,0,0,0,12860.json,NotBuggy
3,0.7976871132850647,0.9282902699172776,0,0,0,1,1.89,0,0,14.0,132.61029052734375,0,0,0,0,0,14008.json,NotBuggy
6,0.5245314836502075,0.5391695764261334,0,0,0,1,1.89,0,2,34.0,115.79517364501953,0,0,2,0,0,9413.json,NotBuggy
15,0.0269399993121624,0.012505239629418902,8,5,13,4,4.43,2,12,83.0,94.72978973388672,0,1,1,0,0,1826.json,NotBuggy
2,0.9957143068313599,0.9133841982087696,0,0,0,1,1.89,0,0,11.0,140.82913208007812,1,1,0,0,0,2517.json,NotBuggy
3,0.8744729161262512,0.9197743202029247,0,0,0,1,1.89,0,0,15.0,132.086669921875,0,1,0,0,0,2522.json,NotBuggy
10,0.4681240916252136,0.4036509885712068,2,2,4,3,3.6,2,2,48.0,104.83006286621094,0,2,1,0,0,12054.json,NotBuggy
9,0.9966487884521484,0.9788493766196761,1,1,2,2,4.4,1,7,49.0,107.09624481201172,1,0,0,0,0,2094.json,NotBuggy
3,0.23070506751537323,0.6652838761807556,0,0,0,1,1.89,0,1,24.0,129.2378692626953,0,1,0,0,0,14515.json,NotBuggy
3,0.374058336019516,0.9435352231004356,0,0,0,1,1.89,0,1,12.0,133.80813598632812,0,0,0,0,0,10998.json,NotBuggy
3,0.8823085427284241,0.8333841208490115,0,0,0,1,1.89,0,1,15.0,132.086669921875,0,1,0,0,0,2467.json,NotBuggy
5,0.4906383454799652,0.10001542049518766,0,0,0,1,1.89,0,2,44.0,117.03448486328125,1,2,1,0,0,13738.json,NotBuggy
23,0.0012287287972867489,3.268734792050379E-7,7,5,12,6,4.21,3,14,146.0,84.02332305908203,0,2,6,0,0,5518.json,NotBuggy
4,0.28129103779792786,0.6528910760763634,0,0,0,1,2.0,0,5,26.0,124.16120147705078,0,0,0,0,0,2784.json,NotBuggy
4,0.8125472068786621,0.7024786620862008,0,0,0,1,2.0,0,1,25.0,124.05243682861328,0,2,0,0,0,8122.json,NotBuggy
29,0.0010099104838445783,1.6757956938763615E-9,7,5,12,6,5.21,4,22,184.0,78.67484283447266,1,0,7,0,0,7168.json,Buggy
3,0.8210681080818176,0.9589448704531374,0,0,0,1,1.89,0,1,13.0,133.39190673828125,0,0,0,0,0,9458.json,NotBuggy
8,0.022185208275914192,0.005115486793956114,0,0,0,1,0.87,0,5,66.0,107.132080078125,0,0,2,0,0,8628.json,NotBuggy
10,0.8088396787643433,0.041164571111266604,2,1,3,2,2.53,1,4,68.0,102.97545623779297,0,3,1,0,0,8133.json,NotBuggy
13,0.70697420835495,0.29064112833823663,4,3,7,4,4.58,3,3,67.0,98.44417572021484,0,2,2,0,0,14631.json,NotBuggy
10,0.02403075248003006,0.030539908169516482,2,1,3,3,3.49,2,3,65.0,103.08206939697266,0,1,3,0,0,1789.json,NotBuggy
6,0.7436020374298096,0.9196229010946317,1,1,2,2,2.75,1,1,24.0,117.77888488769531,0,0,0,0,0,9519.json,NotBuggy
7,0.48632946610450745,0.9383048920453813,0,0,0,1,6.31,0,2,29.0,114.04106140136719,0,0,1,0,0,6453.json,Buggy
3,0.9294007420539856,0.9878943846568141,0,0,0,1,1.89,0,0,12.0,133.59722900390625,0,0,0,0,0,3018.json,NotBuggy
7,0.021200111135840416,0.0031248146304961775,1,1,2,2,1.81,0,6,66.0,108.9587173461914,0,2,2,0,0,5461.json,Buggy
13,0.009244906716048717,2.89787364817113E-4,3,3,6,3,4.39,2,12,96.0,96.60816955566406,0,2,2,0,0,5609.json,NotBuggy
5,0.25829774141311646,0.42752931651562903,0,0,0,1,1.96,0,5,32.0,119.25020599365234,0,1,0,0,0,6582.json,NotBuggy
7,0.4234691560268402,0.6787467288752285,1,1,2,2,3.02,1,2,33.0,113.13916015625,0,0,0,0,0,12734.json,NotBuggy
3,0.7215946316719055,0.9300813145456929,0,0,0,1,1.89,0,0,14.0,132.61029052734375,0,0,0,0,0,13956.json,NotBuggy
3,0.9152606725692749,0.9746528919591188,0,0,0,1,1.89,0,0,13.0,132.9956512451172,0,0,0,0,0,8496.json,NotBuggy
33,0.0,1.884310657950742E-15,1,1,2,2,4.42,1,38,266.0,75.54524993896484,1,4,7,0,0,10546.json,NotBuggy
3,0.9953375458717346,0.9581468389386466,0,0,0,1,2.0,0,1,15.0,132.25152587890625,1,0,0,0,0,12794.json,NotBuggy
3,0.4658612906932831,0.7637229552728599,0,0,0,1,2.0,0,1,19.0,130.57513427734375,1,1,0,0,0,14245.json,NotBuggy
5,0.6351760625839233,0.823685553600003,1,1,2,2,2.99,1,1,23.0,120.95380401611328,0,1,0,0,0,9687.json,NotBuggy
4,0.3072919547557831,0.8047421571946369,0,0,0,1,2.0,0,2,23.0,125.05540466308594,0,1,0,0,0,11687.json,NotBuggy
3,0.8385846018791199,0.859373971922211,0,0,0,1,1.89,0,0,14.0,132.4454345703125,1,1,0,0,0,1138.json,NotBuggy
1,0.9788599610328674,0.8859767565357558,0,0,0,1,0.0,0,0,11.0,152.05810546875,0,1,0,0,0,12385.json,NotBuggy
3,0.8104166984558105,0.7298261710365899,0,0,0,1,1.89,0,2,19.0,130.45266723632812,0,1,0,0,0,2495.json,NotBuggy
3,0.6437526345252991,0.9023483919623694,0,0,0,1,1.89,0,0,15.0,131.9385528564453,0,0,0,0,0,9246.json,NotBuggy
9,0.32395681738853455,0.9649868050261542,0,0,0,1,6.74,0,2,35.0,108.76868438720703,0,0,1,0,0,6178.json,Buggy
3,0.9955950975418091,0.9290493956595292,0,0,0,1,2.0,0,0,12.0,133.59722900390625,1,0,0,0,0,14035.json,NotBuggy
14,0.009391389787197113,0.024561243137875065,3,2,5,3,7.63,1,9,72.0,96.903564453125,0,1,1,0,0,14321.json,NotBuggy
5,0.08697041124105453,0.14255715593939192,0,0,0,1,1.96,0,3,41.0,117.61241912841797,0,0,1,0,0,12180.json,NotBuggy
3,0.04781768471002579,0.6246530103948826,0,0,0,1,1.89,0,0,22.0,129.57785034179688,0,0,0,0,0,13126.json,NotBuggy
9,0.6342131495475769,0.07950162452681903,0,0,0,2,2.41,1,3,56.0,105.69190979003906,1,0,4,0,0,1418.json,NotBuggy
52,0.0,7.621725189783334E-25,10,18,28,18,4.47,1,27,408.0,61.90373611450195,1,1,16,0,0,11860.json,Buggy
3,0.7764756083488464,0.9643104792726068,0,0,0,1,1.89,0,0,11.0,134.26058959960938,0,0,0,0,0,1930.json,NotBuggy
7,0.3710547387599945,0.4388918850631097,0,0,0,1,3.33,0,3,37.0,112.55101776123047,0,2,1,0,0,9964.json,NotBuggy
3,0.9175654053688049,0.9137115508850703,0,0,0,1,1.89,0,0,14.0,132.4454345703125,0,1,0,0,0,1066.json,NotBuggy
7,1.5983749472070485E-4,0.4015868731974554,0,0,0,1,4.71,0,1,41.0,112.32443237304688,0,5,0,0,0,14158.json,NotBuggy
3,0.03732089698314667,0.4508351399420932,0,0,0,1,1.89,0,1,28.0,128.3238067626953,0,1,0,0,0,13563.json,NotBuggy
7,0.2197563350200653,0.42964919599061235,3,2,5,3,4.12,2,2,42.0,111.4319076538086,0,2,1,0,0,12324.json,NotBuggy
3,0.164317324757576,0.8593159373441464,0,0,0,1,1.89,0,2,16.0,131.75106811523438,0,0,0,0,0,8500.json,NotBuggy
3,0.41981270909309387,0.7033466746120332,0,0,0,1,1.89,0,0,20.0,130.30841064453125,0,2,0,0,0,1386.json,NotBuggy
2,0.9845427870750427,0.8769450001277309,0,0,0,1,1.89,0,0,17.0,137.8562469482422,1,3,0,0,0,13713.json,NotBuggy
4,0.011461129412055016,0.23278038214433558,2,2,4,2,3.32,0,1,34.0,121.9708480834961,0,3,0,0,0,11084.json,NotBuggy
2,0.996442437171936,0.9384307880528393,0,0,0,1,1.89,0,0,14.0,139.1788330078125,1,2,0,0,0,13708.json,NotBuggy
21,0.0019548817072063684,3.406403062740268E-8,1,1,2,3,3.8,2,10,148.0,86.00428009033203,0,1,6,0,0,2194.json,NotBuggy
3,0.6490964889526367,0.7947047788068091,0,0,0,1,1.89,0,1,17.0,131.1535186767578,0,0,0,0,0,1713.json,NotBuggy
10,0.1292421668767929,0.07474485940123621,1,1,2,3,3.45,1,6,57.0,103.7650146484375,1,0,1,0,0,5311.json,NotBuggy
3,0.06924773752689362,0.6830249360918131,0,0,0,1,1.89,0,1,22.0,129.81280517578125,0,2,0,0,0,4802.json,NotBuggy
5,0.08686721324920654,0.14476527824309152,0,0,0,1,1.96,0,3,41.0,117.61241912841797,0,0,1,0,0,12005.json,NotBuggy
3,0.9066694378852844,0.8522122998044536,0,0,0,1,1.89,0,0,16.0,131.60296630859375,0,1,0,0,0,13394.json,NotBuggy
15,0.0,1.9178132863946243E-7,1,1,2,2,3.81,1,4,138.0,92.31963348388672,0,3,1,0,0,10500.json,NotBuggy
3,0.9130358695983887,0.9759981380708539,0,0,0,1,1.89,0,1,13.0,133.18099975585938,0,0,0,0,0,14696.json,NotBuggy
15,0.02848765440285206,4.871746477754197E-6,2,1,3,2,3.41,1,5,140.0,92.43018341064453,1,1,2,0,0,2472.json,NotBuggy
3,0.17337051033973694,0.9231062696746998,0,0,0,1,1.89,0,1,17.0,131.1535186767578,0,0,0,0,0,6864.json,NotBuggy
5,0.07814395427703857,0.13746971273478373,0,0,0,1,1.96,0,3,41.0,117.61241912841797,0,0,1,0,0,12046.json,NotBuggy
3,0.4581660330295563,0.8852888934147468,0,0,0,1,1.89,0,0,15.0,132.25152587890625,0,0,0,0,0,2485.json,NotBuggy
3,0.9713621735572815,0.9454944487241949,0,0,0,1,2.0,0,0,17.0,131.03103637695312,1,2,0,0,0,2954.json,NotBuggy
8,0.07620452344417572,0.013999018294152418,3,2,5,3,3.97,1,9,64.0,106.77761840820312,0,1,0,0,0,11036.json,NotBuggy
15,0.21699205040931702,0.010191535867284416,3,2,5,4,2.29,1,7,79.0,94.98663330078125,0,1,3,0,0,2284.json,NotBuggy
1,0.9838520884513855,0.807366594964014,0,0,0,1,0.0,0,1,13.0,150.978515625,0,0,0,0,0,7828.json,Buggy
3,0.21338437497615814,0.6746685320269362,0,0,0,1,3.77,0,0,23.0,129.4591827392578,0,2,0,0,0,3079.json,NotBuggy
3,0.6802571415901184,0.9056976733669911,0,0,0,1,1.89,0,0,15.0,132.25152587890625,0,0,0,0,0,2713.json,NotBuggy
3,0.37548160552978516,0.7198186506234282,0,0,0,1,1.89,0,1,18.0,130.7338104248047,0,0,0,0,0,10663.json,NotBuggy
3,0.9417726397514343,0.9811530236163047,0,0,0,1,1.89,0,0,12.0,133.59722900390625,0,0,0,0,0,12445.json,NotBuggy
2,0.9671555757522583,0.9643120812317925,0,0,0,1,1.89,0,0,14.0,139.1788330078125,1,2,0,0,0,3092.json,NotBuggy
34,0.0,1.023207795542363E-15,2,3,5,4,1.16,1,21,257.0,74.63539123535156,1,3,15,0,0,10525.json,Buggy
7,0.7020781636238098,0.6633515520800463,0,0,0,2,3.02,1,3,35.0,112.68008422851562,0,0,2,0,0,12873.json,NotBuggy
3,0.9256779551506042,0.9034438987443679,0,0,0,1,1.89,0,1,15.0,132.25152587890625,0,1,0,0,0,2096.json,NotBuggy
5,0.09612954407930374,0.1370653393458242,0,0,0,1,1.96,0,3,41.0,117.61241912841797,0,0,1,0,0,12124.json,NotBuggy
2,0.999466598033905,0.9541837243008031,0,0,0,1,1.89,0,0,11.0,140.82913208007812,1,1,0,0,0,6475.json,Buggy
3,0.8159545063972473,0.899098609132058,0,0,0,1,1.89,0,0,14.0,132.4454345703125,0,1,0,0,0,1091.json,NotBuggy
3,0.9191177487373352,0.9694447724510393,0,0,0,1,1.89,0,0,12.0,133.59722900390625,0,0,0,0,0,2790.json,NotBuggy
1,0.9764735698699951,0.8896623549234548,0,0,0,1,0.0,0,0,11.0,152.05810546875,0,1,0,0,0,12386.json,NotBuggy
6,0.5104253888130188,0.6383123857731176,0,0,0,1,1.89,0,4,29.0,116.80848693847656,0,0,0,0,0,9935.json,NotBuggy
6,0.23348617553710938,0.456235613557552,0,0,0,2,2.75,1,2,37.0,114.8182601928711,0,1,2,0,0,7912.json,NotBuggy
24,0.001285598031245172,1.1219995250691452E-9,4,8,12,8,8.66,2,7,172.0,81.88334655761719,0,6,3,0,0,6527.json,NotBuggy
3,0.537358283996582,0.7103948605284977,0,0,0,1,1.89,0,4,21.0,130.05470275878906,0,0,0,0,0,2033.json,NotBuggy
9,0.0051386794075369835,7.375186102607874E-4,0,0,0,1,0.83,0,6,78.0,104.1988525390625,0,0,2,0,0,10756.json,NotBuggy
26,0.001019441639073193,2.5644154578098935E-9,1,1,2,2,5.5,1,38,198.0,81.43365478515625,1,4,2,0,0,14334.json,NotBuggy
3,0.4016456604003906,0.8730560992915556,0,0,0,1,1.89,0,1,17.0,131.28770446777344,0,1,0,0,0,9649.json,NotBuggy
17,0.030482370406389236,0.006539669505489765,1,1,2,3,2.6,1,4,96.0,92.26229095458984,1,0,2,0,0,3067.json,NotBuggy
3,0.6534474492073059,0.8668351441250872,0,0,0,1,1.89,0,0,17.0,131.03103637695312,0,2,0,0,0,11785.json,NotBuggy
4,0.3610507845878601,0.7912537855234931,0,0,0,1,1.0,0,2,23.0,125.05540466308594,0,1,0,0,0,10080.json,NotBuggy
19,0.0013369047082960606,0.0017053663466200675,1,1,2,2,4.92,1,8,113.0,89.71480560302734,1,3,0,0,0,9965.json,NotBuggy
15,1.6940958448685706E-4,4.093282409347042E-9,1,2,3,3,4.54,2,7,147.0,91.46412658691406,0,1,5,0,0,13036.json,NotBuggy
1,0.7714705467224121,0.8029917310543615,0,0,0,1,0.0,0,1,15.0,150.04904174804688,0,0,0,0,0,10083.json,NotBuggy
8,0.05152689665555954,0.011275646229783571,2,1,3,2,2.83,1,2,64.0,106.90563201904297,0,1,3,0,0,12650.json,NotBuggy
3,0.10884641855955124,0.6338538835941447,0,0,0,1,1.89,0,1,24.0,129.12539672851562,0,2,0,0,0,9888.json,NotBuggy
5,0.0692371129989624,0.5681057740041313,2,1,3,2,2.99,1,3,32.0,118.92383575439453,0,1,0,0,0,14547.json,NotBuggy
18,0.13991627097129822,0.0050661385833007215,2,5,7,5,3.52,2,11,100.0,90.49662017822266,1,1,1,0,0,9166.json,NotBuggy
14,0.07206248492002487,0.018197478543817192,4,2,6,3,7.41,2,10,76.0,96.71623229980469,0,0,3,0,0,2116.json,NotBuggy
20,0.02131655439734459,1.2094852656211448E-5,0,0,0,1,7.48,0,24,137.0,87.89336395263672,1,0,1,0,0,10076.json,NotBuggy
3,0.0,0.5324703870053672,0,0,0,1,1.89,0,0,26.0,128.8216552734375,0,0,0,0,0,10112.json,NotBuggy
3,0.5755854845046997,0.8850330350274699,0,0,0,1,1.89,0,1,16.0,131.75106811523438,0,0,0,0,0,8937.json,NotBuggy
3,0.47490718960762024,0.8035076872006014,0,0,0,1,1.89,0,2,18.0,130.99049377441406,0,0,0,0,0,9923.json,NotBuggy
3,0.5443600416183472,0.8020697315083155,0,0,0,1,1.89,0,1,19.0,130.57513427734375,0,2,0,0,0,5547.json,NotBuggy
9,0.25721457600593567,0.15894314681391308,0,0,0,1,1.66,0,7,46.0,107.1583251953125,0,0,0,0,0,9171.json,NotBuggy
2,0.9019225239753723,0.904688140570737,0,0,0,1,0.0,0,0,11.0,140.82913208007812,0,1,0,0,0,2357.json,NotBuggy
1,0.9733087420463562,0.9003164355262557,0,0,0,1,0.0,0,0,11.0,152.05810546875,0,1,0,0,0,14368.json,NotBuggy
11,0.18849685788154602,0.12396228999402553,1,1,2,2,4.92,1,6,58.0,102.16474914550781,1,0,0,0,0,14304.json,NotBuggy
2,0.9158422946929932,0.9003515130060712,0,0,0,1,0.0,0,0,11.0,140.82913208007812,0,1,0,0,0,2246.json,NotBuggy
21,0.0021565055940300226,6.266739125121982E-11,6,5,11,5,1.78,2,16,172.0,84.50498962402344,0,1,8,0,0,9755.json,NotBuggy
75,0.0,1.9549790901428265E-17,1,1,2,7,6.08,2,27,353.0,59.140159606933594,1,1,2,0,0,6175.json,Buggy
8,0.1319587230682373,0.5968386759441449,1,1,2,2,3.12,1,1,40.0,109.82251739501953,0,2,0,0,0,12827.json,NotBuggy
31,0.013232226483523846,2.935726229968716E-7,4,6,10,7,10.1,4,4,166.0,78.26102447509766,0,1,7,0,0,12609.json,NotBuggy
5,0.09975096583366394,0.13614991018036798,0,0,0,1,1.96,0,3,41.0,117.61241912841797,0,0,1,0,0,12052.json,NotBuggy
28,1.219226760440506E-4,5.387468260912828E-7,6,6,12,7,2.24,1,25,174.0,79.96046447753906,1,1,2,0,0,12815.json,NotBuggy
3,0.9466131925582886,0.9612402003491063,0,0,0,1,1.89,0,0,12.0,133.59722900390625,0,0,0,0,0,11412.json,NotBuggy
1,0.9838520884513855,0.807366594964014,0,0,0,1,0.0,0,1,13.0,150.978515625,0,0,0,0,0,11565.json,Buggy
4,0.36525261402130127,0.8613980452145573,0,0,0,1,2.0,0,2,20.0,125.78216552734375,0,0,0,0,0,2622.json,NotBuggy
3,0.6447290182113647,0.6290914835068679,0,0,0,1,1.89,0,3,23.0,129.2428436279297,0,1,0,0,0,2632.json,NotBuggy
4,0.29904961585998535,0.6076121899867104,0,0,0,1,4.9,0,4,26.0,123.94486236572266,0,1,0,0,0,2059.json,NotBuggy
27,1.3090175343677402E-4,9.47817780754003E-13,0,0,0,1,3.48,0,34,219.0,80.01776885986328,1,0,2,0,0,8626.json,NotBuggy
4,0.8156925439834595,0.8648043486038924,0,0,0,1,2.0,0,1,22.0,125.28655242919922,0,0,1,0,0,14664.json,NotBuggy
3,0.5011634230613708,0.9189874374542528,0,0,0,1,1.89,0,1,15.0,132.25152587890625,0,0,0,0,0,14540.json,NotBuggy
3,0.26306217908859253,0.552147287691569,0,0,0,1,1.89,0,3,26.0,128.8216552734375,0,1,0,0,0,10819.json,NotBuggy
8,0.7594437599182129,0.04453508959460472,0,0,0,1,1.73,0,3,60.0,107.5732192993164,0,3,3,0,0,6179.json,Buggy
8,0.014634449034929276,0.049758840169972014,1,1,2,2,3.71,1,2,59.0,107.73138427734375,0,1,1,0,0,13092.json,NotBuggy
3,0.8372208476066589,0.8307669976781211,0,0,0,1,1.89,0,0,18.0,130.99049377441406,0,1,0,0,0,9607.json,NotBuggy
3,0.7764756083488464,0.9643104792726068,0,0,0,1,1.89,0,0,11.0,134.26058959960938,0,0,0,0,0,10131.json,NotBuggy
4,0.7624355554580688,0.9061582396663985,0,0,0,1,2.0,0,1,18.0,126.33003997802734,0,1,0,0,0,9854.json,NotBuggy
26,0.003572392975911498,8.677845067559044E-7,2,3,5,4,2.63,2,20,141.0,82.46502685546875,1,1,3,0,0,12328.json,Buggy
2,0.9982846975326538,0.8797111817543434,0,0,0,1,1.89,0,0,13.0,139.56419372558594,1,1,0,0,0,6544.json,NotBuggy
5,0.792219340801239,0.3976240049558527,1,1,2,2,1.96,0,2,30.0,119.16963195800781,0,0,1,0,0,7973.json,NotBuggy
3,0.920684278011322,0.9516653704173313,0,0,0,1,1.89,0,0,13.0,132.9956512451172,0,0,0,0,0,2757.json,NotBuggy
7,0.8865535259246826,0.4854872411924856,1,1,2,2,3.02,1,4,42.0,111.66191101074219,0,1,2,0,0,14700.json,NotBuggy
3,0.4100327491760254,0.8859365329722304,0,0,0,1,1.89,0,0,14.0,132.61029052734375,0,0,0,0,0,13945.json,NotBuggy
5,0.9768115282058716,0.5821222534990441,0,0,0,1,1.73,0,0,32.0,119.06403350830078,1,0,1,0,0,8833.json,NotBuggy
3,0.4016456604003906,0.8730560992915556,0,0,0,1,1.89,0,1,17.0,131.28770446777344,0,1,0,0,0,9457.json,NotBuggy
2,0.9305575489997864,0.9053725128064858,0,0,0,1,0.0,0,0,11.0,140.82913208007812,0,1,0,0,0,2621.json,NotBuggy
14,0.08619657158851624,3.871887993987893E-4,0,0,0,1,3.92,1,9,92.0,95.74209594726562,0,0,3,0,0,11210.json,NotBuggy
11,0.17926441133022308,0.028091964447568393,2,3,5,3,2.67,1,7,65.0,101.4360580444336,1,2,1,0,0,5578.json,NotBuggy
2,0.9671555757522583,0.9643120812317925,0,0,0,1,1.89,0,0,14.0,139.1788330078125,1,2,0,0,0,2955.json,NotBuggy
7,0.0878089889883995,0.27894794457345473,3,2,5,2,3.96,1,9,45.0,111.61035919189453,0,0,0,0,0,2129.json,NotBuggy
3,3.79449047613889E-4,0.4145976476240439,0,0,0,1,1.89,0,0,26.0,128.60531616210938,0,0,0,0,0,10686.json,NotBuggy
3,0.5275578498840332,0.6242057063681357,0,0,0,1,1.89,0,3,22.0,129.81280517578125,0,1,0,0,0,5255.json,NotBuggy
3,0.21338437497615814,0.6746685320269362,0,0,0,1,3.77,0,0,23.0,129.4591827392578,0,2,0,0,0,3008.json,NotBuggy
5,0.6840239763259888,0.4831569483074349,0,0,0,1,1.89,0,4,38.0,117.86318969726562,1,3,0,0,0,2759.json,NotBuggy
11,0.03889907896518707,0.10942320751841378,1,1,2,3,3.95,2,2,59.0,101.98957061767578,0,0,3,0,0,9873.json,NotBuggy
2,0.9995259642601013,0.9140471578409515,0,0,0,1,1.89,0,0,11.0,140.82913208007812,1,1,0,0,0,2157.json,NotBuggy
3,0.767003059387207,0.8498682437251681,0,0,0,1,1.89,0,2,18.0,130.99049377441406,0,1,0,0,0,11779.json,NotBuggy
3,0.9387936592102051,0.9845250639544986,0,0,0,1,1.89,0,1,13.0,133.18099975585938,0,0,0,0,0,6288.json,NotBuggy
3,0.03536149114370346,0.7123568094667738,0,0,0,1,3.77,0,1,22.0,129.69032287597656,0,2,0,0,0,1858.json,NotBuggy
5,0.18642444908618927,0.4495265240936845,0,0,0,1,1.96,0,2,30.0,119.58580780029297,0,1,1,0,0,11598.json,Buggy
3,0.7050719261169434,0.8323812523975069,0,0,0,1,1.89,0,1,18.0,130.85629272460938,0,1,0,0,0,10881.json,NotBuggy
5,0.515721321105957,0.6349954737653022,1,1,2,2,2.99,1,5,28.0,119.81843566894531,0,0,0,0,0,2769.json,NotBuggy
5,0.7429301738739014,0.6634810284240727,0,0,0,1,3.58,0,3,29.0,119.97843933105469,0,0,0,0,0,8844.json,NotBuggy
3,0.6935778260231018,0.9116022499961453,0,0,0,1,1.89,0,0,15.0,132.25152587890625,0,0,0,0,0,2629.json,NotBuggy
3,0.3776838481426239,0.9042808063274479,0,0,0,1,1.89,0,0,14.0,132.61029052734375,0,0,0,0,0,14058.json,NotBuggy
3,0.7578468918800354,0.9579242538537098,0,0,0,1,1.89,0,0,12.0,133.59722900390625,0,0,0,0,0,12915.json,NotBuggy
14,0.7537698149681091,0.8996326551405912,2,1,3,2,3.63,1,1,52.0,99.32233428955078,0,1,1,0,0,5786.json,NotBuggy
15,0.007079588249325752,2.3395021537354834E-4,6,4,10,4,5.27,3,12,100.0,93.76087951660156,0,1,3,0,0,2228.json,NotBuggy
5,0.3300263583660126,0.7730979422856321,0,0,0,1,1.96,0,3,25.0,120.7502212524414,0,1,0,0,0,9090.json,NotBuggy
3,0.8699777126312256,0.896627521434843,0,0,0,1,1.89,0,0,14.0,132.4454345703125,0,0,0,0,0,11606.json,Buggy
8,0.14201553165912628,0.0036143346445178222,2,2,4,2,0.87,0,5,65.0,106.82501220703125,0,0,2,0,0,9099.json,NotBuggy
7,0.14934056997299194,0.3879078925555428,2,1,3,2,5.11,1,5,40.0,111.98572540283203,0,1,1,0,0,2573.json,NotBuggy
3,0.685809314250946,0.5789942164517675,0,0,0,1,1.89,0,3,25.0,129.0255889892578,0,1,0,0,0,1771.json,NotBuggy
29,0.0,4.002898424329018E-6,6,6,12,6,6.4,4,19,154.0,79.9332504272461,1,2,4,0,0,5434.json,NotBuggy
6,0.6872854232788086,0.7751984165752529,1,1,2,2,2.75,1,0,27.0,116.9500732421875,0,1,0,0,0,1890.json,NotBuggy
3,0.7341375350952148,0.9576784982038451,0,0,0,1,1.89,0,1,15.0,132.25152587890625,0,0,0,0,0,9540.json,NotBuggy
9,0.023919595405459404,0.05363887156935755,0,0,0,1,1.66,0,5,61.0,105.57917785644531,0,0,1,0,0,14665.json,NotBuggy
5,0.3828205466270447,0.4851127768191516,0,0,0,1,1.96,0,4,34.0,118.748779296875,0,0,1,0,0,2005.json,NotBuggy
3,0.6667417883872986,0.9580774950841038,0,0,0,1,1.89,0,1,15.0,132.25152587890625,0,0,0,0,0,2427.json,NotBuggy
3,0.8463910222053528,0.8471984167034047,0,0,0,1,3.77,0,0,18.0,130.99049377441406,0,1,0,0,0,3065.json,NotBuggy
17,0.07062319666147232,2.452833608396704E-4,0,0,0,2,2.7,1,5,108.0,91.5666275024414,0,2,3,0,0,12692.json,NotBuggy
3,0.7944256067276001,0.9399699970185298,0,0,0,1,1.89,0,0,12.0,133.59722900390625,0,0,0,0,0,14454.json,NotBuggy
19,0.1799674779176712,7.247981394123357E-5,3,2,5,3,4.73,1,10,113.0,89.02871704101562,0,1,4,0,0,12740.json,NotBuggy
3,0.04183973744511604,0.4183359333369298,0,0,0,1,1.89,0,2,26.0,128.60531616210938,0,2,0,0,0,2728.json,NotBuggy
6,0.5199369192123413,0.7627679759457004,1,1,2,2,2.75,1,4,30.0,116.4021987915039,0,0,0,0,0,2603.json,NotBuggy
11,0.02322486601769924,0.8051704328542867,0,0,0,1,4.82,0,2,42.0,104.3805160522461,1,2,1,0,0,13683.json,NotBuggy
5,0.0877876728773117,0.14599544359290753,0,0,0,1,1.96,0,3,41.0,117.61241912841797,0,0,1,0,0,11964.json,NotBuggy
3,0.26735490560531616,0.5211518361091736,0,0,0,1,1.89,0,4,26.0,128.60531616210938,0,1,0,0,0,2209.json,NotBuggy
8,0.04587408900260925,0.05773767497882927,1,2,3,3,1.41,0,3,55.0,107.93655395507812,0,1,0,0,0,9760.json,NotBuggy
8,0.1768312305212021,0.21201583438543534,5,3,8,2,4.08,1,11,51.0,108.3597412109375,1,1,0,0,0,1827.json,NotBuggy
16,0.12203654646873474,1.252823387916621E-4,3,3,6,3,2.45,1,6,97.0,92.8110580444336,0,2,3,0,0,6660.json,NotBuggy
10,0.124653659760952,0.02532385174778909,1,1,2,2,3.06,1,9,64.0,103.24285125732422,1,1,1,0,0,6134.json,Buggy
3,0.7749634385108948,0.9279845601392069,0,0,0,1,1.89,0,0,17.0,131.1535186767578,0,1,0,0,0,14529.json,NotBuggy
3,0.9547502398490906,0.9726626151248889,0,0,0,1,1.89,0,0,14.0,132.4454345703125,0,0,0,0,0,5777.json,NotBuggy
6,0.44921573996543884,0.7378148767214844,1,1,2,2,2.75,1,3,31.0,116.13532257080078,0,1,0,0,0,14465.json,NotBuggy
3,0.6367712020874023,0.8832179260305449,0,0,0,1,1.89,0,0,17.0,131.28770446777344,0,1,0,0,0,5792.json,NotBuggy
22,0.0,2.9804744463509554E-10,0,0,0,1,5.96,0,30,179.0,84.69549560546875,0,0,0,0,0,10093.json,NotBuggy
57,0.0,5.404291210318963E-9,13,18,31,18,8.02,5,20,258.0,63.17002868652344,1,2,6,0,0,5480.json,Buggy
4,0.8716688752174377,0.8570877711585371,0,0,0,1,3.32,0,0,19.0,125.79222106933594,0,1,0,0,0,9237.json,NotBuggy
2,0.9760125279426575,0.8841627911965227,0,0,0,1,1.89,0,0,17.0,138.00436401367188,1,3,0,0,0,6010.json,NotBuggy
6,0.6086050271987915,0.7905586096240932,1,1,2,2,2.75,1,0,27.0,116.9500732421875,0,1,0,0,0,1705.json,NotBuggy
7,0.12193866074085236,0.47553407078585846,4,2,6,3,4.12,2,5,41.0,111.95423889160156,0,1,0,0,0,14568.json,NotBuggy
5,0.5025746822357178,0.6929260819682218,1,1,2,2,2.99,1,5,28.0,119.81843566894531,0,0,0,0,0,2598.json,NotBuggy
9,0.8056756854057312,0.4686717061838578,2,2,4,3,2.67,1,2,45.0,107.07196044921875,0,0,2,0,0,12105.json,NotBuggy
3,0.8232488632202148,0.9599250567589048,0,0,0,1,1.89,0,1,15.0,132.086669921875,0,0,0,0,0,12381.json,NotBuggy
4,0.830011785030365,0.48735289926811,0,0,0,1,1.96,0,4,31.0,122.84404754638672,1,1,0,0,0,12817.json,NotBuggy
2,0.9671555757522583,0.9643120812317925,0,0,0,1,1.89,0,0,14.0,139.1788330078125,1,2,0,0,0,2941.json,NotBuggy
10,0.058574505150318146,0.009631586258887196,3,3,6,3,3.6,1,5,69.0,102.77153015136719,0,1,3,0,0,2437.json,NotBuggy
87,0.0,2.749095751110197E-29,4,5,9,6,6.64,4,51,526.0,54.90376281738281,1,0,13,0,0,6262.json,NotBuggy
4,0.8919020295143127,0.7878113694253364,0,0,0,1,2.0,0,5,24.0,124.57742309570312,0,0,0,0,0,2631.json,NotBuggy
4,0.553069531917572,0.9177366294850947,0,0,0,1,3.32,0,0,17.0,126.4930648803711,0,2,0,0,0,639.json,NotBuggy
5,0.07901355624198914,0.6296078744829995,0,0,0,1,1.96,0,4,32.0,119.06403350830078,0,1,1,0,0,11209.json,NotBuggy
27,0.0019451089901849627,4.728628662746219E-6,4,3,7,3,4.4,2,9,148.0,82.0450210571289,1,3,4,0,0,9241.json,NotBuggy
1,0.9380558729171753,0.8650121252865666,0,0,0,1,0.0,0,0,12.0,151.39474487304688,0,0,0,0,0,14371.json,NotBuggy
3,0.9063408374786377,0.9680203715709162,0,0,0,1,1.89,0,0,12.0,133.59722900390625,0,0,0,0,0,2200.json,NotBuggy
6,0.27002233266830444,0.5762780567944777,2,2,4,2,2.75,1,2,33.0,115.63639831542969,0,1,0,0,0,2293.json,NotBuggy
8,0.7977461814880371,0.8768451650051577,1,2,3,2,3.67,1,3,33.0,111.0599594116211,1,1,0,0,0,10609.json,NotBuggy
5,0.9476304650306702,0.8431846690371224,0,0,0,1,2.98,0,3,24.0,120.85002136230469,1,0,1,0,0,1963.json,NotBuggy
3,0.9713621735572815,0.9454944487241949,0,0,0,1,2.0,0,0,17.0,131.03103637695312,1,2,0,0,0,2890.json,NotBuggy
3,0.5329318046569824,0.734836009912169,0,0,0,1,1.89,0,3,22.0,129.69032287597656,0,0,0,0,0,2255.json,NotBuggy
12,0.2486005276441574,0.001869369287566157,3,3,6,4,1.32,2,3,79.0,98.5605239868164,1,2,1,0,0,8222.json,NotBuggy
5,0.7844488024711609,0.6724663102647718,0,0,0,1,1.89,0,3,35.0,118.5980453491211,1,1,0,0,0,1729.json,NotBuggy
14,0.024256370961666107,5.921518869471563E-10,0,0,0,1,1.4,0,1,170.0,92.54924774169922,0,6,4,0,0,1966.json,NotBuggy
3,0.9923132658004761,0.93348437095788,0,0,0,1,2.0,0,0,14.0,132.4454345703125,1,1,0,0,0,13750.json,NotBuggy
19,0.0014044668059796095,6.7725666523359975E-6,0,0,0,1,3.96,0,16,128.0,89.18180084228516,0,0,0,0,0,10652.json,NotBuggy
3,0.26744401454925537,0.9027583375406404,0,0,0,1,1.89,0,0,17.0,131.28770446777344,0,1,0,0,0,8486.json,NotBuggy
3,0.995505154132843,0.9863738243703573,0,0,0,1,2.16,0,1,18.0,131.1385955810547,1,0,0,0,0,11537.json,NotBuggy
1,0.9893947243690491,0.84455430860572,0,0,0,1,0.0,0,0,12.0,151.39474487304688,0,0,0,0,0,7992.json,Buggy
2,0.9784138202667236,0.9670745532895381,0,0,0,1,1.89,0,0,11.0,140.82913208007812,1,1,0,0,0,5062.json,NotBuggy
11,0.08190714567899704,0.018039234553227288,2,1,3,2,5.47,1,11,71.0,101.42046356201172,0,1,2,0,0,2042.json,NotBuggy
3,0.6679937839508057,0.6424051066023799,0,0,0,1,1.89,0,3,23.0,129.34671020507812,0,1,0,0,0,2786.json,NotBuggy
7,0.48632946610450745,0.9383048920453813,0,0,0,1,6.31,0,2,29.0,114.04106140136719,0,0,1,0,0,6447.json,Buggy
3,0.9713621735572815,0.9454944487241949,0,0,0,1,2.0,0,0,17.0,131.03103637695312,1,2,0,0,0,3091.json,NotBuggy
3,0.8398849964141846,0.9562100206333156,0,0,0,1,1.89,0,0,12.0,133.59722900390625,0,0,0,0,0,14642.json,NotBuggy
4,0.6941121816635132,0.7921248254339763,0,0,0,1,2.0,0,0,19.0,125.79222106933594,0,1,0,0,0,1124.json,NotBuggy
3,0.7373833060264587,0.8857588914467098,0,0,0,1,1.89,0,0,15.0,132.25152587890625,0,0,0,0,0,7689.json,NotBuggy
14,0.2537452280521393,0.7220215803169708,1,4,5,6,2.7,2,0,49.0,98.78144836425781,0,1,0,0,0,3136.json,NotBuggy
3,0.6498743295669556,0.8997104659780318,0,0,0,1,1.89,0,1,17.0,131.43582153320312,0,1,0,0,0,2172.json,NotBuggy
17,0.009401901625096798,7.897855544174203E-5,1,1,2,2,2.86,1,10,112.0,91.41220092773438,1,1,4,0,0,9151.json,NotBuggy
13,0.2821144461631775,0.005740707114292178,3,4,7,4,3.72,2,7,82.0,97.03041076660156,0,0,3,0,0,6419.json,NotBuggy
3,0.5082504153251648,0.7542228956299479,0,0,0,1,1.89,0,3,20.0,130.30841064453125,0,0,0,0,0,2322.json,NotBuggy
4,0.010609548538923264,0.6132693724981327,0,0,0,1,4.9,0,0,26.0,123.94486236572266,0,0,0,0,0,10056.json,NotBuggy
2,0.9972941279411316,0.9323353787970752,0,0,0,1,1.89,0,0,11.0,140.82913208007812,1,1,0,0,0,9302.json,NotBuggy
10,0.07070107012987137,0.06756682677194169,3,2,5,3,3.6,2,7,58.0,103.78611755371094,0,1,2,0,0,2003.json,NotBuggy
15,0.007079588249325752,2.3395021537354834E-4,6,4,10,4,5.27,3,12,100.0,93.76087951660156,0,1,3,0,0,2445.json,NotBuggy
3,0.09830493479967117,0.9302153394469733,0,0,0,1,1.89,0,0,12.0,133.59722900390625,0,0,0,0,0,5757.json,NotBuggy
3,0.7506970763206482,0.8882836755546999,0,0,0,1,1.89,0,1,14.0,132.61029052734375,0,1,0,0,0,10437.json,NotBuggy
39,1.983638503588736E-4,1.4203421746170863E-12,12,9,21,12,14.97,10,21,237.0,71.15896606445312,1,1,9,0,0,13134.json,NotBuggy
3,0.040535882115364075,0.8316746715686993,0,0,0,1,1.89,0,0,17.0,131.28770446777344,0,1,0,0,0,5762.json,NotBuggy
5,0.6044467091560364,0.6294117151960321,1,1,2,2,2.99,1,3,27.0,119.9036865234375,0,1,0,0,0,2098.json,NotBuggy
6,0.01229074690490961,0.19757862405982674,0,0,0,1,2.75,0,2,42.0,114.19991302490234,0,3,0,0,0,8380.json,NotBuggy
3,0.9603030681610107,0.9175163415504382,0,0,0,1,2.0,0,0,14.0,132.61029052734375,1,1,0,0,0,352.json,NotBuggy
2,0.9671555757522583,0.9643120812317925,0,0,0,1,1.89,0,0,14.0,139.1788330078125,1,2,0,0,0,3097.json,NotBuggy
5,0.18106459081172943,0.8619070488080915,0,0,0,1,2.99,0,2,22.0,121.41495513916016,0,2,0,0,0,9424.json,NotBuggy
6,0.853139340877533,0.9066966344289915,2,1,3,2,2.75,1,1,24.0,117.77888488769531,0,1,0,0,0,9397.json,NotBuggy
3,0.5459625720977783,0.8104962489359181,0,0,0,1,1.89,0,3,19.0,130.70933532714844,0,0,0,0,0,1736.json,Buggy
3,0.858559250831604,0.9248546580442764,0,0,0,1,1.89,0,1,17.0,131.78602600097656,0,0,0,0,0,9411.json,NotBuggy
3,0.9215434789657593,0.9402163183997841,0,0,0,1,1.89,0,0,13.0,132.9956512451172,0,0,0,0,0,9741.json,NotBuggy
67,0.0,2.3409724985541986E-33,12,16,28,15,5.34,6,47,499.0,57.31573486328125,1,1,11,0,0,5884.json,Buggy
4,0.011074868962168694,0.2570296579056914,2,2,4,2,3.32,0,1,34.0,121.9708480834961,0,3,0,0,0,2524.json,NotBuggy
10,0.4276288151741028,0.3718152882600804,3,2,5,3,3.6,2,5,51.0,104.78852081298828,0,0,2,0,0,2378.json,NotBuggy
6,0.41992586851119995,0.7913309787822628,2,1,3,2,2.75,1,2,29.0,116.5784912109375,0,1,0,0,0,202.json,NotBuggy
7,0.473610520362854,0.959182983753916,0,0,0,1,1.32,0,3,50.0,111.29248809814453,1,0,1,0,0,13897.json,NotBuggy
3,0.7720814943313599,0.903877397611602,0,0,0,1,1.89,0,0,18.0,130.7338104248047,0,1,0,0,0,12438.json,NotBuggy
9,0.04792404547333717,0.05201650441215299,0,0,0,2,2.95,1,4,56.0,105.74180603027344,0,2,2,0,0,313.json,NotBuggy
6,0.6011784672737122,0.8147026018913572,1,1,2,2,2.75,1,2,27.0,116.7638931274414,0,0,0,0,0,12717.json,NotBuggy
7,0.6962931156158447,0.028478108540948198,0,0,0,1,2.56,0,3,50.0,110.68449401855469,1,0,3,0,0,9712.json,NotBuggy
3,0.051301028579473495,0.5807991728152683,0,0,0,1,1.89,0,0,22.0,129.57785034179688,0,0,0,0,0,13124.json,NotBuggy
3,0.43606287240982056,0.9118167675509702,0,0,0,1,1.89,0,0,14.0,132.61029052734375,0,0,0,0,0,838.json,NotBuggy
8,0.12228307127952576,0.4792920114201801,1,1,2,2,2.4,1,7,42.0,109.89572143554688,0,1,0,0,0,1959.json,NotBuggy
3,0.6561214923858643,0.8932316813039761,0,0,0,1,1.89,0,1,17.0,131.43582153320312,0,1,0,0,0,1832.json,NotBuggy
27,0.00676575256511569,1.0557807885661493E-6,3,2,5,3,3.3,2,17,170.0,81.44941711425781,1,1,3,0,0,12338.json,NotBuggy
6,0.551933765411377,0.7237385911175838,2,1,3,2,3.27,1,2,29.0,116.30830383300781,0,2,0,0,0,9395.json,NotBuggy
10,0.8101987838745117,0.32223921043430825,2,2,4,3,3.6,2,4,55.0,104.06228637695312,0,0,3,0,0,14565.json,NotBuggy
51,0.0,3.7509425458824984E-15,5,13,18,8,3.92,2,31,306.0,66.50919342041016,1,1,7,0,0,12337.json,NotBuggy
3,0.6940150260925293,0.8975367254633679,0,0,0,1,1.89,0,0,16.0,131.75106811523438,0,0,0,0,0,9467.json,NotBuggy
3,0.6425208449363708,0.9113195114137692,0,0,0,1,1.89,0,0,17.0,131.28770446777344,0,1,0,0,0,14581.json,NotBuggy
9,0.20604382455348969,0.08675863565163697,3,2,5,3,4.26,2,9,57.0,105.77262878417969,0,0,2,0,0,2113.json,NotBuggy
17,0.20274235308170319,1.1993014227833005E-4,4,3,7,5,2.31,4,6,99.0,91.14127349853516,1,1,4,0,0,12214.json,NotBuggy
3,0.9597454071044922,0.8766528696155066,0,0,0,1,2.0,0,0,17.0,131.1535186767578,1,2,0,0,0,13761.json,NotBuggy
8,0.591973066329956,0.5130635263943667,1,1,2,2,2.4,1,3,40.0,109.82251739501953,0,0,2,0,0,2708.json,NotBuggy
18,0.0795334056019783,7.677712199672353E-6,2,1,3,2,2.67,1,16,131.0,89.63671112060547,0,0,4,0,0,10134.json,NotBuggy
8,0.7169697284698486,0.9512506706238777,0,0,0,1,4.47,1,3,31.0,111.8012466430664,0,0,0,0,0,12375.json,NotBuggy
3,0.9162221550941467,0.8649519458918062,0,0,0,1,1.89,0,0,16.0,131.60296630859375,0,1,0,0,0,13486.json,NotBuggy
11,0.2821565270423889,0.09880778007599375,1,1,2,2,2.06,1,7,59.0,102.32613372802734,0,1,1,0,0,14396.json,NotBuggy
3,0.8232488632202148,0.9599250567589048,0,0,0,1,1.89,0,1,15.0,132.086669921875,0,0,0,0,0,12371.json,NotBuggy
8,0.13841469585895538,0.0904937209107325,1,2,3,3,2.83,2,2,53.0,108.05906677246094,0,1,0,0,0,13562.json,NotBuggy
11,0.0,0.11029702306642422,0,0,0,1,8.5,0,2,71.0,102.06290435791016,0,1,0,0,0,1785.json,NotBuggy
8,0.020142361521720886,0.004346900955757068,2,1,3,2,3.32,1,10,68.0,106.69236755371094,0,1,3,0,0,8867.json,NotBuggy
80,0.0,2.6431970528731882E-23,17,15,32,16,5.92,7,42,411.0,55.13248062133789,1,1,16,0,0,6167.json,NotBuggy
6,0.6624001860618591,0.9115190820936505,1,1,2,2,2.75,1,1,24.0,117.77888488769531,0,0,0,0,0,9520.json,NotBuggy
6,0.019659696146845818,0.08993177659299052,0,0,0,1,2.75,0,5,44.0,114.01789855957031,0,1,1,0,0,11407.json,NotBuggy
2,0.9968662858009338,0.9276742051477215,0,0,0,1,1.89,0,0,14.0,139.1788330078125,1,2,0,0,0,13828.json,NotBuggy
6,0.5310987830162048,0.3601435863346913,1,1,2,2,2.0,1,4,36.0,115.18394470214844,0,0,1,0,0,9368.json,Buggy
46,9.686052799224854E-4,5.086221816802502E-9,7,12,19,13,5.18,6,21,235.0,68.57096099853516,1,1,11,0,0,11722.json,NotBuggy
17,0.14711438119411469,1.4900989665863899E-6,3,3,6,4,1.87,2,9,122.0,90.34405517578125,0,1,6,0,0,12094.json,NotBuggy
3,0.6301521062850952,0.9113997843457314,0,0,0,1,1.89,0,0,14.0,132.61029052734375,0,0,0,0,0,14060.json,NotBuggy
23,0.0012356379302218556,3.114261886163411E-7,7,5,12,6,4.21,3,14,146.0,84.02332305908203,0,2,6,0,0,5519.json,NotBuggy
2,0.9033185243606567,0.9555449723422187,0,0,0,1,0.0,0,0,11.0,140.82913208007812,0,1,0,0,0,12668.json,NotBuggy
6,0.5598882436752319,0.8598044020748479,1,1,2,2,2.75,1,2,29.0,116.5784912109375,0,0,0,0,0,7794.json,NotBuggy
3,0.08850317448377609,0.6100554546982565,0,0,0,1,1.89,0,2,24.0,129.12539672851562,0,2,0,0,0,5468.json,NotBuggy
3,0.5043197274208069,0.7963857885057234,0,0,0,1,1.89,0,1,17.0,131.43582153320312,0,1,0,0,0,5059.json,NotBuggy
2,0.9994369149208069,0.9640802520470877,0,0,0,1,1.89,0,0,11.0,140.82913208007812,1,1,0,0,0,2343.json,NotBuggy
17,0.019404733553528786,2.907968573893929E-4,2,1,3,4,5.22,3,13,100.0,91.50682067871094,0,0,6,0,0,2482.json,NotBuggy
3,0.5796393156051636,0.7836654589950145,1,1,2,2,1.89,0,1,20.0,130.0784149169922,0,1,0,0,0,7193.json,NotBuggy
4,0.9623860120773315,0.9161734155142407,0,0,0,1,2.0,0,0,19.0,125.91468811035156,0,1,0,0,0,6113.json,NotBuggy
7,0.12689656019210815,0.11431926093507085,2,1,3,2,2.56,1,6,48.0,110.90117645263672,0,1,1,0,0,2225.json,NotBuggy
3,0.04696117714047432,0.7734066152577437,0,0,0,1,1.89,0,1,18.0,130.85629272460938,0,1,0,0,0,2671.json,NotBuggy
2,0.038393862545490265,0.9617329629895384,0,0,0,1,0.0,0,0,9.0,142.4026641845703,0,0,0,0,0,12667.json,NotBuggy
7,0.4746618866920471,0.18407737813664338,1,1,2,2,5.11,1,1,42.0,111.47267150878906,1,1,0,0,0,13193.json,NotBuggy
2,0.5335844159126282,0.8471671640282258,0,0,0,1,0.0,0,0,14.0,139.0139617919922,0,2,0,0,0,2396.json,NotBuggy
3,0.8463910222053528,0.8471984167034047,0,0,0,1,3.77,0,0,18.0,130.99049377441406,0,1,0,0,0,2964.json,NotBuggy
7,0.38233065605163574,0.38775242240625385,2,3,5,2,2.56,1,2,37.0,112.13178253173828,0,1,1,0,0,6156.json,Buggy
3,0.7169431447982788,0.9233326839570927,0,0,0,1,1.89,0,0,13.0,132.9956512451172,0,0,0,0,0,11935.json,NotBuggy
6,0.07674720883369446,0.8405984346426263,1,1,2,2,2.75,1,2,25.0,117.6890869140625,0,0,0,0,0,10116.json,NotBuggy
29,0.004868341144174337,3.161680492214147E-8,6,6,12,7,2.03,1,19,184.0,78.9276351928711,0,1,8,0,0,6700.json,NotBuggy
31,4.312936798669398E-4,2.4415853830260343E-8,8,8,16,7,3.46,2,14,182.0,77.62274169921875,1,2,5,0,0,121.json,Buggy
2,0.9038503170013428,0.904881926736486,0,0,0,1,0.0,0,0,11.0,140.82913208007812,0,1,0,0,0,9329.json,NotBuggy
3,0.5843743681907654,0.9277981815828514,0,0,0,1,1.89,0,0,12.0,133.59722900390625,0,0,0,0,0,2012.json,NotBuggy
5,0.5516111850738525,0.6896595984194712,1,1,2,2,2.99,1,5,28.0,119.81843566894531,0,0,0,0,0,2230.json,NotBuggy
3,0.9398859739303589,0.9179218178340398,0,0,0,1,1.89,0,0,15.0,132.086669921875,0,1,0,0,0,14440.json,NotBuggy
11,0.024032797664403915,1.9927071731611984E-4,5,5,10,6,2.67,0,7,87.0,99.23015594482422,0,0,1,0,0,7972.json,NotBuggy
10,0.20085884630680084,0.4417663251359787,2,2,4,3,4.1,2,4,54.0,104.34693908691406,0,1,0,0,0,12764.json,NotBuggy
4,0.7150799632072449,0.4018395977388729,0,0,0,1,2.0,0,3,28.0,123.46312713623047,0,0,1,0,0,2466.json,NotBuggy
11,0.25060826539993286,9.61740294191674E-4,6,4,10,5,1.21,1,6,82.0,99.67411041259766,0,1,3,0,0,7547.json,NotBuggy
8,0.020695440471172333,0.19441613515002756,2,1,3,2,6.3,1,5,46.0,108.95927429199219,0,1,0,0,0,10094.json,NotBuggy
5,0.07901355624198914,0.6296078744829995,0,0,0,1,1.96,0,4,32.0,119.06403350830078,0,1,1,0,0,11188.json,NotBuggy
3,0.9713621735572815,0.9454944487241949,0,0,0,1,2.0,0,0,17.0,131.03103637695312,1,2,0,0,0,2915.json,NotBuggy
3,0.5443600416183472,0.8020697315083155,0,0,0,1,1.89,0,1,19.0,130.57513427734375,0,2,0,0,0,5551.json,NotBuggy
5,0.0877876728773117,0.14599544359290753,0,0,0,1,1.96,0,3,41.0,117.61241912841797,0,0,1,0,0,11971.json,NotBuggy
35,0.0018123468616977334,2.748818635138745E-5,4,8,12,8,4.48,3,13,175.0,75.73444366455078,1,1,5,0,0,1696.json,Buggy
5,0.14740993082523346,0.30121407148640256,0,0,0,1,1.96,0,6,40.0,117.9036865234375,0,1,0,0,0,14660.json,NotBuggy
6,0.05420193076133728,0.17925984284482446,2,1,3,2,3.02,1,5,45.0,113.87049102783203,1,1,0,0,0,2296.json,NotBuggy
7,0.11677340418100357,0.11064466738097693,0,0,0,1,1.81,0,0,51.0,110.81592559814453,0,3,1,0,0,12508.json,NotBuggy
3,0.8891057372093201,0.920364924109553,0,0,0,1,1.89,0,0,14.0,132.4454345703125,0,1,0,0,0,1783.json,NotBuggy
4,0.2629958689212799,0.4249701835773738,0,0,0,1,4.9,0,4,31.0,122.84404754638672,0,1,0,0,0,14421.json,NotBuggy
4,0.7913500070571899,0.863589915364572,0,0,0,1,2.0,0,1,20.0,125.78216552734375,0,0,1,0,0,2340.json,NotBuggy
3,0.8263971209526062,0.9681105011383128,0,0,0,1,1.89,0,0,11.0,134.26058959960938,0,0,0,0,0,14336.json,NotBuggy
5,0.7913020253181458,0.45318139938725743,1,1,2,2,1.96,0,2,30.0,119.16963195800781,0,0,1,0,0,7974.json,NotBuggy
17,0.004027591086924076,1.1729343372217994E-5,4,3,7,4,2.33,1,20,122.0,90.69921112060547,0,0,4,0,0,1371.json,NotBuggy
3,0.7586652040481567,0.889244157488498,0,0,0,1,1.89,0,2,16.0,131.75106811523438,0,0,0,0,0,10504.json,NotBuggy
3,0.7632631063461304,0.9645707236740885,0,0,0,1,1.89,0,0,12.0,133.59722900390625,0,0,0,0,0,1905.json,NotBuggy
32,1.8435555102769285E-4,1.5736582823246481E-9,4,4,8,6,5.95,4,18,207.0,76.42778778076172,1,1,8,0,0,6638.json,Buggy
9,0.16819491982460022,0.10172858647535496,2,3,5,4,4.26,3,2,60.0,105.49911499023438,0,2,0,0,0,13033.json,NotBuggy
3,0.9407570958137512,0.866753882538253,0,0,0,1,2.0,0,0,17.0,131.28770446777344,1,2,0,0,0,13755.json,NotBuggy
7,0.01658271625638008,0.09852944998267288,2,2,4,2,2.56,0,4,47.0,110.94767761230469,0,1,1,0,0,10924.json,NotBuggy
7,0.02207997255027294,0.9454539183034257,0,0,0,1,16.01,0,1,29.0,114.31124877929688,0,3,0,0,0,4442.json,NotBuggy
8,0.655255913734436,0.8829753339744779,1,1,2,2,2.4,1,5,31.0,111.47486877441406,0,0,0,0,0,10511.json,NotBuggy
3,0.7923815250396729,0.7310944351387401,0,0,0,1,1.89,0,2,19.0,130.45266723632812,0,1,0,0,0,2326.json,NotBuggy
3,0.6258878111839294,0.9040351793032421,0,0,0,1,1.89,0,0,13.0,132.9956512451172,0,0,0,0,0,1862.json,NotBuggy
3,0.5735716223716736,0.7297882342570726,0,0,0,1,1.89,0,2,20.0,130.59072875976562,0,0,0,0,0,1724.json,NotBuggy
4,0.12835396826267242,0.7649878061854264,0,0,0,1,2.0,0,2,26.0,124.04872131347656,0,2,0,0,0,1869.json,NotBuggy
32,0.0,8.938653524520091E-15,13,11,24,12,2.25,3,19,247.0,74.01825714111328,1,2,12,0,0,5882.json,Buggy
5,0.5138571262359619,0.68594858029843,1,1,2,2,2.99,1,5,28.0,119.81843566894531,0,0,0,0,0,2672.json,NotBuggy
1,0.9838520884513855,0.807366594964014,0,0,0,1,0.0,0,1,13.0,150.978515625,0,0,0,0,0,6466.json,Buggy
3,0.09732068330049515,0.830193397301223,0,0,0,1,1.89,0,0,17.0,131.28770446777344,0,1,0,0,0,5758.json,NotBuggy
3,0.9862783551216125,0.8529746180518762,0,0,0,1,2.0,0,0,20.0,130.30841064453125,1,2,0,0,0,14257.json,NotBuggy
3,0.9376058578491211,0.9676353494485492,0,0,0,1,1.89,0,0,12.0,133.59722900390625,0,0,0,0,0,14630.json,NotBuggy
3,0.12390701472759247,0.6611829098987605,0,0,0,1,1.89,0,1,20.0,130.07347106933594,0,1,0,0,0,6073.json,NotBuggy
7,0.2849278151988983,0.38578846820825474,1,1,2,2,2.56,1,4,39.0,112.11737823486328,0,0,1,0,0,9710.json,NotBuggy
3,0.8526440262794495,0.9573771414653495,0,0,0,1,1.89,0,0,12.0,133.59722900390625,0,0,0,0,0,2222.json,NotBuggy
26,0.00120243348646909,2.918276602836965E-5,5,7,12,6,3.17,3,15,146.0,82.34161376953125,0,1,3,0,0,12803.json,NotBuggy
12,0.03547504171729088,0.0033806389488365302,2,2,4,3,3.82,2,5,78.0,98.98458099365234,1,1,1,0,0,13082.json,NotBuggy
3,0.9468836784362793,0.91270993621505,0,0,0,1,1.89,0,1,19.0,130.45266723632812,1,1,0,0,0,5402.json,NotBuggy
6,0.013015259988605976,0.03506007646771785,0,0,0,1,1.89,0,6,53.0,113.24961853027344,0,0,1,0,0,11966.json,NotBuggy
3,0.7144801616668701,0.9567254638792888,0,0,0,1,1.89,0,0,11.0,134.26058959960938,0,0,0,0,0,5369.json,NotBuggy
8,0.14157620072364807,0.16994425137098637,1,1,2,2,2.4,1,8,48.0,108.73796844482422,0,0,2,0,0,2124.json,NotBuggy
3,0.9936131238937378,0.9176537836668643,0,0,0,1,2.0,0,0,14.0,132.4454345703125,1,1,0,0,0,13760.json,NotBuggy
7,0.37086498737335205,0.4102352258975308,1,1,2,2,2.56,1,1,41.0,111.93157196044922,0,0,1,0,0,5293.json,NotBuggy
3,0.5443600416183472,0.8020697315083155,0,0,0,1,1.89,0,1,19.0,130.57513427734375,0,2,0,0,0,5448.json,NotBuggy
3,0.7037476301193237,0.9477334470938166,0,0,0,1,1.89,0,0,12.0,133.59722900390625,0,0,0,0,0,2341.json,NotBuggy
8,0.2558404505252838,0.028956979462227167,3,1,4,2,2.4,1,8,57.0,107.60993957519531,0,1,3,0,0,2539.json,NotBuggy
3,0.18655508756637573,0.9323650188564934,0,0,0,1,1.89,0,0,11.0,134.26058959960938,0,0,0,0,0,228.json,NotBuggy
41,0.0,5.99103200669118E-11,5,5,10,6,6.77,2,26,218.0,72.0503921508789,1,3,3,0,0,12329.json,Buggy
15,0.007079588249325752,2.3395021537354834E-4,6,4,10,4,5.27,3,12,100.0,93.76087951660156,0,1,3,0,0,2236.json,NotBuggy
11,0.6779878735542297,0.06492653370576863,0,0,0,1,5.77,1,7,63.0,102.10846710205078,0,0,2,0,0,14678.json,NotBuggy
3,0.753381073474884,0.9396119699153379,0,0,0,1,1.89,0,0,14.0,132.61029052734375,0,0,0,0,0,14048.json,NotBuggy
3,0.9234712719917297,0.9820019628862593,0,0,0,1,1.89,0,1,14.0,132.61029052734375,0,1,0,0,0,9705.json,NotBuggy
3,0.3334672152996063,0.5961841637097527,0,0,0,1,1.89,0,3,24.0,128.92515563964844,0,1,0,0,0,2364.json,NotBuggy
3,0.8232488632202148,0.9599250567589048,0,0,0,1,1.89,0,1,15.0,132.086669921875,0,0,0,0,0,12374.json,NotBuggy
52,0.0,2.262617935632986E-16,7,10,17,11,5.27,5,32,324.0,64.87228393554688,1,2,10,0,0,8232.json,Buggy
4,0.260784387588501,0.45817563411498397,0,0,0,1,4.9,0,4,31.0,123.03022766113281,0,1,0,0,0,2667.json,NotBuggy
14,0.009883489459753036,9.289257273099556E-4,5,5,10,6,1.93,2,9,93.0,94.71528625488281,1,1,3,0,0,10455.json,Buggy
3,0.22268515825271606,0.9447074953240909,0,0,0,1,1.89,0,1,14.0,132.79563903808594,0,0,0,0,0,9539.json,NotBuggy
3,0.3334672152996063,0.5961841637097527,0,0,0,1,1.89,0,3,24.0,128.92515563964844,0,1,0,0,0,2370.json,NotBuggy
10,0.2568286061286926,1.3474228014913146E-4,0,0,0,1,1.6,0,7,93.0,101.31613159179688,0,0,6,0,0,1920.json,NotBuggy
8,0.8467331528663635,0.1786282350313747,1,1,2,2,3.13,1,6,54.0,107.8910903930664,1,1,2,0,0,2661.json,NotBuggy
3,0.5443600416183472,0.8020697315083155,0,0,0,1,1.89,0,1,19.0,130.57513427734375,0,2,0,0,0,5508.json,NotBuggy
3,0.6685236096382141,0.9193424646097101,0,0,0,1,1.89,0,0,15.0,131.9385528564453,0,0,0,0,0,12447.json,NotBuggy
3,0.6889034509658813,0.9170553312474523,0,0,0,1,1.89,0,1,15.0,132.25152587890625,0,0,0,0,0,9671.json,NotBuggy
2,0.9994389414787292,0.9514053062944515,0,0,0,1,1.89,0,0,11.0,140.82913208007812,1,1,0,0,0,10978.json,Buggy
3,0.8364850878715515,0.9145080127530353,0,0,0,1,1.89,0,0,15.0,132.086669921875,0,1,0,0,0,7687.json,NotBuggy
2,0.9671555757522583,0.9643120812317925,0,0,0,1,1.89,0,0,14.0,139.1788330078125,1,2,0,0,0,3050.json,NotBuggy
15,0.03812224045395851,0.11702779925282686,1,1,2,2,3.73,1,11,73.0,96.13996124267578,1,0,3,0,0,2719.json,NotBuggy
3,0.9713621735572815,0.9454944487241949,0,0,0,1,2.0,0,0,17.0,131.03103637695312,1,2,0,0,0,2880.json,NotBuggy
3,0.948209285736084,0.9673823761165479,0,0,0,1,1.89,0,0,12.0,133.59722900390625,0,0,0,0,0,7556.json,NotBuggy
3,0.8420180082321167,0.9539228302507855,0,0,0,1,1.89,0,0,12.0,133.59722900390625,0,0,0,0,0,12435.json,NotBuggy
3,0.9130358695983887,0.9759981380708539,0,0,0,1,1.89,0,1,13.0,133.18099975585938,0,0,0,0,0,14671.json,NotBuggy
4,0.010791660286486149,0.5875529883126639,0,0,0,1,4.9,0,0,26.0,123.94486236572266,0,0,0,0,0,10283.json,NotBuggy
3,0.9027474522590637,0.9101050284066402,0,0,0,1,1.89,0,0,14.0,132.4454345703125,0,1,0,0,0,1067.json,NotBuggy
4,0.5408954620361328,0.8379856301117623,0,0,0,1,3.32,0,1,21.0,125.27178192138672,0,2,0,0,0,5513.json,NotBuggy
9,0.040401604026556015,0.004635926891955038,1,1,2,2,0.83,0,6,68.0,104.50170135498047,0,0,3,0,0,10097.json,NotBuggy
3,0.8462687134742737,0.8751340075967694,0,0,0,1,1.89,0,0,12.0,133.59722900390625,0,0,0,0,0,4174.json,NotBuggy
8,0.10103986412286758,0.04560738971457452,2,2,4,2,3.71,1,3,55.0,107.64583587646484,0,2,1,0,0,5493.json,NotBuggy
35,0.0,3.162782122199289E-8,9,8,17,7,6.48,5,16,216.0,74.39657592773438,1,0,9,0,0,2662.json,NotBuggy
4,0.844848096370697,0.6540492365527398,1,1,2,2,2.0,0,1,28.0,122.98045349121094,0,1,1,0,0,12763.json,NotBuggy
38,5.354781169444323E-4,1.705720189566856E-20,7,7,14,8,3.8,3,26,335.0,70.56961822509766,0,0,8,0,0,14531.json,NotBuggy
16,0.0021319701336324215,2.444799160263728E-4,1,2,3,3,7.51,2,16,113.0,92.04977416992188,0,1,2,0,0,14342.json,NotBuggy
3,0.8161612749099731,0.919168623836666,0,0,0,1,1.89,0,0,14.0,132.4454345703125,0,1,0,0,0,8969.json,NotBuggy
3,0.8690916299819946,0.9645951274004922,0,0,0,1,1.89,0,0,13.0,132.9956512451172,0,0,0,0,0,197.json,NotBuggy
7,0.017934171482920647,0.10194256095729241,1,1,2,2,3.02,1,3,50.0,110.7552719116211,0,2,1,0,0,9463.json,NotBuggy
3,0.7771164774894714,0.9306830692776462,0,0,0,1,1.89,0,0,17.0,131.28770446777344,0,1,0,0,0,14527.json,NotBuggy
36,0.0,1.8440153591737636E-12,3,2,5,6,5.5,3,12,233.0,73.69389343261719,1,2,9,0,0,1620.json,NotBuggy
17,1.899845083244145E-4,3.650936531325861E-4,0,0,0,2,8.63,1,19,106.0,91.8902359008789,0,0,3,0,0,2024.json,NotBuggy
3,0.06690085679292679,0.609660550561825,0,0,0,1,1.89,0,1,22.0,129.69032287597656,0,2,0,0,0,4631.json,NotBuggy
6,0.228401318192482,0.6349764931632681,2,1,3,2,5.5,1,7,34.0,115.85521697998047,0,0,0,0,0,2448.json,NotBuggy
3,0.8370594382286072,0.8967014320105855,0,0,0,1,1.89,0,0,14.0,132.4454345703125,0,1,0,0,0,1424.json,NotBuggy
6,0.07674720883369446,0.8405984346426263,1,1,2,2,2.75,1,2,25.0,117.6890869140625,0,0,0,0,0,14323.json,NotBuggy
3,0.8825140595436096,0.9489907130228349,0,0,0,1,1.89,0,0,12.0,133.59722900390625,0,0,0,0,0,5787.json,NotBuggy
3,0.8868491649627686,0.8844481680983293,0,0,0,1,1.89,0,0,17.0,131.1535186767578,0,1,0,0,0,11762.json,NotBuggy
3,0.6271488666534424,0.9181973746604891,0,0,0,1,1.89,0,0,15.0,132.25152587890625,0,0,0,0,0,2549.json,NotBuggy
15,0.026163646951317787,6.182250479121549E-6,3,5,8,6,5.23,2,9,112.0,92.51984405517578,0,1,2,0,0,6138.json,Buggy
3,0.5443600416183472,0.8020697315083155,0,0,0,1,1.89,0,1,19.0,130.57513427734375,0,2,0,0,0,5644.json,NotBuggy
5,0.5576382875442505,0.7027064542874979,1,1,2,2,2.99,1,5,28.0,119.81843566894531,0,0,0,0,0,2055.json,NotBuggy
2,0.9671555757522583,0.9643120812317925,0,0,0,1,1.89,0,0,14.0,139.1788330078125,1,2,0,0,0,3003.json,NotBuggy
4,0.5541196465492249,0.7097115835687688,0,0,0,1,2.0,0,5,24.0,124.57742309570312,0,0,0,0,0,2203.json,NotBuggy
3,0.8144582509994507,0.6958247968989708,0,0,0,1,1.89,0,3,24.0,129.2378692626953,0,1,0,0,0,14467.json,NotBuggy
13,4.12806955864653E-4,2.489859358063862E-6,4,4,8,5,3.69,3,13,119.0,94.82564544677734,0,1,2,0,0,2245.json,NotBuggy
3,0.8340451717376709,0.870760952064973,0,0,0,1,1.89,0,0,14.0,132.4454345703125,1,1,0,0,0,1133.json,NotBuggy
3,0.6525161862373352,0.8612913420549955,0,0,0,1,1.89,0,1,17.0,131.43582153320312,0,1,0,0,0,14583.json,NotBuggy
3,0.8467565774917603,0.8845516237142396,0,0,0,1,1.89,0,0,14.0,132.4454345703125,0,0,0,0,0,12690.json,NotBuggy
3,0.031008053570985794,0.9287805852886124,0,0,0,1,1.89,0,0,12.0,133.59722900390625,0,0,0,0,0,5759.json,NotBuggy
2,0.9932649731636047,0.9811106519548104,0,0,0,1,1.89,0,0,9.0,142.4026641845703,1,0,0,0,0,14597.json,NotBuggy
3,0.9938356876373291,0.9257666811243883,0,0,0,1,2.0,0,0,14.0,132.4454345703125,1,1,0,0,0,1988.json,NotBuggy
6,0.6449493765830994,0.7884072338300724,1,1,2,2,2.75,1,0,27.0,116.9500732421875,0,1,0,0,0,10488.json,NotBuggy
10,0.6777990460395813,0.9349758030202556,2,2,4,3,4.1,2,1,36.0,106.85237884521484,0,0,0,0,0,8505.json,NotBuggy
3,0.9133497476577759,0.9326232068211164,0,0,0,1,1.89,0,0,15.0,132.086669921875,0,1,0,0,0,2019.json,NotBuggy
17,0.35925108194351196,0.04344753755786764,4,4,8,5,5.57,3,6,81.0,92.59898376464844,0,1,2,0,0,6849.json,NotBuggy
7,0.10177484154701233,0.31915230453965043,1,1,2,2,4.2,1,6,41.0,112.28060913085938,0,0,0,0,0,1751.json,NotBuggy
7,0.09419413655996323,0.22265139621199986,2,1,3,2,2.56,1,6,45.0,111.44750213623047,0,0,1,0,0,2614.json,NotBuggy
3,0.531478762626648,0.6708872779711754,0,0,0,1,1.89,0,3,21.0,129.81976318359375,0,0,0,0,0,14427.json,NotBuggy
10,0.6770960092544556,0.08400166491869164,2,2,4,3,2.53,1,2,58.0,103.62248992919922,0,2,1,0,0,5481.json,NotBuggy
3,0.4199049174785614,0.7983971337813952,0,0,0,1,1.89,0,0,21.0,130.05470275878906,0,0,0,0,0,12663.json,NotBuggy
3,0.9084257483482361,0.9207314716011201,0,0,0,1,1.89,0,0,15.0,132.086669921875,0,1,0,0,0,2079.json,NotBuggy
7,0.14934056997299194,0.3879078925555428,2,1,3,2,5.11,1,5,40.0,111.98572540283203,0,1,1,0,0,2542.json,NotBuggy
3,0.9179589152336121,0.9735578574984451,0,0,0,1,1.89,0,0,13.0,132.9956512451172,0,0,0,0,0,8503.json,NotBuggy
4,0.9902551770210266,0.9220895747153487,0,0,0,1,1.96,0,1,18.0,126.19583892822266,1,1,0,0,0,12384.json,NotBuggy
5,0.7981112003326416,0.8700705969017714,1,1,2,2,2.99,0,3,24.0,120.73249816894531,0,1,0,0,0,11066.json,NotBuggy
6,0.051630981266498566,0.2020800266903535,0,0,0,1,4.99,0,4,38.0,114.72035217285156,0,1,1,0,0,6283.json,NotBuggy
15,0.018277190625667572,1.0348313515644577E-5,2,3,5,4,2.6,3,16,122.0,92.5351333618164,1,1,3,0,0,6459.json,NotBuggy
3,0.8793579936027527,0.8838181621240129,0,0,0,1,1.89,0,0,16.0,131.60296630859375,0,1,0,0,0,13455.json,NotBuggy
3,0.6158972382545471,0.8555855906627253,0,0,0,1,1.89,0,1,17.0,131.43582153320312,0,1,0,0,0,14669.json,NotBuggy
3,0.7186862826347351,0.9503184473039428,0,0,0,1,1.89,0,0,12.0,133.59722900390625,0,0,0,0,0,1940.json,NotBuggy
23,2.1256272157188505E-4,4.884450567974562E-7,0,0,0,1,7.95,0,41,169.0,85.19181823730469,0,1,0,0,0,14603.json,NotBuggy
14,0.009391389787197113,0.024561243137875065,3,2,5,3,7.63,1,9,72.0,96.903564453125,0,1,1,0,0,10114.json,NotBuggy
17,0.5043836832046509,0.0012915511188666927,7,5,12,5,4.8,3,6,100.0,91.34732818603516,0,1,5,0,0,10818.json,NotBuggy
4,0.630836009979248,0.6495887471947126,0,0,0,1,2.0,0,3,26.0,123.94486236572266,0,0,1,0,0,10917.json,NotBuggy
3,0.6866045594215393,0.903366601066567,0,0,0,1,1.89,0,1,16.0,131.75106811523438,0,1,0,0,0,1912.json,NotBuggy
4,0.34433454275131226,0.5022827404999456,0,0,0,1,2.0,0,4,29.0,123.28064727783203,0,1,0,0,0,12818.json,NotBuggy
5,0.09612954407930374,0.1370653393458242,0,0,0,1,1.96,0,3,41.0,117.61241912841797,0,0,1,0,0,12208.json,NotBuggy
3,0.9233024716377258,0.9667290222884118,0,0,0,1,1.89,0,0,12.0,133.59722900390625,0,0,0,0,0,1872.json,NotBuggy
6,0.4475683867931366,0.687685042686388,0,0,0,1,1.89,0,2,32.0,116.11042022705078,0,0,1,0,0,5124.json,Buggy
3,0.685920000076294,0.6401329461495067,0,0,0,1,1.89,0,3,23.0,129.34671020507812,0,1,0,0,0,2136.json,NotBuggy
3,0.4637144207954407,0.6208858940411033,0,0,0,1,1.89,0,2,23.0,129.34671020507812,0,1,0,0,0,2411.json,NotBuggy
6,0.5787507891654968,0.9072590290277252,2,1,3,2,2.75,1,1,24.0,117.77888488769531,0,1,0,0,0,9646.json,NotBuggy
8,0.20279376208782196,0.12859401333845843,1,1,2,2,3.12,1,3,51.0,108.3597412109375,0,3,1,0,0,2072.json,NotBuggy
2,0.9793444275856018,0.8729957803569103,0,0,0,1,1.89,0,0,14.0,139.1788330078125,1,2,0,0,0,13801.json,NotBuggy
12,0.057122454047203064,0.009182631115411522,4,3,7,3,4.75,2,8,71.0,99.34571075439453,0,1,0,0,0,14347.json,NotBuggy
6,0.9511896967887878,0.9803615685890215,1,1,2,2,2.75,1,1,23.0,118.12267303466797,0,0,0,0,0,14666.json,NotBuggy
3,0.5627794861793518,0.8931729290166651,0,0,0,1,1.89,0,1,16.0,131.75106811523438,0,0,0,0,0,3986.json,NotBuggy
14,1.3551331358030438E-4,5.184019250117136E-8,0,0,0,1,1.36,0,18,140.0,93.4338150024414,1,0,2,0,0,10687.json,NotBuggy
8,0.7052162289619446,0.41973703262519735,1,2,3,3,3.77,2,1,46.0,108.72927856445312,1,1,0,0,0,13342.json,NotBuggy
49,0.0,1.7577840926254525E-5,5,8,13,7,8.1,4,17,200.0,70.17052459716797,0,3,2,0,0,9173.json,NotBuggy
51,0.0,7.513874302437864E-14,10,8,18,7,8.38,2,24,277.0,66.86061096191406,1,1,12,0,0,9934.json,Buggy
6,0.054528821259737015,0.19747372224104237,0,0,0,1,4.99,0,4,38.0,114.72035217285156,0,1,1,0,0,6281.json,NotBuggy
3,0.37916016578674316,0.9014378025452453,0,0,0,1,1.89,0,1,15.0,132.25152587890625,0,0,0,0,0,3157.json,NotBuggy
3,0.8926043510437012,0.9502891906999333,0,0,0,1,1.89,0,1,13.0,133.18099975585938,0,0,0,0,0,9670.json,NotBuggy
3,0.5464540719985962,0.6709044065307551,0,0,0,1,3.77,0,2,21.0,129.93223571777344,0,1,0,0,0,1715.json,NotBuggy
13,0.18822845816612244,6.227702751974844E-4,3,3,6,3,4.58,2,8,93.0,96.53057098388672,0,0,4,0,0,14552.json,NotBuggy
5,0.09612954407930374,0.1370653393458242,0,0,0,1,1.96,0,3,41.0,117.61241912841797,0,0,1,0,0,11884.json,NotBuggy
5,0.7116588950157166,0.29102907122931926,2,1,3,2,0.94,0,4,36.0,118.1375503540039,1,1,1,0,0,6462.json,NotBuggy
138,0.0,1.5705650093911283E-55,26,32,58,28,5.83,9,119,830.0,39.627437591552734,1,3,22,0,0,5567.json,NotBuggy
8,0.01991940476000309,0.15797139848915304,0,0,0,1,2.4,0,4,50.0,108.75569152832031,0,3,1,0,0,1867.json,NotBuggy
3,0.9713621735572815,0.9454944487241949,0,0,0,1,2.0,0,0,17.0,131.03103637695312,1,2,0,0,0,2838.json,NotBuggy
3,0.8607907295227051,0.962877327518842,0,0,0,1,1.89,0,0,11.0,134.26058959960938,0,0,0,0,0,2531.json,NotBuggy
6,0.2496461719274521,0.5403728300917761,2,1,3,2,2.75,1,4,33.0,115.81021118164062,0,1,0,0,0,1754.json,NotBuggy
3,0.3679001033306122,0.7918939883206011,0,0,0,1,1.89,0,2,18.0,130.99049377441406,0,0,0,0,0,681.json,NotBuggy
3,0.8458259105682373,0.8882363234521209,0,0,0,1,1.89,0,1,14.0,132.61029052734375,0,1,0,0,0,2185.json,NotBuggy
27,0.0,3.812254315993336E-6,7,6,13,7,3.57,2,23,167.0,80.76314544677734,1,2,1,0,0,5435.json,NotBuggy
5,0.09975096583366394,0.13614991018036798,0,0,0,1,1.96,0,3,41.0,117.61241912841797,0,0,1,0,0,12252.json,NotBuggy
15,0.3962551951408386,1.1016448195402286E-5,4,2,6,3,3.54,2,9,113.0,93.09529876708984,0,0,6,0,0,14504.json,NotBuggy
3,0.7682493925094604,0.8808203540455373,0,0,0,1,1.89,0,2,16.0,131.75106811523438,0,0,0,0,0,1938.json,NotBuggy
3,0.403791606426239,0.9557746427286096,0,0,0,1,1.89,0,0,12.0,133.59722900390625,0,0,0,0,0,1730.json,NotBuggy
5,0.861680805683136,0.8165267618606348,1,1,2,2,2.99,1,1,27.0,120.12002563476562,0,1,0,0,0,1915.json,NotBuggy
3,0.07515249401330948,0.871239964567464,0,0,0,1,1.89,0,1,18.0,130.85629272460938,0,1,0,0,0,14624.json,NotBuggy
17,0.004675896838307381,0.0010163592423082612,5,4,9,5,6.14,2,7,101.0,91.41045379638672,0,2,2,0,0,1871.json,NotBuggy
4,0.6223726868629456,0.612315621834191,0,0,0,1,4.9,0,4,25.0,124.05243682861328,0,1,0,0,0,14434.json,NotBuggy
8,0.054678864777088165,0.009223974034297287,2,1,3,2,2.83,1,4,64.0,106.90563201904297,0,0,3,0,0,12391.json,NotBuggy
3,0.6022616624832153,0.7550781096628509,0,0,0,1,1.89,0,0,21.0,129.93223571777344,0,1,0,0,0,14573.json,NotBuggy
19,0.012985984794795513,9.037918557591016E-5,2,5,7,6,1.34,2,12,112.0,88.80142211914062,1,0,2,0,0,7751.json,Buggy
37,0.0029798478353768587,2.3383510609850392E-4,4,11,15,12,6.55,4,10,158.0,74.36681365966797,0,1,4,0,0,11748.json,Buggy
3,0.37464746832847595,0.9232621926659503,0,0,0,1,1.89,0,0,14.0,132.61029052734375,0,0,0,0,0,14028.json,NotBuggy
3,0.7059661149978638,0.8996607103167013,0,0,0,1,1.89,0,0,13.0,132.9956512451172,0,0,0,0,0,5463.json,NotBuggy
3,0.6494337320327759,0.8935989864469409,0,0,0,1,1.89,0,0,15.0,131.9385528564453,0,0,0,0,0,7409.json,NotBuggy
3,0.892257809638977,0.9012350433344805,0,0,0,1,1.89,0,0,14.0,132.4454345703125,0,1,0,0,0,14647.json,NotBuggy
11,0.8511468172073364,0.22089063972062797,2,2,4,3,3.45,2,2,60.0,101.95426177978516,0,2,2,0,0,14635.json,NotBuggy
3,0.7909284830093384,0.8412571095184497,0,0,0,1,1.89,0,0,17.0,131.28770446777344,0,1,0,0,0,9428.json,NotBuggy
3,0.9066694378852844,0.8430843486335498,0,0,0,1,1.89,0,0,16.0,131.60296630859375,0,1,0,0,0,13392.json,NotBuggy
2,0.9791601300239563,0.9585489236255837,0,0,0,1,2.0,0,0,11.0,140.82913208007812,1,1,0,0,0,9936.json,NotBuggy
5,0.6616745591163635,0.20733422408895885,0,0,0,1,2.71,0,1,35.0,118.43518829345703,0,1,1,0,0,5521.json,NotBuggy
3,0.9935934543609619,0.9278403216937922,0,0,0,1,2.0,0,0,14.0,132.4454345703125,1,1,0,0,0,13766.json,NotBuggy
4,0.5309175848960876,0.7932926599152652,0,0,0,1,2.0,0,2,23.0,124.92120361328125,0,1,0,0,0,6333.json,NotBuggy
18,0.0039017486851662397,0.027903110329576982,5,5,10,6,8.97,3,9,84.0,91.2128677368164,0,1,1,0,0,2298.json,NotBuggy
15,0.08595844358205795,6.308364316300386E-4,0,0,0,1,4.1,1,9,92.0,94.6244125366211,0,0,3,0,0,11225.json,NotBuggy
3,0.005891595035791397,0.2043393793842795,0,0,0,1,1.89,0,1,33.0,127.09538269042969,0,2,0,0,0,13797.json,NotBuggy
3,0.9700963497161865,0.7441111241540116,2,2,4,2,1.89,0,0,20.0,129.95594787597656,0,1,0,0,0,11011.json,NotBuggy
6,0.5155600309371948,0.7804593392892786,0,0,0,1,2.75,0,1,29.0,116.71211242675781,0,1,1,0,0,14394.json,NotBuggy
8,0.48251715302467346,0.47452372399923803,0,0,0,1,4.11,0,6,48.0,108.84510040283203,1,0,1,0,0,1706.json,Buggy
3,0.6880453824996948,0.6364605452352398,0,0,0,1,1.89,0,2,23.0,129.4591827392578,0,1,0,0,0,2449.json,NotBuggy
6,0.19441057741641998,0.4244818108909174,2,2,4,2,4.27,1,8,37.0,115.21527862548828,0,0,0,0,0,2386.json,NotBuggy
10,0.2103584110736847,0.006065722583585233,3,2,5,3,2.05,2,4,67.0,102.72867584228516,0,1,2,0,0,6334.json,NotBuggy
3,0.9957817196846008,0.9190885974663496,0,0,0,1,2.0,0,0,17.0,131.43582153320312,1,1,0,0,0,14260.json,NotBuggy
5,0.35842615365982056,0.7174820193385114,2,1,3,2,2.99,1,2,29.0,119.43572235107422,0,2,0,0,0,9863.json,NotBuggy
4,0.2013491988182068,0.5234588714290896,0,0,0,1,3.32,0,3,27.0,123.56243133544922,0,1,0,0,0,12903.json,NotBuggy
3,0.9920793771743774,0.9162038462800313,0,0,0,1,2.0,0,0,14.0,132.4454345703125,1,1,0,0,0,13767.json,NotBuggy
20,0.004063834901899099,3.900329763423519E-6,7,6,13,5,5.04,4,13,127.0,87.24244689941406,0,0,5,0,0,1757.json,NotBuggy
5,0.0075441766530275345,0.15344803722643532,0,0,0,1,7.76,0,7,43.0,117.36475372314453,0,1,0,0,0,7206.json,NotBuggy
5,0.0877876728773117,0.14599544359290753,0,0,0,1,1.96,0,3,41.0,117.61241912841797,0,0,1,0,0,12030.json,NotBuggy
2,0.9671555757522583,0.9643120812317925,0,0,0,1,1.89,0,0,14.0,139.1788330078125,1,2,0,0,0,2842.json,NotBuggy
3,0.6851205229759216,0.949940696485041,0,0,0,1,1.89,0,0,11.0,134.26058959960938,0,0,0,0,0,5368.json,NotBuggy
3,0.8390551209449768,0.9448043668700559,0,0,0,1,1.89,0,0,14.0,132.4454345703125,0,0,0,0,0,2413.json,NotBuggy
3,0.2762594223022461,0.5699255256894828,0,0,0,1,1.89,0,0,22.0,129.47398376464844,0,2,0,0,0,526.json,NotBuggy
10,0.096519835293293,0.07543814049690546,4,3,7,4,2.8,3,6,64.0,103.23346710205078,0,1,0,0,0,5129.json,NotBuggy
3,0.8694510459899902,0.9753105330296947,0,0,0,1,1.89,0,0,11.0,134.26058959960938,0,0,0,0,0,5366.json,NotBuggy
3,0.8232488632202148,0.9599250567589048,0,0,0,1,1.89,0,1,15.0,132.086669921875,0,0,0,0,0,12379.json,NotBuggy
12,0.43251508474349976,0.020088593830566697,2,2,4,3,3.4,2,5,69.0,99.62211608886719,0,1,4,0,0,5135.json,NotBuggy
3,0.0707867369055748,0.6366912616876991,0,0,0,1,1.89,0,1,22.0,129.57785034179688,0,2,0,0,0,5594.json,NotBuggy
7,0.4234691560268402,0.6787467288752285,1,1,2,2,3.02,1,2,33.0,113.13916015625,0,0,0,0,0,12719.json,NotBuggy
30,4.2538074194453657E-4,2.1011516743412217E-12,3,5,8,5,1.04,2,19,208.0,77.58504486083984,1,0,8,0,0,7311.json,NotBuggy
7,6.451303488574922E-4,0.054397402714603596,0,0,0,1,5.17,0,5,54.0,110.65518188476562,0,0,1,0,0,12501.json,NotBuggy
4,0.30043667554855347,0.6844457791633921,0,0,0,1,4.9,0,4,26.0,123.94486236572266,0,1,0,0,0,2572.json,NotBuggy
1,0.9956518411636353,0.787058812992393,0,0,0,1,0.0,0,0,13.0,150.7931671142578,0,0,0,0,0,14374.json,NotBuggy
31,0.0,2.0276299635766812E-8,9,7,16,8,5.21,3,29,192.0,77.16522216796875,1,0,6,0,0,2223.json,NotBuggy
52,0.0,7.621725189783334E-25,10,18,28,18,4.47,1,27,408.0,61.90373611450195,1,1,16,0,0,11859.json,Buggy
18,0.06640155613422394,3.5660208344976514E-4,1,1,2,2,2.75,1,11,112.0,90.41791534423828,0,1,5,0,0,14686.json,NotBuggy
3,0.9456416964530945,0.9281624256491634,0,0,0,1,3.77,0,0,12.0,133.59722900390625,0,0,0,0,0,2952.json,NotBuggy
3,0.8214755058288574,0.702211558620667,0,0,0,1,1.89,0,3,20.0,130.18594360351562,0,1,0,0,0,2178.json,NotBuggy
6,0.47874850034713745,0.20549658646410002,0,0,0,1,1.89,0,4,39.0,114.84461975097656,0,1,2,0,0,9167.json,NotBuggy
14,0.2717777192592621,0.0173045809719167,1,1,2,3,3.3,2,2,75.0,96.56346893310547,0,2,2,0,0,8264.json,NotBuggy
4,0.1315738409757614,0.28638397042066494,0,0,0,1,3.32,0,6,34.0,122.36370849609375,0,1,0,0,0,2488.json,NotBuggy
3,0.9289069771766663,0.964685855231187,0,0,0,1,1.89,0,0,12.0,133.59722900390625,0,0,0,0,0,1946.json,NotBuggy
3,0.92624831199646,0.9676851650876798,0,0,0,1,1.89,0,0,12.0,133.59722900390625,0,0,0,0,0,9409.json,NotBuggy
14,0.04482182860374451,2.055613496511373E-5,1,1,2,2,2.37,1,11,114.0,94.57656860351562,1,0,6,0,0,1921.json,NotBuggy
3,0.9964375495910645,0.9377816831491478,0,0,0,1,2.0,0,0,12.0,133.59722900390625,1,0,0,0,0,14042.json,NotBuggy
7,0.13483566045761108,0.47499515446554663,4,2,6,3,4.12,2,5,41.0,111.95423889160156,0,1,0,0,0,14571.json,NotBuggy
3,0.5265820622444153,0.9161229996637109,0,0,0,1,4.0,0,0,17.0,131.43582153320312,1,3,0,0,0,1714.json,NotBuggy
32,0.0,2.72305001317753E-9,7,6,13,7,3.19,3,22,214.0,76.02485656738281,1,2,6,0,0,12294.json,Buggy
5,0.2524915933609009,0.5322594743197134,0,0,0,1,7.76,0,5,31.0,119.1451187133789,0,1,0,0,0,2147.json,NotBuggy
3,0.4202544391155243,0.7788369488197426,0,0,0,1,1.89,0,2,18.0,130.99049377441406,0,0,0,0,0,9717.json,NotBuggy
2,0.9269139170646667,0.9012576800713632,0,0,0,1,0.0,0,0,11.0,140.82913208007812,0,0,0,0,0,8110.json,NotBuggy
7,0.7539362907409668,0.6398621168847988,1,1,2,2,2.56,1,4,36.0,112.77070617675781,0,0,1,0,0,2199.json,NotBuggy
10,0.08053891360759735,9.984051300006723E-6,0,0,0,1,0.75,0,1,107.0,100.58694458007812,1,1,7,0,0,10507.json,NotBuggy
7,0.07181818783283234,0.2523385954519437,2,2,4,2,5.11,1,5,43.0,111.41020202636719,0,1,1,0,0,11103.json,NotBuggy
19,0.058277443051338196,4.562213261734359E-4,1,2,3,3,3.26,2,9,114.0,89.28831481933594,0,4,2,0,0,10133.json,NotBuggy
13,0.2779318690299988,0.00548591690341794,2,2,4,3,3.2,2,9,80.0,97.42842102050781,0,1,3,0,0,14590.json,NotBuggy
3,0.5345872044563293,0.7056004640825626,0,0,0,1,1.89,0,4,21.0,130.05470275878906,0,0,0,0,0,2237.json,NotBuggy
3,0.9713621735572815,0.9454944487241949,0,0,0,1,2.0,0,0,17.0,131.03103637695312,1,2,0,0,0,2972.json,NotBuggy
3,0.8201751112937927,0.955911905852338,0,0,0,1,1.89,0,0,12.0,133.59722900390625,0,0,0,0,0,14572.json,NotBuggy
8,0.04714219644665718,0.18143683017836557,1,1,2,2,14.82,1,2,46.0,108.83641052246094,0,2,0,0,0,14378.json,NotBuggy
9,0.36819425225257874,0.29527889422006215,0,0,0,1,4.62,1,8,49.0,106.9526596069336,0,1,0,0,0,14676.json,NotBuggy
4,0.2802242338657379,0.6512710441415255,0,0,0,1,2.0,0,5,26.0,124.16120147705078,0,0,0,0,0,2496.json,NotBuggy
3,0.8973866105079651,0.9172732434649216,0,0,0,1,1.89,0,0,19.0,130.57513427734375,0,1,0,0,0,14484.json,NotBuggy
11,0.016036687418818474,6.8151420614938E-4,2,1,3,2,2.27,1,10,82.0,100.23628997802734,0,1,4,0,0,2640.json,NotBuggy
13,0.040545035153627396,6.732294271602426E-7,1,1,2,2,0.7,0,9,130.0,94.81965637207031,1,4,3,0,0,10608.json,Buggy
3,0.6158972382545471,0.8555855906627253,0,0,0,1,1.89,0,1,17.0,131.43582153320312,0,1,0,0,0,14584.json,NotBuggy
3,0.9964250326156616,0.9324268063112993,0,0,0,1,2.0,0,0,12.0,133.59722900390625,1,0,0,0,0,14036.json,NotBuggy
4,0.24941261112689972,0.6447191594261015,0,0,0,1,3.32,0,0,23.0,124.48601531982422,0,3,0,0,0,6.json,NotBuggy
3,0.5437303781509399,0.760105497700364,0,0,0,1,1.89,0,2,20.0,130.18594360351562,0,1,0,0,0,8967.json,NotBuggy
10,0.8124452233314514,0.8369223249441256,1,1,2,3,2.8,1,1,40.0,106.05183410644531,0,1,0,0,0,14403.json,NotBuggy
3,0.3042653799057007,0.5710555941804267,0,0,0,1,1.89,0,1,26.0,128.8216552734375,0,2,0,0,0,13835.json,NotBuggy
8,0.5476727485656738,0.012026624298358308,1,1,2,2,0.83,0,5,60.0,107.19337463378906,1,2,4,0,0,11949.json,NotBuggy
7,0.09892252832651138,0.022196558713631152,0,0,0,1,1.81,0,4,54.0,110.51870727539062,0,0,2,0,0,10223.json,Buggy
2,0.9671555757522583,0.9643120812317925,0,0,0,1,1.89,0,0,14.0,139.1788330078125,1,2,0,0,0,2871.json,NotBuggy
3,0.8289944529533386,0.8121577018328414,0,0,0,1,1.89,0,0,17.0,131.28770446777344,0,0,0,0,0,12637.json,NotBuggy
3,0.25396543741226196,0.5234992062947534,0,0,0,1,1.89,0,4,26.0,128.60531616210938,0,1,0,0,0,2584.json,NotBuggy
3,0.059732094407081604,0.5866401810960975,0,0,0,1,1.89,0,0,27.0,128.4090576171875,0,3,0,0,0,1763.json,NotBuggy
6,0.7987550497055054,0.8677915927426431,0,0,0,2,2.75,1,1,28.0,116.66458892822266,0,1,1,0,0,12765.json,NotBuggy
15,0.17977434396743774,0.10961735127855214,2,2,4,3,3.92,2,7,71.0,96.05441284179688,0,0,2,0,0,12354.json,NotBuggy
3,0.8071518540382385,0.9691276674264034,0,0,0,1,1.89,0,0,11.0,134.26058959960938,0,0,0,0,0,14335.json,NotBuggy
3,0.4218243956565857,0.734907525421478,0,0,0,1,1.89,0,1,19.0,130.57513427734375,0,1,0,0,0,7533.json,NotBuggy
8,9.253406897187233E-4,3.538842300403525E-5,0,0,0,1,0.87,0,7,96.0,105.02721405029297,0,0,5,0,0,10607.json,Buggy
3,0.9640129208564758,0.9327167969586541,0,0,0,1,1.89,0,1,14.0,132.61029052734375,0,0,0,0,0,12769.json,NotBuggy
4,0.8445326685905457,0.4299661845508961,0,0,0,1,2.0,0,1,27.0,123.56243133544922,0,1,1,0,0,13571.json,NotBuggy
11,0.26494547724723816,0.06319631116548743,3,2,5,3,3.37,1,10,66.0,101.45864868164062,1,1,3,0,0,11044.json,NotBuggy
3,0.6766791939735413,0.6476573826185661,0,0,0,1,1.89,0,3,23.0,129.34671020507812,0,1,0,0,0,2040.json,NotBuggy
3,0.5843743681907654,0.9277981815828514,0,0,0,1,1.89,0,0,12.0,133.59722900390625,0,0,0,0,0,2533.json,NotBuggy
7,0.032023753970861435,0.13158834065717498,0,0,0,1,1.81,0,4,46.0,111.35248565673828,0,1,2,0,0,1646.json,NotBuggy
3,0.5546793341636658,0.7633461004743359,0,0,0,1,1.89,0,0,17.0,131.28770446777344,0,0,0,0,0,808.json,NotBuggy
3,0.3042653799057007,0.5710555941804267,0,0,0,1,1.89,0,1,26.0,128.8216552734375,0,2,0,0,0,13859.json,NotBuggy
10,0.07931777834892273,0.0817463522704225,3,2,5,3,4.82,2,6,59.0,103.6401596069336,0,1,2,0,0,2120.json,NotBuggy
3,0.47179707884788513,0.7477648377062195,0,0,0,1,1.89,0,1,18.0,130.7338104248047,0,0,0,0,0,10581.json,NotBuggy
5,0.6052917242050171,0.5835961216720968,1,1,2,2,2.99,0,6,30.0,119.25943756103516,0,0,0,0,0,2609.json,NotBuggy
2,0.885753333568573,0.9263845794348236,0,0,0,1,0.0,0,0,11.0,140.82913208007812,0,1,0,0,0,2313.json,NotBuggy
52,0.0,5.3730283426785634E-11,16,16,32,17,2.09,1,16,275.0,65.29016876220703,0,1,1,0,0,12682.json,NotBuggy
10,0.5288281440734863,0.7543222605351771,3,2,5,3,4.08,2,3,46.0,105.11434936523438,0,1,1,0,0,14479.json,NotBuggy
3,0.7578468918800354,0.9579242538537098,0,0,0,1,1.89,0,0,12.0,133.59722900390625,0,0,0,0,0,14312.json,NotBuggy
3,0.7709618210792542,0.8590452354363185,0,0,0,1,1.89,0,2,18.0,130.99049377441406,0,1,0,0,0,11781.json,NotBuggy
12,0.0016617645742371678,1.9937770086483553E-4,1,1,2,2,3.94,0,14,91.0,98.24557495117188,0,1,4,0,0,10044.json,NotBuggy
3,0.7221393585205078,0.8147824115803857,0,0,0,1,1.89,0,1,19.0,130.57513427734375,0,1,0,0,0,6003.json,NotBuggy
11,0.09680534899234772,0.06853808061453591,3,2,5,3,5.47,2,8,60.0,101.95426177978516,0,1,2,0,0,2050.json,NotBuggy
8,0.5722243785858154,0.15262199482481922,1,1,2,2,2.83,1,3,48.0,108.61510467529297,0,1,2,0,0,1430.json,NotBuggy
3,0.3880501389503479,0.7690432332178146,0,0,0,1,1.89,0,2,18.0,130.99049377441406,0,0,0,0,0,941.json,NotBuggy
11,0.5700182318687439,0.8755337586541849,2,2,4,3,3.95,2,1,43.0,104.21060180664062,0,2,0,0,0,893.json,NotBuggy
5,0.5190696716308594,0.6941613550558094,1,1,2,2,2.99,1,5,28.0,119.81843566894531,0,0,0,0,0,2560.json,NotBuggy
5,0.5508917570114136,0.5086155400399781,0,0,0,1,1.96,0,2,32.0,119.06403350830078,0,1,1,0,0,12754.json,NotBuggy
8,0.0230134017765522,0.004669400527543188,0,0,0,1,0.87,0,5,66.0,107.132080078125,0,0,2,0,0,10288.json,Buggy
5,0.08505813777446747,0.1433326702285218,0,0,0,1,1.96,0,3,41.0,117.61241912841797,0,0,1,0,0,11975.json,NotBuggy
3,0.08850317448377609,0.6100554546982565,0,0,0,1,1.89,0,2,24.0,129.12539672851562,0,2,0,0,0,5640.json,NotBuggy
7,0.07958584278821945,0.3985850703803781,0,0,0,1,3.02,0,2,42.0,111.9620132446289,0,4,1,0,0,5744.json,NotBuggy
3,0.8637136220932007,0.9121637579671997,0,0,0,1,1.89,0,0,13.0,132.9956512451172,0,0,0,0,0,12732.json,NotBuggy
7,0.3001202940940857,0.43389284364343106,2,2,4,2,3.96,1,9,41.0,112.18423461914062,0,0,0,0,0,2696.json,NotBuggy
1,1.6636046348139644E-4,0.7674195972307957,0,0,0,1,0.0,0,0,13.0,150.7931671142578,0,0,0,0,0,14375.json,NotBuggy
3,0.05218438431620598,0.4889871109120581,0,0,0,1,1.89,0,2,27.0,128.51292419433594,0,2,0,0,0,14480.json,NotBuggy
3,0.8515322208404541,0.9658291443183479,0,0,0,1,1.89,0,0,11.0,134.26058959960938,0,0,0,0,0,1929.json,NotBuggy
3,0.3346686065196991,0.9350373689572257,0,0,0,1,1.89,0,0,13.0,132.9956512451172,0,0,0,0,0,1874.json,NotBuggy
5,0.6140831708908081,0.7911206245576785,0,0,0,1,1.96,0,1,26.0,120.54627227783203,0,1,1,0,0,5290.json,Buggy
7,0.8175433278083801,0.022174796749010628,2,2,4,3,0.9,0,1,51.0,110.12152099609375,0,2,2,0,0,12047.json,NotBuggy
1,0.9937294721603394,0.7527022719976201,0,0,0,1,0.0,0,0,13.0,150.7931671142578,0,0,0,0,0,14372.json,NotBuggy
5,0.44173842668533325,0.802697897480629,0,0,0,1,4.38,0,5,24.0,120.96249389648438,0,0,0,0,0,2146.json,NotBuggy
9,0.20534373819828033,0.20919760218355904,1,2,3,3,2.67,1,3,51.0,106.495361328125,0,1,0,0,0,2512.json,NotBuggy
3,0.7811815142631531,0.7484763755672422,0,0,0,1,1.89,0,0,17.0,131.28770446777344,0,0,0,0,0,773.json,NotBuggy
5,0.19759763777256012,0.5272567164509744,0,0,0,1,4.38,0,3,31.0,119.31893157958984,0,0,1,0,0,1419.json,NotBuggy
3,0.9018122553825378,0.8693920254986601,0,0,0,1,1.89,0,0,16.0,131.60296630859375,0,1,0,0,0,13475.json,NotBuggy
6,0.021704912185668945,0.17620382197390846,0,0,0,1,4.0,0,6,42.0,114.38914489746094,0,1,1,0,0,2110.json,NotBuggy
26,0.4953916668891907,0.1185328910107993,1,1,2,4,7.66,2,7,95.0,84.99794006347656,1,2,2,0,0,8288.json,NotBuggy
3,0.7591103911399841,0.8976810336393706,0,0,0,1,1.89,0,0,18.0,130.7338104248047,0,1,0,0,0,3127.json,NotBuggy
25,0.2579329013824463,1.775791203677746E-4,5,4,9,5,4.31,3,14,131.0,83.38115692138672,0,1,6,0,0,14595.json,NotBuggy
3,0.16293756663799286,0.8740258026587531,0,0,0,1,1.89,0,0,17.0,131.28770446777344,0,1,0,0,0,5782.json,NotBuggy
3,0.7358079552650452,0.792339711583471,0,0,0,1,1.89,0,0,17.0,131.28770446777344,0,0,0,0,0,815.json,NotBuggy
4,0.9623860120773315,0.9161734155142407,0,0,0,1,2.0,0,0,19.0,125.91468811035156,0,1,0,0,0,9209.json,NotBuggy
10,0.0024414225481450558,2.4819224965592124E-10,0,0,0,1,3.92,0,22,180.0,98.09566497802734,0,2,5,0,0,9434.json,NotBuggy
13,0.17937806248664856,0.18716877329423,1,1,2,2,5.07,2,10,65.0,99.23319244384766,0,1,0,0,0,9907.json,NotBuggy
2,0.8475317358970642,0.9297739485948908,0,0,0,1,0.0,0,0,11.0,140.82913208007812,0,1,0,0,0,12660.json,NotBuggy
5,0.5384746789932251,0.5204549780676099,1,1,2,2,2.75,1,4,31.0,118.9991226196289,1,1,0,0,0,12674.json,NotBuggy
3,0.12238917499780655,0.6721908350855962,0,0,0,1,1.89,0,3,23.0,129.34671020507812,0,1,0,0,0,2254.json,NotBuggy
5,0.09612954407930374,0.1370653393458242,0,0,0,1,1.96,0,3,41.0,117.61241912841797,0,0,1,0,0,12210.json,NotBuggy
2,0.9955825209617615,0.9136265979462798,0,0,0,1,1.89,0,0,11.0,140.82913208007812,1,1,0,0,0,2516.json,NotBuggy
5,0.08505813777446747,0.1433326702285218,0,0,0,1,1.96,0,3,41.0,117.61241912841797,0,0,1,0,0,11992.json,NotBuggy
2,0.999457597732544,0.954602844083669,0,0,0,1,1.89,0,0,11.0,140.82913208007812,1,1,0,0,0,10977.json,NotBuggy
4,0.48992905020713806,0.7807923970606993,0,0,0,1,4.9,0,2,21.0,125.27178192138672,0,0,0,0,0,8875.json,NotBuggy
14,5.710375844500959E-4,3.6999014142890654E-9,1,1,2,2,5.28,0,11,157.0,92.6686019897461,1,4,2,0,0,9845.json,Buggy
3,0.3042653799057007,0.5710555941804267,0,0,0,1,1.89,0,1,26.0,128.8216552734375,0,2,0,0,0,13700.json,NotBuggy
4,0.7624355554580688,0.9061582396663985,0,0,0,1,2.0,0,1,18.0,126.33003997802734,0,1,0,0,0,9564.json,NotBuggy
9,0.10101741552352905,0.34244061763823597,2,2,4,3,2.67,1,2,49.0,106.78224182128906,0,1,0,0,0,10997.json,Buggy
2,0.9994389414787292,0.9514053062944515,0,0,0,1,1.89,0,0,11.0,140.82913208007812,1,1,0,0,0,9904.json,Buggy
3,0.6383484601974487,0.844482864354552,0,0,0,1,1.89,0,1,17.0,131.28770446777344,0,1,0,0,0,3122.json,NotBuggy
16,0.037042807787656784,9.816771063775002E-4,4,3,7,4,5.61,3,12,96.0,92.88658905029297,0,1,3,0,0,9105.json,NotBuggy
3,0.9206579923629761,0.8753975593036841,0,0,0,1,1.89,0,0,16.0,131.60296630859375,0,1,0,0,0,13490.json,NotBuggy
6,0.5540810823440552,0.901620640739641,2,1,3,2,2.75,1,1,24.0,117.77888488769531,0,1,0,0,0,9865.json,NotBuggy
3,0.4931128919124603,0.7683533557323655,0,0,0,1,1.89,0,2,19.0,130.85745239257812,0,0,0,0,0,2701.json,NotBuggy
3,0.7449089884757996,0.8100848766416066,0,0,0,1,1.89,0,1,18.0,130.99049377441406,0,1,0,0,0,5056.json,NotBuggy
6,0.5819976925849915,0.48493508173994987,2,2,4,2,3.27,0,1,32.0,115.79641723632812,0,1,0,0,0,6787.json,NotBuggy
8,0.22440342605113983,0.13940732027973524,5,3,8,2,4.22,1,5,50.0,108.52569580078125,1,2,0,0,0,13028.json,NotBuggy
40,0.0,7.92889348924387E-11,8,7,15,8,5.14,4,32,234.0,71.73506164550781,1,1,8,0,0,14318.json,NotBuggy
3,0.7456859946250916,0.8723287544039529,0,0,0,1,1.89,0,1,16.0,131.60296630859375,0,0,0,0,0,12280.json,NotBuggy
3,0.7419824600219727,0.9524855391306489,0,0,0,1,1.89,0,0,12.0,133.59722900390625,0,0,0,0,0,9955.json,NotBuggy
3,0.11925897002220154,0.5852428633847317,0,0,0,1,3.77,0,1,21.0,129.61952209472656,0,0,0,0,0,2218.json,NotBuggy
7,0.9584171175956726,0.3983325443745787,1,1,2,2,2.56,1,6,47.0,111.07701873779297,0,0,2,0,0,14533.json,NotBuggy
2,0.9939942359924316,0.9788813628989248,0,0,0,1,1.89,0,0,9.0,142.4026641845703,1,0,0,0,0,14596.json,NotBuggy
12,0.02783401496708393,0.025056695837077463,5,4,9,5,2.75,4,8,77.0,99.15836334228516,0,1,0,0,0,10477.json,Buggy
3,0.6620696187019348,0.9215212564072673,0,0,0,1,1.89,0,1,15.0,132.086669921875,0,0,0,0,0,14575.json,NotBuggy
3,0.9713621735572815,0.9454944487241949,0,0,0,1,2.0,0,0,17.0,131.03103637695312,1,2,0,0,0,2865.json,NotBuggy
14,0.058325402438640594,3.4327216912604628E-9,0,0,0,1,1.4,0,1,164.0,92.76972961425781,0,6,4,0,0,1973.json,NotBuggy
12,4.4112480827607214E-4,6.466460441710515E-4,3,2,5,3,2.47,2,16,99.0,97.9406509399414,1,1,1,0,0,1794.json,NotBuggy
6,0.8740031123161316,0.9061670928588155,2,1,3,2,2.75,1,2,26.0,117.25019073486328,0,1,0,0,0,1945.json,NotBuggy
7,0.24601563811302185,0.015275062705708619,0,0,0,1,1.54,0,7,64.0,109.20501708984375,1,2,4,0,0,1422.json,NotBuggy
30,0.0,3.262488865444609E-13,4,7,11,8,1.66,2,12,227.0,76.65827941894531,1,4,6,0,0,12203.json,NotBuggy
3,0.4255576431751251,0.8277219792918891,0,0,0,1,1.89,0,1,17.0,131.1535186767578,0,0,0,0,0,2575.json,NotBuggy
4,0.40493741631507874,0.9876101692612116,0,0,0,1,4.9,0,1,17.0,126.4930648803711,0,0,0,0,0,7088.json,NotBuggy
3,0.8683061003684998,0.9103690793817777,0,0,0,1,1.89,0,0,13.0,132.9956512451172,0,0,0,0,0,5363.json,NotBuggy
4,0.7919584512710571,0.3646434081179511,2,2,4,2,1.0,0,0,32.0,122.44895935058594,0,2,0,0,0,10454.json,Buggy
4,0.9763591289520264,0.7165213002508638,1,1,2,2,0.9,0,1,25.0,123.73262786865234,1,2,0,0,0,7805.json,NotBuggy
3,0.37306684255599976,0.7192016487779722,0,0,0,1,1.89,0,2,22.0,129.69032287597656,0,1,0,0,0,11517.json,NotBuggy
3,0.5464862585067749,0.917687946231887,0,0,0,1,1.89,0,1,15.0,132.25152587890625,0,0,0,0,0,7410.json,NotBuggy
3,0.45641785860061646,0.6628742146209878,0,0,0,1,1.89,0,3,21.0,129.81976318359375,0,0,0,0,0,14423.json,NotBuggy
3,0.896955132484436,0.9430341822638892,0,0,0,1,1.89,0,0,13.0,132.9956512451172,0,0,0,0,0,8871.json,NotBuggy
6,0.4358265697956085,0.5351672730338463,1,1,2,2,3.27,1,6,31.0,116.231689453125,0,0,0,0,0,2122.json,NotBuggy
3,0.6720266342163086,0.6328394500252306,0,0,0,1,1.89,0,3,23.0,129.2428436279297,0,1,0,0,0,2204.json,NotBuggy
3,0.7764756083488464,0.9643104792726068,0,0,0,1,1.89,0,0,11.0,134.26058959960938,0,0,0,0,0,14338.json,NotBuggy
22,0.1221509501338005,1.3535099520571346E-5,4,3,7,5,7.09,4,5,123.0,85.75279998779297,1,1,5,0,0,4895.json,Buggy
3,0.21338437497615814,0.6746685320269362,0,0,0,1,3.77,0,0,23.0,129.4591827392578,0,2,0,0,0,3054.json,NotBuggy
8,0.13255172967910767,0.04514084176876709,1,1,2,2,2.4,1,4,52.0,107.98535919189453,0,1,1,0,0,12555.json,NotBuggy
3,0.47991207242012024,0.819638009954347,0,0,0,1,1.89,0,2,20.0,130.44261169433594,0,0,0,0,0,2356.json,NotBuggy
3,0.9370282888412476,0.9478553873673521,0,0,0,1,1.89,0,0,15.0,132.086669921875,0,1,0,0,0,12446.json,NotBuggy
3,0.28957831859588623,0.6357784446280729,0,0,0,1,1.89,0,1,24.0,129.2378692626953,0,2,0,0,0,13833.json,NotBuggy
6,0.13769295811653137,0.29031998921096885,2,1,3,2,2.56,1,5,40.0,114.55721282958984,1,1,0,0,0,1840.json,NotBuggy
3,0.862389862537384,0.9653303201524702,0,0,0,1,1.89,0,0,13.0,132.9956512451172,0,0,0,0,0,198.json,NotBuggy
3,0.46108344197273254,0.8690067599025877,0,0,0,1,1.89,0,0,17.0,131.28770446777344,0,1,0,0,0,5091.json,NotBuggy
23,0.004465703386813402,6.2230737674651736E-6,7,4,11,5,4.99,3,22,135.0,84.78569030761719,0,0,5,0,0,2547.json,NotBuggy
3,0.47607412934303284,0.6916668912460753,0,0,0,1,1.89,0,0,19.0,130.57513427734375,0,1,0,0,0,122.json,NotBuggy
7,0.21492978930473328,0.2609196493290258,1,1,2,2,2.56,1,6,43.0,111.53955078125,0,0,1,0,0,2638.json,NotBuggy
3,0.7038552165031433,0.7929944905095108,0,0,0,1,1.89,0,2,19.0,130.57513427734375,0,1,0,0,0,12311.json,NotBuggy
3,0.8790780901908875,0.8653395415208152,0,0,0,1,1.89,0,0,16.0,131.60296630859375,0,1,0,0,0,13460.json,NotBuggy
20,0.0,0.2468603808927796,2,3,5,4,6.57,2,10,106.0,88.64151763916016,1,2,2,0,0,5488.json,NotBuggy
3,0.9713621735572815,0.9454944487241949,0,0,0,1,2.0,0,0,17.0,131.03103637695312,1,2,0,0,0,2849.json,NotBuggy
8,0.001429279218427837,0.002085685496364416,4,3,7,3,3.87,2,10,73.0,106.09342193603516,0,2,0,0,0,5610.json,NotBuggy
1,0.997411847114563,0.7898271352814721,0,0,0,1,0.0,0,0,13.0,150.7931671142578,0,0,0,0,0,14373.json,NotBuggy
2,0.8727309703826904,0.9357431072080954,0,0,0,1,0.0,0,0,11.0,140.82913208007812,0,1,0,0,0,12669.json,NotBuggy
3,0.9341940879821777,0.9826638111115885,0,0,0,1,1.89,0,0,11.0,134.26058959960938,0,0,0,0,0,2624.json,NotBuggy
10,0.5206827521324158,0.3100032411606765,3,2,5,3,2.41,1,6,54.0,104.21759033203125,1,1,0,0,0,5103.json,NotBuggy
3,0.9105402827262878,0.9579242538537098,0,0,0,1,1.89,0,0,12.0,133.59722900390625,0,0,0,0,0,11086.json,NotBuggy
14,0.05215077847242355,1.8566009780852596E-5,2,1,3,2,4.32,1,11,108.0,94.61399841308594,0,2,6,0,0,2808.json,NotBuggy
5,0.38910558819770813,0.2821520996438882,2,2,4,2,2.99,1,3,36.0,118.1375503540039,0,1,0,0,0,14514.json,NotBuggy
30,0.0,4.460020727046688E-10,3,3,6,3,6.04,1,18,189.0,78.80606842041016,1,2,3,0,0,14191.json,NotBuggy
14,0.4855840504169464,0.001418773599897013,3,2,5,3,2.14,1,6,91.0,95.48007202148438,0,0,5,0,0,14509.json,NotBuggy
4,0.011791062541306019,0.25232767856842286,2,2,4,2,3.32,0,1,34.0,121.9708480834961,0,3,0,0,0,2523.json,NotBuggy
3,0.6644433736801147,0.8945100184586502,0,0,0,1,1.89,0,2,16.0,131.91592407226562,0,0,0,0,0,10505.json,NotBuggy
3,0.9713621735572815,0.9454944487241949,0,0,0,1,2.0,0,0,17.0,131.03103637695312,1,2,0,0,0,2900.json,NotBuggy
6,0.001795526361092925,0.011212090554995278,0,0,0,1,3.27,0,8,62.0,112.17469787597656,0,1,1,0,0,12647.json,NotBuggy
3,0.6726756691932678,0.6300613446886346,0,0,0,1,1.89,0,3,23.0,129.2428436279297,0,1,0,0,0,2000.json,NotBuggy
3,0.9713621735572815,0.9454944487241949,0,0,0,1,2.0,0,0,17.0,131.03103637695312,1,2,0,0,0,3086.json,NotBuggy
10,0.14206893742084503,0.13477541315369157,2,2,4,3,2.53,2,4,58.0,103.90898132324219,0,2,1,0,0,1758.json,NotBuggy
3,0.833280086517334,0.9497774998923041,0,0,0,1,1.89,0,0,12.0,133.59722900390625,0,0,0,0,0,1903.json,NotBuggy
4,0.7329926490783691,0.7116811298836149,1,1,2,2,2.0,0,1,23.0,124.56873321533203,0,0,0,0,0,7960.json,NotBuggy
3,2.1704194659832865E-4,0.337796690072457,0,0,0,1,1.89,0,0,30.0,127.76480865478516,0,3,0,0,0,9926.json,Buggy
4,0.5528138875961304,0.676790315601672,0,0,0,1,2.0,0,5,24.0,124.57742309570312,0,0,0,0,0,2148.json,NotBuggy
3,0.05319712683558464,0.5408974974061395,0,0,0,1,0.94,0,2,22.0,129.57785034179688,0,1,0,0,0,7837.json,NotBuggy
3,0.5922548770904541,0.9533750130508726,0,0,0,1,1.89,0,0,12.0,133.59722900390625,0,0,0,0,0,9437.json,NotBuggy
17,0.23955555260181427,0.03410553149688766,3,2,5,4,3.05,2,8,81.0,92.8715591430664,0,1,3,0,0,2428.json,NotBuggy
6,0.24077484011650085,0.1514068817471476,0,0,0,1,0.94,0,1,44.0,114.21735382080078,0,0,3,0,0,10762.json,NotBuggy
6,0.853139340877533,0.9066966344289915,2,1,3,2,2.75,1,1,24.0,117.77888488769531,0,1,0,0,0,9866.json,NotBuggy
101,0.0,1.258154924670645E-22,18,26,44,21,6.03,4,65,523.0,49.35964584350586,1,2,10,0,0,5516.json,Buggy
3,0.5121055245399475,0.8893716426639707,0,0,0,1,1.89,0,0,15.0,131.9385528564453,0,0,0,0,0,638.json,NotBuggy
3,0.6938802599906921,0.8718133361841444,0,0,0,1,1.89,0,1,17.0,131.28770446777344,0,1,0,0,0,12746.json,NotBuggy
14,0.005653472617268562,5.778547835835393E-4,3,2,5,4,3.09,2,6,95.0,95.27803802490234,0,1,3,0,0,12729.json,NotBuggy
3,0.8699005842208862,0.8673447443838199,0,0,0,1,1.89,0,1,18.0,130.85629272460938,0,1,0,0,0,9501.json,NotBuggy
3,0.46460410952568054,0.8987385640624735,0,0,0,1,1.89,0,0,14.0,132.61029052734375,0,0,0,0,0,13994.json,NotBuggy
22,6.322219269350171E-4,0.001300528024728849,4,5,9,5,4.89,2,15,117.0,86.39107513427734,1,1,0,0,0,11771.json,NotBuggy
3,0.9713621735572815,0.9454944487241949,0,0,0,1,2.0,0,0,17.0,131.03103637695312,1,2,0,0,0,2836.json,NotBuggy
8,0.07318666577339172,0.020451436843022718,0,0,0,1,1.73,0,4,64.0,107.4720230102539,0,1,2,0,0,9835.json,NotBuggy
7,0.06248893216252327,0.20523516498895295,1,1,2,2,3.02,1,4,45.0,111.52635192871094,0,1,0,0,0,2183.json,NotBuggy
4,0.23305025696754456,0.710301250263453,0,0,0,1,4.9,0,4,25.0,124.25267028808594,0,0,0,0,0,2594.json,NotBuggy
2,0.999466598033905,0.9541837243008031,0,0,0,1,1.89,0,0,11.0,140.82913208007812,1,1,0,0,0,9906.json,Buggy
14,0.18418928980827332,0.6741149636917318,1,4,5,6,2.7,2,0,49.0,98.78144836425781,0,1,0,0,0,1709.json,NotBuggy
3,0.704761803150177,0.8807383171274229,0,0,0,1,1.89,0,1,17.0,131.43582153320312,0,1,0,0,0,1857.json,NotBuggy
3,0.7909342050552368,0.8297249314250852,0,0,0,1,1.89,0,2,17.0,131.28770446777344,0,0,0,0,0,14606.json,NotBuggy
19,0.0,1.0375601293371545E-10,6,6,12,7,3.48,6,34,181.0,85.83171081542969,0,1,1,0,0,2601.json,NotBuggy
16,0.011073140427470207,2.846780706035257E-5,3,3,6,3,3.21,1,13,111.0,92.07831573486328,1,1,1,0,0,12339.json,NotBuggy
5,0.09612954407930374,0.1370653393458242,0,0,0,1,1.96,0,3,41.0,117.61241912841797,0,0,1,0,0,12071.json,NotBuggy
5,0.08697041124105453,0.14515586894821603,0,0,0,1,1.96,0,3,41.0,117.61241912841797,0,0,1,0,0,12173.json,NotBuggy
3,0.6666191816329956,0.899254573470204,0,0,0,1,1.89,0,0,14.0,132.61029052734375,0,0,0,0,0,647.json,NotBuggy
3,0.937480628490448,0.9635866234854599,0,0,0,1,1.89,0,0,12.0,133.59722900390625,0,0,0,0,0,3102.json,NotBuggy
36,3.524405474308878E-4,3.300089209765391E-8,8,8,16,9,6.39,5,14,195.0,74.54135131835938,0,2,4,0,0,5564.json,NotBuggy
3,0.5756577849388123,0.8739696563203235,0,0,0,1,1.89,0,0,14.0,132.4454345703125,0,0,0,0,0,9630.json,NotBuggy
6,0.7934293746948242,0.908505316769336,0,0,0,1,1.89,0,4,24.0,118.13136291503906,0,1,0,0,0,14638.json,NotBuggy
9,0.5863890647888184,0.005400041436518505,4,2,6,3,1.7,0,6,72.0,104.0612564086914,1,2,4,0,0,12013.json,NotBuggy
4,0.47071176767349243,0.7708930554096439,0,0,0,1,1.0,0,2,23.0,125.05540466308594,0,1,0,0,0,8774.json,NotBuggy
3,0.9121204018592834,0.9106313210195164,0,0,0,1,1.89,0,0,15.0,132.086669921875,0,1,0,0,0,14462.json,NotBuggy
3,0.8213703632354736,0.9519539658832089,0,0,0,1,1.89,0,1,15.0,132.086669921875,0,0,0,0,0,2174.json,NotBuggy
15,0.7527965307235718,0.022212636261702615,4,4,8,4,3.16,2,6,82.0,94.83539581298828,1,1,2,0,0,14516.json,NotBuggy
3,0.37548160552978516,0.7198186506234282,0,0,0,1,1.89,0,1,18.0,130.7338104248047,0,0,0,0,0,8694.json,NotBuggy
8,0.8307508826255798,0.3877289452140331,2,1,3,2,2.83,1,3,46.0,108.95927429199219,0,0,2,0,0,14553.json,NotBuggy
19,2.0481609681155533E-4,3.644051257833926E-8,1,1,2,2,5.42,1,21,146.0,88.06835174560547,0,1,3,0,0,12341.json,Buggy
11,0.07425745576620102,0.022512879564133448,1,1,2,2,2.41,1,5,73.0,101.33589935302734,0,1,1,0,0,14703.json,NotBuggy
6,0.6232629418373108,0.8649468043997287,1,1,2,2,2.75,1,0,26.0,117.25019073486328,0,0,0,0,0,12761.json,NotBuggy
15,0.02307520993053913,1.1126808862690048E-4,1,1,2,3,6.4,3,5,105.0,93.3520736694336,1,2,2,0,0,12553.json,NotBuggy
6,0.015053554438054562,0.13709524053671668,0,0,0,1,1.81,0,2,43.0,114.20042419433594,1,0,1,0,0,8640.json,NotBuggy
7,0.15134701132774353,0.04647405282480533,0,0,0,1,6.71,0,11,54.0,110.51870727539062,0,1,0,0,0,14420.json,NotBuggy
5,0.09702372550964355,0.14473600846278015,0,0,0,1,1.96,0,3,41.0,117.61241912841797,0,0,1,0,0,12229.json,NotBuggy
3,0.9713621735572815,0.9454944487241949,0,0,0,1,2.0,0,0,17.0,131.03103637695312,1,2,0,0,0,2895.json,NotBuggy
3,0.9713621735572815,0.9454944487241949,0,0,0,1,2.0,0,0,17.0,131.03103637695312,1,2,0,0,0,2997.json,NotBuggy
6,0.5598882436752319,0.8598044020748479,1,1,2,2,2.75,1,2,29.0,116.5784912109375,0,0,0,0,0,7800.json,NotBuggy
6,0.41775211691856384,0.7707456108391073,2,1,3,2,2.75,1,2,29.0,116.48211669921875,0,1,0,0,0,2044.json,NotBuggy
8,0.16749174892902374,0.4974285022448705,2,1,3,2,3.12,1,4,40.0,109.82251739501953,0,2,0,0,0,8689.json,NotBuggy
3,0.3042653799057007,0.5710555941804267,0,0,0,1,1.89,0,1,26.0,128.8216552734375,0,2,0,0,0,13771.json,NotBuggy
3,0.08386395126581192,0.8818201740816004,0,0,0,1,3.77,0,0,17.0,131.43582153320312,0,3,0,0,0,14355.json,NotBuggy
4,0.5696150660514832,0.7221687474049683,0,0,0,1,2.0,0,5,24.0,124.57742309570312,0,0,0,0,0,2460.json,NotBuggy
9,0.0751475989818573,0.42260084292934036,1,1,2,2,4.66,1,3,45.0,107.23184967041016,0,2,0,0,0,5630.json,NotBuggy
7,0.09998888522386551,0.0167112070512404,0,0,0,1,0.9,0,3,60.0,109.84796142578125,0,0,4,0,0,9120.json,NotBuggy
12,0.6995814442634583,0.6901784541231577,2,4,6,5,3.83,3,2,51.0,101.3006591796875,0,1,0,0,0,9274.json,NotBuggy
4,0.0029582602437585592,0.4579491725171919,0,0,0,1,4.9,0,0,28.0,123.46312713623047,0,0,0,0,0,10221.json,NotBuggy
3,0.9920768737792969,0.9193025145072317,0,0,0,1,2.0,0,0,14.0,132.4454345703125,1,1,0,0,0,13752.json,NotBuggy
3,0.8333776593208313,0.9249681549635883,0,0,0,1,1.89,0,0,15.0,132.086669921875,0,1,0,0,0,9418.json,NotBuggy
12,0.1651575267314911,0.003112235015591415,2,2,4,3,3.82,2,5,83.0,98.6172866821289,0,1,4,0,0,12876.json,NotBuggy
7,0.09652923792600632,0.1094963180436234,2,1,3,2,5.11,1,0,46.0,110.94255828857422,0,1,0,0,0,7405.json,NotBuggy
3,0.8972702622413635,0.9771549601141408,0,0,0,1,1.89,0,0,12.0,133.59722900390625,0,0,0,0,0,9535.json,NotBuggy
23,0.002999910619109869,1.501843910956011E-6,9,6,15,7,5.17,4,19,145.0,84.02243041992188,0,1,5,0,0,5553.json,NotBuggy
12,0.03460602089762688,0.040456570150097175,4,3,7,4,6.74,3,7,65.0,100.19923400878906,0,1,0,0,0,6749.json,Buggy
3,0.39176133275032043,0.6601132119171712,0,0,0,1,1.89,0,2,23.0,129.34671020507812,0,1,0,0,0,2408.json,NotBuggy
4,0.5779896378517151,0.37811001397256305,0,0,0,1,2.0,0,1,31.0,122.84404754638672,0,1,1,0,0,12899.json,NotBuggy
3,0.9977668523788452,0.9497819489001478,0,0,0,1,2.0,0,0,13.0,132.9956512451172,1,1,0,0,0,1805.json,NotBuggy
6,0.002504711737856269,0.10770249450623268,0,0,0,1,4.0,0,4,48.0,113.69478607177734,0,4,1,0,0,1886.json,NotBuggy
15,0.0667903795838356,0.3306338175428446,1,2,3,3,5.33,2,4,66.0,96.38204956054688,1,1,1,0,0,8247.json,NotBuggy
15,0.03603823855519295,0.11529691632281283,1,1,2,2,3.73,1,11,73.0,96.13996124267578,1,0,3,0,0,2644.json,NotBuggy
3,0.9969580173492432,0.9326835250783422,0,0,0,1,2.0,0,0,12.0,133.59722900390625,1,0,0,0,0,14049.json,NotBuggy
18,5.35226718056947E-4,0.005037974659814165,1,4,5,5,3.06,4,3,91.0,91.06768798828125,0,2,0,0,0,311.json,NotBuggy
7,0.8557197451591492,0.7839646378581705,1,1,2,2,2.4,1,2,32.0,113.2991714477539,1,1,1,0,0,5623.json,NotBuggy
11,0.5768161416053772,0.06983413761364192,0,0,0,1,3.33,1,5,69.0,101.53766632080078,0,1,1,0,0,14681.json,NotBuggy
19,2.066132874460891E-4,0.0010085702216682704,3,3,6,4,5.66,2,13,100.0,89.70496368408203,1,1,0,0,0,9305.json,NotBuggy
16,0.005311889108270407,6.363792593015015E-5,5,3,8,3,6.83,2,14,112.0,92.06336212158203,1,1,2,0,0,6633.json,Buggy
13,0.13799116015434265,0.02109793354746998,4,2,6,4,4.74,3,11,80.0,97.23945617675781,1,0,1,0,0,12723.json,NotBuggy
8,0.1862202137708664,0.0254198216148021,0,0,0,1,0.87,0,3,60.0,107.62769317626953,0,0,5,0,0,10699.json,NotBuggy
10,0.14332324266433716,0.00723492407375014,2,2,4,3,1.83,2,5,64.0,102.92267608642578,0,1,3,0,0,11608.json,Buggy
7,0.9303874969482422,0.9420982472360048,0,0,0,2,2.56,1,2,28.0,114.26372528076172,0,1,0,0,0,6306.json,NotBuggy
4,0.4466841518878937,0.8615059824707313,0,0,0,1,2.0,0,2,20.0,125.78216552734375,0,1,0,0,0,10538.json,NotBuggy
17,0.0076942951418459415,7.193220480315121E-4,2,2,4,3,3.3,2,15,99.0,91.7890853881836,1,0,3,0,0,9492.json,NotBuggy
6,0.002504711737856269,0.10770249450623268,0,0,0,1,4.0,0,4,48.0,113.69478607177734,0,4,1,0,0,1889.json,NotBuggy
3,0.23407119512557983,0.5244789331668946,0,0,0,1,1.89,0,1,25.0,128.8092498779297,0,1,0,0,0,9187.json,NotBuggy
3,0.5002280473709106,0.8075342724774681,0,0,0,1,1.89,0,2,18.0,130.99049377441406,0,0,0,0,0,9580.json,NotBuggy
15,0.6508572697639465,0.8778235362693111,2,2,4,2,3.81,1,1,54.0,97.87905883789062,0,1,1,0,0,8494.json,NotBuggy
7,0.21893936395645142,0.09933725062268838,0,0,0,1,3.33,1,2,48.0,110.95124816894531,0,1,2,0,0,2399.json,NotBuggy
3,0.6704165935516357,0.8385262252018081,0,0,0,1,1.89,0,1,17.0,131.43582153320312,0,1,0,0,0,6005.json,NotBuggy
4,0.88804030418396,0.48739137600654703,0,0,0,1,0.98,0,1,28.0,123.37332153320312,1,1,1,0,0,7678.json,NotBuggy
3,0.26310163736343384,0.8890404205584538,0,0,0,1,1.89,0,1,14.0,132.79563903808594,0,0,0,0,0,2180.json,NotBuggy
3,0.9199170470237732,0.9543775526125043,0,0,0,1,1.89,0,0,12.0,133.59722900390625,0,0,0,0,0,8738.json,NotBuggy
3,0.43641096353530884,0.7105623740140352,0,0,0,1,1.89,0,2,21.0,129.93223571777344,0,1,0,0,0,2587.json,NotBuggy
19,0.0,1.829588232979072E-5,7,4,11,5,1.92,3,13,146.0,87.50709533691406,1,1,3,0,0,1834.json,NotBuggy
21,1.4067966549191624E-4,2.0084888454361864E-6,1,1,2,3,7.86,1,24,143.0,86.35575103759766,0,0,3,0,0,2707.json,NotBuggy
7,0.7758287787437439,0.6505041330811762,1,1,2,2,2.56,1,4,36.0,112.77070617675781,0,0,1,0,0,2689.json,NotBuggy
8,0.6560325622558594,0.7920290517826373,1,1,2,3,3.87,2,1,35.0,110.28688049316406,0,1,1,0,0,13133.json,NotBuggy
3,0.8420180082321167,0.9489502674668067,0,0,0,1,1.89,0,0,12.0,133.59722900390625,0,0,0,0,0,14443.json,NotBuggy
3,0.3042653799057007,0.5710555941804267,0,0,0,1,1.89,0,1,26.0,128.8216552734375,0,2,0,0,0,13811.json,NotBuggy
3,0.5870333909988403,0.9640687175990227,0,0,0,1,1.89,0,0,11.0,134.26058959960938,0,0,0,0,0,5365.json,NotBuggy
3,0.9585508108139038,0.8748427091481326,0,0,0,1,2.0,0,0,17.0,131.1535186767578,1,2,0,0,0,13769.json,NotBuggy
5,0.1315557360649109,0.6008162339755421,0,0,0,1,1.96,0,6,32.0,119.46654510498047,0,1,0,0,0,9265.json,NotBuggy
3,0.5453169941902161,0.7506397998763745,0,0,0,1,1.89,0,3,20.0,130.30841064453125,0,0,0,0,0,2057.json,NotBuggy
13,0.020245229825377464,0.02599743596147553,1,1,2,2,3.72,1,9,70.0,98.57442474365234,0,2,1,0,0,1766.json,NotBuggy
9,0.9244415760040283,0.8288422728763638,2,2,4,3,3.45,2,3,39.0,107.96918487548828,1,0,1,0,0,9594.json,NotBuggy
3,0.4918545186519623,0.8571996223722937,0,0,0,1,1.89,0,1,16.0,131.75106811523438,0,0,0,0,0,2213.json,NotBuggy
10,0.4506676495075226,0.12116135480773697,2,1,3,2,5.73,1,5,62.0,103.66931915283203,0,0,3,0,0,14507.json,NotBuggy
3,0.9186292886734009,0.9713149500542515,0,0,0,1,1.89,0,1,14.0,132.61029052734375,0,1,0,0,0,14656.json,NotBuggy
3,0.7885309457778931,0.40744802915420103,0,0,0,1,1.89,0,4,27.0,128.31268310546875,0,1,0,0,0,14620.json,NotBuggy
12,0.15598420798778534,9.236723927774446E-4,3,3,6,4,2.31,1,9,82.0,98.21602630615234,0,1,3,0,0,11767.json,NotBuggy
6,0.4428313970565796,0.7010928255049667,1,1,2,2,2.75,1,3,31.0,116.33555603027344,0,0,0,0,0,2102.json,NotBuggy
3,0.7537469267845154,0.9583244499592954,0,0,0,1,1.89,0,0,12.0,133.59722900390625,0,0,0,0,0,14448.json,NotBuggy
4,0.22663475573062897,0.8489070713656891,0,0,0,1,2.0,0,2,22.0,124.91740417480469,0,1,0,0,0,14701.json,NotBuggy
4,0.5618824362754822,0.7096757485334011,0,0,0,1,2.0,0,5,24.0,124.57742309570312,0,0,0,0,0,2581.json,NotBuggy
34,5.429721204563975E-4,3.056765400436703E-11,2,1,3,5,3.76,2,13,219.0,75.4430160522461,1,1,8,0,0,8320.json,Buggy
3,0.9713621735572815,0.9454944487241949,0,0,0,1,2.0,0,0,17.0,131.03103637695312,1,2,0,0,0,2845.json,NotBuggy
7,0.06569037586450577,0.10058808349845295,0,0,0,1,1.81,0,4,47.0,111.11779022216797,0,0,2,0,0,2299.json,NotBuggy
24,0.021872736513614655,0.002912582797754049,3,5,8,6,3.16,2,1,127.0,84.32501983642578,1,2,3,0,0,9430.json,NotBuggy
5,0.07234322279691696,0.4602254476207634,0,0,0,1,4.66,0,6,34.0,118.748779296875,0,1,0,0,0,2134.json,NotBuggy
3,0.33513185381889343,0.9205541173943721,0,0,0,1,1.89,0,0,14.0,132.4454345703125,0,0,0,0,0,4074.json,NotBuggy
3,0.5443600416183472,0.8020697315083155,0,0,0,1,1.89,0,1,19.0,130.57513427734375,0,2,0,0,0,5666.json,NotBuggy
3,0.5502998232841492,0.8184075442616187,0,0,0,1,1.89,0,1,18.0,130.7338104248047,0,0,0,0,0,2317.json,NotBuggy
3,0.47179707884788513,0.7477648377062195,0,0,0,1,1.89,0,1,18.0,130.7338104248047,0,0,0,0,0,10662.json,NotBuggy
5,0.0916600152850151,0.1475858707377944,0,0,0,1,1.96,0,3,41.0,117.61241912841797,0,0,1,0,0,11909.json,NotBuggy
3,0.9521888494491577,0.979900017175821,0,0,0,1,1.89,0,0,13.0,132.9956512451172,0,0,0,0,0,5754.json,NotBuggy
13,0.6225433945655823,0.0012235742508520378,3,4,7,4,4.71,2,9,87.0,96.72262573242188,0,0,2,0,0,14511.json,NotBuggy
16,0.0038467515259981155,0.0029981088543482243,0,0,0,2,5.07,1,8,83.0,93.88422393798828,0,2,2,0,0,5464.json,NotBuggy
3,0.7762097120285034,0.9265921875791764,0,0,0,1,1.89,0,0,16.0,131.91592407226562,0,0,0,0,0,11518.json,NotBuggy
2,0.997968316078186,0.9263282569039636,0,0,0,1,1.89,0,0,14.0,139.0139617919922,1,2,0,0,0,13803.json,NotBuggy
9,0.04580696299672127,0.021091217168390054,2,1,3,2,3.66,1,7,64.0,105.21106719970703,0,0,2,0,0,2048.json,NotBuggy
25,0.0,1.0176134187041414E-14,2,5,7,6,3.7,5,28,242.0,79.90652465820312,0,2,8,0,0,731.json,NotBuggy
5,0.1928505003452301,0.4500214920492964,0,0,0,1,4.66,0,5,33.0,118.82000732421875,0,1,0,0,0,2106.json,NotBuggy
7,0.25419703125953674,0.099605364558745,3,1,4,2,2.83,1,3,48.0,110.72124481201172,1,3,1,0,0,12556.json,NotBuggy
10,0.07211314141750336,0.2521600492081587,1,1,2,2,2.53,1,5,52.0,104.70681762695312,0,0,2,0,0,6529.json,NotBuggy
12,0.0691559836268425,0.017065353178511614,0,0,0,1,3.33,0,11,77.0,99.55764770507812,1,0,2,0,0,1707.json,Buggy
5,0.0912342444062233,0.14523986911788872,0,0,0,1,1.96,0,3,41.0,117.61241912841797,0,0,1,0,0,11962.json,NotBuggy
3,0.5184663534164429,0.970950838047511,0,0,0,1,1.89,0,1,14.0,132.79563903808594,0,0,0,0,0,2164.json,NotBuggy
6,0.5402108430862427,0.8422388014480618,1,1,2,2,2.75,1,2,28.0,116.7609634399414,0,0,0,0,0,5125.json,NotBuggy
8,0.23616951704025269,0.6664894940461076,1,1,2,2,3.12,1,1,39.0,110.10726928710938,0,2,0,0,0,12826.json,NotBuggy
3,0.8994284272193909,0.9797012044757133,0,0,0,1,1.89,0,0,12.0,133.59722900390625,0,0,0,0,0,2372.json,NotBuggy
4,0.11661794036626816,0.8167533803070754,0,0,0,1,2.0,0,2,26.0,124.04872131347656,0,2,0,0,0,1870.json,NotBuggy
2,0.9022932648658752,0.9016315266967834,0,0,0,1,0.0,0,0,11.0,140.82913208007812,0,1,0,0,0,2093.json,NotBuggy
12,0.393982470035553,0.24440926893256684,2,2,4,3,2.56,1,4,61.0,100.57026672363281,0,1,1,0,0,14317.json,NotBuggy
6,0.016655296087265015,0.04455072359878825,0,0,0,1,1.81,0,3,54.0,112.83601379394531,1,4,0,0,0,9867.json,NotBuggy
5,0.0916600152850151,0.1475858707377944,0,0,0,1,1.96,0,3,41.0,117.61241912841797,0,0,1,0,0,12144.json,NotBuggy
19,7.839904283173382E-4,0.0032251915839430706,5,6,11,7,5.98,4,15,106.0,89.33250427246094,0,1,0,0,0,5128.json,NotBuggy
2,0.999457597732544,0.954602844083669,0,0,0,1,1.89,0,0,11.0,140.82913208007812,1,1,0,0,0,6473.json,NotBuggy
11,0.0016112372977659106,3.145339628559522E-5,0,0,0,1,0.77,0,8,102.0,99.41498565673828,0,0,2,0,0,10679.json,NotBuggy
3,0.9586148858070374,0.9428150978200858,0,0,0,1,1.89,0,0,15.0,132.086669921875,0,1,0,0,0,14558.json,NotBuggy
9,0.6207877993583679,0.005471597762058223,4,2,6,3,1.7,0,6,72.0,104.0612564086914,1,2,4,0,0,12128.json,NotBuggy
4,0.08948874473571777,0.5953273298267565,0,0,0,1,4.38,0,0,26.0,123.94486236572266,1,0,0,0,0,10595.json,NotBuggy
3,0.8505394458770752,0.9444078454383259,0,0,0,1,1.89,0,0,12.0,133.59722900390625,0,0,0,0,0,5767.json,NotBuggy
32,1.8435555102769285E-4,1.5736582823246481E-9,4,4,8,6,5.95,4,18,207.0,76.42778778076172,1,1,8,0,0,10884.json,Buggy
8,0.028885619714856148,0.44709579463202587,0,0,0,1,3.96,0,2,41.0,109.85400390625,0,0,1,0,0,12879.json,NotBuggy
5,0.2509635388851166,0.47042393168041946,0,0,0,1,1.96,0,6,31.0,119.41529846191406,0,1,0,0,0,14688.json,NotBuggy
22,0.0,1.1773205842907795E-10,9,8,17,9,2.6,8,25,198.0,82.77365112304688,0,3,0,0,0,2061.json,NotBuggy
14,0.08474980294704437,0.07720253424678818,3,3,6,4,3.0,2,5,74.0,96.62490844726562,1,0,3,0,0,9884.json,Buggy
3,0.944343626499176,0.943522096966771,0,0,0,1,1.89,0,0,14.0,132.4454345703125,0,1,0,0,0,12610.json,NotBuggy
6,0.6552327275276184,0.5532616620976917,1,1,2,2,2.75,1,2,34.0,115.40231323242188,0,1,1,0,0,9494.json,NotBuggy
7,0.3589952290058136,0.0458498398185531,1,1,2,2,0.9,0,5,50.0,110.56603240966797,0,0,2,0,0,9495.json,NotBuggy
8,0.5099077820777893,0.07418832429556252,4,4,8,4,1.41,1,3,51.0,107.96272277832031,0,0,1,0,0,12078.json,NotBuggy
3,0.8530109524726868,0.9737426823913128,0,0,0,1,1.89,0,0,11.0,134.26058959960938,0,0,0,0,0,2521.json,NotBuggy
10,0.0,6.865157117481528E-5,0,0,0,1,1.6,0,18,101.0,101.3617935180664,0,0,1,0,0,12248.json,NotBuggy
3,0.8398102521896362,0.8610739599128356,0,0,0,1,1.89,0,0,14.0,132.4454345703125,1,1,0,0,0,1025.json,NotBuggy
7,0.5240217447280884,0.5047023322020456,2,1,3,2,2.4,1,4,38.0,112.18234252929688,1,0,1,0,0,2268.json,NotBuggy
3,0.9713621735572815,0.9454944487241949,0,0,0,1,2.0,0,0,17.0,131.03103637695312,1,2,0,0,0,2834.json,NotBuggy
2,0.9961894750595093,0.9327454946064425,0,0,0,1,1.89,0,0,14.0,139.1788330078125,1,2,0,0,0,13719.json,NotBuggy
13,0.10079319775104523,0.003655370327090325,5,4,9,4,3.72,2,6,80.0,97.1588134765625,1,3,2,0,0,5585.json,NotBuggy
68,0.0,1.514275634499909E-19,5,5,10,8,5.6,3,34,383.0,59.972190856933594,1,2,9,0,0,1614.json,Buggy
12,0.045181963592767715,5.19781223989808E-4,1,1,2,3,3.32,2,10,89.0,98.17073822021484,0,0,3,0,0,14333.json,NotBuggy
3,0.9494650363922119,0.9605504486660705,0,0,0,1,1.89,0,0,12.0,133.59722900390625,0,0,0,0,0,2688.json,NotBuggy
3,0.9521888494491577,0.979900017175821,0,0,0,1,1.89,0,0,13.0,132.9956512451172,0,0,0,0,0,5788.json,NotBuggy
10,0.4795345366001129,0.32469274565185674,2,2,4,3,3.6,2,3,50.0,104.50083923339844,0,0,2,0,0,2557.json,NotBuggy
3,0.8588823676109314,0.8550653883014777,0,0,0,1,1.89,0,0,16.0,131.60296630859375,0,1,0,0,0,13422.json,NotBuggy
9,0.00488552451133728,8.973474539384519E-5,5,3,8,4,1.13,1,8,91.0,102.61344909667969,0,2,3,0,0,12015.json,NotBuggy
11,0.19846192002296448,0.2862514720748385,4,3,7,4,5.06,3,4,54.0,102.38368225097656,0,1,2,0,0,14545.json,NotBuggy
7,0.050335031002759933,0.1952527285701599,0,0,0,1,3.7,0,5,44.0,111.6500015258789,0,1,1,0,0,2758.json,NotBuggy
3,0.3689245581626892,0.9134222194591443,0,0,0,1,1.89,0,0,14.0,132.61029052734375,0,0,0,0,0,13960.json,NotBuggy
3,0.884916365146637,0.8644693059084548,0,0,0,1,1.89,0,0,16.0,131.60296630859375,0,1,0,0,0,13494.json,NotBuggy
2,0.9969013929367065,0.932283211754567,0,0,0,1,1.89,0,0,14.0,139.1788330078125,1,2,0,0,0,13694.json,NotBuggy
18,0.09184332937002182,1.543667811272566E-5,5,4,9,5,2.33,3,7,114.0,89.5715560913086,0,1,6,0,0,11946.json,NotBuggy
15,0.010830767452716827,0.001544468179425462,1,3,4,5,4.95,4,3,90.0,94.03771209716797,0,1,2,0,0,9834.json,NotBuggy
5,0.09702372550964355,0.14473600846278015,0,0,0,1,1.96,0,3,41.0,117.61241912841797,0,0,1,0,0,11918.json,NotBuggy
8,0.8561668992042542,0.0012285908414638822,4,3,7,3,0.8,0,4,70.0,105.87313842773438,1,2,3,0,0,11930.json,NotBuggy
3,0.5253312587738037,0.597180147763561,0,0,0,1,1.89,0,2,21.0,129.93223571777344,0,1,0,0,0,2023.json,NotBuggy
3,0.12336603552103043,0.9273201439953394,0,0,0,1,1.89,0,0,12.0,133.59722900390625,0,0,0,0,0,2502.json,NotBuggy
6,0.5126741528511047,0.589867132575895,0,0,0,1,2.75,0,3,31.0,116.36531829833984,0,1,1,0,0,1710.json,NotBuggy
5,0.6854161620140076,0.795181345784509,0,0,0,1,3.92,0,2,21.0,121.6568603515625,0,1,0,0,0,8766.json,Buggy
67,0.0,2.3409724985541986E-33,12,16,28,15,5.34,6,47,499.0,57.31573486328125,1,1,11,0,0,6368.json,Buggy
3,0.9494650363922119,0.9605504486660705,0,0,0,1,1.89,0,0,12.0,133.59722900390625,0,0,0,0,0,2649.json,NotBuggy
3,0.6726756691932678,0.6300613446886346,0,0,0,1,1.89,0,3,23.0,129.2428436279297,0,1,0,0,0,2112.json,NotBuggy
3,0.9957166314125061,0.9275652657585177,0,0,0,1,2.0,0,0,12.0,133.59722900390625,1,0,0,0,0,14050.json,NotBuggy
17,0.05394124612212181,4.7467730820828285E-4,3,3,6,3,3.39,2,5,95.0,92.00354766845703,1,1,3,0,0,13701.json,NotBuggy
5,0.4418339133262634,0.8516242160905271,0,0,0,1,1.96,0,3,23.0,121.30628204345703,0,0,0,0,0,6150.json,NotBuggy
1,0.5810275673866272,0.7715699134803459,0,0,0,1,0.0,0,1,17.0,149.23333740234375,0,1,0,0,0,10082.json,NotBuggy
2,0.9971170425415039,0.9719394128708879,0,0,0,1,2.0,0,0,11.0,140.82913208007812,1,1,0,0,0,9691.json,NotBuggy
3,0.9773942828178406,0.8745774780884381,0,0,0,1,1.89,0,0,17.0,131.43582153320312,0,1,0,0,0,13336.json,NotBuggy
6,0.01992766559123993,0.4434294993939835,1,1,2,2,5.5,1,1,35.0,115.17733001708984,0,2,0,0,0,5606.json,NotBuggy
3,0.7766425013542175,0.9146528771456064,0,0,0,1,1.89,0,1,15.0,132.086669921875,0,0,0,0,0,2244.json,NotBuggy
3,0.3042653799057007,0.5710555941804267,0,0,0,1,1.89,0,1,26.0,128.8216552734375,0,2,0,0,0,13800.json,NotBuggy
10,2.074078656733036E-4,0.0015032009728737242,1,1,2,2,2.15,1,6,80.0,102.23234558105469,0,0,2,0,0,10700.json,NotBuggy
3,0.648380696773529,0.8681099829419326,0,0,0,1,1.89,0,1,17.0,131.28770446777344,0,1,0,0,0,5309.json,NotBuggy
5,0.19679582118988037,0.6297211543275943,0,0,0,1,1.96,0,2,30.0,119.58580780029297,0,1,1,0,0,11668.json,Buggy
3,0.37306684255599976,0.7192016487779722,0,0,0,1,1.89,0,2,22.0,129.69032287597656,0,1,0,0,0,11515.json,NotBuggy
3,0.5898991227149963,0.8436962446865278,0,0,0,1,1.89,0,1,17.0,131.43582153320312,0,1,0,0,0,6008.json,NotBuggy
5,0.09702372550964355,0.14473600846278015,0,0,0,1,1.96,0,3,41.0,117.61241912841797,0,0,1,0,0,12148.json,NotBuggy
23,0.016466209664940834,3.954020591872084E-8,9,9,18,7,2.16,3,8,150.0,83.46385955810547,1,1,7,0,0,6213.json,NotBuggy
2,0.9671555757522583,0.9643120812317925,0,0,0,1,1.89,0,0,14.0,139.1788330078125,1,2,0,0,0,2906.json,NotBuggy
3,0.47179707884788513,0.7477648377062195,0,0,0,1,1.89,0,1,18.0,130.7338104248047,0,0,0,0,0,9966.json,NotBuggy
3,0.8013975620269775,0.7330477263338313,0,0,0,1,1.89,0,2,19.0,130.45266723632812,0,1,0,0,0,2494.json,NotBuggy
3,0.757676362991333,0.870070285571949,0,0,0,1,1.89,0,0,15.0,131.9385528564453,0,0,0,0,0,12742.json,NotBuggy
3,0.5629396438598633,0.7394577950156713,0,0,0,1,1.89,0,1,19.0,130.34019470214844,0,0,0,0,0,2046.json,NotBuggy
3,0.9325091242790222,0.8798395911722107,0,0,0,1,1.89,0,0,16.0,131.60296630859375,0,1,0,0,0,13482.json,NotBuggy
21,0.014268719591200352,0.0014327080293418321,3,3,6,4,2.51,1,8,103.0,88.11528015136719,0,2,3,0,0,5636.json,NotBuggy
18,0.014241443015635014,0.02259374973426129,0,0,0,1,5.29,1,6,98.0,91.60232543945312,1,3,1,0,0,13831.json,NotBuggy
2,0.999457597732544,0.954602844083669,0,0,0,1,1.89,0,0,11.0,140.82913208007812,1,1,0,0,0,11571.json,Buggy
7,0.33099910616874695,0.6080703607189354,1,1,2,2,3.02,1,5,35.0,112.83319091796875,0,0,0,0,0,10572.json,NotBuggy
3,0.3040443956851959,0.9452303664362437,0,0,0,1,1.89,0,0,12.0,133.59722900390625,0,0,0,0,0,2809.json,NotBuggy
3,0.24866777658462524,0.9423124581955374,0,0,0,1,1.89,0,0,12.0,133.59722900390625,0,0,0,0,0,5779.json,NotBuggy
3,0.5341310501098633,0.8132261849001601,0,0,0,1,1.89,0,2,19.0,130.70933532714844,0,0,0,0,0,12775.json,NotBuggy
2,0.9119830131530762,0.9305616852605507,0,0,0,1,0.0,0,0,11.0,140.82913208007812,0,1,0,0,0,12658.json,NotBuggy
5,0.008826633915305138,0.6932745961584138,0,0,0,1,4.66,0,1,27.0,120.03731536865234,0,3,0,0,0,13053.json,NotBuggy
5,0.27244067192077637,0.4936422014109278,0,0,0,1,4.38,0,5,35.0,118.29083251953125,0,1,1,0,0,6713.json,NotBuggy
9,0.11239450424909592,0.06105727065695915,1,2,3,3,2.95,2,2,57.0,105.64328002929688,0,2,0,0,0,13795.json,NotBuggy
5,0.05377113074064255,0.10017033312511528,0,0,0,1,1.96,0,3,43.0,117.22039794921875,0,1,1,0,0,399.json,Buggy
3,0.9518932104110718,0.9561398161317443,0,0,0,1,1.89,0,0,13.0,132.9956512451172,0,0,0,0,0,8965.json,NotBuggy
6,0.022064948454499245,0.5216730323023999,0,0,0,1,5.03,0,3,34.0,115.63230895996094,0,2,0,0,0,11650.json,NotBuggy
2,0.9993749856948853,0.9582478686442524,0,0,0,1,1.89,0,0,11.0,140.82913208007812,1,1,0,0,0,1982.json,NotBuggy
18,0.0070203510113060474,9.276905482151598E-7,0,0,0,1,1.26,0,14,140.0,89.33338928222656,0,0,9,0,0,14679.json,NotBuggy
4,0.3793131709098816,0.5946357240740409,0,0,0,1,4.9,0,4,28.0,123.55950164794922,0,1,0,0,0,2705.json,NotBuggy
9,0.32395681738853455,0.9649868050261542,0,0,0,1,6.74,0,2,35.0,108.76868438720703,0,0,1,0,0,6180.json,Buggy
3,0.5720627307891846,0.7959953920529559,0,0,0,1,1.89,0,0,17.0,131.28770446777344,0,0,0,0,0,821.json,NotBuggy
3,0.9980508089065552,0.9770167378450574,0,0,0,1,2.83,0,1,17.0,131.1535186767578,1,1,0,0,0,6862.json,NotBuggy
4,0.36346814036369324,0.7654645067373129,0,0,0,1,1.0,0,2,23.0,125.05540466308594,0,1,0,0,0,8740.json,NotBuggy
9,0.09928017854690552,0.08037357533103376,2,2,4,3,2.95,2,5,56.0,105.73532104492188,0,1,0,0,0,12786.json,NotBuggy
3,0.4462940990924835,0.8848534201989653,0,0,0,1,1.89,0,1,15.0,132.25152587890625,0,0,0,0,0,1961.json,NotBuggy
24,0.06307867914438248,3.2184425658004053E-4,3,3,6,3,5.98,1,11,116.0,85.00659942626953,0,1,4,0,0,11666.json,Buggy
3,0.7823095917701721,0.9459043300021491,0,0,0,1,1.89,0,0,12.0,133.59722900390625,0,0,0,0,0,1916.json,NotBuggy
3,0.8467565774917603,0.8845516237142396,0,0,0,1,1.89,0,0,14.0,132.4454345703125,0,0,0,0,0,12733.json,NotBuggy
14,0.20500774681568146,0.6952277162055265,1,4,5,6,2.7,2,0,49.0,98.78144836425781,0,1,0,0,0,1994.json,NotBuggy
6,0.5598882436752319,0.8598044020748479,1,1,2,2,2.75,1,2,29.0,116.5784912109375,0,0,0,0,0,7798.json,NotBuggy
11,0.5560516119003296,0.09370941563072409,0,0,0,1,1.54,0,0,60.0,102.41426849365234,0,0,0,0,0,14493.json,NotBuggy
12,5.455651553347707E-4,3.3222001379026107E-6,0,0,0,1,1.49,0,31,129.0,96.97216033935547,0,0,1,0,0,12896.json,NotBuggy
3,0.5691398978233337,0.9448481486490589,0,0,0,1,1.89,0,0,12.0,133.59722900390625,0,0,0,0,0,8136.json,NotBuggy
5,0.0916600152850151,0.15012290562887146,0,0,0,1,1.96,0,3,41.0,117.61241912841797,0,0,1,0,0,12096.json,NotBuggy
3,0.3288794159889221,0.8360743897482618,0,0,0,1,1.89,0,1,18.0,130.99049377441406,0,1,0,0,0,5728.json,NotBuggy
3,0.9954763650894165,0.9816506656199492,0,0,0,1,3.5,0,1,16.0,131.75106811523438,1,1,0,0,0,8515.json,NotBuggy
5,0.09702372550964355,0.14473600846278015,0,0,0,1,1.96,0,3,41.0,117.61241912841797,0,0,1,0,0,12141.json,NotBuggy
18,0.020110568031668663,2.1941038898544372E-7,0,0,0,1,1.17,0,23,151.0,88.9117202758789,1,0,1,0,0,8597.json,NotBuggy
2,0.9813686609268188,0.9731901745211916,0,0,0,1,1.89,0,0,9.0,142.4026641845703,1,0,0,0,0,14431.json,NotBuggy
1,0.9838520884513855,0.807366594964014,0,0,0,1,0.0,0,1,13.0,150.978515625,0,0,0,0,0,7752.json,Buggy
3,0.9937834739685059,0.9283395462308289,0,0,0,1,2.0,0,0,14.0,132.4454345703125,1,1,0,0,0,13892.json,NotBuggy
19,0.009108697064220905,0.007033189951703052,4,3,7,4,3.27,1,8,110.0,89.2093505859375,1,1,5,0,0,13987.json,Buggy
3,0.8821364045143127,0.9265340053471535,0,0,0,1,1.89,0,0,12.0,133.59722900390625,0,0,0,0,0,2501.json,NotBuggy
3,0.37464746832847595,0.9232621926659503,0,0,0,1,1.89,0,0,14.0,132.61029052734375,0,0,0,0,0,839.json,NotBuggy
3,0.5529273748397827,0.8160721140857068,0,0,0,1,1.89,0,0,14.0,132.4454345703125,0,0,0,0,0,8670.json,NotBuggy
3,0.7308065891265869,0.8250091753494017,0,0,0,1,1.89,0,2,17.0,131.28770446777344,0,0,0,0,0,5362.json,NotBuggy
3,0.68024080991745,0.9170530582422477,0,0,0,1,1.89,0,0,14.0,132.61029052734375,0,0,0,0,0,14046.json,NotBuggy
7,0.367703914642334,0.896147298314827,1,1,2,2,3.02,1,1,27.0,114.45283508300781,0,0,0,0,0,2088.json,NotBuggy
3,0.3692452609539032,0.7892298191762889,0,0,0,1,1.89,0,3,21.0,130.05470275878906,0,0,0,0,0,13628.json,NotBuggy
10,0.16442245244979858,0.02662225551542023,2,2,4,2,2.53,1,4,61.0,103.49250030517578,0,2,1,0,0,130.json,NotBuggy
3,0.9123562574386597,0.883567773207244,0,0,0,1,1.96,0,1,15.0,132.086669921875,1,0,0,0,0,2663.json,NotBuggy
3,0.03255550563335419,0.687393206379903,0,0,0,1,1.89,0,1,23.0,129.34671020507812,0,1,0,0,0,12656.json,NotBuggy
3,0.49670693278312683,0.7911694419762905,0,0,0,1,1.89,0,2,18.0,130.99049377441406,0,0,0,0,0,9885.json,NotBuggy
28,0.00247795763425529,1.2243837145151636E-7,7,6,13,7,2.44,4,13,169.0,79.97093963623047,0,3,4,0,0,2071.json,NotBuggy
4,0.06770948320627213,0.37442638746019846,0,0,0,1,2.0,0,2,31.0,122.93385314941406,0,2,0,0,0,519.json,NotBuggy
3,0.8140095472335815,0.9580603305791988,0,0,0,1,1.89,0,0,12.0,133.59722900390625,0,0,0,0,0,6007.json,NotBuggy
3,0.8882124423980713,0.9578132538738254,0,0,0,1,1.89,0,0,12.0,133.59722900390625,0,0,0,0,0,2511.json,NotBuggy
3,0.6668251156806946,0.8341609491119333,0,0,0,1,1.89,0,1,17.0,131.28770446777344,0,1,0,0,0,6699.json,NotBuggy
25,0.0035073431208729744,0.036787627845962116,3,3,6,4,3.39,1,10,130.0,83.76605224609375,1,3,3,0,0,1846.json,NotBuggy
3,0.9956714510917664,0.9274810529642739,0,0,0,1,2.0,0,0,12.0,133.59722900390625,1,0,0,0,0,14065.json,NotBuggy
15,0.02812131866812706,3.806790784229309E-4,1,1,2,3,6.88,1,14,101.0,93.67909240722656,0,0,3,0,0,2196.json,NotBuggy
14,0.09035878628492355,0.3140569967619321,1,1,2,2,6.63,1,3,63.0,97.97164154052734,1,3,1,0,0,6177.json,Buggy
2,0.9964885711669922,0.9334593009204188,0,0,0,1,1.89,0,0,14.0,139.1788330078125,1,2,0,0,0,13686.json,NotBuggy
3,0.9399890899658203,0.939296246416873,0,0,0,1,1.89,0,0,14.0,132.4454345703125,0,1,0,0,0,14354.json,NotBuggy
5,0.6977035999298096,0.734269293271633,2,2,4,2,2.99,1,2,28.0,119.71456909179688,0,1,0,0,0,2520.json,NotBuggy
2,0.9654462337493896,0.8949591159895444,0,0,0,1,1.89,0,0,14.0,139.0139617919922,1,2,0,0,0,8730.json,NotBuggy
3,0.9155768156051636,0.9468428373129458,0,0,0,1,1.89,0,0,13.0,132.9956512451172,0,0,0,0,0,8791.json,NotBuggy
4,0.01895025186240673,0.23421952923678555,0,0,0,1,4.9,0,3,32.0,122.44184875488281,0,1,0,0,0,9239.json,NotBuggy
5,0.0877876728773117,0.14599544359290753,0,0,0,1,1.96,0,3,41.0,117.61241912841797,0,0,1,0,0,12091.json,NotBuggy
9,0.03592085465788841,0.005038125368774667,3,1,4,2,2.67,1,9,69.0,104.55853271484375,0,1,3,0,0,2780.json,NotBuggy
41,0.0,8.872744967430805E-19,0,0,0,1,1.94,0,34,330.0,71.28458404541016,1,0,0,0,0,11932.json,NotBuggy
23,0.006267702206969261,3.302155455514093E-7,4,4,8,6,4.87,4,10,159.0,83.23087310791016,1,1,7,0,0,14365.json,NotBuggy
3,0.6651875376701355,0.9307335050113777,0,0,0,1,1.89,0,0,14.0,132.61029052734375,0,0,0,0,0,14051.json,NotBuggy
3,0.37548160552978516,0.7198186506234282,0,0,0,1,1.89,0,1,18.0,130.7338104248047,0,0,0,0,0,8974.json,NotBuggy
8,0.7033916115760803,0.009381332467578196,0,0,0,1,1.73,0,3,67.0,106.84957122802734,0,0,3,0,0,14500.json,NotBuggy
3,0.09076008200645447,0.6538142467980206,0,0,0,1,1.89,0,2,21.0,129.93223571777344,0,1,0,0,0,1865.json,NotBuggy
3,0.05405520275235176,0.5554072281935615,0,0,0,1,1.89,0,0,22.0,129.57785034179688,0,0,0,0,0,13128.json,NotBuggy
16,0.0,4.599261482103089E-8,0,1,1,2,4.52,1,4,157.0,90.74911499023438,1,5,1,0,0,9461.json,NotBuggy
3,0.7853596210479736,0.9564610908355775,0,0,0,1,1.89,0,0,11.0,134.26058959960938,0,0,0,0,0,5367.json,NotBuggy
3,0.8825140595436096,0.9489907130228349,0,0,0,1,1.89,0,0,12.0,133.59722900390625,0,0,0,0,0,5791.json,NotBuggy
3,0.8285239338874817,0.9517516749276376,0,0,0,1,1.89,0,0,12.0,133.59722900390625,0,0,0,0,0,14569.json,NotBuggy
6,0.408608615398407,0.8805690321071756,2,1,3,2,3.27,1,4,29.0,116.6823501586914,0,1,0,0,0,1811.json,NotBuggy
2,0.9957143068313599,0.9133841982087696,0,0,0,1,1.89,0,0,11.0,140.82913208007812,1,1,0,0,0,2291.json,NotBuggy
3,0.42563384771347046,0.729237443071631,0,0,0,1,1.89,0,2,21.0,129.93223571777344,0,1,0,0,0,2195.json,NotBuggy
3,0.7390558123588562,0.9758599776831367,0,0,0,1,1.89,0,1,14.0,132.61029052734375,0,0,0,0,0,9198.json,NotBuggy
1,0.9741112589836121,0.8354290673627086,0,0,0,1,0.0,0,0,12.0,151.39474487304688,0,0,0,0,0,10932.json,Buggy
2,0.9896860122680664,0.9747582325615732,0,0,0,1,1.96,0,0,11.0,140.82913208007812,1,1,0,0,0,6354.json,NotBuggy
6,0.5714826583862305,0.9329508822761551,1,1,2,2,2.75,1,1,23.0,118.12267303466797,0,0,0,0,0,14693.json,NotBuggy
3,0.9954763650894165,0.9816506656199492,0,0,0,1,3.5,0,1,16.0,131.75106811523438,1,1,0,0,0,5793.json,NotBuggy
6,0.003545633517205715,0.12478165686110665,2,1,3,2,2.75,1,3,45.0,113.94474029541016,0,3,0,0,0,1689.json,NotBuggy
4,0.042134542018175125,0.5061110776484407,0,0,0,1,3.32,0,0,28.0,123.46312713623047,0,3,0,0,0,9715.json,NotBuggy
6,0.9239637851715088,0.9523466386334631,1,1,2,2,2.75,1,0,25.0,117.6890869140625,0,0,0,0,0,14548.json,NotBuggy
6,0.30978986620903015,0.09525513306766208,0,0,0,1,0.94,0,1,44.0,114.08087921142578,1,0,3,0,0,8629.json,NotBuggy
2,0.9671555757522583,0.9643120812317925,0,0,0,1,1.89,0,0,14.0,139.1788330078125,1,2,0,0,0,3045.json,NotBuggy
3,0.5048497915267944,0.954200598892974,0,0,0,1,1.89,0,0,12.0,133.59722900390625,0,0,0,0,0,12884.json,NotBuggy
19,2.0481609681155533E-4,3.644051257833926E-8,1,1,2,2,5.42,1,21,146.0,88.06835174560547,0,1,3,0,0,12392.json,Buggy
5,0.09975096583366394,0.13614991018036798,0,0,0,1,1.96,0,3,41.0,117.61241912841797,0,0,1,0,0,12102.json,NotBuggy
5,0.09975096583366394,0.13614991018036798,0,0,0,1,1.96,0,3,41.0,117.61241912841797,0,0,1,0,0,11916.json,NotBuggy
3,0.6525161862373352,0.8612913420549955,0,0,0,1,1.89,0,1,17.0,131.43582153320312,0,1,0,0,0,14668.json,NotBuggy
6,0.4678567051887512,0.7498595929971862,1,1,2,2,2.75,1,4,30.0,116.4021987915039,0,0,0,0,0,2442.json,NotBuggy
6,0.42001664638519287,0.827252469225126,1,1,2,2,5.5,1,5,28.0,116.86482238769531,0,0,0,0,0,2205.json,NotBuggy
3,0.8753330111503601,0.9523939071111047,0,0,0,1,1.89,0,0,12.0,133.59722900390625,0,0,0,0,0,2282.json,NotBuggy
3,0.4702339172363281,0.6783578614081954,0,0,0,1,1.89,0,3,21.0,129.81976318359375,0,0,0,0,0,14426.json,NotBuggy
3,0.8495388031005859,0.9504505854243159,0,0,0,1,1.89,0,0,12.0,133.59722900390625,0,0,0,0,0,3103.json,NotBuggy
3,0.9744839668273926,0.855963641204406,0,0,0,1,1.89,0,0,17.0,131.28770446777344,0,1,0,0,0,13350.json,NotBuggy
3,0.7865875363349915,0.7418717971810869,0,0,0,1,1.89,0,2,18.0,130.99049377441406,0,1,0,0,0,6286.json,NotBuggy
19,0.0022554651368409395,2.4633525122458825E-5,2,2,4,3,3.5,2,17,115.0,89.2787094116211,0,1,2,0,0,2436.json,NotBuggy
2,0.9342528581619263,0.9408149333555332,0,0,0,1,0.0,0,0,11.0,140.82913208007812,0,1,0,0,0,12892.json,NotBuggy
39,0.0,1.9877283585711735E-12,10,15,25,10,3.1,2,22,236.0,71.70255279541016,0,0,9,0,0,9362.json,Buggy
14,0.157319575548172,0.7207309043376503,1,4,5,6,2.7,2,0,49.0,98.78144836425781,0,1,0,0,0,1863.json,NotBuggy
12,0.1516837477684021,0.15063586416565888,4,3,7,4,4.75,3,2,61.0,100.1766357421875,0,1,3,0,0,2401.json,NotBuggy
3,0.9713621735572815,0.9454944487241949,0,0,0,1,2.0,0,0,17.0,131.03103637695312,1,2,0,0,0,2841.json,NotBuggy
6,0.5598882436752319,0.8598044020748479,1,1,2,2,2.75,1,2,29.0,116.5784912109375,0,0,0,0,0,7796.json,NotBuggy
8,0.8804165124893188,0.8771283153585682,0,0,0,1,4.36,0,7,36.0,111.36248779296875,0,0,0,0,0,14616.json,NotBuggy
3,0.21525359153747559,0.617390138230458,0,0,0,1,1.89,0,0,23.0,129.4591827392578,0,2,0,0,0,9240.json,NotBuggy
20,0.003335339017212391,3.7759121684380823E-6,7,4,11,5,3.17,2,12,128.0,87.29407501220703,0,2,5,0,0,5517.json,NotBuggy
5,0.6469157338142395,0.9461898777168781,1,1,2,2,2.99,1,2,19.0,122.3520736694336,0,0,0,0,0,2586.json,NotBuggy
18,0.12091980129480362,0.00882054689573433,0,0,0,2,9.73,2,5,88.0,91.67195129394531,0,1,4,0,0,3163.json,NotBuggy
5,0.7766560912132263,0.7313820055600575,0,0,0,1,2.99,0,2,25.0,120.53388214111328,0,1,1,0,0,14345.json,NotBuggy
2,0.9857076406478882,0.8934888302188568,0,0,0,1,1.89,0,0,17.0,137.8562469482422,1,3,0,0,0,13705.json,NotBuggy
10,0.05023017153143883,0.7354349252777728,0,0,0,3,2.53,1,4,43.0,105.92843627929688,0,0,2,0,0,1775.json,NotBuggy
3,0.9927456974983215,0.9167476603228353,0,0,0,1,2.0,0,0,14.0,132.4454345703125,1,1,0,0,0,13743.json,NotBuggy
11,0.8813417553901672,0.017662857366519142,3,2,5,3,3.45,2,4,72.0,100.64295959472656,0,0,4,0,0,14684.json,NotBuggy
28,0.0013525739777833223,2.056959905831858E-9,4,4,8,5,7.03,3,16,174.0,79.82676696777344,0,0,8,0,0,6185.json,NotBuggy
3,0.7070093154907227,0.8903155500151947,0,0,0,1,1.89,0,0,16.0,131.75106811523438,0,0,0,0,0,1741.json,NotBuggy
3,0.9944971799850464,0.9314196878420838,0,0,0,1,2.0,0,0,12.0,133.59722900390625,1,0,0,0,0,14045.json,NotBuggy
3,0.9846417307853699,0.9903243489746675,0,0,0,1,1.73,0,0,12.0,133.59722900390625,1,0,0,0,0,2528.json,NotBuggy
2,0.9671555757522583,0.9643120812317925,0,0,0,1,1.89,0,0,14.0,139.1788330078125,1,2,0,0,0,3075.json,NotBuggy
15,0.007079588249325752,2.3395021537354834E-4,6,4,10,4,5.27,3,12,100.0,93.76087951660156,0,1,3,0,0,2105.json,NotBuggy
4,0.4310164749622345,0.7361918469628986,0,0,0,1,2.0,0,5,24.0,124.69989776611328,0,0,0,0,0,2417.json,NotBuggy
1,0.986227810382843,0.8763650444189577,0,0,0,1,0.0,0,0,12.0,151.39474487304688,0,0,0,0,0,7827.json,Buggy
3,0.6242483854293823,0.8694765195647508,0,0,0,1,1.89,0,2,16.0,131.75106811523438,0,0,0,0,0,14640.json,NotBuggy
3,0.3042653799057007,0.5710555941804267,0,0,0,1,1.89,0,1,26.0,128.8216552734375,0,2,0,0,0,13794.json,NotBuggy
3,0.6873729825019836,0.9113181846487588,0,0,0,1,1.89,0,1,15.0,132.086669921875,0,0,0,0,0,14574.json,NotBuggy
4,0.06934347748756409,0.5561042748288274,0,0,0,1,4.9,0,4,27.0,123.65223693847656,0,1,0,0,0,2452.json,NotBuggy
4,0.5644543170928955,0.7067805324281003,0,0,0,1,2.0,0,5,24.0,124.57742309570312,0,0,0,0,0,2135.json,NotBuggy
3,0.20047178864479065,0.9326008204645285,0,0,0,1,1.89,0,0,12.0,133.59722900390625,0,0,0,0,0,5749.json,NotBuggy
10,0.3999462425708771,0.10401172649429812,1,1,2,3,3.95,2,6,59.0,103.53359985351562,1,1,1,0,0,2159.json,NotBuggy
17,0.05002972483634949,1.0552982888376672E-4,6,5,11,6,3.82,5,6,109.0,90.82511138916016,0,1,3,0,0,13037.json,NotBuggy
86,0.0,1.5879274908870525E-43,0,0,0,1,2.35,0,70,674.0,55.261661529541016,0,0,7,0,0,6776.json,NotBuggy
3,0.9399890899658203,0.939296246416873,0,0,0,1,1.89,0,0,14.0,132.4454345703125,0,1,0,0,0,12904.json,NotBuggy
6,0.0034508747048676014,0.0285319438426509,0,0,0,1,4.0,0,2,50.0,113.23621368408203,0,0,1,0,0,8625.json,NotBuggy
10,0.049315620213747025,0.009005531005875894,2,1,3,3,3.49,2,6,69.0,102.48894500732422,0,1,3,0,0,1877.json,NotBuggy
20,0.6539703607559204,0.04341698668049496,2,2,4,3,1.11,1,7,85.0,90.09487915039062,1,1,1,0,0,9891.json,Buggy
2,0.8389111757278442,0.9056160445664969,0,0,0,1,0.0,0,0,11.0,140.82913208007812,0,1,0,0,0,2314.json,NotBuggy
8,0.13427168130874634,0.014816246208874156,2,1,3,2,2.4,1,8,60.0,107.2412338256836,0,1,3,0,0,11145.json,NotBuggy
3,0.5322608351707458,0.6937829982930164,0,0,0,1,1.89,0,4,21.0,130.05470275878906,0,0,0,0,0,2704.json,NotBuggy
3,0.9850401282310486,0.8651173674443376,0,0,0,1,2.0,0,0,16.0,131.46876525878906,1,1,0,0,0,7090.json,NotBuggy
19,0.04172757640480995,0.01585928389049503,7,4,11,4,9.18,3,5,97.0,89.97085571289062,0,2,5,0,0,1762.json,NotBuggy
23,0.0,1.0067633996831947E-8,7,6,13,7,3.42,4,12,170.0,82.97279357910156,1,2,2,0,0,10478.json,NotBuggy
3,0.7290687561035156,0.9081510857713627,0,0,0,1,1.89,0,0,15.0,132.25152587890625,0,0,0,0,0,2382.json,NotBuggy
14,0.08772014081478119,0.006744078709386111,1,2,3,3,8.35,2,2,82.0,95.94878387451172,1,1,3,0,0,6414.json,Buggy
3,0.875212550163269,0.8737444006672791,0,0,0,1,1.89,0,1,16.0,131.91592407226562,0,1,0,0,0,1252.json,NotBuggy
7,0.09898029267787933,0.22265916309822822,2,1,3,2,2.56,1,6,45.0,111.44750213623047,0,0,1,0,0,2224.json,NotBuggy
13,0.9049473404884338,0.27141845441708146,3,3,6,3,3.97,2,4,75.0,97.89183807373047,1,0,4,0,0,14499.json,NotBuggy
4,0.14706973731517792,0.5630147854221604,0,0,0,1,3.32,0,1,28.0,123.37332153320312,0,3,0,0,0,6454.json,Buggy
3,0.9063408374786377,0.9680203715709162,0,0,0,1,1.89,0,0,12.0,133.59722900390625,0,0,0,0,0,2690.json,NotBuggy
2,0.9994369149208069,0.9631427979867841,0,0,0,1,1.89,0,0,11.0,140.82913208007812,1,1,0,0,0,2345.json,NotBuggy
7,0.3451724350452423,0.7168136334680453,1,1,2,2,5.11,1,6,37.0,112.7180404663086,0,0,0,0,0,2433.json,NotBuggy
16,0.005271109752357006,0.002137656566313382,6,6,12,5,4.35,3,11,91.0,92.97576904296875,0,1,1,0,0,8837.json,NotBuggy
9,0.20534373819828033,0.20919760218355904,1,2,3,3,2.67,1,3,51.0,106.495361328125,0,1,0,0,0,11769.json,NotBuggy
3,0.3541170060634613,0.8376837421960998,0,0,0,1,1.89,0,0,16.0,131.60296630859375,0,0,0,0,0,2814.json,NotBuggy
4,0.3892518877983093,0.5616355425751965,0,0,0,1,2.0,0,0,29.0,123.48088836669922,0,0,1,0,0,7509.json,NotBuggy
8,0.3838579058647156,0.4965333899199546,0,0,0,1,1.73,0,6,37.0,110.53216552734375,0,0,0,0,0,9456.json,NotBuggy
10,0.124653659760952,0.02532385174778909,1,1,2,2,3.06,1,9,64.0,103.24285125732422,1,1,1,0,0,6114.json,NotBuggy
3,0.666955292224884,0.817918484054281,0,0,0,1,1.89,0,1,17.0,131.1535186767578,0,0,0,0,0,14498.json,NotBuggy
3,0.8112903237342834,0.8431906243506276,0,0,0,1,1.89,0,2,17.0,131.28770446777344,0,0,0,0,0,14610.json,NotBuggy
3,0.9713621735572815,0.9454944487241949,0,0,0,1,2.0,0,0,17.0,131.03103637695312,1,2,0,0,0,3074.json,NotBuggy
26,2.8685267898254097E-4,7.235341414252181E-8,2,3,5,6,5.43,3,18,165.0,81.43093872070312,1,2,5,0,0,9262.json,NotBuggy
6,0.9096587896347046,0.9117818989005804,2,1,3,2,2.75,1,2,26.0,117.25019073486328,0,1,0,0,0,1944.json,NotBuggy
3,0.7702195644378662,0.9078198658205104,0,0,0,1,1.89,0,0,17.0,131.28770446777344,0,1,0,0,0,2416.json,NotBuggy
4,0.5798628926277161,0.7143014588584294,0,0,0,1,2.0,0,5,24.0,124.57742309570312,0,0,0,0,0,2258.json,NotBuggy
3,0.37548160552978516,0.7198186506234282,0,0,0,1,1.89,0,1,18.0,130.7338104248047,0,0,0,0,0,10555.json,NotBuggy
8,0.43743690848350525,0.5216022738233893,1,1,2,2,4.44,1,2,36.0,110.30028533935547,0,0,0,0,0,1617.json,NotBuggy
3,0.6679285764694214,0.8795739064442045,0,0,0,1,1.89,0,1,17.0,131.28770446777344,0,1,0,0,0,6549.json,NotBuggy
3,0.9713621735572815,0.9454944487241949,0,0,0,1,2.0,0,0,17.0,131.03103637695312,1,2,0,0,0,2853.json,NotBuggy
12,0.1590161919593811,0.004951540950277771,3,2,5,3,4.01,2,11,82.0,98.92033386230469,1,0,4,0,0,2543.json,NotBuggy
15,0.10357552021741867,4.2804319377125845E-4,0,0,0,1,3.33,0,11,105.0,94.11652374267578,1,5,4,0,0,1651.json,NotBuggy
4,0.9258341789245605,0.8326674672445532,0,0,0,1,2.0,0,0,22.0,125.02987670898438,0,1,1,0,0,1987.json,NotBuggy
7,0.5495908260345459,0.5849013711499754,1,1,2,2,2.56,1,3,34.0,113.06793212890625,0,0,1,0,0,2333.json,NotBuggy
3,0.5663520097732544,0.9122961649465728,0,0,0,1,1.89,0,0,14.0,132.61029052734375,0,0,0,0,0,795.json,NotBuggy
23,0.06400430202484131,0.0011851901812487912,4,5,9,6,3.31,2,3,113.0,85.54903411865234,0,3,2,0,0,8340.json,NotBuggy
3,0.827877938747406,0.9306206253211736,0,0,0,1,1.89,0,1,15.0,132.25152587890625,0,1,0,0,0,8870.json,NotBuggy
18,0.0,2.7072610874052735E-10,1,1,2,2,1.62,1,36,194.0,87.90807342529297,0,0,1,0,0,14649.json,NotBuggy
3,0.4439722001552582,0.7734106328596635,0,0,0,1,1.89,0,2,18.0,130.99049377441406,0,0,0,0,0,9402.json,NotBuggy
3,0.9600828886032104,0.8783003235115254,0,0,0,1,2.0,0,0,17.0,131.1535186767578,1,2,0,0,0,13745.json,NotBuggy
5,0.08697041124105453,0.14515586894821603,0,0,0,1,1.96,0,3,41.0,117.61241912841797,0,0,1,0,0,11985.json,NotBuggy
3,0.9491820335388184,0.8740762450636319,0,0,0,1,1.89,0,0,17.0,131.43582153320312,0,1,0,0,0,13328.json,NotBuggy
3,0.8744729161262512,0.9197743202029247,0,0,0,1,1.89,0,0,15.0,132.086669921875,0,1,0,0,0,11778.json,NotBuggy
19,0.025917960330843925,2.4309995549618215E-5,4,4,8,5,3.28,2,6,133.0,88.06253814697266,0,1,6,0,0,14517.json,NotBuggy
5,0.5373092293739319,0.6976092544845487,1,1,2,2,2.99,1,5,28.0,119.81843566894531,0,0,0,0,0,2001.json,NotBuggy
6,0.6001931428909302,0.8874456321616829,1,1,2,2,2.75,1,3,31.0,116.33555603027344,0,0,0,0,0,14577.json,NotBuggy
4,0.7624355554580688,0.9061582396663985,0,0,0,1,2.0,0,1,18.0,126.33003997802734,0,1,0,0,0,9389.json,NotBuggy
7,0.8670737743377686,0.9901777788371764,2,1,3,2,2.87,1,2,31.0,113.63807678222656,1,1,0,0,0,11511.json,NotBuggy
6,0.07261642068624496,0.35897794575246283,1,1,2,2,2.75,1,4,41.0,114.5916748046875,0,2,0,0,0,1753.json,NotBuggy
3,0.9701213240623474,0.9698994680626754,0,0,0,1,1.89,0,0,15.0,131.9385528564453,0,1,0,0,0,12368.json,NotBuggy
20,0.014637494459748268,0.0014610012530229964,3,3,6,4,2.49,1,8,101.0,89.04869079589844,0,2,3,0,0,5649.json,NotBuggy
24,0.0,1.8263970869518077E-9,1,1,2,4,2.79,1,28,184.0,82.40203094482422,1,1,9,0,0,1882.json,NotBuggy
18,0.009250834584236145,0.0044887380571381,5,4,9,5,3.99,2,10,104.0,90.33228302001953,1,1,0,0,0,11536.json,NotBuggy
3,0.2959754168987274,0.8719091791995784,0,0,0,1,1.89,0,0,14.0,132.79563903808594,0,0,0,0,0,1896.json,NotBuggy
3,0.9488584399223328,0.9088458952389491,0,0,0,1,1.89,0,0,13.0,132.9956512451172,0,0,0,0,0,1993.json,NotBuggy
5,0.8560413718223572,0.7784210450946872,1,1,2,2,2.99,1,2,23.0,120.95380401611328,0,1,0,0,0,2089.json,NotBuggy
3,0.7423434257507324,0.9056231464060017,0,0,0,1,1.89,0,0,16.0,131.75106811523438,0,0,0,0,0,10111.json,NotBuggy
10,0.0014799139462411404,0.007356619221356837,2,1,3,2,6.05,1,5,72.0,102.63037872314453,0,1,1,0,0,6710.json,NotBuggy
3,0.537358283996582,0.7103948605284977,0,0,0,1,1.89,0,4,21.0,130.05470275878906,0,0,0,0,0,2251.json,NotBuggy
3,0.465279757976532,0.7210531717610182,0,0,0,1,1.89,0,2,21.0,129.93223571777344,0,1,0,0,0,2056.json,NotBuggy
3,0.5941435098648071,0.7261743040583549,0,0,0,1,3.77,0,3,20.0,130.30841064453125,0,0,0,0,0,1731.json,Buggy
8,0.03244762122631073,0.061959771793212305,1,1,2,2,2.83,1,3,55.0,108.03008270263672,0,1,2,0,0,14535.json,NotBuggy
3,0.5689810514450073,0.9090311395614663,0,0,0,1,1.89,0,0,14.0,132.61029052734375,0,0,0,0,0,14043.json,NotBuggy
3,0.6408635973930359,0.93948610236703,0,0,0,1,1.89,0,0,12.0,133.59722900390625,0,0,0,0,0,12089.json,NotBuggy
7,0.1605021357536316,0.5807584350168828,3,3,6,2,4.71,1,4,37.0,112.54422760009766,0,1,0,0,0,12883.json,NotBuggy
15,0.0,0.006714966086859526,0,0,0,1,2.85,0,2,80.0,95.53057861328125,0,1,1,0,0,732.json,NotBuggy
3,0.2815200388431549,0.536433497072296,0,0,0,1,1.89,0,0,22.0,129.47398376464844,0,1,0,0,0,1436.json,NotBuggy
3,0.5386419892311096,0.8915750216916064,0,0,0,1,1.89,0,0,15.0,131.9385528564453,0,0,0,0,0,6075.json,NotBuggy
5,0.09702372550964355,0.14473600846278015,0,0,0,1,1.96,0,3,41.0,117.61241912841797,0,0,1,0,0,12158.json,NotBuggy
3,0.9503158926963806,0.9308726937433275,0,0,0,1,3.32,0,0,17.0,131.43582153320312,1,3,0,0,0,1901.json,NotBuggy
3,0.5832791924476624,0.9491242122106254,0,0,0,1,1.89,0,0,12.0,133.59722900390625,0,0,0,0,0,1926.json,NotBuggy
3,0.7408815622329712,0.8970127036439145,0,0,0,1,1.89,0,0,12.0,133.59722900390625,0,0,0,0,0,2750.json,NotBuggy
5,0.5847902894020081,0.5734940316696375,1,1,2,2,2.99,0,6,30.0,119.25943756103516,0,0,0,0,0,2611.json,NotBuggy
19,0.008891796693205833,9.066217100492883E-5,3,3,6,4,5.48,2,11,113.0,89.00316619873047,0,2,4,0,0,6627.json,NotBuggy
15,0.3873189091682434,0.0077711845368008585,7,4,11,5,5.96,4,10,95.0,93.797607421875,0,2,3,0,0,14481.json,NotBuggy
14,0.7385303974151611,0.644207396004287,2,4,6,5,3.63,3,2,58.0,98.06449890136719,0,1,0,0,0,9273.json,NotBuggy
4,0.3640804588794708,0.5123163480955989,0,0,0,1,2.0,0,4,29.0,123.28064727783203,0,1,0,0,0,12819.json,NotBuggy
3,0.5188369154930115,0.818996333300039,0,0,0,1,1.89,0,1,19.0,130.34019470214844,0,0,0,0,0,3108.json,NotBuggy
3,0.9535014629364014,0.9447918988228311,0,0,0,1,1.89,0,0,13.0,132.9956512451172,0,0,0,0,0,3149.json,NotBuggy
3,0.47179707884788513,0.7477648377062195,0,0,0,1,1.89,0,1,18.0,130.7338104248047,0,0,0,0,0,8973.json,NotBuggy
3,0.7712230682373047,0.8478656964585131,0,0,0,1,1.89,0,2,17.0,131.28770446777344,0,0,0,0,0,14608.json,NotBuggy
31,0.0,5.1190069797863064E-11,4,6,10,4,4.61,2,12,211.0,77.51948547363281,0,5,8,0,0,86.json,NotBuggy
1,0.9658408164978027,0.8945863744207236,0,0,0,1,0.0,0,0,11.0,152.05810546875,0,1,0,0,0,12389.json,NotBuggy
3,0.7899108529090881,0.7825743665267009,0,0,0,1,1.89,0,1,20.0,130.18594360351562,0,1,0,0,0,14694.json,NotBuggy
37,0.0,2.413352106425489E-12,7,7,14,8,8.9,2,26,243.0,72.97509002685547,1,0,4,0,0,4893.json,NotBuggy
11,0.0035465669352561235,0.006877788727190304,0,0,0,1,3.33,0,11,72.0,101.46619415283203,0,1,1,0,0,9526.json,NotBuggy
3,0.9850679039955139,0.9336895048372059,0,0,0,1,2.0,0,0,13.0,132.9956512451172,1,0,0,0,0,9716.json,NotBuggy
3,0.4255576431751251,0.8277219792918891,0,0,0,1,1.89,0,1,17.0,131.1535186767578,0,0,0,0,0,2544.json,NotBuggy
3,0.8370375633239746,0.8867586943938212,0,0,0,1,1.89,0,1,15.0,132.086669921875,0,0,0,0,0,2085.json,NotBuggy
3,0.5957022905349731,0.7998052637913803,0,0,0,1,1.89,0,3,20.0,130.30841064453125,0,0,0,0,0,2395.json,NotBuggy
3,0.7651122808456421,0.7567910689585146,0,0,0,1,1.89,0,2,19.0,130.45266723632812,0,0,0,0,0,6135.json,Buggy
3,0.7883696556091309,0.7486628848586697,0,0,0,1,1.89,0,0,17.0,131.28770446777344,0,0,0,0,0,767.json,NotBuggy
5,0.5312381386756897,0.6934176546105851,1,1,2,2,2.99,1,5,28.0,119.81843566894531,0,0,0,0,0,2390.json,NotBuggy
7,0.47423672676086426,0.7214203209605567,1,1,2,2,2.56,1,6,33.0,113.31297302246094,0,0,0,0,0,2210.json,NotBuggy
32,0.003033251967281103,5.840862111761709E-12,9,11,20,9,3.45,4,16,219.0,75.59163665771484,0,1,9,0,0,12152.json,NotBuggy
6,0.5474119782447815,0.945779703248226,1,1,2,2,2.75,1,1,23.0,118.12267303466797,0,0,0,0,0,14691.json,NotBuggy
3,0.7553495764732361,0.919624945540986,0,0,0,1,1.89,0,1,15.0,132.086669921875,0,0,0,0,0,14564.json,NotBuggy
13,0.19209939241409302,0.0016886482253755128,2,2,4,3,5.06,2,6,87.0,96.91436767578125,0,1,4,0,0,11816.json,NotBuggy
3,0.9118137955665588,0.8751713843579346,0,0,0,1,1.89,0,0,16.0,131.60296630859375,0,1,0,0,0,13502.json,NotBuggy
7,0.8780869245529175,0.3277762099978896,2,1,3,2,2.56,1,3,47.0,111.07701873779297,0,1,2,0,0,14626.json,NotBuggy
18,0.017040425911545753,4.2133948135615694E-9,6,6,12,5,8.01,0,8,150.0,87.84654998779297,0,1,7,0,0,11094.json,NotBuggy
3,0.7175817489624023,0.8203362619813311,0,0,0,1,1.89,0,2,19.0,130.57513427734375,0,1,0,0,0,10792.json,NotBuggy
9,0.13654910027980804,0.5334677361584224,2,2,4,3,2.67,1,4,46.0,107.19477844238281,0,0,0,0,0,5146.json,NotBuggy
19,2.0481609681155533E-4,3.644051257833926E-8,1,1,2,2,5.42,1,21,146.0,88.06835174560547,0,1,3,0,0,12393.json,Buggy
6,0.24763883650302887,0.5367528914316751,2,1,3,2,2.75,1,6,36.0,115.4541244506836,0,0,0,0,0,2052.json,NotBuggy
5,0.4671889543533325,0.7769883985639792,1,1,2,2,2.99,1,2,26.0,120.20379638671875,0,1,0,0,0,719.json,NotBuggy
3,0.02587619237601757,0.9091597502864338,0,0,0,1,1.89,0,1,14.0,132.79563903808594,0,0,0,0,0,5736.json,NotBuggy
9,0.6405028700828552,0.4480727454033689,1,1,2,2,2.67,1,3,49.0,106.93338775634766,0,1,1,0,0,14544.json,NotBuggy
7,0.07918407768011093,0.8775767902354428,0,0,0,1,4.71,0,2,30.0,114.03858947753906,0,1,0,0,0,12900.json,NotBuggy
24,0.001451717922464013,3.813676277965421E-5,7,3,10,4,4.69,1,22,132.0,84.7457046508789,0,0,4,0,0,9249.json,NotBuggy
4,0.9371189475059509,0.7630358477065471,0,0,0,1,1.96,0,1,23.0,124.6862564086914,1,0,1,0,0,8696.json,NotBuggy
3,0.6591925024986267,0.6399964090994826,0,0,0,1,1.89,0,3,23.0,129.2428436279297,0,1,0,0,0,2538.json,NotBuggy
2,0.9671555757522583,0.9643120812317925,0,0,0,1,1.89,0,0,14.0,139.1788330078125,1,2,0,0,0,2921.json,NotBuggy
3,0.9713621735572815,0.9454944487241949,0,0,0,1,2.0,0,0,17.0,131.03103637695312,1,2,0,0,0,2830.json,NotBuggy
3,0.5623445510864258,0.6583427384159317,0,0,0,1,1.89,0,3,21.0,129.81976318359375,0,0,0,0,0,14430.json,NotBuggy
6,0.03608757257461548,0.023363628374712276,0,0,0,1,1.37,0,2,50.0,113.23621368408203,0,0,2,0,0,11055.json,Buggy
5,0.008963837288320065,0.23037044216983435,0,0,0,1,5.43,0,4,38.0,118.0075454711914,0,0,0,0,0,10092.json,NotBuggy
15,0.01592567190527916,0.002952955154321303,2,2,4,3,2.29,1,9,88.0,94.78836059570312,0,1,1,0,0,1911.json,NotBuggy
2,0.9269139170646667,0.9012576800713632,0,0,0,1,0.0,0,0,11.0,140.82913208007812,0,0,0,0,0,8263.json,NotBuggy
2,0.9951443076133728,0.9308092585918345,0,0,0,1,1.89,0,0,11.0,140.82913208007812,1,1,0,0,0,2628.json,NotBuggy
3,0.8356801271438599,0.9474772860234515,0,0,0,1,1.89,0,0,12.0,133.59722900390625,0,0,0,0,0,1977.json,NotBuggy
16,0.00660399254411459,1.6495928139091462E-5,2,1,3,4,4.99,2,15,111.0,91.84831237792969,0,0,7,0,0,2232.json,NotBuggy
21,1.9689355394802988E-4,1.5415669973427707E-13,10,8,18,5,3.5,2,23,199.0,83.62944030761719,1,1,7,0,0,9259.json,Buggy
7,0.34854987263679504,0.9221579771451125,1,1,2,2,3.02,1,2,28.0,114.48006439208984,0,0,0,0,0,2086.json,NotBuggy
8,0.26858896017074585,0.09305397809512074,2,1,3,2,2.27,1,2,51.0,108.13622283935547,1,0,2,0,0,9414.json,NotBuggy
2,0.9966155290603638,0.932268832154254,0,0,0,1,1.89,0,0,14.0,139.1788330078125,1,2,0,0,0,13772.json,NotBuggy
15,0.18347087502479553,0.13418543207939318,5,4,9,5,4.3,3,5,72.0,95.57615661621094,0,1,1,0,0,2513.json,NotBuggy
3,0.22586020827293396,0.8027390097467243,0,0,0,1,1.89,0,0,20.0,130.18594360351562,0,0,0,0,0,12812.json,NotBuggy
3,0.8588823676109314,0.8567805438187596,0,0,0,1,1.89,0,0,16.0,131.60296630859375,0,1,0,0,0,13565.json,NotBuggy
24,0.0036359464284032583,5.127417529528223E-8,5,9,14,6,2.1,0,16,184.0,82.3243179321289,0,2,7,0,0,7134.json,NotBuggy
2,0.5479404330253601,0.8263531067431775,0,0,0,1,0.0,0,0,14.0,139.0139617919922,0,2,0,0,0,9726.json,NotBuggy
13,0.008953792043030262,1.9646910742379575E-4,2,3,5,4,3.72,3,7,94.0,96.20914459228516,0,1,3,0,0,13035.json,NotBuggy
20,5.831100279465318E-4,2.3714766864061696E-9,5,5,10,5,1.65,1,13,170.0,85.6685791015625,1,2,6,0,0,12238.json,Buggy
3,0.9941611886024475,0.9246113984057774,0,0,0,1,2.0,0,0,14.0,132.4454345703125,1,1,0,0,0,12909.json,NotBuggy
5,0.20398029685020447,0.20340371512599142,1,1,2,2,2.99,1,4,41.0,117.46127319335938,0,1,1,0,0,14458.json,NotBuggy
9,0.8896192908287048,0.7745820639034169,0,0,0,1,3.66,1,2,43.0,107.69825744628906,0,1,1,0,0,14658.json,NotBuggy
5,0.7888656854629517,0.7762789165713632,0,0,0,1,1.81,0,5,31.0,119.5191650390625,1,1,0,0,0,9392.json,NotBuggy
6,0.11507249623537064,0.3146459499540796,2,1,3,2,2.75,1,5,39.0,114.85173034667969,0,1,0,0,0,6860.json,NotBuggy
3,0.8739603757858276,0.9285206182455313,0,0,0,1,1.89,0,0,12.0,133.59722900390625,0,0,0,0,0,2349.json,NotBuggy
3,0.3370044529438019,0.9032409355296974,0,0,0,1,1.89,0,0,14.0,132.61029052734375,0,0,0,0,0,13964.json,NotBuggy
3,0.698742687702179,0.9584719915200876,0,0,0,1,1.89,0,0,12.0,133.59722900390625,0,0,0,0,0,2307.json,NotBuggy
22,0.02368262968957424,6.546485191996502E-6,10,8,18,6,8.23,3,10,132.0,85.26762390136719,0,1,3,0,0,2281.json,NotBuggy
3,0.5585829019546509,0.9451317910235336,0,0,0,1,1.89,0,0,12.0,133.59722900390625,0,0,0,0,0,5771.json,NotBuggy
11,0.0014718052698299289,0.004557494057692575,2,2,4,3,2.41,1,2,78.0,100.64444732666016,0,2,1,0,0,6778.json,NotBuggy
14,0.2285475730895996,0.7114851521527497,1,4,5,6,2.7,2,0,49.0,98.78144836425781,0,1,0,0,0,12924.json,NotBuggy
2,0.9109496474266052,0.9172106581224246,0,0,0,1,0.0,0,0,11.0,140.82913208007812,0,1,0,0,0,6155.json,Buggy
10,0.3342674970626831,0.05669192934057626,0,0,0,1,2.06,0,5,66.0,103.63410186767578,1,0,1,0,0,10190.json,NotBuggy
3,0.3875967562198639,0.9330572362414195,0,0,0,1,1.89,0,2,18.0,131.1385955810547,0,0,0,0,0,9706.json,NotBuggy
5,0.031245898455381393,0.3419836867319254,2,1,3,2,2.99,1,5,36.0,118.2215576171875,0,1,0,0,0,14447.json,NotBuggy
11,0.4040978252887726,0.6159967504807724,3,2,5,3,3.95,2,2,46.0,103.6366958618164,0,2,0,0,0,12744.json,NotBuggy
5,0.02656024508178234,0.2898793737999719,2,2,4,2,2.99,1,1,35.0,118.20518493652344,0,3,0,0,0,2305.json,NotBuggy
3,0.9579899311065674,0.9655537419144674,0,0,0,1,1.89,0,0,12.0,133.59722900390625,0,0,0,0,0,3167.json,NotBuggy
6,0.7860782146453857,0.6523540766686049,1,1,2,2,2.75,1,3,34.0,115.48116302490234,0,1,0,0,0,5561.json,NotBuggy
3,0.046408556401729584,0.42261601709785274,0,0,0,1,1.89,0,0,28.0,128.1235809326172,0,0,0,0,0,12885.json,NotBuggy
3,0.7766425013542175,0.9146528771456064,0,0,0,1,1.89,0,1,15.0,132.086669921875,0,0,0,0,0,2618.json,NotBuggy
3,0.9044035077095032,0.8829106524723382,0,0,0,1,1.89,0,0,16.0,131.60296630859375,0,1,0,0,0,13424.json,NotBuggy
3,0.415973037481308,0.9113828137714494,0,0,0,1,1.89,0,0,14.0,132.61029052734375,0,0,0,0,0,873.json,NotBuggy
5,0.15727269649505615,0.3091188391766792,0,0,0,1,1.96,0,1,37.0,118.30908203125,0,1,1,0,0,303.json,NotBuggy
3,0.9494650363922119,0.9605504486660705,0,0,0,1,1.89,0,0,12.0,133.59722900390625,0,0,0,0,0,2198.json,NotBuggy
7,0.2943614721298218,0.3565712712911087,2,1,3,2,2.15,1,5,47.0,111.14713287353516,1,1,1,0,0,1795.json,NotBuggy
3,0.4707573354244232,0.6827589311288806,0,0,0,1,1.89,0,3,21.0,129.81976318359375,0,0,0,0,0,14425.json,NotBuggy
15,0.7327569127082825,0.7973800964788229,2,2,4,2,3.54,1,1,59.0,97.35869598388672,0,1,2,0,0,8498.json,NotBuggy
3,0.9335409998893738,0.9404802804538325,0,0,0,1,2.36,0,0,13.0,132.9956512451172,0,0,0,0,0,9401.json,NotBuggy
8,0.07927495986223221,0.8591822866436339,0,0,0,1,8.72,0,0,34.0,110.97186279296875,0,2,0,0,0,1955.json,NotBuggy
28,0.009901146404445171,1.946963699580246E-5,10,9,19,7,5.36,4,14,148.0,80.62828063964844,1,1,4,0,0,2519.json,NotBuggy
12,3.1413743272423744E-4,5.3451733860792325E-5,0,0,0,1,4.47,0,16,106.0,98.0453872680664,0,0,1,0,0,2778.json,NotBuggy
11,0.205421581864357,0.12165976151287664,1,3,4,4,2.86,3,0,63.0,101.84143829345703,0,1,0,0,0,12790.json,NotBuggy
32,0.0,6.370058385741912E-9,10,9,19,8,7.26,5,18,207.0,76.18468475341797,1,1,7,0,0,12651.json,NotBuggy
6,0.5540810823440552,0.901620640739641,2,1,3,2,2.75,1,1,24.0,117.77888488769531,0,1,0,0,0,9396.json,NotBuggy
3,0.6666357517242432,0.9022233711035994,0,0,0,1,1.89,0,0,15.0,132.25152587890625,0,0,0,0,0,2651.json,NotBuggy
8,0.1827620416879654,0.4097581216497063,0,0,0,2,3.12,1,4,41.0,109.5576400756836,0,1,0,0,0,200.json,Buggy
3,0.7866108417510986,0.8201969488067371,0,0,0,1,1.89,0,1,17.0,131.1535186767578,0,1,0,0,0,1423.json,NotBuggy
24,0.0073817153461277485,1.699772277251059E-7,2,2,4,4,5.6,2,17,147.0,83.47501373291016,1,0,6,0,0,1740.json,NotBuggy
3,0.98788982629776,0.8522106279585338,0,0,0,1,2.0,0,0,16.0,131.46876525878906,1,1,0,0,0,13741.json,NotBuggy
6,0.42951151728630066,0.7475948669914928,2,1,3,2,2.75,1,2,29.0,116.48211669921875,0,1,0,0,0,1898.json,NotBuggy
11,0.573025643825531,0.12281436666586323,3,2,5,3,7.83,2,5,56.0,102.54743194580078,0,1,1,0,0,6398.json,Buggy
15,0.27713721990585327,0.009530546405367093,6,4,10,5,4.95,4,7,96.0,93.70211029052734,0,2,3,0,0,14469.json,NotBuggy
3,0.43127238750457764,0.7400474017562507,0,0,0,1,1.89,0,1,18.0,130.7338104248047,0,0,0,0,0,8695.json,NotBuggy
6,0.49731653928756714,0.767106884213258,1,1,2,2,2.75,1,4,30.0,116.4021987915039,0,0,0,0,0,2777.json,NotBuggy
3,0.44022828340530396,0.9460679906630229,0,0,0,1,1.89,0,1,12.0,133.80813598632812,0,0,0,0,0,14621.json,NotBuggy
20,0.008090171962976456,1.4095873225326271E-5,6,6,12,5,4.87,3,12,118.0,87.78334045410156,0,3,2,0,0,5425.json,Buggy
3,0.8070663213729858,0.9272593804893021,0,0,0,1,1.89,0,0,13.0,132.9956512451172,0,0,0,0,0,14453.json,NotBuggy
2,0.9671555757522583,0.9643120812317925,0,0,0,1,1.89,0,0,14.0,139.1788330078125,1,2,0,0,0,2891.json,NotBuggy
3,0.8736256957054138,0.8932546008953054,0,0,0,1,1.89,0,0,14.0,132.4454345703125,0,1,0,0,0,1114.json,NotBuggy
3,0.47490718960762024,0.8006603904823492,0,0,0,1,1.89,0,2,18.0,130.99049377441406,0,0,0,0,0,9742.json,NotBuggy
3,0.9824535846710205,0.9367765260486703,0,0,0,1,2.0,0,1,15.0,132.25152587890625,1,1,0,0,0,8690.json,NotBuggy
20,0.024127325043082237,2.7189471399150156E-4,1,2,3,3,3.41,2,10,119.0,88.23414611816406,0,4,2,0,0,14340.json,NotBuggy
8,0.07619403302669525,0.09224982601832299,0,0,0,2,3.12,1,3,49.0,108.45081329345703,0,2,0,0,0,5537.json,NotBuggy
3,0.5543580651283264,0.7889889166412295,0,0,0,1,1.89,0,0,17.0,131.28770446777344,0,0,0,0,0,737.json,NotBuggy
8,0.548832893371582,0.012846121041919333,1,1,2,2,1.37,0,5,60.0,107.19337463378906,1,2,4,0,0,12151.json,NotBuggy
6,0.3900824189186096,0.7451673304467925,2,1,3,2,2.75,1,2,29.0,116.48211669921875,0,1,0,0,0,1718.json,Buggy
3,0.9041330218315125,0.8604345362339031,0,0,0,1,1.89,0,0,16.0,131.60296630859375,0,1,0,0,0,13461.json,NotBuggy
3,0.5688751339912415,0.7738428095646034,0,0,0,1,1.89,0,0,17.0,131.28770446777344,0,0,0,0,0,825.json,NotBuggy
3,0.7037352323532104,0.7590107543744092,0,0,0,1,1.89,0,2,20.0,130.59072875976562,0,0,0,0,0,2700.json,NotBuggy
12,0.4832454323768616,0.010247624294047863,4,2,6,3,3.4,2,7,72.0,99.40080261230469,1,2,4,0,0,5582.json,NotBuggy
4,0.5766491293907166,0.6088758995297916,0,0,0,1,2.0,0,0,25.0,123.87862396240234,0,1,0,0,0,9425.json,NotBuggy
5,0.08505813777446747,0.1433326702285218,0,0,0,1,1.96,0,3,41.0,117.61241912841797,0,0,1,0,0,11882.json,NotBuggy
6,0.06120019406080246,0.36046112591182755,1,1,2,2,2.75,1,4,41.0,114.5916748046875,0,1,0,0,0,12833.json,NotBuggy
3,0.37128764390945435,0.8680900430597756,0,0,0,1,1.89,0,0,17.0,131.28770446777344,0,1,0,0,0,5774.json,NotBuggy
10,0.007588694803416729,0.023403223046287343,3,1,4,2,4.8,1,9,65.0,103.25997924804688,0,1,2,0,0,2029.json,NotBuggy
13,0.19498994946479797,0.004168467011479385,2,2,4,3,3.2,2,9,81.0,97.32421875,0,1,3,0,0,14591.json,NotBuggy
2,0.9976192116737366,0.9635210149401108,0,0,0,1,1.89,0,0,9.0,142.4026641845703,1,0,0,0,0,6009.json,NotBuggy
5,0.08522465080022812,0.5636277040107465,0,0,0,1,2.99,0,4,29.0,119.66572570800781,0,1,0,0,0,1716.json,NotBuggy
5,0.6538385152816772,0.6052635919424472,0,0,0,1,1.96,0,2,30.0,119.48943328857422,0,2,1,0,0,11589.json,NotBuggy
5,0.07901355624198914,0.6296078744829995,0,0,0,1,1.96,0,4,32.0,119.06403350830078,0,1,1,0,0,11220.json,NotBuggy
3,0.7712473273277283,0.9816865161857411,0,0,0,1,1.89,0,0,12.0,133.59722900390625,0,0,0,0,0,3022.json,NotBuggy
3,0.8484282493591309,0.9683423856357946,0,0,0,1,1.89,0,0,12.0,133.59722900390625,0,0,0,0,0,4366.json,NotBuggy
5,0.7238489389419556,0.22546927352010152,0,0,0,1,0.98,0,2,34.0,118.51167297363281,0,0,2,0,0,11628.json,NotBuggy
6,0.6169304847717285,0.7863519983919688,1,1,2,2,2.75,1,0,27.0,116.9500732421875,0,1,0,0,0,10685.json,NotBuggy
16,0.010082142427563667,9.459272547483492E-6,0,0,0,1,2.38,0,15,118.0,92.28462982177734,1,0,0,0,0,10284.json,NotBuggy
3,0.9547502398490906,0.9726626151248889,0,0,0,1,1.89,0,0,14.0,132.4454345703125,0,0,0,0,0,5789.json,NotBuggy
3,0.46234700083732605,0.8243816745129025,0,0,0,1,1.89,0,0,14.0,132.4454345703125,0,0,0,0,0,1817.json,NotBuggy
3,0.8430594205856323,0.953714851889561,0,0,0,1,1.89,0,0,12.0,133.59722900390625,0,0,0,0,0,2081.json,NotBuggy
25,7.67439603805542E-4,3.82638479917056E-12,2,3,5,4,2.5,1,16,189.0,81.26676177978516,1,1,7,0,0,11585.json,Buggy
3,0.4662621021270752,0.9340559397578477,0,0,0,1,1.89,0,0,12.0,133.59722900390625,0,0,0,0,0,2534.json,NotBuggy
2,0.9955825209617615,0.9136265979462798,0,0,0,1,1.89,0,0,11.0,140.82913208007812,1,1,0,0,0,11772.json,NotBuggy
3,0.15024235844612122,0.6638092921963823,0,0,0,1,1.89,0,3,21.0,129.93223571777344,0,1,0,0,0,2680.json,NotBuggy
5,0.09612954407930374,0.1370653393458242,0,0,0,1,1.96,0,3,41.0,117.61241912841797,0,0,1,0,0,12024.json,NotBuggy
3,0.04856591299176216,0.5937800294576223,0,0,0,1,1.89,0,0,22.0,129.57785034179688,0,0,0,0,0,13125.json,NotBuggy
14,0.002858158200979233,2.071904996082303E-9,1,1,2,2,2.14,1,9,151.0,92.75301361083984,0,0,8,0,0,10551.json,Buggy
3,0.004755392670631409,0.40933579837493284,0,0,0,1,1.89,0,4,29.0,128.0374755859375,0,1,0,0,0,1985.json,NotBuggy
3,0.5689810514450073,0.9204651237915806,0,0,0,1,1.89,0,0,14.0,132.61029052734375,0,0,0,0,0,14056.json,NotBuggy
3,0.8250057101249695,0.5531278684720696,0,0,0,1,1.89,0,3,25.0,128.8092498779297,0,1,0,0,0,2211.json,NotBuggy
3,0.12336603552103043,0.9273201439953394,0,0,0,1,1.89,0,0,12.0,133.59722900390625,0,0,0,0,0,11760.json,NotBuggy
7,0.27407699823379517,0.1355661425742196,1,1,2,2,2.56,1,2,49.0,110.7309799194336,0,3,1,0,0,2822.json,NotBuggy
3,0.46460410952568054,0.9023724524901594,0,0,0,1,1.89,0,0,14.0,132.61029052734375,0,0,0,0,0,14012.json,NotBuggy
6,0.6292899250984192,0.7901111598607967,1,1,2,2,2.75,1,0,27.0,116.9500732421875,0,1,0,0,0,10639.json,NotBuggy
2,0.9964368343353271,0.9291621220878408,0,0,0,1,1.89,0,0,11.0,140.82913208007812,1,1,0,0,0,9346.json,NotBuggy
5,0.6262465715408325,0.7476130442482187,2,1,3,2,2.99,1,3,26.0,120.20379638671875,0,1,0,0,0,2554.json,NotBuggy
17,0.010767612606287003,7.979604551685638E-4,1,1,2,2,4.87,1,9,96.0,92.17909240722656,1,1,4,0,0,6528.json,NotBuggy
11,0.05387590080499649,0.009818708547597527,7,4,11,3,7.2,2,6,72.0,100.85635375976562,0,1,1,0,0,6578.json,NotBuggy
3,0.6926518678665161,0.8976238016087303,0,0,0,1,1.89,0,0,14.0,132.61029052734375,0,0,0,0,0,642.json,NotBuggy
3,0.6702868342399597,0.8932638011838627,0,0,0,1,1.89,0,2,16.0,131.91592407226562,0,0,0,0,0,14580.json,NotBuggy
3,0.9713621735572815,0.9454944487241949,0,0,0,1,2.0,0,0,17.0,131.03103637695312,1,2,0,0,0,3029.json,NotBuggy
52,0.0,2.262617935632986E-16,7,10,17,11,5.27,5,32,324.0,64.87228393554688,1,2,10,0,0,8231.json,Buggy
14,0.8892280459403992,0.02110121039864108,3,3,6,3,3.25,2,2,79.0,96.21540832519531,0,1,4,0,0,5581.json,NotBuggy
4,0.1596747785806656,0.8627725591531835,0,0,0,1,2.0,0,2,17.0,126.94023132324219,0,0,0,0,0,1747.json,NotBuggy
3,0.3042653799057007,0.5710555941804267,0,0,0,1,1.89,0,1,26.0,128.8216552734375,0,2,0,0,0,13693.json,NotBuggy
14,0.002858158200979233,2.071904996082303E-9,1,1,2,2,2.14,1,9,151.0,92.75301361083984,0,0,8,0,0,10548.json,Buggy
12,0.0738409012556076,0.002203735836370095,2,2,4,5,1.4,2,4,83.0,98.24746704101562,1,1,2,0,0,11566.json,Buggy
3,0.6679937839508057,0.6722965577678617,0,0,0,1,1.89,0,3,23.0,129.4591827392578,0,1,0,0,0,2418.json,NotBuggy
3,0.2788010537624359,0.5169408704379667,0,0,0,1,1.89,0,4,26.0,128.60531616210938,0,1,0,0,0,2772.json,NotBuggy
5,0.08360768854618073,0.42138414865572,0,0,0,1,5.99,0,6,34.0,118.748779296875,0,1,0,0,0,2451.json,NotBuggy
3,0.5192499160766602,0.8553359423043254,0,0,0,1,1.89,0,0,14.0,132.4454345703125,0,0,0,0,0,8797.json,NotBuggy
6,0.5969083309173584,0.4062196048606767,2,2,4,3,0.94,0,2,36.0,115.03794860839844,0,0,0,0,0,7931.json,NotBuggy
15,0.026680009439587593,0.001785310889510997,2,2,4,2,4.33,1,3,84.0,94.9011001586914,1,3,2,0,0,13699.json,NotBuggy
3,0.43641096353530884,0.7105623740140352,0,0,0,1,1.89,0,2,21.0,129.93223571777344,0,1,0,0,0,2612.json,NotBuggy
15,0.0016369372606277466,0.002240014745841667,2,3,5,3,5.84,2,11,87.0,94.71504211425781,0,1,2,0,0,5436.json,NotBuggy
3,0.6621093153953552,0.9134305150272047,0,0,0,1,1.89,0,0,14.0,132.61029052734375,0,0,0,0,0,14061.json,NotBuggy
8,0.4695919156074524,0.4547201416469657,1,1,2,2,2.83,1,4,41.0,109.5576400756836,0,0,1,0,0,2752.json,NotBuggy
26,0.014977619983255863,6.220714676850825E-6,5,6,11,6,6.17,4,13,140.0,82.19789123535156,1,1,6,0,0,1699.json,Buggy
15,0.008158392272889614,1.1754896192785196E-5,2,1,3,2,7.3,1,13,114.0,93.15443420410156,1,1,5,0,0,11639.json,NotBuggy
4,0.21761906147003174,0.6577743195127522,0,0,0,1,3.32,0,0,23.0,124.48601531982422,0,3,0,0,0,9.json,NotBuggy
3,0.7878463268280029,0.7548299478782824,0,0,0,1,1.89,0,0,17.0,131.28770446777344,0,0,0,0,0,805.json,NotBuggy
3,0.5433789491653442,0.7057155698883242,0,0,0,1,1.89,0,4,21.0,130.05470275878906,0,0,0,0,0,2462.json,NotBuggy
49,0.0,6.928978088864295E-14,3,3,6,5,8.76,4,28,259.0,68.23295593261719,1,1,7,0,0,6230.json,NotBuggy
9,0.097503662109375,0.22379885650626824,1,1,2,2,2.8,1,4,49.0,106.59980010986328,1,2,1,0,0,315.json,NotBuggy
7,0.6510022878646851,0.7659956906789072,3,2,5,2,2.56,1,2,31.0,113.54827117919922,0,1,0,0,0,8506.json,NotBuggy
12,0.05734923481941223,0.7904277620348753,1,1,2,2,7.89,1,2,46.0,102.39073944091797,0,0,0,0,0,10620.json,NotBuggy
3,0.8463910222053528,0.8471984167034047,0,0,0,1,3.77,0,0,18.0,130.99049377441406,0,1,0,0,0,3007.json,NotBuggy
15,0.5311976671218872,0.05097453745773128,2,2,4,4,4.62,3,3,73.0,95.4841537475586,0,1,2,0,0,1347.json,NotBuggy
3,0.6106082201004028,0.5610777109972864,0,0,0,1,1.89,0,3,23.0,129.14646911621094,0,1,0,0,0,14417.json,NotBuggy
19,0.01926620863378048,0.0010477032861652283,2,2,4,4,4.09,2,7,108.0,89.49014282226562,1,0,1,0,0,2605.json,NotBuggy
3,0.5984053015708923,0.9463128132990156,0,0,0,1,1.89,0,0,12.0,133.59722900390625,0,0,0,0,0,1845.json,NotBuggy
3,0.9825195670127869,0.8315410475927331,0,0,0,1,2.0,0,0,17.0,131.03103637695312,1,2,0,0,0,13727.json,NotBuggy
3,0.8515322208404541,0.9658291443183479,0,0,0,1,1.89,0,0,11.0,134.26058959960938,0,0,0,0,0,14337.json,NotBuggy
3,0.7567249536514282,0.8960517911767351,0,0,0,1,1.89,0,1,15.0,132.086669921875,0,0,0,0,0,14477.json,NotBuggy
3,0.9761657118797302,0.854891689822359,0,0,0,1,1.89,0,0,17.0,131.28770446777344,0,1,0,0,0,13528.json,NotBuggy
98,0.0,4.559494268374248E-34,14,34,48,21,5.89,3,30,561.0,49.27816390991211,1,11,4,0,0,91.json,Buggy
3,0.9006525278091431,0.9139721368243054,0,0,0,1,1.89,0,0,15.0,131.9385528564453,0,0,0,0,0,2009.json,NotBuggy
3,0.9713621735572815,0.9454944487241949,0,0,0,1,2.0,0,0,17.0,131.03103637695312,1,2,0,0,0,2959.json,NotBuggy
3,0.9713621735572815,0.9454944487241949,0,0,0,1,2.0,0,0,17.0,131.03103637695312,1,2,0,0,0,2851.json,NotBuggy
7,0.17521297931671143,0.12273329550291147,2,1,3,2,1.41,1,3,44.0,111.23076629638672,1,2,1,0,0,12236.json,NotBuggy
13,0.09255176037549973,0.02787777151135698,1,1,2,3,5.24,2,3,69.0,98.19760131835938,0,3,1,0,0,14309.json,NotBuggy
3,0.9944926500320435,0.9228523619338116,0,0,0,1,2.0,0,0,14.0,132.4454345703125,1,1,0,0,0,14358.json,NotBuggy
3,0.9247225522994995,0.9633013513784539,0,0,0,1,1.89,0,0,12.0,133.59722900390625,0,0,0,0,0,11465.json,NotBuggy
9,0.9201186299324036,0.5380022353232123,0,0,0,1,3.27,0,8,53.0,106.48162841796875,0,0,1,0,0,14670.json,NotBuggy
3,0.6871954202651978,0.908853674830674,0,0,0,1,1.89,0,0,15.0,132.25152587890625,0,0,0,0,0,2569.json,NotBuggy
6,0.4151771664619446,0.8196284716448271,1,1,2,2,5.5,1,5,28.0,116.86482238769531,0,0,0,0,0,2388.json,NotBuggy
4,0.920957624912262,0.8999847031900207,0,0,0,1,2.0,0,0,19.0,125.91468811035156,0,1,0,0,0,9420.json,NotBuggy
6,0.6657882928848267,0.24046317659946156,1,1,2,2,1.89,0,1,36.0,114.96073150634766,0,0,2,0,0,9271.json,Buggy
3,0.9065265655517578,0.8536687472388749,0,0,0,1,1.89,0,0,16.0,131.60296630859375,0,1,0,0,0,13476.json,NotBuggy
3,0.5796393156051636,0.7836654589950145,1,1,2,2,1.89,0,1,20.0,130.0784149169922,0,1,0,0,0,7192.json,NotBuggy
3,0.6367712020874023,0.8897672395093191,0,0,0,1,1.89,0,0,17.0,131.28770446777344,0,1,0,0,0,2347.json,NotBuggy
3,0.3042653799057007,0.5710555941804267,0,0,0,1,1.89,0,1,26.0,128.8216552734375,0,2,0,0,0,13866.json,NotBuggy
4,0.14113950729370117,0.7179730955087777,0,0,0,1,2.99,0,0,26.0,123.94486236572266,1,5,0,0,0,13907.json,NotBuggy
6,0.027769358828663826,0.011162755248116444,0,0,0,1,1.89,0,3,56.0,112.5924301147461,0,2,1,0,0,1864.json,NotBuggy
3,0.8620060086250305,0.8584296511348772,0,0,0,1,1.89,0,1,14.0,132.61029052734375,0,1,0,0,0,2458.json,NotBuggy
3,0.49801331758499146,0.8166652784308238,0,0,0,1,1.89,0,0,18.0,130.85629272460938,0,1,0,0,0,9677.json,NotBuggy
3,0.6705688834190369,0.8697502109153579,0,0,0,1,1.89,0,1,17.0,131.28770446777344,0,1,0,0,0,14637.json,NotBuggy
3,0.670087456703186,0.9547685089316457,0,0,0,1,1.89,0,0,12.0,133.59722900390625,0,0,0,0,0,5090.json,NotBuggy
3,0.3042653799057007,0.5710555941804267,0,0,0,1,1.89,0,1,26.0,128.8216552734375,0,2,0,0,0,13718.json,NotBuggy
10,0.02615601010620594,0.015503483320632233,1,1,2,2,7.59,1,10,65.0,103.1622314453125,0,1,1,0,0,14339.json,NotBuggy
13,0.003696662141010165,0.0010989489218134676,4,3,7,4,5.31,3,6,87.0,96.72262573242188,0,1,3,0,0,1761.json,NotBuggy
3,0.6724205613136292,0.8734925679879205,0,0,0,1,1.89,0,1,17.0,131.28770446777344,0,1,0,0,0,2810.json,NotBuggy
6,0.21008186042308807,0.4615171399923597,2,1,3,2,2.75,1,8,37.0,115.31165313720703,0,0,0,0,0,2674.json,NotBuggy
4,0.20478646457195282,0.7162424271389713,0,0,0,1,4.9,0,4,25.0,124.25267028808594,0,0,0,0,0,2633.json,NotBuggy
3,0.9521888494491577,0.979900017175821,0,0,0,1,1.89,0,0,13.0,132.9956512451172,0,0,0,0,0,5784.json,NotBuggy
22,1.754338009050116E-4,1.0100970194604382E-6,7,6,13,7,3.13,2,28,154.0,84.7538833618164,0,0,3,0,0,1883.json,NotBuggy
8,0.026218565180897713,0.036490949645962494,2,1,3,2,6.24,1,6,54.0,107.83899688720703,0,1,0,0,0,9790.json,NotBuggy
10,0.08835305273532867,0.0020070255257470613,1,2,3,3,7.29,2,2,78.0,101.6596908569336,1,1,3,0,0,6412.json,Buggy
9,0.06157771870493889,0.042014479172616075,4,2,6,3,5.03,1,9,59.0,105.29252624511719,0,1,1,0,0,2741.json,NotBuggy
7,0.9505143761634827,0.9254720923962192,0,0,0,1,3.02,0,1,30.0,113.711669921875,0,2,2,0,0,14357.json,NotBuggy
11,0.06414017826318741,0.04533212867583624,1,1,2,2,4.63,1,9,62.0,101.91177368164062,0,0,2,0,0,2004.json,NotBuggy
3,0.8234555721282959,0.591575636285954,3,2,5,2,1.89,0,1,23.0,129.01284790039062,0,1,0,0,0,11012.json,NotBuggy
16,0.048316746950149536,0.005826742511573629,2,3,5,5,4.58,4,2,87.0,93.20951843261719,0,2,2,0,0,14391.json,NotBuggy
16,0.0016316274413838983,2.0477965137083804E-8,2,2,4,2,2.71,1,13,149.0,90.50328063964844,1,3,2,0,0,6489.json,Buggy
5,0.0916600152850151,0.15012290562887146,0,0,0,1,1.96,0,3,41.0,117.61241912841797,0,0,1,0,0,12223.json,NotBuggy
3,0.5048497915267944,0.954200598892974,0,0,0,1,1.89,0,0,12.0,133.59722900390625,0,0,0,0,0,14332.json,NotBuggy
4,0.10940125584602356,0.8830737030661282,0,0,0,1,3.32,0,1,17.0,126.4930648803711,0,0,0,0,0,10494.json,NotBuggy
2,0.9001688361167908,0.913897150409777,0,0,0,1,0.0,0,0,11.0,140.82913208007812,0,1,0,0,0,9466.json,NotBuggy
2,0.9819021821022034,0.9394527129582508,0,0,0,1,1.89,0,0,11.0,140.82913208007812,1,1,0,0,0,9080.json,NotBuggy
16,0.12350742518901825,3.1658893137999757E-4,4,3,7,3,3.9,2,12,100.0,92.685302734375,1,0,6,0,0,9795.json,Buggy
3,0.8124894499778748,0.9136592782065234,0,0,0,1,1.89,0,1,14.0,132.61029052734375,0,1,0,0,0,10439.json,NotBuggy
3,0.7846233248710632,0.7330838518201304,0,0,0,1,1.89,0,2,19.0,130.45266723632812,0,1,0,0,0,2327.json,NotBuggy
59,0.0,5.350783150221401E-25,1,1,2,2,3.34,1,42,401.0,63.614479064941406,0,0,10,0,0,5932.json,NotBuggy
3,0.9494650363922119,0.9605504486660705,0,0,0,1,1.89,0,0,12.0,133.59722900390625,0,0,0,0,0,9569.json,NotBuggy
3,0.9547502398490906,0.9726626151248889,0,0,0,1,1.89,0,0,14.0,132.4454345703125,0,0,0,0,0,5761.json,NotBuggy
3,0.42133110761642456,0.7160377112232488,0,0,0,1,1.89,0,2,21.0,129.93223571777344,0,1,0,0,0,2675.json,NotBuggy
7,0.7411553859710693,0.8826955967895035,0,0,0,1,4.12,1,2,31.0,113.86808013916016,0,1,0,0,0,12380.json,NotBuggy
3,0.3042653799057007,0.5710555941804267,0,0,0,1,1.89,0,1,26.0,128.8216552734375,0,2,0,0,0,13796.json,NotBuggy
3,0.753381073474884,0.9396119699153379,0,0,0,1,1.89,0,0,14.0,132.61029052734375,0,0,0,0,0,859.json,NotBuggy
15,0.1829463392496109,0.009311805478364951,2,2,4,3,2.47,1,3,83.0,95.14039611816406,0,3,2,0,0,482.json,NotBuggy
4,0.9255617260932922,0.7711700804993012,0,0,0,1,1.96,0,1,23.0,124.6862564086914,1,0,1,0,0,9969.json,NotBuggy
2,0.9098306894302368,0.902488140283358,0,0,0,1,0.0,0,0,11.0,140.82913208007812,0,1,0,0,0,2092.json,NotBuggy
22,0.004472608212381601,3.699243772382687E-7,4,3,7,3,5.05,3,6,143.0,85.37749481201172,0,1,8,0,0,2398.json,NotBuggy
7,0.8403670787811279,0.3518634018755156,1,1,2,2,2.56,1,4,40.0,111.78627014160156,0,1,1,0,0,14512.json,NotBuggy
3,0.9507965445518494,0.9206457639114649,0,0,0,1,1.89,0,0,14.0,132.4454345703125,0,0,0,0,0,2765.json,NotBuggy
7,0.021794941276311874,0.0036472188253345553,0,0,0,1,1.75,0,5,70.0,108.69483184814453,1,5,3,0,0,10593.json,NotBuggy
51,0.0,5.6262480274689425E-22,0,0,0,1,1.32,0,13,401.0,66.8055648803711,1,0,6,0,0,2470.json,NotBuggy
12,0.13460783660411835,0.4593442781208837,3,3,6,4,2.75,1,11,55.0,101.29112243652344,0,0,0,0,0,2015.json,NotBuggy
2,0.9956362843513489,0.9458241193072503,0,0,0,1,1.89,0,0,11.0,140.82913208007812,1,1,0,0,0,10441.json,NotBuggy
3,0.6742942929267883,0.8731670470129533,0,0,0,1,1.89,0,2,17.0,131.28770446777344,0,0,0,0,0,14623.json,NotBuggy
9,0.8054516315460205,0.10249831973926288,2,3,5,4,1.75,1,2,55.0,105.79846954345703,0,1,0,0,0,11660.json,Buggy
3,0.9300921559333801,0.963962928246617,0,0,0,1,1.89,0,0,12.0,133.59722900390625,0,0,0,0,0,9869.json,NotBuggy
6,0.6169304847717285,0.7863519983919688,1,1,2,2,2.75,1,0,27.0,116.9500732421875,0,1,0,0,0,12920.json,NotBuggy
17,0.003105020150542259,0.0017626226309051325,4,4,8,3,9.6,2,17,102.0,92.09075164794922,0,0,2,0,0,2548.json,NotBuggy
3,0.9488584399223328,0.9088458952389491,0,0,0,1,1.89,0,0,13.0,132.9956512451172,0,0,0,0,0,3.json,NotBuggy
6,0.27027881145477295,0.6435661472451536,1,1,2,2,2.75,1,4,34.0,115.56517028808594,0,1,1,0,0,11067.json,NotBuggy
13,0.027424033731222153,3.629702407541863E-5,0,0,0,1,2.72,0,6,105.0,96.32368469238281,0,2,0,0,0,1767.json,NotBuggy
8,0.571223258972168,0.18988056613732793,1,1,2,2,2.83,1,3,47.0,108.78446960449219,0,1,2,0,0,1425.json,NotBuggy
2,0.9966278672218323,0.935805856326381,0,0,0,1,1.89,0,0,14.0,139.1788330078125,1,2,0,0,0,13810.json,NotBuggy
4,0.01206487137824297,0.24620418980667366,2,2,4,2,3.32,0,1,34.0,121.9708480834961,0,3,0,0,0,11083.json,NotBuggy
6,0.2355557233095169,0.4763668506058987,0,0,0,1,4.36,0,2,38.0,115.4029769897461,1,2,0,0,0,5291.json,NotBuggy
3,0.21338437497615814,0.6746685320269362,0,0,0,1,3.77,0,0,23.0,129.4591827392578,0,2,0,0,0,2990.json,NotBuggy
4,0.3072919547557831,0.8047421571946369,0,0,0,1,2.0,0,2,23.0,125.05540466308594,0,1,0,0,0,2695.json,NotBuggy
2,0.9964224100112915,0.9278208349333901,0,0,0,1,1.89,0,0,14.0,139.1788330078125,1,2,0,0,0,13774.json,NotBuggy
6,0.03826248273253441,0.03839783023016788,0,0,0,1,1.81,0,7,53.0,113.11314392089844,1,1,1,0,0,2727.json,NotBuggy
3,0.06433386355638504,0.6371901660731489,0,0,0,1,1.89,0,1,23.0,129.2428436279297,0,2,0,0,0,6079.json,NotBuggy
3,0.8862521648406982,0.9080914164170025,0,0,0,1,1.89,0,0,14.0,132.4454345703125,0,1,0,0,0,1099.json,NotBuggy
11,0.008107105270028114,0.03659684435956354,0,0,0,1,1.54,0,0,69.0,101.63541412353516,0,2,1,0,0,14659.json,NotBuggy
6,0.6367147564888,0.8616472089176412,1,1,2,2,2.75,1,2,27.0,116.7638931274414,0,0,0,0,0,12086.json,NotBuggy
3,0.794871985912323,0.9402770268600479,0,0,0,1,1.89,0,0,13.0,132.9956512451172,0,0,0,0,0,12611.json,NotBuggy
5,0.08327803015708923,0.14936909524152575,0,0,0,1,1.96,0,3,41.0,117.61241912841797,0,0,1,0,0,11929.json,NotBuggy
3,0.36156347393989563,0.9043311167623973,0,0,0,1,1.89,0,1,14.0,132.79563903808594,0,0,0,0,0,5297.json,NotBuggy
22,0.049002502113580704,3.0838585443000846E-4,5,6,11,6,4.4,3,9,117.0,86.05357360839844,0,0,5,0,0,9454.json,NotBuggy
4,0.30985549092292786,0.8709692633524241,0,0,0,1,2.0,0,2,21.0,125.52845764160156,0,1,0,0,0,14124.json,NotBuggy
27,0.0017119739204645157,3.678440836339043E-8,8,5,13,8,12.11,7,17,174.0,79.91514587402344,1,2,8,0,0,6702.json,NotBuggy
3,0.17076627910137177,0.7009943065153318,0,0,0,1,1.89,0,0,23.0,129.4591827392578,0,2,0,0,0,14639.json,NotBuggy
7,0.4306289553642273,0.8442947562910795,2,1,3,2,2.56,1,4,32.0,113.47298431396484,0,1,0,0,0,12918.json,NotBuggy
2,0.9994621276855469,0.9627162649385452,0,0,0,1,1.89,0,0,11.0,140.82913208007812,1,1,0,0,0,2344.json,NotBuggy
3,0.7775382995605469,0.7417838542080984,0,0,0,1,1.89,0,0,17.0,131.28770446777344,0,0,0,0,0,777.json,NotBuggy
7,0.03908422589302063,0.013111724381995789,0,0,0,1,6.05,0,12,65.0,109.62097930908203,0,1,0,0,0,2422.json,NotBuggy
4,0.246352419257164,0.8037579546842348,0,0,0,1,2.0,0,2,22.0,125.15235137939453,0,2,0,0,0,9423.json,NotBuggy
17,0.11303437501192093,1.2713579116625292E-7,4,5,9,6,5.66,3,8,144.0,88.85370635986328,1,0,7,0,0,14508.json,NotBuggy
8,0.028254227712750435,0.268111021286199,0,0,0,2,4.8,1,4,44.0,109.1904296875,0,1,1,0,0,2381.json,NotBuggy
4,0.2013491988182068,0.5234588714290896,0,0,0,1,3.32,0,3,27.0,123.56243133544922,0,1,0,0,0,14353.json,NotBuggy
3,0.07337252795696259,0.6742972888036353,0,0,0,1,1.89,0,2,22.0,129.57785034179688,0,1,0,0,0,8936.json,NotBuggy
3,0.8825140595436096,0.9489907130228349,0,0,0,1,1.89,0,0,12.0,133.59722900390625,0,0,0,0,0,5783.json,NotBuggy
25,0.004607979208230972,1.1057747171699209E-8,5,7,12,8,3.58,2,17,168.0,81.4251937866211,0,3,3,0,0,7343.json,Buggy
3,0.7393535375595093,0.7300621090234363,0,0,0,1,1.89,0,1,19.0,130.57513427734375,0,1,0,0,0,14585.json,NotBuggy
4,0.3748433589935303,0.7690428505308193,0,0,0,1,1.0,0,2,23.0,125.05540466308594,0,1,0,0,0,10086.json,NotBuggy
3,0.17076627910137177,0.7009943065153318,0,0,0,1,1.89,0,0,23.0,129.4591827392578,0,2,0,0,0,14652.json,NotBuggy
3,0.9567683935165405,0.9916330578895972,0,0,0,1,1.89,0,0,11.0,134.26058959960938,0,0,0,0,0,14518.json,NotBuggy
5,0.699529230594635,0.8908322096695268,0,0,0,1,1.96,0,6,24.0,121.36727905273438,0,0,0,0,0,12880.json,NotBuggy
3,0.0685562863945961,0.6927223172260264,0,0,0,1,3.77,0,1,22.0,129.69032287597656,0,2,0,0,0,1859.json,NotBuggy
27,5.168966017663479E-4,1.597073308669796E-8,8,8,16,9,2.48,2,20,174.0,79.91584777832031,0,1,8,0,0,8716.json,Buggy
3,0.3042653799057007,0.5710555941804267,0,0,0,1,1.89,0,1,26.0,128.8216552734375,0,2,0,0,0,13687.json,NotBuggy
2,0.9994425773620605,0.9146465294099513,0,0,0,1,3.77,0,0,11.0,140.82913208007812,1,1,0,0,0,6227.json,Buggy
3,0.9773018956184387,0.9233730056701246,0,0,0,1,2.0,0,0,14.0,132.4454345703125,1,1,0,0,0,1032.json,NotBuggy
3,0.8652758002281189,0.9232464296611035,0,0,0,1,1.89,0,0,15.0,131.9385528564453,0,0,0,0,0,3100.json,NotBuggy
3,0.8414517641067505,0.8486714552266345,0,0,0,1,1.89,0,0,14.0,132.4454345703125,1,1,0,0,0,1047.json,NotBuggy
3,0.692622721195221,0.8995559341736935,0,0,0,1,1.89,0,1,17.0,131.43582153320312,0,1,0,0,0,1855.json,NotBuggy
3,0.6591925024986267,0.6259771655729421,0,0,0,1,1.89,0,3,23.0,129.2428436279297,0,1,0,0,0,2684.json,NotBuggy
3,0.3042653799057007,0.5710555941804267,0,0,0,1,1.89,0,1,26.0,128.8216552734375,0,2,0,0,0,13842.json,NotBuggy
8,0.20151396095752716,0.0104156442880663,1,1,2,2,2.4,1,3,60.0,107.2412338256836,0,2,2,0,0,10888.json,NotBuggy
15,0.04423079267144203,0.0037869214046642096,2,2,4,3,2.99,1,11,86.0,94.65625,0,1,3,0,0,14592.json,NotBuggy
3,0.14333121478557587,0.8897541335513355,0,0,0,1,1.89,0,1,15.0,132.086669921875,0,0,0,0,0,6697.json,NotBuggy
11,0.5697690844535828,0.5680857730350544,2,3,5,4,3.53,2,0,49.0,103.38538360595703,1,2,0,0,0,94.json,NotBuggy
3,0.7741793394088745,0.9241924488655006,0,0,0,1,1.89,0,0,14.0,132.61029052734375,0,0,0,0,0,14003.json,NotBuggy
5,0.5107601881027222,0.6998142288924629,1,1,2,2,2.99,1,5,28.0,119.81843566894531,0,0,0,0,0,2571.json,NotBuggy
19,0.008891796693205833,9.066217100492883E-5,3,3,6,4,5.48,2,11,113.0,89.00316619873047,0,2,4,0,0,6626.json,NotBuggy
8,0.609859824180603,0.11645213457837247,2,3,5,3,3.5,1,1,48.0,108.2735595703125,1,1,0,0,0,14377.json,NotBuggy
3,0.6278174519538879,0.8640849422690806,0,0,0,1,1.89,0,1,17.0,131.43582153320312,0,1,0,0,0,8669.json,NotBuggy
4,0.8520905375480652,0.8685084711267813,0,0,0,1,2.99,0,0,23.0,124.7987289428711,1,3,0,0,0,14258.json,NotBuggy
2,0.9945499897003174,0.953081974234431,0,0,0,1,1.89,0,0,11.0,140.82913208007812,1,1,0,0,0,8940.json,NotBuggy
5,0.7683923840522766,0.5386779825137795,0,0,0,1,1.96,0,0,33.0,118.90401458740234,0,1,1,0,0,12506.json,NotBuggy
4,0.19783492386341095,0.41700057422794484,0,0,0,1,3.32,0,5,31.0,122.84404754638672,0,1,0,0,0,2703.json,NotBuggy
7,0.9273970127105713,0.7685322517277182,1,1,2,2,5.11,1,4,35.0,113.00700378417969,0,0,0,0,0,14655.json,NotBuggy
3,0.6661521196365356,0.8029380352467427,0,0,0,1,1.89,0,1,18.0,130.85629272460938,0,1,0,0,0,10964.json,NotBuggy
3,0.5970120429992676,0.8944637706955689,0,0,0,1,1.89,0,0,14.0,132.61029052734375,0,0,0,0,0,14047.json,NotBuggy
4,0.06464014202356339,0.29769638583508745,0,0,0,1,3.32,0,6,34.0,122.36370849609375,0,1,0,0,0,2393.json,NotBuggy
3,0.9420103430747986,0.9632220739705201,0,0,0,1,1.89,0,0,12.0,133.59722900390625,0,0,0,0,0,12799.json,NotBuggy
14,0.008001571521162987,0.017479937249599727,2,2,4,3,3.22,2,5,89.0,95.59562683105469,1,3,3,0,0,6631.json,NotBuggy
7,0.49818459153175354,0.31301104462270213,1,1,2,2,2.56,0,4,44.0,111.4901123046875,0,0,2,0,0,11152.json,NotBuggy
3,0.5152390003204346,0.8652824028305262,0,0,0,1,1.89,0,1,14.0,132.61029052734375,0,1,0,0,0,2589.json,NotBuggy
4,0.11567005515098572,0.6321848615693225,0,0,0,1,3.32,0,0,26.0,123.8484878540039,0,3,0,0,0,12919.json,NotBuggy
8,0.9071976542472839,0.8372907069472838,1,1,2,2,2.4,1,4,34.0,110.90472412109375,0,0,1,0,0,8930.json,NotBuggy
3,0.5082504153251648,0.7542228956299479,0,0,0,1,1.89,0,3,20.0,130.30841064453125,0,0,0,0,0,2585.json,NotBuggy
9,0.7974712252616882,0.49301356317341394,1,1,2,2,2.67,1,4,48.0,106.76690673828125,0,0,3,0,0,12774.json,NotBuggy
7,0.48632946610450745,0.9383048920453813,0,0,0,1,6.31,0,2,29.0,114.04106140136719,0,0,1,0,0,6451.json,Buggy
7,0.327846497297287,0.7985029551721604,1,1,2,2,3.02,1,2,30.0,113.90496063232422,0,0,0,0,0,12691.json,NotBuggy
5,0.08327803015708923,0.14936909524152575,0,0,0,1,1.96,0,3,41.0,117.61241912841797,0,0,1,0,0,11858.json,NotBuggy
33,0.0,7.022876545921785E-15,4,8,12,9,1.81,2,12,243.0,74.4868392944336,0,4,7,0,0,11995.json,NotBuggy
3,0.7390851974487305,0.9423456036922365,0,0,0,1,1.89,0,0,12.0,133.59722900390625,0,0,0,0,0,11561.json,NotBuggy
3,0.8138206601142883,0.9430937098363148,0,0,0,1,1.89,0,0,13.0,132.9956512451172,0,0,0,0,0,3145.json,NotBuggy
12,0.6581976413726807,0.002357918319235156,3,2,5,3,2.31,1,5,89.0,98.21177673339844,0,1,4,0,0,14695.json,NotBuggy
3,0.7908791303634644,0.756476533027458,0,0,0,1,1.89,0,0,17.0,131.28770446777344,0,0,0,0,0,783.json,NotBuggy
11,0.01553092710673809,0.037486072881248805,2,1,3,2,5.86,1,8,64.0,101.960205078125,0,1,1,0,0,13894.json,NotBuggy
14,0.008629861287772655,0.0012112905895749909,2,2,4,3,5.95,1,3,86.0,95.85179901123047,1,4,0,0,0,13709.json,NotBuggy
3,0.5152390003204346,0.8652824028305262,0,0,0,1,1.89,0,1,14.0,132.61029052734375,0,1,0,0,0,2588.json,NotBuggy
16,0.0023167147301137447,3.088172299680887E-4,7,5,12,4,5.27,3,16,112.0,92.00713348388672,1,1,3,0,0,2115.json,NotBuggy
6,0.684661328792572,0.13287387118073168,0,0,0,1,0.94,0,1,46.0,113.84972381591797,0,0,3,0,0,8749.json,Buggy
6,0.171083465218544,0.8078910454986972,0,0,0,1,3.59,0,1,31.0,116.2755126953125,0,3,0,0,0,8528.json,NotBuggy
3,0.5728086233139038,0.9449355705678997,0,0,0,1,1.89,0,0,12.0,133.59722900390625,0,0,0,0,0,2309.json,NotBuggy
3,0.3710330128669739,0.8210741013295034,0,0,0,1,1.89,0,0,17.0,131.03103637695312,0,0,0,0,0,14086.json,NotBuggy
3,0.9521888494491577,0.979900017175821,0,0,0,1,1.89,0,0,13.0,132.9956512451172,0,0,0,0,0,5776.json,NotBuggy
3,0.9713621735572815,0.9454944487241949,0,0,0,1,2.0,0,0,17.0,131.03103637695312,1,2,0,0,0,2855.json,NotBuggy
1,0.8575695157051086,0.6748684004961879,0,0,0,1,0.0,0,1,17.0,149.08523559570312,0,1,0,0,0,9043.json,NotBuggy
18,0.04500562697649002,0.002388230802640702,2,3,5,4,3.82,3,8,96.0,90.86363220214844,1,0,2,0,0,12302.json,NotBuggy
3,0.9469912052154541,0.9476646583352214,0,0,0,1,1.89,0,0,13.0,132.9956512451172,0,0,0,0,0,8338.json,NotBuggy
4,0.011791062541306019,0.25232767856842286,2,2,4,2,3.32,0,1,34.0,121.9708480834961,0,3,0,0,0,11782.json,NotBuggy
12,0.038701705634593964,0.0021455832748255303,2,2,4,3,2.31,1,3,80.0,98.80872344970703,0,3,3,0,0,13027.json,NotBuggy
8,0.7276081442832947,0.5536606916096966,2,2,4,3,4.47,2,4,40.0,109.82962799072266,0,1,0,0,0,2477.json,NotBuggy
7,0.00811927579343319,0.06589258921844948,0,0,0,1,6.21,0,12,55.0,110.7128677368164,0,1,0,0,0,2125.json,NotBuggy
2,0.9671555757522583,0.9643120812317925,0,0,0,1,1.89,0,0,14.0,139.1788330078125,1,2,0,0,0,3030.json,NotBuggy
9,0.6845027208328247,0.1473824457217319,2,1,3,2,3.14,1,3,58.0,105.46157836914062,0,3,2,0,0,6712.json,NotBuggy
6,0.4414041042327881,0.6934291979805279,2,1,3,2,2.75,1,3,30.0,116.4021987915039,0,1,0,0,0,10119.json,NotBuggy
3,0.8904139995574951,0.9196220983738894,0,0,0,1,1.89,0,0,14.0,132.4454345703125,0,1,0,0,0,2718.json,NotBuggy
10,0.07037373632192612,0.9178616337444513,2,2,4,3,4.1,2,1,35.0,107.0952377319336,0,0,0,0,0,8491.json,NotBuggy
5,0.5038692951202393,0.7446888094979504,0,0,0,1,1.96,0,2,28.0,119.94457244873047,0,1,1,0,0,13910.json,NotBuggy
10,0.0014799139462411404,0.007356619221356837,2,1,3,2,6.05,1,5,72.0,102.63037872314453,0,1,1,0,0,6709.json,NotBuggy
8,0.012514904141426086,0.07780142972899204,0,0,0,1,3.46,0,8,49.0,108.79776763916016,0,0,0,0,0,8727.json,NotBuggy
7,0.9232191443443298,0.9945642240457775,2,1,3,2,2.87,1,2,28.0,114.36758422851562,1,1,0,0,0,2405.json,NotBuggy
3,0.9081212282180786,0.9782382494130901,0,0,0,1,1.89,0,1,14.0,132.61029052734375,0,1,0,0,0,9704.json,NotBuggy
3,0.8263971209526062,0.9681105011383128,0,0,0,1,1.89,0,0,11.0,134.26058959960938,0,0,0,0,0,12888.json,NotBuggy
55,0.0,9.034750796177914E-10,7,17,24,15,5.41,5,28,275.0,64.18817138671875,1,1,9,0,0,4888.json,Buggy
38,0.0,4.2946415251743316E-15,0,0,0,1,0.82,0,38,301.0,73.08829498291016,1,0,4,0,0,8799.json,NotBuggy
3,0.6843447089195251,0.7653967196140119,0,0,0,1,1.89,0,2,19.0,130.57513427734375,0,1,0,0,0,14542.json,NotBuggy
7,0.46399545669555664,0.22039365024687027,1,1,2,2,5.17,1,5,49.0,110.86032104492188,0,1,1,0,0,9797.json,Buggy
3,0.5032446384429932,0.8664066203736871,0,0,0,1,1.89,0,0,15.0,131.9385528564453,0,0,0,0,0,8242.json,NotBuggy
5,0.772369921207428,0.4613723766015905,1,1,2,2,1.96,0,2,30.0,119.16963195800781,0,0,1,0,0,7971.json,NotBuggy
3,0.3042653799057007,0.5710555941804267,0,0,0,1,1.89,0,1,26.0,128.8216552734375,0,2,0,0,0,13832.json,NotBuggy
51,0.0,5.479745057928473E-5,0,0,0,4,7.32,1,7,209.0,70.10246276855469,0,0,1,0,0,12731.json,NotBuggy
2,0.9671555757522583,0.9643120812317925,0,0,0,1,1.89,0,0,14.0,139.1788330078125,1,2,0,0,0,2974.json,NotBuggy
51,0.0,4.167168945866633E-8,1,8,9,9,9.17,8,19,218.0,68.37806701660156,0,1,1,0,0,7670.json,Buggy
3,0.8154752850532532,0.5528666331383331,0,0,0,1,1.89,0,3,23.0,129.2428436279297,0,1,0,0,0,2721.json,NotBuggy
12,0.02947232685983181,0.014329656896529208,1,1,2,2,2.56,1,5,76.0,99.71688842773438,0,1,1,0,0,14627.json,NotBuggy
11,0.5700182318687439,0.8755337586541849,2,2,4,3,3.95,2,1,43.0,104.21060180664062,0,2,0,0,0,191.json,NotBuggy
6,0.8580558896064758,0.9145603231323989,2,1,3,2,2.75,1,1,24.0,117.77888488769531,0,1,0,0,0,9647.json,NotBuggy
31,0.007200681604444981,4.6450955425365454E-7,4,6,10,6,4.84,1,10,156.0,78.8141098022461,0,1,2,0,0,11564.json,Buggy
3,0.3058704137802124,0.7659421292410622,0,0,0,1,1.89,0,1,18.0,130.99049377441406,0,0,0,0,0,1906.json,NotBuggy
46,0.0,5.26449438746337E-7,12,20,32,16,3.46,2,18,249.0,67.81075286865234,1,2,8,0,0,11881.json,NotBuggy
1,0.9841191172599792,0.788298680614037,0,0,0,1,0.0,0,0,15.0,149.88418579101562,0,1,0,0,0,12212.json,Buggy
10,0.1249806359410286,0.057252449340951236,4,4,8,4,3.6,2,4,61.0,103.29387664794922,0,0,2,0,0,6421.json,NotBuggy
11,0.3666076362133026,0.814690562439342,1,1,2,2,4.85,2,4,45.0,104.05109405517578,0,1,0,0,0,6133.json,NotBuggy
3,0.12625551223754883,0.6382246750349725,0,0,0,1,1.89,0,3,23.0,129.34671020507812,0,1,0,0,0,2007.json,NotBuggy
5,0.010032927617430687,0.5098119243287044,0,0,0,1,2.99,0,5,30.0,119.48943328857422,0,1,0,0,0,2073.json,NotBuggy
3,0.6109272241592407,0.6843001409556217,0,0,0,1,1.89,0,2,20.0,130.44261169433594,0,0,0,0,0,2319.json,NotBuggy
9,0.05725497752428055,0.485202682607715,0,0,0,1,5.14,0,2,44.0,107.51234436035156,0,0,0,0,0,9877.json,NotBuggy
11,0.5700182318687439,0.8755337586541849,2,2,4,3,3.95,2,1,43.0,104.21060180664062,0,2,0,0,0,924.json,NotBuggy
3,0.7741793394088745,0.9155445253236348,0,0,0,1,1.89,0,0,14.0,132.61029052734375,0,0,0,0,0,862.json,NotBuggy
3,0.49398136138916016,0.9651208159875004,0,0,0,1,1.89,0,0,11.0,134.26058959960938,0,0,0,0,0,5372.json,NotBuggy
4,0.8624698519706726,0.5217442708233067,0,0,0,1,2.0,0,3,29.0,123.02798461914062,0,0,1,0,0,14578.json,NotBuggy
15,0.42099905014038086,0.061418952594138855,4,3,7,4,3.16,2,9,84.0,94.84811401367188,0,1,2,0,0,14560.json,NotBuggy
40,1.6443243657704443E-4,3.6041588735932227E-12,8,10,18,10,2.22,4,22,228.0,71.31515502929688,0,1,9,0,0,10684.json,NotBuggy
3,0.69463050365448,0.8656234420270775,0,0,0,1,1.89,0,3,17.0,131.43582153320312,0,0,0,0,0,1745.json,NotBuggy
4,0.22657307982444763,0.6847019456889416,0,0,0,1,4.9,0,4,25.0,124.25267028808594,0,0,0,0,0,2742.json,NotBuggy
2,0.9852147102355957,0.894409741616073,0,0,0,1,1.89,0,0,17.0,137.8562469482422,1,3,0,0,0,13702.json,NotBuggy
10,0.23347117006778717,0.31911805199730886,2,1,3,2,3.67,1,3,49.0,104.89295959472656,0,1,1,0,0,2669.json,NotBuggy
7,0.05619243532419205,0.1638778996359426,2,1,3,2,2.56,1,6,50.0,111.15229034423828,0,1,1,0,0,2577.json,NotBuggy
11,0.2328208088874817,0.12091320085997895,1,1,2,2,4.92,1,6,58.0,102.16474914550781,1,0,0,0,0,12921.json,NotBuggy
3,0.40288445353507996,0.8033502017786763,0,0,0,1,1.89,0,1,17.0,131.1535186767578,0,0,0,0,0,6861.json,NotBuggy
9,0.48074230551719666,0.77509991958762,1,1,2,2,2.27,1,3,37.0,108.55693817138672,0,0,2,0,0,2648.json,NotBuggy
3,0.14508722722530365,0.7919843245637265,0,0,0,1,1.89,0,1,20.0,130.44261169433594,0,2,0,0,0,434.json,NotBuggy
11,0.5700182318687439,0.8755337586541849,2,2,4,3,3.95,2,1,43.0,104.21060180664062,0,2,0,0,0,606.json,NotBuggy
3,0.4255576431751251,0.8277219792918891,0,0,0,1,1.89,0,1,17.0,131.1535186767578,0,0,0,0,0,2006.json,NotBuggy
6,0.6883668899536133,0.8007597536111598,1,1,2,2,2.75,1,0,27.0,116.9500732421875,0,1,0,0,0,14308.json,NotBuggy
14,0.32490086555480957,0.11020030918591917,0,0,0,1,2.91,0,10,67.0,97.7837905883789,0,0,3,0,0,1937.json,NotBuggy
8,0.03222101926803589,0.17793770136409545,0,0,0,1,5.07,0,4,53.0,108.58917236328125,0,4,0,0,0,9253.json,NotBuggy
6,0.19131028652191162,0.7328324038182921,0,0,0,2,2.75,1,3,33.0,115.81021118164062,0,1,1,0,0,11495.json,NotBuggy
3,0.936774492263794,0.9051529461539927,0,0,0,1,1.89,0,0,13.0,132.9956512451172,0,0,0,0,0,12923.json,NotBuggy
3,0.808698832988739,0.7238760562243668,0,0,0,1,1.89,0,2,19.0,130.45266723632812,0,1,0,0,0,2493.json,NotBuggy
9,0.22291098535060883,0.01002167521602468,2,2,4,3,2.67,1,2,66.0,104.76399230957031,0,2,0,0,0,13715.json,NotBuggy
10,0.5626972317695618,0.9556054139381687,2,2,4,3,4.1,2,1,35.0,107.0952377319336,0,0,0,0,0,8507.json,NotBuggy
3,0.8259086608886719,0.8775300585383189,0,0,0,1,1.89,0,0,14.0,132.4454345703125,1,1,0,0,0,1145.json,NotBuggy
3,0.8975899815559387,0.9516480897957766,0,0,0,1,1.89,0,0,12.0,133.59722900390625,0,0,0,0,0,14361.json,NotBuggy
3,0.891723096370697,0.950471660410229,0,0,0,1,1.89,0,0,14.0,132.79563903808594,0,1,0,0,0,1797.json,NotBuggy
5,0.7981112003326416,0.8700705969017714,1,1,2,2,2.99,0,3,24.0,120.73249816894531,0,1,0,0,0,11766.json,NotBuggy
7,0.5622830986976624,0.23688067761869802,1,1,2,2,2.56,1,2,41.0,111.65786743164062,0,1,1,0,0,8501.json,NotBuggy
12,0.057122454047203064,0.009182631115411522,4,3,7,3,4.75,2,8,71.0,99.34571075439453,0,1,0,0,0,12895.json,NotBuggy
81,0.0,8.94744442848798E-37,0,0,0,1,2.62,0,60,627.0,56.57522964477539,0,0,12,0,0,5980.json,NotBuggy
6,0.01339562889188528,0.03695292440669864,0,0,0,1,1.89,0,6,53.0,113.24961853027344,0,0,1,0,0,12020.json,NotBuggy
3,0.608803927898407,0.8882468736239414,0,0,0,1,1.89,0,0,15.0,131.9385528564453,0,0,0,0,0,12857.json,Buggy
14,0.2719093859195709,0.01630508435510105,1,1,2,2,5.14,1,7,76.0,96.8082046508789,0,1,4,0,0,10634.json,NotBuggy
34,0.0,5.119474519635647E-9,6,10,16,7,8.52,4,36,199.0,75.91158294677734,0,1,2,0,0,2642.json,NotBuggy
3,0.5447646975517273,0.9019754187198283,0,0,0,1,1.89,0,1,15.0,132.25152587890625,0,0,0,0,0,3156.json,NotBuggy
3,0.7526256442070007,0.8187591566978377,0,0,0,1,1.89,0,0,19.0,130.57513427734375,0,1,0,0,0,12911.json,NotBuggy
9,0.39517176151275635,0.007509743697459943,4,3,7,3,3.66,2,1,63.0,104.80158233642578,0,1,2,0,0,2481.json,NotBuggy
5,0.009772726334631443,0.3021053909089465,0,0,0,1,1.96,0,1,35.0,118.5140380859375,0,0,0,0,0,9654.json,NotBuggy
3,0.9713621735572815,0.9454944487241949,0,0,0,1,2.0,0,0,17.0,131.03103637695312,1,2,0,0,0,3002.json,NotBuggy
5,0.8554962277412415,0.8324299540021161,1,1,2,2,2.99,0,0,24.0,120.6200180053711,0,1,0,0,0,2014.json,NotBuggy
6,0.5416007041931152,0.6926044015695773,1,1,2,2,2.75,1,1,31.0,116.231689453125,0,1,0,0,0,13319.json,NotBuggy
38,0.0,2.621278816927925E-8,8,9,17,10,3.01,2,29,215.0,73.34196472167969,0,1,2,0,0,12800.json,NotBuggy
9,0.03496304526925087,0.020654704762475252,0,0,0,2,2.95,1,5,63.0,105.1814193725586,0,2,2,0,0,12728.json,NotBuggy
9,0.06917770206928253,0.06616961096863457,2,2,4,2,2.67,1,3,54.0,105.93091583251953,0,1,1,0,0,2764.json,NotBuggy
5,0.027313489466905594,0.28506360178189993,2,2,4,2,2.99,1,1,35.0,118.20518493652344,0,3,0,0,0,2304.json,NotBuggy
3,0.3042249083518982,0.6464434044336251,0,0,0,1,1.89,0,1,24.0,129.12539672851562,0,2,0,0,0,13860.json,NotBuggy
2,0.9305575489997864,0.9053725128064858,0,0,0,1,0.0,0,0,11.0,140.82913208007812,0,1,0,0,0,2247.json,NotBuggy
7,0.17159242928028107,0.7960841878643274,1,1,2,2,2.56,1,2,35.0,113.20723724365234,0,1,1,0,0,13285.json,NotBuggy
3,0.8071518540382385,0.9691276674264034,0,0,0,1,1.89,0,0,11.0,134.26058959960938,0,0,0,0,0,10128.json,NotBuggy
28,0.15921784937381744,1.9536715106353933E-8,0,0,0,1,1.83,0,5,203.0,80.3026351928711,0,4,5,0,0,8771.json,NotBuggy
3,0.28617122769355774,0.8432754129955602,0,0,0,1,1.89,0,1,20.0,130.18594360351562,0,1,0,0,0,14680.json,NotBuggy
3,0.4285770356655121,0.8348207218714468,0,0,0,1,1.89,0,0,14.0,132.4454345703125,0,0,0,0,0,10678.json,NotBuggy
3,0.41038089990615845,0.6905312870689494,0,0,0,1,1.89,0,3,21.0,129.81976318359375,0,0,0,0,0,14424.json,NotBuggy
3,0.8561909794807434,0.9094298848634208,0,0,0,1,1.89,0,0,15.0,132.086669921875,0,1,0,0,0,2083.json,NotBuggy
11,0.3028665781021118,0.006189611750517213,1,1,2,2,1.21,1,3,69.0,101.13388061523438,0,2,3,0,0,12186.json,Buggy
7,0.4928717613220215,0.5467304032369353,1,1,2,2,2.56,1,3,34.0,113.06793212890625,0,0,1,0,0,2332.json,NotBuggy
3,0.26735490560531616,0.5211518361091736,0,0,0,1,1.89,0,4,26.0,128.60531616210938,0,1,0,0,0,2208.json,NotBuggy
6,0.7125560641288757,0.7896651484914293,1,1,2,2,2.75,1,0,27.0,116.9500732421875,0,1,0,0,0,8780.json,NotBuggy
7,0.11197105795145035,0.9225325054520638,0,0,0,1,4.71,0,2,25.0,115.29936981201172,0,2,0,0,0,8167.json,NotBuggy
3,0.5459625720977783,0.8104962489359181,0,0,0,1,1.89,0,3,19.0,130.70933532714844,0,0,0,0,0,1734.json,Buggy
13,0.004544971045106649,9.566737801554936E-6,4,2,6,3,3.65,2,2,114.0,95.21353912353516,1,3,3,0,0,9416.json,NotBuggy
3,0.8728213310241699,0.8447956661843531,0,0,0,1,1.89,0,0,17.0,131.28770446777344,0,1,0,0,0,12773.json,NotBuggy
9,0.049543607980012894,0.033692501218169295,2,2,4,3,2.95,2,6,63.0,105.252197265625,0,1,0,0,0,12793.json,NotBuggy
8,0.019332991912961006,0.005160450849803497,0,0,0,1,0.87,0,5,66.0,107.132080078125,0,0,2,0,0,10598.json,NotBuggy
4,0.33526483178138733,0.3985298090190481,0,0,0,1,3.32,0,5,31.0,122.84404754638672,0,1,0,0,0,2665.json,NotBuggy
3,0.4020346701145172,0.9314142381103282,0,0,0,1,1.89,0,0,14.0,132.61029052734375,0,0,0,0,0,14062.json,NotBuggy
4,0.49108731746673584,0.3424836506435058,0,0,0,1,2.0,0,3,30.0,123.01455688476562,0,1,1,0,0,10882.json,NotBuggy
5,0.08902657777070999,0.1425794481400201,0,0,0,1,1.96,0,3,41.0,117.61241912841797,0,0,1,0,0,12250.json,NotBuggy
3,0.7246267199516296,0.931788079485811,0,0,0,1,1.89,0,1,15.0,132.25152587890625,0,0,0,0,0,2354.json,NotBuggy
98,0.0,4.559494268374248E-34,14,34,48,21,5.89,3,30,561.0,49.27816390991211,1,11,4,0,0,90.json,Buggy
21,0.001806802349165082,4.189003466121769E-7,5,5,10,5,5.04,2,14,135.0,86.10526275634766,1,1,2,0,0,11457.json,NotBuggy
31,0.0011486209696158767,1.4372714312944905E-14,11,10,21,10,1.98,3,23,239.0,75.27465057373047,1,1,11,0,0,12244.json,NotBuggy
23,0.05782034993171692,1.517680586941313E-7,7,6,13,7,2.48,3,9,146.0,83.655029296875,0,1,8,0,0,12050.json,NotBuggy
3,0.33693477511405945,0.8632725174957293,0,0,0,1,1.89,0,1,15.0,132.25152587890625,0,0,0,0,0,4783.json,NotBuggy
3,0.5993859171867371,0.9110330328475513,0,0,0,1,1.89,0,2,16.0,131.91592407226562,0,0,0,0,0,9266.json,NotBuggy
3,0.8263971209526062,0.9681105011383128,0,0,0,1,1.89,0,0,11.0,134.26058959960938,0,0,0,0,0,1928.json,NotBuggy
3,0.891723096370697,0.950471660410229,0,0,0,1,1.89,0,0,14.0,132.79563903808594,0,1,0,0,0,1990.json,NotBuggy
1,0.7644639015197754,0.7677958061034451,0,0,0,1,0.0,0,1,15.0,150.04904174804688,0,0,0,0,0,10085.json,NotBuggy
15,0.03744072467088699,0.015545915635044354,5,4,9,4,9.63,3,7,72.0,95.55587768554688,0,1,1,0,0,6401.json,Buggy
3,0.8478468656539917,0.929020813310112,0,0,0,1,1.89,0,0,15.0,131.9385528564453,0,0,0,0,0,2811.json,NotBuggy
6,0.7967263460159302,0.9162885455194361,1,1,2,2,2.75,1,2,26.0,117.14632415771484,0,0,0,0,0,14644.json,NotBuggy
4,0.28164422512054443,0.40595098632567894,0,0,0,1,4.0,0,4,34.0,122.20084381103516,1,1,0,0,0,11409.json,NotBuggy
3,0.7702195644378662,0.9078198658205104,0,0,0,1,1.89,0,0,17.0,131.28770446777344,0,1,0,0,0,11522.json,NotBuggy
3,0.7934560179710388,0.9604571802483702,0,0,0,1,1.89,0,0,12.0,133.59722900390625,0,0,0,0,0,12750.json,NotBuggy
6,0.15745699405670166,0.23295245519714072,2,1,3,2,2.75,1,5,42.0,114.15914916992188,0,0,1,0,0,12342.json,NotBuggy
3,0.7848659753799438,0.7504784376246305,0,0,0,1,1.89,0,3,20.0,130.18594360351562,0,0,0,0,0,14612.json,NotBuggy
14,0.18698202073574066,0.001061796401809228,3,2,5,3,2.56,1,12,95.0,95.25637817382812,0,1,5,0,0,14550.json,NotBuggy
3,0.7741793394088745,0.9189429376644342,0,0,0,1,1.89,0,0,14.0,132.61029052734375,0,0,0,0,0,816.json,NotBuggy
6,0.09883391857147217,0.17483232142294614,0,0,0,1,5.5,0,5,47.0,114.02747344970703,0,1,0,0,0,9774.json,NotBuggy
5,0.16768567264080048,0.4652731516777548,0,0,0,1,1.96,0,2,30.0,119.58580780029297,0,1,1,0,0,11049.json,Buggy
11,0.8061444759368896,0.13681098253283638,3,3,6,3,3.45,2,2,62.0,101.63391876220703,0,1,3,0,0,5558.json,NotBuggy
15,0.02812131866812706,3.806790784229309E-4,1,1,2,3,6.88,1,14,101.0,93.67909240722656,0,0,3,0,0,2686.json,NotBuggy
3,0.3042653799057007,0.5710555941804267,0,0,0,1,1.89,0,1,26.0,128.8216552734375,0,2,0,0,0,13682.json,NotBuggy
3,0.9494650363922119,0.9605504486660705,0,0,0,1,1.89,0,0,12.0,133.59722900390625,0,0,0,0,0,2443.json,NotBuggy
8,0.8753402829170227,0.4882107797533374,3,2,5,2,2.86,1,8,45.0,109.07357025146484,1,1,0,0,0,11734.json,NotBuggy
25,0.02656330168247223,1.5103423058307374E-4,4,3,7,4,3.97,3,8,128.0,83.8774642944336,0,1,5,0,0,14487.json,NotBuggy
12,0.01153543684631586,1.3767034064393518E-4,0,0,0,1,4.71,0,16,105.0,97.94483947753906,0,4,2,0,0,10127.json,NotBuggy
11,0.6684277653694153,0.47937325592611174,2,3,5,4,1.92,1,1,53.0,102.74021911621094,0,1,0,0,0,11661.json,Buggy
15,0.0721525102853775,0.003751767246140681,2,2,4,3,2.99,1,11,86.0,94.65625,0,1,3,0,0,14593.json,NotBuggy
12,0.06097281724214554,0.05621880803850135,3,3,6,4,2.56,3,6,63.0,100.506103515625,0,0,1,0,0,5935.json,NotBuggy
3,0.07136896997690201,0.8720175053692191,0,0,0,1,1.89,0,1,15.0,132.086669921875,0,0,0,0,0,6698.json,NotBuggy
3,0.006724433042109013,0.8698866496374771,0,0,0,1,1.89,0,1,19.0,130.57513427734375,0,1,0,0,0,14651.json,NotBuggy
3,0.6239275336265564,0.592790640072114,0,0,0,1,1.89,0,4,24.0,129.12539672851562,0,1,0,0,0,14604.json,NotBuggy
3,0.9130358695983887,0.9759981380708539,0,0,0,1,1.89,0,1,13.0,133.18099975585938,0,0,0,0,0,14675.json,NotBuggy
4,0.9623860120773315,0.9161734155142407,0,0,0,1,2.0,0,0,19.0,125.91468811035156,0,1,0,0,0,5694.json,NotBuggy
14,0.512202799320221,0.16256855992600025,1,1,2,2,1.77,1,7,71.0,97.30011749267578,1,1,0,0,0,1786.json,NotBuggy
3,0.6655029654502869,0.9121867044490534,0,0,0,1,1.89,0,1,15.0,132.25152587890625,0,1,0,0,0,10122.json,NotBuggy
3,0.5262616872787476,0.7039643021148471,0,0,0,1,1.89,0,4,21.0,130.05470275878906,0,0,0,0,0,2323.json,NotBuggy
3,0.7787159085273743,0.9842133040420027,0,0,0,1,1.89,0,0,11.0,134.26058959960938,0,0,0,0,0,14524.json,NotBuggy
17,0.3019927740097046,0.0019550268281649076,4,3,7,4,4.92,3,9,98.0,91.68238067626953,0,0,4,0,0,14648.json,NotBuggy
3,0.8858489990234375,0.8907469648319526,0,0,0,1,1.89,0,1,17.0,131.43582153320312,0,1,0,0,0,9410.json,NotBuggy
3,0.7658653855323792,0.7073920305180338,0,0,0,1,1.89,0,1,21.0,129.81976318359375,0,1,0,0,0,14439.json,NotBuggy
3,0.3334672152996063,0.5961841637097527,0,0,0,1,1.89,0,3,24.0,128.92515563964844,0,1,0,0,0,2362.json,NotBuggy
4,0.29895663261413574,0.557168194555011,0,0,0,1,4.9,0,3,28.0,123.55950164794922,0,0,0,0,0,12563.json,NotBuggy
8,0.8895035982131958,0.2520682181303441,1,1,2,2,2.83,1,4,53.0,108.0998306274414,0,0,3,0,0,14468.json,NotBuggy
2,0.9995037913322449,0.9146772440582396,0,0,0,1,1.89,0,0,11.0,140.82913208007812,1,1,0,0,0,2156.json,NotBuggy
4,0.9623860120773315,0.9161734155142407,0,0,0,1,2.0,0,0,19.0,125.91468811035156,0,1,0,0,0,6278.json,NotBuggy
3,0.4262557327747345,0.4942946777674893,0,0,0,1,1.89,0,4,26.0,128.60531616210938,0,1,0,0,0,2238.json,NotBuggy
8,0.017862536013126373,0.10814132604163024,0,0,0,1,4.91,0,0,57.0,108.07434844970703,1,4,0,0,0,10499.json,NotBuggy
14,0.08171705156564713,0.008299594278008101,1,2,3,3,4.64,1,7,76.0,96.53563690185547,0,0,2,0,0,9200.json,NotBuggy
8,0.014653997495770454,0.07140296592648518,1,1,2,2,4.87,1,9,54.0,108.06251525878906,0,1,0,0,0,2751.json,NotBuggy
3,0.44299110770225525,0.8909449409010478,0,0,0,1,1.89,0,0,17.0,131.28770446777344,0,1,0,0,0,14449.json,NotBuggy
3,0.7229872941970825,0.9128015787473109,0,0,0,1,1.89,0,1,13.0,133.18099975585938,0,0,0,0,0,12641.json,NotBuggy
33,6.688559660688043E-4,5.193579388646138E-8,1,1,2,9,4.62,3,11,195.0,75.65254974365234,1,3,6,0,0,5743.json,NotBuggy
3,0.2375601977109909,0.5767056094785211,0,0,0,1,1.89,0,0,23.0,129.34671020507812,0,2,0,0,0,1723.json,NotBuggy
7,0.23640196025371552,0.05335366959526303,0,0,0,1,1.81,0,8,56.0,110.20672607421875,0,1,0,0,0,8585.json,NotBuggy
6,0.6881320476531982,0.8494434338978566,1,1,2,2,2.75,1,2,27.0,116.9500732421875,0,1,1,0,0,2698.json,NotBuggy
9,0.21288235485553741,0.00697175221990248,1,1,2,2,1.63,1,3,63.0,104.94140625,0,1,3,0,0,7344.json,NotBuggy
3,0.9521888494491577,0.979900017175821,0,0,0,1,1.89,0,0,13.0,132.9956512451172,0,0,0,0,0,5772.json,NotBuggy
10,0.4214259386062622,0.93257473677374,2,2,4,3,4.1,2,1,35.0,107.0952377319336,0,0,0,0,0,8487.json,NotBuggy
3,0.9941611886024475,0.9246113984057774,0,0,0,1,2.0,0,0,14.0,132.4454345703125,1,1,0,0,0,14359.json,NotBuggy
3,0.5796393156051636,0.7836654589950145,1,1,2,2,1.89,0,1,20.0,130.0784149169922,0,1,0,0,0,7191.json,NotBuggy
6,0.6872854232788086,0.7751984165752529,1,1,2,2,2.75,1,0,27.0,116.9500732421875,0,1,0,0,0,8581.json,NotBuggy
9,0.056615330278873444,0.8473732558377247,1,1,2,2,7.3,1,3,33.0,108.989013671875,0,0,0,0,0,8898.json,NotBuggy
3,0.7035906910896301,0.8590037166947287,0,0,0,1,1.89,0,0,17.0,131.1535186767578,0,1,0,0,0,11761.json,NotBuggy
2,0.9164908528327942,0.9749290472197708,0,0,0,1,0.0,0,0,9.0,142.4026641845703,0,0,0,0,0,9489.json,NotBuggy
35,3.6941043799743056E-4,6.695114633315795E-10,7,8,15,9,5.54,3,18,214.0,74.37946319580078,1,2,4,0,0,5575.json,NotBuggy
7,0.20478171110153198,0.8668865292379809,1,1,2,2,3.02,1,1,34.0,113.25411224365234,0,0,0,0,0,14690.json,NotBuggy
3,0.6919724345207214,0.8740142553487161,0,0,0,1,1.89,0,2,19.0,130.85745239257812,0,1,0,0,0,12916.json,NotBuggy
3,0.9281047582626343,0.8546147607459406,0,0,0,1,1.89,0,0,15.0,131.9385528564453,0,1,0,0,0,2155.json,NotBuggy
3,0.9716200232505798,0.8756022680261701,0,0,0,1,1.89,0,0,17.0,131.43582153320312,0,1,0,0,0,13314.json,NotBuggy
3,0.7974515557289124,0.7592558002909225,0,0,0,1,1.89,0,1,21.0,130.18890380859375,0,1,0,0,0,13531.json,NotBuggy
4,0.10332877188920975,0.7399916922672569,0,0,0,1,3.32,0,2,22.0,124.91740417480469,0,1,0,0,0,8236.json,NotBuggy
5,0.9213482141494751,0.6658198574267309,2,2,4,2,2.99,1,2,32.0,118.92383575439453,0,1,0,0,0,14636.json,NotBuggy
14,0.22890566289424896,0.7203429356182702,1,4,5,6,2.7,2,0,49.0,98.78144836425781,0,1,0,0,0,14307.json,NotBuggy
4,0.33547478914260864,0.7740400041707703,0,0,0,1,1.0,0,2,23.0,125.05540466308594,0,1,0,0,0,9112.json,NotBuggy
3,0.9887048006057739,0.9330520198749538,0,0,0,1,2.0,0,1,15.0,132.25152587890625,1,1,0,0,0,8691.json,NotBuggy
3,0.8071518540382385,0.9691276674264034,0,0,0,1,1.89,0,0,11.0,134.26058959960938,0,0,0,0,0,1922.json,NotBuggy
48,0.0,5.084149425973013E-9,8,15,23,16,2.07,1,14,244.0,67.04924011230469,1,1,0,0,0,11567.json,NotBuggy
9,8.480018586851656E-4,3.982156210427702E-4,1,1,2,2,2.67,1,5,82.0,103.66094207763672,0,3,1,0,0,1691.json,NotBuggy
13,0.03460284695029259,0.001905080655682696,2,2,4,3,2.85,1,6,76.0,97.6555404663086,0,2,2,0,0,9260.json,NotBuggy
5,0.7046393156051636,0.4151104792146424,1,2,3,2,2.99,1,1,34.0,118.35591888427734,0,2,0,0,0,4297.json,Buggy
3,0.7658653855323792,0.7073920305180338,0,0,0,1,1.89,0,1,21.0,129.81976318359375,0,1,0,0,0,14629.json,NotBuggy
6,0.7249395251274109,0.9596790360354985,1,1,2,2,2.75,1,1,23.0,118.12267303466797,0,0,0,0,0,14692.json,NotBuggy
3,0.43127238750457764,0.7400474017562507,0,0,0,1,1.89,0,1,18.0,130.7338104248047,0,0,0,0,0,10556.json,NotBuggy
3,0.9494650363922119,0.9605504486660705,0,0,0,1,1.89,0,0,12.0,133.59722900390625,0,0,0,0,0,2774.json,NotBuggy
26,0.0010145704727619886,2.3121771147035413E-4,1,1,2,2,2.98,1,20,134.0,83.2911148071289,1,4,3,0,0,9931.json,NotBuggy
3,0.7880971431732178,0.9457534101080899,0,0,0,1,1.89,0,0,15.0,131.9385528564453,0,0,0,0,0,12448.json,NotBuggy
7,0.026072533801198006,0.03190417576861822,0,0,0,1,1.81,0,3,53.0,110.75238037109375,0,0,1,0,0,5554.json,NotBuggy
6,0.47113317251205444,0.5848240779138418,0,0,0,1,4.99,0,5,35.0,115.48157501220703,0,1,1,0,0,10918.json,NotBuggy
3,0.9975795149803162,0.9551346150536978,0,0,0,1,6.76,0,0,14.0,132.4454345703125,1,1,0,0,0,10276.json,NotBuggy
116,0.0,4.3668055967891457E-20,5,8,13,10,9.94,4,27,496.0,50.02524185180664,1,6,7,0,0,13057.json,NotBuggy
3,0.8104166984558105,0.7298261710365899,0,0,0,1,1.89,0,2,19.0,130.45266723632812,0,1,0,0,0,2265.json,NotBuggy
5,0.24561020731925964,0.15858356561431408,0,0,0,1,4.38,0,3,39.0,117.59877014160156,0,2,1,0,0,1420.json,NotBuggy
15,0.0,2.4402551592004372E-8,1,1,2,2,3.61,1,14,138.0,91.97203826904297,1,0,4,0,0,13018.json,NotBuggy
3,0.7167771458625793,0.9607273320014783,0,0,0,1,1.89,0,0,12.0,133.59722900390625,0,0,0,0,0,14557.json,NotBuggy
6,0.07346676290035248,0.1941088796941777,0,0,0,1,4.99,0,4,38.0,114.72035217285156,0,1,1,0,0,6282.json,NotBuggy
3,0.37548160552978516,0.7198186506234282,0,0,0,1,1.89,0,1,18.0,130.7338104248047,0,0,0,0,0,9967.json,NotBuggy
3,0.6615336537361145,0.789666060800022,0,0,0,1,1.89,0,1,17.0,131.1535186767578,0,0,0,0,0,12898.json,NotBuggy
2,0.9019225239753723,0.9075762543117668,0,0,0,1,0.0,0,0,11.0,140.82913208007812,0,1,0,0,0,2360.json,NotBuggy
3,0.7216573357582092,0.8921391346398908,0,0,0,1,1.89,0,2,16.0,131.75106811523438,0,0,0,0,0,14539.json,NotBuggy
2,0.9671555757522583,0.9643120812317925,0,0,0,1,1.89,0,0,14.0,139.1788330078125,1,2,0,0,0,2886.json,NotBuggy
7,0.0029052942991256714,0.0077792508900193435,0,0,0,1,1.81,0,9,65.0,109.62097930908203,0,0,1,0,0,11988.json,NotBuggy
12,0.09342671185731888,8.061420166647312E-4,3,2,5,3,2.31,1,9,79.0,98.75091552734375,0,1,3,0,0,7977.json,NotBuggy
2,0.9963383674621582,0.9528628857877433,0,0,0,1,1.89,0,0,11.0,140.82913208007812,1,1,0,0,0,10440.json,NotBuggy
11,0.5700182318687439,0.8755337586541849,2,2,4,3,3.95,2,1,43.0,104.21060180664062,0,2,0,0,0,1552.json,NotBuggy
4,0.13288471102714539,0.2929391937178458,0,0,0,1,3.32,0,6,34.0,122.36370849609375,0,1,0,0,0,2138.json,NotBuggy
59,0.07494021952152252,5.605177214155784E-12,11,19,30,13,3.64,3,8,296.0,63.31319808959961,0,2,12,0,0,5579.json,NotBuggy
3,0.9212486147880554,0.9266471320019376,0,0,0,1,1.89,0,0,14.0,132.4454345703125,0,1,0,0,0,8968.json,NotBuggy
11,3.8385059451684356E-4,0.07530854477568634,0,0,0,1,3.13,0,2,58.0,102.44071197509766,0,1,1,0,0,13173.json,NotBuggy
3,0.7345415353775024,0.7846658224249725,0,0,0,1,1.89,0,0,17.0,131.28770446777344,0,0,0,0,0,809.json,NotBuggy
10,0.060099903494119644,0.013813274524640484,4,2,6,3,3.6,2,9,71.0,102.85735321044922,0,0,2,0,0,2576.json,NotBuggy
2,0.9979442358016968,0.9684389117323822,0,0,0,1,1.89,0,0,9.0,142.4026641845703,1,0,0,0,0,6011.json,NotBuggy
9,0.5574620366096497,0.9143118015969324,1,1,2,2,5.93,1,2,32.0,109.40169525146484,1,0,0,0,0,10512.json,NotBuggy
3,0.8131716251373291,0.9053590983455794,0,0,0,1,1.89,0,0,13.0,132.9956512451172,0,0,0,0,0,14397.json,NotBuggy
5,0.6321537494659424,0.6366369065528141,0,0,0,1,2.99,0,3,28.0,119.75839233398438,0,1,1,0,0,2565.json,NotBuggy
3,0.5763952136039734,0.9525856491590972,0,0,0,1,1.89,0,0,12.0,133.59722900390625,0,0,0,0,0,5190.json,NotBuggy
13,0.15130804479122162,2.4018111594660451E-4,0,1,1,2,1.83,1,6,96.0,96.42701721191406,1,1,5,0,0,1621.json,Buggy
4,0.4514155983924866,0.8974876063170021,0,0,0,1,4.9,0,2,17.0,126.62725830078125,0,0,0,0,0,14600.json,NotBuggy
10,0.004525661002844572,0.004808137205713639,3,2,5,3,8.43,2,9,71.0,102.67742156982422,0,1,0,0,0,1722.json,NotBuggy
15,0.007079588249325752,2.3395021537354834E-4,6,4,10,4,5.27,3,12,100.0,93.76087951660156,0,1,3,0,0,2714.json,NotBuggy
6,0.8680424094200134,0.6939723600790533,2,1,3,2,3.27,1,3,32.0,115.79641723632812,0,1,1,0,0,2693.json,NotBuggy
3,0.963309645652771,0.9188259356853925,0,0,0,1,1.89,0,0,14.0,132.4454345703125,0,0,0,0,0,2008.json,NotBuggy
8,0.13255172967910767,0.04514084176876709,1,1,2,2,2.4,1,4,52.0,107.98535919189453,0,1,1,0,0,12552.json,NotBuggy
3,0.4958646595478058,0.8606091647929895,0,0,0,1,1.89,0,1,17.0,131.28770446777344,0,1,0,0,0,12630.json,NotBuggy
4,0.710699737071991,0.6294716417695266,0,0,0,1,2.0,0,3,29.0,123.37702178955078,0,1,1,0,0,7128.json,NotBuggy
3,0.402639240026474,0.7501860989663824,0,0,0,1,1.89,0,3,20.0,130.30841064453125,0,0,0,0,0,2484.json,NotBuggy
6,0.9545817375183105,0.7182089411915696,1,1,2,2,2.75,1,2,33.0,115.63639831542969,0,1,2,0,0,14663.json,NotBuggy
5,0.6854161620140076,0.795181345784509,0,0,0,1,3.92,0,2,21.0,121.6568603515625,0,1,0,0,0,8767.json,Buggy
17,0.07892688363790512,0.019417091723596475,1,1,2,2,2.78,1,5,89.0,92.64330291748047,1,1,6,0,0,9525.json,NotBuggy
61,0.0,5.210703726522992E-27,16,19,35,13,6.21,11,31,420.0,60.27766799926758,1,1,4,0,0,7272.json,NotBuggy
3,0.6741568446159363,0.7781868556608618,0,0,0,1,1.89,0,2,19.0,130.70933532714844,0,1,0,0,0,12628.json,NotBuggy
5,0.2397627830505371,0.2832267750823952,0,0,0,1,4.38,0,2,36.0,118.21444702148438,0,1,1,0,0,14350.json,NotBuggy
5,0.09081029146909714,0.1429998460838619,0,0,0,1,1.96,0,3,41.0,117.61241912841797,0,0,1,0,0,11955.json,NotBuggy
3,0.002399366581812501,0.6505240728053692,0,0,0,1,1.89,0,0,24.0,129.12539672851562,0,0,0,0,0,10537.json,NotBuggy
4,0.13288471102714539,0.28477810647030355,0,0,0,1,3.32,0,6,34.0,122.36370849609375,0,1,0,0,0,2770.json,NotBuggy
8,0.6164594888687134,0.5183616717772785,1,1,2,2,2.83,1,2,41.0,109.62400817871094,0,1,1,0,0,2821.json,NotBuggy
7,0.24489986896514893,0.8562415920200765,1,1,2,2,3.02,1,1,34.0,113.25411224365234,0,0,0,0,0,14689.json,NotBuggy
3,0.5530586242675781,0.8877085786656186,0,0,0,1,1.89,0,1,17.0,131.43582153320312,0,1,0,0,0,14543.json,NotBuggy
3,0.8708900809288025,0.8186681278724898,0,0,0,1,1.89,0,0,16.0,131.60296630859375,0,1,0,0,0,13397.json,NotBuggy
3,0.21338437497615814,0.6746685320269362,0,0,0,1,3.77,0,0,23.0,129.4591827392578,0,2,0,0,0,2965.json,NotBuggy
3,0.7308498620986938,0.6606296760030733,0,0,0,1,1.89,0,2,22.0,129.94700622558594,0,1,0,0,0,2497.json,NotBuggy
38,5.354781169444323E-4,1.705720189566856E-20,7,7,14,8,3.8,3,26,335.0,70.56961822509766,0,0,8,0,0,14526.json,NotBuggy
8,0.1837446093559265,0.9706186429034661,0,0,0,1,6.63,0,1,30.0,111.62271118164062,0,0,1,0,0,3158.json,NotBuggy
6,0.9831894636154175,0.6682448865840204,1,1,2,2,8.54,0,0,28.0,116.57478332519531,0,1,0,0,0,12608.json,NotBuggy
7,0.5882651209831238,0.3475763838249216,1,1,2,2,5.11,1,1,39.0,112.1916275024414,1,1,0,0,0,13182.json,NotBuggy
3,0.9269421696662903,0.905433768893138,0,0,0,1,1.89,0,0,15.0,132.086669921875,0,1,0,0,0,14444.json,NotBuggy
3,0.8768808841705322,0.8881956995526221,0,0,0,1,1.89,0,0,13.0,132.9956512451172,0,0,0,0,0,1899.json,NotBuggy
4,0.09074477106332779,0.6200708509023015,0,0,0,1,2.0,0,4,26.0,124.2836685180664,0,0,0,0,0,14412.json,NotBuggy
6,0.5437200665473938,0.21779363799800028,1,1,2,2,2.75,1,1,40.0,114.34648895263672,0,1,0,0,0,13373.json,NotBuggy
3,0.5808870196342468,0.8810013282499379,0,0,0,1,1.89,0,1,17.0,131.28770446777344,0,1,0,0,0,14456.json,NotBuggy
3,0.9713621735572815,0.9454944487241949,0,0,0,1,2.0,0,0,17.0,131.03103637695312,1,2,0,0,0,3096.json,NotBuggy
7,0.5539724826812744,0.7074231902831413,2,1,3,2,3.33,1,3,32.0,113.22032165527344,0,2,0,0,0,9864.json,NotBuggy
19,0.008180899545550346,4.845077002680679E-8,10,3,13,4,5.45,3,17,157.0,87.20069122314453,1,2,4,0,0,9165.json,NotBuggy
11,4.370115348137915E-4,3.566771793273466E-5,5,4,9,3,3.95,2,12,109.0,98.84984588623047,0,1,0,0,0,1902.json,NotBuggy
14,0.20500774681568146,0.6952277162055265,1,4,5,6,2.7,2,0,49.0,98.78144836425781,0,1,0,0,0,4.json,NotBuggy
7,0.3112923800945282,0.4462779989527814,1,1,2,2,2.56,1,4,39.0,112.1916275024414,0,0,1,0,0,2781.json,NotBuggy
3,0.7266117930412292,0.8692300811984246,0,0,0,1,1.89,0,1,15.0,132.086669921875,0,0,0,0,0,14446.json,NotBuggy
3,0.876481294631958,0.941424364284281,0,0,0,1,1.89,0,0,14.0,132.4454345703125,0,1,0,0,0,12666.json,NotBuggy
16,0.0038873811718076468,5.257058957133841E-6,5,5,10,4,2.27,1,18,121.0,91.3997573852539,1,1,3,0,0,5663.json,NotBuggy
3,0.9713621735572815,0.9454944487241949,0,0,0,1,2.0,0,0,17.0,131.03103637695312,1,2,0,0,0,2925.json,NotBuggy
1,0.9810458421707153,0.8832469117571481,0,0,0,1,0.0,0,0,11.0,152.05810546875,0,1,0,0,0,12387.json,NotBuggy
8,0.2777978479862213,0.06943503516005864,4,3,7,2,4.22,1,5,53.0,108.04276275634766,1,2,0,0,0,13383.json,NotBuggy
21,0.014392777346074581,6.513868016265794E-8,3,2,5,3,5.74,2,11,145.0,85.985595703125,0,1,8,0,0,1951.json,NotBuggy
7,0.01846548728644848,6.446191207850176E-5,3,5,8,6,1.81,0,4,82.0,106.6384506225586,1,2,1,0,0,7961.json,NotBuggy
5,0.09883440285921097,0.13469267047641784,0,0,0,1,1.96,0,3,41.0,117.61241912841797,0,0,1,0,0,11900.json,NotBuggy
3,0.9968020915985107,0.9298926071450241,0,0,0,1,2.0,0,0,12.0,133.59722900390625,1,0,0,0,0,14052.json,NotBuggy
2,0.99458909034729,0.9710373706700745,0,0,0,1,2.0,0,0,11.0,140.82913208007812,1,1,0,0,0,9690.json,NotBuggy
3,0.9055673480033875,0.9579748912401965,0,0,0,1,1.89,0,1,13.0,133.18099975585938,0,0,0,0,0,9412.json,NotBuggy
10,0.07279869168996811,0.05576411167436821,3,2,5,3,2.53,1,12,68.0,103.37142181396484,0,0,1,0,0,1884.json,NotBuggy
3,0.21338437497615814,0.6746685320269362,0,0,0,1,3.77,0,0,23.0,129.4591827392578,0,2,0,0,0,3066.json,NotBuggy
8,0.1809990406036377,0.3756880195772881,4,3,7,2,4.1,1,7,50.0,108.89927673339844,1,1,0,0,0,9988.json,NotBuggy
3,0.9547502398490906,0.9726626151248889,0,0,0,1,1.89,0,0,14.0,132.4454345703125,0,0,0,0,0,5785.json,NotBuggy
15,0.02848765440285206,4.871746477754197E-6,2,1,3,2,3.41,1,5,140.0,92.43018341064453,1,1,2,0,0,2471.json,NotBuggy
7,0.8175433278083801,0.022174796749010628,2,2,4,3,0.9,0,1,51.0,110.12152099609375,0,2,2,0,0,11947.json,NotBuggy
6,0.4080871641635895,0.8833707523914055,1,1,2,2,2.75,1,0,25.0,117.56661224365234,0,0,0,0,0,14110.json,NotBuggy
13,0.030801771208643913,0.4954816560413647,2,2,4,3,6.4,2,5,86.0,96.86697387695312,1,1,4,0,0,6592.json,Buggy
3,0.32360151410102844,0.6024628217448417,0,0,0,1,1.89,0,1,24.0,129.12539672851562,0,2,0,0,0,13824.json,NotBuggy
5,0.650669515132904,0.5409805995942784,0,0,0,1,1.96,0,3,30.0,119.31562042236328,0,1,1,0,0,9421.json,NotBuggy
9,0.14201946556568146,0.803823428588112,0,0,0,1,8.73,0,1,38.0,108.34104919433594,0,1,1,0,0,12902.json,NotBuggy
17,0.10740198940038681,4.844994333163526E-4,3,3,6,4,5.22,3,9,107.0,91.26250457763672,0,0,6,0,0,14551.json,NotBuggy
3,0.5192499160766602,0.8533190599446105,0,0,0,1,1.89,0,0,14.0,132.4454345703125,0,0,0,0,0,8848.json,NotBuggy
12,0.045181963592767715,5.19781223989808E-4,1,1,2,3,3.32,2,10,89.0,98.17073822021484,0,0,3,0,0,10126.json,NotBuggy
5,0.09975096583366394,0.13614991018036798,0,0,0,1,1.96,0,3,41.0,117.61241912841797,0,0,1,0,0,11849.json,NotBuggy
6,0.9518375992774963,0.6330857746606905,0,0,0,1,3.46,0,3,32.0,115.94755554199219,1,1,1,0,0,2453.json,NotBuggy
12,0.14352381229400635,0.092574481567298,3,2,5,3,4.04,1,10,63.0,100.46240234375,0,0,2,0,0,2377.json,NotBuggy
12,0.1798798143863678,0.05201853661277394,2,2,4,3,5.25,1,2,64.0,100.26355743408203,1,2,0,0,0,13706.json,NotBuggy
3,0.20513486862182617,0.8221109307365926,0,0,0,1,1.89,0,1,17.0,131.43582153320312,0,0,0,0,0,13922.json,NotBuggy
3,0.9184675812721252,0.8688866434508262,0,0,0,1,1.89,0,0,16.0,131.60296630859375,0,1,0,0,0,13519.json,NotBuggy
3,0.9127886295318604,0.9471781544084424,0,0,0,1,1.89,0,0,13.0,132.9956512451172,0,0,0,0,0,9922.json,NotBuggy
7,0.4935331344604492,0.9545630251860224,0,0,0,1,1.61,0,5,46.0,111.5632095336914,1,0,1,0,0,14682.json,NotBuggy
6,0.2912343442440033,0.3973109584540354,1,1,2,2,2.75,1,4,32.0,115.97023010253906,0,0,0,0,0,9807.json,Buggy
7,0.1205974891781807,0.11406364255734694,2,1,3,2,2.56,1,6,48.0,110.90117645263672,0,1,1,0,0,2615.json,NotBuggy
1,0.9239808320999146,0.8680121697963455,0,0,0,1,0.0,0,0,12.0,151.39474487304688,0,0,0,0,0,14369.json,NotBuggy
5,0.0916600152850151,0.1475858707377944,0,0,0,1,1.96,0,3,41.0,117.61241912841797,0,0,1,0,0,12199.json,NotBuggy
14,0.7157691717147827,0.8750132249613382,2,1,3,2,3.63,1,1,52.0,99.32233428955078,0,1,1,0,0,5790.json,NotBuggy
11,0.08190714567899704,0.018057624152652448,2,1,3,2,5.47,1,11,71.0,101.42046356201172,0,1,2,0,0,2564.json,NotBuggy
3,0.9060472846031189,0.883620993756681,0,0,0,1,1.89,0,0,15.0,131.9385528564453,0,1,0,0,0,12753.json,NotBuggy
3,0.5516599416732788,0.7168124502935416,0,0,0,1,1.89,0,4,21.0,130.05470275878906,0,0,0,0,0,2446.json,NotBuggy
3,0.44889771938323975,0.6672107152367339,0,0,0,1,1.89,0,2,23.0,129.34671020507812,0,1,0,0,0,2410.json,NotBuggy
4,0.974742591381073,0.8912473073296056,0,0,0,1,2.0,0,1,17.0,126.62725830078125,1,0,0,0,0,2312.json,NotBuggy
4,0.7854587435722351,0.7734990007624186,0,0,0,1,2.0,0,0,21.0,125.27178192138672,0,1,0,0,0,2302.json,NotBuggy
4,0.5588874220848083,0.7311165777349007,1,1,2,2,2.0,0,2,24.0,124.46989440917969,0,1,0,0,0,9208.json,NotBuggy
6,0.6883668899536133,0.8007597536111598,1,1,2,2,2.75,1,0,27.0,116.9500732421875,0,1,0,0,0,10030.json,NotBuggy
4,0.5657526850700378,0.7095640824558934,0,0,0,1,2.0,0,5,24.0,124.57742309570312,0,0,0,0,0,2785.json,NotBuggy
7,0.21531452238559723,0.18280781359712647,3,4,7,2,3.33,1,2,45.0,111.17379760742188,0,1,0,0,0,2297.json,NotBuggy
4,0.9159834384918213,0.8821574410121797,1,1,2,2,3.32,0,1,20.0,125.8651351928711,0,0,0,0,0,9490.json,NotBuggy
3,0.9713621735572815,0.9454944487241949,0,0,0,1,2.0,0,0,17.0,131.03103637695312,1,2,0,0,0,2930.json,NotBuggy
3,0.9935853481292725,0.9298075691860048,0,0,0,1,2.0,0,0,14.0,132.4454345703125,1,1,0,0,0,1989.json,NotBuggy
34,0.0,5.795715693185412E-9,6,10,16,7,10.01,4,36,199.0,75.91158294677734,0,1,2,0,0,2716.json,NotBuggy
2,0.05353337153792381,0.916987111571248,0,0,0,1,0.0,0,0,9.0,142.4026641845703,0,0,0,0,0,6521.json,NotBuggy
3,0.9547502398490906,0.9726626151248889,0,0,0,1,1.89,0,0,14.0,132.4454345703125,0,0,0,0,0,5765.json,NotBuggy
8,0.8450230956077576,0.6569652651531068,1,1,2,2,2.27,1,5,39.0,109.95417022705078,1,1,1,0,0,8839.json,NotBuggy
3,0.08641605824232101,0.6557548164889866,0,0,0,1,1.89,0,2,22.0,129.57785034179688,0,1,0,0,0,8935.json,NotBuggy
17,0.016128355637192726,1.5327155159906276E-5,0,0,0,1,4.8,1,11,120.0,91.21511840820312,0,0,2,0,0,12649.json,NotBuggy
3,0.9199497103691101,0.9647222038807415,0,0,0,1,1.89,0,0,15.0,132.086669921875,0,1,0,0,0,3019.json,NotBuggy
5,0.08996764570474625,0.15542472301894208,0,0,0,1,1.96,0,3,41.0,117.61241912841797,0,0,1,0,0,11871.json,NotBuggy
5,0.2420806884765625,0.6649592971200294,0,0,0,1,1.96,0,3,30.0,119.58580780029297,0,1,1,0,0,3147.json,NotBuggy
16,0.3608863055706024,0.14761954514990733,1,1,2,2,8.34,1,5,76.0,94.52178192138672,1,0,4,0,0,1793.json,NotBuggy
11,0.04862012341618538,0.15080323102908116,2,2,4,3,2.75,1,9,62.0,102.22888946533203,1,1,0,0,0,12806.json,NotBuggy
3,0.9191177487373352,0.9694447724510393,0,0,0,1,1.89,0,0,12.0,133.59722900390625,0,0,0,0,0,2725.json,NotBuggy
3,0.4675883650779724,0.9333418480073364,0,0,0,1,1.89,0,0,14.0,132.4454345703125,0,0,0,0,0,4073.json,NotBuggy
3,0.7926251292228699,0.8338990691789651,0,0,0,1,1.89,0,2,17.0,131.28770446777344,0,0,0,0,0,2077.json,NotBuggy
3,0.7921450734138489,0.7751748219582791,0,0,0,1,1.89,0,2,18.0,130.99049377441406,0,1,0,0,0,6285.json,NotBuggy
10,0.124653659760952,0.02532385174778909,1,1,2,2,3.06,1,9,64.0,103.24285125732422,1,1,1,0,0,6153.json,Buggy
3,0.6758957505226135,0.7923244865193311,0,0,0,1,1.89,0,1,20.0,130.18594360351562,0,1,0,0,0,14538.json,NotBuggy
18,0.10696645081043243,9.019957098480984E-5,3,2,5,4,5.86,3,6,111.0,89.94023132324219,1,1,4,0,0,9149.json,NotBuggy
14,0.09546731412410736,3.808918577329563E-4,0,0,0,1,3.92,1,9,92.0,95.74209594726562,0,0,3,0,0,11173.json,NotBuggy
5,0.07823353260755539,0.40749197978663565,0,0,0,1,7.76,0,6,34.0,118.748779296875,0,1,0,0,0,2755.json,NotBuggy
30,3.303252160549164E-4,7.65025801669945E-15,4,5,9,7,4.6,3,24,250.0,76.30170440673828,1,4,5,0,0,8359.json,NotBuggy
17,0.0,3.6673040969510115E-11,1,1,2,2,2.04,1,17,173.0,88.58805847167969,1,0,4,0,0,7207.json,NotBuggy
3,0.6110817790031433,0.930290600549108,0,0,0,1,1.89,0,1,15.0,132.25152587890625,0,0,0,0,0,1856.json,NotBuggy
3,0.235249325633049,0.7789895808677181,0,0,0,1,1.89,0,1,18.0,130.7338104248047,0,0,0,0,0,4629.json,NotBuggy
9,0.10010846704244614,0.026703725166929995,2,3,5,4,1.21,0,3,64.0,104.81095886230469,1,0,1,0,0,11658.json,Buggy
8,0.044045958667993546,0.019319565612514102,0,0,0,1,1.66,0,6,62.0,107.57413482666016,1,0,0,0,0,10008.json,NotBuggy
9,0.03591921553015709,0.024416764915425184,1,1,2,2,2.67,1,7,60.0,105.38304138183594,0,1,2,0,0,2559.json,NotBuggy
13,0.048104383051395416,4.009226168351073E-4,4,4,8,5,2.65,4,8,100.0,96.3031234741211,0,1,1,0,0,12681.json,NotBuggy
18,0.0,2.698714861529497E-8,0,0,0,1,8.84,0,21,159.0,89.12842559814453,0,1,1,0,0,2949.json,NotBuggy
7,0.8174393773078918,0.022947828362689753,2,2,4,3,0.9,0,1,51.0,110.12152099609375,0,2,2,0,0,12149.json,NotBuggy
4,0.5941857695579529,0.5974239090287862,0,0,0,1,2.0,0,0,25.0,123.87862396240234,0,1,0,0,0,9426.json,NotBuggy
8,0.12853726744651794,0.212489453174273,1,1,2,2,4.44,1,7,48.0,108.80433654785156,0,1,0,0,0,1802.json,NotBuggy
6,0.2234274446964264,0.4783828477742907,2,1,3,2,3.27,1,8,37.0,115.31165313720703,0,0,0,0,0,2702.json,NotBuggy
11,0.002880678279325366,6.214984343343421E-6,1,1,2,2,0.77,0,8,108.0,98.72628021240234,0,4,2,0,0,10763.json,NotBuggy
26,0.0,4.8847561839431583E-14,1,1,2,9,5.36,4,33,236.0,78.54432678222656,0,1,11,0,0,12499.json,NotBuggy
23,0.0,1.302477774942122E-9,1,1,2,2,4.25,1,41,189.0,83.86717987060547,0,1,2,0,0,14622.json,NotBuggy
14,5.710375844500959E-4,3.6999014142890654E-9,1,1,2,2,5.28,0,11,157.0,92.6686019897461,1,4,2,0,0,10079.json,Buggy
15,0.36033010482788086,0.007793545110514663,7,4,11,5,5.96,4,10,95.0,93.797607421875,0,2,3,0,0,14482.json,NotBuggy
3,0.9962080717086792,0.9178881935740125,0,0,0,1,2.0,0,0,12.0,133.59722900390625,1,0,0,0,0,14041.json,NotBuggy
9,0.13944654166698456,5.983658380055039E-4,0,0,0,1,1.66,0,6,73.0,104.17102813720703,0,0,5,0,0,1953.json,NotBuggy
14,0.07206248492002487,0.018197478543817192,4,2,6,3,7.41,2,10,76.0,96.71623229980469,0,0,3,0,0,2574.json,NotBuggy
24,0.5943850874900818,0.18892767779356484,1,2,3,6,4.24,3,3,98.0,85.6359634399414,0,1,2,0,0,14555.json,NotBuggy
13,0.02645796351134777,0.013401600336260337,2,2,4,3,3.72,1,9,77.0,97.8987045288086,0,1,1,0,0,10887.json,NotBuggy
3,0.5697791576385498,0.9303559688769434,0,0,0,1,1.89,0,0,12.0,133.59722900390625,0,0,0,0,0,2532.json,NotBuggy
6,0.5171470642089844,0.7259329992592816,1,1,2,2,2.75,1,4,30.0,116.4021987915039,0,0,0,0,0,2103.json,NotBuggy
6,0.5850535035133362,0.8349241124577416,2,2,4,2,2.75,1,2,28.0,116.7609634399414,0,1,0,0,0,5981.json,NotBuggy
6,0.002504711737856269,0.10770249450623268,0,0,0,1,4.0,0,4,48.0,113.69478607177734,0,4,1,0,0,1887.json,NotBuggy
4,0.811244010925293,0.8771220658797119,0,0,0,1,2.0,0,2,20.0,125.64796447753906,0,0,0,0,0,14673.json,NotBuggy
5,0.06689654290676117,0.661714150516865,0,0,0,1,3.58,0,0,28.0,119.84819793701172,0,3,0,0,0,9740.json,NotBuggy
3,0.4208180606365204,0.9727342092364588,0,0,0,1,3.77,0,0,11.0,134.26058959960938,0,0,0,0,0,3131.json,NotBuggy
3,0.9105402827262878,0.9579242538537098,0,0,0,1,1.89,0,0,12.0,133.59722900390625,0,0,0,0,0,2529.json,NotBuggy
4,0.42413753271102905,0.5086968969699465,0,0,0,1,2.0,0,2,28.0,123.28931427001953,0,1,0,0,0,5178.json,NotBuggy
35,1.4313554856926203E-4,7.371510545257522E-13,1,11,12,13,2.92,2,9,245.0,72.75599670410156,0,0,2,0,0,14506.json,NotBuggy
3,0.6358444094657898,0.9122961649465728,0,0,0,1,1.89,0,0,14.0,132.61029052734375,0,0,0,0,0,852.json,NotBuggy
6,0.003654100000858307,0.19778234139233916,0,0,0,1,1.89,0,2,43.0,114.33689880371094,0,0,1,0,0,8798.json,NotBuggy
3,0.9713621735572815,0.9454944487241949,0,0,0,1,2.0,0,0,17.0,131.03103637695312,1,2,0,0,0,2935.json,NotBuggy
3,0.7035925388336182,0.8912357596946817,0,0,0,1,1.89,0,0,15.0,132.25152587890625,0,0,0,0,0,9606.json,NotBuggy
5,0.09612954407930374,0.1370653393458242,0,0,0,1,1.96,0,3,41.0,117.61241912841797,0,0,1,0,0,12130.json,NotBuggy
3,0.6817601919174194,0.7696949854500458,0,0,0,1,1.89,0,0,17.0,131.28770446777344,0,0,0,0,0,793.json,NotBuggy
3,0.8390551209449768,0.9419945472894379,0,0,0,1,1.89,0,0,14.0,132.4454345703125,0,0,0,0,0,11521.json,NotBuggy
87,0.0,8.238527941986907E-29,17,30,47,26,5.89,8,51,483.0,50.623619079589844,0,3,13,0,0,5484.json,Buggy
3,0.4233672320842743,0.499364226849489,0,0,0,1,1.89,0,4,26.0,128.60531616210938,0,1,0,0,0,2252.json,NotBuggy
4,0.5398309826850891,0.7166970423242558,0,0,0,1,2.0,0,5,24.0,124.57742309570312,0,0,0,0,0,2537.json,NotBuggy
3,0.9713621735572815,0.9454944487241949,0,0,0,1,2.0,0,0,17.0,131.03103637695312,1,2,0,0,0,2867.json,NotBuggy
15,6.929651717655361E-4,2.976304610538977E-7,2,2,4,3,1.82,1,13,128.0,92.44715881347656,0,1,4,0,0,12221.json,Buggy
55,0.0,0.0026171190459171613,12,12,24,11,6.38,3,31,183.0,67.051513671875,1,5,8,0,0,5432.json,NotBuggy
5,0.0877876728773117,0.14599544359290753,0,0,0,1,1.96,0,3,41.0,117.61241912841797,0,0,1,0,0,12163.json,NotBuggy
28,0.0,9.818554661052238E-9,0,0,0,1,3.36,0,25,178.0,80.76718139648438,1,0,0,0,0,10152.json,NotBuggy
5,0.07365577667951584,0.14416618286453692,0,0,0,1,1.96,0,5,41.0,117.46806335449219,0,1,1,0,0,12816.json,NotBuggy
3,0.737798273563385,0.9259826589418584,0,0,0,1,1.89,0,0,14.0,132.61029052734375,0,0,0,0,0,14004.json,NotBuggy
9,0.582030177116394,0.06601067126246395,0,0,0,1,1.66,0,8,59.0,105.80699920654297,0,0,2,0,0,14501.json,NotBuggy
8,0.00316966837272048,2.1715032414323685E-4,2,3,5,4,1.41,1,10,81.0,105.17283630371094,0,1,2,0,0,7792.json,Buggy
2,0.996273934841156,0.9305038497831123,0,0,0,1,1.89,0,0,12.0,140.16575622558594,1,1,0,0,0,2177.json,NotBuggy
8,0.6691639423370361,0.7328365090064595,2,2,4,3,2.83,2,2,38.0,109.93348693847656,0,1,0,0,0,14654.json,NotBuggy
2,0.9353341460227966,0.9701932204660919,0,0,0,1,0.0,0,0,9.0,142.4026641845703,0,0,0,0,0,8939.json,NotBuggy
8,0.025333723053336143,0.5918208150681105,0,0,0,1,3.32,0,5,40.0,109.98240661621094,1,0,2,0,0,655.json,NotBuggy
22,3.381611604709178E-4,0.9996186777986725,1,1,2,2,5.65,1,14,106.0,87.35824584960938,1,4,3,0,0,9581.json,NotBuggy
2,0.995150625705719,0.9313661787575054,0,0,0,1,1.89,0,0,11.0,140.82913208007812,1,1,0,0,0,2027.json,NotBuggy
1,0.9814423322677612,0.9280295069461392,0,0,0,1,0.0,0,0,11.0,152.05810546875,0,1,0,0,0,2699.json,NotBuggy
15,0.03541466221213341,0.010361446669313115,1,4,5,5,2.61,4,0,85.0,94.6064682006836,0,3,1,0,0,13172.json,NotBuggy
11,0.02311103045940399,0.7973211138566484,0,0,0,1,4.82,0,2,42.0,104.3805160522461,1,2,1,0,0,13787.json,NotBuggy
11,0.020315762609243393,0.09980048373914688,2,3,5,4,1.86,1,5,61.0,101.87271881103516,1,1,0,0,0,10452.json,Buggy
10,0.06333793699741364,0.8761776285691054,2,2,4,3,4.1,2,1,37.0,106.70990753173828,0,0,0,0,0,8499.json,NotBuggy
3,0.37836703658103943,0.5591550320644271,0,0,0,1,1.89,0,1,24.0,129.12539672851562,0,2,0,0,0,13836.json,NotBuggy
11,0.13204047083854675,0.05891474934930275,2,1,3,2,5.47,1,11,66.0,101.98942565917969,0,0,2,0,0,2563.json,NotBuggy
21,0.0,9.02004752485557E-15,2,2,4,3,1.05,1,14,227.0,83.58641052246094,0,4,3,0,0,10658.json,NotBuggy
3,0.6825363039970398,0.838837500827688,0,0,0,1,1.89,0,1,18.0,130.85629272460938,0,1,0,0,0,2606.json,NotBuggy
13,0.1343011111021042,0.008438349561177559,1,1,2,4,5.24,2,9,78.0,97.37110900878906,1,1,1,0,0,9078.json,Buggy
3,0.4850735366344452,0.8429284470118581,0,0,0,1,1.89,0,0,14.0,132.4454345703125,0,0,0,0,0,10770.json,NotBuggy
4,0.8438602089881897,0.36655685113940273,0,0,0,1,1.96,0,2,31.0,122.68119049072266,1,1,1,0,0,6655.json,NotBuggy
4,0.8247467279434204,0.7220796198259014,1,1,2,2,1.0,0,1,24.0,124.23494720458984,0,0,0,0,0,6468.json,Buggy
39,0.0,7.692506090563057E-15,9,8,17,8,8.09,3,36,256.0,71.56501770019531,0,3,6,0,0,5568.json,NotBuggy
3,0.5263962745666504,0.9578009697947911,0,0,0,1,1.89,0,1,15.0,132.086669921875,0,0,0,0,0,7251.json,NotBuggy
5,0.05372634902596474,0.49295501506104744,0,0,0,1,5.43,0,5,35.0,118.5140380859375,0,1,0,0,0,12878.json,NotBuggy
4,0.23055481910705566,0.8577322034388725,0,0,0,1,2.0,0,2,20.0,125.78216552734375,0,0,0,0,0,2623.json,NotBuggy
7,0.4663953483104706,0.7067520065232915,1,1,2,2,2.56,1,6,33.0,113.31297302246094,0,0,0,0,0,2499.json,NotBuggy
5,0.5857210755348206,0.645641730801415,1,1,2,2,2.99,1,3,27.0,119.9036865234375,0,1,0,0,0,2097.json,NotBuggy
16,0.2650351822376251,0.0011943034905155141,3,2,5,3,1.16,1,7,93.0,93.16680908203125,1,1,4,0,0,6510.json,Buggy
5,0.6104943752288818,0.6500513491295546,0,0,0,1,1.96,0,4,29.0,119.86595916748047,0,0,0,0,0,9642.json,NotBuggy
7,0.6151678562164307,0.06872156558149663,2,2,4,3,0.8,0,4,57.0,109.7145767211914,1,1,1,0,0,7787.json,NotBuggy
25,0.01813255436718464,3.430335237023524E-8,7,9,16,10,3.9,0,6,172.0,81.24437713623047,0,0,7,0,0,5373.json,NotBuggy
2,0.9957143068313599,0.9133841982087696,0,0,0,1,1.89,0,0,11.0,140.82913208007812,1,1,0,0,0,11773.json,NotBuggy
20,0.3183526396751404,0.006231285182628329,6,6,12,6,3.41,2,7,98.0,88.7454833984375,0,1,4,0,0,2335.json,NotBuggy
3,0.8005301356315613,0.8634524612695537,0,0,0,1,1.89,0,1,15.0,132.25152587890625,0,1,0,0,0,14436.json,NotBuggy
5,0.24796248972415924,0.9127065661384561,0,0,0,2,2.99,1,2,26.0,120.20379638671875,0,0,1,0,0,6688.json,NotBuggy
3,0.05405520275235176,0.5554072281935615,0,0,0,1,1.89,0,0,22.0,129.57785034179688,0,0,0,0,0,13127.json,NotBuggy
