SLOCStandard,Readability,SimpleReadability,NVAR,NCOMP,Mcclure,McCabe,IndentSTD,MaximumBlockDepth,totalFanOut,Length,MaintainabilityIndex,SATD,Parameters,LocalVariables,ChangeAtMethodAge,CriticalEditDistances,file,Detection
13,0.01730286329984665,4.7076801675206256E-4,3,2,5,3,2.65,1,2,85.0,96.96248626708984,0,2,3,0,0,104.json,NotBuggy
8,0.6306480765342712,0.6434562617061137,2,2,4,3,2.83,2,0,37.0,110.3248291015625,0,1,0,0,0,2260.json,NotBuggy
24,0.002942540915682912,0.005277536117654607,2,5,7,4,6.22,2,11,112.0,85.51647186279297,0,2,1,0,0,2810.json,NotBuggy
3,0.8514681458473206,0.64415474419028,1,1,2,2,1.89,0,1,24.0,128.69515991210938,0,1,0,0,0,1843.json,NotBuggy
8,0.5764971375465393,0.5885246232596328,2,2,4,3,2.83,2,0,37.0,110.3248291015625,0,1,0,0,0,2249.json,NotBuggy
5,0.6638404130935669,0.34205429476580096,0,0,0,1,1.96,0,2,33.0,118.82000732421875,0,1,1,0,0,474.json,NotBuggy
3,0.42387014627456665,0.8720530778157872,0,0,0,1,1.89,0,0,17.0,131.28770446777344,0,1,0,0,0,922.json,NotBuggy
3,0.683078408241272,0.9214405532028513,0,0,0,1,1.89,0,0,16.0,131.60296630859375,0,0,0,0,0,274.json,NotBuggy
3,0.9378864765167236,0.9629142966524025,0,0,0,1,1.89,0,0,12.0,133.59722900390625,0,0,0,0,0,260.json,NotBuggy
3,0.9538164138793945,0.9727092383402971,0,0,0,1,1.89,0,0,12.0,133.59722900390625,0,0,0,0,0,2527.json,NotBuggy
6,0.3490368127822876,0.45074361882946223,1,1,2,2,2.75,1,3,35.0,115.41443634033203,0,2,0,0,0,794.json,NotBuggy
3,0.5948706865310669,0.8501886166606414,0,0,0,1,1.89,0,0,18.0,130.85629272460938,0,0,0,0,0,26.json,NotBuggy
3,0.8653441071510315,0.8918547289522233,0,0,0,1,1.89,0,0,16.0,131.46876525878906,0,1,0,0,0,326.json,NotBuggy
11,0.2667098343372345,0.667404165149508,2,2,4,3,2.67,2,3,47.0,103.39551544189453,0,0,0,0,0,2812.json,NotBuggy
8,0.6570855975151062,0.6477467274770512,2,2,4,3,2.83,2,0,37.0,110.3248291015625,0,1,0,0,0,2253.json,NotBuggy
4,0.9614552855491638,0.984469751624834,0,0,0,1,1.73,0,0,12.0,128.936767578125,0,0,0,0,0,2013.json,NotBuggy
6,0.033396217972040176,0.3116493637446837,4,2,6,2,2.75,1,3,41.0,114.5076675415039,0,2,0,0,0,1731.json,NotBuggy
3,0.7434009313583374,0.6544223785104868,0,0,0,1,1.89,0,1,20.0,130.18594360351562,0,0,0,0,0,2546.json,NotBuggy
3,0.8503571152687073,0.9606423120537684,0,0,0,1,1.89,0,0,12.0,133.59722900390625,0,0,0,0,0,2773.json,NotBuggy
4,0.004542055074125528,0.5845811974042567,0,0,0,1,3.32,0,1,29.0,123.37702178955078,0,3,0,0,0,2953.json,NotBuggy
14,1.2751967005897313E-4,1.6120510367852084E-5,2,2,4,3,2.72,1,7,113.0,94.39238739013672,0,2,2,0,0,2094.json,Buggy
18,0.0030278556514531374,3.9593997818419786E-4,3,4,7,5,2.92,2,3,114.0,89.89591979980469,0,3,2,0,0,2942.json,NotBuggy
6,0.041228003799915314,0.4310837899764593,0,0,0,1,5.03,0,4,36.0,115.2608413696289,0,3,0,0,0,1475.json,NotBuggy
14,0.0030855766963213682,2.35790448522009E-5,2,2,4,3,2.7,1,15,110.0,94.53230285644531,0,1,1,0,0,88.json,NotBuggy
4,0.16754047572612762,0.7178748391210011,0,0,0,1,2.0,0,1,24.0,124.361083984375,0,1,0,0,0,858.json,NotBuggy
6,0.08804377168416977,0.5594929437344903,1,1,2,2,2.75,1,1,36.0,115.18394470214844,0,3,0,0,0,1747.json,NotBuggy
3,0.5588051080703735,0.7887773783355871,0,0,0,1,1.89,0,1,18.0,130.85629272460938,0,0,0,0,0,1581.json,NotBuggy
3,0.8954967856407166,0.9654196569969496,0,0,0,1,1.89,0,0,12.0,133.59722900390625,0,0,0,0,0,194.json,NotBuggy
3,0.9165397882461548,0.9398689274081918,0,0,0,1,1.89,0,1,13.0,133.18099975585938,0,0,0,0,0,839.json,NotBuggy
3,0.9685025811195374,0.7664297808834585,0,0,0,1,1.89,0,0,20.0,130.18594360351562,0,1,0,0,0,1871.json,NotBuggy
3,0.8104073405265808,0.5902209190395236,0,0,0,1,1.89,0,1,20.0,130.18594360351562,0,0,0,0,0,469.json,NotBuggy
3,0.7721955180168152,0.9024796432968513,0,0,0,1,1.89,0,0,17.0,131.28770446777344,0,1,0,0,0,188.json,NotBuggy
4,0.01664019376039505,0.3557608841588639,0,0,0,1,2.0,0,1,35.0,122.30278015136719,0,2,0,0,0,632.json,NotBuggy
7,0.4848060607910156,0.10191671110905884,3,3,6,4,2.56,1,0,51.0,110.06295013427734,0,2,0,0,0,821.json,NotBuggy
8,0.015782231464982033,0.022238534112757846,0,0,0,2,3.12,1,2,58.0,107.46741485595703,0,3,0,0,0,1528.json,NotBuggy
7,0.00834344420582056,0.040818250840234514,2,1,3,2,2.8,1,2,50.0,110.3525161743164,0,4,0,0,0,1404.json,NotBuggy
3,0.9273913502693176,0.9599752634092068,0,0,0,1,1.89,0,0,12.0,133.59722900390625,0,0,0,0,0,366.json,NotBuggy
1,0.9491963386535645,0.5091464389420051,0,0,0,1,0.0,0,0,22.0,147.3753662109375,0,1,0,0,0,154.json,NotBuggy
3,0.06169414520263672,0.4683664291207095,0,0,0,1,1.89,0,1,26.0,128.60531616210938,0,2,0,0,0,129.json,NotBuggy
50,0.0,4.059927935409001E-25,7,7,14,8,1.93,1,28,420.0,65.09860229492188,0,5,11,0,0,2739.json,Buggy
3,0.3576064705848694,0.5210582838984533,0,0,0,1,1.89,0,2,24.0,129.12539672851562,0,2,0,0,0,908.json,NotBuggy
3,0.4654594361782074,0.9460618506148296,0,0,0,1,1.89,0,2,19.0,130.85745239257812,0,0,0,0,0,799.json,NotBuggy
19,1.4197810378391296E-4,6.068386522653877E-8,7,6,13,6,4.5,3,6,148.0,87.10839080810547,0,2,3,0,0,152.json,NotBuggy
3,0.027989918366074562,0.5289058544703992,0,0,0,1,1.89,0,0,26.0,128.70916748046875,0,2,0,0,0,452.json,NotBuggy
19,3.9107532938942313E-4,6.015247142812538E-5,1,5,6,6,2.34,1,7,113.0,88.67993927001953,0,1,0,0,0,84.json,NotBuggy
4,0.05305054783821106,0.6283273531046829,0,0,0,1,2.0,0,1,26.0,123.8484878540039,0,1,0,0,0,855.json,NotBuggy
13,0.14358845353126526,0.08997908401634867,2,2,4,3,2.79,1,5,66.0,98.650390625,0,1,2,0,0,544.json,NotBuggy
3,0.5771599411964417,0.85245771680864,0,0,0,1,1.89,0,1,20.0,130.18594360351562,0,1,0,0,0,3045.json,NotBuggy
3,0.8709297180175781,0.8607004277991472,0,0,0,1,1.89,0,1,17.0,131.1535186767578,0,0,0,0,0,1423.json,NotBuggy
4,0.25332769751548767,0.7734535075271026,0,0,0,1,2.0,0,2,23.0,124.7987289428711,0,0,0,0,0,898.json,NotBuggy
3,0.0025822273455560207,0.3590523910660193,0,0,0,1,1.89,0,2,29.0,127.8512954711914,0,3,0,0,0,574.json,NotBuggy
6,0.8091960549354553,0.7693326954058344,2,2,4,2,2.75,1,0,29.0,116.22944641113281,0,1,0,0,0,2191.json,NotBuggy
3,0.8495693206787109,0.9515936534432367,0,0,0,1,1.89,0,0,12.0,133.59722900390625,0,0,0,0,0,1075.json,NotBuggy
3,0.0014406482223421335,0.5776656823681939,0,0,0,1,1.89,0,1,25.0,128.712890625,0,1,0,0,0,614.json,NotBuggy
6,0.13118991255760193,0.4621451101448033,2,2,4,2,2.75,1,1,36.0,115.10508728027344,0,2,0,0,0,1605.json,NotBuggy
3,0.7540341019630432,0.7434062039329601,0,0,0,1,1.89,0,1,20.0,130.18594360351562,0,1,0,0,0,1556.json,NotBuggy
19,0.3965230882167816,0.018670636211348256,5,5,10,6,2.86,2,2,90.0,90.01925659179688,0,1,3,0,0,629.json,NotBuggy
6,0.07948683202266693,0.20667972087680786,2,2,4,2,2.75,1,1,40.0,114.48296356201172,0,3,0,0,0,1646.json,NotBuggy
5,0.007392359897494316,0.07116504645058844,3,2,5,2,2.75,1,1,43.0,116.86105346679688,1,3,0,0,0,1402.json,NotBuggy
4,0.004442757461220026,0.16851106824461004,0,0,0,1,2.0,0,1,36.0,121.75926971435547,0,3,0,0,0,884.json,NotBuggy
4,0.01250977162271738,0.44390648188526166,0,0,0,1,2.0,0,1,29.0,123.19084167480469,0,2,0,0,0,885.json,NotBuggy
3,0.03403900936245918,0.6146991692980797,0,0,0,1,1.89,0,1,26.0,128.70916748046875,0,2,0,0,0,1601.json,NotBuggy
3,0.004275324288755655,0.7809186431263924,0,0,0,1,1.89,0,1,25.0,129.0255889892578,0,3,0,0,0,681.json,NotBuggy
3,0.007361132651567459,0.4757193245744164,0,0,0,1,1.89,0,1,26.0,128.50894165039062,0,2,0,0,0,2850.json,NotBuggy
7,0.20387808978557587,0.14752622523598605,1,1,2,2,2.56,1,3,47.0,110.94767761230469,0,2,1,0,0,2310.json,NotBuggy
3,0.002359698759391904,0.4275178166935666,0,0,0,1,1.89,0,2,29.0,128.0374755859375,0,3,0,0,0,572.json,NotBuggy
3,0.16728779673576355,0.45905058603656945,0,0,0,1,1.89,0,1,25.0,128.53907775878906,0,1,0,0,0,754.json,NotBuggy
3,0.055162932723760605,0.735570959950537,0,0,0,1,1.89,0,1,23.0,129.34671020507812,0,1,0,0,0,1790.json,NotBuggy
23,0.3902346193790436,0.0016183884192942442,5,3,8,4,4.57,2,4,107.0,86.04187774658203,0,3,1,0,0,1136.json,NotBuggy
3,0.032596323639154434,0.6725953556872721,0,0,0,1,1.89,0,1,24.0,129.12539672851562,0,2,0,0,0,2944.json,NotBuggy
3,0.7208954691886902,0.7458899645398728,0,0,0,1,1.89,0,2,22.0,129.94700622558594,0,1,0,0,0,319.json,NotBuggy
7,0.1941947191953659,0.00897661480371634,2,2,4,3,3.96,1,3,63.0,108.87287902832031,0,2,0,0,0,59.json,NotBuggy
20,0.002290428848937154,5.218230225116651E-6,7,6,13,6,3.46,4,10,134.0,86.92682647705078,0,1,4,0,0,1805.json,NotBuggy
3,0.731467604637146,0.9782023683058048,0,0,0,1,1.89,0,0,12.0,133.59722900390625,0,0,0,0,0,1469.json,NotBuggy
8,0.22360309958457947,0.13342521019007492,1,1,2,2,2.4,1,3,48.0,108.61510467529297,0,2,1,0,0,2963.json,NotBuggy
3,0.9129460453987122,0.9625850041571046,0,0,0,1,1.89,0,0,12.0,133.59722900390625,0,0,0,0,0,2971.json,NotBuggy
3,0.8943103551864624,0.8431879938724696,0,0,0,1,1.89,0,0,18.0,130.621337890625,0,1,0,0,0,969.json,NotBuggy
3,0.7703297138214111,0.8983531271047589,0,0,0,1,1.89,0,0,16.0,131.91592407226562,0,0,0,0,0,651.json,NotBuggy
5,0.5592455267906189,0.9018114176907267,1,1,2,2,2.99,1,0,23.0,120.95380401611328,0,1,0,0,0,510.json,NotBuggy
4,0.04825935140252113,0.5615819171713717,0,0,0,1,2.0,0,1,27.0,123.65223693847656,0,2,0,0,0,876.json,NotBuggy
7,0.17432184517383575,0.6961524432137417,0,0,0,1,1.81,0,2,37.0,112.94803619384766,0,0,1,0,0,30.json,NotBuggy
24,0.002942540915682912,0.005277536117654607,2,5,7,4,6.22,2,11,112.0,85.51647186279297,0,2,1,0,0,2816.json,NotBuggy
3,0.908595621585846,0.9599557822125621,0,0,0,1,1.89,0,1,15.0,132.25152587890625,0,1,0,0,0,680.json,NotBuggy
11,0.2667098343372345,0.667404165149508,2,2,4,3,2.67,2,3,47.0,103.39551544189453,0,0,0,0,0,2785.json,NotBuggy
13,0.1396055370569229,0.08585174351575993,2,2,4,3,2.79,1,5,66.0,98.650390625,0,1,2,0,0,549.json,NotBuggy
3,0.9578678011894226,0.9887590553862605,0,0,0,1,1.89,0,0,13.0,132.9956512451172,0,0,0,0,0,1150.json,NotBuggy
22,0.01723543368279934,0.009401670087304302,11,6,17,7,2.21,1,6,102.0,87.04601287841797,0,1,1,0,0,387.json,NotBuggy
3,0.29425233602523804,0.9466583256038407,0,0,0,1,1.89,0,0,12.0,133.59722900390625,0,0,0,0,0,1051.json,NotBuggy
4,0.1270931363105774,0.6998415090774334,0,0,0,1,2.0,0,1,25.0,124.1488037109375,0,2,0,0,0,2635.json,NotBuggy
3,0.9070575833320618,0.9774859681632172,0,0,0,1,1.89,0,0,12.0,133.59722900390625,0,0,0,0,0,3055.json,NotBuggy
4,0.8714839220046997,0.6690794380671559,2,1,3,2,2.0,0,2,28.0,123.23312377929688,0,1,1,0,0,1813.json,NotBuggy
3,0.7224698066711426,0.9320358765514072,0,0,0,1,1.89,0,1,15.0,132.25152587890625,0,0,0,0,0,248.json,NotBuggy
24,0.002942540915682912,0.005277536117654607,2,5,7,4,6.22,2,11,112.0,85.51647186279297,0,2,1,0,0,2801.json,NotBuggy
23,0.2855603098869324,0.011593510656358238,4,3,7,4,4.57,2,3,99.0,86.53338623046875,0,3,1,0,0,1109.json,NotBuggy
3,0.056081026792526245,0.3873578421562771,0,0,0,1,1.89,0,3,27.0,128.1388702392578,0,1,0,0,0,95.json,NotBuggy
9,0.004122541751712561,0.0019238829913394097,3,2,5,3,2.67,1,4,71.0,104.04720306396484,0,2,0,0,0,120.json,NotBuggy
3,0.022163107991218567,0.293514604956826,0,0,0,1,1.89,0,1,28.0,128.0337677001953,0,2,0,0,0,2224.json,NotBuggy
23,0.07565172016620636,0.002057328513158818,6,3,9,4,4.57,2,5,107.0,86.099365234375,0,3,1,0,0,1127.json,NotBuggy
12,0.007803134620189667,2.7311535210273358E-5,2,1,3,3,3.2,2,5,100.0,97.37938690185547,0,2,3,0,0,182.json,NotBuggy
4,0.003471117466688156,0.09831955857904305,0,0,0,1,3.32,0,1,36.0,121.75926971435547,0,2,0,0,0,163.json,NotBuggy
3,0.8979825377464294,0.967287492106061,0,0,0,1,1.89,0,0,12.0,133.59722900390625,0,0,0,0,0,3027.json,NotBuggy
35,0.0,7.484753869022278E-6,5,9,14,11,4.36,3,12,198.0,74.32354736328125,0,2,1,0,0,44.json,NotBuggy
3,0.820067822933197,0.9445281256804889,0,0,0,1,1.89,0,0,14.0,132.4454345703125,0,0,0,0,0,1276.json,NotBuggy
39,4.2232268606312573E-4,0.003280707094188426,1,16,17,18,2.53,2,0,129.0,73.04669189453125,0,1,0,0,0,2566.json,NotBuggy
15,0.06511989235877991,5.564369018590248E-4,2,2,4,4,3.54,2,7,92.0,93.96804809570312,0,1,3,0,0,767.json,NotBuggy
13,0.07769299298524857,0.04131403551163327,2,2,4,3,2.79,1,5,70.0,98.34442138671875,0,1,2,0,0,553.json,NotBuggy
3,0.5494260191917419,0.49261527269951605,0,0,0,1,1.89,0,2,25.0,128.62307739257812,0,1,0,0,0,2714.json,NotBuggy
4,0.952785074710846,0.955123921738597,0,0,0,1,2.0,0,0,17.0,126.62725830078125,0,0,0,0,0,481.json,NotBuggy
11,0.2667098343372345,0.667404165149508,2,2,4,3,2.67,2,3,47.0,103.39551544189453,0,0,0,0,0,2789.json,NotBuggy
3,0.1896311491727829,0.8441467764978061,0,0,0,1,1.89,0,0,17.0,131.28770446777344,0,1,0,0,0,1046.json,NotBuggy
14,0.7282872200012207,0.7131297274810467,3,3,6,4,3.89,1,0,53.0,98.76329040527344,0,2,0,0,0,827.json,NotBuggy
1,0.9753486514091492,0.7499093348048521,0,0,0,1,0.0,0,0,16.0,149.548583984375,0,1,0,0,0,1856.json,NotBuggy
9,0.6388025283813477,0.7963306802730314,2,2,4,3,2.67,1,0,36.0,108.65559387207031,0,1,0,0,0,2257.json,NotBuggy
12,0.8852564692497253,0.9708469843929584,1,2,3,3,4.93,3,1,45.0,102.83480072021484,0,0,1,0,0,1431.json,NotBuggy
5,0.8205085396766663,0.6932770986388046,0,0,0,1,1.96,0,1,28.0,119.75839233398438,0,1,1,0,0,359.json,NotBuggy
11,0.2667098343372345,0.667404165149508,2,2,4,3,2.67,2,3,47.0,103.39551544189453,0,0,0,0,0,2809.json,NotBuggy
6,0.27321141958236694,0.8264517293845532,1,1,2,2,2.75,1,0,28.0,116.7609634399414,0,1,0,0,0,1066.json,NotBuggy
3,0.9357190132141113,0.9555639031781513,0,0,0,1,1.89,0,1,13.0,133.18099975585938,0,0,0,0,0,485.json,Buggy
8,0.4348543584346771,0.09143974488107766,1,1,2,2,2.4,1,2,50.0,108.34576416015625,0,2,1,0,0,2869.json,NotBuggy
3,2.635764831211418E-4,0.4351390228553134,0,0,0,1,1.89,0,1,30.0,127.76480865478516,0,3,0,0,0,703.json,NotBuggy
13,0.04055819287896156,6.328726288508883E-4,6,4,10,4,3.2,2,3,89.0,96.64405059814453,0,2,3,0,0,1730.json,NotBuggy
8,0.0069367955438792706,0.013478840273916699,1,1,2,2,2.67,1,3,60.0,107.06063079833984,0,3,1,0,0,124.json,NotBuggy
37,0.0,1.3822916823633094E-7,7,11,18,10,8.0,3,3,185.0,74.23108673095703,0,4,2,0,0,2344.json,NotBuggy
3,0.7941523194313049,0.9066357977037384,0,0,0,1,1.89,0,1,16.0,131.75106811523438,0,0,0,0,0,258.json,NotBuggy
6,0.642822802066803,0.4066849923980251,1,1,2,2,2.73,1,2,34.0,115.32806396484375,0,1,0,0,0,716.json,NotBuggy
5,0.5529086589813232,0.3590588759789514,0,0,0,1,1.96,0,1,34.0,118.51167297363281,0,1,2,0,0,226.json,NotBuggy
42,0.0,1.0957224467468597E-6,5,10,15,13,3.72,3,11,223.0,70.24220275878906,0,3,4,0,0,47.json,NotBuggy
3,0.73989337682724,0.9338958696607401,0,0,0,1,1.89,0,0,14.0,132.4454345703125,0,0,0,0,0,309.json,NotBuggy
3,0.3549840748310089,0.946693341661013,0,0,0,1,1.89,0,0,12.0,133.59722900390625,0,0,0,0,0,1049.json,NotBuggy
3,0.48447489738464355,0.9100853437276227,0,0,0,1,1.89,0,1,15.0,132.25152587890625,0,0,0,0,0,2903.json,NotBuggy
11,0.2667098343372345,0.667404165149508,2,2,4,3,2.67,2,3,47.0,103.39551544189453,0,0,0,0,0,2803.json,NotBuggy
5,0.7415292859077454,0.8752489162083553,1,1,2,2,2.99,1,2,24.0,120.73249816894531,0,1,0,0,0,972.json,NotBuggy
15,0.05332047492265701,0.0012065014791385695,3,3,6,4,3.54,2,7,91.0,94.17064666748047,0,1,3,0,0,768.json,NotBuggy
3,0.008573859930038452,0.5382988037700837,0,0,0,1,1.89,0,1,26.0,128.50894165039062,0,2,0,0,0,2849.json,NotBuggy
21,0.0,2.513641366840513E-7,1,4,5,5,4.08,1,9,155.0,85.47673034667969,1,2,1,0,0,65.json,NotBuggy
3,0.4784371852874756,0.45345209858117047,1,1,2,2,1.89,0,0,26.0,128.1891326904297,0,1,0,0,0,1326.json,NotBuggy
3,0.8878287672996521,0.9106456224256669,0,0,0,1,1.89,0,1,17.0,131.60067749023438,0,0,0,0,0,250.json,NotBuggy
4,0.8655742406845093,0.8614202145269971,0,0,0,1,2.0,0,0,20.0,125.5254898071289,0,1,0,0,0,241.json,NotBuggy
8,0.6508206129074097,0.5830539933041455,2,2,4,3,2.83,2,0,37.0,110.3248291015625,0,1,0,0,0,2258.json,NotBuggy
3,0.00439904211089015,0.43420777247151254,0,0,0,1,1.89,0,1,28.0,128.1235809326172,0,2,0,0,0,1772.json,NotBuggy
3,0.683078408241272,0.9214405532028513,0,0,0,1,1.89,0,0,16.0,131.60296630859375,0,0,0,0,0,306.json,NotBuggy
10,0.0070592560805380344,0.008611218656803107,2,2,4,3,3.6,2,4,69.0,102.57572174072266,0,3,1,0,0,1028.json,NotBuggy
14,0.5069271326065063,0.0043062255915573625,4,4,8,5,3.0,2,0,90.0,95.07752990722656,0,1,2,0,0,1934.json,NotBuggy
3,0.9379347562789917,0.9595890942340723,0,0,0,1,1.89,0,1,13.0,133.18099975585938,0,0,0,0,0,899.json,NotBuggy
3,0.17813704907894135,0.8150796137091286,0,0,0,1,1.89,0,1,19.0,130.57513427734375,0,1,0,0,0,1904.json,NotBuggy
14,0.02635158970952034,8.20718457420059E-4,3,3,6,4,8.36,2,3,87.0,95.52207946777344,0,2,3,0,0,3051.json,NotBuggy
3,0.916702926158905,0.9583418455596588,0,0,0,1,1.89,0,0,12.0,133.59722900390625,0,0,0,0,0,3019.json,NotBuggy
11,0.3061031103134155,0.5146025020961948,4,2,6,4,1.72,2,2,48.0,103.18538665771484,0,1,1,0,0,1666.json,NotBuggy
6,0.34899961948394775,0.8786516226740104,1,1,2,2,2.75,1,0,28.0,116.7609634399414,0,1,0,0,0,1054.json,NotBuggy
3,0.11004845052957535,0.33413488395575897,0,0,0,1,1.89,0,1,31.0,127.690673828125,0,2,0,0,0,2273.json,NotBuggy
9,0.0751211941242218,0.08601386733307402,2,3,5,3,2.67,1,4,56.0,105.79830169677734,0,1,0,0,0,409.json,NotBuggy
23,0.005964985117316246,1.4594350987587941E-7,8,11,19,9,3.49,2,3,154.0,83.05592346191406,0,2,3,0,0,828.json,NotBuggy
3,0.0,0.48878095161358476,0,0,0,1,1.89,0,1,29.0,128.0374755859375,0,3,0,0,0,3007.json,NotBuggy
3,0.6885117292404175,0.7798484790685841,0,0,0,1,1.89,0,1,19.0,130.45266723632812,0,1,0,0,0,327.json,NotBuggy
3,0.8663066625595093,0.6759569027037461,0,0,0,1,1.89,0,1,17.0,131.03103637695312,0,0,0,0,0,8.json,NotBuggy
6,0.042378850281238556,0.7734562143258114,1,1,2,2,2.75,1,0,28.0,116.7609634399414,0,1,0,0,0,1064.json,NotBuggy
9,0.06359551846981049,0.07703624232237649,2,1,3,2,3.5,1,3,60.0,105.60655975341797,0,2,0,0,0,2054.json,NotBuggy
3,0.9578678011894226,0.9887590553862605,0,0,0,1,1.89,0,0,13.0,132.9956512451172,0,0,0,0,0,1135.json,NotBuggy
3,0.0014510410837829113,0.4109591336795376,0,0,0,1,1.89,0,1,29.0,128.0374755859375,0,3,0,0,0,1712.json,NotBuggy
58,0.0,4.455746558554383E-11,12,15,27,15,3.08,3,12,394.0,61.37664794921875,0,3,13,0,0,1644.json,NotBuggy
3,0.9578678011894226,0.9887590553862605,0,0,0,1,1.89,0,0,13.0,132.9956512451172,0,0,0,0,0,1129.json,NotBuggy
11,0.3554086983203888,0.674766166262334,4,4,8,4,3.95,2,2,47.0,103.2284927368164,0,2,0,0,0,495.json,NotBuggy
4,0.4518074095249176,0.6284686481681234,1,1,2,2,4.9,0,0,26.0,123.61848449707031,0,0,0,0,0,1488.json,NotBuggy
3,0.12753184139728546,0.6300677165593334,0,0,0,1,1.89,0,1,21.0,130.05470275878906,0,1,0,0,0,1390.json,NotBuggy
7,0.8783064484596252,0.804652242058206,1,1,2,2,2.56,1,0,33.0,113.31297302246094,0,2,0,0,0,1222.json,NotBuggy
22,0.002303053392097354,1.6392784485334198E-5,3,5,8,7,3.92,3,7,126.0,85.40457153320312,0,1,2,0,0,71.json,NotBuggy
12,0.012499758042395115,0.0018865541199137405,4,4,8,5,3.83,2,4,84.0,98.13922119140625,0,2,2,0,0,620.json,Buggy
8,0.8261958360671997,0.7665886282930928,1,1,2,2,2.4,1,2,36.0,110.30028533935547,0,0,1,0,0,2630.json,NotBuggy
20,0.5021912455558777,0.10649222859949695,4,2,6,3,4.72,2,2,85.0,89.98380279541016,0,3,1,0,0,1160.json,NotBuggy
6,0.061936501413583755,0.29574740581603937,2,2,4,3,2.75,1,1,42.0,113.99925231933594,0,4,0,0,0,1336.json,NotBuggy
5,0.5145758390426636,0.41629099082028787,0,0,0,1,1.96,0,2,33.0,118.82000732421875,0,1,1,0,0,2061.json,NotBuggy
3,0.6455436944961548,0.2483100194903236,0,1,1,2,1.89,0,2,27.0,127.90887451171875,0,0,0,0,0,2549.json,NotBuggy
10,0.041719384491443634,0.01766464720561146,1,1,2,2,2.06,1,5,66.0,103.03687286376953,0,3,1,0,0,2855.json,NotBuggy
37,0.0,1.3582393792513748E-7,7,11,18,10,8.0,3,3,185.0,74.23108673095703,0,4,2,0,0,2354.json,NotBuggy
7,0.19992871582508087,0.15408125925030894,1,1,2,2,2.56,1,3,47.0,110.94767761230469,0,2,1,0,0,2303.json,NotBuggy
37,0.0,1.3814451833543722E-7,7,11,18,10,8.0,3,3,185.0,74.23108673095703,0,4,2,0,0,2342.json,NotBuggy
3,0.9109891057014465,0.8634888198849217,0,0,0,1,1.89,0,1,18.0,130.85629272460938,0,1,0,0,0,1320.json,NotBuggy
14,0.27116841077804565,0.03942279414169288,5,5,10,6,3.54,3,2,77.0,96.11471557617188,0,3,0,0,0,1342.json,Buggy
3,0.5641464591026306,0.9149465044002436,0,0,0,1,1.89,0,1,15.0,132.25152587890625,0,0,0,0,0,2917.json,NotBuggy
21,0.005343986675143242,1.7682664859591744E-4,5,5,10,6,3.31,2,5,119.0,86.8265609741211,0,3,3,0,0,2723.json,NotBuggy
4,0.4575638473033905,0.43879017301432527,0,0,0,1,2.0,0,1,30.0,122.93054962158203,0,0,1,0,0,225.json,NotBuggy
6,0.4376981854438782,0.5099902643539842,1,1,2,2,2.75,1,2,34.0,115.32806396484375,0,1,0,0,0,771.json,NotBuggy
3,0.7658484578132629,0.7056594804596453,0,0,0,1,1.89,0,1,20.0,130.18594360351562,0,1,0,0,0,1554.json,NotBuggy
6,0.2898222506046295,0.3772890747166027,1,1,2,2,2.75,1,0,36.0,115.03083801269531,0,0,0,0,0,2912.json,NotBuggy
11,0.053347233682870865,0.09027866562588155,3,2,5,3,2.67,2,6,70.0,101.2071533203125,0,4,0,0,0,1093.json,NotBuggy
15,0.1591845601797104,0.038410567890003,1,2,3,3,3.81,2,6,78.0,95.677001953125,0,1,1,0,0,2671.json,Buggy
46,0.0,5.7929660691945944E-11,2,17,19,18,4.59,3,0,243.0,67.22126770019531,0,2,0,0,0,2563.json,NotBuggy
3,0.009219554252922535,0.4407119857827164,0,0,0,1,1.89,0,1,28.0,128.1235809326172,0,3,0,0,0,2885.json,NotBuggy
9,0.07893656939268112,0.07796142719315287,2,1,3,2,3.5,1,3,60.0,105.60655975341797,0,2,0,0,0,2056.json,NotBuggy
24,0.002942540915682912,0.005277536117654607,2,5,7,4,6.22,2,11,112.0,85.51647186279297,0,2,1,0,0,2798.json,NotBuggy
9,0.4991346001625061,0.5164389165791152,1,2,3,3,2.67,1,1,46.0,106.88755798339844,0,1,0,0,0,2730.json,NotBuggy
3,0.41284263134002686,0.9286495074737577,0,0,0,1,1.89,0,0,15.0,132.25152587890625,0,0,0,0,0,2631.json,NotBuggy
5,0.002756331115961075,0.026630068460606,2,2,4,3,1.96,0,2,51.0,115.68391418457031,0,3,2,0,0,146.json,NotBuggy
3,0.2009640336036682,0.7647080154324574,0,0,0,1,1.89,0,1,21.0,129.93223571777344,0,2,0,0,0,3036.json,NotBuggy
3,0.9602164030075073,0.9890737132228224,0,0,0,1,1.89,0,0,13.0,132.9956512451172,0,0,0,0,0,1137.json,NotBuggy
3,0.7017967104911804,0.9393514978425684,0,0,0,1,1.89,0,0,13.0,132.9956512451172,0,0,0,0,0,2717.json,NotBuggy
3,0.04160277545452118,0.5600557841602262,0,0,0,1,1.89,0,1,26.0,128.70916748046875,0,2,0,0,0,1603.json,NotBuggy
3,0.0,0.34468067219488113,0,0,0,1,1.89,0,1,28.0,128.0337677001953,0,2,0,0,0,2996.json,NotBuggy
3,0.8297780156135559,0.9269075752128626,0,0,0,1,1.89,0,0,14.0,132.4454345703125,0,0,0,0,0,1976.json,NotBuggy
3,0.7996435761451721,0.8098803503504436,0,0,0,1,1.89,0,0,22.0,129.94700622558594,0,0,0,0,0,1979.json,NotBuggy
11,0.0015983618795871735,0.005226568853817584,3,3,6,3,2.67,1,4,70.0,100.7894515991211,0,4,0,0,0,134.json,NotBuggy
21,0.0,1.6944284624040276E-11,4,6,10,6,2.85,2,9,192.0,84.0153579711914,0,3,3,0,0,2088.json,NotBuggy
24,0.008787170983850956,0.10233145512348413,4,7,11,8,2.19,1,5,117.0,84.80452728271484,0,3,0,0,0,1797.json,NotBuggy
3,0.9113354086875916,0.8928072752120297,0,0,0,1,1.89,0,0,13.0,132.9956512451172,0,0,0,0,0,405.json,NotBuggy
6,0.80580073595047,0.7545495058839081,2,2,4,2,2.75,1,0,29.0,116.22944641113281,0,1,0,0,0,2192.json,NotBuggy
3,0.10756374150514603,0.2291989115383682,2,1,3,2,1.89,0,1,31.0,127.03739166259766,0,2,0,0,0,1620.json,NotBuggy
25,0.003818890545517206,2.0118797487251704E-8,8,6,14,7,6.29,4,12,161.0,81.54360961914062,0,3,4,0,0,845.json,Buggy
3,0.7883133292198181,0.9657571108513954,0,0,0,1,1.89,0,0,16.0,131.75106811523438,0,1,0,0,0,3057.json,NotBuggy
6,0.4084221124649048,0.40930937377032955,2,2,4,2,2.75,1,2,36.0,115.10508728027344,0,2,0,0,0,1614.json,NotBuggy
4,0.014317813329398632,0.4458213687374879,0,0,0,1,2.0,0,1,29.0,123.1068344116211,0,2,0,0,0,868.json,NotBuggy
3,0.7883133292198181,0.9657571108513954,0,0,0,1,1.89,0,0,16.0,131.75106811523438,0,1,0,0,0,3062.json,NotBuggy
3,0.6636922359466553,0.7627356953399316,0,0,0,1,1.89,0,1,19.0,130.45266723632812,0,1,0,0,0,300.json,NotBuggy
38,2.9182195430621505E-4,3.5378149977172015E-12,8,9,17,9,4.37,3,8,235.0,72.3968276977539,0,2,11,0,0,2282.json,NotBuggy
20,0.0,3.085108033964291E-8,5,7,12,6,2.29,1,4,163.0,85.90808868408203,0,3,1,0,0,2182.json,NotBuggy
26,2.3139736731536686E-4,7.459517187292282E-6,9,7,16,7,5.18,4,6,163.0,81.07051086425781,0,2,5,0,0,58.json,NotBuggy
6,0.16405491530895233,0.43331730353022596,1,1,2,2,2.75,1,2,37.0,114.8182601928711,0,2,0,0,0,1689.json,NotBuggy
7,0.21501624584197998,0.5591106201629035,1,1,2,2,3.02,1,3,39.0,112.27047729492188,0,2,0,0,0,598.json,NotBuggy
3,0.28375115990638733,0.6341771811952139,0,0,0,1,0.94,0,1,22.0,129.57785034179688,0,1,0,0,0,1658.json,NotBuggy
3,0.9640129208564758,0.9249015344094497,0,0,0,1,1.89,0,0,15.0,132.25152587890625,0,0,0,0,0,529.json,NotBuggy
13,0.08448074758052826,0.005460271661045637,6,4,10,4,3.2,2,3,81.0,97.26164245605469,0,2,3,0,0,1610.json,NotBuggy
5,0.00179218256380409,0.042995642370789136,1,1,2,2,2.99,1,2,48.0,116.1720962524414,0,2,1,0,0,2358.json,NotBuggy
8,0.84745854139328,0.9199464925848454,1,1,2,2,4.8,1,0,32.0,111.0571060180664,0,1,0,0,0,1442.json,NotBuggy
7,0.10585740208625793,0.24868172821346654,0,0,0,1,1.81,0,3,42.0,111.89190673828125,0,3,0,0,0,1246.json,NotBuggy
3,0.7671198844909668,0.6807752816398497,0,0,0,1,1.89,0,1,20.0,130.18594360351562,0,1,0,0,0,1551.json,NotBuggy
4,0.80484539270401,0.5070837400745761,1,1,2,2,2.0,0,1,32.0,122.36495208740234,0,1,1,0,0,1853.json,NotBuggy
3,0.8148822784423828,0.4227396006083019,0,0,0,1,1.89,0,1,25.0,128.62307739257812,0,1,0,0,0,5.json,NotBuggy
29,0.00795774906873703,4.0761179416041717E-7,6,8,14,8,2.66,3,10,157.0,79.2665023803711,0,3,6,0,0,1763.json,NotBuggy
3,0.2958390712738037,0.7697930534110563,0,0,0,1,1.89,0,1,19.0,130.45266723632812,0,1,0,0,0,638.json,NotBuggy
4,0.8303518295288086,0.9601523459066619,0,0,0,1,2.0,0,0,15.0,127.59107971191406,0,0,0,0,0,296.json,NotBuggy
3,0.17420104146003723,0.7854739559394079,0,0,0,1,1.89,0,1,19.0,130.45266723632812,0,0,0,0,0,2051.json,NotBuggy
3,0.8290486931800842,0.9000052113209989,0,0,0,1,1.89,0,1,15.0,132.086669921875,0,0,0,0,0,1417.json,NotBuggy
4,0.004442757461220026,0.16574853872773396,0,0,0,1,2.0,0,1,36.0,121.75926971435547,0,3,0,0,0,872.json,NotBuggy
24,0.002942540915682912,0.005277536117654607,2,5,7,4,6.22,2,11,112.0,85.51647186279297,0,2,1,0,0,2786.json,NotBuggy
3,0.3536584675312042,0.9132421495695179,0,0,0,1,1.89,0,0,14.0,132.4454345703125,0,0,0,0,0,918.json,NotBuggy
1,0.746785044670105,0.45677355051598256,0,0,0,1,0.0,0,1,17.0,148.95103454589844,0,0,0,0,0,439.json,NotBuggy
4,5.923393182456493E-4,0.0462848898791752,0,0,0,1,4.12,0,7,45.0,120.59892272949219,0,1,0,0,0,2486.json,NotBuggy
3,0.6439223885536194,0.8723478359438107,0,0,0,1,1.89,0,1,16.0,131.75106811523438,0,0,0,0,0,2048.json,NotBuggy
10,0.28782960772514343,0.08030573222297992,1,2,3,3,2.53,1,1,58.0,103.72904968261719,0,1,1,0,0,98.json,NotBuggy
3,0.6147558093070984,0.6814258570685828,0,0,0,1,1.89,0,1,21.0,129.93223571777344,0,1,0,0,0,2371.json,NotBuggy
3,0.9510690569877625,0.9509875270514317,0,0,0,1,1.89,0,0,13.0,132.9956512451172,0,0,0,0,0,1535.json,NotBuggy
5,0.6455039381980896,0.897796456466948,1,1,2,2,2.99,1,0,23.0,120.95380401611328,0,1,0,0,0,500.json,NotBuggy
8,0.011610535904765129,0.0672419002878789,3,2,5,2,2.4,1,2,53.0,107.98828887939453,0,1,1,0,0,536.json,NotBuggy
10,0.4496455788612366,0.6755872333433466,1,1,2,3,2.8,1,1,42.0,105.65377044677734,0,2,0,0,0,1913.json,NotBuggy
7,0.3902755379676819,0.5316070317625928,2,1,3,2,2.56,1,0,39.0,112.27047729492188,0,1,1,0,0,3041.json,NotBuggy
3,0.010130340233445168,0.5477054731130154,0,0,0,1,1.89,0,1,26.0,128.50894165039062,0,2,0,0,0,2845.json,NotBuggy
12,0.012499758042395115,0.0018865541199137405,4,4,8,5,3.83,2,4,84.0,98.13922119140625,0,2,2,0,0,625.json,Buggy
3,0.670087456703186,0.9578488458906901,0,0,0,1,1.89,0,0,12.0,133.59722900390625,0,0,0,0,0,1974.json,NotBuggy
3,0.015775462612509727,0.28487693502550493,0,0,0,1,1.89,0,1,28.0,128.0337677001953,0,2,0,0,0,2228.json,NotBuggy
3,0.0015559890307486057,0.6517534555983998,0,0,0,1,1.89,0,2,29.0,128.37628173828125,0,3,0,0,0,2010.json,NotBuggy
3,0.7311952710151672,0.8206128407595844,0,0,0,1,1.89,0,1,18.0,130.99049377441406,0,1,0,0,0,1866.json,NotBuggy
3,0.8468936085700989,0.8741517353665504,0,0,0,1,1.89,0,0,16.0,131.46876525878906,0,1,0,0,0,268.json,NotBuggy
12,0.44714269042015076,0.01135472672444237,3,3,6,4,2.37,2,1,80.0,98.57872009277344,0,1,2,0,0,2007.json,NotBuggy
8,0.050468239933252335,0.01290290249192177,1,1,2,2,3.74,1,7,59.0,107.28077697753906,0,2,0,0,0,1840.json,NotBuggy
3,0.9602164030075073,0.9890737132228224,0,0,0,1,1.89,0,0,13.0,132.9956512451172,0,0,0,0,0,1140.json,NotBuggy
26,0.0,6.27999745941989E-11,10,6,16,7,10.77,5,18,195.0,80.06511688232422,0,3,5,0,0,177.json,NotBuggy
3,0.03618185967206955,0.7465289912998476,0,0,0,1,1.89,0,1,25.0,129.0255889892578,0,2,0,0,0,1595.json,NotBuggy
3,0.004087098408490419,0.047144302926085215,0,0,0,1,1.89,0,2,42.0,125.55176544189453,0,1,0,0,0,1572.json,NotBuggy
3,0.01698942482471466,0.46984297230195293,0,0,0,1,1.89,0,1,26.0,128.41912841796875,0,2,0,0,0,2879.json,NotBuggy
7,0.0010082030203193426,0.008217085436154986,4,2,6,2,2.8,1,3,57.0,109.72106170654297,0,3,0,0,0,1398.json,NotBuggy
3,0.6585606932640076,0.9328256647902654,0,0,0,1,1.89,0,1,16.0,131.75106811523438,0,0,0,0,0,34.json,NotBuggy
8,0.009241340681910515,0.04571560368522159,2,2,4,2,2.4,1,1,53.0,107.88630676269531,0,1,0,0,0,533.json,Buggy
3,0.7917299866676331,0.6524683256510129,0,0,0,1,1.89,0,1,20.0,130.07347106933594,0,1,0,0,0,2075.json,NotBuggy
8,0.0037701530382037163,0.0016464127640535382,3,2,5,2,2.83,1,8,72.0,106.11256408691406,0,2,2,0,0,393.json,NotBuggy
33,0.0,3.229365512279595E-6,7,7,14,8,6.38,4,13,158.0,77.21905517578125,0,1,3,0,0,797.json,NotBuggy
3,0.30172884464263916,0.37050717721457865,0,0,0,1,1.89,0,1,28.0,128.0337677001953,0,2,0,0,0,2123.json,NotBuggy
8,0.2527076303958893,0.15485353043320732,0,0,0,2,3.12,1,1,47.0,108.56095123291016,0,2,0,0,0,1574.json,NotBuggy
8,0.7704026699066162,0.0265278850848828,3,2,5,3,2.4,1,1,63.0,106.75752258300781,0,1,2,0,0,2432.json,NotBuggy
37,0.0,1.384211146980812E-7,7,11,18,10,8.0,3,3,185.0,74.23108673095703,0,4,2,0,0,2356.json,NotBuggy
17,0.004631126765161753,3.316687895016599E-7,1,1,2,7,2.88,1,10,153.0,88.44674682617188,0,3,0,0,0,921.json,Buggy
3,0.9602164030075073,0.9890737132228224,0,0,0,1,1.89,0,0,13.0,132.9956512451172,0,0,0,0,0,1134.json,NotBuggy
9,0.22987443208694458,0.35821959482036086,1,2,3,3,2.67,1,0,46.0,106.9576644897461,0,1,0,0,0,2689.json,NotBuggy
3,0.5917430520057678,0.9135768629117568,0,0,0,1,1.89,0,1,15.0,132.25152587890625,0,0,0,0,0,2896.json,NotBuggy
3,0.1191466674208641,0.24045779713449472,2,1,3,2,1.89,0,1,31.0,127.03739166259766,0,2,0,0,0,1619.json,NotBuggy
3,0.668098509311676,0.7186894008952391,0,0,0,1,1.89,0,2,21.0,129.81976318359375,0,1,0,0,0,719.json,NotBuggy
3,0.2325708568096161,0.4956311537841205,0,0,0,1,1.89,0,1,25.0,128.712890625,0,1,0,0,0,1371.json,NotBuggy
3,0.5641464591026306,0.9149465044002436,0,0,0,1,1.89,0,1,15.0,132.25152587890625,0,0,0,0,0,2895.json,NotBuggy
5,0.0026015397161245346,0.3355384307326355,0,0,0,1,1.96,0,3,37.0,118.39888763427734,0,3,0,0,0,998.json,NotBuggy
3,0.9686225056648254,0.7093396301708252,0,0,0,1,1.89,0,0,20.0,130.18594360351562,0,0,0,0,0,3018.json,NotBuggy
8,0.5371779799461365,0.8804961915096948,1,1,2,2,2.83,1,2,36.0,110.60749816894531,0,0,1,0,0,666.json,NotBuggy
3,0.7292113304138184,0.7967182956647259,0,0,0,1,1.89,0,2,20.0,130.30841064453125,0,1,0,0,0,559.json,NotBuggy
3,0.7658484578132629,0.6940982608963409,0,0,0,1,1.89,0,1,20.0,130.18594360351562,0,1,0,0,0,1553.json,NotBuggy
3,0.017669934779405594,0.28940584336924347,0,0,0,1,1.89,0,1,28.0,128.0337677001953,0,2,0,0,0,2238.json,NotBuggy
15,0.06248277798295021,0.001066690195593601,4,3,7,4,2.72,1,1,89.0,94.17513275146484,0,3,3,0,0,2328.json,NotBuggy
3,0.9753108024597168,0.9114866039205214,0,0,0,1,1.89,0,0,14.0,132.4454345703125,0,0,0,0,0,1497.json,NotBuggy
3,0.912337064743042,0.3723792565076997,0,0,0,1,1.89,0,2,26.0,128.50894165039062,0,2,0,0,0,940.json,NotBuggy
8,0.6610697507858276,0.6116317503159275,2,2,4,3,2.83,2,0,37.0,110.3248291015625,0,1,0,0,0,2251.json,NotBuggy
30,0.004163614008575678,2.1012809239473584E-9,11,8,19,7,2.87,2,12,186.0,78.09151458740234,0,3,7,0,0,1804.json,NotBuggy
32,1.3078952906653285E-4,1.4322659475381675E-12,3,4,7,6,3.0,2,20,219.0,76.04154205322266,0,0,5,0,0,3021.json,Buggy
12,0.5271232724189758,0.012505530633854569,3,3,6,4,2.37,2,1,80.0,98.57872009277344,0,1,2,0,0,2000.json,NotBuggy
3,0.20977579057216644,0.8371340223262793,0,0,0,1,1.89,0,1,18.0,130.85629272460938,0,0,0,0,0,99.json,NotBuggy
3,0.7716059684753418,0.7106933269579999,0,0,0,1,1.89,0,1,20.0,130.18594360351562,0,1,0,0,0,1545.json,NotBuggy
3,0.8933497071266174,0.7135366997874919,0,0,0,1,1.89,0,1,21.0,129.81976318359375,0,1,0,0,0,1670.json,NotBuggy
7,0.3760661780834198,0.11370528695862137,2,2,4,2,3.09,1,4,59.0,109.8282241821289,1,3,0,0,0,371.json,NotBuggy
63,0.0,1.629578960093666E-18,10,10,20,10,9.01,6,15,365.0,61.35837936401367,0,4,17,0,0,704.json,NotBuggy
4,0.0037292330525815487,0.1726856633672126,0,0,0,1,2.0,0,1,36.0,121.82937622070312,0,3,0,0,0,886.json,NotBuggy
3,0.7678368091583252,0.9461561546050137,0,0,0,1,1.89,0,0,12.0,133.59722900390625,0,0,0,0,0,1188.json,NotBuggy
3,0.7540341019630432,0.7267179533837581,0,0,0,1,1.89,0,1,20.0,130.18594360351562,0,1,0,0,0,1552.json,NotBuggy
12,0.39028066396713257,0.011897199518669275,5,4,9,4,3.32,2,4,74.0,99.02832794189453,0,1,2,0,0,1677.json,NotBuggy
3,0.0038833741564303637,0.3935211188635086,0,0,0,1,1.89,0,1,27.0,128.22288513183594,0,3,0,0,0,1026.json,NotBuggy
5,0.0021550904493778944,0.04773226924921,2,1,3,2,2.99,1,2,46.0,116.45046997070312,0,3,0,0,0,1389.json,NotBuggy
6,0.34512656927108765,0.4631370075963153,2,2,4,3,2.75,1,1,37.0,114.73261260986328,0,1,0,0,0,1318.json,NotBuggy
4,1.6028093523345888E-4,0.09214651448238831,0,0,0,1,2.0,0,2,41.0,121.0166244506836,0,4,1,0,0,3010.json,NotBuggy
4,0.16754047572612762,0.7159357555622519,0,0,0,1,2.0,0,1,24.0,124.361083984375,0,1,0,0,0,850.json,NotBuggy
3,0.13891710340976715,0.7336849798513403,0,0,0,1,1.89,0,0,23.0,129.4591827392578,0,1,0,0,0,2616.json,NotBuggy
3,0.8346103429794312,0.9579407980136828,0,0,0,1,1.89,0,0,12.0,133.59722900390625,0,0,0,0,0,509.json,NotBuggy
3,0.2663293778896332,0.8577834604573564,0,0,0,1,1.89,0,0,18.0,130.85629272460938,0,1,0,0,0,726.json,NotBuggy
3,0.2377718687057495,0.3352119418747925,0,0,0,1,1.89,0,1,31.0,127.690673828125,0,2,0,0,0,2267.json,NotBuggy
3,0.8477134704589844,0.9521142723384125,0,0,0,1,1.89,0,0,12.0,133.59722900390625,0,0,0,0,0,499.json,NotBuggy
6,0.5344194173812866,0.3435511312659274,2,2,4,3,2.75,1,1,38.0,114.51969146728516,0,1,0,0,0,1327.json,NotBuggy
10,0.006440756376832724,0.00848142625386227,2,2,4,3,3.6,2,4,69.0,102.57572174072266,0,3,1,0,0,1013.json,NotBuggy
4,0.2769908905029297,0.8360770875695225,0,0,0,1,2.0,0,2,25.0,124.36514282226562,0,1,0,0,0,394.json,NotBuggy
9,0.5426093339920044,0.90326277221972,3,2,5,3,2.67,1,0,43.0,107.73165130615234,0,3,0,0,0,1948.json,NotBuggy
4,0.014942081645131111,0.4369013548993022,0,0,0,1,2.0,0,1,29.0,123.1068344116211,0,2,0,0,0,890.json,NotBuggy
3,0.7773650884628296,0.6968400354289518,0,0,0,1,1.89,0,1,20.0,130.07347106933594,0,1,0,0,0,1675.json,NotBuggy
3,0.13907313346862793,0.9452669126652221,0,0,0,1,1.89,0,0,12.0,133.59722900390625,0,0,0,0,0,1067.json,NotBuggy
9,0.0038896810729056597,6.78822825082403E-5,0,0,0,1,1.66,0,5,86.0,103.25048828125,0,1,2,0,0,1849.json,NotBuggy
3,0.2705780267715454,0.3524916250702719,0,0,0,1,1.89,0,1,31.0,127.690673828125,0,2,0,0,0,2264.json,NotBuggy
6,0.07109734416007996,0.2616317858392145,2,2,4,3,2.75,1,1,42.0,113.99925231933594,0,4,0,0,0,1338.json,NotBuggy
3,0.7029338479042053,0.73182938285401,0,0,0,1,1.89,0,1,21.0,129.93223571777344,0,1,0,0,0,777.json,NotBuggy
3,0.19517308473587036,0.8804965077595005,0,0,0,1,1.89,0,0,17.0,131.28770446777344,0,1,0,0,0,1173.json,NotBuggy
4,0.9467394351959229,0.7319275681935143,0,0,0,1,2.0,0,0,24.0,124.26470947265625,0,1,0,0,0,961.json,NotBuggy
3,0.5982488989830017,0.712733199563713,0,0,0,1,1.89,0,1,21.0,129.93223571777344,0,1,0,0,0,2367.json,NotBuggy
3,0.09590867161750793,0.40855631021196276,0,0,0,1,1.89,0,2,26.0,128.3351287841797,0,1,0,0,0,12.json,NotBuggy
12,0.012555571272969246,0.0068358543915835795,4,3,7,3,2.56,1,11,77.0,99.30195617675781,0,0,1,0,0,927.json,NotBuggy
12,0.1244255006313324,0.33893626840371344,3,3,6,4,2.56,1,3,58.0,100.66239929199219,0,2,0,0,0,1760.json,NotBuggy
8,0.05015458166599274,0.08436931194151095,1,1,2,2,2.65,1,3,52.0,107.98535919189453,0,3,1,0,0,2024.json,NotBuggy
13,0.23890317976474762,0.38830037800766193,1,2,3,3,4.04,1,2,57.0,99.5691909790039,0,1,1,0,0,2830.json,NotBuggy
3,0.18999595940113068,0.7527898674404068,0,0,0,1,1.89,0,1,19.0,130.45266723632812,0,0,0,0,0,2057.json,NotBuggy
5,0.0,0.0013947679007982445,2,1,3,2,2.99,0,2,63.0,114.50775909423828,0,2,0,0,0,2597.json,NotBuggy
7,0.044073838740587234,0.6092754571203961,2,1,3,2,2.56,1,3,40.0,112.31263732910156,0,2,0,0,0,1788.json,NotBuggy
5,0.7381839752197266,0.6339303450554857,1,1,2,2,2.99,1,0,28.0,119.52839660644531,0,2,0,0,0,1363.json,NotBuggy
3,0.9602164030075073,0.9890737132228224,0,0,0,1,1.89,0,0,13.0,132.9956512451172,0,0,0,0,0,1143.json,NotBuggy
7,3.253446484450251E-4,0.004252531213400227,4,2,6,2,2.8,1,3,62.0,109.1401138305664,0,5,0,0,0,1399.json,NotBuggy
4,0.015154880471527576,0.44206942756044687,0,0,0,1,2.0,0,1,29.0,123.1068344116211,0,2,0,0,0,883.json,NotBuggy
3,0.0,0.20231607849944794,0,0,0,1,1.89,0,1,34.0,126.78704833984375,0,2,0,0,0,2047.json,Buggy
10,0.08226176351308823,0.26329623386291245,1,2,3,4,2.8,2,0,51.0,104.34779357910156,0,2,0,0,0,2756.json,NotBuggy
3,0.8851925730705261,0.6719450952450483,0,0,0,1,1.89,0,0,22.0,129.57785034179688,0,1,0,0,0,2195.json,NotBuggy
8,0.7453573346138,0.1019685185787062,1,1,2,2,2.83,1,5,54.0,107.83899688720703,0,1,1,0,0,10.json,NotBuggy
3,0.0277300663292408,0.491076305849384,0,0,0,1,1.89,0,0,26.0,128.70916748046875,0,2,0,0,0,459.json,NotBuggy
8,0.1560090035200119,0.43760011167998575,1,1,2,2,3.12,1,3,41.0,109.6941146850586,0,1,0,0,0,1285.json,NotBuggy
10,0.006938854232430458,0.008612573097079286,2,2,4,3,3.6,2,4,69.0,102.57572174072266,0,3,1,0,0,1022.json,NotBuggy
3,0.005794963333755732,0.5582831666940684,0,0,0,1,1.89,0,1,26.0,128.60531616210938,0,2,0,0,0,903.json,NotBuggy
5,0.061068322509527206,0.15695216685347968,3,2,5,2,2.75,1,1,40.0,117.17723083496094,1,4,0,0,0,1403.json,NotBuggy
15,0.2754361033439636,0.01375394418933222,6,4,10,4,2.4,2,0,85.0,94.73872375488281,0,1,3,0,0,1997.json,Buggy
3,0.5178824067115784,0.5243600348303615,0,0,0,1,1.89,0,2,25.0,128.8092498779297,0,1,0,0,0,2134.json,NotBuggy
18,0.015152724459767342,0.0013396360911102996,5,4,9,5,2.27,1,1,95.0,90.843994140625,0,3,2,0,0,2382.json,NotBuggy
3,0.23696696758270264,0.4873863004239844,0,0,0,1,1.89,0,1,27.0,128.51292419433594,0,2,0,0,0,2770.json,NotBuggy
13,0.20078261196613312,0.02562510656496905,3,3,6,4,2.46,1,1,75.0,97.75566101074219,0,1,2,0,0,776.json,NotBuggy
6,0.3425547182559967,0.16750807604408427,0,0,0,1,1.89,0,3,44.0,114.45446014404297,0,0,1,0,0,388.json,NotBuggy
3,0.31728148460388184,0.706733698692245,0,0,0,1,1.89,0,1,20.0,130.07347106933594,0,2,0,0,0,1034.json,NotBuggy
24,0.002942540915682912,0.005277536117654607,2,5,7,4,6.22,2,11,112.0,85.51647186279297,0,2,1,0,0,2807.json,NotBuggy
7,0.18083162605762482,0.17912789244954103,1,1,2,2,2.56,1,3,47.0,111.01065063476562,0,2,1,0,0,2308.json,NotBuggy
13,0.0034863341134041548,0.007410227741396651,3,3,6,3,2.22,1,3,80.0,97.60220336914062,0,3,2,0,0,1596.json,NotBuggy
7,0.10547682642936707,0.256450769045952,0,0,0,1,1.81,0,3,42.0,111.89190673828125,0,3,0,0,0,1253.json,NotBuggy
4,0.8497205972671509,0.9574679253357076,0,0,0,1,2.0,0,0,15.0,127.59107971191406,0,0,0,0,0,207.json,NotBuggy
6,0.07198178023099899,0.06956990931662944,2,2,4,2,2.75,1,2,45.0,113.44752502441406,0,3,0,0,0,1380.json,NotBuggy
3,0.0,0.1295434001962349,0,0,0,1,1.89,0,2,37.0,126.50045013427734,0,4,0,0,0,2737.json,Buggy
10,0.8002067804336548,0.9139049885727756,2,2,4,3,2.8,1,0,40.0,106.13069152832031,0,2,0,0,0,1964.json,NotBuggy
3,0.9221517443656921,0.9150918061510062,0,0,0,1,1.89,0,0,13.0,132.9956512451172,0,0,0,0,0,399.json,NotBuggy
6,0.11609462648630142,0.7002975783889994,1,1,2,2,2.75,1,0,28.0,116.7609634399414,0,1,0,0,0,1203.json,NotBuggy
4,0.9445128440856934,0.7262462755503528,0,0,0,1,2.0,0,0,24.0,124.26470947265625,0,1,0,0,0,946.json,NotBuggy
3,0.8564666509628296,0.9505336916719748,0,0,0,1,1.89,0,0,14.0,132.61029052734375,0,0,0,0,0,363.json,NotBuggy
3,0.46176400780677795,0.9276376933946674,0,0,0,1,1.89,0,0,12.0,133.59722900390625,0,0,0,0,0,1200.json,NotBuggy
3,0.16387993097305298,0.8278760973801015,0,0,0,1,1.89,0,1,17.0,131.43582153320312,0,1,0,0,0,1193.json,NotBuggy
19,0.027012264356017113,0.014193735265722693,4,5,9,6,4.58,4,0,102.0,89.82241821289062,0,0,0,0,0,2628.json,NotBuggy
44,0.0,7.063973475726346E-11,8,8,16,9,5.72,4,18,255.0,69.76073455810547,1,4,4,0,0,734.json,Buggy
3,0.8597719669342041,0.9665284267103879,0,0,0,1,1.89,0,0,12.0,133.59722900390625,0,0,0,0,0,1061.json,NotBuggy
12,0.06965511292219162,0.008691509595153094,6,3,9,4,3.32,2,5,73.0,98.97126007080078,0,2,2,0,0,2443.json,NotBuggy
3,0.5242852568626404,0.4163534426248345,0,0,0,1,1.89,0,1,27.0,128.1388702392578,0,1,0,0,0,40.json,NotBuggy
6,0.02884228527545929,0.47690998488420266,1,1,2,2,2.75,1,1,36.0,115.03083801269531,0,2,0,0,0,2353.json,NotBuggy
4,0.057574376463890076,0.6255346600812679,0,0,0,1,2.0,0,1,26.0,123.8484878540039,0,1,0,0,0,847.json,NotBuggy
13,0.1624680459499359,9.630850909937102E-5,1,2,3,3,2.22,1,5,103.0,95.99949645996094,0,2,3,0,0,2288.json,NotBuggy
54,0.0,4.334825444405852E-16,10,14,24,14,6.91,6,11,337.0,63.448692321777344,1,3,7,0,0,2868.json,Buggy
6,0.7975353598594666,0.6058928391518734,1,1,2,2,2.75,1,1,32.0,115.71755981445312,0,1,0,0,0,2459.json,NotBuggy
3,0.21959763765335083,0.9237778119992323,0,0,0,1,1.89,0,0,12.0,133.59722900390625,0,0,0,0,0,1168.json,NotBuggy
5,0.4979690909385681,0.4030493300422892,1,1,2,2,2.99,1,0,33.0,118.43690490722656,0,3,0,0,0,1358.json,NotBuggy
4,0.035505376756191254,0.6577416546486266,0,0,0,1,3.32,0,2,25.0,124.1488037109375,0,1,0,0,0,2958.json,NotBuggy
3,0.13451267778873444,0.7506447420243162,0,0,0,1,1.89,0,1,23.0,129.34671020507812,0,1,0,0,0,1765.json,NotBuggy
4,0.04825935140252113,0.5531148248764285,0,0,0,1,2.0,0,1,27.0,123.65223693847656,0,2,0,0,0,889.json,NotBuggy
6,0.5031675696372986,0.6168638686889772,1,1,2,2,2.75,1,1,32.0,115.79641723632812,0,1,0,0,0,750.json,NotBuggy
5,0.7928565740585327,0.6342917790191146,1,1,2,2,2.99,1,0,28.0,119.44438934326172,0,1,0,0,0,1424.json,NotBuggy
37,0.0,1.3788695220002154E-7,7,11,18,10,8.0,3,3,185.0,74.23108673095703,0,4,2,0,0,2340.json,NotBuggy
6,0.7710373401641846,0.6686556929538381,1,1,2,2,2.75,1,0,30.0,116.13201141357422,0,1,0,0,0,841.json,NotBuggy
7,0.29912829399108887,0.5594943186924053,2,2,4,3,2.56,1,2,40.0,111.82997131347656,0,1,0,0,0,1795.json,NotBuggy
3,0.006029678974300623,0.6149245663155959,0,0,0,1,1.89,0,1,26.0,128.70916748046875,0,2,0,0,0,733.json,NotBuggy
9,2.6383541990071535E-4,0.0016571568379295442,2,2,4,2,10.37,1,4,82.0,103.81078338623047,1,6,0,0,0,375.json,NotBuggy
6,0.05272737517952919,0.002892721464956486,1,1,2,2,1.89,1,6,64.0,111.51822662353516,0,1,3,0,0,1573.json,NotBuggy
28,0.005325713194906712,2.9363938735666707E-7,7,4,11,6,3.46,2,18,159.0,80.1097183227539,0,3,6,0,0,784.json,NotBuggy
3,0.021290119737386703,0.5163186168169511,0,0,0,1,1.89,0,1,26.0,128.60531616210938,0,2,0,0,0,2165.json,NotBuggy
3,0.9122623205184937,0.9483322919847991,0,0,0,1,1.89,0,1,13.0,133.18099975585938,0,0,0,0,0,2491.json,NotBuggy
4,0.0,0.03004912310676648,0,0,0,1,2.0,0,1,46.0,120.41825866699219,0,0,1,0,0,2067.json,NotBuggy
3,0.8911061882972717,0.9294420013848846,0,0,0,1,1.89,0,0,15.0,131.9385528564453,0,0,0,0,0,189.json,NotBuggy
28,1.58563707373105E-4,2.1016225621229682E-14,8,5,13,7,3.86,3,18,225.0,77.85216522216797,0,2,10,0,0,2315.json,NotBuggy
3,0.002780721988528967,0.6182524303284177,0,0,0,1,1.89,0,1,26.0,128.70916748046875,0,2,0,0,0,3002.json,NotBuggy
6,0.04030167683959007,0.4656350793508748,1,1,2,2,2.75,1,1,37.0,114.96261596679688,0,3,0,0,0,2384.json,NotBuggy
4,0.008241812698543072,0.7249958231222398,0,0,0,1,3.32,0,1,26.0,124.16120147705078,0,2,0,0,0,2951.json,NotBuggy
4,0.23018887639045715,0.8252378232691212,0,0,0,1,2.0,0,0,23.0,124.7987289428711,0,1,0,0,0,24.json,NotBuggy
3,0.9340150952339172,0.9013813830720668,0,0,0,1,1.89,0,1,15.0,132.086669921875,0,0,0,0,0,1536.json,NotBuggy
3,0.7856020331382751,0.6968576425534558,0,0,0,1,1.89,0,1,18.0,130.85629272460938,0,0,0,0,0,468.json,NotBuggy
17,0.11523747444152832,3.195059484696783E-4,5,4,9,5,2.99,2,3,99.0,91.29544830322266,0,4,3,0,0,1680.json,NotBuggy
4,0.004572673700749874,0.16878618015680757,0,0,0,1,2.0,0,1,36.0,121.75926971435547,0,3,0,0,0,875.json,NotBuggy
45,0.0,2.423237474374646E-7,11,9,20,12,8.87,5,11,228.0,69.02232360839844,0,3,7,0,0,112.json,NotBuggy
3,0.06503307819366455,0.7585046304314389,0,0,0,1,1.89,0,1,22.0,129.69032287597656,0,2,0,0,0,2805.json,NotBuggy
3,0.2174636423587799,0.34853218965467975,0,0,0,1,1.89,0,1,31.0,127.690673828125,0,2,0,0,0,2268.json,NotBuggy
3,0.824662983417511,0.9091588063204332,0,0,0,1,1.89,0,0,16.0,131.60296630859375,0,0,0,0,0,1978.json,NotBuggy
12,0.22026345133781433,0.08265066951416632,3,5,8,6,2.56,1,1,65.0,99.54999542236328,0,3,0,0,0,1604.json,NotBuggy
3,0.8247786164283752,0.8382998833233857,0,0,0,1,1.89,0,0,18.0,130.85629272460938,0,0,0,0,0,288.json,NotBuggy
7,0.5788541436195374,0.6898894812318117,2,1,3,2,2.56,1,1,34.0,112.90506744384766,0,1,2,0,0,1244.json,NotBuggy
4,0.7266796231269836,0.7321510125685716,0,0,0,1,2.0,0,1,23.0,124.58238983154297,0,1,0,0,0,242.json,NotBuggy
7,0.561202347278595,0.9321621158619654,0,0,0,1,1.81,0,0,29.0,114.527587890625,0,0,0,0,0,1446.json,NotBuggy
3,0.8593903183937073,0.9017446921616634,0,0,0,1,1.89,0,0,13.0,132.9956512451172,0,0,0,0,0,2977.json,NotBuggy
3,0.7300612926483154,0.932618331106486,0,0,0,1,1.89,0,0,17.0,131.03103637695312,0,2,0,0,0,1532.json,NotBuggy
5,0.8421554565429688,0.8326070643564165,0,0,0,1,1.96,0,0,25.0,120.53388214111328,0,1,1,0,0,272.json,NotBuggy
16,0.017405128106474876,0.001498378893514823,7,6,13,6,4.24,3,1,94.0,92.4964599609375,0,2,3,0,0,644.json,NotBuggy
10,9.359225514344871E-4,0.0012759289370629224,1,1,2,2,3.12,1,6,78.0,102.12398529052734,0,2,2,0,0,2132.json,NotBuggy
3,0.785324215888977,0.8491997621535373,0,0,0,1,1.89,0,0,18.0,130.85629272460938,0,0,0,0,0,343.json,NotBuggy
3,0.3222852349281311,0.3257403734990197,1,1,2,2,1.89,0,2,31.0,127.19049072265625,0,1,0,0,0,97.json,NotBuggy
3,0.017669934779405594,0.2880867411067187,0,0,0,1,1.89,0,1,28.0,128.0337677001953,0,2,0,0,0,2226.json,NotBuggy
3,0.4671535789966583,0.9751791798322754,0,0,0,1,1.89,0,0,15.0,132.25152587890625,0,0,0,0,0,801.json,NotBuggy
3,0.9756388068199158,0.9497418655394917,0,0,0,1,1.89,0,0,13.0,132.9956512451172,0,0,0,0,0,193.json,NotBuggy
18,0.0,2.852208459476757E-7,2,2,4,3,2.98,2,10,140.0,89.0275650024414,0,3,1,0,0,74.json,NotBuggy
3,0.0449877567589283,0.6556571905993629,0,0,0,1,1.89,0,1,24.0,129.2378692626953,0,2,0,0,0,1625.json,NotBuggy
4,0.17161758244037628,0.7195784198786034,0,0,0,1,2.0,0,1,24.0,124.361083984375,0,1,0,0,0,852.json,NotBuggy
10,0.8433755040168762,0.9230583520993473,2,2,4,3,2.8,1,0,38.0,106.39741516113281,0,2,0,0,0,1357.json,NotBuggy
6,0.4203425645828247,0.029319385518831165,1,2,3,2,2.75,1,0,47.0,113.22139739990234,0,1,0,0,0,1857.json,NotBuggy
3,0.4780537784099579,0.8809608789108186,0,0,0,1,1.89,0,1,18.0,130.99049377441406,0,1,0,0,0,639.json,NotBuggy
3,0.8809433579444885,0.8940954254181055,0,0,0,1,2.0,0,0,18.0,130.99049377441406,0,0,0,0,0,2761.json,NotBuggy
3,0.00801154039800167,0.22172397511524747,0,0,0,1,1.89,0,2,34.0,127.11396026611328,0,2,0,0,0,2275.json,NotBuggy
3,0.28375115990638733,0.611913626922064,0,0,0,1,0.94,0,1,22.0,129.57785034179688,0,1,0,0,0,1659.json,NotBuggy
5,0.6746118664741516,0.2933801402287066,0,0,0,1,1.96,0,2,33.0,118.74115753173828,0,1,1,0,0,471.json,NotBuggy
10,0.5720658898353577,0.2617145708164115,3,2,5,3,3.6,2,1,51.0,104.29129791259766,0,1,1,0,0,960.json,NotBuggy
3,0.7404622435569763,0.7847631475169945,0,0,0,1,1.89,0,2,20.0,130.30841064453125,0,1,0,0,0,560.json,NotBuggy
16,0.06828472018241882,3.8546779133851925E-4,6,6,12,5,3.0,2,0,98.0,92.43450164794922,0,4,3,0,0,2164.json,NotBuggy
19,0.0052910917438566685,7.756562917761258E-6,7,10,17,8,2.78,1,1,126.0,87.61787414550781,0,2,2,0,0,833.json,NotBuggy
3,0.07594496011734009,0.45026753350939924,0,0,0,1,1.89,0,1,26.0,128.50894165039062,0,2,0,0,0,121.json,NotBuggy
3,0.10906659811735153,0.34771812192778423,0,0,0,1,1.89,0,2,28.0,128.1235809326172,0,2,0,0,0,2031.json,NotBuggy
3,0.9156392812728882,0.9260883885713913,0,0,0,1,1.89,0,0,13.0,132.9956512451172,0,0,0,0,0,1482.json,NotBuggy
3,0.5609246492385864,0.42987146817400745,0,0,0,1,1.89,0,2,25.0,128.712890625,0,1,0,0,0,2760.json,NotBuggy
3,0.4654594361782074,0.9460618506148296,0,0,0,1,1.89,0,2,19.0,130.85745239257812,0,0,0,0,0,802.json,NotBuggy
14,0.10151533037424088,8.419615641634721E-4,3,4,7,3,2.14,1,6,97.0,95.30952453613281,0,2,3,0,0,1764.json,NotBuggy
24,0.002942540915682912,0.005277536117654607,2,5,7,4,6.22,2,11,112.0,85.51647186279297,0,2,1,0,0,2788.json,NotBuggy
6,0.02226344309747219,0.462660696133336,1,1,2,2,2.75,1,1,37.0,114.88836669921875,0,2,0,0,0,1701.json,NotBuggy
3,2.739236515481025E-4,0.47929865242583414,0,0,0,1,1.89,0,1,30.0,127.96504974365234,0,3,0,0,0,1743.json,NotBuggy
8,0.39534661173820496,0.06645941023111361,1,1,2,2,2.4,1,3,53.0,108.04276275634766,0,1,2,0,0,2661.json,NotBuggy
3,0.9378549456596375,0.9677189096000106,0,0,0,1,1.89,0,0,12.0,133.59722900390625,0,0,0,0,0,2744.json,NotBuggy
3,0.3213281035423279,0.6119134028211842,0,0,0,1,1.89,0,1,22.0,129.47398376464844,0,1,0,0,0,756.json,NotBuggy
48,0.0,1.6286991298364036E-9,9,10,19,10,7.05,5,16,259.0,67.9669189453125,0,4,6,0,0,1776.json,NotBuggy
3,0.3159468173980713,0.5361650299760506,0,0,0,1,1.89,0,2,28.0,128.3238067626953,0,0,0,0,0,2777.json,NotBuggy
6,0.8047106862068176,0.7679094485068503,2,2,4,2,2.75,1,0,29.0,116.22944641113281,0,1,0,0,0,2193.json,NotBuggy
3,0.44740748405456543,0.780708461389277,0,0,0,1,1.89,0,0,19.0,130.45266723632812,0,1,0,0,0,2450.json,NotBuggy
3,0.02232145331799984,0.7661287195554455,0,0,0,1,1.89,0,0,22.0,129.69032287597656,0,0,0,0,0,1162.json,NotBuggy
10,0.006330836098641157,0.008670325143506158,2,2,4,3,3.6,2,4,69.0,102.57572174072266,0,3,1,0,0,1019.json,NotBuggy
1,0.9882094860076904,0.7234199689847454,0,0,0,1,0.0,0,0,16.0,149.548583984375,0,1,0,0,0,1864.json,NotBuggy
6,0.8222134113311768,0.7775773619201722,2,2,4,2,2.75,1,0,29.0,116.30830383300781,0,1,0,0,0,2185.json,NotBuggy
5,0.0018338391091674566,0.04219015464248849,1,1,2,2,2.99,1,2,48.0,116.1720962524414,0,2,1,0,0,2364.json,NotBuggy
9,0.44782859086990356,0.8205560358914161,1,1,2,2,3.5,1,3,35.0,108.76189422607422,0,2,0,0,0,590.json,NotBuggy
4,0.16158658266067505,0.7257567655185357,0,0,0,1,2.0,0,1,24.0,124.361083984375,0,1,0,0,0,856.json,NotBuggy
3,0.0020857476629316807,0.5014150272743189,0,0,0,1,1.89,0,1,26.0,128.50894165039062,0,1,0,0,0,2036.json,NotBuggy
15,0.18990378081798553,0.021128797118405217,3,4,7,5,5.78,4,1,82.0,94.56282043457031,0,1,2,0,0,611.json,Buggy
18,7.427440723404288E-4,7.046342955239369E-5,4,6,10,5,2.6,1,6,111.0,89.8786849975586,0,3,1,0,0,545.json,NotBuggy
3,0.9578678011894226,0.9887590553862605,0,0,0,1,1.89,0,0,13.0,132.9956512451172,0,0,0,0,0,1126.json,NotBuggy
18,0.015152724459767342,0.0013396360911102996,5,4,9,5,2.27,1,1,95.0,90.843994140625,0,3,2,0,0,2379.json,NotBuggy
18,0.015152724459767342,0.0013396360911102996,5,4,9,5,2.27,1,1,95.0,90.843994140625,0,3,2,0,0,2377.json,NotBuggy
6,0.553077220916748,0.7439881382465787,1,1,2,2,2.75,1,1,31.0,116.04551696777344,0,2,0,0,0,1719.json,NotBuggy
9,0.6083019971847534,0.872181523535626,3,2,5,3,2.67,1,0,43.0,107.73165130615234,0,3,0,0,0,1949.json,NotBuggy
3,0.3465445637702942,0.5951898543948564,0,0,0,1,1.89,0,1,22.0,129.47398376464844,0,1,0,0,0,752.json,NotBuggy
5,0.0026015397161245346,0.31926615731631863,0,0,0,1,1.96,0,3,37.0,118.39888763427734,0,3,0,0,0,990.json,NotBuggy
20,0.003734156722202897,4.3037238028805306E-5,4,6,10,7,2.49,1,6,120.0,87.34344482421875,0,3,1,0,0,1815.json,NotBuggy
3,0.008483094163239002,0.2182153101472915,0,0,0,1,1.89,0,2,34.0,127.11396026611328,0,2,0,0,0,2276.json,NotBuggy
21,8.533879881724715E-4,1.1740239334736782E-7,5,6,11,5,3.14,2,11,145.0,85.67769622802734,0,3,2,0,0,548.json,NotBuggy
8,0.6265084147453308,0.665409532887567,2,2,4,3,2.83,2,0,37.0,110.3248291015625,0,1,0,0,0,2248.json,NotBuggy
3,0.4037814140319824,0.6931830790390267,0,0,0,1,1.89,0,1,22.0,129.57785034179688,0,1,0,0,0,1832.json,NotBuggy
12,0.36157068610191345,0.03553042742135617,6,4,10,4,3.32,2,4,68.0,99.51399230957031,0,1,2,0,0,1661.json,NotBuggy
11,1.459151244489476E-4,5.159626122661539E-4,2,2,4,3,2.41,2,4,90.0,99.8458480834961,0,2,1,0,0,2095.json,NotBuggy
3,0.0,0.4935841862831411,0,0,0,1,1.89,0,1,29.0,128.0374755859375,0,3,0,0,0,3006.json,NotBuggy
12,0.2556992769241333,0.09449467582922083,3,5,8,6,2.56,1,1,65.0,99.54999542236328,0,3,0,0,0,1602.json,NotBuggy
16,0.09407883137464523,0.00709983355893073,5,5,10,6,3.07,2,0,87.0,93.06629943847656,0,3,1,0,0,2243.json,NotBuggy
22,0.5227388143539429,0.0011386293896961434,7,7,14,7,3.3,2,1,116.0,85.93871307373047,0,2,5,0,0,1650.json,NotBuggy
12,2.963104343507439E-4,8.977369594363351E-6,9,4,13,5,3.2,1,9,107.0,96.63806915283203,0,1,2,0,0,1278.json,NotBuggy
6,0.045446865260601044,0.24289798713305025,2,1,3,2,2.75,1,2,39.0,114.6888656616211,0,3,0,0,0,1648.json,NotBuggy
2,0.9970468878746033,0.9906289626049625,0,0,0,1,1.89,0,0,9.0,142.4026641845703,0,0,0,0,0,667.json,NotBuggy
19,0.005827478598803282,9.18778828793696E-6,7,10,17,8,2.78,1,1,126.0,87.6536865234375,0,2,2,0,0,831.json,NotBuggy
11,1.1521689884830266E-4,5.275404429653288E-4,2,2,4,3,2.41,2,4,90.0,99.8458480834961,0,2,1,0,0,2101.json,NotBuggy
10,0.003254055744037032,0.002084336036929668,4,3,7,3,2.53,1,6,79.0,102.01566314697266,0,3,1,0,0,1626.json,NotBuggy
77,0.0,4.1663008674009685E-17,14,22,36,18,6.76,6,18,383.0,56.30379867553711,0,4,8,0,0,1782.json,NotBuggy
4,0.010489130392670631,0.412147727262079,0,0,0,1,3.32,0,1,30.0,123.01455688476562,0,3,0,0,0,131.json,NotBuggy
3,0.015914924442768097,0.6701800374888256,0,0,0,1,1.89,0,1,24.0,129.2378692626953,0,2,0,0,0,1586.json,NotBuggy
3,0.02383081242442131,0.48774858462786475,0,0,0,1,1.89,0,1,26.0,128.60531616210938,0,2,0,0,0,2173.json,NotBuggy
12,0.10968171805143356,7.162876282744089E-4,3,4,7,5,2.56,2,0,84.0,97.97179412841797,0,1,2,0,0,2404.json,NotBuggy
3,0.8753796219825745,0.8761271189413308,0,0,0,1,1.89,0,0,19.0,130.57513427734375,0,1,0,0,0,407.json,NotBuggy
3,0.8584720492362976,0.897695796757186,0,0,0,1,1.89,0,0,16.0,131.46876525878906,0,1,0,0,0,352.json,NotBuggy
3,0.25821927189826965,0.7036302478788353,0,0,0,1,1.89,0,1,23.0,129.34671020507812,0,1,0,0,0,1348.json,NotBuggy
7,0.48794203996658325,0.5774478138460567,1,2,3,2,3.14,1,0,36.0,112.27425384521484,0,2,0,0,0,428.json,NotBuggy
3,0.5467681288719177,0.5064807638785113,1,1,2,2,1.89,0,2,27.0,128.0826873779297,0,2,0,0,0,1882.json,NotBuggy
6,0.1046721339225769,0.6019380578624715,0,0,0,2,2.75,1,1,33.0,115.63639831542969,0,2,1,0,0,2771.json,NotBuggy
3,0.0017812990117818117,0.16432842192701944,0,0,0,1,1.89,0,1,34.0,126.86129760742188,0,2,0,0,0,1266.json,NotBuggy
5,0.00237267161719501,0.331786780583196,0,0,0,1,1.96,0,3,37.0,118.39888763427734,0,3,0,0,0,992.json,NotBuggy
9,0.8409431576728821,0.9724398887511843,1,1,2,2,3.77,2,2,30.0,109.6474838256836,0,0,0,0,0,1507.json,NotBuggy
21,0.06884149461984634,1.3868892927287649E-5,6,5,11,5,3.77,3,9,127.0,86.57709503173828,0,1,5,0,0,738.json,NotBuggy
3,0.32660433650016785,0.36098634648269634,0,0,0,1,1.89,0,1,28.0,128.0337677001953,0,2,0,0,0,2131.json,NotBuggy
3,0.6799776554107666,0.7916545257167789,0,0,0,1,1.89,0,1,19.0,130.45266723632812,0,1,0,0,0,212.json,NotBuggy
6,0.3516428470611572,0.27502321101870325,2,2,4,2,2.75,1,1,38.0,114.55023956298828,0,2,0,0,0,532.json,NotBuggy
19,0.005934088956564665,7.535168605484034E-6,7,10,17,8,2.78,1,1,126.0,87.61787414550781,0,2,2,0,0,834.json,NotBuggy
3,0.5303256511688232,0.3676907823011708,0,0,0,1,1.89,0,1,31.0,127.690673828125,0,0,0,0,0,3032.json,NotBuggy
18,0.030349502339959145,6.441319988500912E-5,6,7,13,6,2.92,2,0,112.0,89.56623840332031,0,4,3,0,0,2233.json,NotBuggy
7,0.5960395932197571,0.1637079544987566,1,1,2,2,3.02,1,2,46.0,111.12248992919922,0,1,1,0,0,224.json,NotBuggy
5,0.9213282465934753,0.9439446124413142,0,0,0,1,1.96,0,0,20.0,122.167236328125,0,0,1,0,0,292.json,NotBuggy
5,0.5094531178474426,0.38463639396430205,2,2,4,2,2.99,1,1,33.0,118.43690490722656,0,2,0,0,0,1366.json,NotBuggy
3,0.683078408241272,0.9214405532028513,0,0,0,1,1.89,0,0,16.0,131.60296630859375,0,0,0,0,0,334.json,NotBuggy
5,0.6150929927825928,0.8813292555253455,1,1,2,2,2.99,1,0,23.0,120.95380401611328,0,1,0,0,0,507.json,NotBuggy
3,0.8612674474716187,0.8782455971677148,0,0,0,1,1.89,0,0,16.0,131.46876525878906,0,1,0,0,0,213.json,NotBuggy
6,0.738821804523468,0.7088402355851718,2,2,4,3,2.75,1,1,33.0,115.40640258789062,0,1,0,0,0,1323.json,NotBuggy
21,0.008549935184419155,9.757972599250131E-5,7,7,14,7,2.8,2,5,120.0,86.67195892333984,0,3,2,0,0,1657.json,NotBuggy
3,0.2110201120376587,0.9310315912686169,0,0,0,1,1.89,0,0,14.0,132.4454345703125,0,0,0,0,0,379.json,NotBuggy
7,0.014354665763676167,0.012598075543346273,1,1,2,2,2.4,1,2,59.0,109.39801788330078,0,3,1,0,0,122.json,NotBuggy
3,0.004311981610953808,0.2343340241416642,0,0,0,1,1.89,0,1,33.0,127.01653289794922,0,2,0,0,0,1847.json,NotBuggy
3,0.049308452755212784,0.5874975103038308,0,0,0,1,1.89,0,1,25.0,128.8092498779297,0,1,0,0,0,1343.json,NotBuggy
21,0.0,2.513641366840513E-7,1,4,5,5,4.08,1,9,155.0,85.47673034667969,1,2,1,0,0,66.json,NotBuggy
8,0.6123431921005249,0.5807149548068272,2,2,4,3,2.83,2,0,37.0,110.3248291015625,0,1,0,0,0,2256.json,NotBuggy
3,0.8763319849967957,0.9637029589563522,0,0,0,1,1.89,0,0,12.0,133.59722900390625,0,0,0,0,0,2518.json,NotBuggy
3,0.06149062141776085,0.621989762249922,0,0,0,1,1.89,0,2,25.0,128.91311645507812,0,2,0,0,0,604.json,NotBuggy
7,0.4309927225112915,0.2969361136578025,0,0,0,2,3.02,1,2,41.0,111.7208480834961,0,1,0,0,0,1525.json,NotBuggy
3,0.24788646399974823,0.5383510760353073,0,0,0,1,1.89,0,0,28.0,128.3238067626953,0,1,0,0,0,1529.json,NotBuggy
3,0.0,0.19143562722331703,0,0,0,1,1.89,0,1,32.0,127.17654418945312,0,2,0,0,0,2995.json,NotBuggy
3,0.9602164030075073,0.9890737132228224,0,0,0,1,1.89,0,0,13.0,132.9956512451172,0,0,0,0,0,1149.json,NotBuggy
5,0.6638404130935669,0.3303115337060124,0,0,0,1,1.96,0,2,33.0,118.82000732421875,0,1,1,0,0,470.json,NotBuggy
3,0.7285444140434265,0.7444806739200251,0,0,0,1,1.89,0,2,20.0,130.18594360351562,0,1,0,0,0,715.json,NotBuggy
6,0.2898222506046295,0.3772890747166027,1,1,2,2,2.75,1,0,36.0,115.03083801269531,0,0,0,0,0,2913.json,NotBuggy
3,0.3630546033382416,0.5214679186373201,0,0,0,1,1.89,0,1,26.0,128.50894165039062,0,2,0,0,0,682.json,NotBuggy
3,0.8022637367248535,0.8984301800704674,0,0,0,1,1.89,0,2,17.0,131.43582153320312,0,0,0,0,0,1412.json,NotBuggy
21,0.01801145076751709,2.4837808266194694E-8,6,5,11,6,2.8,2,5,152.0,85.02710723876953,0,3,4,0,0,13.json,NotBuggy
3,0.5981337428092957,0.943598471923757,0,0,0,1,1.89,0,0,12.0,133.59722900390625,0,0,0,0,0,1170.json,NotBuggy
12,0.2935435175895691,0.159649253440583,1,3,4,5,6.14,2,0,50.0,101.03275299072266,0,1,0,0,0,2826.json,NotBuggy
3,0.7764579057693481,0.9624479894134674,0,0,0,1,1.89,0,0,12.0,133.59722900390625,0,0,0,0,0,1182.json,NotBuggy
7,0.4683842360973358,0.1011322372333979,3,3,6,4,2.56,1,0,51.0,110.06295013427734,0,2,0,0,0,823.json,NotBuggy
9,0.07732048630714417,0.019080197415999554,1,2,3,3,2.95,2,3,63.0,104.84944152832031,0,2,0,0,0,2859.json,NotBuggy
8,0.18137788772583008,0.05576511132925354,2,1,3,2,2.65,1,3,52.0,107.98535919189453,0,2,2,0,0,2679.json,NotBuggy
6,0.6150625944137573,0.5785738365974493,2,2,4,2,2.75,1,1,33.0,115.63639831542969,0,1,0,0,0,410.json,NotBuggy
13,0.13032536208629608,0.08463883060742626,2,2,4,3,2.79,1,5,66.0,98.650390625,0,1,2,0,0,551.json,NotBuggy
3,0.7168903946876526,0.7654031315309079,0,0,0,1,1.89,0,2,22.0,129.94700622558594,0,1,0,0,0,202.json,NotBuggy
13,0.1133805587887764,3.016698501755908E-4,4,4,8,5,2.65,2,1,93.0,96.14583587646484,0,2,3,0,0,2423.json,NotBuggy
3,0.06850821524858475,0.5822680721980793,0,0,0,1,1.89,0,2,25.0,128.8092498779297,0,2,0,0,0,607.json,NotBuggy
3,0.0020826500840485096,0.30262875433035297,0,0,0,1,1.89,0,1,30.0,127.76480865478516,0,3,0,0,0,139.json,NotBuggy
8,0.03528034687042236,0.04483871540959452,3,3,6,3,2.6,1,5,56.0,107.41989135742188,0,1,1,0,0,3022.json,NotBuggy
3,0.44560831785202026,0.49236519549421337,0,0,0,1,1.89,0,2,27.0,128.51292419433594,0,0,0,0,0,19.json,NotBuggy
29,0.0,1.7397846250582026E-13,11,20,31,8,5.18,3,16,242.0,77.0683822631836,0,2,3,0,0,2711.json,NotBuggy
3,0.004227627534419298,0.12154580415665608,0,0,0,1,1.89,0,2,37.0,126.50045013427734,0,2,0,0,0,2284.json,NotBuggy
11,0.0049665821716189384,0.005084314139859705,4,2,6,3,2.41,1,4,76.0,100.62306213378906,0,3,1,0,0,700.json,NotBuggy
4,0.17786267399787903,0.7157207712680197,0,0,0,1,2.0,0,1,24.0,124.361083984375,0,1,0,0,0,846.json,NotBuggy
12,0.5974374413490295,0.8588723712988466,4,2,6,3,2.56,1,5,47.0,102.11528015136719,0,0,1,0,0,3023.json,NotBuggy
17,0.011157074943184853,0.002795223854100097,3,4,7,5,2.47,1,0,96.0,91.94600677490234,0,3,0,0,0,1969.json,Buggy
10,0.05341212451457977,0.171142548350381,1,2,3,3,2.8,1,0,55.0,104.12217712402344,0,2,0,0,0,1968.json,Buggy
57,0.0,6.016011126067544E-11,4,25,29,27,2.5,3,8,232.0,61.36588668823242,0,1,2,0,0,3049.json,NotBuggy
6,0.49545833468437195,0.3093730966845662,1,1,2,2,2.75,1,3,37.0,114.88836669921875,0,1,0,0,0,747.json,NotBuggy
3,0.4159923493862152,0.855281574270825,0,0,0,1,1.89,0,0,15.0,131.9385528564453,0,0,0,0,0,915.json,NotBuggy
3,0.6085655689239502,0.6870154913056712,0,0,0,1,1.89,0,1,19.0,130.57513427734375,0,1,0,0,0,1388.json,NotBuggy
3,0.03837442770600319,0.6841822082926478,0,0,0,1,1.89,0,1,24.0,129.2378692626953,0,2,0,0,0,1783.json,NotBuggy
3,0.8369153141975403,0.7397603011841942,0,0,0,1,1.89,0,0,20.0,130.18594360351562,0,1,0,0,0,2477.json,NotBuggy
3,0.5104267001152039,0.611204568591886,0,0,0,1,1.89,0,1,22.0,129.37762451171875,0,1,0,0,0,772.json,NotBuggy
25,5.342121003195643E-4,1.4712769200346563E-10,8,10,18,8,2.66,2,13,189.0,80.78510284423828,0,4,5,0,0,1744.json,NotBuggy
9,0.5898109674453735,0.8799873982192786,3,2,5,3,2.67,1,0,43.0,107.73165130615234,0,3,0,0,0,1947.json,NotBuggy
3,0.7236883044242859,0.854493485417443,0,0,0,1,1.89,0,0,20.0,130.18594360351562,0,2,0,0,0,1967.json,NotBuggy
6,0.6021984219551086,0.40681389087125697,1,1,2,2,2.73,1,2,34.0,115.32806396484375,0,1,0,0,0,712.json,NotBuggy
3,0.9379347562789917,0.9595890942340723,0,0,0,1,1.89,0,1,13.0,133.18099975585938,0,0,0,0,0,662.json,NotBuggy
21,0.07812265306711197,0.019460028849695735,3,7,10,6,2.24,1,2,94.0,88.17178344726562,0,0,3,0,0,627.json,NotBuggy
28,0.0,1.8780709702300123E-9,4,8,12,9,2.23,1,11,194.0,78.89768981933594,0,3,1,0,0,1588.json,NotBuggy
9,0.004198724403977394,8.161933700418437E-5,0,0,0,2,2.67,1,4,85.0,103.11493682861328,0,2,3,0,0,76.json,NotBuggy
19,0.0018048970960080624,2.4508208541734154E-5,5,3,8,4,1.93,1,9,144.0,87.84351348876953,0,2,5,0,0,56.json,NotBuggy
5,0.9170454740524292,0.9449074828414435,0,0,0,1,1.96,0,0,20.0,122.167236328125,0,0,1,0,0,295.json,NotBuggy
23,0.34687376022338867,0.0015766158257015783,5,3,8,4,4.57,2,4,107.0,86.04187774658203,0,3,1,0,0,1124.json,NotBuggy
3,0.009939692914485931,0.5466401683632327,0,0,0,1,1.89,0,1,26.0,128.70916748046875,0,2,0,0,0,2167.json,NotBuggy
7,0.489156037569046,0.5750832377884542,1,1,2,2,2.56,1,1,36.0,112.60784912109375,0,2,0,0,0,825.json,NotBuggy
3,0.22222107648849487,0.9027976445019446,0,0,0,1,1.89,0,0,13.0,132.9956512451172,0,0,0,0,0,1485.json,NotBuggy
12,0.3780565857887268,0.010821677490671417,5,4,9,4,3.32,2,4,74.0,99.02832794189453,0,1,2,0,0,1664.json,NotBuggy
8,0.17502273619174957,0.04944477375002722,2,1,3,2,2.4,1,1,54.0,107.83899688720703,0,2,3,0,0,2976.json,NotBuggy
5,0.8119117021560669,0.6806685969445968,0,0,0,1,1.96,0,1,28.0,119.75839233398438,0,1,1,0,0,333.json,NotBuggy
5,0.0011692490661516786,0.017851304733577916,3,2,5,2,2.99,1,3,51.0,115.80237579345703,0,3,0,0,0,1391.json,NotBuggy
26,0.03370494022965431,4.375696064194154E-7,13,9,22,7,6.71,5,6,153.0,81.50615692138672,0,2,7,0,0,1652.json,NotBuggy
22,0.011172576807439327,2.5424213998669174E-8,6,5,11,6,2.75,2,5,152.0,84.29681396484375,0,3,4,0,0,14.json,NotBuggy
3,0.0,0.41063238381131595,0,0,0,1,1.89,0,2,28.0,128.21994018554688,0,2,0,0,0,546.json,NotBuggy
12,0.0020091338083148003,3.927121326802524E-4,1,2,3,3,3.82,1,9,94.0,98.15805053710938,0,1,1,0,0,2501.json,NotBuggy
23,0.005964985117316246,1.4594350987587941E-7,8,11,19,9,3.49,2,3,154.0,83.05592346191406,0,2,3,0,0,829.json,NotBuggy
16,0.10237232595682144,0.007159014393575021,5,5,10,6,3.07,2,0,87.0,93.06629943847656,0,3,1,0,0,2227.json,NotBuggy
19,0.006265684030950069,7.567688292506189E-6,7,10,17,8,2.78,1,1,126.0,87.61787414550781,0,2,2,0,0,837.json,NotBuggy
43,1.540564262541011E-4,2.5492008303591147E-9,13,14,27,11,3.66,3,6,237.0,69.98052215576172,0,1,10,0,0,1654.json,NotBuggy
3,4.5075613888911903E-4,0.34115213406389644,0,0,0,1,1.89,0,1,30.0,127.59099578857422,0,2,0,0,0,2962.json,NotBuggy
3,0.1634080559015274,0.774210497262641,0,0,0,1,1.89,0,1,21.0,129.93223571777344,0,1,0,0,0,2034.json,NotBuggy
3,0.9578678011894226,0.9887590553862605,0,0,0,1,1.89,0,0,13.0,132.9956512451172,0,0,0,0,0,1153.json,NotBuggy
11,0.09543955326080322,0.02201864514490548,3,2,5,4,4.58,3,4,72.0,100.62635803222656,0,2,2,0,0,766.json,NotBuggy
3,0.6025007367134094,0.9429172662391069,0,0,0,1,1.89,0,0,14.0,132.61029052734375,0,1,0,0,0,1534.json,NotBuggy
14,0.2267581820487976,0.04227975759922368,5,4,9,5,3.18,2,0,73.0,96.46566009521484,0,3,1,0,0,2158.json,NotBuggy
3,0.9602164030075073,0.9890737132228224,0,0,0,1,1.89,0,0,13.0,132.9956512451172,0,0,0,0,0,1119.json,NotBuggy
12,0.09253165870904922,0.05993103523399722,4,3,7,4,2.56,1,6,64.0,100.09062194824219,0,1,0,0,0,1106.json,NotBuggy
5,0.8575012683868408,0.6544357804895063,0,0,0,1,1.96,0,2,31.0,119.31893157958984,0,1,0,0,0,483.json,NotBuggy
6,0.32078179717063904,0.3761860198596048,1,1,2,2,2.75,1,3,38.0,114.90279388427734,0,2,0,0,0,1228.json,NotBuggy
4,0.004774103872478008,0.18058690560614726,0,0,0,1,2.0,0,1,36.0,121.82937622070312,0,3,0,0,0,866.json,NotBuggy
3,0.0019690997432917356,0.5234208842484386,0,0,0,1,1.89,0,1,26.0,128.50894165039062,0,1,0,0,0,2040.json,NotBuggy
4,0.7959993481636047,0.8077545264384527,0,0,0,1,2.0,0,2,23.0,124.92120361328125,0,0,0,0,0,480.json,NotBuggy
3,0.2756229341030121,0.8716587450893085,0,0,0,1,1.89,0,0,17.0,131.28770446777344,0,1,0,0,0,923.json,NotBuggy
4,0.711456835269928,0.7515314237885006,0,0,0,1,2.0,0,1,23.0,124.58238983154297,0,1,0,0,0,357.json,NotBuggy
34,0.0,3.2238320952083865E-14,7,9,16,10,2.79,1,24,265.0,73.36577606201172,0,2,9,0,0,1992.json,NotBuggy
3,0.0023287469521164894,0.6257196634265736,0,0,0,1,1.89,0,2,29.0,128.37628173828125,0,3,0,0,0,2002.json,NotBuggy
3,0.32868629693984985,0.20691645258531474,0,0,0,1,1.89,0,2,31.0,127.50450134277344,0,3,0,0,0,1212.json,NotBuggy
4,0.0,0.01983197087625938,0,0,0,1,2.0,0,1,49.0,119.90979766845703,0,0,1,0,0,2070.json,NotBuggy
4,0.010110484436154366,0.9051853825384489,0,0,0,1,3.32,0,0,17.0,126.62725830078125,0,1,0,0,0,724.json,NotBuggy
12,0.09779787063598633,0.006018843752564193,3,3,6,4,2.56,2,1,76.0,98.88965606689453,0,1,2,0,0,2416.json,NotBuggy
3,0.007361132651567459,0.4770188887483493,0,0,0,1,1.89,0,1,26.0,128.50894165039062,0,2,0,0,0,2842.json,NotBuggy
6,0.039196621626615524,0.46576202580685017,1,1,2,2,2.75,1,1,37.0,114.96261596679688,0,3,0,0,0,2396.json,NotBuggy
6,0.511157751083374,0.8813446327434483,1,1,2,2,2.75,1,1,26.0,117.14632415771484,0,0,0,0,0,1984.json,Buggy
7,0.18482132256031036,0.5676000379756491,2,1,3,2,2.56,1,3,40.0,111.91561889648438,0,0,0,0,0,2890.json,NotBuggy
7,0.7115904688835144,0.5973675527465573,1,1,2,2,3.02,1,0,36.0,112.60784912109375,0,1,0,0,0,3020.json,NotBuggy
3,0.4236213266849518,0.8766827683305292,0,0,0,1,1.89,0,1,18.0,130.99049377441406,0,1,0,0,0,641.json,NotBuggy
3,0.818977415561676,0.812553446011391,0,0,0,1,1.89,0,1,19.0,130.70933532714844,0,1,0,0,0,505.json,NotBuggy
16,0.10237232595682144,0.007131990155419547,5,5,10,6,3.07,2,0,87.0,93.06629943847656,0,3,1,0,0,2239.json,NotBuggy
4,0.04382731392979622,0.5616252964093373,0,0,0,1,2.0,0,1,27.0,123.65223693847656,0,2,0,0,0,867.json,NotBuggy
3,0.6203193068504333,0.63275947564119,0,0,0,1,1.89,0,1,22.0,129.37762451171875,0,1,0,0,0,1163.json,NotBuggy
3,0.002456601010635495,0.39227412140756346,0,0,0,1,1.89,0,2,29.0,127.94110107421875,0,3,0,0,0,570.json,NotBuggy
4,0.04760417714715004,0.5614403940388656,0,0,0,1,2.0,0,1,27.0,123.65223693847656,0,2,0,0,0,873.json,NotBuggy
3,0.7976449131965637,0.8742551725660518,0,0,0,1,1.89,0,0,17.0,131.1535186767578,0,1,0,0,0,926.json,NotBuggy
3,0.6281237006187439,0.684411504343632,0,0,0,1,1.89,0,1,21.0,129.81976318359375,0,1,0,0,0,119.json,NotBuggy
18,0.015152724459767342,0.0013396360911102996,5,4,9,5,2.27,1,1,95.0,90.843994140625,0,3,2,0,0,2380.json,NotBuggy
9,0.013112940825521946,0.10109935594745956,5,3,8,3,2.67,1,6,58.0,105.7522964477539,0,2,0,0,0,1733.json,NotBuggy
11,0.05572481453418732,0.09065531489529349,3,2,5,3,2.67,2,6,70.0,101.2071533203125,0,4,0,0,0,1094.json,NotBuggy
3,0.005349934566766024,0.7457454042977096,0,0,0,1,1.89,0,1,25.0,128.91311645507812,0,3,0,0,0,679.json,NotBuggy
3,0.5128803253173828,0.7816741036588686,0,0,0,1,1.89,0,3,20.0,130.30841064453125,0,0,0,0,0,227.json,NotBuggy
13,0.08206317573785782,9.317232653763667E-4,6,4,10,4,5.84,3,6,86.0,96.67166900634766,0,1,3,0,0,2721.json,NotBuggy
3,0.6742234826087952,0.9136001186394107,0,0,0,1,1.89,0,1,15.0,132.086669921875,0,0,0,0,0,2697.json,NotBuggy
5,0.6710782051086426,0.8996643841503034,1,1,2,2,2.99,1,0,23.0,120.95380401611328,0,1,0,0,0,504.json,NotBuggy
3,0.007361132651567459,0.487480303225557,0,0,0,1,1.89,0,1,26.0,128.50894165039062,0,2,0,0,0,2851.json,NotBuggy
3,0.6119703054428101,0.9433607598250833,0,0,0,1,1.89,0,0,12.0,133.59722900390625,0,0,0,0,0,1047.json,NotBuggy
5,0.925407886505127,0.9431988628185793,0,0,0,1,1.96,0,0,20.0,122.167236328125,0,0,1,0,0,321.json,NotBuggy
3,0.9472504258155823,0.9693854704479992,0,0,0,1,1.89,0,0,12.0,133.59722900390625,0,0,0,0,0,2526.json,NotBuggy
10,0.5664005875587463,0.27649877866862915,3,2,5,3,3.6,2,1,51.0,104.29129791259766,0,1,1,0,0,953.json,NotBuggy
15,0.18704968690872192,0.0060531444554820625,7,4,11,4,3.16,2,1,87.0,94.36613464355469,0,1,4,0,0,2219.json,NotBuggy
3,0.9421270489692688,0.967352312587159,0,0,0,1,1.89,0,0,12.0,133.59722900390625,0,0,0,0,0,101.json,NotBuggy
24,0.002942540915682912,0.005277536117654607,2,5,7,4,6.22,2,11,112.0,85.51647186279297,0,2,1,0,0,2804.json,NotBuggy
3,0.806919276714325,0.9179178579698426,0,0,0,1,1.89,0,1,16.0,131.60296630859375,0,0,0,0,0,37.json,NotBuggy
3,0.002506532473489642,0.40644961039955024,0,0,0,1,1.89,0,2,29.0,127.94110107421875,0,3,0,0,0,569.json,NotBuggy
3,0.7068344354629517,0.894682563416699,0,0,0,1,1.89,0,1,16.0,131.75106811523438,0,0,0,0,0,259.json,NotBuggy
5,0.5151136517524719,0.38285430083835553,1,1,2,2,2.99,1,0,33.0,118.43690490722656,0,3,0,0,0,1385.json,NotBuggy
3,0.7764296531677246,0.9340197878593818,0,0,0,1,1.89,0,0,14.0,132.4454345703125,0,0,0,0,0,220.json,NotBuggy
9,0.5757904648780823,0.8770961549900802,3,2,5,3,2.67,1,0,43.0,107.73165130615234,0,3,0,0,0,1953.json,NotBuggy
9,0.004749307408928871,0.01357192591774832,4,3,7,3,2.67,1,4,68.0,104.7257080078125,0,3,0,0,0,1784.json,NotBuggy
3,0.4761839210987091,0.9310599829064089,0,0,0,1,1.89,0,0,12.0,133.59722900390625,0,0,0,0,0,1077.json,NotBuggy
3,0.4413519501686096,0.8123036835195064,0,0,0,1,1.89,0,1,17.0,131.28770446777344,0,1,0,0,0,1421.json,NotBuggy
4,0.8422072529792786,0.9588474667373333,0,0,0,1,2.0,0,0,15.0,127.59107971191406,0,0,0,0,0,210.json,NotBuggy
17,0.2866646349430084,0.16256152919784536,3,3,6,4,5.47,2,2,72.0,93.62205505371094,0,2,0,0,0,1508.json,NotBuggy
3,0.147312194108963,0.7463343320651621,0,0,0,1,1.89,0,2,20.0,130.30841064453125,0,1,0,0,0,380.json,NotBuggy
3,0.7618634700775146,0.900626824521817,0,0,0,1,1.89,0,0,17.0,131.28770446777344,0,1,0,0,0,229.json,NotBuggy
3,1.2317999789956957E-4,0.40895649687068514,0,0,0,1,1.89,0,2,33.0,127.46943664550781,0,3,0,0,0,1952.json,NotBuggy
5,0.9300525784492493,0.941089241260079,0,0,0,1,1.96,0,0,20.0,122.167236328125,0,0,1,0,0,264.json,NotBuggy
3,0.7817065119743347,0.8096464118087444,0,0,0,1,1.89,0,1,19.0,130.70933532714844,0,1,0,0,0,501.json,NotBuggy
3,0.8339627385139465,0.9414143036087326,0,0,0,1,1.89,0,0,14.0,132.4454345703125,0,0,0,0,0,525.json,NotBuggy
9,0.10183771699666977,0.09749477257463705,1,1,2,2,2.67,1,2,53.0,106.02811431884766,0,3,2,0,0,448.json,NotBuggy
7,0.8933077454566956,0.7964143716428432,1,1,2,2,2.56,1,0,33.0,113.31297302246094,0,2,0,0,0,1229.json,NotBuggy
23,0.06480834633111954,5.1791623362703266E-5,6,7,13,6,4.25,4,8,127.0,84.71917724609375,0,0,4,0,0,3025.json,NotBuggy
11,0.005043555051088333,0.0032045633063510514,3,3,6,4,4.45,3,7,79.0,100.24163818359375,0,1,1,0,0,1616.json,NotBuggy
1,0.9824405312538147,0.7349970960661104,0,0,0,1,0.0,0,0,16.0,149.548583984375,0,1,0,0,0,1859.json,NotBuggy
13,0.10299883782863617,1.1651126503490977E-4,1,2,3,3,2.22,1,5,103.0,96.0364990234375,0,2,3,0,0,2290.json,NotBuggy
7,0.20196585357189178,0.1771503248774006,0,0,0,2,3.02,1,1,44.0,111.1737060546875,0,2,0,0,0,1569.json,NotBuggy
3,0.7486655712127686,0.9265162184147514,0,0,0,1,1.89,0,1,17.0,131.28770446777344,0,0,0,0,0,933.json,NotBuggy
8,0.13233284652233124,0.7632144794962162,1,1,2,2,3.12,1,0,38.0,110.32634735107422,0,0,0,0,0,1996.json,Buggy
10,0.00813589058816433,0.049755149360215765,3,1,4,2,2.8,1,3,61.0,103.69681549072266,0,4,1,0,0,1467.json,NotBuggy
9,0.052558545023202896,0.0040092135054528065,0,0,0,2,2.67,1,5,65.0,104.58041381835938,0,1,3,0,0,2702.json,NotBuggy
4,0.3900062143802643,0.33714456236630996,1,1,2,2,3.32,0,1,33.0,122.05183410644531,0,1,0,0,0,1524.json,NotBuggy
21,2.224919298896566E-4,8.387584938948641E-6,1,8,9,9,2.49,8,9,157.0,85.3314208984375,0,1,0,0,0,959.json,NotBuggy
7,0.02599826641380787,0.1629173569830149,2,1,3,2,3.33,1,1,46.0,110.99961853027344,0,1,1,0,0,526.json,NotBuggy
8,0.07502227276563644,0.009260570297517414,2,1,3,2,2.83,1,0,70.0,106.71305847167969,0,1,2,0,0,440.json,NotBuggy
18,0.005997320171445608,1.3604799845782075E-6,5,6,11,6,4.06,3,4,124.0,88.70530700683594,0,2,3,0,0,1576.json,NotBuggy
5,0.001070293365046382,0.04931594152860079,0,0,0,1,1.96,0,0,51.0,116.55635833740234,0,2,2,0,0,1205.json,NotBuggy
12,0.0026059295050799847,6.508277775127124E-4,4,3,7,2,3.46,1,11,85.0,98.63986206054688,0,3,0,0,0,1245.json,NotBuggy
9,0.07732048630714417,0.019476982094229933,1,2,3,3,2.95,2,3,63.0,104.84944152832031,0,2,0,0,0,2863.json,NotBuggy
3,0.7856020331382751,0.7058373474176842,0,0,0,1,1.89,0,1,18.0,130.85629272460938,0,0,0,0,0,472.json,NotBuggy
4,0.0011232267133891582,0.08077708629211143,0,0,0,1,2.0,0,1,40.0,121.08204650878906,0,0,1,0,0,2069.json,NotBuggy
17,0.12736229598522186,0.0035708549600578297,1,1,2,2,2.78,1,2,96.0,92.53825378417969,0,1,0,0,0,557.json,NotBuggy
3,0.002780721988528967,0.6182524303284177,0,0,0,1,1.89,0,1,26.0,128.70916748046875,0,2,0,0,0,3005.json,NotBuggy
14,0.14144857227802277,0.002048523441101941,4,3,7,5,2.7,1,2,83.0,95.5764389038086,0,1,1,0,0,1352.json,NotBuggy
5,0.0987301915884018,0.3448986586288091,0,0,0,1,1.96,0,2,35.0,118.43518829345703,0,2,1,0,0,111.json,NotBuggy
11,0.0,5.458225934639479E-4,2,2,4,3,2.41,2,4,90.0,99.8458480834961,0,2,1,0,0,2097.json,NotBuggy
3,0.9180932641029358,0.8619550551122189,0,0,0,1,1.89,0,0,18.0,130.85629272460938,0,1,0,0,0,1874.json,NotBuggy
16,0.0,2.555437210752868E-10,5,4,9,4,3.0,1,12,158.0,89.66830444335938,0,7,4,0,0,731.json,NotBuggy
7,0.4971759021282196,0.09410684453975836,3,3,6,4,2.56,1,0,51.0,110.06295013427734,0,2,0,0,0,824.json,NotBuggy
11,0.2667098343372345,0.667404165149508,2,2,4,3,2.67,2,3,47.0,103.39551544189453,0,0,0,0,0,2818.json,NotBuggy
3,0.6780118346214294,0.87954266453196,0,0,0,1,1.89,0,2,17.0,131.43582153320312,0,0,0,0,0,2927.json,Buggy
9,0.5568825602531433,0.900089322632495,3,2,5,3,2.67,1,0,43.0,107.73165130615234,0,3,0,0,0,1954.json,NotBuggy
4,0.01627209223806858,0.439965004447116,0,0,0,1,2.0,0,1,29.0,123.1068344116211,0,2,0,0,0,865.json,NotBuggy
3,0.026674721390008926,0.5099520673783657,0,0,0,1,1.89,0,1,26.0,128.60531616210938,0,2,0,0,0,2155.json,NotBuggy
13,0.29945701360702515,0.3976280518394909,3,3,6,4,2.46,1,2,58.0,99.56515502929688,0,2,1,0,0,1624.json,NotBuggy
5,0.0024277877528220415,0.3386561161118813,0,0,0,1,1.96,0,3,37.0,118.39888763427734,0,3,0,0,0,988.json,NotBuggy
36,0.0,3.2614248162890845E-14,4,13,17,13,3.37,9,12,279.0,71.88018798828125,0,2,1,0,0,817.json,NotBuggy
8,0.639974057674408,0.616976987262268,2,2,4,3,2.83,2,0,37.0,110.3248291015625,0,1,0,0,0,2259.json,NotBuggy
13,0.01863524690270424,0.007920189219219938,2,3,5,4,2.46,1,5,77.0,97.57095336914062,0,3,1,0,0,1762.json,NotBuggy
1,0.8419601321220398,0.5267103159310473,0,0,0,1,0.0,0,1,17.0,148.95103454589844,0,0,0,0,0,437.json,NotBuggy
6,0.7129279375076294,0.803307556351874,2,2,4,2,2.75,1,1,30.0,116.21601867675781,0,1,0,0,0,522.json,NotBuggy
6,0.8063593506813049,0.809910584980082,1,1,2,2,2.75,1,1,32.0,116.17046356201172,0,1,0,0,0,2118.json,NotBuggy
6,0.3683435320854187,0.676950463006398,1,1,2,2,2.75,1,2,31.0,116.04551696777344,0,1,0,0,0,1838.json,NotBuggy
13,0.0,2.5362700730172193E-5,1,4,5,5,2.79,4,5,109.0,95.44355773925781,0,1,0,0,0,654.json,NotBuggy
10,0.1510382443666458,0.11022214244046617,3,2,5,3,3.6,2,3,56.0,103.80496215820312,0,1,1,0,0,109.json,NotBuggy
3,0.8194761276245117,0.9196796588142736,0,0,0,1,1.89,0,0,16.0,131.60296630859375,0,0,0,0,0,1977.json,NotBuggy
5,0.031497012823820114,0.1563154743981117,0,0,0,1,1.96,0,3,43.0,117.36475372314453,0,3,2,0,0,2886.json,NotBuggy
18,0.012185635976493359,2.810135125449667E-4,7,8,15,6,3.33,3,7,111.0,89.84716796875,0,2,1,0,0,1792.json,NotBuggy
3,0.44961869716644287,0.8742159373991442,0,0,0,1,1.89,0,0,17.0,131.28770446777344,0,1,0,0,0,1042.json,NotBuggy
9,0.7102827429771423,0.8888981340225819,1,1,2,2,4.62,1,0,34.0,108.68942260742188,0,1,0,0,0,1445.json,NotBuggy
3,0.8446413278579712,0.9184701134552787,0,0,0,1,1.89,0,1,17.0,131.60067749023438,0,0,0,0,0,364.json,NotBuggy
7,0.00834344420582056,0.040818250840234514,2,1,3,2,2.8,1,2,50.0,110.3525161743164,0,4,0,0,0,1405.json,NotBuggy
3,0.0014066138537600636,0.4262932760874006,0,0,0,1,1.89,0,1,29.0,128.14134216308594,0,3,0,0,0,1724.json,NotBuggy
5,0.7643223404884338,0.1742540683574087,2,2,4,3,1.96,0,0,40.0,117.00711822509766,0,1,2,0,0,198.json,NotBuggy
3,0.873887836933136,0.9565776690439982,0,0,0,1,1.89,0,0,12.0,133.59722900390625,0,0,0,0,0,519.json,NotBuggy
13,0.0018085286719724536,2.582366876303189E-4,10,7,17,5,4.58,3,5,95.0,96.07479858398438,0,4,1,0,0,1727.json,NotBuggy
3,0.831299901008606,0.8088975348878477,0,0,0,1,1.89,0,0,17.0,131.28770446777344,0,1,0,0,0,385.json,NotBuggy
3,0.5089569687843323,0.7605721921338234,0,0,0,1,1.89,0,2,24.0,129.2378692626953,0,0,0,0,0,416.json,NotBuggy
8,0.6901220083236694,0.2667561652333872,1,1,2,2,2.4,1,0,48.0,108.55803680419922,0,0,3,0,0,658.json,NotBuggy
3,0.9252454042434692,0.9381971123666608,0,0,0,1,1.89,0,1,13.0,133.18099975585938,0,0,0,0,0,965.json,NotBuggy
3,0.5518779754638672,0.8023311611149739,0,0,0,1,1.89,0,1,18.0,130.85629272460938,0,0,0,0,0,1584.json,NotBuggy
10,0.6411094665527344,0.472896997306881,1,2,3,3,2.53,1,1,49.0,104.92229461669922,0,1,1,0,0,21.json,NotBuggy
4,0.005042875651270151,0.5867323280703687,0,0,0,1,3.32,0,1,29.0,123.37702178955078,0,3,0,0,0,2952.json,NotBuggy
15,0.0602380707859993,0.46667995400849854,3,4,7,5,2.4,1,3,71.0,95.76583862304688,0,2,0,0,0,1796.json,NotBuggy
6,0.4750014543533325,0.8667871619956552,1,1,2,2,2.75,1,0,28.0,116.7609634399414,0,1,0,0,0,1195.json,NotBuggy
3,0.7246872186660767,0.7559167007467622,0,0,0,1,1.89,0,2,22.0,129.94700622558594,0,1,0,0,0,257.json,NotBuggy
3,0.8778263330459595,0.9546161441973603,0,0,0,1,1.89,0,0,14.0,132.79563903808594,0,1,0,0,0,245.json,NotBuggy
5,0.64835524559021,0.6472218055465175,1,1,2,2,2.99,1,0,28.0,119.52839660644531,0,2,0,0,0,1360.json,NotBuggy
3,0.4839830994606018,0.9627542128495842,0,0,0,1,1.89,0,0,12.0,133.59722900390625,0,0,0,0,0,1503.json,NotBuggy
3,0.8383864164352417,0.8134830916125485,0,0,0,1,1.89,0,2,17.0,131.28770446777344,0,0,0,0,0,1487.json,NotBuggy
4,0.08958949148654938,0.23495340732535722,0,0,0,1,3.32,0,3,36.0,121.98247528076172,0,2,0,0,0,81.json,NotBuggy
10,0.15600019693374634,0.28149770433101784,4,2,6,3,2.53,1,3,53.0,104.44413757324219,0,1,1,0,0,690.json,NotBuggy
4,0.8383212685585022,0.9578357277628804,0,0,0,1,2.0,0,0,15.0,127.59107971191406,0,0,0,0,0,325.json,NotBuggy
5,0.5983877778053284,0.3687381024101565,2,2,4,2,2.99,1,0,32.0,118.52680969238281,0,2,0,0,0,1364.json,NotBuggy
3,0.0036662709899246693,0.39097474902065676,0,0,0,1,1.89,0,1,27.0,128.22288513183594,0,3,0,0,0,1020.json,NotBuggy
3,0.0044120969250798225,0.2468455853148268,0,0,0,1,1.89,0,2,34.0,127.21033477783203,0,2,0,0,0,2279.json,NotBuggy
3,0.8106120824813843,0.9304545843432074,0,0,0,1,1.89,0,0,14.0,132.4454345703125,0,0,0,0,0,283.json,NotBuggy
55,0.0,3.3727763877340814E-25,13,13,26,13,3.99,3,21,405.0,62.47858810424805,0,2,20,0,0,1720.json,NotBuggy
32,7.627397426404059E-4,2.7535374697522674E-8,8,7,15,8,3.62,3,15,189.0,76.63387298583984,0,5,6,0,0,3056.json,NotBuggy
12,0.13284222781658173,0.004681488757299058,3,3,6,4,2.56,2,0,78.0,98.84840393066406,0,1,2,0,0,2409.json,NotBuggy
8,0.05130244046449661,0.012861850079253254,1,1,2,2,3.74,1,7,59.0,107.28077697753906,0,2,0,0,0,1842.json,NotBuggy
7,0.1039227768778801,0.2640809389528637,0,0,0,1,1.81,0,3,42.0,111.89190673828125,0,3,0,0,0,1249.json,NotBuggy
23,0.25739729404449463,0.0010587299540910445,5,3,8,4,4.57,2,4,107.0,86.04187774658203,0,3,1,0,0,1112.json,NotBuggy
4,0.0,0.023594185528819044,0,0,0,1,2.0,0,1,49.0,120.08972930908203,0,0,1,0,0,2071.json,NotBuggy
3,0.17279474437236786,0.7381631484345527,0,0,0,1,1.89,0,1,21.0,129.81976318359375,0,1,0,0,0,2032.json,NotBuggy
8,0.6650311946868896,0.619758446612208,2,2,4,3,2.83,2,0,37.0,110.3248291015625,0,1,0,0,0,2244.json,NotBuggy
3,0.0015862309373915195,0.5077417148718065,0,0,0,1,1.89,0,1,26.0,128.60531616210938,0,2,0,0,0,939.json,NotBuggy
15,0.30768412351608276,0.01218566480564115,4,4,8,5,2.47,1,16,87.0,94.38778686523438,0,1,1,0,0,1440.json,NotBuggy
3,0.27962085604667664,0.20934887718264084,0,0,0,1,1.89,0,2,31.0,127.50450134277344,0,3,0,0,0,812.json,NotBuggy
7,0.8387770056724548,0.9365906156860806,1,1,2,2,3.02,1,1,26.0,114.64908599853516,0,0,0,0,0,477.json,NotBuggy
3,0.011618169955909252,0.5831662004398678,0,0,0,1,1.89,0,1,23.0,129.14646911621094,0,0,0,0,0,2638.json,NotBuggy
6,0.34899961948394775,0.8730016221653651,1,1,2,2,2.75,1,0,28.0,116.7609634399414,0,1,0,0,0,1062.json,NotBuggy
3,0.2817955017089844,0.8476444334867758,0,0,0,1,1.89,0,0,15.0,131.9385528564453,0,0,0,0,0,1437.json,NotBuggy
3,0.33919623494148254,0.2579400817507578,0,0,0,1,1.89,0,2,29.0,127.76728820800781,0,2,0,0,0,911.json,NotBuggy
3,0.0238668043166399,0.5486477540964884,0,0,0,1,1.89,0,1,25.0,128.712890625,0,1,0,0,0,1777.json,NotBuggy
3,0.009231988340616226,0.31695108199089417,0,0,0,1,1.89,0,1,28.0,128.1235809326172,0,2,0,0,0,2236.json,NotBuggy
3,0.5128803253173828,0.7816741036588686,0,0,0,1,1.89,0,3,20.0,130.30841064453125,0,0,0,0,0,282.json,NotBuggy
5,0.11747540533542633,0.6070312790823182,0,0,0,1,1.96,0,2,29.0,119.57592010498047,0,2,0,0,0,2968.json,NotBuggy
3,0.0,0.20022999292487417,0,0,0,1,1.89,0,1,35.0,126.87342071533203,0,3,0,0,0,1728.json,NotBuggy
3,0.7453866004943848,0.7983321505687413,0,0,0,1,1.89,0,2,19.0,130.57513427734375,0,1,0,0,0,567.json,NotBuggy
3,0.8596389889717102,0.9340283337538479,0,0,0,1,1.89,0,0,13.0,132.9956512451172,0,0,0,0,0,1435.json,NotBuggy
9,0.21460841596126556,0.01822340859370736,2,2,4,3,2.67,1,3,63.0,104.80158233642578,0,2,0,0,0,2263.json,NotBuggy
17,0.11523747444152832,3.557956912149637E-4,5,4,9,5,2.99,2,3,99.0,91.32908630371094,0,4,3,0,0,1682.json,NotBuggy
3,0.5641464591026306,0.9149465044002436,0,0,0,1,1.89,0,1,15.0,132.25152587890625,0,0,0,0,0,2892.json,NotBuggy
3,0.0,0.1319929026140437,0,0,0,1,1.89,0,0,39.0,126.40052032470703,0,2,0,0,0,2510.json,NotBuggy
3,0.0,0.20231607849944794,0,0,0,1,1.89,0,1,34.0,126.78704833984375,0,2,0,0,0,2046.json,Buggy
1,0.886346697807312,0.441840894288952,0,0,0,1,0.0,0,1,17.0,148.95103454589844,0,0,0,0,0,432.json,NotBuggy
3,0.2065388262271881,0.7873532937215169,0,0,0,1,1.89,0,1,21.0,130.05470275878906,0,1,0,0,0,2029.json,NotBuggy
3,0.10017606616020203,0.6526945275470344,0,0,0,1,1.89,0,1,25.0,129.0255889892578,0,2,0,0,0,1873.json,NotBuggy
3,0.19214850664138794,0.44218858812985423,0,0,0,1,1.89,0,2,25.0,128.62307739257812,0,1,0,0,0,917.json,NotBuggy
11,0.8274695873260498,0.8771693954107052,2,2,4,4,3.45,2,0,46.0,103.47679901123047,0,1,1,0,0,1833.json,NotBuggy
3,0.114036925137043,0.3378926952434451,0,0,0,1,1.89,0,2,28.0,128.1235809326172,0,2,0,0,0,2035.json,NotBuggy
22,0.03599921986460686,0.0018048866372967001,5,4,9,5,3.53,2,3,100.0,87.06635284423828,0,3,2,0,0,2673.json,Buggy
3,0.001807143446058035,0.30485316317758304,0,0,0,1,1.89,0,1,30.0,127.76480865478516,0,3,0,0,0,137.json,NotBuggy
3,0.0629788339138031,0.6906913460713028,0,0,0,1,1.89,0,0,23.0,129.34671020507812,0,0,0,0,0,2509.json,NotBuggy
3,0.6694381237030029,0.8864593607737449,0,0,0,1,1.89,0,2,17.0,131.28770446777344,0,0,0,0,0,195.json,NotBuggy
24,0.0018796538934111595,2.842614147434745E-5,5,5,10,6,5.71,5,15,138.0,84.0119857788086,0,0,1,0,0,1999.json,Buggy
3,0.8729141354560852,0.6580649183426094,0,0,0,1,1.89,0,0,22.0,129.47398376464844,0,1,0,0,0,2201.json,NotBuggy
3,0.5988785624504089,0.8442257280852156,0,0,0,1,1.89,0,1,19.0,130.57513427734375,0,1,0,0,0,1902.json,NotBuggy
7,0.7547067999839783,0.7033999522970521,1,1,2,2,2.56,1,2,35.0,112.91719818115234,0,1,1,0,0,2979.json,NotBuggy
7,0.7801786065101624,0.9419071887318267,1,1,2,2,3.02,1,1,25.0,114.95689392089844,0,0,0,0,0,478.json,NotBuggy
6,0.8072913885116577,0.6527019805237085,1,1,2,2,2.75,1,0,30.0,116.21601867675781,0,1,0,0,0,912.json,NotBuggy
3,0.9085582494735718,0.8671696164213117,0,0,0,1,1.89,0,1,18.0,130.85629272460938,0,1,0,0,0,1322.json,NotBuggy
21,0.0,1.6944284624040276E-11,4,6,10,6,2.85,2,9,192.0,84.0153579711914,0,3,3,0,0,2091.json,NotBuggy
6,0.04143022373318672,0.46024684541609184,1,1,2,2,2.75,1,1,37.0,114.96261596679688,0,3,0,0,0,2390.json,NotBuggy
3,0.004000572022050619,0.3015000743964187,0,0,0,1,1.89,0,2,30.0,127.76480865478516,0,3,0,0,0,595.json,NotBuggy
5,0.826539933681488,0.6833602459990934,0,0,0,1,1.96,0,1,28.0,119.75839233398438,0,1,1,0,0,218.json,NotBuggy
3,0.18329277634620667,0.7603051824085031,0,0,0,1,1.89,0,1,21.0,129.81976318359375,0,1,0,0,0,2038.json,NotBuggy
3,0.8390935063362122,0.933935101134136,0,0,0,1,1.89,0,0,14.0,132.4454345703125,0,0,0,0,0,15.json,NotBuggy
5,0.30165916681289673,0.2836732319573597,0,0,0,1,3.92,0,2,36.0,118.21444702148438,0,2,1,0,0,2857.json,NotBuggy
3,0.7955899834632874,0.9192814279310643,0,0,0,1,1.89,0,0,16.0,131.75106811523438,0,0,0,0,0,2627.json,NotBuggy
24,0.002942540915682912,0.005277536117654607,2,5,7,4,6.22,2,11,112.0,85.51647186279297,0,2,1,0,0,2795.json,NotBuggy
3,0.7339943051338196,0.815920489726691,0,0,0,1,1.89,0,2,19.0,130.57513427734375,0,1,0,0,0,575.json,NotBuggy
10,0.007439283654093742,0.013224445134189225,4,2,6,3,2.53,1,4,70.0,102.75118255615234,0,3,1,0,0,691.json,NotBuggy
37,0.0,1.3825906989108648E-7,7,11,18,10,8.0,3,3,185.0,74.23108673095703,0,4,2,0,0,2352.json,NotBuggy
23,0.31211960315704346,0.00163507904679399,5,3,8,4,4.57,2,4,107.0,86.04187774658203,0,3,1,0,0,1142.json,NotBuggy
10,0.0013652750058099627,4.177900026504064E-4,2,2,4,3,3.6,2,7,84.0,101.46604919433594,0,3,1,0,0,96.json,NotBuggy
3,0.102546826004982,0.3904845010065082,0,0,0,1,1.89,0,1,31.0,127.79454040527344,0,2,0,0,0,2269.json,NotBuggy
5,0.8359060287475586,0.8330192767020592,0,0,0,1,1.96,0,0,25.0,120.53388214111328,0,1,1,0,0,332.json,NotBuggy
3,0.12333257496356964,0.8190458651220617,0,0,0,1,1.89,0,1,20.0,130.44261169433594,0,1,0,0,0,2759.json,NotBuggy
3,0.7224698066711426,0.9320358765514072,0,0,0,1,1.89,0,1,15.0,132.25152587890625,0,0,0,0,0,336.json,NotBuggy
3,0.2737889587879181,0.6898428584797152,0,0,0,1,0.94,0,1,21.0,129.93223571777344,0,1,0,0,0,1672.json,NotBuggy
12,0.016342390328645706,0.07150236911521922,3,3,6,4,2.05,1,1,65.0,100.19923400878906,0,2,0,0,0,630.json,NotBuggy
4,7.075475296005607E-4,0.07823546254495496,0,0,0,1,2.0,0,1,40.0,121.14502716064453,0,0,1,0,0,2068.json,NotBuggy
9,0.9055209159851074,0.8765901331828211,0,0,0,2,3.12,1,2,38.0,108.25540161132812,0,0,1,0,0,516.json,Buggy
3,0.6159446835517883,0.9212327356466172,0,0,0,1,1.89,0,2,17.0,131.60067749023438,0,1,0,0,0,3044.json,NotBuggy
7,0.03856833651661873,0.16595148275604862,2,1,3,2,3.33,1,3,46.0,111.05950927734375,0,0,1,0,0,527.json,NotBuggy
12,0.011585691012442112,0.002929292512698276,1,1,2,2,2.56,1,6,86.0,98.70686340332031,0,0,3,0,0,800.json,NotBuggy
10,0.1482599377632141,0.005446524466413375,3,2,5,3,4.45,1,0,74.0,102.3057632446289,0,4,2,0,0,2387.json,NotBuggy
8,0.6660443544387817,0.37887835650976,1,1,2,2,4.8,1,1,45.0,108.89363861083984,0,1,1,0,0,1517.json,NotBuggy
3,0.9292646646499634,0.7650286244112305,0,0,0,1,1.89,0,0,19.0,130.45266723632812,0,1,0,0,0,491.json,NotBuggy
9,0.07555712014436722,0.31375440071098387,2,2,4,3,2.95,2,0,52.0,106.32013702392578,0,1,0,0,0,633.json,NotBuggy
11,0.10786326974630356,0.05702716541498409,3,3,6,3,5.42,2,1,66.0,101.21864318847656,0,2,1,0,0,50.json,NotBuggy
6,0.5780078768730164,0.6880958547227829,1,1,2,2,2.75,1,2,34.0,115.65497589111328,0,1,0,0,0,1758.json,NotBuggy
3,0.9297559261322021,0.9367561243791425,0,0,0,1,1.89,0,1,14.0,132.61029052734375,0,0,0,0,0,2488.json,NotBuggy
18,0.015152724459767342,0.0013396360911102996,5,4,9,5,2.27,1,1,95.0,90.843994140625,0,3,2,0,0,2378.json,NotBuggy
3,0.7224698066711426,0.9320358765514072,0,0,0,1,1.89,0,1,15.0,132.25152587890625,0,0,0,0,0,276.json,NotBuggy
3,0.312882661819458,0.7773121560982718,0,0,0,1,1.89,0,1,19.0,130.45266723632812,0,1,0,0,0,457.json,NotBuggy
13,0.018469316884875298,2.5881032008174957E-4,7,5,12,4,3.72,2,6,89.0,96.39240264892578,0,2,2,0,0,745.json,NotBuggy
13,0.13040772080421448,0.05709404608657373,3,3,6,4,2.46,1,1,73.0,97.9981918334961,0,1,2,0,0,778.json,NotBuggy
15,0.06288911402225494,0.20786704629384206,3,3,6,4,2.61,1,1,65.0,96.45496368408203,0,1,0,0,0,1994.json,Buggy
21,0.001634175074286759,3.7437337841945474E-4,6,5,11,6,3.47,3,6,119.0,87.1260757446289,0,1,1,0,0,2747.json,NotBuggy
3,0.873329222202301,0.8297125032484816,0,0,0,1,1.89,0,0,17.0,131.28770446777344,0,0,0,0,0,490.json,NotBuggy
3,0.9270300269126892,0.8462270668144962,0,0,0,1,1.89,0,0,13.0,132.9956512451172,0,0,0,0,0,403.json,NotBuggy
3,0.2977744936943054,0.8449656221850198,0,0,0,1,1.89,0,1,21.0,129.93223571777344,0,2,0,0,0,1265.json,NotBuggy
14,0.40333718061447144,0.23221943781758672,3,3,6,5,3.09,2,0,65.0,97.28276062011719,0,1,1,0,0,1351.json,NotBuggy
3,0.8664951324462891,0.9512906628593449,0,0,0,1,1.89,0,0,14.0,132.61029052734375,0,0,0,0,0,361.json,NotBuggy
3,0.03687019273638725,0.6183637469052867,0,0,0,1,1.89,0,1,24.0,129.12539672851562,0,0,0,0,0,660.json,NotBuggy
6,0.03859494999051094,0.23446832640161394,2,1,3,2,2.75,1,3,39.0,114.6888656616211,0,2,0,0,0,1707.json,NotBuggy
4,0.046308550983667374,0.5577485292560992,0,0,0,1,2.0,0,1,27.0,123.65223693847656,0,2,0,0,0,870.json,NotBuggy
8,0.3376316726207733,0.019188117272522152,1,2,3,2,2.83,1,0,57.0,107.41413879394531,0,2,1,0,0,1986.json,NotBuggy
3,0.500292956829071,0.80856105901,0,0,0,1,1.89,0,1,17.0,131.28770446777344,0,1,0,0,0,1420.json,NotBuggy
5,0.9497179388999939,0.7193483699663744,3,2,5,2,2.99,0,1,33.0,118.67401885986328,0,2,0,0,0,1822.json,NotBuggy
3,0.001367485849186778,0.42733067002176855,0,0,0,1,1.89,0,1,29.0,127.94110107421875,0,3,0,0,0,906.json,NotBuggy
8,0.011271987110376358,0.05026997316583445,0,0,0,1,1.73,0,3,54.0,108.12109375,0,2,0,0,0,603.json,NotBuggy
22,0.0,1.6362594631550711E-9,5,7,12,6,1.92,1,7,193.0,83.26307678222656,0,3,2,0,0,2183.json,NotBuggy
3,0.0038833741564303637,0.38067606582612995,0,0,0,1,1.89,0,1,27.0,128.22288513183594,0,3,0,0,0,1014.json,NotBuggy
4,0.27407217025756836,0.5307451884809492,0,0,0,1,2.0,0,3,28.0,123.37332153320312,0,1,0,0,0,1466.json,NotBuggy
2,0.9970468878746033,0.9906289626049625,0,0,0,1,1.89,0,0,9.0,142.4026641845703,0,0,0,0,0,675.json,NotBuggy
18,0.006419036537408829,4.8617815457472615E-4,5,8,13,5,2.85,1,4,108.0,90.09642791748047,0,3,0,0,0,669.json,NotBuggy
16,0.0011889837915077806,4.6415077860885256E-5,5,4,9,5,3.67,2,12,115.0,91.80116271972656,0,2,1,0,0,2716.json,NotBuggy
3,0.18172113597393036,0.8189189177626844,0,0,0,1,1.89,0,1,19.0,130.45266723632812,0,0,0,0,0,1263.json,NotBuggy
3,0.18968307971954346,0.4415415531742407,0,0,0,1,1.89,0,1,25.0,128.53907775878906,0,1,0,0,0,788.json,NotBuggy
18,0.0035585283767431974,6.081439155541289E-8,1,2,3,3,3.3,2,16,151.0,88.6342544555664,0,1,4,0,0,90.json,NotBuggy
12,0.03940955176949501,0.00811498413195581,8,4,12,4,3.4,2,3,74.0,98.98412322998047,0,2,2,0,0,1627.json,NotBuggy
3,0.8027406334877014,0.9048021060148844,0,0,0,1,1.89,0,0,14.0,132.4454345703125,0,0,0,0,0,1502.json,NotBuggy
6,0.1486617773771286,0.5434453495232016,1,1,2,2,2.75,1,1,37.0,114.88836669921875,0,2,0,0,0,1697.json,NotBuggy
3,0.8822252154350281,0.9563455189714914,0,0,0,1,1.89,0,0,12.0,133.59722900390625,0,0,0,0,0,503.json,NotBuggy
3,0.002743627643212676,0.37152094509315703,0,1,1,2,1.89,0,0,30.0,127.20789337158203,0,4,0,0,0,414.json,NotBuggy
3,0.5055702328681946,0.8159856194378533,0,0,0,1,1.89,0,0,17.0,131.28770446777344,0,1,0,0,0,3013.json,NotBuggy
3,0.9192318916320801,0.9725904815303994,0,0,0,1,1.89,0,0,12.0,133.59722900390625,0,0,0,0,0,2745.json,NotBuggy
41,0.0,1.2289165617673285E-7,8,9,17,9,2.43,2,7,259.0,70.79878997802734,0,2,10,0,0,1643.json,NotBuggy
9,0.014287630096077919,0.12350384126626288,4,3,7,3,2.67,1,5,56.0,105.86466979980469,0,2,0,0,0,1599.json,NotBuggy
6,0.21290390193462372,0.49355359834483853,2,2,4,2,2.75,1,2,36.0,115.10508728027344,0,2,0,0,0,2458.json,NotBuggy
8,0.40642139315605164,0.13934446855320776,1,1,2,2,2.4,1,3,50.0,108.46271514892578,0,1,2,0,0,1040.json,NotBuggy
3,0.022159650921821594,0.2857820043378507,0,0,0,1,1.89,0,1,28.0,128.0337677001953,0,2,0,0,0,2230.json,NotBuggy
3,0.115052729845047,0.9148782562860739,0,0,0,1,1.89,0,1,14.0,132.61029052734375,0,0,0,0,0,1459.json,NotBuggy
3,0.014408932998776436,0.6378019528346285,0,0,0,1,1.89,0,1,25.0,128.91311645507812,0,2,0,0,0,1814.json,NotBuggy
3,0.4072238802909851,0.879413310134539,0,0,0,1,1.89,0,0,17.0,131.28770446777344,0,1,0,0,0,1165.json,NotBuggy
6,0.022898925468325615,0.4612635397058945,1,1,2,2,2.75,1,1,37.0,114.88836669921875,0,2,0,0,0,1679.json,NotBuggy
3,0.016418488696217537,0.4263104465081149,0,0,0,1,1.89,0,1,26.0,128.41912841796875,0,2,0,0,0,2881.json,NotBuggy
16,0.009850431233644485,9.139212354303478E-4,7,6,13,7,2.58,6,6,110.0,92.1832046508789,0,1,0,0,0,1339.json,NotBuggy
7,0.7733153104782104,0.8607223611059467,1,1,2,2,3.02,1,2,31.0,113.63807678222656,0,1,0,0,0,2468.json,NotBuggy
3,0.7402960658073425,0.9060273444339104,0,0,0,1,1.89,0,0,17.0,131.28770446777344,0,1,0,0,0,289.json,NotBuggy
12,0.1666843444108963,0.004493408915898293,3,3,6,4,2.56,2,0,78.0,98.80055236816406,0,1,2,0,0,2405.json,NotBuggy
12,0.010109598748385906,0.001906918847935241,2,1,3,4,6.69,3,7,82.0,98.11506652832031,0,1,1,0,0,1105.json,NotBuggy
3,0.009036784991621971,0.5398218724517182,0,0,0,1,1.89,0,1,26.0,128.50894165039062,0,2,0,0,0,2852.json,NotBuggy
3,0.025292646139860153,0.2846450473941976,0,0,0,1,1.89,0,1,29.0,127.68843078613281,0,1,0,0,0,798.json,NotBuggy
23,0.40431222319602966,0.0017962535089631137,5,3,8,4,4.57,2,4,107.0,86.07023620605469,0,3,1,0,0,1148.json,NotBuggy
3,2.9047398129478097E-4,0.1548600377374814,0,0,0,1,1.89,0,1,36.0,126.64292907714844,0,4,0,0,0,683.json,NotBuggy
6,0.8207765221595764,0.9436016508986906,1,1,2,2,2.75,1,1,23.0,118.12267303466797,0,0,0,0,0,540.json,NotBuggy
3,0.9344409704208374,0.9634257595778639,0,0,0,1,1.89,0,0,12.0,133.59722900390625,0,0,0,0,0,349.json,NotBuggy
3,0.8729230165481567,0.6552907593625455,0,0,0,1,1.89,0,0,22.0,129.47398376464844,0,1,0,0,0,2199.json,NotBuggy
3,0.9584575891494751,0.7446535797893005,0,0,0,1,1.89,0,1,23.0,129.2428436279297,0,2,0,0,0,1101.json,NotBuggy
17,0.7593942284584045,0.08915910373685745,3,4,7,5,3.39,2,5,74.0,92.98833465576172,0,0,1,0,0,1483.json,NotBuggy
3,0.6657156944274902,0.8607837825724166,0,0,0,1,1.89,0,1,17.0,131.28770446777344,0,1,0,0,0,1032.json,NotBuggy
3,0.9378864765167236,0.9629142966524025,0,0,0,1,1.89,0,0,12.0,133.59722900390625,0,0,0,0,0,291.json,NotBuggy
14,0.5085021257400513,0.01697036210475078,4,4,8,5,3.0,2,0,85.0,95.5804443359375,0,1,2,0,0,1937.json,NotBuggy
3,0.754246175289154,0.6240265258220692,0,0,0,1,1.89,0,1,20.0,130.18594360351562,0,0,0,0,0,2537.json,NotBuggy
3,0.0,0.14418023499193539,0,0,0,1,1.89,0,0,39.0,126.40052032470703,0,2,0,0,0,2516.json,NotBuggy
3,0.934866189956665,0.8027314269666754,1,1,2,2,1.89,0,0,20.0,129.95594787597656,0,1,0,0,0,1621.json,NotBuggy
3,0.21251054108142853,0.5811835788316861,0,0,0,1,1.89,0,1,23.0,129.14646911621094,0,1,0,0,0,2636.json,NotBuggy
3,0.8719322085380554,0.8902036250233547,0,0,0,1,1.89,0,0,16.0,131.46876525878906,0,1,0,0,0,266.json,NotBuggy
11,0.032107580453157425,0.018778344847976122,7,4,11,4,3.45,2,3,67.0,101.00061798095703,0,2,1,0,0,1609.json,NotBuggy
3,0.0742395892739296,0.6232085603533662,0,0,0,1,1.89,0,1,23.0,129.2428436279297,0,3,0,0,0,984.json,NotBuggy
3,0.0733741894364357,0.6748472323964839,0,0,0,1,1.89,0,1,23.0,129.34671020507812,0,2,0,0,0,377.json,NotBuggy
5,0.002631888957694173,0.3321939101334066,0,0,0,1,1.96,0,3,37.0,118.39888763427734,0,3,0,0,0,1000.json,NotBuggy
3,0.8904138207435608,0.9642142249304322,0,0,0,1,1.89,0,0,12.0,133.59722900390625,0,0,0,0,0,2772.json,NotBuggy
3,0.8729230165481567,0.6578951896959514,0,0,0,1,1.89,0,0,22.0,129.47398376464844,0,1,0,0,0,2202.json,NotBuggy
4,0.01581506058573723,0.4441405313906697,0,0,0,1,2.0,0,1,29.0,123.1068344116211,0,2,0,0,0,877.json,NotBuggy
3,0.2276308238506317,0.8394290383991008,0,0,0,1,1.89,0,0,17.0,131.28770446777344,0,1,0,0,0,1070.json,NotBuggy
3,0.7796823978424072,0.9630382978594952,0,0,0,1,1.89,0,0,12.0,133.59722900390625,0,0,0,0,0,1973.json,NotBuggy
3,0.7948864698410034,0.8367274563654433,0,0,0,1,1.89,0,0,18.0,130.85629272460938,0,0,0,0,0,187.json,NotBuggy
12,0.12335612624883652,0.07021048972517292,2,2,4,3,2.56,1,3,64.0,100.2090835571289,0,1,2,0,0,764.json,NotBuggy
3,0.7242147922515869,0.9569793353381777,0,0,0,1,1.89,0,0,12.0,133.59722900390625,0,0,0,0,0,1180.json,NotBuggy
3,0.25821927189826965,0.6932425387833958,0,0,0,1,1.89,0,1,23.0,129.34671020507812,0,1,0,0,0,1349.json,NotBuggy
4,0.046308550983667374,0.5596645103331718,0,0,0,1,2.0,0,1,27.0,123.65223693847656,0,2,0,0,0,882.json,NotBuggy
39,0.0,1.971058148603054E-11,2,22,24,16,4.61,3,0,245.0,70.53756713867188,0,2,0,0,0,2561.json,NotBuggy
7,0.17432184517383575,0.6961524432137417,0,0,0,1,1.81,0,2,37.0,112.94803619384766,0,0,1,0,0,41.json,NotBuggy
10,0.006820491515100002,0.008742133948630751,2,2,4,3,3.6,2,4,69.0,102.57572174072266,0,3,1,0,0,1025.json,NotBuggy
13,0.10149464756250381,2.5498814971076586E-4,4,4,8,5,2.65,2,1,93.0,96.1075668334961,0,2,3,0,0,2421.json,NotBuggy
11,0.6301982402801514,0.5548586234714369,1,1,2,3,2.67,1,0,45.0,103.62164306640625,0,1,0,0,0,16.json,NotBuggy
3,0.06392137706279755,0.7487842179641955,0,0,0,1,3.77,0,1,23.0,129.34671020507812,0,2,0,0,0,2966.json,NotBuggy
4,1.0178927914239466E-4,0.019622064536064354,0,0,0,1,3.32,0,11,56.0,119.76895141601562,0,0,0,0,0,2506.json,NotBuggy
6,0.5284106731414795,0.7039876680039767,1,1,2,2,2.75,1,1,30.0,116.13201141357422,0,1,0,0,0,1280.json,NotBuggy
3,0.001367485849186778,0.42733067002176855,0,0,0,1,1.89,0,1,29.0,127.94110107421875,0,3,0,0,0,904.json,NotBuggy
6,0.03889402747154236,0.4494547673516327,1,1,2,2,2.75,1,1,37.0,114.96261596679688,0,3,0,0,0,2398.json,NotBuggy
8,0.9475389719009399,0.8230177132362158,2,2,4,3,2.83,1,2,34.0,110.67472076416016,0,0,0,0,0,1494.json,NotBuggy
5,0.8029464483261108,0.6744327791849485,0,0,0,1,1.96,0,1,28.0,119.75839233398438,0,1,1,0,0,304.json,NotBuggy
3,0.007794705685228109,0.48789840115968935,0,0,0,1,1.89,0,1,26.0,128.50894165039062,0,2,0,0,0,2843.json,NotBuggy
3,0.8843519687652588,0.9473609486738788,0,0,0,1,1.89,0,0,13.0,132.9956512451172,0,0,0,0,0,1436.json,NotBuggy
4,0.6292560696601868,0.8517994173662085,0,0,0,1,2.0,0,2,22.0,125.02987670898438,0,1,0,0,0,1514.json,NotBuggy
27,5.444849375635386E-4,2.0682987561422466E-13,8,5,13,7,3.93,3,16,216.0,78.74857330322266,0,2,9,0,0,2320.json,NotBuggy
8,0.001482242252677679,7.744757823149738E-4,2,2,4,2,4.44,1,6,77.0,105.99392700195312,0,2,0,0,0,2832.json,NotBuggy
5,0.0,0.010032039573630436,0,0,0,1,2.71,0,10,57.0,115.62542724609375,0,1,0,0,0,2500.json,NotBuggy
3,0.5011008381843567,0.714266659073143,0,0,0,1,1.89,0,1,19.0,130.45266723632812,0,1,0,0,0,2562.json,NotBuggy
3,0.7942152619361877,0.7966713596429457,0,0,0,1,1.89,0,1,19.0,130.70933532714844,0,1,0,0,0,508.json,NotBuggy
6,0.11231055855751038,0.7132625580496632,1,1,2,2,2.75,1,1,30.0,116.13201141357422,0,1,0,0,0,1282.json,NotBuggy
18,0.09946813434362411,0.002510417737346299,7,8,15,6,2.92,2,6,98.0,90.63292694091797,0,2,1,0,0,1655.json,NotBuggy
3,0.20891320705413818,0.7434036765767728,0,0,0,1,1.89,0,1,19.0,130.45266723632812,0,0,0,0,0,2055.json,NotBuggy
3,0.44637003540992737,0.8867366922515876,0,0,0,1,1.89,0,0,16.0,131.91592407226562,0,0,0,0,0,77.json,NotBuggy
21,0.0,3.9357383797726916E-11,1,8,9,9,2.47,8,9,224.0,83.0990982055664,0,3,0,0,0,819.json,NotBuggy
11,0.7020738124847412,0.7752890819094036,1,1,2,2,2.56,1,2,45.0,104.1253433227539,0,1,1,0,0,2669.json,Buggy
9,0.13129369914531708,0.1188316527530392,1,1,2,2,2.95,1,3,54.0,106.15443420410156,0,1,1,0,0,3030.json,NotBuggy
3,0.7495126128196716,0.8795057223853728,0,0,0,1,1.89,0,0,18.0,130.99049377441406,0,1,0,0,0,284.json,NotBuggy
4,0.8143703937530518,0.37652436567865843,0,0,0,1,2.0,0,0,32.0,122.5949478149414,0,1,0,0,0,956.json,NotBuggy
6,0.7631773352622986,0.2359757780434423,2,1,3,2,2.75,1,1,40.0,114.41285705566406,0,1,0,0,0,2463.json,NotBuggy
3,0.0,0.4280068450224522,0,0,0,1,1.89,0,1,31.0,127.690673828125,0,3,0,0,0,2042.json,NotBuggy
3,0.8969553709030151,0.5518347930285008,0,0,0,1,1.89,0,1,24.0,128.7513427734375,0,1,0,0,0,2981.json,NotBuggy
13,0.23890317976474762,0.38830037800766193,1,2,3,3,4.04,1,2,57.0,99.5691909790039,0,1,1,0,0,2776.json,NotBuggy
3,0.5242852568626404,0.4163534426248345,0,0,0,1,1.89,0,1,27.0,128.1388702392578,0,1,0,0,0,29.json,NotBuggy
3,0.5701493620872498,0.8968454811026879,0,0,0,1,1.89,0,0,17.0,131.28770446777344,0,1,0,0,0,2520.json,NotBuggy
12,0.05806509032845497,0.009430522116793105,1,3,4,4,2.75,2,2,74.0,99.12215423583984,0,2,0,0,0,2871.json,NotBuggy
3,0.0044922796078026295,0.39336167911035935,0,0,0,1,1.89,0,1,28.0,128.1235809326172,0,2,0,0,0,1774.json,NotBuggy
4,0.055268898606300354,0.6271119001349513,0,0,0,1,2.0,0,1,26.0,123.8484878540039,0,1,0,0,0,853.json,NotBuggy
3,0.0016830723034217954,0.32524138950063103,0,0,0,1,1.89,0,1,30.0,127.76480865478516,0,3,0,0,0,1775.json,NotBuggy
13,0.16943900287151337,9.814824517463436E-5,1,2,3,3,2.22,1,5,103.0,95.99949645996094,0,2,3,0,0,2291.json,NotBuggy
16,0.09224934875965118,0.007163231241349213,5,5,10,6,3.07,2,0,87.0,93.06629943847656,0,3,1,0,0,2229.json,NotBuggy
9,0.1020825132727623,0.029113034258842502,1,1,2,2,2.27,1,4,57.0,105.55201721191406,0,2,1,0,0,2865.json,NotBuggy
9,0.594478964805603,0.8709987424934041,3,2,5,3,2.67,1,0,43.0,107.73165130615234,0,3,0,0,0,1955.json,NotBuggy
13,0.02084914781153202,0.007877901045664052,2,3,5,4,2.46,1,5,77.0,97.57095336914062,0,3,1,0,0,1715.json,NotBuggy
20,0.0,2.992102575717982E-8,5,7,12,6,2.29,1,4,163.0,85.90808868408203,0,3,1,0,0,2175.json,NotBuggy
3,0.9602164030075073,0.9890737132228224,0,0,0,1,1.89,0,0,13.0,132.9956512451172,0,0,0,0,0,1152.json,NotBuggy
12,0.07693503051996231,8.91560113346319E-5,4,2,6,3,3.2,2,6,93.0,97.69049072265625,0,3,5,0,0,2448.json,NotBuggy
11,0.017559655010700226,0.001467046165983854,2,1,3,2,2.06,1,7,78.0,100.6241683959961,0,2,1,0,0,705.json,NotBuggy
18,0.051373694092035294,3.0915073020637763E-4,5,5,10,5,4.11,3,2,101.0,90.20115661621094,0,2,3,0,0,149.json,Buggy
3,0.6657165288925171,0.7614368981222362,0,0,0,1,1.89,0,1,19.0,130.45266723632812,0,1,0,0,0,269.json,NotBuggy
3,0.6819615960121155,0.6516801839933963,1,1,2,2,1.89,0,1,24.0,128.69515991210938,0,1,0,0,0,2980.json,NotBuggy
7,0.040619514882564545,0.04936630579859444,2,1,3,2,2.8,1,3,47.0,110.88778686523438,0,2,0,0,0,1406.json,NotBuggy
4,0.8363710641860962,0.8755421683065809,0,0,0,1,2.0,0,0,20.0,125.5254898071289,0,1,0,0,0,356.json,NotBuggy
3,0.0,0.6483156988336697,0,0,0,1,1.89,0,1,26.0,128.8216552734375,0,2,0,0,0,3000.json,NotBuggy
6,0.056024324148893356,0.3614067061863911,1,1,2,2,2.75,1,3,39.0,114.7677230834961,0,3,0,0,0,543.json,NotBuggy
3,0.34936273097991943,0.9401197312261476,0,0,0,1,1.89,0,0,12.0,133.59722900390625,0,0,0,0,0,1457.json,NotBuggy
1,0.9881169199943542,0.6316684417508706,0,0,0,1,0.0,0,0,19.0,148.50685119628906,0,1,0,0,0,153.json,NotBuggy
7,0.4548424780368805,0.41315471734188935,2,2,4,2,2.56,1,2,40.0,112.05997467041016,0,1,1,0,0,775.json,NotBuggy
3,0.7863477468490601,0.9680534703571618,0,0,0,1,1.89,0,0,12.0,133.59722900390625,0,0,0,0,0,1059.json,NotBuggy
6,0.2586930990219116,0.22500178257660716,4,2,6,2,2.75,1,4,39.0,114.6888656616211,0,2,0,0,0,1651.json,NotBuggy
12,0.49563461542129517,0.011568391972609301,3,3,6,4,2.37,2,1,80.0,98.57872009277344,0,1,2,0,0,2006.json,NotBuggy
12,0.16771531105041504,0.0042404329974260555,3,3,6,4,2.56,2,0,78.0,98.80055236816406,0,1,2,0,0,2408.json,NotBuggy
3,0.004162469878792763,0.6149986279857931,0,0,0,1,1.89,0,1,25.0,129.0255889892578,0,2,0,0,0,2959.json,NotBuggy
3,0.48447489738464355,0.9100853437276227,0,0,0,1,1.89,0,1,15.0,132.25152587890625,0,0,0,0,0,2894.json,NotBuggy
25,1.387793308822438E-4,6.53136303953791E-4,6,9,15,8,3.49,3,3,136.0,82.58148956298828,0,3,2,0,0,49.json,NotBuggy
15,0.057915445417165756,0.001090770841402549,4,3,7,4,2.72,1,1,89.0,94.17513275146484,0,3,3,0,0,2330.json,NotBuggy
7,0.4821096956729889,0.6945343328107858,0,0,0,2,3.02,1,1,33.0,113.060302734375,0,2,0,0,0,1903.json,NotBuggy
3,0.6904563903808594,0.7785963805004035,0,0,0,1,1.89,0,1,19.0,130.45266723632812,0,1,0,0,0,238.json,NotBuggy
8,0.17509521543979645,0.059473913162188426,0,1,1,2,7.94,2,0,50.0,108.40282440185547,0,1,0,0,0,3050.json,NotBuggy
15,0.1591845601797104,0.038410567890003,1,2,3,3,3.81,2,6,78.0,95.677001953125,0,1,1,0,0,2670.json,Buggy
14,0.007151656784117222,0.0025393988020933115,2,3,5,4,2.56,1,2,87.0,95.7354736328125,0,2,1,0,0,1970.json,Buggy
19,0.0060426355339586735,7.687701289311752E-6,7,10,17,8,2.78,1,1,126.0,87.61787414550781,0,2,2,0,0,836.json,NotBuggy
3,0.9888461828231812,0.7785057830350176,0,0,0,1,1.89,0,0,24.0,129.0215301513672,0,0,0,0,0,2975.json,NotBuggy
13,0.020132003352046013,5.117291302516903E-4,3,2,5,3,3.72,2,2,89.0,96.7591781616211,0,2,3,0,0,70.json,NotBuggy
16,0.49004417657852173,0.3156329899495879,1,1,2,4,4.12,3,2,70.0,94.65684509277344,0,2,1,0,0,2060.json,NotBuggy
3,0.9463393688201904,0.9714501912221124,0,0,0,1,1.89,0,0,12.0,133.59722900390625,0,0,0,0,0,1579.json,NotBuggy
16,0.3990018665790558,7.288682466774735E-4,4,5,9,5,2.54,1,5,103.0,92.2509994506836,0,2,2,0,0,186.json,NotBuggy
6,0.2823905348777771,0.5468776684650376,2,2,4,2,3.27,1,2,33.0,115.63639831542969,0,2,0,0,0,1102.json,NotBuggy
3,0.9190999865531921,0.9675500487901215,0,0,0,1,1.89,0,0,12.0,133.59722900390625,0,0,0,0,0,895.json,NotBuggy
4,0.7130622863769531,0.7486468126558645,0,0,0,1,2.0,0,1,23.0,124.58238983154297,0,1,0,0,0,216.json,NotBuggy
3,0.02128680981695652,0.5046220437191257,0,0,0,1,1.89,0,1,26.0,128.60531616210938,0,2,0,0,0,2157.json,NotBuggy
3,0.3445298969745636,0.8002756619589866,0,0,0,1,1.89,0,1,19.0,130.45266723632812,0,1,0,0,0,451.json,NotBuggy
23,0.38439327478408813,0.013374434134478592,4,3,7,4,4.57,2,3,99.0,86.56417846679688,0,3,1,0,0,1145.json,NotBuggy
3,0.3443303108215332,0.6208873345976689,0,0,0,1,1.89,0,1,21.0,129.7158966064453,0,1,0,0,0,450.json,NotBuggy
15,0.03604159876704216,0.003685951798515502,4,5,9,5,2.47,1,6,87.0,94.38778686523438,0,3,0,0,0,2706.json,NotBuggy
6,0.21290390193462372,0.49355359834483853,2,2,4,2,2.75,1,2,36.0,115.10508728027344,0,2,0,0,0,2462.json,NotBuggy
4,0.8426495790481567,0.9463046123470245,0,0,0,1,2.0,0,1,17.0,126.62725830078125,0,0,0,0,0,476.json,NotBuggy
3,0.9024344682693481,0.8198633664624243,0,0,0,1,1.89,0,1,18.0,130.85629272460938,0,1,0,0,0,3034.json,NotBuggy
3,0.9010022282600403,0.9592498474697151,0,0,0,1,1.89,0,0,12.0,133.59722900390625,0,0,0,0,0,1071.json,NotBuggy
3,0.017672693356871605,0.297698147038899,0,0,0,1,1.89,0,1,28.0,128.0337677001953,0,2,0,0,0,2234.json,NotBuggy
16,0.4387710988521576,0.032774229372783376,4,4,8,5,3.0,2,0,79.0,93.79788970947266,0,1,3,0,0,656.json,NotBuggy
3,0.0,0.6746306716645587,0,0,0,1,1.89,0,1,24.0,129.0215301513672,0,1,0,0,0,1289.json,NotBuggy
14,0.48529648780822754,0.004096066723622943,4,4,8,5,3.0,2,0,90.0,95.07752990722656,0,1,2,0,0,1941.json,NotBuggy
3,0.0013145770644769073,0.27089128068064044,0,0,0,1,1.89,0,1,32.0,127.25540161132812,0,2,0,0,0,2767.json,NotBuggy
1,0.14829197525978088,0.43436565242319386,0,0,0,1,0.0,0,1,17.0,148.95103454589844,0,0,0,0,0,431.json,NotBuggy
6,0.12777826189994812,0.7279670398232662,1,1,2,2,2.75,1,2,32.0,115.97023010253906,0,1,0,0,0,692.json,NotBuggy
14,0.0,2.1760997791346022E-9,5,2,7,4,4.44,3,10,147.0,92.20675659179688,0,5,4,0,0,3040.json,NotBuggy
3,0.3524951934814453,0.372389931781793,0,0,0,1,1.89,0,1,28.0,128.0337677001953,0,2,0,0,0,2125.json,NotBuggy
3,0.6857420206069946,0.42656084036875197,1,1,2,2,1.89,0,0,25.0,128.48287963867188,0,1,0,0,0,1333.json,NotBuggy
14,0.4709280729293823,0.004234248032454596,4,4,8,5,3.0,2,0,90.0,95.07752990722656,0,1,2,0,0,1936.json,NotBuggy
3,0.002743627643212676,0.37152094509315703,0,1,1,2,1.89,0,0,30.0,127.20789337158203,0,4,0,0,0,417.json,NotBuggy
26,3.475783159956336E-4,2.218832814386764E-10,3,4,7,5,2.89,2,10,186.0,80.84413146972656,1,2,8,0,0,2281.json,NotBuggy
3,0.008613182231783867,0.5681308429583852,0,0,0,1,1.89,0,1,26.0,128.50894165039062,0,2,0,0,0,2839.json,NotBuggy
6,0.7094416618347168,0.8444432462569834,1,1,2,2,2.75,1,0,28.0,116.66458892822266,0,1,0,0,0,1056.json,Buggy
7,0.1704307645559311,0.40410651978142476,2,2,4,2,3.02,1,4,39.0,112.11737823486328,0,1,0,0,0,720.json,NotBuggy
3,0.49273428320884705,0.14004752461394318,1,1,2,2,1.89,0,0,35.0,126.40631103515625,0,2,0,0,0,1807.json,NotBuggy
3,0.8166952133178711,0.8363814050977387,0,0,0,1,1.89,0,1,19.0,130.70933532714844,0,1,0,0,0,1867.json,NotBuggy
3,0.010801248252391815,0.5000313695925979,0,0,0,1,1.89,0,2,25.0,128.8092498779297,0,1,0,0,0,2763.json,NotBuggy
3,0.751243531703949,0.9056466352793037,0,0,0,1,1.89,0,0,17.0,131.28770446777344,0,1,0,0,0,256.json,NotBuggy
3,0.7272621989250183,0.5247318133510636,0,0,0,1,1.89,0,0,25.0,128.62307739257812,0,1,0,0,0,2203.json,NotBuggy
6,0.12095105648040771,0.3052233864728673,2,2,4,2,2.75,1,1,37.0,114.88836669921875,0,2,0,0,0,1645.json,NotBuggy
3,0.6295152902603149,0.9214877901812624,0,0,0,1,1.89,0,1,15.0,132.25152587890625,0,0,0,0,0,252.json,NotBuggy
39,4.1585901635698974E-4,0.0032279830520110494,1,16,17,18,2.53,2,0,129.0,73.04669189453125,0,1,0,0,0,2567.json,NotBuggy
7,0.9286045432090759,0.9290092211238765,0,0,0,2,3.12,1,1,30.0,113.71878051757812,0,1,0,0,0,2543.json,NotBuggy
6,0.7719022035598755,0.5185755006872369,1,1,2,2,2.75,1,2,34.0,115.40231323242188,0,1,0,0,0,2465.json,NotBuggy
23,0.3371841013431549,0.0016194926451430624,5,3,8,4,4.57,2,4,107.0,86.04187774658203,0,3,1,0,0,1118.json,NotBuggy
7,0.6053253412246704,0.8934622851773334,1,1,2,2,2.56,1,0,27.0,114.55669403076172,0,1,0,0,0,816.json,Buggy
3,0.9578678011894226,0.9887590553862605,0,0,0,1,1.89,0,0,13.0,132.9956512451172,0,0,0,0,0,1138.json,NotBuggy
10,0.13697673380374908,0.006382877947483694,3,2,5,3,4.45,1,0,74.0,102.35565185546875,0,4,2,0,0,2395.json,NotBuggy
21,0.06884149461984634,1.3868892927287649E-5,6,5,11,5,3.77,3,9,127.0,86.57709503173828,0,1,5,0,0,739.json,NotBuggy
18,0.00288607319816947,0.0455442218702191,5,4,9,5,2.51,1,2,85.0,91.87638092041016,0,1,0,0,0,1990.json,Buggy
16,0.003180783474817872,2.706704568870301E-6,6,4,10,4,2.51,1,15,132.0,90.91651153564453,0,3,1,0,0,1541.json,NotBuggy
3,0.045072346925735474,0.6787335902329722,0,0,0,1,1.89,0,1,24.0,129.2378692626953,0,2,0,0,0,42.json,NotBuggy
3,0.8079740405082703,0.9554788572464344,0,0,0,1,1.89,0,0,12.0,133.59722900390625,0,0,0,0,0,1449.json,NotBuggy
4,0.15965096652507782,0.7195615043829398,0,0,0,1,2.0,0,1,24.0,124.361083984375,0,1,0,0,0,848.json,NotBuggy
6,0.081102654337883,0.06993840721566243,2,2,4,2,2.75,1,1,44.0,113.51448822021484,0,3,0,0,0,1378.json,NotBuggy
3,0.7224698066711426,0.9320358765514072,0,0,0,1,1.89,0,1,15.0,132.25152587890625,0,0,0,0,0,221.json,NotBuggy
15,0.20953777432441711,0.0043186037949762435,7,4,11,4,3.16,2,1,88.0,94.26969909667969,0,1,4,0,0,2217.json,NotBuggy
3,0.011288893409073353,0.21202054261466663,0,0,0,1,1.89,0,2,34.0,127.11396026611328,0,2,0,0,0,2278.json,NotBuggy
6,0.07198178023099899,0.06956990931662944,2,2,4,2,2.75,1,2,45.0,113.44752502441406,0,3,0,0,0,1382.json,NotBuggy
4,0.03513822704553604,0.11423768774711854,1,1,2,2,1.89,0,1,43.0,120.41609191894531,0,3,1,0,0,1751.json,NotBuggy
3,0.6120462417602539,0.6999723392227025,0,0,0,1,1.89,0,1,21.0,129.93223571777344,0,1,0,0,0,2369.json,NotBuggy
31,0.0,1.5446062021838776E-12,9,8,17,7,4.12,3,9,218.0,76.56744384765625,0,2,7,0,0,1770.json,NotBuggy
4,0.048863742500543594,0.6365473508410083,0,0,0,1,2.0,0,1,26.0,123.8484878540039,0,1,0,0,0,857.json,NotBuggy
3,0.21580441296100616,0.8709494927640955,0,0,0,1,1.89,0,0,17.0,131.28770446777344,0,1,0,0,0,1052.json,NotBuggy
3,0.5592896342277527,0.795418840532224,0,0,0,1,1.89,0,1,18.0,130.85629272460938,0,2,0,0,0,977.json,NotBuggy
3,0.7224698066711426,0.9320358765514072,0,0,0,1,1.89,0,1,15.0,132.25152587890625,0,0,0,0,0,308.json,NotBuggy
3,0.697299599647522,0.8949457713808862,0,0,0,1,1.89,0,1,16.0,131.75106811523438,0,0,0,0,0,204.json,NotBuggy
14,1.2751967005897313E-4,1.6120510367852084E-5,2,2,4,3,2.72,1,7,113.0,94.39238739013672,0,2,2,0,0,2080.json,Buggy
3,0.0,0.022610686281449147,0,0,0,1,1.89,0,0,50.0,124.85585021972656,0,3,0,0,0,2499.json,NotBuggy
3,0.03174382820725441,0.15874346751508045,0,0,0,1,1.89,0,1,33.0,126.87217712402344,0,2,0,0,0,3.json,NotBuggy
3,0.02012236788868904,0.6245632139903906,0,0,0,1,1.89,0,1,24.0,129.2378692626953,0,2,0,0,0,1656.json,NotBuggy
5,0.001653091749176383,0.048890398391455564,1,1,2,2,2.99,1,2,48.0,116.22916412353516,0,2,1,0,0,2368.json,NotBuggy
17,0.13590706884860992,0.016173569212647797,3,3,6,5,3.45,1,5,83.0,92.3915023803711,0,2,1,0,0,1161.json,NotBuggy
3,0.49632537364959717,0.8585331732817664,0,0,0,1,1.89,0,1,17.0,131.28770446777344,0,1,0,0,0,1476.json,NotBuggy
8,0.6393417119979858,0.5786789770466861,2,2,4,3,2.83,2,0,37.0,110.3248291015625,0,1,0,0,0,2245.json,NotBuggy
3,0.41738131642341614,0.9395417863829456,0,0,0,1,1.89,0,0,12.0,133.59722900390625,0,0,0,0,0,717.json,NotBuggy
4,0.6298317909240723,0.8817156371227007,0,0,0,1,2.0,0,0,20.0,125.64796447753906,0,1,0,0,0,520.json,NotBuggy
24,0.002942540915682912,0.005277536117654607,2,5,7,4,6.22,2,11,112.0,85.51647186279297,0,2,1,0,0,2792.json,NotBuggy
6,0.08043386787176132,0.4798708370811532,2,1,3,2,2.75,1,2,35.0,115.25157928466797,0,2,0,0,0,1606.json,NotBuggy
4,0.17366831004619598,0.7176743610703007,0,0,0,1,2.0,0,1,24.0,124.361083984375,0,1,0,0,0,854.json,NotBuggy
8,0.17584228515625,2.9945187116895816E-4,0,0,0,1,1.73,0,12,89.0,105.82366943359375,0,0,0,0,0,1243.json,NotBuggy
17,0.11628059297800064,3.177883681102339E-4,5,4,9,5,2.99,2,3,99.0,91.29544830322266,0,4,3,0,0,1702.json,NotBuggy
6,0.4297528862953186,0.49159396230193597,2,2,4,2,2.75,1,1,34.0,115.32806396484375,0,1,0,0,0,531.json,NotBuggy
28,2.625084016472101E-4,4.951822800516806E-6,11,8,19,7,5.54,4,8,184.0,79.09803771972656,0,3,9,0,0,1639.json,NotBuggy
4,0.17366831004619598,0.7122977429145422,0,0,0,1,2.0,0,1,24.0,124.361083984375,0,1,0,0,0,862.json,NotBuggy
9,0.001174457953311503,7.540755780246927E-4,0,0,0,1,1.66,0,8,79.0,104.18250274658203,0,2,1,0,0,1561.json,NotBuggy
3,0.046211399137973785,0.6144063741728893,0,0,0,1,1.89,0,1,25.0,128.8092498779297,0,1,0,0,0,1344.json,NotBuggy
3,0.6390899419784546,0.7041864789063123,0,0,0,1,1.89,0,1,21.0,129.93223571777344,0,1,0,0,0,2363.json,NotBuggy
3,0.4024123251438141,0.6241540727079069,0,0,0,1,1.89,0,1,23.0,129.05665588378906,0,1,0,0,0,2888.json,NotBuggy
3,0.002177181886509061,0.41533022660948743,0,0,0,1,1.89,0,2,29.0,127.94110107421875,0,3,0,0,0,565.json,NotBuggy
18,0.04494289308786392,1.028921747921643E-4,10,7,17,6,3.59,4,7,111.0,89.68568420410156,0,1,4,0,0,1671.json,NotBuggy
3,0.8177852630615234,0.8600340325103841,0,0,0,1,1.89,0,1,19.0,130.70933532714844,0,1,0,0,0,1876.json,NotBuggy
3,0.5825372934341431,0.8941119066679513,0,0,0,1,1.89,0,1,19.0,130.70933532714844,0,1,0,0,0,1787.json,NotBuggy
3,0.1984383761882782,0.33501504149563455,0,0,0,1,1.89,0,1,31.0,127.690673828125,0,2,0,0,0,2270.json,NotBuggy
12,0.009078591130673885,0.00335373985421295,2,1,3,4,3.96,2,7,82.0,98.2888412475586,0,1,1,0,0,135.json,NotBuggy
3,0.9807181358337402,0.9814187348497578,0,0,0,1,1.89,0,0,13.0,132.9956512451172,0,0,0,0,0,674.json,NotBuggy
3,0.08587005734443665,0.4270297412962726,0,0,0,1,1.89,0,2,26.0,128.3351287841797,0,1,0,0,0,11.json,NotBuggy
7,0.9080362915992737,0.8705027097701742,1,1,2,2,3.02,1,1,30.0,113.71878051757812,0,1,1,0,0,1520.json,NotBuggy
6,0.8136143088340759,0.7714188987824017,2,2,4,2,2.75,1,0,29.0,116.22944641113281,0,1,0,0,0,2189.json,NotBuggy
3,0.7883133292198181,0.9657571108513954,0,0,0,1,1.89,0,0,16.0,131.75106811523438,0,1,0,0,0,3065.json,NotBuggy
3,0.013959350064396858,0.4730096708803631,0,0,0,1,1.89,0,1,26.0,128.41912841796875,0,2,0,0,0,2874.json,NotBuggy
9,0.001109076663851738,5.853593673754715E-5,3,2,5,3,2.67,1,8,91.0,102.56494903564453,0,3,2,0,0,91.json,NotBuggy
3,0.02008039876818657,0.3919409277656227,0,0,0,1,0.94,0,1,26.0,128.41912841796875,0,2,0,0,0,2877.json,NotBuggy
3,0.7742406725883484,0.7076287765217222,0,0,0,1,1.89,0,2,21.0,129.93223571777344,0,1,0,0,0,793.json,NotBuggy
3,0.010071546770632267,0.210953856039874,0,0,0,1,1.89,0,2,34.0,127.11396026611328,0,2,0,0,0,2283.json,NotBuggy
10,0.006704134400933981,0.008649413747821761,2,2,4,3,3.6,2,4,69.0,102.57572174072266,0,3,1,0,0,1007.json,NotBuggy
31,0.010975358076393604,6.856654770906975E-8,8,9,17,7,4.27,3,8,173.0,77.91146850585938,0,3,6,0,0,1781.json,NotBuggy
5,2.136158145731315E-4,0.020678270573936557,0,0,0,1,1.96,0,3,49.0,116.41182708740234,0,1,0,0,0,1562.json,NotBuggy
3,0.008816842921078205,0.5166118374389747,0,0,0,1,1.89,0,1,26.0,128.60531616210938,0,2,0,0,0,1737.json,NotBuggy
3,0.8853747844696045,0.9267364899655706,0,0,0,1,1.89,0,0,15.0,131.9385528564453,0,0,0,0,0,1242.json,NotBuggy
8,0.7070686221122742,0.8034461062130912,0,0,0,1,3.97,1,0,38.0,110.55635070800781,0,1,0,0,0,86.json,NotBuggy
3,0.8653441071510315,0.8887396296051905,0,0,0,1,1.89,0,0,16.0,131.46876525878906,0,1,0,0,0,297.json,NotBuggy
11,0.2667098343372345,0.667404165149508,2,2,4,3,2.67,2,3,47.0,103.39551544189453,0,0,0,0,0,2800.json,NotBuggy
3,0.026670580729842186,0.5017578623099918,0,0,0,1,1.89,0,1,26.0,128.60531616210938,0,2,0,0,0,2161.json,NotBuggy
13,0.08497923612594604,0.011209960197799807,7,4,11,4,2.46,1,7,77.0,97.7752685546875,0,2,1,0,0,1799.json,NotBuggy
3,0.937480628490448,0.9658560254134926,0,0,0,1,1.89,0,0,12.0,133.59722900390625,0,0,0,0,0,2454.json,NotBuggy
3,0.8526740074157715,0.9669173950121663,0,0,0,1,1.89,0,0,12.0,133.59722900390625,0,0,0,0,0,1053.json,NotBuggy
3,0.9070575833320618,0.9774859681632172,0,0,0,1,1.89,0,0,12.0,133.59722900390625,0,0,0,0,0,3042.json,NotBuggy
3,0.675459086894989,0.9497639191656921,0,0,0,1,1.89,0,0,12.0,133.59722900390625,0,0,0,0,0,1164.json,NotBuggy
4,0.4199880063533783,0.8242798336238158,0,0,0,1,2.0,0,2,21.0,125.39425659179688,0,0,0,0,0,1451.json,NotBuggy
3,0.7787403464317322,0.9484083495503486,0,0,0,1,1.89,0,0,14.0,132.4454345703125,0,0,0,0,0,2619.json,NotBuggy
3,0.35343843698501587,0.8396673851516997,0,0,0,1,1.89,0,1,18.0,130.99049377441406,0,1,0,0,0,643.json,NotBuggy
9,0.07302925735712051,0.07058901930639595,2,3,5,3,2.95,2,6,57.0,105.77262878417969,0,1,0,0,0,502.json,NotBuggy
3,0.7877216935157776,0.5685786226667056,0,0,0,1,1.89,0,1,20.0,130.18594360351562,0,0,0,0,0,2539.json,NotBuggy
3,0.9367530345916748,0.8354129598522556,0,0,0,1,1.89,0,0,17.0,131.43582153320312,0,1,0,0,0,2514.json,NotBuggy
3,0.09145931899547577,0.6940367573717907,0,0,0,1,1.89,0,2,21.0,129.81976318359375,0,0,0,0,0,381.json,NotBuggy
7,0.17038996517658234,0.1424863637282472,1,1,2,2,2.56,1,3,47.0,110.94767761230469,0,2,1,0,0,2311.json,NotBuggy
15,0.05366286635398865,0.0011186810020378062,4,3,7,4,2.72,1,1,89.0,94.17513275146484,0,3,3,0,0,2326.json,NotBuggy
7,0.1883164495229721,0.14951051945050972,1,1,2,2,2.56,1,3,47.0,110.94767761230469,0,2,1,0,0,2306.json,NotBuggy
5,0.7302398085594177,0.883778815377697,0,0,0,1,1.96,0,1,24.0,121.08496856689453,0,0,1,0,0,1447.json,NotBuggy
10,0.5762807726860046,0.2762428362582102,3,2,5,3,3.6,2,1,51.0,104.29129791259766,0,1,1,0,0,957.json,NotBuggy
6,0.1878419667482376,0.8684316040712535,1,1,2,2,2.75,1,0,28.0,116.7609634399414,0,1,0,0,0,1060.json,NotBuggy
3,0.7512332201004028,0.9177708020939072,0,0,0,1,1.89,0,0,17.0,131.28770446777344,0,1,0,0,0,2530.json,NotBuggy
2,0.9972119331359863,0.990354141335233,0,0,0,1,1.89,0,0,9.0,142.4026641845703,0,0,0,0,0,676.json,NotBuggy
6,0.7034373879432678,0.8424485392896719,1,1,2,2,2.75,1,0,28.0,116.66458892822266,0,1,0,0,0,1179.json,NotBuggy
3,0.030199328437447548,0.6479644478963044,0,0,0,1,1.89,0,1,24.0,129.12539672851562,0,2,0,0,0,2945.json,NotBuggy
3,0.1893966645002365,0.5814454011072424,1,1,2,2,1.89,0,0,27.0,128.17906188964844,0,3,0,0,0,1350.json,NotBuggy
3,0.0010071678552776575,0.611618455725975,0,0,0,1,1.89,0,1,21.0,129.7158966064453,0,1,0,0,0,727.json,NotBuggy
30,0.02656521461904049,3.309080653848419E-7,2,4,6,7,9.14,3,9,157.0,79.0261001586914,0,1,3,0,0,1408.json,NotBuggy
4,0.0,0.08876356653709164,0,0,0,1,3.32,0,1,44.0,120.86013793945312,0,6,0,0,0,729.json,NotBuggy
5,0.0016155343037098646,0.044190107060281265,1,1,2,2,2.99,1,2,48.0,116.1720962524414,0,2,1,0,0,2362.json,NotBuggy
3,0.17813704907894135,0.8150796137091286,0,0,0,1,1.89,0,1,19.0,130.57513427734375,0,1,0,0,0,1906.json,NotBuggy
8,0.057296592742204666,0.015521767725455939,1,1,2,2,3.87,1,6,60.0,107.34321594238281,0,2,1,0,0,82.json,Buggy
3,0.7883133292198181,0.9657571108513954,0,0,0,1,1.89,0,0,16.0,131.75106811523438,0,1,0,0,0,3058.json,NotBuggy
3,0.700264036655426,0.9471975772062198,0,0,0,1,1.89,0,0,12.0,133.59722900390625,0,0,0,0,0,1041.json,NotBuggy
13,0.04963265731930733,0.08478548231040256,5,4,9,4,2.46,1,4,66.0,98.63391876220703,0,2,1,0,0,1800.json,NotBuggy
4,0.4035566449165344,0.7057601292744754,0,0,0,1,4.9,0,4,25.0,124.1488037109375,0,1,0,0,0,1100.json,NotBuggy
6,0.44350534677505493,0.2917280182616429,2,2,4,2,2.75,1,2,38.0,114.61321258544922,0,1,0,0,0,2461.json,NotBuggy
7,0.20537984371185303,0.033793476987099835,2,2,4,3,2.56,1,1,58.0,109.50718688964844,0,3,1,0,0,1526.json,NotBuggy
3,0.9533681273460388,0.9619916721670001,0,0,0,1,1.89,0,1,15.0,132.086669921875,0,0,0,0,0,671.json,NotBuggy
4,0.10554121434688568,0.6161926441128123,0,0,0,1,1.73,0,1,26.0,123.8484878540039,0,2,0,0,0,781.json,NotBuggy
4,0.8515447974205017,0.9561518139070043,0,0,0,1,2.0,0,0,15.0,127.59107971191406,0,0,0,0,0,262.json,NotBuggy
3,0.7558830976486206,0.7792384162729648,0,0,0,1,1.89,0,2,19.0,130.45266723632812,0,1,0,0,0,573.json,NotBuggy
10,0.7323638200759888,0.8320125850564143,2,2,4,3,2.53,1,2,44.0,105.63507843017578,0,1,1,0,0,423.json,NotBuggy
3,0.5128803253173828,0.7816741036588686,0,0,0,1,1.89,0,3,20.0,130.30841064453125,0,0,0,0,0,254.json,NotBuggy
3,0.723624050617218,0.4126810381650061,1,1,2,2,1.89,0,2,27.0,127.90887451171875,0,1,0,0,0,791.json,NotBuggy
3,0.48447489738464355,0.9100853437276227,0,0,0,1,1.89,0,1,15.0,132.25152587890625,0,0,0,0,0,2897.json,NotBuggy
6,0.45823386311531067,0.7134429243732126,1,1,2,2,2.75,1,1,30.0,116.30582427978516,0,2,0,0,0,2554.json,NotBuggy
3,0.9329994320869446,0.9670741135246531,0,0,0,1,1.89,0,0,12.0,133.59722900390625,0,0,0,0,0,2513.json,NotBuggy
3,0.3672829270362854,0.5930738004699159,0,0,0,1,1.89,0,1,21.0,129.7158966064453,0,1,0,0,0,456.json,NotBuggy
13,0.13189364969730377,2.565646825186943E-4,4,4,8,5,2.65,2,1,93.0,96.1075668334961,0,2,3,0,0,2415.json,NotBuggy
4,0.814878523349762,0.8767237687764177,0,0,0,1,2.0,0,1,22.0,124.81353759765625,0,1,0,0,0,1444.json,NotBuggy
11,0.2667098343372345,0.667404165149508,2,2,4,3,2.67,2,3,47.0,103.39551544189453,0,0,0,0,0,2815.json,NotBuggy
7,0.19209150969982147,0.15315851442396516,1,1,2,2,2.56,1,3,47.0,110.94767761230469,0,2,1,0,0,2309.json,NotBuggy
37,0.0,1.7054448835443818E-7,7,11,18,10,8.0,3,3,185.0,74.26277160644531,0,4,2,0,0,2350.json,NotBuggy
7,0.004663341678678989,0.025456916541870288,2,1,3,2,2.8,1,2,53.0,110.15149688720703,0,4,0,0,0,1407.json,NotBuggy
9,0.8676986694335938,0.025960970789418773,1,1,2,2,2.27,1,4,64.0,104.94969177246094,0,0,3,0,0,2753.json,NotBuggy
10,0.5805053114891052,0.27579440513465114,3,2,5,3,3.6,2,1,51.0,104.29129791259766,0,1,1,0,0,962.json,NotBuggy
11,0.2667098343372345,0.667404165149508,2,2,4,3,2.67,2,3,47.0,103.39551544189453,0,0,0,0,0,2827.json,NotBuggy
3,0.9572956562042236,0.7420618135289379,0,0,0,1,1.89,0,0,20.0,130.18594360351562,0,1,0,0,0,2475.json,NotBuggy
4,0.8621979355812073,0.8679260932855258,0,0,0,1,2.0,0,0,20.0,125.5254898071289,0,1,0,0,0,215.json,NotBuggy
5,0.7070863246917725,0.09493538174916774,2,2,4,3,1.96,0,0,44.0,116.51150512695312,0,1,2,0,0,367.json,NotBuggy
4,0.004638491198420525,0.17045227284075493,0,0,0,1,2.0,0,1,36.0,121.75926971435547,0,3,0,0,0,878.json,NotBuggy
6,0.02422722987830639,0.4482125820936927,1,1,2,2,2.75,1,1,37.0,114.88836669921875,0,2,0,0,0,1683.json,NotBuggy
13,0.07250196486711502,0.0013583592058788107,5,1,6,4,5.44,3,6,92.0,96.3567886352539,0,1,4,0,0,64.json,NotBuggy
6,0.08753441274166107,0.2010252395329186,2,2,4,2,2.75,1,1,40.0,114.48296356201172,0,3,0,0,0,1706.json,NotBuggy
6,0.2823905348777771,0.5468776684650376,2,2,4,2,3.27,1,2,33.0,115.63639831542969,0,2,0,0,0,1036.json,NotBuggy
6,0.7542864680290222,0.8903694661583655,1,1,2,2,2.75,1,1,27.0,117.05393981933594,0,1,0,0,0,1819.json,NotBuggy
3,0.03850971907377243,0.6875873235408169,0,0,0,1,1.89,0,1,25.0,129.0255889892578,0,2,0,0,0,1761.json,NotBuggy
3,0.2062346339225769,0.7616763348719977,0,0,0,1,1.89,0,2,23.0,129.4591827392578,0,1,0,0,0,1925.json,NotBuggy
3,0.9504336714744568,0.9714859635018115,0,0,0,1,1.89,0,0,12.0,133.59722900390625,0,0,0,0,0,523.json,NotBuggy
12,0.36157068610191345,0.03485115337174941,6,4,10,4,3.32,2,4,68.0,99.51399230957031,0,1,2,0,0,1660.json,NotBuggy
4,0.0032714817207306623,0.09857063782178682,0,0,0,1,3.32,0,1,36.0,121.75926971435547,0,2,0,0,0,157.json,NotBuggy
4,0.40244677662849426,0.6356357852598825,0,0,0,1,2.0,0,2,23.0,124.58238983154297,0,1,0,0,0,2779.json,NotBuggy
14,0.10030335932970047,0.0017817861897142767,6,3,9,4,3.18,2,6,88.0,95.54329681396484,0,1,4,0,0,1638.json,NotBuggy
3,0.1856698989868164,0.8369673485729553,0,0,0,1,1.89,0,1,17.0,131.43582153320312,0,1,0,0,0,1167.json,NotBuggy
15,0.19174312055110931,0.005228312155885952,7,4,11,4,3.16,2,1,87.0,94.32913208007812,0,1,4,0,0,2215.json,NotBuggy
24,0.002942540915682912,0.005277536117654607,2,5,7,4,6.22,2,11,112.0,85.51647186279297,0,2,1,0,0,2823.json,NotBuggy
11,0.05572481453418732,0.09065531489529349,3,2,5,3,2.67,2,6,70.0,101.2071533203125,0,4,0,0,0,1024.json,NotBuggy
75,0.0,4.25246277561956E-22,3,23,26,24,3.08,12,28,491.0,54.586944580078125,0,4,0,0,0,980.json,Buggy
6,0.10115216672420502,0.2705938588554824,2,2,4,3,2.75,1,1,42.0,113.99925231933594,0,4,0,0,0,1346.json,NotBuggy
45,0.0,4.258053909414636E-22,2,29,31,16,5.05,3,2,368.0,65.78258514404297,0,2,3,0,0,2565.json,NotBuggy
3,0.6391083002090454,0.705781758990153,0,0,0,1,1.89,0,1,21.0,129.93223571777344,0,1,0,0,0,2357.json,NotBuggy
3,6.966139189898968E-4,0.2972027208715883,0,0,0,1,1.89,0,3,30.0,127.8611831665039,0,0,0,0,0,2722.json,NotBuggy
3,0.9431833624839783,0.9471014697477046,0,0,0,1,1.89,0,0,15.0,131.9385528564453,0,1,0,0,0,673.json,NotBuggy
1,0.2660885155200958,0.652230851285323,0,0,0,1,0.0,0,0,19.0,148.37266540527344,0,1,0,0,0,1865.json,NotBuggy
9,0.05639975517988205,0.1326978813975307,1,1,2,3,3.77,2,1,52.0,105.94925689697266,0,3,2,0,0,442.json,NotBuggy
12,0.16672198474407196,0.004155187352589346,3,3,6,4,2.56,2,0,78.0,98.80055236816406,0,1,2,0,0,2410.json,NotBuggy
3,0.7466908097267151,0.9624496346710733,0,0,0,1,1.89,0,0,12.0,133.59722900390625,0,0,0,0,0,1057.json,NotBuggy
3,0.7285323143005371,0.7629763550704743,0,0,0,1,1.89,0,2,22.0,129.94700622558594,0,1,0,0,0,345.json,NotBuggy
3,0.9602164030075073,0.9890737132228224,0,0,0,1,1.89,0,0,13.0,132.9956512451172,0,0,0,0,0,1110.json,NotBuggy
7,0.0014922439586371183,0.04730061284951311,1,1,2,2,3.02,1,3,56.0,109.97673034667969,0,3,0,0,0,665.json,NotBuggy
3,0.8200967311859131,0.8683837047269344,0,0,0,1,1.89,0,1,15.0,132.086669921875,0,0,0,0,0,1450.json,NotBuggy
3,2.8653358458541334E-4,0.46106887214521874,0,0,0,1,1.89,0,1,28.0,128.0337677001953,0,2,0,0,0,622.json,NotBuggy
23,0.007440399844199419,1.7397164718005963E-4,3,13,16,15,2.88,3,4,120.0,83.0655288696289,0,2,2,0,0,3039.json,NotBuggy
3,0.002780721988528967,0.6182524303284177,0,0,0,1,1.89,0,1,26.0,128.70916748046875,0,2,0,0,0,2999.json,NotBuggy
7,0.6591219902038574,0.8704018701016994,0,0,0,1,1.81,0,1,26.0,114.87908172607422,0,0,0,0,0,1493.json,NotBuggy
3,0.9378864765167236,0.9629142966524025,0,0,0,1,1.89,0,0,12.0,133.59722900390625,0,0,0,0,0,231.json,NotBuggy
3,0.025437915697693825,0.2811760563603875,0,0,0,1,1.89,0,1,30.0,127.76480865478516,0,2,0,0,0,2650.json,NotBuggy
8,0.21354757249355316,0.37156174447357565,1,1,2,2,2.15,1,3,46.0,108.89630126953125,1,2,1,0,0,1759.json,NotBuggy
8,0.2413967400789261,0.04547847869624742,2,2,4,3,3.87,2,1,53.0,107.56248474121094,0,2,1,0,0,1374.json,NotBuggy
3,0.7764296531677246,0.9340197878593818,0,0,0,1,1.89,0,0,14.0,132.4454345703125,0,0,0,0,0,335.json,NotBuggy
5,0.0040157451294362545,0.05513739448061348,3,2,5,2,2.75,1,1,45.0,116.62464904785156,1,3,0,0,0,1396.json,NotBuggy
3,0.21771159768104553,0.9370178871057162,0,0,0,1,1.89,0,0,12.0,133.59722900390625,0,0,0,0,0,2775.json,NotBuggy
20,0.003029918298125267,0.22966026929317523,6,6,12,5,3.95,2,6,92.0,89.26297760009766,0,2,1,0,0,148.json,NotBuggy
3,0.719277560710907,0.4408698058529259,1,1,2,2,1.89,0,1,28.0,127.8935775756836,0,2,0,0,0,1632.json,NotBuggy
6,0.3350549042224884,0.35104201190108586,1,1,2,2,2.75,1,3,38.0,114.90279388427734,0,2,0,0,0,1227.json,NotBuggy
3,0.002743627643212676,0.37152094509315703,0,1,1,2,1.89,0,0,30.0,127.20789337158203,0,4,0,0,0,418.json,NotBuggy
6,0.039196621626615524,0.4707665194299551,1,1,2,2,2.75,1,1,37.0,114.96261596679688,0,3,0,0,0,2386.json,NotBuggy
3,0.8340506553649902,0.9373120339113645,0,0,0,1,1.89,0,0,15.0,132.25152587890625,0,0,0,0,0,653.json,NotBuggy
3,0.41480326652526855,0.9435447108598904,0,0,0,1,1.89,0,0,12.0,133.59722900390625,0,0,0,0,0,1458.json,NotBuggy
3,0.7343507409095764,0.8926083921985921,0,0,0,1,1.89,0,1,16.0,131.60296630859375,0,0,0,0,0,368.json,NotBuggy
5,0.4121822714805603,0.06746199830825059,3,3,6,4,3.58,0,9,52.0,115.93919372558594,0,0,0,0,0,2505.json,NotBuggy
12,0.24018871784210205,0.03353815238572439,4,3,7,3,2.56,1,4,67.0,99.97087097167969,0,2,2,0,0,1618.json,NotBuggy
5,0.37016889452934265,0.6870920184608243,2,2,4,2,2.99,1,0,28.0,119.52839660644531,0,1,0,0,0,664.json,NotBuggy
10,0.13427820801734924,0.005367120658767209,3,2,5,3,4.45,1,0,74.0,102.3057632446289,0,4,2,0,0,2389.json,NotBuggy
6,0.6413258910179138,0.605333492372672,1,1,2,2,2.75,1,0,30.0,116.13201141357422,0,0,0,0,0,2914.json,NotBuggy
4,0.14743515849113464,0.5931383544411599,0,0,0,1,2.0,0,3,27.0,123.74861145019531,0,0,0,0,0,1462.json,NotBuggy
8,0.3230651021003723,0.03597254036938929,1,2,3,2,2.83,1,0,53.0,107.79248809814453,0,2,1,0,0,1989.json,NotBuggy
11,0.052192654460668564,0.0905346040128036,3,2,5,3,2.67,2,6,70.0,101.2071533203125,0,4,0,0,0,1091.json,NotBuggy
3,0.7953490614891052,0.9432968963850235,0,0,0,1,1.89,0,0,13.0,132.9956512451172,0,0,0,0,0,1434.json,NotBuggy
6,0.8136657476425171,0.663549029889728,1,1,2,2,2.75,1,0,33.0,115.72040557861328,0,1,0,0,0,365.json,NotBuggy
4,0.7959993481636047,0.8077545264384527,0,0,0,1,2.0,0,2,23.0,124.92120361328125,0,0,0,0,0,479.json,NotBuggy
3,0.9602164030075073,0.9890737132228224,0,0,0,1,1.89,0,0,13.0,132.9956512451172,0,0,0,0,0,1131.json,NotBuggy
18,0.030019013211131096,4.34020581665244E-4,7,7,14,8,3.51,4,3,111.0,89.52519989013672,0,4,0,0,0,1340.json,NotBuggy
13,0.08821461349725723,0.0030829066533875913,5,5,10,4,3.29,2,5,85.0,97.20679473876953,0,3,2,0,0,1803.json,NotBuggy
18,0.0023606596514582634,0.023908850106275664,5,4,9,5,2.51,1,3,88.0,91.63612365722656,0,1,0,0,0,1991.json,Buggy
3,0.6929055452346802,0.6248085235714084,1,1,2,2,1.89,0,1,24.0,128.69515991210938,0,1,0,0,0,1794.json,NotBuggy
17,0.041125811636447906,4.8062819211149347E-4,7,4,11,5,2.92,2,5,103.0,91.30848693847656,0,1,4,0,0,1623.json,NotBuggy
3,0.06850312650203705,0.5802079796094014,0,0,0,1,1.89,0,2,25.0,128.8092498779297,0,2,0,0,0,606.json,NotBuggy
3,0.9169034361839294,0.9111911725591044,0,0,0,1,1.89,0,0,13.0,132.9956512451172,0,0,0,0,0,402.json,NotBuggy
24,0.002942540915682912,0.005277536117654607,2,5,7,4,6.22,2,11,112.0,85.51647186279297,0,2,1,0,0,2819.json,NotBuggy
3,0.8367903232574463,0.8511857047479091,0,0,0,1,1.89,0,0,17.0,131.1535186767578,0,1,0,0,0,426.json,NotBuggy
3,0.884326696395874,0.742821505049405,0,0,0,1,1.89,0,0,19.0,130.57513427734375,0,1,0,0,0,142.json,NotBuggy
4,0.0,0.12739178298185605,0,0,0,1,3.32,0,1,42.0,121.18089294433594,0,5,0,0,0,728.json,NotBuggy
5,0.022755665704607964,0.12440032977466768,0,0,0,1,1.96,0,5,40.0,117.7408218383789,0,3,0,0,0,985.json,NotBuggy
3,0.18423917889595032,0.546317468367215,0,0,0,1,1.89,0,1,25.0,128.712890625,0,2,0,0,0,1835.json,NotBuggy
3,0.7764296531677246,0.9340197878593818,0,0,0,1,1.89,0,0,14.0,132.4454345703125,0,0,0,0,0,275.json,NotBuggy
3,0.9270300269126892,0.8513812323180482,0,0,0,1,1.89,0,0,13.0,132.9956512451172,0,0,0,0,0,404.json,NotBuggy
3,0.3780450224876404,0.7643219958337004,0,0,0,1,1.89,0,1,20.0,130.30841064453125,0,1,0,0,0,2695.json,NotBuggy
1,0.9654930233955383,0.7873385544002598,0,0,0,1,0.0,0,0,16.0,149.548583984375,0,1,0,0,0,1861.json,NotBuggy
3,0.036514803767204285,0.5988829105099673,0,0,0,1,1.89,0,1,25.0,128.8092498779297,0,2,0,0,0,1766.json,NotBuggy
12,0.012499758042395115,0.0018865541199137405,4,4,8,5,3.83,2,4,84.0,98.13922119140625,0,2,2,0,0,621.json,Buggy
5,0.6938165426254272,0.6582969079042711,2,2,4,3,3.58,0,2,34.0,118.47496032714844,0,0,0,0,0,2974.json,NotBuggy
3,0.7710874676704407,0.9759735794213467,0,0,0,1,1.89,0,0,12.0,133.59722900390625,0,0,0,0,0,1533.json,NotBuggy
3,0.0,0.020633559338837412,0,0,0,1,0.94,0,3,46.0,125.0787124633789,0,3,0,0,0,144.json,NotBuggy
3,0.7451395988464355,0.8090924136935445,0,0,0,1,1.89,0,2,19.0,130.57513427734375,0,1,0,0,0,568.json,NotBuggy
3,0.6649526357650757,0.7413310749296426,1,1,2,2,1.89,0,0,23.0,129.11669921875,0,2,0,0,0,1622.json,NotBuggy
6,0.5848201513290405,0.6528713617132376,1,1,2,2,2.75,1,2,31.0,116.13532257080078,0,1,0,0,0,795.json,NotBuggy
4,4.2199157178401947E-4,0.029677383768700487,0,0,0,1,2.0,0,3,45.0,120.40968322753906,0,2,0,0,0,73.json,NotBuggy
6,0.007372124120593071,0.04268516349935155,0,0,0,1,1.89,0,2,50.0,113.29327392578125,0,2,1,0,0,535.json,NotBuggy
8,0.3790481686592102,0.8466750158237668,2,2,4,3,3.87,2,3,35.0,110.52398681640625,0,1,0,0,0,583.json,NotBuggy
3,0.026861263439059258,0.5219338361204036,0,0,0,1,1.89,0,0,26.0,128.70916748046875,0,2,0,0,0,445.json,NotBuggy
10,0.3630456328392029,0.5735343988467783,4,2,6,3,2.8,2,3,51.0,104.95137786865234,0,2,0,0,0,2005.json,NotBuggy
1,0.8059224486351013,0.5470268919414281,0,0,0,1,0.0,0,1,17.0,148.95103454589844,0,0,0,0,0,434.json,NotBuggy
3,0.02419273555278778,0.41963635546507694,0,0,0,1,1.41,0,1,25.0,128.712890625,0,3,0,0,0,981.json,NotBuggy
3,0.44377344846725464,0.9500701828458359,0,0,0,1,1.89,0,1,16.0,131.60296630859375,0,0,0,0,0,2889.json,NotBuggy
3,0.8179594874382019,0.6692514766147077,1,1,2,2,1.89,0,1,23.0,129.01284790039062,0,1,0,0,0,1812.json,NotBuggy
18,0.015152724459767342,0.0013396360911102996,5,4,9,5,2.27,1,1,95.0,90.843994140625,0,3,2,0,0,2375.json,NotBuggy
6,0.2617814838886261,0.8585961389799581,1,1,2,2,2.75,1,1,26.0,117.25019073486328,0,1,0,0,0,1039.json,NotBuggy
3,0.01829412393271923,0.44070066138351194,0,0,0,1,1.89,0,1,26.0,128.41912841796875,0,2,0,0,0,2872.json,NotBuggy
3,0.001367485849186778,0.42733067002176855,0,0,0,1,1.89,0,1,29.0,127.94110107421875,0,3,0,0,0,905.json,NotBuggy
10,0.6731195449829102,0.19885796431424588,1,2,3,3,2.53,1,0,54.0,104.21759033203125,0,1,1,0,0,2624.json,NotBuggy
4,0.015593137592077255,0.4417082109225825,0,0,0,1,2.0,0,1,29.0,123.1068344116211,0,2,0,0,0,874.json,NotBuggy
3,0.9602164030075073,0.9890737132228224,0,0,0,1,1.89,0,0,13.0,132.9956512451172,0,0,0,0,0,1128.json,NotBuggy
17,0.016304561868309975,4.288245635581697E-4,8,6,14,6,4.13,3,1,102.0,91.01435089111328,0,2,4,0,0,650.json,NotBuggy
3,0.9010526537895203,0.9763861127310164,0,0,0,1,1.89,0,0,12.0,133.59722900390625,0,0,0,0,0,32.json,NotBuggy
7,0.25603485107421875,0.05480312358091949,1,1,2,2,2.56,1,2,52.0,110.25054931640625,0,1,1,0,0,3035.json,NotBuggy
3,0.8648878931999207,0.9598039717810278,0,0,0,1,1.89,0,0,12.0,133.59722900390625,0,0,0,0,0,486.json,NotBuggy
3,0.0013634180650115013,0.5254590691835775,0,0,0,1,1.89,0,0,27.0,128.4090576171875,0,0,0,0,0,2532.json,NotBuggy
3,0.07037069648504257,0.8839069713752451,0,0,0,1,1.89,0,1,15.0,132.25152587890625,0,0,0,0,0,1166.json,NotBuggy
3,0.0773211196064949,0.6199337182377126,0,0,0,1,1.89,0,1,23.0,129.2428436279297,0,3,0,0,0,1001.json,NotBuggy
3,0.4307784140110016,0.9518103677145242,0,0,0,1,1.89,0,0,15.0,132.25152587890625,0,0,0,0,0,2891.json,NotBuggy
3,0.2296822965145111,0.9306896031797507,0,0,0,1,1.89,0,0,12.0,133.59722900390625,0,0,0,0,0,1045.json,NotBuggy
7,0.14504897594451904,0.11603027823934717,1,1,2,2,3.02,1,3,46.0,110.99961853027344,0,2,1,0,0,169.json,NotBuggy
3,0.7679766416549683,0.5884254572388223,1,1,2,2,1.89,0,1,25.0,128.57925415039062,0,1,0,0,0,1836.json,NotBuggy
10,6.065054330974817E-4,1.0056120950866805E-5,0,0,0,1,1.6,0,6,100.0,100.82769012451172,0,2,2,0,0,1850.json,NotBuggy
6,0.030299676582217216,0.49210496149480987,1,1,2,2,2.75,1,1,36.0,115.03083801269531,0,2,0,0,0,2339.json,NotBuggy
10,0.16944520175457,0.0899625200143581,1,1,2,2,3.0,1,4,58.0,103.80259704589844,1,2,0,0,0,460.json,NotBuggy
3,0.052225373685359955,0.7473590277932944,0,0,0,1,1.89,0,1,22.0,129.69032287597656,0,1,0,0,0,1703.json,NotBuggy
24,0.002942540915682912,0.005277536117654607,2,5,7,4,6.22,2,11,112.0,85.51647186279297,0,2,1,0,0,2825.json,NotBuggy
5,0.9308053255081177,0.93963423298449,0,0,0,1,1.96,0,0,20.0,122.167236328125,0,0,1,0,0,206.json,NotBuggy
3,0.5619616508483887,0.8919470495592754,0,0,0,1,1.89,0,1,19.0,130.70933532714844,0,1,0,0,0,743.json,NotBuggy
5,0.002513166517019272,0.3320996602744058,0,0,0,1,1.96,0,3,37.0,118.39888763427734,0,3,0,0,0,986.json,NotBuggy
5,0.06636177748441696,0.17789266463014222,0,0,0,1,1.96,0,2,38.0,117.86318969726562,0,2,1,0,0,2765.json,NotBuggy
5,0.5825197696685791,0.7208169976549064,0,0,0,1,1.96,0,2,29.0,119.66572570800781,0,1,1,0,0,2856.json,NotBuggy
1,0.8940903544425964,0.6963559334074281,0,0,0,1,0.0,0,0,16.0,149.2662811279297,0,0,0,0,0,155.json,NotBuggy
23,0.22292253375053406,0.008068615339701872,4,3,7,4,4.57,2,3,99.0,86.53338623046875,0,3,1,0,0,1115.json,NotBuggy
3,0.0672014057636261,0.04185411359875119,0,0,0,1,1.89,0,2,44.0,125.44633483886719,0,2,0,0,0,3011.json,NotBuggy
5,0.06006360054016113,0.12092443124963544,0,0,0,1,1.96,0,3,41.0,117.3387222290039,0,2,1,0,0,2768.json,NotBuggy
3,0.29233935475349426,0.6917621508809292,0,0,0,1,1.89,0,2,22.0,129.47398376464844,0,0,0,0,0,1515.json,NotBuggy
17,0.02919888123869896,0.0033454368448912306,6,5,11,6,2.99,2,2,91.0,91.85043334960938,0,2,1,0,0,770.json,NotBuggy
3,0.7351110577583313,0.9020430355671292,0,0,0,1,1.89,0,1,16.0,131.60296630859375,0,0,0,0,0,33.json,NotBuggy
7,0.10089699178934097,0.2594643832316477,0,0,0,1,1.81,0,3,42.0,111.89190673828125,0,3,0,0,0,1251.json,NotBuggy
4,0.6585232615470886,0.953291889550626,0,0,0,1,1.73,0,1,15.0,127.42622375488281,0,0,0,0,0,2016.json,NotBuggy
11,0.9215800762176514,0.9511932892102724,3,3,6,4,4.11,2,3,43.0,103.82749938964844,0,0,0,0,0,1481.json,NotBuggy
3,0.6784248352050781,0.7650685175848836,0,0,0,1,1.89,0,1,19.0,130.45266723632812,0,1,0,0,0,240.json,NotBuggy
5,0.8464691042900085,0.9240999653782479,1,1,2,2,2.99,1,1,22.0,121.18495178222656,0,0,0,0,0,494.json,NotBuggy
3,0.01901206187903881,0.5037603169887892,0,0,0,1,1.89,0,1,26.0,128.60531616210938,0,2,0,0,0,2159.json,NotBuggy
9,0.05198944732546806,0.2820498074209742,5,3,8,3,2.67,1,5,51.0,106.57421112060547,0,2,0,0,0,1739.json,NotBuggy
19,2.696929732337594E-4,1.1127353571177133E-7,0,0,0,4,2.42,1,11,139.0,87.74879455566406,0,3,0,0,0,2025.json,NotBuggy
3,0.4671535789966583,0.9751791798322754,0,0,0,1,1.89,0,0,15.0,132.25152587890625,0,0,0,0,0,805.json,NotBuggy
11,0.2667098343372345,0.667404165149508,2,2,4,3,2.67,2,3,47.0,103.39551544189453,0,0,0,0,0,2797.json,NotBuggy
10,0.45727309584617615,0.5904525958876862,1,1,2,3,2.23,1,1,42.0,105.65377044677734,0,2,0,0,0,1909.json,NotBuggy
15,0.21807929873466492,0.005701213979073742,7,4,11,4,3.16,2,1,87.0,94.36613464355469,0,1,4,0,0,2214.json,NotBuggy
11,0.3061031103134155,0.5432756522866573,4,2,6,4,1.72,2,2,48.0,103.2554931640625,0,1,1,0,0,1667.json,NotBuggy
4,0.08086518943309784,0.6570592096806034,0,0,0,1,2.0,0,0,24.0,124.26470947265625,0,1,0,0,0,1209.json,NotBuggy
3,0.7883133292198181,0.9657571108513954,0,0,0,1,1.89,0,0,16.0,131.75106811523438,0,1,0,0,0,3064.json,NotBuggy
8,0.18137788772583008,0.05576511132925354,2,1,3,2,2.65,1,3,52.0,107.98535919189453,0,2,2,0,0,2680.json,NotBuggy
3,0.7058415412902832,0.9058628057700029,0,0,0,1,1.89,0,1,15.0,132.086669921875,0,0,0,0,0,1259.json,NotBuggy
3,0.35304006934165955,0.26695240581358953,0,0,0,1,1.89,0,0,33.0,127.26919555664062,0,2,0,0,0,1872.json,NotBuggy
3,0.73989337682724,0.9338958696607401,0,0,0,1,1.89,0,0,14.0,132.4454345703125,0,0,0,0,0,277.json,NotBuggy
10,0.2776249349117279,0.03665174287253766,4,3,7,3,2.53,1,3,59.0,103.43585205078125,0,2,1,0,0,1.json,NotBuggy
6,0.7551209926605225,0.6681364118504399,1,1,2,2,2.75,1,1,32.0,115.79641723632812,0,1,0,0,0,196.json,NotBuggy
3,0.9344409704208374,0.9634257595778639,0,0,0,1,1.89,0,0,12.0,133.59722900390625,0,0,0,0,0,294.json,NotBuggy
7,0.030285662040114403,0.03937196722943082,0,0,0,2,2.56,1,2,53.0,110.20597076416016,0,0,2,0,0,2654.json,NotBuggy
7,0.17514435946941376,0.24146957282915782,1,1,2,2,3.02,1,2,41.0,111.5409164428711,0,2,0,0,0,2672.json,NotBuggy
3,0.6039756536483765,0.9378571793499126,0,0,0,1,1.89,0,0,12.0,133.59722900390625,0,0,0,0,0,709.json,NotBuggy
4,0.0,0.011792424989008956,0,0,0,1,2.0,0,1,52.0,119.78073120117188,0,0,1,0,0,2066.json,NotBuggy
3,0.20781008899211884,0.33051875338132036,0,0,0,1,1.89,0,1,31.0,127.690673828125,0,2,0,0,0,2272.json,NotBuggy
9,0.47178277373313904,0.02838535796881143,1,1,2,3,3.12,1,2,61.0,104.9693374633789,0,2,1,0,0,2544.json,NotBuggy
3,0.9289069771766663,0.9628483359553315,0,0,0,1,1.89,0,0,12.0,133.59722900390625,0,0,0,0,0,2746.json,NotBuggy
7,0.7344911098480225,0.04726673356893328,1,1,2,2,2.4,1,0,52.0,110.19845581054688,0,2,1,0,0,1987.json,NotBuggy
3,0.1765557825565338,0.7583157488745641,0,0,0,1,1.89,0,1,20.0,130.30841064453125,0,2,0,0,0,974.json,NotBuggy
3,0.5917430520057678,0.9135768629117568,0,0,0,1,1.89,0,1,15.0,132.25152587890625,0,0,0,0,0,2902.json,NotBuggy
3,0.029972972348332405,0.4930235353178027,0,0,0,1,1.89,0,0,26.0,128.70916748046875,0,2,0,0,0,446.json,NotBuggy
15,0.37785816192626953,0.004024428855092379,3,3,6,4,2.4,1,2,89.0,94.10680389404297,0,3,2,0,0,2781.json,NotBuggy
14,0.8429452180862427,0.13965065429536513,3,4,7,5,2.96,1,2,75.0,96.375,0,1,1,0,0,2973.json,NotBuggy
3,0.6337632536888123,0.8043655709783393,0,0,0,1,1.89,0,2,17.0,131.28770446777344,0,0,0,0,0,1506.json,NotBuggy
10,0.5269151926040649,0.6452124674031285,2,2,4,3,3.95,2,4,52.0,104.61329650878906,0,0,1,0,0,1453.json,NotBuggy
3,0.9208658337593079,0.950520218862046,0,0,0,1,1.89,0,1,15.0,132.086669921875,0,1,0,0,0,678.json,NotBuggy
6,0.6374211311340332,0.7818524506296081,2,2,4,2,2.75,1,2,29.0,116.3923110961914,0,1,0,0,0,587.json,NotBuggy
11,0.2667098343372345,0.667404165149508,2,2,4,3,2.67,2,3,47.0,103.39551544189453,0,0,0,0,0,2806.json,NotBuggy
3,0.08067113161087036,0.6070092518465283,0,0,0,1,1.89,0,1,23.0,129.2428436279297,0,3,0,0,0,983.json,NotBuggy
10,0.10667573660612106,0.012432290093174066,2,3,5,4,2.8,1,3,69.0,102.59600067138672,0,1,1,0,0,68.json,NotBuggy
3,0.07034344971179962,0.5981822270719196,0,0,0,1,1.89,0,1,23.0,129.2428436279297,0,3,0,0,0,1098.json,NotBuggy
8,0.6431865096092224,0.5701730802805846,2,2,4,3,2.83,2,0,37.0,110.3248291015625,0,1,0,0,0,2252.json,NotBuggy
5,0.5471296310424805,0.4096890680786475,2,2,4,2,2.99,1,1,33.0,118.51115417480469,0,2,0,0,0,1370.json,NotBuggy
3,0.7225521802902222,0.8107808659751851,0,0,0,1,1.89,0,2,19.0,130.57513427734375,0,1,0,0,0,579.json,NotBuggy
3,0.73989337682724,0.9338958696607401,0,0,0,1,1.89,0,0,14.0,132.4454345703125,0,0,0,0,0,249.json,NotBuggy
3,0.6764400601387024,0.7592641359868765,0,0,0,1,1.89,0,1,19.0,130.45266723632812,0,1,0,0,0,329.json,NotBuggy
37,0.0,6.3286875327945464E-21,8,16,24,17,6.42,9,19,335.0,69.18938446044922,0,9,6,0,0,2734.json,Buggy
11,0.0059585184790194035,0.0013492854840709313,2,2,4,3,2.31,1,4,80.0,100.13469696044922,0,3,2,0,0,130.json,NotBuggy
6,0.028645994141697884,0.5280311184936332,1,1,2,2,2.75,1,1,36.0,115.10508728027344,0,2,0,0,0,2349.json,NotBuggy
3,0.8778263330459595,0.9546161441973603,0,0,0,1,1.89,0,0,14.0,132.79563903808594,0,1,0,0,0,305.json,NotBuggy
3,0.8045808672904968,0.8267921522686672,0,0,0,1,1.89,0,1,18.0,130.7338104248047,0,0,0,0,0,1975.json,NotBuggy
6,0.6374211311340332,0.7818524506296081,2,2,4,2,2.75,1,2,29.0,116.3923110961914,0,1,0,0,0,588.json,NotBuggy
3,0.7025215029716492,0.9209651807197582,0,0,0,1,1.89,0,0,14.0,132.4454345703125,0,0,0,0,0,916.json,NotBuggy
7,0.2979969382286072,0.16852160384678083,0,0,0,1,1.98,0,3,46.0,111.35248565673828,0,1,2,0,0,2668.json,NotBuggy
15,0.054848071187734604,0.001093332548816863,4,3,7,4,2.72,1,1,89.0,94.17513275146484,0,3,3,0,0,2338.json,NotBuggy
3,0.49639666080474854,0.9298911370509163,0,0,0,1,1.89,0,0,14.0,132.4454345703125,0,0,0,0,0,707.json,NotBuggy
13,0.12419819831848145,9.083449663210221E-4,6,4,10,4,5.84,3,6,86.0,96.67166900634766,0,1,3,0,0,2720.json,NotBuggy
27,3.8044070242904127E-4,8.58547304303353E-11,8,8,16,9,2.27,1,17,205.0,79.12955474853516,0,2,0,0,0,2709.json,NotBuggy
1,0.10104235261678696,0.46939211316554014,0,0,0,1,0.0,0,1,17.0,148.95103454589844,0,0,0,0,0,430.json,NotBuggy
3,0.7467963099479675,0.8225300339407361,0,0,0,1,1.89,0,2,19.0,130.57513427734375,0,1,0,0,0,576.json,NotBuggy
6,0.5311844944953918,0.30597139526436123,2,2,4,3,2.75,1,1,37.0,114.65836334228516,0,1,0,0,0,1334.json,NotBuggy
1,0.8677937388420105,0.5069834453238274,0,0,0,1,0.0,0,1,17.0,148.95103454589844,0,0,0,0,0,435.json,NotBuggy
3,0.6191597580909729,0.9754127908842825,0,0,0,1,1.89,0,0,12.0,133.59722900390625,0,0,0,0,0,672.json,NotBuggy
10,0.5490634441375732,0.37835637955066015,4,3,7,4,5.08,3,0,52.0,104.06688690185547,0,2,1,0,0,618.json,NotBuggy
5,0.002513166517019272,0.32853213694513095,0,0,0,1,1.96,0,3,37.0,118.39888763427734,0,3,0,0,0,994.json,NotBuggy
4,0.7692263126373291,0.9116872717170371,0,0,0,1,2.0,0,2,17.0,126.77537536621094,0,0,0,0,0,1484.json,NotBuggy
5,0.9300525784492493,0.9389579487481313,0,0,0,1,1.96,0,0,20.0,122.167236328125,0,0,1,0,0,235.json,NotBuggy
21,0.0,1.6944284624040276E-11,4,6,10,6,2.85,2,9,192.0,84.0153579711914,0,3,3,0,0,2083.json,NotBuggy
3,0.5641464591026306,0.9149465044002436,0,0,0,1,1.89,0,1,15.0,132.25152587890625,0,0,0,0,0,2898.json,NotBuggy
11,0.055120185017585754,0.08990141982823985,3,2,5,3,2.67,2,6,70.0,101.2071533203125,0,4,0,0,0,1006.json,NotBuggy
3,0.014142278581857681,0.4036646058379886,0,0,0,1,1.89,0,1,28.0,128.0337677001953,0,1,0,0,0,1369.json,NotBuggy
5,0.034014228731393814,0.1255723844596965,3,2,5,2,2.75,1,1,42.0,116.92352294921875,1,4,0,0,0,1397.json,NotBuggy
4,0.7503796815872192,0.9074395423205895,0,0,0,1,2.0,0,1,19.0,126.04888916015625,0,0,0,0,0,487.json,NotBuggy
4,0.04960671812295914,0.5574299270844898,0,0,0,1,2.0,0,1,27.0,123.65223693847656,0,2,0,0,0,864.json,NotBuggy
4,0.9245193004608154,0.8620577121667355,0,0,0,1,2.0,0,1,22.0,124.81353759765625,0,1,0,0,0,1443.json,NotBuggy
7,0.5702398419380188,0.674516330676555,0,0,0,2,3.02,1,1,33.0,113.060302734375,0,2,0,0,0,1905.json,NotBuggy
3,0.6122826337814331,0.5162873545748611,1,1,2,2,1.89,0,2,27.0,128.0826873779297,0,2,0,0,0,1881.json,NotBuggy
3,0.0,0.1295434001962349,0,0,0,1,1.89,0,2,37.0,126.50045013427734,0,4,0,0,0,2738.json,NotBuggy
3,0.8720440864562988,0.9474606775720934,0,0,0,1,1.89,0,1,14.0,132.79563903808594,0,0,0,0,0,1261.json,NotBuggy
3,0.9578678011894226,0.9887590553862605,0,0,0,1,1.89,0,0,13.0,132.9956512451172,0,0,0,0,0,1120.json,NotBuggy
30,0.0,3.0951387062847697E-16,10,5,15,6,3.83,3,22,259.0,76.16272735595703,0,2,10,0,0,179.json,NotBuggy
7,0.865241527557373,0.8874687810841232,1,1,2,2,3.02,1,1,28.0,114.26372528076172,0,0,0,0,0,518.json,NotBuggy
33,0.0,4.408304854294507E-6,10,9,19,8,4.16,2,11,199.0,75.91555786132812,0,3,6,0,0,45.json,Buggy
3,0.5219329595565796,0.8964777481001308,0,0,0,1,1.89,0,1,18.0,130.99049377441406,0,1,0,0,0,631.json,NotBuggy
4,0.046456750482320786,0.5697294313451905,0,0,0,1,2.0,0,2,29.0,123.19084167480469,0,2,1,0,0,3009.json,NotBuggy
24,0.002942540915682912,0.005277536117654607,2,5,7,4,6.22,2,11,112.0,85.51647186279297,0,2,1,0,0,2813.json,NotBuggy
3,0.961056649684906,0.9543217307702846,0,0,0,1,1.89,0,1,17.0,131.43582153320312,0,1,0,0,0,677.json,NotBuggy
3,0.0,0.1978963013626347,0,0,0,1,1.89,0,1,34.0,126.78704833984375,0,3,0,0,0,2837.json,NotBuggy
3,0.8392441272735596,0.8820271030854964,0,0,0,1,1.89,0,0,16.0,131.46876525878906,0,1,0,0,0,354.json,NotBuggy
4,0.7170839905738831,0.7370100589193542,0,0,0,1,2.0,0,1,23.0,124.58238983154297,0,1,0,0,0,331.json,NotBuggy
15,0.010501008480787277,0.022836581201260864,3,4,7,5,2.47,1,4,80.0,95.0853500366211,0,2,0,0,0,79.json,NotBuggy
8,0.0675196498632431,0.1593307084544012,3,1,4,3,3.87,2,3,48.0,108.32803344726562,0,1,1,0,0,2653.json,NotBuggy
3,0.06503307819366455,0.7585046304314389,0,0,0,1,1.89,0,1,22.0,129.69032287597656,0,2,0,0,0,2796.json,NotBuggy
18,0.001354518230073154,6.347410136509162E-7,8,6,14,6,3.33,2,8,165.0,87.48319244384766,0,3,1,0,0,55.json,Buggy
21,0.0,1.6944284624040276E-11,4,6,10,6,2.85,2,9,192.0,84.0153579711914,0,3,3,0,0,2079.json,NotBuggy
12,0.10302940756082535,0.3407193211674732,3,3,6,3,2.75,1,1,53.0,101.3611831665039,0,1,0,0,0,1993.json,Buggy
3,0.784335196018219,0.8535703875250105,0,0,0,1,1.89,0,1,17.0,131.1535186767578,0,0,0,0,0,2018.json,NotBuggy
3,0.06503307819366455,0.7585046304314389,0,0,0,1,1.89,0,1,22.0,129.69032287597656,0,2,0,0,0,2793.json,NotBuggy
11,0.05452175810933113,0.09107035295116472,3,2,5,3,2.67,2,6,70.0,101.2071533203125,0,4,0,0,0,1089.json,NotBuggy
7,0.5996277332305908,0.17614130928413393,1,1,2,2,3.02,1,2,46.0,111.12248992919922,0,1,1,0,0,279.json,NotBuggy
6,0.015592189505696297,0.1594083075402547,1,1,2,2,2.75,1,2,44.0,113.85087585449219,0,3,0,0,0,2700.json,NotBuggy
4,0.08149290829896927,0.04109465749920518,0,0,0,1,4.0,0,2,43.0,120.8353271484375,0,2,0,0,0,2780.json,NotBuggy
22,0.0,1.4023789843415672E-6,1,1,2,2,2.6,1,5,143.0,85.93008422851562,0,2,0,0,0,602.json,NotBuggy
3,0.7468650937080383,0.7942898945919911,0,0,0,1,1.89,0,2,19.0,130.57513427734375,0,1,0,0,0,563.json,NotBuggy
9,0.002527404110878706,0.029064679220487905,0,0,0,1,1.66,0,7,60.0,105.8995361328125,0,2,1,0,0,1559.json,NotBuggy
9,0.07732048630714417,0.019476982094229933,1,2,3,3,2.95,2,3,63.0,104.84944152832031,0,2,0,0,0,2864.json,NotBuggy
3,0.046490151435136795,0.8818792609521132,0,0,0,1,1.89,0,1,15.0,132.25152587890625,0,0,0,0,0,1192.json,NotBuggy
12,0.1590224802494049,0.4980777736705645,3,3,6,4,2.56,1,2,55.0,101.00154876708984,0,2,0,0,0,1713.json,NotBuggy
10,0.1482599377632141,0.005345378887620084,3,2,5,3,4.45,1,0,74.0,102.3057632446289,0,4,2,0,0,2397.json,NotBuggy
12,0.07673420011997223,0.2840976560170731,3,3,6,4,2.56,1,0,57.0,100.8821792602539,0,2,0,0,0,663.json,NotBuggy
8,0.6530792713165283,0.6702689596198355,2,2,4,3,2.83,2,0,37.0,110.3248291015625,0,1,0,0,0,2246.json,NotBuggy
15,0.20578771829605103,0.004595567581156413,7,4,11,4,3.16,2,1,88.0,94.26969909667969,0,1,4,0,0,2218.json,NotBuggy
5,0.07040981203317642,0.5554369058788645,0,0,0,1,1.96,0,3,30.0,119.6896743774414,0,2,0,0,0,976.json,NotBuggy
3,0.0012157036690041423,0.6314747562660439,0,0,0,1,1.89,0,1,24.0,129.0215301513672,0,1,0,0,0,615.json,NotBuggy
3,0.2481200397014618,0.6751811557468078,0,0,0,1,1.89,0,1,23.0,129.34671020507812,0,1,0,0,0,1347.json,NotBuggy
6,0.8282761573791504,0.8425890543740164,1,1,2,2,2.75,1,1,28.0,116.86482238769531,0,1,0,0,0,657.json,NotBuggy
33,0.0,2.365015255215508E-9,2,5,7,6,3.88,2,21,213.0,76.27166748046875,0,1,3,0,0,1972.json,Buggy
13,0.15382066369056702,9.842975765057913E-5,1,2,3,3,2.22,1,5,103.0,95.99949645996094,0,2,3,0,0,2286.json,NotBuggy
6,0.8046981692314148,0.7758449250821594,2,2,4,2,2.75,1,0,29.0,116.22944641113281,0,1,0,0,0,2190.json,NotBuggy
4,0.8323646783828735,0.962272873088757,0,0,0,1,2.0,0,0,15.0,127.59107971191406,0,0,0,0,0,351.json,NotBuggy
7,0.0776757225394249,0.29260675152291066,0,0,0,1,4.12,1,6,41.0,111.95084381103516,0,0,0,0,0,1492.json,NotBuggy
3,0.7458800077438354,0.8277526875930691,0,0,0,1,1.89,0,2,19.0,130.70933532714844,0,1,0,0,0,571.json,NotBuggy
3,0.7721760272979736,0.9522325383767264,0,0,0,1,1.89,0,0,12.0,133.59722900390625,0,0,0,0,0,1196.json,NotBuggy
3,0.9292646646499634,0.7650286244112305,0,0,0,1,1.89,0,0,19.0,130.45266723632812,0,1,0,0,0,492.json,NotBuggy
14,0.21126878261566162,0.041711509593349565,5,4,9,5,3.18,2,0,73.0,96.46566009521484,0,3,1,0,0,2174.json,NotBuggy
6,0.02785557694733143,0.503774545406114,1,1,2,2,2.75,1,1,36.0,115.03083801269531,0,2,0,0,0,2343.json,NotBuggy
3,0.2733582854270935,0.6839448346726623,0,0,0,1,0.94,0,1,21.0,129.93223571777344,0,1,0,0,0,1673.json,NotBuggy
24,0.0,1.177979304239397E-11,3,9,12,10,2.44,9,12,234.0,80.43281555175781,0,2,0,0,0,1221.json,NotBuggy
17,0.06608579307794571,3.6340072378408144E-4,5,4,9,5,2.99,2,3,99.0,91.32908630371094,0,4,3,0,0,1688.json,NotBuggy
24,0.002942540915682912,0.005277536117654607,2,5,7,4,6.22,2,11,112.0,85.51647186279297,0,2,1,0,0,2790.json,NotBuggy
3,0.5841883420944214,0.7514765973060235,0,0,0,1,1.89,0,1,20.0,130.30841064453125,0,1,0,0,0,1769.json,NotBuggy
4,0.03906508907675743,0.009505359277726522,0,0,0,1,2.0,0,3,52.0,119.44434356689453,0,2,1,0,0,117.json,NotBuggy
5,0.9204812049865723,0.9485133692723735,0,0,0,1,1.96,0,0,20.0,122.167236328125,0,0,1,0,0,350.json,NotBuggy
29,0.0,1.4417432368053971E-11,10,6,16,7,3.68,1,13,229.0,77.32768249511719,0,3,8,0,0,54.json,NotBuggy
3,0.03569464385509491,0.6171328273899592,0,0,0,1,1.89,0,0,26.0,128.70916748046875,0,2,0,0,0,2617.json,NotBuggy
3,0.4302387833595276,0.8500067948474966,0,0,0,1,1.89,0,2,17.0,131.43582153320312,0,0,0,0,0,2696.json,NotBuggy
11,0.2667098343372345,0.667404165149508,2,2,4,3,2.67,2,3,47.0,103.39551544189453,0,0,0,0,0,2824.json,NotBuggy
3,0.020117970183491707,0.5015354139878418,0,0,0,1,1.89,0,1,26.0,128.60531616210938,0,2,0,0,0,2169.json,NotBuggy
3,0.7225680947303772,0.8192193750952532,0,0,0,1,1.89,0,2,19.0,130.57513427734375,0,1,0,0,0,580.json,NotBuggy
13,0.002098026219755411,2.5548823012171314E-4,10,7,17,5,4.58,3,5,95.0,96.07479858398438,0,4,1,0,0,1591.json,NotBuggy
3,0.9578678011894226,0.9887590553862605,0,0,0,1,1.89,0,0,13.0,132.9956512451172,0,0,0,0,0,1117.json,NotBuggy
10,0.1468273252248764,0.005311348542031154,3,2,5,3,4.45,1,0,74.0,102.3057632446289,0,4,2,0,0,2385.json,NotBuggy
3,0.018079565837979317,0.42183401005027193,0,0,0,1,1.89,0,1,26.0,128.41912841796875,0,2,0,0,0,2880.json,NotBuggy
3,0.8663687705993652,0.6648456339101547,0,0,0,1,1.89,0,0,22.0,129.47398376464844,0,1,0,0,0,2200.json,NotBuggy
3,0.5759873390197754,0.7363868746690211,0,0,0,1,1.89,0,1,20.0,130.18594360351562,0,1,0,0,0,1771.json,NotBuggy
12,0.15185602009296417,0.004486192838106198,3,3,6,4,2.56,2,1,77.0,98.8216781616211,0,1,2,0,0,2412.json,NotBuggy
14,0.47968024015426636,0.014551671932861327,4,4,8,5,3.0,2,0,85.0,95.5362319946289,0,1,2,0,0,1943.json,NotBuggy
3,0.22815072536468506,0.9582567368186641,0,0,0,1,1.89,0,0,12.0,133.59722900390625,0,0,0,0,0,1470.json,NotBuggy
11,0.2667098343372345,0.667404165149508,2,2,4,3,2.67,2,3,47.0,103.39551544189453,0,0,0,0,0,2787.json,NotBuggy
3,0.14297378063201904,0.7441517533070958,0,0,0,1,1.89,0,0,23.0,129.4591827392578,0,1,0,0,0,2615.json,NotBuggy
3,0.3017624616622925,0.38344059135992625,0,0,0,1,1.89,0,1,28.0,128.0337677001953,0,2,0,0,0,2127.json,NotBuggy
15,0.01376205962151289,0.027256962215171612,5,3,8,3,3.83,2,6,75.0,95.5293960571289,0,3,0,0,0,2027.json,NotBuggy
10,0.8145579695701599,0.8962080285802722,2,2,4,3,2.8,1,0,40.0,106.05183410644531,0,2,0,0,0,1965.json,NotBuggy
3,0.0355578176677227,0.6091987748782715,0,0,0,1,1.89,0,0,26.0,128.70916748046875,0,2,0,0,0,2618.json,NotBuggy
3,0.011291560716927052,0.2141590197028725,0,0,0,1,1.89,0,2,34.0,127.11396026611328,0,2,0,0,0,2277.json,NotBuggy
3,0.9315714836120605,0.9768673514563136,0,0,0,1,1.89,0,0,12.0,133.59722900390625,0,0,0,0,0,528.json,NotBuggy
23,0.28974416851997375,0.011448390050888935,4,3,7,4,4.57,2,3,99.0,86.53338623046875,0,3,1,0,0,1121.json,NotBuggy
3,0.0,0.16885711349465785,0,0,0,1,1.89,0,0,39.0,126.40052032470703,0,2,0,0,0,2484.json,NotBuggy
40,5.051593761891127E-4,2.9761802755626602E-12,4,11,15,11,4.47,3,8,241.0,70.95338439941406,0,2,11,0,0,1741.json,NotBuggy
4,0.8515447974205017,0.9539344338682552,0,0,0,1,2.0,0,0,15.0,127.59107971191406,0,0,0,0,0,233.json,NotBuggy
18,0.439137727022171,0.10096353586858886,5,5,10,6,2.92,2,2,80.0,91.64036560058594,0,1,2,0,0,628.json,NotBuggy
3,0.854239821434021,0.9560902452362428,0,0,0,1,1.89,0,0,12.0,133.59722900390625,0,0,0,0,0,3014.json,NotBuggy
8,0.0807580053806305,0.09942505138252032,1,1,2,2,2.4,1,3,52.0,108.32174682617188,0,0,1,0,0,517.json,NotBuggy
7,0.10862335562705994,0.2545480297231599,0,0,0,1,1.81,0,3,42.0,111.89190673828125,0,3,0,0,0,1250.json,NotBuggy
14,0.006852827966213226,5.169276892487205E-4,6,4,10,4,2.37,1,11,97.0,95.26744079589844,0,2,1,0,0,1825.json,NotBuggy
3,0.5621767044067383,0.43209827339450674,0,0,0,1,1.89,0,2,25.0,128.62307739257812,0,1,0,0,0,2713.json,NotBuggy
13,0.011772648431360722,0.055698527625604774,3,4,7,4,2.65,1,0,71.0,98.14264678955078,0,2,0,0,0,635.json,NotBuggy
12,0.471852570772171,0.7499207592959642,2,2,4,4,4.65,3,1,52.0,101.23023223876953,0,0,2,0,0,2731.json,NotBuggy
6,0.5904055237770081,0.6936115218430194,1,1,2,2,2.75,1,1,30.0,116.13201141357422,0,0,0,0,0,1982.json,Buggy
3,0.8776294589042664,0.6000895264064736,0,0,0,1,1.89,0,1,19.0,130.45266723632812,0,1,0,0,0,2550.json,NotBuggy
6,0.1344156116247177,0.7036193608044768,1,1,2,2,2.75,1,2,32.0,115.88042449951172,0,1,0,0,0,701.json,NotBuggy
3,0.09835419803857803,0.35132102711271657,0,0,0,1,1.89,0,2,28.0,128.1235809326172,0,2,0,0,0,2041.json,NotBuggy
3,0.0034615371841937304,0.3946024054495083,0,0,0,1,1.89,0,1,27.0,128.22288513183594,0,3,0,0,0,1017.json,NotBuggy
37,0.0,1.3773779025256584E-7,7,11,18,10,8.0,3,3,185.0,74.23108673095703,0,4,2,0,0,2346.json,NotBuggy
3,0.9706464409828186,0.9877397977665077,0,0,0,1,1.89,0,0,12.0,133.59722900390625,0,0,0,0,0,1531.json,NotBuggy
3,0.36886104941368103,0.5900733081989741,0,0,0,1,1.89,0,1,22.0,129.47398376464844,0,1,0,0,0,790.json,NotBuggy
3,0.7658484578132629,0.7055398630476086,0,0,0,1,1.89,0,1,20.0,130.18594360351562,0,1,0,0,0,1555.json,NotBuggy
3,3.804306616075337E-4,0.23347099754347744,0,0,0,1,1.89,0,2,33.0,127.01653289794922,0,3,0,0,0,2728.json,NotBuggy
17,0.02919888123869896,0.0033454368448912306,6,5,11,6,2.99,2,2,91.0,91.85043334960938,0,2,1,0,0,769.json,NotBuggy
6,0.4653751254081726,0.7988750109820715,1,1,2,2,2.75,1,1,30.0,116.30582427978516,0,2,0,0,0,2460.json,NotBuggy
3,0.13177481293678284,0.5363821861007231,0,0,0,1,1.89,0,2,24.0,128.92515563964844,0,1,0,0,0,2916.json,NotBuggy
7,0.34301507472991943,0.26359269475427816,3,4,7,4,3.02,1,1,45.0,110.84314727783203,0,2,0,0,0,1846.json,NotBuggy
12,0.13115473091602325,0.004233464608292333,3,3,6,4,2.56,2,0,78.0,98.80055236816406,0,1,2,0,0,2411.json,NotBuggy
14,1.2751967005897313E-4,1.6120510367852084E-5,2,2,4,3,2.72,1,7,113.0,94.39238739013672,0,2,2,0,0,2078.json,Buggy
3,0.8733535408973694,0.943959769552274,0,0,0,1,1.89,0,1,13.0,133.18099975585938,0,0,0,0,0,966.json,NotBuggy
15,8.515572408214211E-4,9.936970024573382E-5,2,2,4,3,2.72,1,7,100.0,93.79915618896484,0,2,4,0,0,684.json,NotBuggy
6,0.7573946714401245,0.8531005287545098,1,1,2,2,2.75,1,0,28.0,116.7609634399414,0,1,0,0,0,17.json,NotBuggy
3,0.0,0.2383886994900624,0,0,0,1,1.89,0,1,31.0,127.42049407958984,0,3,0,0,0,2998.json,NotBuggy
12,0.5190200209617615,0.01293575845540252,3,3,6,4,2.37,2,1,80.0,98.57872009277344,0,1,2,0,0,2001.json,NotBuggy
6,0.8956199288368225,0.8213029442543964,1,1,2,2,2.75,1,1,28.0,116.66458892822266,0,1,1,0,0,1521.json,NotBuggy
3,0.39611122012138367,0.7414946285106153,0,0,0,1,1.89,0,1,20.0,130.30841064453125,0,1,0,0,0,2693.json,NotBuggy
3,0.6518069505691528,0.8823656240859424,0,0,0,1,1.89,0,1,17.0,131.28770446777344,0,0,0,0,0,22.json,NotBuggy
3,0.09335719048976898,0.7639292785756948,0,0,0,1,1.89,0,1,21.0,130.05470275878906,0,1,0,0,0,2947.json,NotBuggy
12,0.14115163683891296,0.004922889609034707,3,3,6,4,2.56,2,1,77.0,98.8216781616211,0,1,2,0,0,2420.json,NotBuggy
10,0.37049445509910583,0.043846554714963334,1,2,3,3,2.53,1,3,63.0,103.24458312988281,0,1,1,0,0,1538.json,NotBuggy
3,0.7671198844909668,0.6807752816398497,0,0,0,1,1.89,0,1,20.0,130.18594360351562,0,1,0,0,0,1550.json,NotBuggy
4,0.24134913086891174,0.8218922753001525,0,0,0,1,2.0,0,0,21.0,125.27178192138672,0,1,0,0,0,718.json,NotBuggy
3,0.01698942482471466,0.4676716765256019,0,0,0,1,1.89,0,1,26.0,128.41912841796875,0,2,0,0,0,2878.json,NotBuggy
5,0.1107778251171112,0.08076483407194546,0,0,0,1,1.96,0,3,42.0,117.21340942382812,0,1,1,0,0,2762.json,NotBuggy
7,0.5589395761489868,0.5564363964372763,1,1,2,2,2.56,1,0,34.0,112.90506744384766,0,1,0,0,0,714.json,NotBuggy
6,0.5832188725471497,0.6628935849791429,1,1,2,2,2.75,1,2,34.0,115.32806396484375,0,1,0,0,0,1286.json,NotBuggy
3,0.02249026857316494,0.6210128427644509,0,0,0,1,1.89,0,1,24.0,129.12539672851562,0,2,0,0,0,1381.json,NotBuggy
3,0.6586790084838867,0.9155915473052215,0,0,0,1,1.89,0,0,13.0,132.9956512451172,0,0,0,0,0,1433.json,NotBuggy
11,0.014060568064451218,0.0013488506116508465,2,2,4,3,2.31,1,3,81.0,100.11113739013672,0,3,2,0,0,128.json,NotBuggy
6,0.9654043912887573,0.7321600582563826,1,1,2,2,2.75,1,0,30.0,116.05316162109375,0,0,0,0,0,1501.json,NotBuggy
6,0.3667628765106201,0.8065181538929168,1,1,2,2,2.75,1,1,28.0,116.57478332519531,0,2,0,0,0,592.json,NotBuggy
19,0.0,1.0879112184777724E-6,7,4,11,4,3.85,2,11,163.0,86.7451400756836,0,3,7,0,0,57.json,NotBuggy
3,0.7491347789764404,0.7373636515272715,0,0,0,1,1.89,0,2,20.0,130.30841064453125,0,1,0,0,0,950.json,NotBuggy
10,0.5847181677818298,0.27143903183263,3,2,5,3,3.6,2,1,51.0,104.29129791259766,0,1,1,0,0,951.json,NotBuggy
8,0.050436023622751236,0.10946284512673975,1,1,2,2,2.4,1,3,51.0,108.29985046386719,0,1,1,0,0,688.json,NotBuggy
26,0.009260028600692749,1.5077569469347652E-8,9,8,17,7,4.7,3,10,162.0,80.87603759765625,0,3,5,0,0,1214.json,NotBuggy
19,0.005934088956564665,7.814303848146774E-6,7,10,17,8,2.78,1,1,126.0,87.61787414550781,0,2,2,0,0,830.json,NotBuggy
12,0.3336890935897827,0.037625436103335616,6,4,10,4,3.32,2,4,69.0,99.4859390258789,0,1,2,0,0,1662.json,NotBuggy
17,0.0,6.923427260610123E-8,4,3,7,3,2.45,1,9,171.0,88.75924682617188,0,2,4,0,0,170.json,Buggy
3,0.9552754759788513,0.9817747196094708,0,0,0,1,1.41,0,0,12.0,133.59722900390625,0,0,0,0,0,900.json,NotBuggy
3,0.7557719349861145,0.6245652901069663,1,1,2,2,1.89,0,3,24.0,129.00787353515625,0,0,0,0,0,1537.json,NotBuggy
13,0.6190730333328247,0.9123777594567853,1,2,3,3,3.56,2,2,48.0,101.20250701904297,0,1,1,0,0,2662.json,Buggy
3,0.6742234826087952,0.9136001186394107,0,0,0,1,1.89,0,1,15.0,132.086669921875,0,0,0,0,0,2641.json,NotBuggy
20,0.0,3.1120483821340944E-8,5,7,12,6,2.29,1,4,163.0,85.90808868408203,0,3,1,0,0,2179.json,NotBuggy
3,0.7658484578132629,0.7223981292327813,0,0,0,1,1.89,0,1,20.0,130.18594360351562,0,1,0,0,0,1557.json,NotBuggy
16,0.10715065151453018,1.3545954845902488E-4,4,3,7,4,2.4,1,6,105.0,92.2699203491211,0,1,4,0,0,1806.json,NotBuggy
6,0.09057929366827011,0.6040809650456807,1,1,2,2,2.75,1,1,35.0,115.41443634033203,0,3,0,0,0,695.json,NotBuggy
3,0.9602164030075073,0.9890737132228224,0,0,0,1,1.89,0,0,13.0,132.9956512451172,0,0,0,0,0,1146.json,NotBuggy
14,0.49970918893814087,0.004759771332778775,4,4,8,5,3.0,2,0,90.0,95.11579132080078,0,1,2,0,0,1935.json,NotBuggy
3,0.019924188032746315,0.7642781725382422,0,0,0,1,1.89,0,1,24.0,129.49453735351562,0,2,0,0,0,1802.json,NotBuggy
3,0.7935911417007446,0.5907575154114328,1,1,2,2,1.89,0,0,26.0,128.10511779785156,0,0,0,0,0,2625.json,NotBuggy
4,0.8459858298301697,0.957425828209299,0,0,0,1,2.0,0,0,15.0,127.59107971191406,0,0,0,0,0,322.json,NotBuggy
7,0.40549346804618835,0.11055678728484608,2,2,4,2,3.09,1,4,59.0,109.8282241821289,1,3,0,0,0,373.json,NotBuggy
3,0.07034344971179962,0.5981822270719196,0,0,0,1,1.89,0,1,23.0,129.2428436279297,0,3,0,0,0,982.json,NotBuggy
3,0.806919276714325,0.9106441954820322,0,0,0,1,1.89,0,1,16.0,131.60296630859375,0,0,0,0,0,38.json,NotBuggy
13,0.0,6.289881204535354E-8,2,2,4,2,4.71,1,16,141.0,94.75244903564453,0,2,0,0,0,2835.json,NotBuggy
11,0.052192654460668564,0.0905346040128036,3,2,5,3,2.67,2,6,70.0,101.2071533203125,0,4,0,0,0,1015.json,NotBuggy
3,0.3726668655872345,0.7534352018958053,0,0,0,1,1.89,0,1,21.0,129.93223571777344,0,1,0,0,0,637.json,NotBuggy
3,0.013167152181267738,0.48071720505203747,0,0,0,1,1.89,0,1,26.0,128.50894165039062,0,2,0,0,0,2846.json,NotBuggy
3,5.221754545345902E-4,0.1732049225865259,0,0,0,1,1.89,0,1,33.0,126.9422836303711,0,2,0,0,0,72.json,NotBuggy
15,0.0014419897925108671,1.271508742417196E-4,2,2,4,3,2.29,1,5,103.0,93.79613494873047,0,3,3,0,0,616.json,NotBuggy
17,0.11628059297800064,3.193920208858714E-4,5,4,9,5,2.99,2,3,99.0,91.29544830322266,0,4,3,0,0,1686.json,NotBuggy
4,0.8478829264640808,0.8648203820447783,0,0,0,1,2.0,0,0,20.0,125.5254898071289,0,1,0,0,0,330.json,NotBuggy
20,0.03701487556099892,3.772009635712276E-5,4,4,8,4,3.41,3,8,114.0,87.92195129394531,0,1,7,0,0,2665.json,NotBuggy
3,1.741506566759199E-4,0.37423915729845275,0,0,0,1,1.89,0,2,33.0,127.46943664550781,0,3,0,0,0,1951.json,NotBuggy
4,0.014317813329398632,0.44236813787415913,0,0,0,1,2.0,0,1,29.0,123.1068344116211,0,2,0,0,0,871.json,NotBuggy
15,0.012678870931267738,2.3410244732229398E-6,3,2,5,3,2.22,1,11,117.0,92.60044860839844,0,2,5,0,0,3037.json,NotBuggy
3,0.23400549590587616,0.8765437205649346,0,0,0,1,1.89,0,0,17.0,131.28770446777344,0,1,0,0,0,1050.json,NotBuggy
16,0.13116329908370972,0.07841481682822861,3,5,8,5,3.01,2,2,80.0,93.98275756835938,0,1,1,0,0,1637.json,NotBuggy
16,0.052024371922016144,4.968626933100002E-4,6,6,12,5,4.79,3,5,100.0,92.40470886230469,0,1,4,0,0,978.json,NotBuggy
11,0.05572481453418732,0.08825275796829492,3,2,5,3,2.67,2,6,70.0,101.2071533203125,0,4,0,0,0,1090.json,NotBuggy
7,0.8104350566864014,0.6518576563408196,0,0,0,2,2.56,1,2,37.0,112.32101440429688,0,0,2,0,0,1509.json,NotBuggy
3,0.9578678011894226,0.9887590553862605,0,0,0,1,1.89,0,0,13.0,132.9956512451172,0,0,0,0,0,1147.json,NotBuggy
3,0.7785767912864685,0.9404043027766213,0,0,0,1,1.89,0,0,14.0,132.4454345703125,0,0,0,0,0,1854.json,NotBuggy
1,0.9766978025436401,0.7581809909920622,0,0,0,1,0.0,0,0,16.0,149.548583984375,0,1,0,0,0,1858.json,NotBuggy
3,0.0018493253737688065,0.6491937389409717,0,0,0,1,1.89,0,2,29.0,128.37628173828125,0,3,0,0,0,2004.json,NotBuggy
3,0.9378864765167236,0.9629142966524025,0,0,0,1,1.89,0,0,12.0,133.59722900390625,0,0,0,0,0,346.json,NotBuggy
6,0.3978317975997925,0.6973834559026251,2,2,4,2,2.75,1,1,30.0,116.05316162109375,0,2,0,0,0,591.json,NotBuggy
3,0.02432842366397381,0.8973731432013554,0,0,0,1,1.89,0,1,15.0,132.25152587890625,0,0,0,0,0,1190.json,NotBuggy
8,0.47316044569015503,0.24483847692497396,1,3,4,2,3.87,1,0,46.0,108.95927429199219,0,1,0,0,0,1522.json,NotBuggy
32,7.627397426404059E-4,2.7535374697522674E-8,8,7,15,8,3.62,3,15,189.0,76.63387298583984,0,5,6,0,0,3047.json,NotBuggy
38,0.0,5.924650597739412E-4,6,9,15,7,5.06,4,5,190.0,74.31959533691406,0,3,5,0,0,497.json,NotBuggy
3,0.4888371229171753,0.9147608695691082,0,0,0,1,1.89,0,1,16.0,131.75106811523438,0,0,0,0,0,1277.json,NotBuggy
3,0.6779978275299072,0.7782959694201885,0,0,0,1,1.89,0,1,19.0,130.45266723632812,0,1,0,0,0,267.json,NotBuggy
3,0.3780450224876404,0.7643219958337004,0,0,0,1,1.89,0,1,20.0,130.30841064453125,0,1,0,0,0,2639.json,NotBuggy
12,0.008827898651361465,0.002543297784655379,1,3,4,4,2.75,2,4,80.0,98.57872009277344,0,2,0,0,0,2867.json,NotBuggy
18,2.9879467911086977E-4,3.649363789977334E-4,5,6,11,4,3.31,2,9,119.0,89.78380584716797,0,3,1,0,0,496.json,Buggy
18,0.4212855398654938,0.15275780201139041,1,1,2,5,3.97,3,2,80.0,91.82439422607422,0,1,1,0,0,2062.json,NotBuggy
4,0.0,0.017177944865925093,0,0,0,1,2.0,0,3,49.0,120.0267562866211,0,3,0,0,0,75.json,NotBuggy
8,0.056778762489557266,0.012587158521734006,4,3,7,3,3.87,2,0,64.0,106.62777709960938,0,5,1,0,0,498.json,NotBuggy
3,0.43022623658180237,0.8621231320602659,0,0,0,1,1.89,0,1,19.0,130.70933532714844,0,1,0,0,0,2715.json,NotBuggy
12,0.007087633945047855,5.713853534538211E-4,3,2,5,3,2.75,1,2,82.0,98.48184204101562,0,2,2,0,0,102.json,NotBuggy
3,0.8957158327102661,0.9604758528238184,0,0,0,1,1.89,0,0,12.0,133.59722900390625,0,0,0,0,0,521.json,NotBuggy
7,0.022166049107909203,0.1475770874388713,3,1,4,2,2.8,1,2,42.0,111.53256225585938,0,2,0,0,0,1386.json,NotBuggy
3,0.12109504640102386,0.33225881485490055,0,0,0,1,1.89,0,2,28.0,128.1235809326172,0,2,0,0,0,2033.json,NotBuggy
15,0.16292601823806763,0.005383513152333301,7,4,11,4,3.16,2,1,87.0,94.32913208007812,0,1,4,0,0,2216.json,NotBuggy
1,0.9824405312538147,0.7549869374402831,0,0,0,1,0.0,0,0,16.0,149.548583984375,0,1,0,0,0,1863.json,NotBuggy
3,0.522800862789154,0.5432272866091722,1,1,2,2,1.89,0,2,27.0,128.0826873779297,0,2,0,0,0,1880.json,NotBuggy
3,0.683078408241272,0.9214405532028513,0,0,0,1,1.89,0,0,16.0,131.60296630859375,0,0,0,0,0,219.json,NotBuggy
8,0.7704026699066162,0.0265278850848828,3,2,5,3,2.4,1,1,63.0,106.75752258300781,0,1,2,0,0,2431.json,NotBuggy
3,0.0799490213394165,0.3722008818773492,0,0,0,1,1.89,0,3,31.0,127.79454040527344,0,0,0,0,0,3031.json,NotBuggy
3,0.24045661091804504,0.4028074736239067,0,0,0,1,1.89,0,1,28.0,128.1235809326172,0,2,0,0,0,2122.json,NotBuggy
3,0.6865604519844055,0.7871190248736899,0,0,0,1,1.89,0,1,19.0,130.45266723632812,0,1,0,0,0,353.json,NotBuggy
41,0.0,2.5095723239209003E-9,4,7,11,6,6.55,4,14,208.0,72.4276351928711,0,5,4,0,0,161.json,NotBuggy
6,0.6328383088111877,0.026560136844615417,1,2,3,2,2.75,1,0,47.0,113.22139739990234,0,1,0,0,0,1860.json,NotBuggy
11,0.6836276650428772,0.4837085856265382,1,2,3,3,3.33,1,0,50.0,103.1367416381836,0,1,1,0,0,1995.json,Buggy
1,0.6256158351898193,0.4915312923448193,0,0,0,1,0.0,0,1,17.0,148.95103454589844,0,0,0,0,0,438.json,NotBuggy
3,0.7855621576309204,0.815470801303672,1,1,2,2,1.89,0,0,21.0,129.58975219726562,0,1,0,0,0,1332.json,NotBuggy
11,0.20410040020942688,0.034678129388731285,4,3,7,4,3.45,2,1,65.0,101.158203125,0,2,1,0,0,2708.json,NotBuggy
4,0.1383381187915802,0.6805577632497553,0,0,0,1,2.0,0,1,25.0,124.1488037109375,0,2,0,0,0,2691.json,NotBuggy
4,0.44630196690559387,0.04925025398981796,2,2,4,3,2.0,0,3,46.0,119.8952865600586,0,1,1,0,0,341.json,NotBuggy
3,0.004113608039915562,0.3891827226742228,0,0,0,1,1.89,0,1,27.0,128.22288513183594,0,3,0,0,0,1029.json,NotBuggy
3,0.8814576268196106,0.8253312122033104,0,0,0,1,1.89,0,0,19.0,130.57513427734375,0,1,0,0,0,2471.json,NotBuggy
3,0.9578678011894226,0.9887590553862605,0,0,0,1,1.89,0,0,13.0,132.9956512451172,0,0,0,0,0,1132.json,NotBuggy
7,0.0,0.0011341271697442685,0,0,0,1,3.02,0,3,67.0,108.8389892578125,0,4,1,0,0,160.json,NotBuggy
10,0.0034369996283203363,8.581053024020519E-4,2,1,3,3,4.08,2,8,80.0,101.71975708007812,0,3,2,0,0,429.json,NotBuggy
12,0.007803134620189667,2.7311535210273358E-5,2,1,3,3,3.2,2,5,100.0,97.37938690185547,0,2,3,0,0,183.json,Buggy
3,0.9331092834472656,0.9481129399623089,0,0,0,1,1.89,0,1,13.0,133.18099975585938,0,0,0,0,0,1240.json,NotBuggy
3,0.9595999717712402,0.9750943035997776,0,0,0,1,1.89,0,0,12.0,133.59722900390625,0,0,0,0,0,2525.json,NotBuggy
3,0.6585606932640076,0.9328256647902654,0,0,0,1,1.89,0,1,16.0,131.75106811523438,0,0,0,0,0,39.json,NotBuggy
6,0.8666020631790161,0.9263148188682402,1,1,2,2,2.75,1,0,26.0,117.36266326904297,0,0,0,0,0,515.json,NotBuggy
7,0.6109882593154907,0.767486229977193,1,1,2,2,3.02,1,0,33.0,113.2231674194336,0,1,0,0,0,2457.json,NotBuggy
28,2.8959361952729523E-4,2.153091046256821E-14,8,5,13,7,3.86,3,18,225.0,77.85216522216797,0,2,10,0,0,2316.json,NotBuggy
8,0.6412047743797302,0.8115489088585207,1,1,2,2,4.87,1,1,33.0,110.82284545898438,0,1,0,0,0,1498.json,NotBuggy
5,0.925407886505127,0.9433834705659221,0,0,0,1,1.96,0,0,20.0,122.167236328125,0,0,1,0,0,324.json,NotBuggy
3,0.5917430520057678,0.9135768629117568,0,0,0,1,1.89,0,1,15.0,132.25152587890625,0,0,0,0,0,2899.json,NotBuggy
4,0.7150774598121643,0.7420545137890122,0,0,0,1,2.0,0,1,23.0,124.58238983154297,0,1,0,0,0,271.json,NotBuggy
9,6.897900602780282E-4,0.001943236443261809,4,3,7,2,3.14,1,9,73.0,104.26549530029297,0,3,0,0,0,967.json,NotBuggy
5,0.7562677264213562,0.7458156026717689,0,0,0,1,1.96,0,2,27.0,120.237548828125,0,1,0,0,0,482.json,NotBuggy
3,0.7269237637519836,0.6834071175246632,1,1,2,2,1.89,0,0,23.0,129.11669921875,0,2,0,0,0,1828.json,NotBuggy
3,0.8247786164283752,0.8382998833233857,0,0,0,1,1.89,0,0,18.0,130.85629272460938,0,0,0,0,0,200.json,NotBuggy
3,0.06503307819366455,0.7585046304314389,0,0,0,1,1.89,0,1,22.0,129.69032287597656,0,2,0,0,0,2799.json,NotBuggy
3,0.2823718190193176,0.9440957338265205,0,0,0,1,1.89,0,0,12.0,133.59722900390625,0,0,0,0,0,1174.json,NotBuggy
3,0.0,0.025764758494121163,0,0,0,1,1.89,0,0,50.0,124.93470764160156,0,3,0,0,0,2524.json,NotBuggy
12,0.3447030186653137,0.03662009048668465,6,4,10,4,3.32,2,4,69.0,99.4859390258789,0,1,2,0,0,1676.json,NotBuggy
3,0.013398788869380951,0.2244761001243382,0,0,0,1,1.89,0,2,34.0,127.11396026611328,0,2,0,0,0,2274.json,NotBuggy
10,0.574889600276947,0.2724464469653856,3,2,5,3,3.6,2,1,51.0,104.29129791259766,0,1,1,0,0,945.json,NotBuggy
7,0.20387808978557587,0.15678126552250196,1,1,2,2,2.56,1,3,47.0,110.94767761230469,0,2,1,0,0,2307.json,NotBuggy
12,0.018258111551404,0.004307008214080971,3,3,6,3,3.83,2,2,78.0,98.98458099365234,0,2,1,0,0,46.json,NotBuggy
3,0.17323215305805206,0.5477687859239745,1,1,2,2,1.89,0,0,27.0,128.17906188964844,0,3,0,0,0,1337.json,NotBuggy
14,0.20717425644397736,0.04227458894991489,5,4,9,5,3.18,2,0,73.0,96.46566009521484,0,3,1,0,0,2160.json,NotBuggy
6,0.028648214414715767,0.5022335897587268,1,1,2,2,2.75,1,1,36.0,115.03083801269531,0,2,0,0,0,2355.json,NotBuggy
14,0.8420049548149109,0.8817874525068092,2,2,4,3,3.34,2,5,60.0,98.04743957519531,0,0,1,0,0,1499.json,NotBuggy
7,0.8783064484596252,0.8175324929296538,1,1,2,2,2.56,1,0,33.0,113.31297302246094,0,2,0,0,0,1225.json,NotBuggy
4,0.04797320067882538,0.4858814800007213,0,0,0,1,2.0,0,3,28.0,123.66336059570312,0,1,0,0,0,892.json,NotBuggy
6,0.35806477069854736,0.4539276614277829,1,1,2,2,2.75,1,3,35.0,115.41443634033203,0,2,0,0,0,787.json,NotBuggy
3,0.010658781975507736,0.5633077694515767,0,0,0,1,1.89,0,0,28.0,128.21994018554688,0,3,0,0,0,2937.json,NotBuggy
23,0.24170513451099396,0.012114936199844143,4,3,7,4,4.57,2,3,99.0,86.53338623046875,0,3,1,0,0,1139.json,NotBuggy
10,0.15600019693374634,0.28149770433101784,4,2,6,3,2.53,1,3,53.0,104.44413757324219,0,1,1,0,0,686.json,NotBuggy
3,0.7421085238456726,0.9043979358657751,0,0,0,1,1.89,0,0,16.0,131.75106811523438,0,0,0,0,0,489.json,NotBuggy
17,5.569783970713615E-4,6.619468252659877E-6,8,5,13,5,8.35,3,4,123.0,90.16671752929688,0,2,2,0,0,178.json,NotBuggy
3,8.775613969191909E-4,0.34794114412516797,0,0,0,1,1.89,0,1,30.0,127.76480865478516,0,3,0,0,0,1780.json,NotBuggy
3,0.9380366802215576,0.9359054083137289,0,0,0,1,1.89,0,1,14.0,132.61029052734375,0,0,0,0,0,1413.json,NotBuggy
12,0.2903730273246765,0.08211526964175897,6,3,9,4,3.32,2,4,64.0,99.92698669433594,0,1,2,0,0,1615.json,NotBuggy
7,0.8710923194885254,0.8131946796594444,1,1,2,2,2.56,1,0,33.0,113.31297302246094,0,2,0,0,0,1224.json,NotBuggy
4,0.8958131074905396,0.534582041004755,1,1,2,2,2.0,0,0,28.0,122.98045349121094,0,1,0,0,0,944.json,NotBuggy
7,0.34370553493499756,0.5143446465804253,1,1,2,2,3.02,1,4,38.0,112.25244903564453,0,1,0,0,0,1271.json,NotBuggy
3,0.06503307819366455,0.7585046304314389,0,0,0,1,1.89,0,1,22.0,129.69032287597656,0,2,0,0,0,2817.json,NotBuggy
3,0.48447489738464355,0.9100853437276227,0,0,0,1,1.89,0,1,15.0,132.25152587890625,0,0,0,0,0,2900.json,NotBuggy
3,0.7519851922988892,0.6718038832697414,0,0,0,1,1.89,0,1,20.0,130.18594360351562,0,0,0,0,0,2545.json,NotBuggy
3,0.017222058027982712,0.936204834001539,0,0,0,1,1.89,0,0,12.0,133.59722900390625,0,0,0,0,0,723.json,NotBuggy
7,6.010094075463712E-4,0.00678081636713837,4,2,6,2,2.8,1,3,59.0,109.59381866455078,0,3,0,0,0,1392.json,NotBuggy
6,0.0692063719034195,0.02974368816064209,0,0,0,1,1.89,0,2,49.0,113.23470306396484,0,2,1,0,0,2021.json,NotBuggy
4,0.8402949571609497,0.8623774312712509,0,0,0,1,2.0,0,0,20.0,125.5254898071289,0,1,0,0,0,301.json,NotBuggy
11,0.17923185229301453,0.049302270452772926,4,3,7,4,3.45,2,1,63.0,101.27474975585938,0,2,2,0,0,746.json,NotBuggy
9,0.420558899641037,0.10021912678069587,4,2,6,3,3.66,2,1,53.0,105.70036315917969,0,2,2,0,0,2743.json,NotBuggy
3,0.010452259331941605,0.8483318133670975,0,0,0,1,2.0,0,1,21.0,130.05470275878906,0,1,0,0,0,2939.json,NotBuggy
6,0.17114168405532837,0.45296845824610316,1,1,2,2,2.75,1,2,37.0,114.88836669921875,0,2,0,0,0,1690.json,NotBuggy
3,0.8901055455207825,0.6645167002181096,0,0,0,1,1.89,0,1,17.0,131.03103637695312,0,0,0,0,0,2660.json,NotBuggy
3,0.8844403624534607,0.9551245318361714,0,0,0,1,1.89,0,0,12.0,133.59722900390625,0,0,0,0,0,1178.json,NotBuggy
8,0.12845349311828613,0.1671585706949876,1,1,2,2,2.4,1,4,49.0,108.5677719116211,0,1,1,0,0,696.json,NotBuggy
11,0.05452175810933113,0.09107035295116472,3,2,5,3,2.67,2,6,70.0,101.2071533203125,0,4,0,0,0,1009.json,NotBuggy
3,0.5130469799041748,0.806806702503713,0,0,0,1,1.89,0,1,18.0,130.99049377441406,0,1,0,0,0,649.json,NotBuggy
3,0.9329473376274109,0.908982814194516,0,0,0,1,1.89,0,0,13.0,132.9956512451172,0,0,0,0,0,419.json,NotBuggy
3,0.9578678011894226,0.9887590553862605,0,0,0,1,1.89,0,0,13.0,132.9956512451172,0,0,0,0,0,1156.json,NotBuggy
6,0.809420108795166,0.6445188946274503,1,1,2,2,2.75,1,0,33.0,115.72040557861328,0,1,0,0,0,251.json,NotBuggy
3,0.8729141354560852,0.6611158568291488,0,0,0,1,1.89,0,0,22.0,129.47398376464844,0,1,0,0,0,2196.json,NotBuggy
3,0.3684588074684143,0.592654596929719,0,0,0,1,1.89,0,1,21.0,129.7158966064453,0,1,0,0,0,444.json,NotBuggy
8,0.6508206129074097,0.6217513794064348,2,2,4,3,2.83,2,0,37.0,110.3248291015625,0,1,0,0,0,2247.json,NotBuggy
4,0.1795080602169037,0.4602398533594485,0,0,0,1,3.32,0,2,29.0,123.02798461914062,0,3,0,0,0,1472.json,NotBuggy
9,0.018084323033690453,4.528738338574096E-5,2,3,5,2,2.67,1,7,88.0,102.9345703125,0,1,2,0,0,89.json,NotBuggy
3,0.763607919216156,0.9589950161941343,0,0,0,1,1.89,0,0,12.0,133.59722900390625,0,0,0,0,0,838.json,NotBuggy
9,0.2444930076599121,0.5142223807335583,1,1,2,2,2.95,1,2,45.0,107.37620544433594,0,0,1,0,0,2718.json,NotBuggy
8,0.24449734389781952,0.05047854529886087,0,0,0,1,3.97,1,2,54.0,107.97125244140625,0,1,0,0,0,2222.json,NotBuggy
6,0.16223543882369995,0.851469681759454,1,1,2,2,2.75,1,0,28.0,116.7609634399414,0,1,0,0,0,1181.json,NotBuggy
5,0.0012151548871770501,0.08705782054556317,0,0,0,1,1.96,0,4,43.0,117.2905044555664,0,3,0,0,0,968.json,NotBuggy
7,0.2773304283618927,0.400103978060921,1,1,2,2,2.56,1,2,39.0,111.98090362548828,0,0,1,0,0,2455.json,NotBuggy
3,0.9211929440498352,0.9013288316203664,0,0,0,1,1.89,0,0,13.0,132.9956512451172,0,0,0,0,0,406.json,NotBuggy
3,0.05177449807524681,0.6133881839143264,0,0,0,1,1.89,0,1,24.0,129.12539672851562,0,2,0,0,0,1628.json,NotBuggy
6,0.07185330986976624,0.343630344217934,2,1,3,2,2.75,1,2,36.0,115.10508728027344,0,2,0,0,0,1647.json,NotBuggy
5,0.8568892478942871,0.8259822399602584,0,0,0,1,1.96,0,0,25.0,120.53388214111328,0,1,1,0,0,243.json,NotBuggy
3,1.0361301247030497E-4,0.41461558720855063,0,0,0,1,1.89,0,2,33.0,127.46943664550781,0,3,0,0,0,1958.json,NotBuggy
28,0.0,3.599914900703553E-14,8,5,13,7,3.86,3,18,225.0,77.90806579589844,0,2,10,0,0,2317.json,NotBuggy
3,0.9049966931343079,0.7235084421376763,1,1,2,2,1.89,0,1,23.0,129.11669921875,0,0,0,0,0,287.json,NotBuggy
3,0.009839020669460297,0.4324564207582597,0,0,0,1,1.89,0,1,28.0,128.1235809326172,0,3,0,0,0,2884.json,NotBuggy
9,0.007756659295409918,0.0032963527857694905,7,3,10,3,3.77,2,9,73.0,104.18533325195312,0,2,1,0,0,80.json,NotBuggy
3,0.07968822121620178,0.449841278375389,0,0,0,1,1.89,0,1,26.0,128.50894165039062,0,2,0,0,0,123.json,NotBuggy
3,0.05558091402053833,0.6453639897240889,0,0,0,1,1.89,0,1,24.0,129.2378692626953,0,2,0,0,0,1213.json,NotBuggy
3,2.912262571044266E-4,0.049070015380543536,0,0,0,1,0.94,0,3,40.0,125.80547332763672,0,3,0,0,0,145.json,NotBuggy
3,0.9578678011894226,0.9887590553862605,0,0,0,1,1.89,0,0,13.0,132.9956512451172,0,0,0,0,0,1141.json,NotBuggy
3,0.39611122012138367,0.7414946285106153,0,0,0,1,1.89,0,1,20.0,130.30841064453125,0,1,0,0,0,2637.json,NotBuggy
9,0.5342820286750793,0.13487973722320476,1,2,3,3,5.9,2,0,48.0,106.59988403320312,0,1,0,0,0,1409.json,NotBuggy
6,7.927879923954606E-4,0.014036067378994942,0,0,0,1,1.89,0,1,56.0,112.64690399169922,0,1,1,0,0,466.json,NotBuggy
3,0.8862760663032532,0.9576203531931333,0,0,0,1,1.89,0,0,12.0,133.59722900390625,0,0,0,0,0,897.json,NotBuggy
3,0.7067191004753113,0.9273638882307598,0,0,0,1,1.89,0,0,13.0,132.9956512451172,0,0,0,0,0,840.json,NotBuggy
8,5.979336565360427E-4,2.101608062514825E-4,0,0,0,1,2.4,0,5,85.0,105.43840026855469,0,1,1,0,0,1563.json,NotBuggy
4,0.44630196690559387,0.04925025398981796,2,2,4,3,2.0,0,3,46.0,119.8952865600586,0,1,1,0,0,313.json,NotBuggy
13,0.13906411826610565,0.011875441421471502,3,3,6,4,2.72,2,1,75.0,97.70780181884766,0,1,2,0,0,786.json,NotBuggy
4,0.015095195733010769,0.42134064322991066,0,0,0,1,2.0,0,1,29.0,123.1068344116211,0,2,0,0,0,887.json,NotBuggy
4,0.044432926923036575,0.5687638537536822,0,0,0,1,2.0,0,1,27.0,123.65223693847656,0,2,0,0,0,879.json,NotBuggy
28,2.805060939863324E-4,2.1372129622334015E-14,8,5,13,7,3.86,3,18,225.0,77.85216522216797,0,2,10,0,0,2318.json,NotBuggy
3,0.723624050617218,0.4126810381650061,1,1,2,2,1.89,0,2,27.0,127.90887451171875,0,1,0,0,0,789.json,NotBuggy
3,0.8494133949279785,0.9697171528788923,0,0,0,1,1.89,0,0,12.0,133.59722900390625,0,0,0,0,0,100.json,NotBuggy
4,0.6356350183486938,0.8492996206983507,0,0,0,1,2.0,0,2,22.0,125.02987670898438,0,1,0,0,0,1513.json,NotBuggy
28,1.6370137745980173E-4,2.1397419353523853E-14,8,5,13,7,3.86,3,18,225.0,77.85216522216797,0,2,10,0,0,2312.json,NotBuggy
18,7.421007030643523E-4,7.979062750162046E-5,4,6,10,5,2.6,1,6,111.0,89.91568756103516,0,3,1,0,0,554.json,NotBuggy
9,0.07802467048168182,0.2245930184145655,2,1,3,2,3.5,1,3,53.0,106.3809814453125,0,2,0,0,0,2052.json,NotBuggy
3,0.8719322085380554,0.8909959850207617,0,0,0,1,1.89,0,0,16.0,131.46876525878906,0,1,0,0,0,237.json,NotBuggy
3,0.009568102657794952,0.5449454532654919,0,0,0,1,1.89,0,1,26.0,128.50894165039062,0,2,0,0,0,2853.json,NotBuggy
3,0.8623524904251099,0.6504994216089015,0,0,0,1,1.89,0,1,17.0,131.03103637695312,0,0,0,0,0,6.json,NotBuggy
11,0.0,5.195518000795262E-4,2,2,4,3,2.41,2,4,90.0,99.8458480834961,0,2,1,0,0,2102.json,NotBuggy
3,0.6988150477409363,0.8282161244148954,0,0,0,1,1.89,0,2,19.0,130.57513427734375,0,1,0,0,0,577.json,NotBuggy
10,0.1796254962682724,0.08294930984307908,4,2,6,3,3.49,2,3,60.0,103.34844970703125,0,1,2,0,0,3024.json,NotBuggy
4,0.05353211984038353,0.604227715175419,0,0,0,1,2.0,0,1,26.0,123.8484878540039,0,1,0,0,0,861.json,NotBuggy
11,0.01691354438662529,9.684062242735946E-5,2,1,3,3,3.33,2,4,92.0,99.25724792480469,0,2,3,0,0,118.json,NotBuggy
3,0.73989337682724,0.9338958696607401,0,0,0,1,1.89,0,0,14.0,132.4454345703125,0,0,0,0,0,337.json,NotBuggy
6,0.29685989022254944,0.05644732700976349,2,2,4,2,2.75,1,4,49.0,113.29119873046875,0,2,0,0,0,2834.json,NotBuggy
9,0.5757904648780823,0.8871505098382774,3,2,5,3,2.67,1,0,43.0,107.73165130615234,0,3,0,0,0,1956.json,NotBuggy
3,0.7514199018478394,0.7858145538227105,0,0,0,1,1.89,0,2,20.0,130.30841064453125,0,1,0,0,0,562.json,NotBuggy
7,0.1078348159790039,0.25684435403939004,0,0,0,1,1.81,0,3,42.0,111.89190673828125,0,3,0,0,0,1255.json,NotBuggy
3,0.9378864765167236,0.9629142966524025,0,0,0,1,1.89,0,0,12.0,133.59722900390625,0,0,0,0,0,320.json,NotBuggy
13,0.1061079353094101,2.258708425793805E-4,4,4,8,5,2.65,2,1,93.0,96.1075668334961,0,2,3,0,0,2419.json,NotBuggy
3,0.0034612633753567934,0.39634673756118904,0,0,0,1,1.89,0,1,27.0,128.22288513183594,0,3,0,0,0,1011.json,NotBuggy
3,0.005322935525327921,0.35260667938525947,0,0,0,1,2.0,0,2,31.0,127.42049407958984,0,2,0,0,0,2769.json,NotBuggy
3,0.9578678011894226,0.9887590553862605,0,0,0,1,1.89,0,0,13.0,132.9956512451172,0,0,0,0,0,1144.json,NotBuggy
6,0.6330345273017883,0.14714893325173178,2,2,4,2,2.75,1,2,43.0,113.97042083740234,0,2,0,0,0,2833.json,NotBuggy
6,0.038123585283756256,0.4997209397573842,1,1,2,2,2.75,1,1,37.0,115.04146575927734,0,3,0,0,0,2394.json,NotBuggy
8,0.047697633504867554,0.019051939430661705,1,1,2,2,3.74,1,7,57.0,107.5079574584961,0,2,0,0,0,1841.json,NotBuggy
6,0.12448418885469437,0.7009163855791339,1,1,2,2,2.75,1,2,32.0,115.97023010253906,0,1,0,0,0,699.json,NotBuggy
7,0.10862335562705994,0.26019997111079574,0,0,0,1,1.81,0,3,42.0,111.89190673828125,0,3,0,0,0,1254.json,NotBuggy
3,0.9158859252929688,0.9062732974197222,0,0,0,1,1.89,0,0,13.0,132.9956512451172,0,0,0,0,0,400.json,NotBuggy
3,0.7343507409095764,0.8926083921985921,0,0,0,1,1.89,0,1,16.0,131.60296630859375,0,0,0,0,0,199.json,NotBuggy
7,0.6352397799491882,0.5344308629659255,1,1,2,2,3.12,1,3,40.0,112.13882446289062,1,1,0,0,0,374.json,NotBuggy
21,0.0,1.6944284624040276E-11,4,6,10,6,2.85,2,9,192.0,84.0153579711914,0,3,3,0,0,2087.json,NotBuggy
3,0.9313243627548218,0.7873037024194113,0,0,0,1,1.89,0,1,19.0,130.45266723632812,0,1,0,0,0,455.json,NotBuggy
13,0.16407109797000885,8.381091886784057E-5,3,7,10,7,3.72,2,1,105.0,95.13540649414062,0,3,1,0,0,1848.json,NotBuggy
29,0.0,6.855882964016008E-9,2,5,7,6,3.79,4,9,179.0,79.0701904296875,0,1,7,0,0,538.json,NotBuggy
3,0.7514050006866455,0.7838936891850771,0,0,0,1,1.89,0,2,20.0,130.30841064453125,0,1,0,0,0,561.json,NotBuggy
3,0.06946810334920883,0.6119321525850647,0,0,0,1,1.89,0,1,23.0,129.2428436279297,0,3,0,0,0,995.json,NotBuggy
4,0.7767266631126404,0.08908784728704863,0,0,0,1,2.0,0,3,39.0,121.21369934082031,0,1,1,0,0,447.json,NotBuggy
3,0.6046276688575745,0.9297573710460134,0,0,0,1,1.89,0,0,12.0,133.59722900390625,0,0,0,0,0,511.json,NotBuggy
18,0.015152724459767342,0.0013396360911102996,5,4,9,5,2.27,1,1,95.0,90.843994140625,0,3,2,0,0,2381.json,NotBuggy
12,0.1096719354391098,0.004806840753620849,3,3,6,4,2.56,2,1,77.0,98.8216781616211,0,1,2,0,0,2427.json,NotBuggy
3,0.8499228358268738,0.9489502674668067,0,0,0,1,1.89,0,0,12.0,133.59722900390625,0,0,0,0,0,506.json,NotBuggy
66,0.0,1.7346093140061825E-17,6,18,24,20,5.81,4,13,352.0,58.71956253051758,0,2,4,0,0,2870.json,NotBuggy
9,0.24574406445026398,0.019090930285833425,2,2,4,3,3.66,2,4,61.0,104.87916564941406,0,1,2,0,0,1377.json,NotBuggy
4,0.24056631326675415,0.8194325835329976,0,0,0,1,2.0,0,0,23.0,124.7987289428711,0,1,0,0,0,25.json,NotBuggy
55,0.0,4.1682037903106056E-14,13,13,26,14,4.47,2,32,325.0,64.12757873535156,0,2,0,0,0,773.json,NotBuggy
12,0.0012225497048348188,0.0013563744434686095,3,4,7,4,2.56,1,2,83.0,98.4314956665039,0,4,0,0,0,537.json,NotBuggy
22,0.006700617726892233,3.3869589857391753E-6,2,2,4,5,2.8,2,3,129.0,85.53205871582031,0,1,8,0,0,116.json,NotBuggy
46,0.0,0.001348223235290314,1,22,23,24,2.58,2,0,146.0,68.28448486328125,0,1,0,0,0,2556.json,NotBuggy
10,0.15268881618976593,0.005371017799351657,3,2,5,3,4.45,1,0,74.0,102.3057632446289,0,4,2,0,0,2401.json,NotBuggy
8,0.6470129489898682,0.5938936092250692,2,2,4,3,2.83,2,0,37.0,110.3248291015625,0,1,0,0,0,2254.json,NotBuggy
12,0.5395023822784424,0.04151799553269674,6,4,10,4,3.72,2,7,66.0,99.6232681274414,0,1,1,0,0,141.json,NotBuggy
7,0.6713578701019287,0.17814455490072315,2,2,4,3,3.02,2,1,45.0,111.14324951171875,0,1,0,0,0,1946.json,NotBuggy
3,0.9472504258155823,0.9693854704479992,0,0,0,1,1.89,0,0,12.0,133.59722900390625,0,0,0,0,0,2535.json,NotBuggy
4,0.8426868915557861,0.8320320865938066,0,0,0,1,1.73,0,2,20.0,125.64796447753906,0,1,0,0,0,2667.json,NotBuggy
3,0.4175451099872589,0.5092816063712307,0,0,0,1,1.89,0,0,26.0,128.3351287841797,0,1,0,0,0,2688.json,NotBuggy
3,0.7883133292198181,0.9657571108513954,0,0,0,1,1.89,0,0,16.0,131.75106811523438,0,1,0,0,0,3063.json,NotBuggy
15,0.1706320196390152,0.005170372600358497,7,4,11,4,3.16,2,1,87.0,94.32913208007812,0,1,4,0,0,2221.json,NotBuggy
4,0.048531673848629,0.6315440005048626,0,0,0,1,2.0,0,1,26.0,123.94486236572266,0,1,0,0,0,860.json,NotBuggy
37,0.0,6.3286875327945464E-21,8,16,24,17,6.42,9,19,335.0,69.18938446044922,0,9,6,0,0,2735.json,Buggy
4,0.8441058993339539,0.9568512518721527,0,0,0,1,2.0,0,0,15.0,127.59107971191406,0,0,0,0,0,265.json,NotBuggy
4,0.6145400404930115,0.8597317031821331,0,0,0,1,2.0,0,2,22.0,125.02987670898438,0,1,0,0,0,1512.json,NotBuggy
10,0.025192301720380783,0.00411796033327924,1,2,3,3,2.53,1,2,75.0,102.28585052490234,0,1,1,0,0,2487.json,NotBuggy
3,0.6868306398391724,0.8754578044566372,0,0,0,1,1.89,0,0,17.0,131.28770446777344,0,1,0,0,0,1241.json,NotBuggy
3,6.67403161060065E-4,0.3855537298968105,0,0,0,1,1.89,0,1,30.0,127.76480865478516,0,3,0,0,0,1768.json,NotBuggy
5,0.8397083878517151,0.6715796355482372,0,0,0,1,1.96,0,1,28.0,119.75839233398438,0,1,1,0,0,244.json,NotBuggy
7,0.6918420791625977,0.18737467213297454,1,1,2,2,3.02,1,1,46.0,111.12248992919922,0,1,1,0,0,285.json,NotBuggy
19,0.17208170890808105,0.002900640844652937,5,4,9,6,4.49,3,3,105.0,88.92498779296875,0,1,4,0,0,60.json,NotBuggy
3,0.6647984385490417,0.8502793745335863,0,0,0,1,1.89,0,1,17.0,131.28770446777344,0,1,0,0,0,1035.json,NotBuggy
11,0.054204873740673065,0.08689083959701681,3,2,5,3,2.67,2,6,70.0,101.2071533203125,0,4,0,0,0,1002.json,NotBuggy
3,0.059870459139347076,0.46789986815582835,0,0,0,1,1.89,0,1,26.0,128.60531616210938,0,2,0,0,0,127.json,NotBuggy
10,0.0041683693416416645,0.016704316140748313,2,2,4,3,3.49,1,7,67.0,102.97895812988281,0,1,0,0,0,2704.json,NotBuggy
3,0.12112024426460266,0.7991779644678197,0,0,0,1,1.89,0,0,20.0,130.18594360351562,0,0,0,0,0,652.json,NotBuggy
3,0.6312059760093689,0.9321017558025715,0,0,0,1,1.89,0,0,12.0,133.59722900390625,0,0,0,0,0,713.json,NotBuggy
4,0.33582305908203125,0.8000857746468588,0,0,0,1,1.73,0,0,23.0,124.6862564086914,0,1,0,0,0,2402.json,NotBuggy
10,0.8020594716072083,0.8948972695720308,2,2,4,3,2.8,1,0,40.0,106.05183410644531,0,2,0,0,0,1966.json,NotBuggy
3,0.8602582216262817,0.9611287843544041,0,0,0,1,1.89,0,0,12.0,133.59722900390625,0,0,0,0,0,3028.json,NotBuggy
6,0.022846363484859467,0.4607375332818487,1,1,2,2,2.75,1,1,37.0,114.96261596679688,0,2,0,0,0,1699.json,NotBuggy
6,0.046934824436903,0.23431643771506555,2,1,3,2,2.75,1,2,39.0,114.6888656616211,0,3,0,0,0,1708.json,NotBuggy
19,0.007353535853326321,4.289087535053264E-4,8,8,16,6,3.26,3,7,110.0,89.06254577636719,0,2,2,0,0,1793.json,NotBuggy
28,2.8959361952729523E-4,2.140314775673744E-14,8,5,13,7,3.86,3,18,225.0,77.85216522216797,0,2,10,0,0,2319.json,NotBuggy
3,0.9578678011894226,0.9887590553862605,0,0,0,1,1.89,0,0,13.0,132.9956512451172,0,0,0,0,0,1123.json,NotBuggy
3,0.0024695894680917263,0.45659099245581086,0,0,0,1,1.89,0,1,28.0,128.1235809326172,0,2,0,0,0,1767.json,NotBuggy
5,0.025957169011235237,0.33736942666462605,0,0,0,1,1.96,0,3,35.0,118.5980453491211,0,3,0,0,0,1038.json,NotBuggy
4,0.0716075450181961,0.7997978575393566,0,0,0,1,2.0,0,0,23.0,124.92120361328125,0,1,0,0,0,1211.json,NotBuggy
5,0.7332651615142822,0.2919101102854512,1,1,2,2,1.96,0,2,37.0,117.91622161865234,0,1,1,0,0,2663.json,NotBuggy
3,0.837985098361969,0.8628937836641261,0,0,0,1,1.89,0,1,19.0,130.70933532714844,0,1,0,0,0,1879.json,NotBuggy
3,0.3040443956851959,0.9481451787026639,0,0,0,1,1.89,0,0,12.0,133.59722900390625,0,0,0,0,0,1172.json,NotBuggy
3,0.0015526242787018418,0.34176893214760756,0,0,0,1,1.89,0,1,30.0,127.76480865478516,0,3,0,0,0,133.json,NotBuggy
3,0.8452501893043518,0.9591899653620685,0,0,0,1,1.89,0,0,12.0,133.59722900390625,0,0,0,0,0,1184.json,NotBuggy
14,0.2267581820487976,0.04205216114800242,5,4,9,5,3.18,2,0,73.0,96.46566009521484,0,3,1,0,0,2170.json,NotBuggy
11,0.055120185017585754,0.08909220737623773,3,2,5,3,2.67,2,6,70.0,101.2071533203125,0,4,0,0,0,1018.json,NotBuggy
9,0.024382486939430237,0.04627366552368167,0,0,0,1,1.66,0,8,60.0,105.96590423583984,0,0,1,0,0,1288.json,NotBuggy
3,0.8957381844520569,0.9596463299763734,0,0,0,1,1.89,0,0,12.0,133.59722900390625,0,0,0,0,0,1055.json,NotBuggy
16,0.05431824177503586,2.643882523185229E-4,6,5,11,5,3.67,2,5,101.0,92.27770233154297,0,2,3,0,0,1963.json,NotBuggy
11,0.20314697921276093,0.036469205200633244,5,4,9,4,3.45,2,4,67.0,101.04846954345703,0,1,1,0,0,1959.json,NotBuggy
55,0.0,4.1682037903106056E-14,13,13,26,14,4.47,2,32,325.0,64.12757873535156,0,2,0,0,0,774.json,NotBuggy
3,0.73989337682724,0.9338958696607401,0,0,0,1,1.89,0,0,14.0,132.4454345703125,0,0,0,0,0,222.json,NotBuggy
3,0.07330054044723511,0.6225418713614876,0,0,0,1,1.89,0,1,23.0,129.2428436279297,0,3,0,0,0,997.json,NotBuggy
11,0.054204873740673065,0.08689083959701681,3,2,5,3,2.67,2,6,70.0,101.2071533203125,0,4,0,0,0,1087.json,NotBuggy
3,0.8104073405265808,0.6086597016817076,0,0,0,1,1.89,0,1,20.0,130.18594360351562,0,0,0,0,0,473.json,NotBuggy
22,0.006700617726892233,3.3869589857391753E-6,2,2,4,5,2.8,2,3,129.0,85.53205871582031,0,1,8,0,0,115.json,NotBuggy
9,0.06988800317049026,0.02712422141784897,1,1,2,2,2.27,1,4,60.0,105.33314514160156,0,3,1,0,0,2847.json,NotBuggy
20,0.0,3.0707967022942555E-8,5,7,12,6,2.29,1,4,163.0,85.90808868408203,0,3,1,0,0,2176.json,NotBuggy
3,0.8186416625976562,0.7796027752116848,1,1,2,2,1.89,0,1,23.0,129.11669921875,0,1,0,0,0,1811.json,NotBuggy
25,0.0021483490709215403,2.9621087528861633E-6,3,4,7,6,3.96,2,6,147.0,82.4987564086914,0,3,3,0,0,2946.json,Buggy
5,0.5008763670921326,0.3963048320806669,1,1,2,2,2.99,1,0,33.0,118.43690490722656,0,3,0,0,0,1359.json,NotBuggy
14,1.2751967005897313E-4,1.6120510367852084E-5,2,2,4,3,2.72,1,7,113.0,94.39238739013672,0,2,2,0,0,2086.json,Buggy
26,0.01091538555920124,7.55457787719279E-8,5,4,9,7,4.6,4,8,164.0,81.14512634277344,0,1,7,0,0,1851.json,NotBuggy
3,0.8284205794334412,0.9328665630110893,0,0,0,1,1.89,0,0,14.0,132.4454345703125,0,0,0,0,0,1275.json,NotBuggy
9,0.06489303708076477,0.1898659062161939,1,1,2,2,2.67,1,5,58.0,105.78284454345703,0,4,0,0,0,979.json,NotBuggy
4,0.0662885308265686,0.39042261856148386,0,0,0,1,1.73,0,3,30.0,122.85169219970703,0,1,0,0,0,2028.json,NotBuggy
3,0.4065866470336914,0.8170855992532328,0,0,0,1,1.89,0,1,21.0,129.93223571777344,0,1,0,0,0,1912.json,NotBuggy
11,0.13881433010101318,0.009465074561659835,3,3,6,3,2.41,1,1,73.0,100.78462982177734,0,2,3,0,0,1791.json,NotBuggy
10,0.007439283654093742,0.013224445134189225,4,2,6,3,2.53,1,4,70.0,102.75118255615234,0,3,1,0,0,687.json,NotBuggy
3,0.8308448791503906,0.8609587148577544,0,0,0,1,1.89,0,1,19.0,130.70933532714844,0,1,0,0,0,1875.json,NotBuggy
3,0.31166329979896545,0.22151247724612919,0,0,0,1,1.89,0,3,31.0,127.42049407958984,0,1,0,0,0,2712.json,NotBuggy
13,0.014186741784214973,3.613607560636999E-5,1,1,2,3,3.2,1,10,104.0,95.81248474121094,0,1,3,0,0,1262.json,NotBuggy
3,0.5588051080703735,0.7887773783355871,0,0,0,1,1.89,0,1,18.0,130.85629272460938,0,0,0,0,0,1582.json,NotBuggy
3,0.0,0.459486109091835,0,0,0,1,1.89,0,1,29.0,128.0374755859375,0,3,0,0,0,3004.json,NotBuggy
3,0.0023287469521164894,0.6182392053159717,0,0,0,1,1.89,0,2,29.0,128.37628173828125,0,3,0,0,0,2008.json,NotBuggy
6,0.09057929366827011,0.6040809650456807,1,1,2,2,2.75,1,1,35.0,115.41443634033203,0,3,0,0,0,702.json,NotBuggy
3,0.40621379017829895,0.5828409137743413,1,1,2,2,1.89,0,1,26.0,128.2789306640625,0,2,0,0,0,1844.json,NotBuggy
3,0.664320707321167,0.8731834790051556,0,0,0,1,1.89,0,1,17.0,131.1535186767578,0,0,0,0,0,1983.json,Buggy
5,0.8156239986419678,0.5013385764317523,4,2,6,2,2.99,0,4,39.0,117.8951416015625,0,2,0,0,0,1823.json,NotBuggy
12,0.010959615930914879,2.231210177392065E-5,4,3,7,4,4.75,3,5,101.0,97.16815185546875,0,1,3,0,0,92.json,NotBuggy
7,0.10625014454126358,0.2579232567715861,0,0,0,1,1.81,0,3,42.0,111.89190673828125,0,3,0,0,0,1248.json,NotBuggy
3,0.943827748298645,0.9254851543550747,0,0,0,1,1.89,0,0,14.0,132.4454345703125,0,0,0,0,0,1479.json,NotBuggy
3,0.45002979040145874,0.9408129179719811,0,0,0,1,1.89,0,0,12.0,133.59722900390625,0,0,0,0,0,3016.json,NotBuggy
3,0.6120651364326477,0.7142106313382471,0,0,0,1,1.89,0,1,21.0,129.93223571777344,0,1,0,0,0,2365.json,NotBuggy
3,0.9158859252929688,0.9023963146254652,0,0,0,1,1.89,0,0,13.0,132.9956512451172,0,0,0,0,0,398.json,NotBuggy
7,0.23155058920383453,0.29502278486249967,2,2,4,2,2.56,1,4,45.0,111.37325286865234,0,1,0,0,0,1518.json,NotBuggy
13,0.2066819816827774,0.12405094773116145,4,3,7,4,2.46,1,4,64.0,98.85381317138672,0,2,1,0,0,1798.json,NotBuggy
5,0.0017714985879138112,0.043788912354678834,1,1,2,2,2.99,1,2,48.0,116.1720962524414,0,2,1,0,0,2374.json,NotBuggy
3,0.49632537364959717,0.8585331732817664,0,0,0,1,1.89,0,1,17.0,131.28770446777344,0,1,0,0,0,1478.json,NotBuggy
6,0.041228003799915314,0.4310837899764593,0,0,0,1,5.03,0,4,36.0,115.2608413696289,0,3,0,0,0,1477.json,NotBuggy
16,0.1003994345664978,0.008441786616397782,5,5,10,6,3.07,2,0,87.0,93.11226654052734,0,3,1,0,0,2237.json,NotBuggy
3,0.06582673639059067,0.6273842763410317,0,0,0,1,1.89,0,1,23.0,129.2428436279297,0,3,0,0,0,989.json,NotBuggy
10,0.8043515086174011,0.5569021821324345,2,2,4,3,2.53,1,4,47.0,104.93954467773438,0,1,1,0,0,1452.json,NotBuggy
3,0.9474101662635803,0.9822213209853515,0,0,0,1,1.89,0,0,12.0,133.59722900390625,0,0,0,0,0,1530.json,NotBuggy
3,0.9246876835823059,0.8915983844900927,0,0,0,1,1.89,0,0,17.0,131.28770446777344,0,1,0,0,0,1877.json,NotBuggy
6,0.5882507562637329,0.6226120432072829,2,1,3,2,2.75,1,1,33.0,115.72040557861328,0,2,0,0,0,2464.json,NotBuggy
5,0.8150026798248291,0.7173919391844683,1,1,2,2,2.99,1,0,26.0,120.0035629272461,0,1,0,0,0,1361.json,NotBuggy
13,0.17759118974208832,1.0483462821010742E-4,1,2,3,3,2.22,1,5,103.0,95.99949645996094,0,2,3,0,0,2287.json,NotBuggy
3,0.7091459631919861,0.7611436349003767,0,0,0,1,1.89,0,2,22.0,129.94700622558594,0,1,0,0,0,290.json,NotBuggy
3,0.8247786164283752,0.8382998833233857,0,0,0,1,1.89,0,0,18.0,130.85629272460938,0,0,0,0,0,255.json,NotBuggy
3,0.06392137706279755,0.7487842179641955,0,0,0,1,3.77,0,1,23.0,129.34671020507812,0,2,0,0,0,2967.json,NotBuggy
3,0.2258240431547165,0.7095302342183525,0,0,0,1,1.89,0,1,20.0,130.07347106933594,0,0,0,0,0,1258.json,NotBuggy
3,0.7108280658721924,0.8141407832918716,0,0,0,1,1.89,0,2,19.0,130.57513427734375,0,1,0,0,0,578.json,NotBuggy
3,0.04126862436532974,0.9072362098409582,0,0,0,1,1.89,0,1,14.0,132.79563903808594,0,0,0,0,0,1461.json,NotBuggy
1,0.9766978025436401,0.7376213006760418,0,0,0,1,0.0,0,0,16.0,149.548583984375,0,1,0,0,0,1862.json,NotBuggy
3,0.266380250453949,0.8097526916612653,0,0,0,1,1.89,0,0,17.0,131.28770446777344,0,1,0,0,0,514.json,NotBuggy
15,0.052501849830150604,0.0012779307602617577,4,3,7,4,2.72,1,1,89.0,94.21094512939453,0,3,3,0,0,2332.json,NotBuggy
6,0.9379488229751587,0.5796994063358069,0,0,0,1,1.89,0,2,33.0,115.6431884765625,0,1,1,0,0,558.json,NotBuggy
3,0.03529665246605873,0.6072901420752672,0,0,0,1,1.89,0,1,24.0,129.12539672851562,0,0,0,0,0,661.json,NotBuggy
12,4.557966603897512E-4,6.251484895216216E-6,2,3,5,3,2.31,1,6,113.0,96.77854919433594,0,2,2,0,0,2271.json,NotBuggy
3,0.38353443145751953,0.1734680054209926,0,0,0,1,1.89,0,1,34.0,126.78704833984375,0,1,0,0,0,67.json,NotBuggy
3,0.23083478212356567,0.5848566156275783,0,0,0,1,1.89,0,1,24.0,129.0215301513672,0,1,0,0,0,1365.json,NotBuggy
3,0.6256662011146545,0.7094695432479006,0,0,0,1,1.89,0,1,21.0,129.93223571777344,0,1,0,0,0,2373.json,NotBuggy
21,0.02733881026506424,6.571268456645835E-6,11,8,19,6,4.53,3,8,130.0,86.2256851196289,0,2,5,0,0,1653.json,NotBuggy
9,0.06316164135932922,0.16647113840057015,2,1,3,2,3.5,1,3,55.0,106.12199401855469,0,2,0,0,0,2050.json,NotBuggy
11,0.053347233682870865,0.09027866562588155,3,2,5,3,2.67,2,6,70.0,101.2071533203125,0,4,0,0,0,1021.json,NotBuggy
3,0.3871093690395355,0.9500740617830994,0,0,0,1,1.89,0,0,12.0,133.59722900390625,0,0,0,0,0,1456.json,NotBuggy
7,0.10625014454126358,0.2563688187649775,0,0,0,1,1.81,0,3,42.0,111.89190673828125,0,3,0,0,0,1252.json,NotBuggy
8,0.2825073003768921,3.6371656251914524E-4,0,0,0,1,1.73,0,6,82.0,105.625244140625,0,1,2,0,0,2020.json,NotBuggy
3,0.8052773475646973,0.8117545054402272,0,0,0,1,1.89,0,0,22.0,129.94700622558594,0,0,0,0,0,1980.json,NotBuggy
6,0.16620922088623047,0.8580029439031945,1,1,2,2,2.75,1,0,28.0,116.7609634399414,0,1,0,0,0,1058.json,NotBuggy
3,0.7553491592407227,0.701901129798105,0,0,0,1,1.89,0,1,20.0,130.18594360351562,0,1,0,0,0,1548.json,NotBuggy
6,0.8091960549354553,0.7718883874467346,2,2,4,2,2.75,1,0,29.0,116.22944641113281,0,1,0,0,0,2186.json,NotBuggy
3,0.9602164030075073,0.9890737132228224,0,0,0,1,1.89,0,0,13.0,132.9956512451172,0,0,0,0,0,1116.json,NotBuggy
3,0.7741331458091736,0.7006817538769329,0,0,0,1,1.89,0,1,21.0,129.93223571777344,0,1,0,0,0,1544.json,NotBuggy
6,0.15026487410068512,0.3072679238556703,2,2,4,2,2.75,1,2,38.0,114.90279388427734,0,2,0,0,0,1710.json,NotBuggy
7,0.672478199005127,0.5673842505785779,1,1,2,2,3.02,1,0,37.0,112.54422760009766,0,1,0,0,0,2467.json,NotBuggy
12,0.3824256360530853,0.012312494315081041,5,4,9,4,3.32,2,4,74.0,99.02832794189453,0,1,2,0,0,1665.json,NotBuggy
3,0.004698213655501604,0.8578710760174554,0,0,0,1,2.0,0,2,20.0,130.44261169433594,0,0,0,0,0,2938.json,NotBuggy
3,0.9029881358146667,0.917989660034895,0,0,0,1,1.89,0,1,17.0,131.60067749023438,0,0,0,0,0,338.json,NotBuggy
3,0.8375560641288757,0.9642431167606,0,0,0,1,1.89,0,0,12.0,133.59722900390625,0,0,0,0,0,1176.json,NotBuggy
8,0.22360309958457947,0.13342521019007492,1,1,2,2,2.4,1,3,48.0,108.61510467529297,0,2,1,0,0,2960.json,NotBuggy
13,0.09635525196790695,2.4046081815527642E-4,4,4,8,5,2.65,2,1,93.0,96.1075668334961,0,2,3,0,0,2428.json,NotBuggy
5,0.5794000029563904,0.3609037546544448,0,0,0,1,1.96,0,1,34.0,118.51167297363281,0,1,2,0,0,281.json,NotBuggy
4,0.9140748977661133,0.7738457699497265,0,0,0,1,2.0,0,0,22.0,124.81353759765625,0,1,0,0,0,963.json,NotBuggy
5,0.02969551458954811,0.14308020986234993,0,0,0,1,5.43,0,2,40.0,117.46711730957031,0,2,0,0,0,2022.json,NotBuggy
11,0.004330940078943968,0.011820995216122038,3,3,6,3,2.67,1,4,66.0,101.1350326538086,0,3,0,0,0,126.json,NotBuggy
45,0.07918533682823181,5.167536225073381E-7,6,15,21,8,5.54,4,11,216.0,70.48979187011719,0,2,6,0,0,2755.json,NotBuggy
5,0.021513042971491814,0.16975538202434273,0,0,0,1,1.96,0,3,43.0,117.36475372314453,0,3,2,0,0,2887.json,NotBuggy
3,0.7993834018707275,0.9066174823170693,0,0,0,1,1.89,0,1,16.0,131.75106811523438,0,0,0,0,0,203.json,NotBuggy
13,0.18250641226768494,9.713281389649713E-5,1,2,3,3,2.22,1,5,103.0,95.99949645996094,0,2,3,0,0,2292.json,NotBuggy
3,0.678202748298645,0.4665067335708212,1,1,2,2,1.89,0,1,28.0,127.8935775756836,0,2,0,0,0,1629.json,NotBuggy
12,0.48423370718955994,0.07674451920294252,5,3,8,4,3.32,2,3,66.0,99.8190689086914,0,1,2,0,0,1678.json,NotBuggy
27,0.055448632687330246,1.674223809762861E-6,13,9,22,8,7.84,5,6,154.0,80.6308822631836,1,2,7,0,0,1607.json,NotBuggy
12,0.3083364963531494,0.033010317161826105,6,4,10,4,3.32,2,4,69.0,99.4859390258789,0,1,2,0,0,1663.json,NotBuggy
3,0.7553491592407227,0.701901129798105,0,0,0,1,1.89,0,1,20.0,130.18594360351562,0,1,0,0,0,1549.json,NotBuggy
3,0.23327131569385529,0.8191530891742645,0,0,0,1,1.89,0,2,17.0,131.28770446777344,0,0,0,0,0,2926.json,Buggy
24,0.0012797802919521928,2.5584224633019807E-9,1,1,2,5,3.76,2,12,181.0,82.20922088623047,0,0,6,0,0,1510.json,NotBuggy
6,0.9383321404457092,0.9493205622818146,1,1,2,2,2.75,1,2,26.0,117.14632415771484,0,0,0,0,0,668.json,NotBuggy
3,0.009611939080059528,0.5378954434125862,0,0,0,1,1.89,0,1,26.0,128.50894165039062,0,2,0,0,0,2840.json,NotBuggy
5,0.4964115023612976,0.4964799572787307,2,1,3,2,2.99,1,1,31.0,118.91511535644531,0,2,0,0,0,1372.json,NotBuggy
7,0.5446784496307373,0.5606159678826643,1,1,2,2,2.56,1,0,34.0,112.90506744384766,0,1,0,0,0,710.json,NotBuggy
3,0.8649606108665466,0.9492851856158475,0,0,0,1,1.89,0,0,14.0,132.61029052734375,0,0,0,0,0,362.json,NotBuggy
19,3.964597708545625E-4,9.838750836167762E-6,1,6,7,6,2.35,1,5,140.0,87.60281372070312,0,3,0,0,0,43.json,NotBuggy
3,0.02324385568499565,0.30824292758826777,1,1,2,2,1.89,0,2,32.0,127.02539825439453,0,2,0,0,0,369.json,NotBuggy
5,0.2653660774230957,0.004305474678726066,1,1,2,2,1.96,0,3,61.0,114.67552185058594,0,2,2,0,0,1926.json,NotBuggy
28,1.4876705245114863E-4,2.1782087438627142E-14,8,5,13,7,3.86,3,18,225.0,77.85216522216797,0,2,10,0,0,2313.json,NotBuggy
10,0.7974237203598022,0.6080731170069466,3,2,5,3,2.27,1,0,48.0,104.83006286621094,0,1,1,0,0,901.json,NotBuggy
23,0.3366796374320984,0.001583802672455662,5,3,8,4,4.57,2,4,107.0,86.04187774658203,0,3,1,0,0,1130.json,NotBuggy
17,0.10948698222637177,3.1906746107655397E-4,5,4,9,5,2.99,2,3,99.0,91.29544830322266,0,4,3,0,0,1696.json,NotBuggy
3,0.4274619221687317,0.835117045111736,0,0,0,1,1.89,0,1,21.0,129.93223571777344,0,1,0,0,0,1914.json,NotBuggy
5,0.010973377153277397,0.7144545228311779,0,0,0,1,3.58,0,1,27.0,120.35002136230469,0,3,0,0,0,936.json,NotBuggy
25,0.002968959743157029,4.271572318699014E-6,3,4,7,6,3.96,2,6,147.0,82.4987564086914,0,3,3,0,0,2950.json,NotBuggy
3,0.002780721988528967,0.6182524303284177,0,0,0,1,1.89,0,1,26.0,128.70916748046875,0,2,0,0,0,3008.json,NotBuggy
3,0.9602164030075073,0.9890737132228224,0,0,0,1,1.89,0,0,13.0,132.9956512451172,0,0,0,0,0,1107.json,NotBuggy
5,0.9204812049865723,0.9483412897559138,0,0,0,1,1.96,0,0,20.0,122.167236328125,0,0,1,0,0,347.json,NotBuggy
28,0.024990854784846306,7.54770856805012E-7,10,7,17,7,3.76,3,10,154.0,80.30008697509766,0,3,7,0,0,1748.json,NotBuggy
20,0.0,3.924418717086611E-8,5,7,12,6,2.29,1,4,163.0,85.94390106201172,0,3,1,0,0,2180.json,NotBuggy
6,0.38527712225914,0.8236984831522428,1,1,2,2,2.75,1,0,28.0,116.7609634399414,0,1,0,0,0,1199.json,NotBuggy
4,0.004436546005308628,0.15704906342272015,0,0,0,1,2.0,0,1,36.0,121.75926971435547,0,3,0,0,0,888.json,NotBuggy
3,0.9602164030075073,0.9890737132228224,0,0,0,1,1.89,0,0,13.0,132.9956512451172,0,0,0,0,0,1158.json,NotBuggy
46,0.0,0.0011999658538185477,1,22,23,24,2.58,2,0,146.0,68.28448486328125,0,1,0,0,0,2557.json,NotBuggy
6,0.21773585677146912,0.8345723411311013,1,1,2,2,2.75,1,0,28.0,116.7609634399414,0,1,0,0,0,1074.json,NotBuggy
3,0.002743627643212676,0.37152094509315703,0,1,1,2,1.89,0,0,30.0,127.20789337158203,0,4,0,0,0,413.json,NotBuggy
6,0.023553937673568726,0.4622422008547126,1,1,2,2,2.75,1,1,37.0,114.88836669921875,0,2,0,0,0,1685.json,NotBuggy
8,0.6490510702133179,0.6746703819258153,2,2,4,3,2.83,2,0,37.0,110.3248291015625,0,1,0,0,0,2255.json,NotBuggy
6,0.044263750314712524,0.742704134946131,1,1,2,2,2.75,1,0,28.0,116.7609634399414,0,1,0,0,0,1078.json,NotBuggy
20,0.0037614305038005114,4.8034336858672695E-9,2,4,6,5,4.61,3,15,162.0,85.94758605957031,0,1,3,0,0,85.json,NotBuggy
3,0.06946810334920883,0.6192270128850461,0,0,0,1,1.89,0,1,23.0,129.2428436279297,0,3,0,0,0,987.json,NotBuggy
3,0.9538164138793945,0.9727092383402971,0,0,0,1,1.89,0,0,12.0,133.59722900390625,0,0,0,0,0,2536.json,NotBuggy
32,0.003641820279881358,6.354756706497466E-14,5,6,11,7,5.33,4,10,245.0,75.36123657226562,0,3,7,0,0,2740.json,Buggy
3,0.6953017711639404,0.8282890629391982,0,0,0,1,1.89,0,1,18.0,130.85629272460938,0,0,0,0,0,1583.json,NotBuggy
3,0.9479329586029053,0.9799341017746481,0,0,0,1,1.89,0,0,12.0,133.59722900390625,0,0,0,0,0,31.json,NotBuggy
3,0.22455741465091705,0.282055766759594,1,1,2,2,1.89,0,1,31.0,127.11163330078125,0,2,0,0,0,755.json,NotBuggy
3,0.7877993583679199,0.9525797686260064,0,0,0,1,1.89,0,0,12.0,133.59722900390625,0,0,0,0,0,1065.json,NotBuggy
11,0.0036470640916377306,6.293364444484681E-4,6,2,8,3,3.53,2,5,82.0,99.8556137084961,0,3,3,0,0,3038.json,NotBuggy
13,0.11090505868196487,2.3677178560422757E-4,4,4,8,5,2.65,2,1,93.0,96.1075668334961,0,2,3,0,0,2413.json,NotBuggy
15,0.029604805633425713,0.006677202383934307,4,3,7,3,3.38,2,6,86.0,94.8177261352539,0,2,4,0,0,2681.json,Buggy
3,0.7444396615028381,0.929979473688888,0,0,0,1,1.89,0,1,15.0,132.086669921875,0,0,0,0,0,1516.json,NotBuggy
3,0.7485674023628235,0.842941290301198,0,0,0,1,1.89,0,0,19.0,130.45266723632812,0,1,0,0,0,1480.json,NotBuggy
8,0.011259610764682293,0.16024029349156835,2,1,3,3,3.97,2,4,57.0,107.43441772460938,0,2,1,0,0,804.json,NotBuggy
3,0.09113194793462753,0.8642991380705103,0,0,0,1,1.89,0,1,17.0,131.43582153320312,0,1,0,0,0,1191.json,NotBuggy
19,0.005387940444052219,7.82944372205233E-6,7,10,17,8,2.78,1,1,126.0,87.61787414550781,0,2,2,0,0,832.json,NotBuggy
3,0.02072662115097046,0.18880857829750536,0,0,0,1,0.94,0,2,30.0,127.36779022216797,0,2,0,0,0,150.json,NotBuggy
4,0.49707216024398804,0.48429421230912634,1,1,2,2,4.9,0,2,31.0,122.53004455566406,0,1,0,0,0,1471.json,NotBuggy
3,0.7576116323471069,0.8164905583100778,0,0,0,1,1.89,0,2,19.0,130.57513427734375,0,1,0,0,0,564.json,NotBuggy
3,3.804306616075337E-4,0.2271861435442485,0,0,0,1,1.89,0,2,33.0,127.01653289794922,0,3,0,0,0,2727.json,NotBuggy
3,0.7753726840019226,0.6852460800611146,0,0,0,1,1.89,0,1,21.0,129.93223571777344,0,1,0,0,0,1547.json,NotBuggy
3,0.59291011095047,0.8690155555501325,0,0,0,1,1.89,0,0,17.0,131.28770446777344,0,1,0,0,0,2521.json,NotBuggy
3,0.010923466645181179,0.12313133558198751,0,0,0,1,0.94,0,2,33.0,126.87217712402344,0,2,0,0,0,151.json,NotBuggy
3,0.5188363790512085,0.8834804021106624,0,0,0,1,1.89,0,0,17.0,131.1535186767578,0,1,0,0,0,708.json,NotBuggy
16,0.004028707277029753,0.027544525975728006,5,4,9,4,2.22,1,4,79.0,94.02789306640625,0,3,2,0,0,1597.json,NotBuggy
9,0.06489303708076477,0.1898659062161939,1,1,2,2,2.67,1,5,58.0,105.78284454345703,0,4,0,0,0,1096.json,NotBuggy
3,0.0,0.38151972541403806,0,0,0,1,1.89,0,1,28.0,128.21994018554688,0,3,0,0,0,376.json,NotBuggy
14,0.49251121282577515,0.003340254157740641,4,4,8,5,3.0,2,0,90.0,95.04052734375,0,1,2,0,0,1940.json,NotBuggy
3,0.6916160583496094,0.40072713330808946,1,1,2,2,1.89,0,2,27.0,127.90887451171875,0,1,0,0,0,751.json,NotBuggy
3,0.7840246558189392,0.6967346247270606,0,0,0,1,1.89,0,1,20.0,130.18594360351562,0,1,0,0,0,1543.json,NotBuggy
3,0.5883393883705139,0.9108381959274241,0,0,0,1,1.89,0,0,12.0,133.59722900390625,0,0,0,0,0,1202.json,NotBuggy
6,0.028648214414715767,0.5050011372121757,1,1,2,2,2.75,1,1,36.0,115.03083801269531,0,2,0,0,0,2347.json,NotBuggy
14,1.2751967005897313E-4,1.6120510367852084E-5,2,2,4,3,2.72,1,7,113.0,94.39238739013672,0,2,2,0,0,2089.json,Buggy
6,0.3536974787712097,0.6696758905173159,1,1,2,2,2.75,1,2,34.0,115.32806396484375,0,1,0,0,0,1283.json,NotBuggy
5,0.8294591903686523,0.842958980601849,0,0,0,1,1.96,0,0,25.0,120.53388214111328,0,1,1,0,0,358.json,NotBuggy
3,3.9185097557492554E-4,0.15414434076360872,0,0,0,1,1.89,0,1,35.0,126.71056365966797,0,2,0,0,0,52.json,NotBuggy
3,0.8663780093193054,0.661305821070962,0,0,0,1,1.89,0,0,22.0,129.47398376464844,0,1,0,0,0,2197.json,NotBuggy
23,0.0035244389437139034,2.8982638585553373E-7,7,6,13,7,2.25,1,13,151.0,83.77690124511719,0,1,2,0,0,2426.json,NotBuggy
14,0.13571180403232574,0.049395444967223964,5,4,9,5,3.18,2,0,73.0,96.51554870605469,0,3,1,0,0,2168.json,NotBuggy
8,0.052445296198129654,0.007520777360978195,1,1,2,2,3.74,1,7,61.0,107.01725006103516,0,2,0,0,0,1839.json,NotBuggy
7,0.17432184517383575,0.6961524432137417,0,0,0,1,1.81,0,2,37.0,112.94803619384766,0,0,1,0,0,36.json,NotBuggy
3,0.11374690383672714,0.3434862447397415,0,0,0,1,1.89,0,2,28.0,128.1235809326172,0,2,0,0,0,2039.json,NotBuggy
12,0.0032341897021979094,0.0010665870648398229,2,2,4,3,2.46,1,4,84.0,98.47140502929688,0,4,2,0,0,138.json,NotBuggy
5,0.965939462184906,0.8011928736886763,0,0,0,1,1.96,0,3,28.0,120.0484390258789,0,1,1,0,0,1439.json,NotBuggy
12,0.4044494330883026,0.18983260665842125,4,4,8,4,2.46,1,2,60.0,100.54908752441406,0,2,0,0,0,1613.json,NotBuggy
12,0.034790098667144775,0.008418469387679378,8,4,12,4,3.4,2,3,74.0,98.98412322998047,0,2,2,0,0,1785.json,NotBuggy
3,0.873651921749115,0.9575492196856832,0,0,0,1,1.89,0,0,12.0,133.59722900390625,0,0,0,0,0,2519.json,NotBuggy
3,0.9578678011894226,0.9887590553862605,0,0,0,1,1.89,0,0,13.0,132.9956512451172,0,0,0,0,0,1108.json,NotBuggy
8,0.6151818633079529,0.5856274924126903,2,2,4,3,2.83,2,0,37.0,110.3248291015625,0,1,0,0,0,2261.json,NotBuggy
3,0.5641464591026306,0.9149465044002436,0,0,0,1,1.89,0,1,15.0,132.25152587890625,0,0,0,0,0,2901.json,NotBuggy
6,0.5389736890792847,0.2605505011119399,0,0,0,1,1.89,0,2,40.0,114.51351165771484,0,1,1,0,0,2049.json,NotBuggy
3,0.21251054108142853,0.5811835788316861,0,0,0,1,1.89,0,1,23.0,129.14646911621094,0,1,0,0,0,2692.json,NotBuggy
3,5.709042306989431E-4,0.2972443703354888,0,0,0,1,1.89,0,1,32.0,127.42921447753906,0,3,0,0,0,2162.json,NotBuggy
3,0.7683144807815552,0.9329096199725568,0,0,0,1,1.89,0,0,14.0,132.4454345703125,0,0,0,0,0,378.json,NotBuggy
6,0.049019891768693924,0.004781701994068191,0,0,0,1,3.27,0,7,58.0,112.26011657714844,0,1,1,0,0,913.json,NotBuggy
13,0.14980332553386688,4.469955986765044E-5,1,2,3,3,2.22,1,5,106.0,95.77970123291016,0,2,3,0,0,2293.json,NotBuggy
3,0.02507876232266426,0.5619040763732077,0,0,0,1,1.89,0,0,26.0,128.70916748046875,0,2,0,0,0,453.json,NotBuggy
6,0.329585462808609,0.8662618245513293,1,1,2,2,2.75,1,0,28.0,116.7609634399414,0,1,0,0,0,1185.json,NotBuggy
10,0.38870304822921753,0.5437583482323585,4,2,6,3,2.8,2,3,51.0,104.95137786865234,0,2,0,0,0,2009.json,NotBuggy
3,0.03165804222226143,0.7133906584046927,0,0,0,1,1.89,0,1,23.0,129.4591827392578,0,1,0,0,0,902.json,NotBuggy
6,0.031157223507761955,0.48749369352747507,1,1,2,2,2.75,1,1,36.0,115.03083801269531,0,2,0,0,0,2345.json,NotBuggy
3,0.06503307819366455,0.7585046304314389,0,0,0,1,1.89,0,1,22.0,129.69032287597656,0,2,0,0,0,2811.json,NotBuggy
22,0.015597574412822723,3.025978456330868E-4,7,7,14,7,3.13,2,7,123.0,85.70928192138672,0,1,3,0,0,1598.json,NotBuggy
6,0.6010039448738098,0.6514714620638044,1,1,2,2,2.75,1,2,31.0,116.13532257080078,0,1,0,0,0,792.json,NotBuggy
3,0.871941089630127,0.89533837273945,0,0,0,1,1.89,0,0,16.0,131.46876525878906,0,1,0,0,0,211.json,NotBuggy
11,0.055120185017585754,0.08909220737623773,3,2,5,3,2.67,2,6,70.0,101.2071533203125,0,4,0,0,0,1092.json,NotBuggy
13,0.07950187474489212,3.582188395295691E-4,4,4,8,5,2.65,2,1,91.0,96.22061920166016,0,2,3,0,0,2417.json,NotBuggy
15,0.0014419897925108671,1.271508742417196E-4,2,2,4,3,2.29,1,5,103.0,93.79613494873047,0,3,3,0,0,624.json,NotBuggy
3,0.9344409704208374,0.9634257595778639,0,0,0,1,1.89,0,0,12.0,133.59722900390625,0,0,0,0,0,263.json,NotBuggy
3,0.4322011172771454,0.952915871763998,0,0,0,1,1.89,0,0,12.0,133.59722900390625,0,0,0,0,0,725.json,NotBuggy
3,0.41879960894584656,0.7582152161323628,0,0,0,1,1.89,0,1,20.0,130.18594360351562,0,1,0,0,0,2655.json,NotBuggy
6,0.12476437538862228,0.7065610747412487,1,1,2,2,2.75,1,2,32.0,115.97023010253906,0,1,0,0,0,697.json,NotBuggy
15,0.01447240635752678,0.0017727386118865443,3,3,6,4,3.77,2,5,90.0,94.15283966064453,0,3,2,0,0,1003.json,NotBuggy
3,0.0038836838211864233,0.38994634725083505,0,0,0,1,1.89,0,1,27.0,128.22288513183594,0,3,0,0,0,1023.json,NotBuggy
9,0.5152474045753479,0.5361652845537518,2,3,5,3,2.67,1,1,45.0,107.22505950927734,0,2,0,0,0,1834.json,NotBuggy
3,0.7826656699180603,0.8078645896378899,0,0,0,1,1.89,0,1,19.0,130.70933532714844,0,1,0,0,0,1869.json,NotBuggy
17,0.2502018213272095,0.04554095682834303,4,4,8,5,4.85,3,6,82.0,92.66792297363281,0,1,3,0,0,20.json,NotBuggy
9,0.1603219360113144,0.23695431393560587,2,3,5,3,2.67,1,0,49.0,106.49266052246094,0,1,0,0,0,408.json,NotBuggy
10,0.1800573170185089,0.012710156142616814,2,2,4,2,2.15,1,5,66.0,103.13069152832031,0,2,2,0,0,2831.json,NotBuggy
3,0.3687514066696167,0.8683033430692189,0,0,0,1,1.89,0,0,17.0,131.28770446777344,0,1,0,0,0,1171.json,NotBuggy
3,0.0,0.1733778968098047,0,0,0,1,1.89,0,1,35.0,126.78941345214844,0,3,0,0,0,1593.json,NotBuggy
3,0.7397300601005554,0.7879749168711414,0,0,0,1,1.89,0,1,20.0,130.18594360351562,0,1,0,0,0,2965.json,NotBuggy
3,0.05499805137515068,0.5095732313071847,0,0,0,1,1.89,0,1,26.0,128.60531616210938,0,2,0,0,0,125.json,NotBuggy
5,0.5471296310424805,0.4096890680786475,2,2,4,2,2.99,1,1,33.0,118.51115417480469,0,2,0,0,0,1368.json,NotBuggy
3,0.10906659811735153,0.3315815871231287,0,0,0,1,1.89,0,2,28.0,128.1235809326172,0,2,0,0,0,2037.json,NotBuggy
10,9.728692239150405E-4,0.0011223331260540178,1,3,4,4,2.8,3,6,86.0,101.5078125,0,1,0,0,0,1985.json,Buggy
46,0.0,3.36868517980708E-16,1,22,23,24,2.58,2,0,307.0,64.70437622070312,0,1,0,0,0,2559.json,NotBuggy
8,0.1664593517780304,0.9122102002454349,0,0,0,1,1.73,0,6,29.0,112.25189971923828,0,0,0,0,0,2065.json,NotBuggy
3,0.9129460453987122,0.9625850041571046,0,0,0,1,1.89,0,0,12.0,133.59722900390625,0,0,0,0,0,2774.json,NotBuggy
3,0.8892703652381897,0.9549821533236228,0,0,0,1,1.89,0,0,12.0,133.59722900390625,0,0,0,0,0,964.json,NotBuggy
6,0.79132080078125,0.6994143186793664,2,2,4,3,2.75,1,1,33.0,115.40640258789062,0,1,0,0,0,1319.json,NotBuggy
3,0.9344409704208374,0.9634257595778639,0,0,0,1,1.89,0,0,12.0,133.59722900390625,0,0,0,0,0,234.json,NotBuggy
3,0.8503571152687073,0.9606423120537684,0,0,0,1,1.89,0,0,12.0,133.59722900390625,0,0,0,0,0,2970.json,NotBuggy
3,0.001350839389488101,0.35944860931359707,0,0,0,1,1.89,0,1,30.0,127.76480865478516,0,3,0,0,0,1773.json,NotBuggy
3,0.3341979384422302,0.9011262540601247,0,0,0,1,1.89,0,0,15.0,132.25152587890625,0,0,0,0,0,2023.json,NotBuggy
3,0.0,0.498027178444789,0,0,0,1,1.89,0,0,29.0,128.0374755859375,0,6,0,0,0,3012.json,NotBuggy
11,0.06541641056537628,0.0031092070738810754,2,2,4,3,4.46,2,6,83.0,100.21479797363281,0,0,2,0,0,493.json,NotBuggy
3,0.7402806878089905,0.9081019816123264,0,0,0,1,1.89,0,0,17.0,131.28770446777344,0,1,0,0,0,344.json,NotBuggy
5,0.6746118664741516,0.3044067623623643,0,0,0,1,1.96,0,2,33.0,118.74115753173828,0,1,1,0,0,475.json,NotBuggy
3,0.6774563789367676,0.8169654267045525,0,0,0,1,1.89,0,2,18.0,130.99049377441406,0,1,0,0,0,973.json,NotBuggy
3,0.9772694110870361,0.9547648225157432,0,0,0,1,1.89,0,0,13.0,132.9956512451172,0,0,0,0,0,192.json,NotBuggy
3,0.8983238935470581,0.9570688933794259,0,0,0,1,1.89,0,0,12.0,133.59722900390625,0,0,0,0,0,2621.json,NotBuggy
3,0.13635791838169098,0.5833464263114552,1,1,2,2,1.89,0,0,27.0,128.17906188964844,0,3,0,0,0,1335.json,NotBuggy
3,0.013069087639451027,0.6124960738652508,0,0,0,1,1.89,0,2,25.0,128.91311645507812,0,0,0,0,0,2749.json,NotBuggy
3,0.7402960658073425,0.9009534631101106,0,0,0,1,1.89,0,0,17.0,131.28770446777344,0,1,0,0,0,318.json,NotBuggy
10,0.04511181265115738,0.12598684275190475,5,3,8,3,2.53,1,4,56.0,104.09146118164062,0,2,1,0,0,1801.json,NotBuggy
8,0.2527076303958893,0.15485353043320732,0,0,0,2,3.12,1,1,47.0,108.56095123291016,0,2,0,0,0,1575.json,NotBuggy
23,0.11596708744764328,2.3150273525773736E-6,9,7,16,6,3.46,3,4,140.0,84.12950134277344,0,2,6,0,0,744.json,NotBuggy
20,0.0,2.963502972129498E-8,5,7,12,6,2.29,1,4,163.0,85.90808868408203,0,3,1,0,0,2178.json,NotBuggy
3,0.0,0.08550104613524728,0,0,0,1,1.89,0,3,41.0,125.9666519165039,0,4,0,0,0,2726.json,NotBuggy
3,0.0,0.35086877098623603,0,0,0,1,1.89,0,1,31.0,127.690673828125,0,3,0,0,0,1749.json,NotBuggy
21,0.0,1.6944284624040276E-11,4,6,10,6,2.85,2,9,192.0,84.0153579711914,0,3,3,0,0,2081.json,NotBuggy
5,0.0016723960870876908,0.04405699646421682,1,1,2,2,2.99,1,2,48.0,116.1720962524414,0,2,1,0,0,2366.json,NotBuggy
11,0.004874765872955322,0.00515123175084665,4,2,6,3,2.41,1,4,76.0,100.62306213378906,0,3,1,0,0,698.json,NotBuggy
12,0.007803134620189667,2.7311535210273358E-5,2,1,3,3,3.2,2,5,100.0,97.37938690185547,0,2,3,0,0,181.json,NotBuggy
26,0.009260028600692749,1.5077569469347652E-8,9,8,17,7,4.7,3,10,162.0,80.87603759765625,0,3,5,0,0,1215.json,Buggy
5,0.9300525784492493,0.9382335511099126,0,0,0,1,1.96,0,0,20.0,122.167236328125,0,0,1,0,0,232.json,NotBuggy
4,0.9349380731582642,0.10736656029614645,1,1,2,2,2.0,0,2,39.0,121.04667663574219,0,1,1,0,0,62.json,NotBuggy
3,0.3148215115070343,0.7254127395804874,0,0,0,1,1.89,0,1,19.0,130.45266723632812,0,1,0,0,0,2564.json,NotBuggy
3,0.04006291553378105,0.6428330677258511,0,0,0,1,1.89,0,1,24.0,129.12539672851562,0,2,0,0,0,113.json,NotBuggy
10,0.14085428416728973,0.0048739542608786865,3,2,5,3,4.61,1,0,74.0,102.3057632446289,0,4,2,0,0,2399.json,NotBuggy
3,0.8841331005096436,0.9367718494955029,0,0,0,1,1.89,0,0,13.0,132.9956512451172,0,0,0,0,0,929.json,NotBuggy
4,0.050916433334350586,0.6314270629164248,0,0,0,1,2.0,0,1,26.0,123.8484878540039,0,1,0,0,0,849.json,NotBuggy
3,0.9420760869979858,0.7798098639680822,0,0,0,1,1.89,0,0,20.0,130.18594360351562,0,1,0,0,0,1870.json,NotBuggy
3,0.863993227481842,0.8704095151052419,0,0,0,1,1.89,0,1,19.0,130.70933532714844,0,1,0,0,0,1878.json,NotBuggy
8,0.056776776909828186,0.03963256152050342,1,1,2,2,2.4,1,3,55.0,107.69369506835938,0,3,1,0,0,2882.json,NotBuggy
3,0.041601285338401794,0.22889469877040888,0,0,0,1,1.89,0,2,30.0,127.43789672851562,0,2,0,0,0,93.json,NotBuggy
7,0.47679653763771057,0.578784630095735,1,1,2,2,2.56,1,1,36.0,112.60784912109375,0,2,0,0,0,826.json,NotBuggy
10,0.38870304822921753,0.5502559718330813,4,2,6,3,2.8,2,3,51.0,104.95137786865234,0,2,0,0,0,2003.json,NotBuggy
12,0.47742146253585815,0.03585076762722992,5,4,9,4,3.32,2,3,69.0,99.4859390258789,0,1,2,0,0,1669.json,NotBuggy
3,0.003820788348093629,0.37125418211866773,0,0,0,1,1.89,0,1,27.0,128.22288513183594,0,3,0,0,0,1005.json,NotBuggy
11,0.05393350496888161,0.08969552462205889,3,2,5,3,2.67,2,6,70.0,101.2071533203125,0,4,0,0,0,1027.json,NotBuggy
1,0.9916332364082336,0.7415977876525438,0,0,0,1,0.0,0,0,16.0,149.548583984375,0,1,0,0,0,1855.json,NotBuggy
3,0.9378864765167236,0.9629142966524025,0,0,0,1,1.89,0,0,12.0,133.59722900390625,0,0,0,0,0,205.json,NotBuggy
3,0.7318282127380371,0.7770010558894931,0,0,0,1,1.89,0,2,22.0,129.94700622558594,0,1,0,0,0,191.json,NotBuggy
28,0.0,1.8780709702300123E-9,4,8,12,9,2.23,1,11,194.0,78.89768981933594,0,3,1,0,0,1587.json,NotBuggy
30,0.0,5.430596679999234E-9,5,8,13,11,4.2,3,12,210.0,76.6212387084961,0,3,2,0,0,53.json,NotBuggy
12,0.3813994526863098,0.3852153755490209,1,3,4,5,4.47,2,0,44.0,101.80902862548828,0,1,0,0,0,3061.json,NotBuggy
10,0.5762807726860046,0.27592383338738985,3,2,5,3,3.6,2,1,51.0,104.29129791259766,0,1,1,0,0,947.json,NotBuggy
3,0.008613182231783867,0.568068086845607,0,0,0,1,1.89,0,1,26.0,128.50894165039062,0,2,0,0,0,2848.json,NotBuggy
3,0.3549293577671051,0.9257654165352288,0,0,0,1,1.89,0,0,12.0,133.59722900390625,0,0,0,0,0,513.json,NotBuggy
3,0.8957158327102661,0.9604758528238184,0,0,0,1,1.89,0,0,12.0,133.59722900390625,0,0,0,0,0,1194.json,NotBuggy
16,0.007672955747693777,2.530545808923367E-4,4,4,8,4,6.96,2,9,102.0,92.45647430419922,0,2,2,0,0,390.json,NotBuggy
3,0.2141096442937851,0.795417899967402,0,0,0,1,1.89,0,1,19.0,130.57513427734375,0,1,0,0,0,1908.json,NotBuggy
3,0.0,0.18003308418718114,0,0,0,1,1.89,0,1,35.0,126.78941345214844,0,3,0,0,0,1729.json,NotBuggy
3,0.9070575833320618,0.9774859681632172,0,0,0,1,1.89,0,0,12.0,133.59722900390625,0,0,0,0,0,3046.json,NotBuggy
7,1.9389059161767364E-4,0.0035133081142680535,4,2,6,2,2.8,1,3,64.0,109.02098846435547,0,5,0,0,0,1393.json,NotBuggy
3,0.06503307819366455,0.7585046304314389,0,0,0,1,1.89,0,1,22.0,129.69032287597656,0,2,0,0,0,2814.json,NotBuggy
12,0.16871334612369537,0.0038554499035625134,3,3,6,4,2.56,2,0,78.0,98.80055236816406,0,1,2,0,0,2407.json,NotBuggy
10,0.5621410608291626,0.2769826320129352,3,2,5,3,3.6,2,1,51.0,104.29129791259766,0,1,1,0,0,949.json,NotBuggy
9,0.39857593178749084,0.18557683617943435,2,2,4,3,3.77,2,1,51.0,106.05023193359375,0,2,1,0,0,593.json,NotBuggy
3,0.9595999717712402,0.9750943035997776,0,0,0,1,1.89,0,0,12.0,133.59722900390625,0,0,0,0,0,2534.json,NotBuggy
3,0.7759681940078735,0.9238712823373263,0,0,0,1,1.89,0,0,17.0,131.28770446777344,0,1,0,0,0,2528.json,NotBuggy
3,0.9572956562042236,0.7351395349945274,0,0,0,1,1.89,0,0,20.0,130.18594360351562,0,1,0,0,0,2476.json,NotBuggy
6,0.017178822308778763,0.2694796124655853,2,1,3,2,2.75,1,3,40.0,114.48296356201172,0,1,0,0,0,1962.json,NotBuggy
10,0.5490634441375732,0.37835637955066015,4,3,7,4,5.08,3,0,52.0,104.06688690185547,0,2,1,0,0,619.json,Buggy
4,0.029857242479920387,0.009362632544880206,0,0,0,1,2.0,0,3,52.0,119.44434356689453,0,2,1,0,0,180.json,NotBuggy
3,0.013691694475710392,0.4327314290152729,0,0,0,1,1.89,0,1,26.0,128.41912841796875,0,2,0,0,0,2876.json,NotBuggy
3,0.11843584477901459,0.8738099701740695,0,0,0,1,1.89,0,0,17.0,131.28770446777344,0,1,0,0,0,1068.json,NotBuggy
3,0.673736035823822,0.909422575119435,0,0,0,1,1.89,0,1,15.0,132.086669921875,0,0,0,0,0,1438.json,NotBuggy
6,0.37396860122680664,0.7864271350799368,1,1,2,2,2.75,1,1,28.0,116.66458892822266,0,1,0,0,0,894.json,NotBuggy
3,2.3528827296104282E-4,0.5145761975456696,0,0,0,1,1.89,0,1,29.0,128.14134216308594,0,3,0,0,0,1755.json,NotBuggy
12,0.4475322365760803,0.09822301759191862,5,3,8,4,3.32,2,3,64.0,99.97908020019531,0,1,2,0,0,1668.json,NotBuggy
16,0.009663202799856663,3.1006667372409166E-4,3,3,6,4,3.71,2,7,101.0,92.47189331054688,0,3,3,0,0,1004.json,NotBuggy
11,0.04233899712562561,0.049742303234786255,3,3,6,4,3.95,2,4,67.0,101.0983657836914,0,1,2,0,0,613.json,Buggy
11,0.05572481453418732,0.08825275796829492,3,2,5,3,2.67,2,6,70.0,101.2071533203125,0,4,0,0,0,1012.json,NotBuggy
3,0.6290326714515686,0.8943609184289281,0,0,0,1,1.89,0,0,14.0,132.4454345703125,0,0,0,0,0,1496.json,NotBuggy
3,0.2779659330844879,0.3886995477820664,0,0,0,1,1.89,0,1,28.0,128.0337677001953,0,2,0,0,0,2128.json,NotBuggy
6,0.3619486093521118,0.4168190354297535,2,2,4,2,2.75,1,2,36.0,115.10508728027344,0,2,0,0,0,1612.json,NotBuggy
8,0.6129942536354065,0.6328872067211526,2,2,4,3,2.83,2,0,37.0,110.3248291015625,0,1,0,0,0,2262.json,NotBuggy
3,0.8047117590904236,0.9507415656099844,0,0,0,1,1.89,0,0,12.0,133.59722900390625,0,0,0,0,0,1260.json,NotBuggy
13,0.04025647044181824,3.9353865203947773E-5,2,2,4,4,2.46,1,4,101.0,95.80095672607422,0,2,2,0,0,4.json,NotBuggy
3,0.06946810334920883,0.6119321525850647,0,0,0,1,1.89,0,1,23.0,129.2428436279297,0,3,0,0,0,1097.json,NotBuggy
15,0.012302575632929802,8.41005641372264E-4,2,2,4,3,2.8,1,11,92.0,94.30554962158203,0,1,2,0,0,547.json,NotBuggy
6,0.6189405918121338,0.8875859135496759,1,1,2,2,2.75,1,2,26.0,117.14632415771484,0,1,0,0,0,589.json,NotBuggy
6,0.5110510587692261,0.862382167913825,1,1,2,2,2.75,1,0,28.0,116.7609634399414,0,1,0,0,0,1072.json,NotBuggy
3,0.6617358922958374,0.4231920492915543,1,1,2,2,1.89,0,2,27.0,127.90887451171875,0,1,0,0,0,757.json,NotBuggy
3,0.02249026857316494,0.6210128427644509,0,0,0,1,1.89,0,1,24.0,129.12539672851562,0,2,0,0,0,1383.json,NotBuggy
4,0.8806139230728149,0.5861952733624862,0,0,0,1,2.0,0,1,26.0,123.67467498779297,0,1,0,0,0,952.json,NotBuggy
11,0.2667098343372345,0.667404165149508,2,2,4,3,2.67,2,3,47.0,103.39551544189453,0,0,0,0,0,2791.json,NotBuggy
8,0.013135352171957493,0.03709249240634072,1,1,2,2,2.4,1,3,57.0,107.60993957519531,0,3,1,0,0,689.json,NotBuggy
9,0.0027152113616466522,0.0015180736488750884,1,1,2,2,2.8,1,3,76.0,103.96589660644531,0,4,2,0,0,2821.json,NotBuggy
3,0.35786187648773193,0.7477910138412096,0,0,0,1,1.89,0,1,20.0,130.44261169433594,0,1,0,0,0,2698.json,NotBuggy
8,0.011224733665585518,0.04037061794105388,1,1,2,2,2.4,1,3,57.0,107.66441345214844,0,3,1,0,0,693.json,NotBuggy
16,0.0029182392172515392,0.0023636211463166973,4,2,6,3,2.51,1,10,96.0,93.0387191772461,0,1,4,0,0,1464.json,NotBuggy
13,0.2479126900434494,0.7005721487080061,3,3,6,4,2.7,2,2,52.0,99.99652099609375,0,1,0,0,0,1272.json,NotBuggy
3,0.5128803253173828,0.7816741036588686,0,0,0,1,1.89,0,3,20.0,130.30841064453125,0,0,0,0,0,314.json,NotBuggy
10,0.572045087814331,0.298746206155861,3,2,5,3,3.6,2,1,51.0,104.34339141845703,0,1,1,0,0,955.json,NotBuggy
14,1.2751967005897313E-4,1.6120510367852084E-5,2,2,4,3,2.72,1,7,113.0,94.39238739013672,0,2,2,0,0,2092.json,Buggy
3,0.6585606932640076,0.9328256647902654,0,0,0,1,1.89,0,1,16.0,131.75106811523438,0,0,0,0,0,28.json,NotBuggy
3,0.43518248200416565,0.9271707067000057,0,0,0,1,1.89,0,1,17.0,131.43582153320312,0,0,0,0,0,2748.json,NotBuggy
3,0.05267574265599251,0.6889819988500132,0,0,0,1,1.89,0,1,21.0,129.81976318359375,0,0,0,0,0,1204.json,NotBuggy
3,0.24718254804611206,0.5158593124548012,0,0,0,1,1.89,0,3,26.0,128.70916748046875,0,0,0,0,0,2492.json,NotBuggy
3,0.17491506040096283,0.9161507107494986,0,0,0,1,1.89,0,0,14.0,132.4454345703125,0,0,0,0,0,919.json,NotBuggy
9,0.5757904648780823,0.8882281910355255,3,2,5,3,2.67,1,0,43.0,107.73165130615234,0,3,0,0,0,1950.json,NotBuggy
6,0.02164352312684059,0.4866382041435295,1,1,2,2,2.75,1,1,37.0,114.96261596679688,0,2,0,0,0,1681.json,NotBuggy
3,0.35786187648773193,0.7477910138412096,0,0,0,1,1.89,0,1,20.0,130.44261169433594,0,1,0,0,0,2642.json,NotBuggy
6,0.7747310996055603,0.6992440043535217,2,2,4,3,2.75,1,1,33.0,115.40640258789062,0,1,0,0,0,1321.json,NotBuggy
4,0.6931117177009583,0.736986471609324,0,0,0,1,2.0,0,1,23.0,124.58238983154297,0,1,0,0,0,302.json,NotBuggy
32,7.627397426404059E-4,2.7535374697522674E-8,8,7,15,8,3.62,3,15,189.0,76.63387298583984,0,5,6,0,0,3053.json,NotBuggy
3,0.3363708257675171,0.9419534704662005,0,0,0,1,1.89,0,0,12.0,133.59722900390625,0,0,0,0,0,1455.json,NotBuggy
3,0.8978176712989807,0.9220394994347431,0,0,0,1,1.89,0,1,17.0,131.60067749023438,0,0,0,0,0,310.json,NotBuggy
11,1.2465541658457369E-4,5.228935032293186E-4,2,2,4,3,2.41,2,4,90.0,99.8458480834961,0,2,1,0,0,2099.json,NotBuggy
3,0.007977012544870377,0.471646317413753,0,0,0,1,1.89,0,1,26.0,128.50894165039062,0,2,0,0,0,2841.json,NotBuggy
15,0.19174312055110931,0.005187511445875157,7,4,11,4,3.16,2,1,87.0,94.32913208007812,0,1,4,0,0,2220.json,NotBuggy
3,0.8139394521713257,0.9598593476496358,0,0,0,1,1.89,0,0,12.0,133.59722900390625,0,0,0,0,0,896.json,NotBuggy
7,0.06451788544654846,0.4277234666494466,1,1,2,2,2.56,1,4,40.0,112.22283172607422,0,0,1,0,0,7.json,NotBuggy
3,0.7330908179283142,0.7785946977338598,0,0,0,1,1.89,0,1,18.0,130.85629272460938,0,0,0,0,0,2074.json,NotBuggy
3,1.6439346654806286E-4,0.3727437549008685,0,0,0,1,1.89,0,2,33.0,127.46943664550781,0,3,0,0,0,1957.json,NotBuggy
3,0.0,0.4180267203779047,0,0,0,1,1.89,0,2,27.0,128.4090576171875,0,2,0,0,0,566.json,NotBuggy
3,0.7138921022415161,0.9249872359210062,0,0,0,1,1.89,0,0,13.0,132.9956512451172,0,0,0,0,0,1486.json,NotBuggy
3,0.8247786164283752,0.8382998833233857,0,0,0,1,1.89,0,0,18.0,130.85629272460938,0,0,0,0,0,317.json,NotBuggy
3,0.011879518628120422,0.7316494116545759,0,0,0,1,2.0,0,1,24.0,129.12539672851562,0,2,0,0,0,2940.json,NotBuggy
3,0.2779979407787323,0.37011228749064334,0,0,0,1,1.89,0,1,28.0,128.0337677001953,0,2,0,0,0,2124.json,NotBuggy
15,0.18990378081798553,0.021128797118405217,3,4,7,5,5.78,4,1,82.0,94.56282043457031,0,1,2,0,0,610.json,Buggy
3,0.03193480148911476,0.6396756160802288,0,0,0,1,1.89,0,1,24.0,129.12539672851562,0,2,0,0,0,2949.json,NotBuggy
3,0.3827003836631775,0.14088133637963707,1,1,2,2,1.89,0,0,35.0,126.48056030273438,0,2,0,0,0,1810.json,NotBuggy
6,0.04029860347509384,0.4679904600266973,1,1,2,2,2.75,1,1,37.0,114.96261596679688,0,3,0,0,0,2400.json,NotBuggy
15,0.059830643236637115,0.0010900513650481572,4,3,7,4,2.72,1,1,89.0,94.17513275146484,0,3,3,0,0,2334.json,NotBuggy
3,0.0,0.023535862694382664,0,0,0,1,1.89,0,0,50.0,124.93470764160156,0,3,0,0,0,2533.json,NotBuggy
3,0.011618169955909252,0.5831662004398678,0,0,0,1,1.89,0,1,23.0,129.14646911621094,0,0,0,0,0,2694.json,NotBuggy
3,0.7764296531677246,0.9340197878593818,0,0,0,1,1.89,0,0,14.0,132.4454345703125,0,0,0,0,0,247.json,NotBuggy
39,0.0,3.781898691235779E-9,10,6,16,7,8.12,6,25,212.0,72.79364776611328,0,1,5,0,0,914.json,NotBuggy
3,0.6953017711639404,0.8399769765306068,0,0,0,1,1.89,0,1,18.0,130.85629272460938,0,0,0,0,0,1585.json,NotBuggy
6,0.27895012497901917,0.8181546498287188,1,1,2,2,2.75,1,0,28.0,116.7609634399414,0,1,0,0,0,1189.json,NotBuggy
3,0.82886803150177,0.7185685133012403,0,0,0,1,1.89,0,0,21.0,129.81976318359375,0,1,0,0,0,2473.json,NotBuggy
3,0.8247786164283752,0.8382998833233857,0,0,0,1,1.89,0,0,18.0,130.85629272460938,0,0,0,0,0,228.json,NotBuggy
3,0.8514987230300903,0.9347991557885308,0,0,0,1,1.89,0,0,14.0,132.4454345703125,0,0,0,0,0,2620.json,NotBuggy
3,0.5128803253173828,0.7816741036588686,0,0,0,1,1.89,0,3,20.0,130.30841064453125,0,0,0,0,0,342.json,NotBuggy
8,0.9028517007827759,0.8921180338887584,1,1,2,2,4.8,1,0,32.0,111.0571060180664,0,1,0,0,0,1441.json,NotBuggy
3,0.7211207747459412,0.7891820793284527,0,0,0,1,1.89,0,2,19.0,130.57513427734375,0,1,0,0,0,971.json,NotBuggy
3,0.0,0.1295434001962349,0,0,0,1,1.89,0,2,37.0,126.50045013427734,0,4,0,0,0,2733.json,Buggy
10,0.45727309584617615,0.5904525958876862,1,1,2,3,2.23,1,1,42.0,105.65377044677734,0,2,0,0,0,1907.json,NotBuggy
20,0.0,3.1270981503034934E-8,5,7,12,6,2.29,1,4,163.0,85.90808868408203,0,3,1,0,0,2177.json,NotBuggy
6,0.392269492149353,0.49046780934457757,2,2,4,3,2.75,1,1,36.0,114.80084228515625,0,2,0,0,0,1324.json,NotBuggy
3,0.03732835128903389,0.6763040099346661,0,0,0,1,1.89,0,1,25.0,129.0255889892578,0,2,0,0,0,1714.json,NotBuggy
5,0.8624710440635681,0.8282594795448959,0,0,0,1,1.96,0,0,25.0,120.53388214111328,0,1,1,0,0,217.json,NotBuggy
3,0.12333257496356964,0.8190458651220617,0,0,0,1,1.89,0,1,20.0,130.44261169433594,0,1,0,0,0,2956.json,NotBuggy
5,0.8150338530540466,0.6815070146804385,0,0,0,1,1.96,0,1,28.0,119.75839233398438,0,1,1,0,0,273.json,NotBuggy
21,0.004622289910912514,7.579250776840351E-7,6,4,10,5,4.93,3,8,135.0,85.82872009277344,0,4,4,0,0,937.json,NotBuggy
9,0.07732048630714417,0.019080197415999554,1,2,3,3,2.95,2,3,63.0,104.84944152832031,0,2,0,0,0,2858.json,NotBuggy
18,0.3344162702560425,9.837669620680399E-4,8,5,13,5,2.98,2,2,99.0,90.5106201171875,0,1,5,0,0,655.json,NotBuggy
11,0.18432700634002686,0.05994423035907649,4,3,7,4,4.85,3,1,65.0,101.20606231689453,0,2,1,0,0,83.json,NotBuggy
3,0.472660094499588,0.8280335278331223,0,0,0,1,1.89,0,0,17.0,131.28770446777344,0,1,0,0,0,512.json,NotBuggy
17,0.11733186990022659,3.167704469305862E-4,5,4,9,5,2.99,2,3,99.0,91.29544830322266,0,4,3,0,0,1684.json,NotBuggy
40,0.0,2.676448812261289E-9,13,8,21,9,9.19,5,15,211.0,72.10466766357422,1,3,7,0,0,176.json,Buggy
3,0.01477577444165945,0.4697192630583908,0,0,0,1,1.89,0,1,26.0,128.41912841796875,0,2,0,0,0,2873.json,NotBuggy
3,0.06490880995988846,0.5834996195801511,0,0,0,1,1.89,0,2,25.0,128.8092498779297,0,2,0,0,0,605.json,NotBuggy
23,0.40404030680656433,0.0016037032607765602,5,3,8,4,4.57,2,4,107.0,86.04187774658203,0,3,1,0,0,1154.json,NotBuggy
3,0.7966865301132202,0.7152500045536657,0,0,0,1,1.89,0,1,20.0,130.07347106933594,0,1,0,0,0,1674.json,NotBuggy
11,0.04233899712562561,0.049742303234786255,3,3,6,4,3.95,2,4,67.0,101.0983657836914,0,1,2,0,0,612.json,NotBuggy
12,0.009078591130673885,0.00335373985421295,2,1,3,4,3.96,2,7,82.0,98.2888412475586,0,1,1,0,0,136.json,NotBuggy
5,0.016061393544077873,0.38460077436261075,0,0,0,1,1.96,0,1,35.0,118.43518829345703,0,0,1,0,0,534.json,NotBuggy
4,0.44630196690559387,0.04925025398981796,2,2,4,3,2.0,0,3,46.0,119.8952865600586,0,1,1,0,0,253.json,NotBuggy
4,0.40244677662849426,0.6356357852598825,0,0,0,1,2.0,0,2,23.0,124.58238983154297,0,1,0,0,0,3033.json,NotBuggy
37,0.0,1.3880369028161833E-7,7,11,18,10,8.0,3,3,185.0,74.23108673095703,0,4,2,0,0,2348.json,NotBuggy
3,2.2027903469279408E-4,0.13819268893732975,0,0,0,1,1.89,0,3,37.0,126.50045013427734,0,3,0,0,0,1757.json,NotBuggy
3,0.8420180082321167,0.9452373474571263,0,0,0,1,1.89,0,0,12.0,133.59722900390625,0,0,0,0,0,1198.json,NotBuggy
3,0.8878287672996521,0.9164999118736761,0,0,0,1,1.89,0,1,17.0,131.60067749023438,0,0,0,0,0,278.json,NotBuggy
3,0.9344409704208374,0.9634257595778639,0,0,0,1,1.89,0,0,12.0,133.59722900390625,0,0,0,0,0,323.json,NotBuggy
6,0.029460452497005463,0.4980877359258068,1,1,2,2,2.75,1,1,36.0,115.03083801269531,0,2,0,0,0,2351.json,NotBuggy
21,0.01930055022239685,0.00794725650639521,5,4,9,6,4.34,3,3,95.0,87.96084594726562,0,3,1,0,0,114.json,NotBuggy
14,0.14115658402442932,0.0021049209062185665,4,3,7,5,2.7,1,2,83.0,95.5764389038086,0,1,1,0,0,1354.json,NotBuggy
3,0.7246872186660767,0.7460028172851698,0,0,0,1,1.89,0,2,22.0,129.94700622558594,0,1,0,0,0,230.json,NotBuggy
9,0.160219207406044,0.6312777067544644,1,1,2,2,4.66,1,4,43.0,107.53836059570312,0,0,0,0,0,1998.json,Buggy
4,0.0,0.08213504940952172,0,0,0,1,3.32,0,1,45.0,120.82212829589844,0,6,0,0,0,730.json,NotBuggy
3,0.9289069771766663,0.9693840882055901,0,0,0,1,1.89,0,0,12.0,133.59722900390625,0,0,0,0,0,1490.json,NotBuggy
3,0.9578678011894226,0.9887590553862605,0,0,0,1,1.89,0,0,13.0,132.9956512451172,0,0,0,0,0,1114.json,NotBuggy
37,0.0,6.3286875327945464E-21,8,16,24,17,6.42,9,19,335.0,69.18938446044922,0,9,6,0,0,2736.json,Buggy
3,0.07329510152339935,0.6014018808394284,0,0,0,1,1.89,0,1,23.0,129.2428436279297,0,3,0,0,0,991.json,NotBuggy
6,0.3424505293369293,0.8773116124241871,1,1,2,2,2.75,1,0,28.0,116.7609634399414,0,1,0,0,0,1177.json,NotBuggy
11,1.3486701936926693E-4,4.937306191318489E-4,2,2,4,3,2.41,2,4,90.0,99.8458480834961,0,2,1,0,0,2098.json,NotBuggy
11,0.05393350496888161,0.08969552462205889,3,2,5,3,2.67,2,6,70.0,101.2071533203125,0,4,0,0,0,1095.json,NotBuggy
6,0.03708162531256676,0.4672238759093613,1,1,2,2,2.75,1,1,37.0,114.96261596679688,0,3,0,0,0,2388.json,NotBuggy
6,0.7542864680290222,0.8855070556897296,1,1,2,2,2.75,1,1,27.0,117.05393981933594,0,1,0,0,0,1718.json,NotBuggy
10,0.1383572667837143,0.005585926983467069,3,2,5,3,4.45,1,0,74.0,102.3057632446289,0,4,2,0,0,2393.json,NotBuggy
3,0.022729873657226562,0.292695405017856,0,0,0,1,1.89,0,1,30.0,127.76480865478516,0,2,0,0,0,2651.json,NotBuggy
3,0.0,0.19529819516370406,0,0,0,1,1.89,0,1,35.0,126.87342071533203,0,3,0,0,0,1592.json,NotBuggy
13,0.009487614966928959,3.197436955891489E-4,7,3,10,4,2.99,2,5,93.0,96.26475524902344,0,2,3,0,0,2555.json,NotBuggy
13,0.10764844715595245,2.5017233480956175E-4,4,4,8,5,2.65,2,1,93.0,96.1075668334961,0,2,3,0,0,2425.json,NotBuggy
3,0.009510289877653122,0.212160001000765,0,0,0,1,1.89,0,2,34.0,127.11396026611328,0,2,0,0,0,2280.json,NotBuggy
29,0.008930535987019539,3.528235005134909E-7,6,8,14,8,2.66,3,10,157.0,79.24149322509766,0,3,6,0,0,1716.json,NotBuggy
24,0.0279429629445076,8.33759957046951E-7,13,9,22,7,7.07,5,6,151.0,82.9894790649414,0,2,7,0,0,1649.json,NotBuggy
6,0.03812650963664055,0.47703024732444843,1,1,2,2,2.75,1,1,37.0,114.96261596679688,0,3,0,0,0,2392.json,NotBuggy
3,0.20616599917411804,0.859758933752518,0,0,0,1,1.89,0,0,17.0,131.28770446777344,0,1,0,0,0,1175.json,NotBuggy
5,0.0073906066827476025,0.07238687554637846,3,2,5,2,2.75,1,1,43.0,116.86105346679688,1,3,0,0,0,1400.json,NotBuggy
3,0.0036662709899246693,0.38915427096180827,0,0,0,1,1.89,0,1,27.0,128.22288513183594,0,3,0,0,0,1008.json,NotBuggy
3,6.246177363209426E-4,0.4231264091453673,0,0,0,1,1.89,0,3,26.0,128.41912841796875,0,0,0,0,0,930.json,NotBuggy
14,1.2751967005897313E-4,1.6120510367852084E-5,2,2,4,3,2.72,1,7,113.0,94.39238739013672,0,2,2,0,0,2084.json,Buggy
10,0.4455132484436035,0.6713603136156554,1,1,2,3,2.8,1,1,42.0,105.65377044677734,0,2,0,0,0,1915.json,NotBuggy
11,0.2667098343372345,0.667404165149508,2,2,4,3,2.67,2,3,47.0,103.39551544189453,0,0,0,0,0,2794.json,NotBuggy
13,0.18250641226768494,9.821736844476736E-5,1,2,3,3,2.22,1,5,103.0,95.99949645996094,0,2,3,0,0,2289.json,NotBuggy
24,0.021593449637293816,1.0513550064222825E-8,4,4,8,5,3.77,2,12,162.0,82.83419036865234,0,1,7,0,0,2664.json,NotBuggy
7,0.7960683107376099,0.8359075760321563,2,2,4,2,3.02,1,2,29.0,113.98487091064453,0,0,0,0,0,1495.json,NotBuggy
11,0.5532273650169373,0.2343025959340901,0,0,0,3,2.98,1,5,56.0,102.36750030517578,0,0,0,0,0,1500.json,NotBuggy
10,0.5496510863304138,0.8055375952524058,3,2,5,4,5.08,3,1,41.0,105.54907989501953,0,1,1,0,0,2445.json,NotBuggy
6,0.2514320909976959,0.6335635907860475,1,1,2,2,2.75,1,2,34.0,115.65497589111328,0,2,0,0,0,2466.json,NotBuggy
31,0.002811726415529847,2.087650014081153E-5,5,7,12,8,2.39,1,8,155.0,78.72113037109375,0,4,2,0,0,1726.json,NotBuggy
15,0.010226531885564327,3.4252385943734867E-4,2,3,5,4,2.72,1,5,98.0,93.78528594970703,0,2,2,0,0,599.json,NotBuggy
7,0.6124178171157837,0.7326260551720241,2,1,3,2,2.56,1,5,37.0,112.81441497802734,0,0,0,0,0,1104.json,NotBuggy
3,0.9578678011894226,0.9887590553862605,0,0,0,1,1.89,0,0,13.0,132.9956512451172,0,0,0,0,0,1111.json,NotBuggy
3,0.45573925971984863,0.9346692236360761,0,0,0,1,1.89,0,0,12.0,133.59722900390625,0,0,0,0,0,1063.json,NotBuggy
5,0.9269976019859314,0.9406289024496588,0,0,0,1,1.96,0,0,20.0,122.167236328125,0,0,1,0,0,209.json,NotBuggy
3,4.90275037009269E-4,0.14921066531542004,0,0,0,1,1.89,0,1,34.0,126.94014739990234,0,3,0,0,0,2231.json,NotBuggy
3,0.7380015850067139,0.9657237736427315,0,0,0,1,1.89,0,0,12.0,133.59722900390625,0,0,0,0,0,27.json,NotBuggy
11,0.3492873013019562,0.22100375865992025,4,4,8,4,3.45,2,4,57.0,102.10253143310547,0,1,1,0,0,397.json,NotBuggy
6,0.045494504272937775,0.7402713420515422,1,1,2,2,2.75,1,0,28.0,116.7609634399414,0,1,0,0,0,1201.json,NotBuggy
6,0.553077220916748,0.7425832025015138,1,1,2,2,2.75,1,1,31.0,116.04551696777344,0,2,0,0,0,1820.json,NotBuggy
6,0.37849923968315125,0.8284854211820316,1,1,2,2,2.75,1,0,28.0,116.7609634399414,0,1,0,0,0,1076.json,NotBuggy
4,0.004340972285717726,0.028847312317042895,1,1,2,2,2.0,0,2,46.0,119.953857421875,0,3,1,0,0,2741.json,NotBuggy
3,0.9602164030075073,0.9890737132228224,0,0,0,1,1.89,0,0,13.0,132.9956512451172,0,0,0,0,0,1113.json,NotBuggy
4,0.8402578234672546,0.9624281260370036,0,0,0,1,2.0,0,0,15.0,127.59107971191406,0,0,0,0,0,348.json,NotBuggy
3,0.014248078688979149,0.4258027638180693,0,0,0,1,1.89,0,1,26.0,128.41912841796875,0,2,0,0,0,2875.json,NotBuggy
3,5.876200157217681E-4,0.5037588119116488,0,0,0,1,1.89,0,1,27.0,128.4090576171875,0,2,0,0,0,412.json,NotBuggy
6,0.022898925468325615,0.4632610894779412,1,1,2,2,2.75,1,1,37.0,114.88836669921875,0,2,0,0,0,1695.json,NotBuggy
3,0.03848655894398689,0.5564179701187293,0,0,0,1,1.89,0,1,25.0,128.8092498779297,0,2,0,0,0,1778.json,NotBuggy
3,0.9389601945877075,0.754909081150022,1,1,2,2,1.89,0,0,22.0,129.24398803710938,0,1,0,0,0,1325.json,NotBuggy
3,0.02372836321592331,0.5981565208599104,0,0,0,1,1.89,0,1,24.0,129.0215301513672,0,2,0,0,0,1379.json,NotBuggy
15,0.059830643236637115,0.0011086754092293613,4,3,7,4,2.72,1,1,89.0,94.17513275146484,0,3,3,0,0,2324.json,NotBuggy
3,0.5242852568626404,0.4163534426248345,0,0,0,1,1.89,0,1,27.0,128.1388702392578,0,1,0,0,0,35.json,NotBuggy
10,0.006704134400933981,0.008767979808374704,2,2,4,3,3.6,2,4,69.0,102.57572174072266,0,3,1,0,0,1016.json,NotBuggy
13,0.1500099152326584,0.013912250860856146,0,0,0,3,3.69,2,4,88.0,97.06062316894531,1,1,3,0,0,2019.json,NotBuggy
10,0.7323638200759888,0.8320125850564143,2,2,4,3,2.53,1,2,44.0,105.63507843017578,0,1,1,0,0,424.json,NotBuggy
6,0.3536974787712097,0.6696758905173159,1,1,2,2,2.75,1,2,34.0,115.32806396484375,0,1,0,0,0,1281.json,NotBuggy
3,0.8699891567230225,0.8656205483872562,0,0,0,1,1.89,0,0,18.0,130.7338104248047,0,1,0,0,0,1418.json,NotBuggy
3,0.6295152902603149,0.9214877901812624,0,0,0,1,1.89,0,1,15.0,132.25152587890625,0,0,0,0,0,312.json,NotBuggy
3,0.40667346119880676,0.6641582302917589,0,0,0,1,1.89,0,0,20.0,130.07347106933594,0,2,0,0,0,384.json,NotBuggy
30,0.0,6.941913425172199E-17,9,9,18,10,2.24,1,19,285.0,75.3814697265625,0,3,0,0,0,2707.json,NotBuggy
3,0.48447489738464355,0.9100853437276227,0,0,0,1,1.89,0,1,15.0,132.25152587890625,0,0,0,0,0,2919.json,NotBuggy
4,0.0,0.03433059825586636,0,0,0,1,6.56,0,1,42.0,120.82833862304688,0,3,0,0,0,158.json,NotBuggy
3,0.7521935701370239,0.8126726325792727,0,0,0,1,1.89,0,1,19.0,130.45266723632812,0,1,0,0,0,1511.json,NotBuggy
3,0.013139423914253712,0.7514550157550174,0,0,0,1,2.0,0,1,24.0,129.12539672851562,0,2,0,0,0,2941.json,NotBuggy
3,0.8095179200172424,0.745700090694766,1,1,2,2,1.89,0,1,22.0,129.4603271484375,0,0,0,0,0,286.json,NotBuggy
3,0.3789803981781006,0.7644787266176277,0,0,0,1,1.89,0,1,19.0,130.45266723632812,0,1,0,0,0,2560.json,NotBuggy
14,1.2751967005897313E-4,1.6120510367852084E-5,2,2,4,3,2.72,1,7,113.0,94.39238739013672,0,2,2,0,0,2076.json,Buggy
6,0.8179532885551453,0.7609040254881947,2,2,4,2,2.75,1,0,29.0,116.22944641113281,0,1,0,0,0,2188.json,NotBuggy
3,0.3823299705982208,0.8652505840025398,0,0,0,1,1.89,0,0,17.0,131.28770446777344,0,1,0,0,0,1048.json,NotBuggy
3,0.8927071690559387,0.9406115911625845,0,0,0,1,1.89,0,1,13.0,133.18099975585938,0,0,0,0,0,488.json,Buggy
9,0.011304411105811596,0.08810084993149196,5,3,8,3,2.67,1,6,58.0,105.7522964477539,0,2,0,0,0,1734.json,NotBuggy
4,0.3462534248828888,0.7888276905651793,0,0,0,1,1.73,0,1,20.0,125.5254898071289,0,1,0,0,0,2678.json,NotBuggy
4,0.005294340662658215,0.38263915799042353,0,0,0,1,4.9,0,4,29.0,123.19084167480469,0,0,0,0,0,1539.json,NotBuggy
12,0.10102591663599014,0.07308235892402662,6,3,9,4,3.2,2,3,66.0,99.76697540283203,0,2,2,0,0,1617.json,NotBuggy
3,0.012431835755705833,0.46857126243480024,0,0,0,1,1.89,0,1,26.0,128.50894165039062,0,2,0,0,0,2854.json,NotBuggy
10,0.1407461315393448,0.0015857928609309,3,2,5,3,3.6,2,3,76.0,101.98648834228516,0,1,3,0,0,910.json,NotBuggy
11,0.09963015466928482,0.007785778509983974,3,3,6,4,3.45,2,4,71.0,100.56633758544922,0,2,1,0,0,1570.json,NotBuggy
3,0.44075873494148254,0.7867432992265622,0,0,0,1,1.89,0,1,19.0,130.57513427734375,0,1,0,0,0,941.json,NotBuggy
3,0.8542224168777466,0.8776150747339644,0,0,0,1,1.89,0,0,16.0,131.46876525878906,0,1,0,0,0,239.json,NotBuggy
26,0.05742030590772629,4.236191238213919E-8,0,0,0,2,9.48,3,15,174.0,81.7391586303711,0,1,3,0,0,2703.json,NotBuggy
5,0.03730560466647148,0.3263210842964281,0,0,0,2,2.99,1,1,35.0,118.06082916259766,0,2,1,0,0,2073.json,NotBuggy
3,0.7599909901618958,0.7317364785611321,0,0,0,1,1.89,0,1,20.0,130.18594360351562,0,1,0,0,0,1542.json,NotBuggy
3,0.9664670825004578,0.7553329011561732,0,0,0,1,1.89,0,0,22.0,129.69032287597656,0,1,0,0,0,2622.json,NotBuggy
4,0.06296573579311371,0.5861019368343288,0,0,0,1,2.0,0,1,27.0,123.74861145019531,0,2,0,0,0,2690.json,NotBuggy
5,0.9300525784492493,0.9403885303377975,0,0,0,1,1.96,0,0,20.0,122.167236328125,0,0,1,0,0,261.json,NotBuggy
26,0.0,1.979101205137118E-13,1,2,3,3,1.57,2,13,230.0,80.36390686035156,0,1,5,0,0,2732.json,Buggy
3,0.9550656080245972,0.9688004744670051,0,0,0,1,1.89,0,0,13.0,132.9956512451172,0,0,0,0,0,530.json,NotBuggy
8,0.16053660213947296,0.3701425390358614,2,2,4,2,2.83,1,4,45.0,109.21004486083984,0,1,0,0,0,1519.json,NotBuggy
5,0.034006375819444656,0.1303410395594442,3,2,5,2,2.75,1,1,42.0,116.92352294921875,1,4,0,0,0,1395.json,NotBuggy
3,0.3159468173980713,0.5361650299760506,0,0,0,1,1.89,0,2,28.0,128.3238067626953,0,0,0,0,0,2829.json,NotBuggy
16,7.632853230461478E-4,5.974647548410405E-8,10,6,16,4,4.69,3,14,144.0,90.40498352050781,0,3,2,0,0,425.json,Buggy
3,0.9063408374786377,0.9650341474705374,0,0,0,1,1.89,0,0,12.0,133.59722900390625,0,0,0,0,0,1489.json,NotBuggy
10,0.3368183672428131,0.5690060502104152,4,2,6,3,2.8,2,3,51.0,104.95137786865234,0,2,0,0,0,2011.json,NotBuggy
3,0.794790506362915,0.6760209197892327,0,0,0,1,1.89,0,1,20.0,130.18594360351562,0,1,0,0,0,1546.json,NotBuggy
16,0.003180783474817872,2.706704568870301E-6,6,4,10,4,2.51,1,15,132.0,90.91651153564453,0,3,1,0,0,1540.json,NotBuggy
3,0.9315172433853149,0.9141703582000251,0,0,0,1,1.89,0,0,14.0,132.4454345703125,0,1,0,0,0,3017.json,NotBuggy
3,0.06583162397146225,0.6162866652059258,0,0,0,1,1.89,0,1,23.0,129.2428436279297,0,3,0,0,0,993.json,NotBuggy
3,0.6744489073753357,0.7703311543116467,0,0,0,1,1.89,0,1,19.0,130.45266723632812,0,1,0,0,0,355.json,NotBuggy
7,0.19209150969982147,0.154776679187371,1,1,2,2,2.56,1,3,47.0,110.94767761230469,0,2,1,0,0,2305.json,NotBuggy
3,0.04420968145132065,0.6445420004224451,0,0,0,1,1.89,0,1,24.0,129.12539672851562,0,2,0,0,0,1786.json,NotBuggy
3,0.5340654850006104,0.3419937874578131,0,0,0,1,1.89,0,1,31.0,127.690673828125,0,0,0,0,0,2778.json,NotBuggy
12,0.6642253994941711,0.9304743216418042,2,2,4,3,2.56,1,2,44.0,102.95165252685547,0,0,1,0,0,2626.json,NotBuggy
6,0.45854124426841736,0.622568288034328,1,1,2,2,2.75,1,2,32.0,115.97023010253906,0,2,0,0,0,753.json,NotBuggy
3,0.3976499140262604,0.21024342008245575,0,1,1,2,1.89,0,2,29.0,127.62129211425781,0,0,0,0,0,2538.json,NotBuggy
15,0.060488149523735046,0.001063528939153577,4,3,7,4,2.72,1,1,89.0,94.17513275146484,0,3,3,0,0,2322.json,NotBuggy
3,0.4302387833595276,0.8500067948474966,0,0,0,1,1.89,0,2,17.0,131.43582153320312,0,0,0,0,0,2640.json,NotBuggy
12,0.12532109022140503,0.006012664365011373,3,3,6,4,2.56,2,1,77.0,98.86764526367188,0,1,2,0,0,2422.json,NotBuggy
5,0.0017112731002271175,0.04360215755865486,1,1,2,2,2.99,1,2,48.0,116.1720962524414,0,2,1,0,0,2370.json,NotBuggy
3,0.004249304533004761,0.30276329107214695,0,0,0,1,1.89,0,2,30.0,127.76480865478516,0,3,0,0,0,597.json,NotBuggy
4,0.050916433334350586,0.6278696235161361,0,0,0,1,2.0,0,1,26.0,123.8484878540039,0,1,0,0,0,859.json,NotBuggy
49,0.0,4.975724404358799E-5,11,8,19,15,4.49,4,13,236.0,67.09163665771484,0,3,11,0,0,48.json,NotBuggy
8,0.16266494989395142,0.08326272362997479,1,1,2,2,2.4,1,2,50.0,108.29129028320312,0,2,1,0,0,2866.json,NotBuggy
20,0.0,3.118407364581812E-8,5,7,12,6,2.29,1,4,163.0,85.90808868408203,0,3,1,0,0,2181.json,NotBuggy
6,0.22266632318496704,0.8280296993533891,1,1,2,2,2.75,1,0,28.0,116.7609634399414,0,1,0,0,0,1197.json,NotBuggy
6,0.11318037658929825,0.7037815682265111,1,1,2,2,2.75,1,0,28.0,116.7609634399414,0,1,0,0,0,1080.json,NotBuggy
16,0.006669171154499054,4.699075617770911E-6,7,4,11,3,2.0,1,12,130.0,91.4251480102539,0,3,4,0,0,1590.json,NotBuggy
10,0.1572256237268448,0.005162887347516198,3,2,5,3,4.45,1,0,74.0,102.3057632446289,0,4,2,0,0,2391.json,NotBuggy
3,0.18089206516742706,0.8360992685750014,0,0,0,1,1.89,0,0,17.0,131.28770446777344,0,1,0,0,0,1169.json,NotBuggy
3,0.5982680320739746,0.715676172971676,0,0,0,1,1.89,0,1,21.0,129.93223571777344,0,1,0,0,0,2361.json,NotBuggy
11,0.12020009756088257,0.009120143349622493,3,3,6,3,2.67,1,3,74.0,100.76173400878906,0,3,1,0,0,1527.json,NotBuggy
15,0.0010610779281705618,1.1020292920663351E-4,4,3,7,3,2.61,1,6,101.0,93.7832260131836,0,5,2,0,0,938.json,NotBuggy
11,0.03861749917268753,0.03087756272176606,2,1,3,2,3.0,1,1,65.0,101.61820220947266,0,2,4,0,0,147.json,Buggy
20,0.006874895188957453,1.35617670052569E-4,7,7,14,7,2.86,2,7,120.0,87.54913330078125,0,3,1,0,0,1711.json,NotBuggy
9,0.07732048630714417,0.019476982094229933,1,2,3,3,2.95,2,3,63.0,104.84944152832031,0,2,0,0,0,2862.json,NotBuggy
14,0.4709280729293823,0.0036585023000729683,4,4,8,5,3.0,2,0,90.0,95.04052734375,0,1,2,0,0,1942.json,NotBuggy
5,0.8359060287475586,0.8251432055558291,0,0,0,1,1.96,0,0,25.0,120.53388214111328,0,1,1,0,0,303.json,NotBuggy
3,0.026281381025910378,0.5255159063988067,0,0,0,1,1.89,0,0,26.0,128.70916748046875,0,2,0,0,0,458.json,NotBuggy
18,0.004913342650979757,0.0036260306165132976,3,4,7,5,3.73,2,0,98.0,90.86292266845703,0,1,0,0,0,2623.json,NotBuggy
18,0.11948521435260773,1.2096023924935127E-4,8,5,13,5,2.98,2,1,112.0,89.63280487060547,0,2,4,0,0,2223.json,NotBuggy
7,0.002746787155047059,0.06444096618929292,3,1,4,2,2.8,1,2,49.0,110.61402893066406,0,4,0,0,0,1387.json,NotBuggy
7,0.8783064484596252,0.8075599753633872,1,1,2,2,2.56,1,0,33.0,113.31297302246094,0,2,0,0,0,1226.json,NotBuggy
3,0.9344409704208374,0.9634257595778639,0,0,0,1,1.89,0,0,12.0,133.59722900390625,0,0,0,0,0,208.json,NotBuggy
3,0.8087856769561768,0.8851999694462289,0,0,0,1,1.89,0,1,15.0,132.086669921875,0,0,0,0,0,1416.json,NotBuggy
6,0.10052069276571274,0.23105921637830384,1,1,2,2,3.27,1,4,39.0,114.61461639404297,0,2,0,0,0,1031.json,NotBuggy
20,0.03754911944270134,1.6090363389376818E-6,7,5,12,6,4.17,3,9,134.0,86.76338958740234,0,1,6,0,0,765.json,NotBuggy
3,0.9602164030075073,0.9890737132228224,0,0,0,1,1.89,0,0,13.0,132.9956512451172,0,0,0,0,0,1125.json,NotBuggy
3,0.02249026857316494,0.6210128427644509,0,0,0,1,1.89,0,1,24.0,129.12539672851562,0,2,0,0,0,1384.json,NotBuggy
3,0.0,0.5105009289804818,0,0,0,1,1.89,0,4,27.0,128.4090576171875,0,1,0,0,0,2507.json,NotBuggy
3,0.9429437518119812,0.9599550195229977,0,0,0,1,1.89,0,0,12.0,133.59722900390625,0,0,0,0,0,3015.json,NotBuggy
3,0.2507210373878479,0.9354072501071226,0,0,0,1,1.89,0,0,12.0,133.59722900390625,0,0,0,0,0,1069.json,NotBuggy
4,0.8358075618743896,0.5763756178603398,0,0,0,1,4.9,0,3,28.0,123.46312713623047,0,1,0,0,0,143.json,NotBuggy
3,0.8828571438789368,0.6883493594069768,0,0,0,1,1.89,0,0,20.0,130.18594360351562,0,1,0,0,0,931.json,NotBuggy
3,0.9190999865531921,0.966541320202139,0,0,0,1,1.89,0,0,12.0,133.59722900390625,0,0,0,0,0,3029.json,NotBuggy
8,0.0019875080324709415,0.003870077763585705,1,1,2,2,2.67,1,3,66.0,106.484375,0,4,1,0,0,132.json,NotBuggy
46,0.0,3.4113904959719143E-16,1,22,23,24,2.58,2,0,307.0,64.70437622070312,0,1,0,0,0,2558.json,NotBuggy
4,0.004194844979792833,0.16834591226032394,0,0,0,1,2.0,0,1,36.0,121.75926971435547,0,3,0,0,0,869.json,NotBuggy
12,0.1372329145669937,0.004890576233332493,3,3,6,4,2.56,2,1,77.0,98.8216781616211,0,1,2,0,0,2424.json,NotBuggy
7,0.4807259440422058,0.10176349165445604,3,3,6,4,2.56,1,0,51.0,110.06295013427734,0,2,0,0,0,822.json,NotBuggy
12,0.1372329145669937,0.0050883478803557,3,3,6,4,2.56,2,1,77.0,98.8216781616211,0,1,2,0,0,2414.json,NotBuggy
5,0.8984946012496948,0.8836788250942895,0,0,0,1,1.96,0,2,24.0,121.08496856689453,0,1,1,0,0,2522.json,NotBuggy
14,1.2751967005897313E-4,1.6120510367852084E-5,2,2,4,3,2.72,1,7,113.0,94.39238739013672,0,2,2,0,0,2082.json,Buggy
3,0.683078408241272,0.9214405532028513,0,0,0,1,1.89,0,0,16.0,131.60296630859375,0,0,0,0,0,246.json,NotBuggy
7,0.27998268604278564,0.3237768523578945,3,4,7,4,3.02,1,1,46.0,110.66248321533203,0,2,0,0,0,1845.json,NotBuggy
3,0.352357417345047,0.9507516139470114,0,0,0,1,1.89,0,0,12.0,133.59722900390625,0,0,0,0,0,1491.json,NotBuggy
3,0.6677348017692566,0.771516920324871,0,0,0,1,1.89,0,1,19.0,130.45266723632812,0,1,0,0,0,214.json,NotBuggy
3,0.7170928120613098,0.9402704146603093,0,0,0,1,1.89,0,1,15.0,132.25152587890625,0,0,0,0,0,23.json,NotBuggy
3,0.21771159768104553,0.9370178871057162,0,0,0,1,1.89,0,0,12.0,133.59722900390625,0,0,0,0,0,2972.json,NotBuggy
6,0.7222992181777954,0.7981454708530643,1,1,2,2,2.75,1,2,29.0,116.5784912109375,0,1,0,0,0,2470.json,NotBuggy
3,0.2664269506931305,0.8412976580218277,0,0,0,1,1.89,0,0,17.0,131.28770446777344,0,1,0,0,0,1044.json,NotBuggy
3,0.10257332026958466,0.701336960058436,0,0,0,1,1.89,0,0,20.0,130.07347106933594,0,2,0,0,0,383.json,NotBuggy
6,0.029460452497005463,0.4999602453749599,1,1,2,2,2.75,1,1,36.0,115.03083801269531,0,2,0,0,0,2341.json,NotBuggy
3,0.8963157534599304,0.5849762470391636,1,1,2,2,1.89,0,1,25.0,128.48287963867188,0,1,0,0,0,461.json,NotBuggy
1,0.7711867690086365,0.5678989534368399,0,0,0,1,0.0,0,1,17.0,148.95103454589844,0,0,0,0,0,436.json,NotBuggy
7,0.7740472555160522,0.9113013999114342,1,1,2,2,2.56,1,0,27.0,114.55669403076172,0,1,0,0,0,1219.json,NotBuggy
3,0.6715627312660217,0.6668169787145982,0,0,0,1,1.89,0,0,21.0,129.81976318359375,0,1,0,0,0,1505.json,NotBuggy
3,0.03643602877855301,0.6444977643142021,0,0,0,1,1.89,0,1,24.0,129.12539672851562,0,2,0,0,0,2948.json,NotBuggy
4,0.18699055910110474,0.47852172469608956,0,0,0,1,1.73,0,0,31.0,123.13409423828125,0,1,0,0,0,2012.json,NotBuggy
3,0.7012785077095032,0.7605778475910504,0,0,0,1,1.89,0,0,17.0,131.28770446777344,0,1,0,0,0,386.json,NotBuggy
6,0.34289348125457764,0.6233592694457334,1,1,2,2,2.75,1,2,33.0,115.81021118164062,0,2,0,0,0,1608.json,NotBuggy
4,0.8441058993339539,0.9546675650995342,0,0,0,1,2.0,0,0,15.0,127.59107971191406,0,0,0,0,0,236.json,NotBuggy
6,0.022261712700128555,0.46974554148350395,1,1,2,2,2.75,1,1,37.0,114.88836669921875,0,2,0,0,0,1687.json,NotBuggy
9,0.023056762292981148,0.6449660133925967,0,0,0,1,1.66,0,6,42.0,108.31401062011719,0,0,1,0,0,2493.json,NotBuggy
3,0.010130340233445168,0.5381584022036906,0,0,0,1,1.89,0,1,26.0,128.50894165039062,0,2,0,0,0,2844.json,NotBuggy
3,0.9070575833320618,0.9774859681632172,0,0,0,1,1.89,0,0,12.0,133.59722900390625,0,0,0,0,0,3052.json,NotBuggy
7,0.6587029695510864,0.8480194661257311,1,1,2,2,3.02,1,1,31.0,113.54827117919922,0,1,0,0,0,2133.json,NotBuggy
5,0.0,7.353153273304468E-4,0,0,0,1,1.96,0,4,67.0,114.46363067626953,0,5,1,0,0,2026.json,NotBuggy
4,0.04820077866315842,0.6288341610589252,0,0,0,1,2.0,0,1,26.0,123.8484878540039,0,1,0,0,0,851.json,NotBuggy
4,0.943228006362915,0.8061920297924146,0,0,0,1,2.0,0,0,22.0,124.81353759765625,0,1,0,0,0,954.json,NotBuggy
3,0.8851844668388367,0.6449252827365638,0,0,0,1,1.89,0,0,22.0,129.47398376464844,0,1,0,0,0,2198.json,NotBuggy
3,0.5709323287010193,0.7971263335163058,0,0,0,1,1.89,0,0,21.0,130.05470275878906,0,0,0,0,0,340.json,NotBuggy
4,0.42663565278053284,0.722339679756449,0,0,0,1,2.0,0,1,27.0,123.74861145019531,0,2,0,0,0,2634.json,NotBuggy
4,0.0502270944416523,0.623268478044034,0,0,0,1,2.0,0,1,26.0,123.8484878540039,0,1,0,0,0,863.json,NotBuggy
18,7.417792803607881E-4,6.90321144632718E-5,4,6,10,5,2.6,1,6,111.0,89.8786849975586,0,3,1,0,0,550.json,NotBuggy
4,0.2510146200656891,0.700784462326838,0,0,0,1,2.0,0,0,23.0,124.58238983154297,0,1,0,0,0,1210.json,NotBuggy
3,0.9578678011894226,0.9887590553862605,0,0,0,1,1.89,0,0,13.0,132.9956512451172,0,0,0,0,0,1159.json,NotBuggy
3,0.9329994320869446,0.9670741135246531,0,0,0,1,1.89,0,0,12.0,133.59722900390625,0,0,0,0,0,2512.json,NotBuggy
14,0.008023451082408428,5.64440617370753E-4,6,4,10,4,2.37,1,9,92.0,95.31214904785156,0,2,1,0,0,1824.json,NotBuggy
5,0.673042356967926,0.5517995170963829,2,1,3,2,2.99,1,1,29.0,119.26190948486328,0,1,0,0,0,1373.json,NotBuggy
4,0.9600479006767273,0.21862599802802313,1,1,2,2,2.0,0,1,35.0,121.6757583618164,0,1,1,0,0,63.json,NotBuggy
8,0.3230651021003723,0.03683571509120669,1,2,3,2,2.83,1,0,53.0,107.79248809814453,0,2,1,0,0,1988.json,NotBuggy
9,0.061184871941804886,0.31337092984175463,5,3,8,3,2.67,1,5,51.0,106.57421112060547,0,2,0,0,0,1738.json,NotBuggy
3,0.06503307819366455,0.7585046304314389,0,0,0,1,1.89,0,1,22.0,129.69032287597656,0,2,0,0,0,2802.json,NotBuggy
5,0.0017112731002271175,0.04330198260834144,1,1,2,2,2.99,1,2,48.0,116.1720962524414,0,2,1,0,0,2360.json,NotBuggy
18,0.015152724459767342,0.0013396360911102996,5,4,9,5,2.27,1,1,95.0,90.843994140625,0,3,2,0,0,2376.json,NotBuggy
19,0.006153155583888292,7.513957480622447E-6,7,10,17,8,2.78,1,1,126.0,87.61787414550781,0,2,2,0,0,835.json,NotBuggy
11,1.0649288742570207E-4,5.400784449364991E-4,2,2,4,3,2.41,2,4,90.0,99.8458480834961,0,2,1,0,0,2100.json,NotBuggy
4,0.14111995697021484,0.5892868593135141,0,0,0,1,2.0,0,3,27.0,123.74861145019531,0,0,0,0,0,1463.json,NotBuggy
5,0.0016420406755059958,0.04003019761498318,1,1,2,2,2.99,1,2,48.0,116.1720962524414,0,2,1,0,0,2372.json,NotBuggy
3,0.06503307819366455,0.7585046304314389,0,0,0,1,1.89,0,1,22.0,129.69032287597656,0,2,0,0,0,2808.json,NotBuggy
3,0.7136875987052917,0.7005503265026232,0,0,0,1,1.89,0,0,21.0,129.81976318359375,0,1,0,0,0,2472.json,NotBuggy
8,0.031439900398254395,0.0053570518483845,4,4,8,2,2.4,1,6,67.0,106.71731567382812,0,1,2,0,0,1033.json,NotBuggy
11,0.09963015466928482,0.007785778509983974,3,3,6,4,3.45,2,4,71.0,100.56633758544922,0,2,1,0,0,1571.json,NotBuggy
3,0.8270621299743652,0.945120020194454,0,0,0,1,1.89,0,1,14.0,132.61029052734375,0,0,0,0,0,1468.json,NotBuggy
6,0.640802264213562,0.7847959302323056,1,1,2,2,2.75,1,3,26.0,117.25019073486328,0,1,0,0,0,1723.json,NotBuggy
6,0.06797667592763901,0.20579568784342075,2,2,4,2,2.75,1,2,40.0,114.48296356201172,0,2,0,0,0,1705.json,NotBuggy
3,0.9502204656600952,0.9588848205751754,0,0,0,1,1.89,0,0,13.0,132.9956512451172,0,0,0,0,0,928.json,NotBuggy
3,0.34030139446258545,0.7833025834216264,0,0,0,1,1.89,0,1,19.0,130.45266723632812,0,1,0,0,0,443.json,NotBuggy
5,0.7732268571853638,0.46935124787574517,2,2,4,2,2.99,1,1,31.0,118.83625793457031,0,1,0,0,0,1367.json,NotBuggy
3,0.0028171087615191936,0.41749783896775694,0,0,0,1,1.89,0,1,28.0,128.1235809326172,0,2,0,0,0,1779.json,NotBuggy
3,0.43692103028297424,0.7634013419084181,0,0,0,1,1.89,0,0,17.0,131.1535186767578,0,0,0,0,0,1284.json,NotBuggy
3,0.18072862923145294,0.34796759401995364,0,0,0,1,1.89,0,1,31.0,127.690673828125,0,2,0,0,0,2266.json,NotBuggy
8,0.0022350524086505175,0.008575105680616289,0,0,0,2,2.83,1,5,62.0,106.93269348144531,0,1,1,0,0,2064.json,Buggy
10,0.12223164737224579,0.00774646062520961,4,4,8,3,2.53,1,5,67.0,102.72867584228516,0,2,1,0,0,2.json,NotBuggy
3,0.06503307819366455,0.7585046304314389,0,0,0,1,1.89,0,1,22.0,129.69032287597656,0,2,0,0,0,2820.json,NotBuggy
26,1.877457252703607E-4,4.106688402278431E-6,4,4,8,6,4.87,4,6,149.0,81.87390899658203,0,3,4,0,0,2729.json,NotBuggy
5,0.061054620891809464,0.16219798928784304,3,2,5,2,2.75,1,1,40.0,117.17723083496094,1,4,0,0,0,1401.json,NotBuggy
3,0.5917430520057678,0.9135768629117568,0,0,0,1,1.89,0,1,15.0,132.25152587890625,0,0,0,0,0,2893.json,NotBuggy
24,0.002942540915682912,0.005277536117654607,2,5,7,4,6.22,2,11,112.0,85.51647186279297,0,2,1,0,0,2828.json,NotBuggy
8,0.007299226243048906,0.18971672177813254,2,2,4,2,3.14,1,3,53.0,108.2890625,0,3,1,0,0,1742.json,NotBuggy
7,0.16666078567504883,0.15823706924841305,1,1,2,2,2.56,1,3,47.0,110.94767761230469,0,2,1,0,0,2304.json,NotBuggy
3,0.2078535109758377,0.7602955977507225,0,0,0,1,1.89,0,1,19.0,130.45266723632812,0,0,0,0,0,2053.json,NotBuggy
6,0.19226187467575073,0.8605579974417563,1,1,2,2,2.75,1,0,28.0,116.7609634399414,0,1,0,0,0,1183.json,NotBuggy
3,0.8108142614364624,0.7619475477887497,0,0,0,1,1.89,0,0,20.0,130.18594360351562,0,1,0,0,0,78.json,NotBuggy
3,0.0,0.12278203216301649,0,0,0,1,1.89,0,1,35.0,126.63631439208984,0,3,0,0,0,2997.json,NotBuggy
3,0.4414167106151581,0.92886376832977,0,0,0,1,1.89,0,0,12.0,133.59722900390625,0,0,0,0,0,1186.json,NotBuggy
3,0.6806105375289917,0.7466678164246593,0,0,0,1,1.89,0,2,20.0,130.18594360351562,0,1,0,0,0,711.json,NotBuggy
6,0.0929947942495346,0.16527287484462977,2,2,4,2,2.75,1,2,43.0,114.10689544677734,0,4,0,0,0,2553.json,NotBuggy
3,0.8640051484107971,0.9175371303852164,0,0,0,1,1.89,0,1,17.0,131.60067749023438,0,0,0,0,0,223.json,NotBuggy
3,0.980544924736023,0.6849408784103582,0,0,0,1,1.89,0,0,22.0,129.57785034179688,0,1,0,0,0,3026.json,NotBuggy
11,0.2667098343372345,0.667404165149508,2,2,4,3,2.67,2,3,47.0,103.39551544189453,0,0,0,0,0,2822.json,NotBuggy
3,0.0,0.47897165594680197,0,0,0,1,1.89,0,1,29.0,128.0374755859375,0,3,0,0,0,3003.json,NotBuggy
3,9.487949428148568E-4,0.14264105143245664,0,0,0,1,1.89,0,1,36.0,126.56407165527344,0,3,0,0,0,2126.json,NotBuggy
3,0.20649534463882446,0.6697950342438656,0,0,0,1,1.89,0,1,23.0,129.34671020507812,0,1,0,0,0,1362.json,NotBuggy
21,0.0,1.6944284624040276E-11,4,6,10,6,2.85,2,9,192.0,84.0153579711914,0,3,3,0,0,2090.json,NotBuggy
8,0.2603760063648224,0.018100145978092966,2,1,3,2,3.12,1,2,56.0,107.55213928222656,0,2,1,0,0,2072.json,NotBuggy
3,0.03148563206195831,0.7298270046139974,0,0,0,1,1.89,0,1,21.0,130.05470275878906,0,2,0,0,0,2766.json,NotBuggy
6,0.3536974787712097,0.6696758905173159,1,1,2,2,2.75,1,2,34.0,115.32806396484375,0,1,0,0,0,1279.json,NotBuggy
12,0.011585691012442112,0.002929292512698276,1,1,2,2,2.56,1,6,86.0,98.70686340332031,0,0,3,0,0,803.json,NotBuggy
16,0.06554193049669266,4.7685735743246705E-4,3,3,6,4,3.61,2,8,100.0,92.67431640625,0,1,4,0,0,389.json,NotBuggy
11,0.055120185017585754,0.08990141982823985,3,2,5,3,2.67,2,6,70.0,101.2071533203125,0,4,0,0,0,1088.json,NotBuggy
5,0.005186505615711212,0.16032178498958627,3,1,4,2,2.99,1,5,40.0,117.51081848144531,0,1,0,0,0,1419.json,NotBuggy
3,0.8892171382904053,0.9756468536185903,0,0,0,1,1.89,0,0,12.0,133.59722900390625,0,0,0,0,0,2629.json,NotBuggy
3,0.07329510152339935,0.6249908676075111,0,0,0,1,1.89,0,1,23.0,129.2428436279297,0,3,0,0,0,999.json,NotBuggy
18,7.416186272166669E-4,6.922016686244234E-5,4,6,10,5,2.6,1,6,111.0,89.8786849975586,0,3,1,0,0,552.json,NotBuggy
3,0.9067329168319702,0.8156886644712557,0,0,0,1,1.89,0,0,19.0,130.70933532714844,0,1,0,0,0,1868.json,NotBuggy
9,0.17461366951465607,0.26654311436000283,3,3,6,3,3.77,2,5,49.0,106.31272888183594,0,1,1,0,0,582.json,NotBuggy
3,0.7130839228630066,0.9224650834688861,0,0,0,1,1.89,0,0,17.0,131.28770446777344,0,1,0,0,0,2529.json,NotBuggy
4,0.8724876642227173,0.058620721018802974,1,1,2,2,2.0,0,2,42.0,120.5384521484375,0,1,1,0,0,61.json,NotBuggy
4,0.004638491198420525,0.1650373828035079,0,0,0,1,2.0,0,1,36.0,121.75926971435547,0,3,0,0,0,891.json,NotBuggy
3,0.9463393688201904,0.9735349382127279,0,0,0,1,1.89,0,0,12.0,133.59722900390625,0,0,0,0,0,1580.json,NotBuggy
3,0.046211399137973785,0.6026260138880876,0,0,0,1,1.89,0,1,25.0,128.8092498779297,0,1,0,0,0,1345.json,NotBuggy
15,0.05962255224585533,0.0010567821348596398,4,3,7,4,2.72,1,1,89.0,94.17513275146484,0,3,3,0,0,2336.json,NotBuggy
3,1.045415920088999E-4,0.6359689126596423,0,0,0,1,1.89,0,1,26.0,128.8216552734375,0,2,0,0,0,3001.json,NotBuggy
4,0.004255247768014669,0.17051005320602383,0,0,0,1,2.0,0,1,36.0,121.75926971435547,0,3,0,0,0,881.json,NotBuggy
5,0.13105078041553497,0.7986582771938846,0,0,0,1,4.66,0,1,25.0,120.53388214111328,0,2,0,0,0,1465.json,NotBuggy
3,2.4126400239765644E-4,0.5208516547878281,0,0,0,1,1.89,0,1,27.0,128.31268310546875,0,2,0,0,0,623.json,NotBuggy
13,0.16682367026805878,1.02612859070699E-4,1,2,3,3,2.22,1,5,103.0,95.99949645996094,0,2,3,0,0,2285.json,NotBuggy
3,0.846883237361908,0.874248199534855,0,0,0,1,1.89,0,0,16.0,131.46876525878906,0,1,0,0,0,299.json,NotBuggy
3,0.8251314759254456,0.8620980842104926,0,0,0,1,1.89,0,0,17.0,131.1535186767578,0,1,0,0,0,427.json,NotBuggy
3,0.8978021740913391,0.9314536596653538,0,0,0,1,1.89,0,0,15.0,131.9385528564453,0,0,0,0,0,190.json,NotBuggy
6,0.47907671332359314,0.3140883330189402,1,1,2,2,2.75,1,3,37.0,114.88836669921875,0,1,0,0,0,758.json,NotBuggy
3,0.5917430520057678,0.9135768629117568,0,0,0,1,1.89,0,1,15.0,132.25152587890625,0,0,0,0,0,2918.json,NotBuggy
1,0.9269161820411682,0.42446384719445085,0,0,0,1,0.0,0,1,17.0,148.95103454589844,0,0,0,0,0,433.json,NotBuggy
10,0.8583570718765259,0.9049589994102077,3,2,5,3,2.53,1,2,44.0,105.55622100830078,0,1,0,0,0,670.json,NotBuggy
3,0.0020414721220731735,0.566034222562482,0,0,0,1,1.89,0,1,25.0,128.8092498779297,0,1,0,0,0,2030.json,NotBuggy
3,0.11122310161590576,0.8405498456088245,0,0,0,1,1.89,0,0,20.0,130.30841064453125,0,0,0,0,0,659.json,NotBuggy
3,0.7583197951316833,0.7066497683343033,1,1,2,2,1.89,0,1,23.0,129.01284790039062,0,1,0,0,0,1717.json,NotBuggy
4,7.214128854684532E-4,0.25077611522388615,0,0,0,1,2.0,0,1,36.0,121.98247528076172,0,3,0,0,0,608.json,NotBuggy
6,0.04355959594249725,0.767529417881723,1,1,2,2,2.75,1,0,28.0,116.7609634399414,0,1,0,0,0,1187.json,NotBuggy
6,0.7932767868041992,0.652137130605296,1,1,2,2,2.75,1,0,33.0,115.72040557861328,0,1,0,0,0,311.json,NotBuggy
3,0.0032230138313025236,0.2483709104709641,0,0,0,1,1.89,0,2,31.0,127.34163665771484,0,1,0,0,0,51.json,NotBuggy
3,0.08404219895601273,0.7865503082846245,0,0,0,1,1.89,0,1,21.0,130.05470275878906,0,1,0,0,0,2943.json,NotBuggy
3,0.775339663028717,0.8564208839954511,0,0,0,1,1.89,0,1,16.0,131.60296630859375,0,0,0,0,0,280.json,NotBuggy
28,2.0464557746890932E-4,2.1028129039087546E-14,8,5,13,7,3.86,3,18,225.0,77.85216522216797,0,2,10,0,0,2314.json,NotBuggy
12,5.82539418246597E-4,4.996274826717734E-5,1,4,5,5,3.4,3,6,98.0,97.13195037841797,0,3,0,0,0,2757.json,NotBuggy
4,0.8383212685585022,0.9593430034083271,0,0,0,1,2.0,0,0,15.0,127.59107971191406,0,0,0,0,0,293.json,NotBuggy
3,0.9602164030075073,0.9890737132228224,0,0,0,1,1.89,0,0,13.0,132.9956512451172,0,0,0,0,0,1122.json,NotBuggy
4,0.7825407385826111,0.8531581558354783,0,0,0,1,2.0,0,1,21.0,125.27178192138672,0,0,0,0,0,484.json,NotBuggy
3,0.36829593777656555,0.9330497365283811,0,0,0,1,1.89,0,0,12.0,133.59722900390625,0,0,0,0,0,1043.json,NotBuggy
3,0.004162469878792763,0.6149986279857931,0,0,0,1,1.89,0,1,25.0,129.0255889892578,0,2,0,0,0,2764.json,NotBuggy
8,0.34527263045310974,0.3527080206177437,1,2,3,3,2.83,1,4,48.0,108.79754638671875,0,1,0,0,0,1523.json,NotBuggy
3,0.5699154138565063,0.515495479587049,0,0,0,1,1.89,0,2,26.0,128.50894165039062,0,1,0,0,0,685.json,NotBuggy
12,0.0027704634703695774,9.34883764593463E-4,2,2,4,3,2.46,1,4,84.0,98.43179321289062,0,4,2,0,0,140.json,NotBuggy
6,0.46599164605140686,0.34465639539808623,2,2,4,2,2.75,1,0,36.0,115.03083801269531,0,1,0,0,0,2250.json,NotBuggy
3,0.9602164030075073,0.9890737132228224,0,0,0,1,1.89,0,0,13.0,132.9956512451172,0,0,0,0,0,1155.json,NotBuggy
23,0.09628093987703323,0.002171745197363802,6,3,9,4,4.57,2,5,107.0,86.099365234375,0,3,1,0,0,1133.json,NotBuggy
3,0.846883237361908,0.8731806350284748,0,0,0,1,1.89,0,0,16.0,131.46876525878906,0,1,0,0,0,328.json,NotBuggy
9,0.01454901322722435,0.004085023912357889,3,1,4,3,3.66,2,4,69.0,104.28256225585938,0,1,2,0,0,2652.json,NotBuggy
3,0.7822021842002869,0.9566078105623956,0,0,0,1,1.89,0,0,12.0,133.59722900390625,0,0,0,0,0,1073.json,NotBuggy
14,0.07825658470392227,0.0034777439064748793,4,5,9,4,4.65,3,7,83.0,95.84748077392578,0,2,3,0,0,975.json,NotBuggy
4,0.9445128440856934,0.7306926474784025,0,0,0,1,2.0,0,0,24.0,124.26470947265625,0,1,0,0,0,948.json,NotBuggy
7,0.4971759021282196,0.09670025258038854,3,3,6,4,2.56,1,0,51.0,110.06295013427734,0,2,0,0,0,820.json,NotBuggy
9,0.07732048630714417,0.019080197415999554,1,2,3,3,2.95,2,3,63.0,104.84944152832031,0,2,0,0,0,2861.json,NotBuggy
12,0.1451634168624878,0.004320627121731125,3,3,6,4,2.56,2,1,77.0,98.8216781616211,0,1,2,0,0,2418.json,NotBuggy
6,0.32599154114723206,0.7737392722350778,1,1,2,2,2.75,1,1,28.0,116.66458892822266,0,1,0,0,0,893.json,NotBuggy
7,0.20196585357189178,0.1771503248774006,0,0,0,2,3.02,1,1,44.0,111.1737060546875,0,2,0,0,0,1568.json,NotBuggy
5,0.004014789126813412,0.05625523753430242,3,2,5,2,2.75,1,1,45.0,116.62464904785156,1,3,0,0,0,1394.json,NotBuggy
3,0.561226487159729,0.7961341509818287,0,0,0,1,1.89,0,1,18.0,130.85629272460938,0,2,0,0,0,1037.json,NotBuggy
3,0.6760116815567017,0.7780554539755963,0,0,0,1,1.89,0,1,19.0,130.45266723632812,0,1,0,0,0,298.json,NotBuggy
10,0.0065897488966584206,0.009775533286550148,2,2,4,3,3.6,2,4,69.0,102.62168884277344,0,3,1,0,0,1010.json,NotBuggy
3,0.9113354086875916,0.8976513390865446,0,0,0,1,1.89,0,0,13.0,132.9956512451172,0,0,0,0,0,401.json,NotBuggy
3,0.7350698113441467,0.8477491889887352,0,0,0,1,1.89,0,0,20.0,130.18594360351562,0,2,0,0,0,2479.json,NotBuggy
7,0.7558600306510925,0.824288634359375,1,1,2,2,3.02,1,2,29.0,114.08124542236328,0,0,0,0,0,539.json,NotBuggy
15,0.0014419897925108671,1.271508742417196E-4,2,2,4,3,2.29,1,5,103.0,93.79613494873047,0,3,3,0,0,617.json,Buggy
15,0.016438260674476624,0.011681777008602037,4,5,9,5,2.47,1,4,85.0,94.6064682006836,0,3,0,0,0,1721.json,NotBuggy
3,0.7618778944015503,0.9084098609309674,0,0,0,1,1.89,0,0,17.0,131.28770446777344,0,1,0,0,0,201.json,NotBuggy
6,0.8001331686973572,0.7714142209115497,2,2,4,2,2.75,1,0,29.0,116.22944641113281,0,1,0,0,0,2187.json,NotBuggy
21,0.0,1.6944284624040276E-11,4,6,10,6,2.85,2,9,192.0,84.0153579711914,0,3,3,0,0,2085.json,NotBuggy
3,0.07297765463590622,0.4709844023681015,1,1,2,2,1.89,0,2,26.0,128.4791717529297,0,0,0,0,0,197.json,NotBuggy
3,0.019790420308709145,0.28016447430988184,0,0,0,1,1.89,0,1,28.0,128.0337677001953,0,2,0,0,0,2242.json,NotBuggy
11,1.1521689884830266E-4,5.270210117569702E-4,2,2,4,3,2.41,2,4,90.0,99.8458480834961,0,2,1,0,0,2096.json,NotBuggy
3,0.6022889614105225,0.9174346181538012,0,0,0,1,1.89,0,0,12.0,133.59722900390625,0,0,0,0,0,1079.json,NotBuggy
27,0.05992385372519493,3.18862411246709E-6,11,9,20,8,7.84,5,4,153.0,80.72224426269531,1,2,7,0,0,1611.json,NotBuggy
4,0.8515797853469849,0.8675537716867777,0,0,0,1,2.0,0,0,20.0,125.5254898071289,0,1,0,0,0,270.json,NotBuggy
3,0.30172884464263916,0.371797356119886,0,0,0,1,1.89,0,1,28.0,128.0337677001953,0,2,0,0,0,2129.json,NotBuggy
6,0.811552107334137,0.648218337759592,1,1,2,2,2.75,1,0,33.0,115.72040557861328,0,1,0,0,0,339.json,NotBuggy
1,0.9782848954200745,0.8775754860463848,0,0,0,1,0.0,0,0,12.0,151.39474487304688,0,0,0,0,0,156.json,NotBuggy
6,0.5791633725166321,0.5320167277653866,1,1,2,2,2.75,1,2,32.0,115.88042449951172,0,1,0,0,0,909.json,NotBuggy
19,0.19564516842365265,0.0012178675808669982,7,5,12,5,3.28,2,2,100.0,89.62073516845703,0,2,5,0,0,1709.json,NotBuggy
29,0.0034983300138264894,1.203363027373636E-7,8,7,15,7,4.17,5,12,173.0,79.15576934814453,0,1,6,0,0,742.json,NotBuggy
3,0.6120462417602539,0.7070033049090249,0,0,0,1,1.89,0,1,21.0,129.93223571777344,0,1,0,0,0,2359.json,NotBuggy
3,0.7736297845840454,0.4679730188507908,0,0,0,1,1.89,0,1,25.0,128.62307739257812,0,1,0,0,0,9.json,NotBuggy
23,0.38105207681655884,0.011820616104955592,4,3,7,4,4.57,2,3,99.0,86.53338623046875,0,3,1,0,0,1151.json,NotBuggy
6,0.3989458382129669,0.7285935207771356,1,1,2,2,2.75,1,1,30.0,116.30582427978516,0,2,0,0,0,2552.json,NotBuggy
3,0.7764296531677246,0.9340197878593818,0,0,0,1,1.89,0,0,14.0,132.4454345703125,0,0,0,0,0,307.json,NotBuggy
3,0.0,0.16885711349465785,0,0,0,1,1.89,0,0,39.0,126.40052032470703,0,2,0,0,0,2485.json,NotBuggy
3,0.8904138207435608,0.9642142249304322,0,0,0,1,1.89,0,0,12.0,133.59722900390625,0,0,0,0,0,2969.json,NotBuggy
5,0.002542487345635891,0.3358455397850801,0,0,0,1,1.96,0,3,37.0,118.39888763427734,0,3,0,0,0,996.json,NotBuggy
3,0.9234111905097961,0.9711982622938979,0,0,0,1,1.89,0,0,12.0,133.59722900390625,0,0,0,0,0,360.json,NotBuggy
9,0.007094325963407755,0.05902674300915834,1,1,2,2,2.67,1,2,58.0,105.6658935546875,0,2,1,0,0,609.json,Buggy
15,0.17326854169368744,1.2275026064448842E-4,6,5,11,4,3.2,2,10,101.0,93.48271942138672,0,1,3,0,0,2978.json,NotBuggy
27,6.360564148053527E-4,1.6785223090811329E-9,5,7,12,7,3.58,5,12,191.0,79.85942840576172,0,1,6,0,0,185.json,NotBuggy
7,0.872916042804718,0.8219382358825309,1,1,2,2,2.56,1,0,33.0,113.31297302246094,0,2,0,0,0,1223.json,NotBuggy
12,0.00784334447234869,0.0011874245048105003,1,4,5,5,3.4,3,6,85.0,98.07768249511719,0,1,0,0,0,2758.json,NotBuggy
3,0.18072862923145294,0.3546254399380465,0,0,0,1,1.89,0,1,31.0,127.690673828125,0,2,0,0,0,2265.json,NotBuggy
6,0.1344156116247177,0.7036193608044768,1,1,2,2,2.75,1,2,32.0,115.88042449951172,0,1,0,0,0,694.json,NotBuggy
4,0.014521853066980839,0.4508283783081264,0,0,0,1,2.0,0,1,29.0,123.1068344116211,0,2,0,0,0,880.json,NotBuggy
3,0.6377092599868774,0.7016361490477725,0,0,0,1,1.89,0,1,19.0,130.45266723632812,0,1,0,0,0,2542.json,NotBuggy
9,0.09969423711299896,0.2830561788426139,2,2,4,3,4.26,2,6,49.0,106.62913513183594,0,2,0,0,0,1030.json,NotBuggy
