SLOCStandard,Readability,SimpleReadability,NVAR,NCOMP,Mcclure,McCabe,IndentSTD,MaximumBlockDepth,totalFanOut,Length,MaintainabilityIndex,SATD,Parameters,LocalVariables,ChangeAtMethodAge,CriticalEditDistances,file,Detection
8,0.005015731323510408,0.0039802557178004044,3,2,5,3,1.41,1,4,64.0,106.5818099975586,0,3,0,0,0,104.json,NotBuggy
3,0.3257022798061371,0.6600129713444679,0,0,0,1,0.94,0,2,21.0,129.81976318359375,0,1,0,0,0,2260.json,NotBuggy
46,0.0,8.967501765461842E-12,7,7,14,11,12.04,5,15,281.0,67.61479187011719,0,0,8,0,0,2810.json,NotBuggy
27,0.0,4.1372231487253146E-13,2,2,4,4,3.29,3,12,206.0,79.5721206665039,0,3,4,0,0,2294.json,NotBuggy
5,0.4678407907485962,0.5140389185198786,0,0,0,1,0.98,0,0,29.0,119.57592010498047,0,1,0,0,0,1843.json,NotBuggy
3,0.950273871421814,0.7314512745527656,0,0,0,1,1.0,0,0,19.0,130.34019470214844,0,1,0,0,0,2249.json,NotBuggy
4,0.4598338007926941,0.9431345021238144,0,0,0,1,1.73,0,1,15.0,127.42622375488281,0,0,0,0,0,922.json,NotBuggy
4,0.24182355403900146,0.510765712356931,0,0,0,1,1.0,0,1,25.0,123.87862396240234,0,1,0,0,0,2527.json,NotBuggy
3,0.13333909213542938,0.5028587621298043,0,0,0,1,1.89,0,0,24.0,128.7513427734375,0,1,0,0,0,26.json,NotBuggy
10,0.4615934193134308,0.49774302512598234,4,3,7,3,6.9,2,5,45.0,105.43936920166016,0,0,0,0,0,2812.json,NotBuggy
4,0.13384617865085602,0.4114533809607164,0,0,0,1,1.0,0,1,28.0,123.28931427001953,0,1,0,0,0,2253.json,NotBuggy
3,0.6491664052009583,0.8245366965006895,0,0,0,1,3.77,0,1,15.0,132.086669921875,0,0,0,0,0,1454.json,NotBuggy
4,0.07565971463918686,0.4014338185197775,0,0,0,1,1.0,0,1,27.0,123.39956665039062,0,1,0,0,0,1731.json,NotBuggy
3,0.667165219783783,0.876490504702133,0,0,0,1,0.94,0,0,17.0,131.28770446777344,0,1,0,0,0,2773.json,NotBuggy
3,0.4760749638080597,0.8908893946690806,0,0,0,1,0.94,0,1,13.0,133.18099975585938,0,0,0,0,0,2742.json,NotBuggy
3,0.4029526710510254,0.9203977619641034,0,0,0,1,0.94,0,0,12.0,133.59722900390625,0,0,0,0,0,858.json,NotBuggy
3,0.5182741284370422,0.8380948629692581,0,0,0,1,3.77,0,1,15.0,132.25152587890625,0,0,0,0,0,1747.json,NotBuggy
4,0.046820320188999176,0.5999180200527701,0,0,0,1,1.66,0,1,24.0,124.361083984375,0,2,0,0,0,1581.json,NotBuggy
9,0.34294337034225464,0.9593841005308699,1,1,2,2,1.59,1,4,75.0,103.91155242919922,0,2,1,0,0,194.json,NotBuggy
4,0.0064774868078529835,0.2097631197543717,0,0,0,1,1.0,0,0,33.0,122.21172332763672,0,1,0,0,0,1268.json,NotBuggy
8,0.8968273401260376,0.85781019145829,0,0,0,2,1.41,1,1,35.0,110.44676971435547,0,0,0,0,0,839.json,NotBuggy
3,0.10873722285032272,0.780384928914376,0,0,0,1,0.94,0,0,17.0,131.28770446777344,0,1,0,0,0,1871.json,NotBuggy
12,0.47036030888557434,0.010194364046897952,4,5,9,4,1.7,2,3,75.0,99.15433502197266,0,1,1,0,0,469.json,Buggy
16,0.003635177155956626,5.735740855719873E-5,0,1,1,2,4.92,1,10,107.0,92.56348419189453,0,3,1,0,0,188.json,NotBuggy
7,3.689116856548935E-4,0.09163419059920992,0,0,0,1,2.1,0,1,44.0,111.2971420288086,0,4,0,0,0,1528.json,NotBuggy
3,0.5786361694335938,0.9436337734032344,0,0,0,1,0.94,0,0,12.0,133.59722900390625,0,0,0,0,0,154.json,NotBuggy
19,0.012824331410229206,0.001064598846495309,10,8,18,9,1.48,1,6,106.0,88.7609634399414,0,1,1,0,0,129.json,NotBuggy
3,0.43394872546195984,0.8807495530461993,0,0,0,1,0.94,0,1,15.0,132.086669921875,0,0,0,0,0,2739.json,NotBuggy
2,0.9517781138420105,0.9660865947684393,0,0,0,1,0.0,0,0,9.0,142.4026641845703,0,0,0,0,0,908.json,NotBuggy
5,0.12336079031229019,0.2756826221533364,0,0,0,1,1.63,0,0,33.0,118.4075698852539,0,3,0,0,0,2301.json,NotBuggy
3,0.9381090402603149,0.9445223551057688,0,0,0,1,0.94,0,0,12.0,133.59722900390625,0,0,0,0,0,2710.json,NotBuggy
3,0.07850328832864761,0.9299170033700175,0,0,0,1,0.94,0,0,12.0,133.59722900390625,0,0,0,0,0,152.json,NotBuggy
11,0.01508924551308155,0.0013111470450027443,2,2,4,2,8.43,1,2,80.0,100.36469268798828,0,2,1,0,0,84.json,NotBuggy
3,0.5739086866378784,0.8920957201986158,0,0,0,1,0.94,0,1,14.0,132.61029052734375,0,0,0,0,0,855.json,NotBuggy
3,0.31332799792289734,0.7637136837253256,0,0,0,1,3.77,0,0,17.0,131.28770446777344,0,1,0,0,0,574.json,NotBuggy
5,0.8944825530052185,0.9685320314133553,0,0,0,1,1.96,0,1,21.0,121.77933502197266,0,0,1,0,0,2191.json,NotBuggy
4,0.2454424351453781,0.6437216880179265,0,0,0,1,1.66,0,1,22.0,124.91740417480469,0,1,0,0,0,1605.json,NotBuggy
5,0.022281574085354805,0.41645764457522916,0,0,0,1,1.79,0,1,28.0,119.52128601074219,0,0,0,0,0,1556.json,NotBuggy
3,0.7268518209457397,0.44457742022956165,0,0,0,1,0.94,0,0,28.0,128.436279296875,0,0,0,0,0,1646.json,NotBuggy
3,0.6966894865036011,0.8129732500847481,0,0,0,1,3.77,0,1,15.0,132.086669921875,0,0,0,0,0,885.json,NotBuggy
4,0.1870705783367157,0.6969890758734354,0,0,0,1,1.66,0,1,21.0,125.15930938720703,0,1,0,0,0,1601.json,NotBuggy
3,0.5734537839889526,0.7171842740432268,0,0,0,1,3.77,0,0,17.0,131.28770446777344,0,1,0,0,0,572.json,NotBuggy
4,0.0635003000497818,0.5202416048575748,0,0,0,1,1.0,0,0,27.0,123.56243133544922,0,1,0,0,0,1790.json,NotBuggy
3,0.8679041862487793,0.8883870782166413,0,0,0,1,0.94,0,0,13.0,132.9956512451172,0,0,0,0,0,1136.json,NotBuggy
19,0.02470104955136776,1.047310937070126E-5,4,4,8,5,2.21,0,7,131.0,88.03719329833984,0,0,7,0,0,925.json,NotBuggy
10,0.0030878635589033365,9.303432619189896E-4,1,1,2,2,2.8,1,3,75.0,102.2047119140625,0,2,2,0,0,59.json,NotBuggy
6,0.27636390924453735,0.4221900516475181,2,2,4,2,1.37,1,2,34.0,115.48116302490234,0,0,0,0,0,1805.json,NotBuggy
4,0.11884072422981262,0.4381858591641497,0,0,0,1,1.0,0,0,27.0,123.39956665039062,0,1,0,0,0,1469.json,NotBuggy
3,0.5271203517913818,0.6245079398100286,0,0,0,1,0.94,0,2,23.0,129.2428436279297,0,1,0,0,0,510.json,NotBuggy
4,0.1167292669415474,0.25367190225636094,0,0,0,1,1.0,0,1,33.0,122.3560791015625,0,3,1,0,0,876.json,NotBuggy
3,0.12637574970722198,0.761638752563318,0,0,0,1,3.77,0,1,17.0,131.28770446777344,0,0,0,0,0,2816.json,NotBuggy
3,0.4568289816379547,0.6663335510522364,0,0,0,1,0.94,0,0,20.0,129.9696044921875,0,1,0,0,0,2785.json,NotBuggy
3,0.9283173680305481,0.7864056639378877,0,0,0,1,0.94,0,1,19.0,130.70933532714844,0,0,0,0,0,1460.json,NotBuggy
1,0.9915579557418823,0.5765281031266459,0,0,0,1,0.0,0,0,17.0,148.95103454589844,0,1,0,0,0,2635.json,NotBuggy
3,0.9388055205345154,0.8025925853012295,0,0,0,1,0.94,0,0,18.0,130.99049377441406,0,0,0,0,0,1813.json,NotBuggy
3,0.8638911247253418,0.9384815483994179,0,0,0,1,0.94,0,0,12.0,133.59722900390625,0,0,0,0,0,248.json,NotBuggy
3,0.18900884687900543,0.9187048448612859,0,0,0,1,0.94,0,0,12.0,133.59722900390625,0,0,0,0,0,2801.json,NotBuggy
8,0.11315561085939407,0.18417763454012312,2,1,3,3,3.87,2,2,48.0,108.38510131835938,0,2,1,0,0,95.json,NotBuggy
3,0.10136612504720688,0.897569550395923,0,0,0,1,0.94,0,0,14.0,132.4454345703125,0,0,0,0,0,120.json,NotBuggy
7,1.0553818719927222E-4,3.055071154244934E-4,0,0,0,2,1.28,1,5,77.0,108.05938720703125,0,1,2,0,0,1127.json,NotBuggy
3,0.6595602035522461,0.8985211329649537,0,0,0,1,0.94,0,0,12.0,133.59722900390625,0,0,0,0,0,1893.json,NotBuggy
2,0.7874348163604736,0.997843446214668,0,0,0,1,0.63,0,0,20.0,136.7544708251953,0,2,0,0,0,182.json,NotBuggy
3,0.35020652413368225,0.9216748989891087,0,0,0,1,0.94,0,0,12.0,133.59722900390625,0,0,0,0,0,163.json,NotBuggy
5,0.0,0.004553028968608841,0,0,0,1,2.19,0,7,57.0,115.40190887451172,0,2,1,0,0,2481.json,NotBuggy
3,0.6879553198814392,0.870729814063688,0,0,0,1,0.94,0,0,15.0,131.9385528564453,0,0,0,0,0,1276.json,NotBuggy
3,0.41954174637794495,0.7769811149966631,0,0,0,1,0.94,0,2,19.0,130.70933532714844,0,0,0,0,0,2566.json,Buggy
3,0.9345443248748779,0.9467517758826328,0,0,0,1,0.94,0,0,12.0,133.59722900390625,0,0,0,0,0,2714.json,NotBuggy
3,0.1889599859714508,0.9317236869907929,0,0,0,1,0.94,0,0,12.0,133.59722900390625,0,0,0,0,0,2789.json,NotBuggy
3,0.7956857085227966,0.5371709041720083,0,0,0,1,1.66,0,0,25.0,128.62307739257812,0,3,0,0,0,2321.json,NotBuggy
3,0.44255876541137695,0.7958250674717369,0,0,0,1,0.94,0,0,17.0,131.28770446777344,0,1,0,0,0,1046.json,NotBuggy
3,0.30258968472480774,0.6923256203332945,0,0,0,1,0.94,0,2,21.0,129.81976318359375,0,1,0,0,0,2257.json,NotBuggy
3,0.9991223216056824,0.950744318315381,0,0,0,1,4.0,0,1,13.0,133.18099975585938,0,0,0,0,0,2809.json,NotBuggy
15,0.4783593714237213,8.727576674126425E-6,2,3,5,4,1.15,1,3,115.0,92.7414321899414,0,1,5,0,0,1066.json,NotBuggy
3,0.82071852684021,0.9302399563400489,0,0,0,1,0.94,0,0,12.0,133.59722900390625,0,0,0,0,0,124.json,NotBuggy
4,0.01688196137547493,0.23242127814036379,0,0,0,1,1.0,0,2,31.0,122.60694122314453,0,1,0,0,0,2523.json,NotBuggy
13,0.0019715006928890944,3.1063827924962425E-4,0,0,0,1,2.24,1,2,85.0,97.35416412353516,0,3,1,0,0,2344.json,NotBuggy
3,0.6598840355873108,0.8735548744201955,0,0,0,1,1.89,0,0,17.0,131.28770446777344,0,1,0,0,0,18.json,NotBuggy
2,0.9833906888961792,0.8821355695162646,0,0,0,1,0.94,0,0,14.0,139.0139617919922,0,2,0,0,0,226.json,NotBuggy
32,0.0,4.556880458186925E-16,8,8,16,8,1.48,1,30,270.0,74.66746520996094,0,1,9,0,0,1049.json,NotBuggy
3,0.7757787704467773,0.8765373467378206,0,0,0,1,0.94,0,1,15.0,132.25152587890625,0,0,0,0,0,2569.json,NotBuggy
3,0.018576253205537796,0.44208074118175567,0,0,0,1,0.94,0,1,25.0,128.62307739257812,0,1,0,0,0,1315.json,NotBuggy
3,0.019388848915696144,0.42701620086707137,0,0,0,1,0.94,0,2,26.0,128.50894165039062,0,2,0,0,0,2579.json,NotBuggy
12,0.06241372600197792,2.3652122568105916E-5,1,1,2,4,1.28,1,4,97.0,96.93576049804688,0,1,2,0,0,2803.json,NotBuggy
3,0.0,0.09379498530353325,0,0,0,1,0.94,0,1,38.0,126.44578552246094,0,1,0,0,0,1736.json,NotBuggy
9,0.014124739915132523,0.038733392694228506,3,2,5,3,3.77,1,6,58.0,105.32933044433594,0,2,1,0,0,972.json,NotBuggy
12,0.048301246017217636,0.0017812982258690615,1,3,4,4,3.32,2,6,78.0,98.51189422607422,0,2,0,0,0,65.json,NotBuggy
4,0.013178694993257523,0.29417972405326903,0,0,0,1,1.0,0,1,32.0,122.5949478149414,0,1,0,0,0,1326.json,NotBuggy
3,0.9409566521644592,0.9477736721051104,0,0,0,1,0.94,0,0,12.0,133.59722900390625,0,0,0,0,0,250.json,NotBuggy
3,0.9109618663787842,0.9028091607064982,0,0,0,1,0.94,0,0,14.0,132.4454345703125,0,1,0,0,0,241.json,NotBuggy
3,0.31208276748657227,0.6567894187548172,0,0,0,1,0.94,0,2,21.0,129.81976318359375,0,1,0,0,0,2258.json,NotBuggy
3,0.4550083577632904,0.8878943954091633,0,0,0,1,1.89,0,1,14.0,132.61029052734375,0,0,0,0,0,1028.json,NotBuggy
6,7.110791048035026E-4,0.04325170569699117,0,0,0,1,1.8,0,2,45.0,113.7296142578125,0,2,0,0,0,1934.json,NotBuggy
6,5.868918960914016E-4,0.13655450897322216,2,2,4,3,5.25,0,3,43.0,113.80679321289062,0,0,0,0,0,1852.json,NotBuggy
3,0.36292341351509094,0.8178011061479792,0,0,0,1,0.94,0,0,17.0,131.28770446777344,0,1,0,0,0,1904.json,NotBuggy
3,0.9559242725372314,0.9149210539626227,0,0,0,1,0.94,0,0,15.0,132.086669921875,0,1,0,0,0,2103.json,NotBuggy
16,0.002317627891898155,3.874516419550871E-8,2,2,4,3,1.71,2,13,143.0,90.67122650146484,0,2,4,0,0,2273.json,NotBuggy
5,0.0,0.001770709047147543,0,0,0,1,2.19,0,6,63.0,114.88147735595703,0,3,1,0,0,2489.json,NotBuggy
3,0.8730826377868652,0.9424473345139893,0,0,0,1,1.89,0,0,12.0,133.59722900390625,0,0,0,0,0,8.json,NotBuggy
3,0.0024149948731064796,0.2178773133319034,0,0,0,1,0.94,0,2,30.0,127.36779022216797,0,1,0,0,0,1064.json,NotBuggy
5,0.033746954053640366,0.46163768411142336,0,0,0,1,4.66,0,2,33.0,118.90401458740234,0,3,0,0,0,2054.json,NotBuggy
4,0.21983912587165833,0.7982231478366068,0,0,0,1,2.45,0,0,19.0,125.79222106933594,0,1,0,0,0,1135.json,NotBuggy
3,3.5233283415436745E-4,0.1190917835566865,0,0,0,1,0.94,0,1,35.0,126.78941345214844,0,1,0,0,0,1712.json,NotBuggy
6,0.3978494703769684,0.07790413643617988,0,0,0,1,0.94,0,3,46.0,113.6697998046875,0,1,2,0,0,1644.json,NotBuggy
3,0.0,0.0242123635802861,0,0,0,1,0.94,0,1,46.0,125.14508056640625,0,4,0,0,0,1754.json,NotBuggy
3,0.7240568995475769,0.8971785799888432,0,0,0,1,0.94,0,0,12.0,133.59722900390625,0,0,0,0,0,1129.json,NotBuggy
3,0.0,0.011581988947025884,0,0,0,1,0.94,0,1,50.0,124.64512634277344,0,4,0,0,0,1488.json,NotBuggy
3,0.041757673025131226,0.5497222462089694,0,0,0,1,0.94,0,1,23.0,129.05665588378906,0,1,0,0,0,1222.json,NotBuggy
3,0.13777387142181396,0.5005149566710784,0,0,0,1,0.94,0,1,24.0,128.83535766601562,0,1,0,0,0,71.json,NotBuggy
9,0.8365058898925781,0.2375987883046881,2,2,4,3,1.13,1,0,51.0,106.1617660522461,0,1,2,0,0,1160.json,NotBuggy
3,0.7095445990562439,0.8079978652287958,0,0,0,1,0.94,0,0,15.0,131.9385528564453,0,0,0,0,0,1890.json,NotBuggy
7,0.06656526774168015,0.023637874792786666,0,0,0,2,1.28,1,3,55.0,110.13031005859375,0,1,2,0,0,2354.json,NotBuggy
3,0.08170145750045776,0.5406888469415133,0,0,0,1,0.94,0,1,23.0,129.2428436279297,0,2,0,0,0,2430.json,NotBuggy
29,0.0021311859600245953,1.6790669888585887E-9,2,2,4,5,3.55,4,9,178.0,78.98042297363281,1,3,4,0,0,2303.json,NotBuggy
3,0.05341293662786484,0.23222395395670115,0,0,0,1,3.77,0,3,29.0,127.8512954711914,0,2,0,0,0,2342.json,NotBuggy
8,0.003039530711248517,0.022141387227596933,0,0,0,1,2.22,0,3,55.0,107.97358703613281,0,1,0,0,0,1342.json,NotBuggy
3,0.010736070573329926,0.8912580644537698,0,0,0,1,0.94,0,0,12.0,133.59722900390625,0,0,0,0,0,2723.json,NotBuggy
3,0.5298125743865967,0.8471431353514728,0,0,0,1,0.94,0,0,14.0,132.4454345703125,0,0,0,0,0,225.json,NotBuggy
4,0.04319699481129646,0.659734184889894,0,0,0,1,1.66,0,1,22.0,124.91740417480469,0,0,0,0,0,1554.json,NotBuggy
5,0.6832463145256042,0.5564503919264938,1,1,2,2,1.5,1,0,28.0,119.52839660644531,0,2,0,0,0,1231.json,NotBuggy
4,0.0016747796908020973,0.18963991818340814,0,0,0,1,1.0,0,1,35.0,121.97586059570312,0,3,0,0,0,1634.json,NotBuggy
8,0.0,7.422584939797574E-5,0,0,0,1,3.46,0,7,89.0,105.42091369628906,0,1,3,0,0,1093.json,NotBuggy
3,0.6920579075813293,0.9022738870526714,0,0,0,1,0.94,0,0,12.0,133.59722900390625,0,0,0,0,0,2671.json,NotBuggy
3,0.2909258008003235,0.733122643298061,0,0,0,1,1.89,0,1,20.0,130.18594360351562,0,1,0,0,0,2056.json,NotBuggy
5,0.0072574615478515625,0.017781427400966176,0,0,0,1,0.98,0,7,49.0,116.24040222167969,0,1,1,0,0,1208.json,NotBuggy
3,0.1319764256477356,0.81874337291377,0,0,0,1,0.94,0,0,17.0,131.28770446777344,0,1,0,0,0,2798.json,NotBuggy
3,0.005096863489598036,0.08911563114705424,0,0,0,1,0.94,0,4,36.0,126.41971588134766,0,1,0,0,0,2730.json,NotBuggy
16,0.24915340542793274,0.011528019215688653,2,2,4,4,1.2,1,5,85.0,93.56045532226562,0,1,2,0,0,146.json,NotBuggy
9,0.27063459157943726,0.10692475780848532,1,1,2,2,1.13,1,3,52.0,106.2907943725586,0,1,2,0,0,1137.json,NotBuggy
3,0.7811619639396667,0.9312582836328063,0,0,0,1,0.94,0,0,12.0,133.59722900390625,0,0,0,0,0,2717.json,NotBuggy
6,0.0052425796166062355,0.2297971318800699,0,0,0,1,2.21,0,1,37.0,114.98188781738281,0,4,0,0,0,1589.json,NotBuggy
4,0.4611567258834839,0.5988078256178677,0,0,0,1,1.66,0,1,22.0,124.81353759765625,0,1,0,0,0,1603.json,NotBuggy
5,0.10911120474338531,0.13794488446425066,0,0,0,1,3.92,0,2,41.0,117.53816986083984,0,0,1,0,0,1976.json,NotBuggy
3,0.44252151250839233,0.7269058773255377,0,0,0,1,0.94,0,1,19.0,130.57513427734375,0,1,0,0,0,1264.json,NotBuggy
4,0.12890660762786865,0.4448144038091726,0,0,0,1,4.0,0,0,26.0,123.67467498779297,0,1,0,0,0,1979.json,NotBuggy
3,0.17384818196296692,0.8177090202687939,0,0,0,1,0.94,0,0,17.0,131.03103637695312,0,0,0,0,0,134.json,NotBuggy
5,0.032520733773708344,0.21082596408416832,0,0,0,1,0.98,0,1,36.0,118.01499938964844,0,1,0,0,0,1797.json,NotBuggy
7,0.4429720342159271,0.28315898664375405,0,0,0,2,1.51,1,2,40.0,111.66931915283203,0,1,0,0,0,2683.json,NotBuggy
3,0.41284263134002686,0.9286495074737577,0,0,0,1,1.89,0,0,15.0,132.25152587890625,0,0,0,0,0,2192.json,NotBuggy
8,0.542208194732666,0.19070846649503514,0,0,0,2,1.56,1,2,42.0,109.25240325927734,0,1,0,0,0,1232.json,NotBuggy
3,0.8807824850082397,0.6513397435148374,0,0,0,1,0.94,0,1,24.0,129.36033630371094,0,0,0,0,0,1614.json,NotBuggy
3,0.6337065696716309,0.8299968484163689,0,0,0,1,0.94,0,0,17.0,131.1535186767578,0,1,0,0,0,1426.json,NotBuggy
6,0.10479709506034851,0.32560232395183086,0,0,0,2,1.37,1,3,37.0,114.96261596679688,0,1,1,0,0,1237.json,NotBuggy
6,0.7389357686042786,0.7810774230732078,1,1,2,2,1.37,1,1,27.0,116.85369873046875,0,1,0,0,0,1084.json,NotBuggy
3,0.43615108728408813,0.7941096816851609,0,0,0,1,0.94,0,1,19.0,130.57513427734375,0,1,0,0,0,529.json,NotBuggy
7,0.3197844326496124,0.20868360051816587,0,0,0,1,0.9,0,5,44.0,111.95722198486328,0,0,1,0,0,2358.json,NotBuggy
6,0.003121310379356146,0.028026608323753203,0,0,0,1,2.49,0,3,48.0,113.39401245117188,0,2,0,0,0,1442.json,NotBuggy
4,0.7125383615493774,0.6306228309667916,0,0,0,1,1.0,0,2,24.0,124.361083984375,0,1,1,0,0,1246.json,NotBuggy
5,0.0539499931037426,0.5219389911141121,0,0,0,1,1.79,0,1,26.0,119.98089599609375,0,0,0,0,0,1551.json,NotBuggy
14,0.0468684621155262,0.0020759243044612607,0,0,0,2,2.56,2,4,80.0,96.37999725341797,0,0,1,0,0,2682.json,NotBuggy
3,0.5073421597480774,0.8137387426567192,0,0,0,1,0.94,0,0,17.0,131.28770446777344,0,1,0,0,0,1853.json,NotBuggy
3,0.46154457330703735,0.6342445128092957,0,0,0,1,1.89,0,1,21.0,129.7158966064453,0,1,0,0,0,5.json,NotBuggy
4,0.005202663596719503,0.2690294437286571,0,0,0,1,1.0,0,1,32.0,122.5160903930664,0,2,0,0,0,1763.json,NotBuggy
3,0.0,0.08121096219768463,0,0,0,1,1.89,0,1,41.0,126.0506591796875,0,2,0,0,0,2051.json,NotBuggy
7,0.0,0.008887128882352878,0,0,0,1,4.2,0,1,65.0,109.49163055419922,0,4,0,0,0,2044.json,NotBuggy
3,0.4851021468639374,0.835648921686137,0,0,0,1,0.94,0,0,15.0,131.9385528564453,0,0,0,0,0,2786.json,NotBuggy
4,1.9827565120067447E-4,0.027209167844023805,0,0,0,1,2.45,0,3,45.0,120.35262298583984,0,2,1,0,0,2486.json,NotBuggy
6,0.0,0.0017036626641062072,0,0,0,1,4.42,0,2,70.0,111.43208312988281,0,5,0,0,0,2048.json,NotBuggy
4,0.9181918501853943,0.6298058636944754,0,0,0,1,4.9,0,0,28.0,123.77584075927734,0,0,0,0,0,98.json,NotBuggy
3,0.5438058376312256,0.5610581501265451,0,0,0,1,0.94,0,3,23.0,129.34671020507812,0,1,0,0,0,2371.json,NotBuggy
8,0.44665899872779846,0.16081749301332599,0,0,0,2,1.56,1,1,44.0,109.06755828857422,0,1,0,0,0,1233.json,NotBuggy
7,3.71528702089563E-4,0.03419154196596931,0,0,0,1,2.1,0,1,49.0,110.68756866455078,0,4,0,0,0,1535.json,NotBuggy
18,0.03644026815891266,6.854558121650699E-5,3,3,6,4,1.42,1,6,111.0,90.00454711914062,0,3,2,0,0,500.json,NotBuggy
5,0.04984157159924507,0.08444227221649225,0,0,0,1,1.5,0,1,46.0,116.7403564453125,0,5,0,0,0,536.json,NotBuggy
3,0.8486015200614929,0.9164100598321913,0,0,0,1,0.94,0,0,12.0,133.59722900390625,0,0,0,0,0,1913.json,NotBuggy
3,0.49432316422462463,0.525378064720785,0,0,0,1,0.94,0,2,21.0,129.93223571777344,0,0,0,0,0,1974.json,NotBuggy
3,0.7972878217697144,0.9061799182239001,0,0,0,1,0.94,0,0,17.0,131.28770446777344,0,1,0,0,0,1866.json,NotBuggy
8,0.4969218373298645,0.6601799412748489,0,0,0,2,2.83,1,2,37.0,110.09143829345703,0,0,0,0,0,1140.json,NotBuggy
9,0.0049350326880812645,0.0016701426517598946,2,1,3,2,2.83,1,6,70.0,104.48371124267578,0,1,0,0,0,177.json,NotBuggy
3,0.5939902663230896,0.7018507315057155,0,0,0,1,0.94,0,1,19.0,130.57513427734375,0,1,0,0,0,1595.json,NotBuggy
3,0.7177505493164062,0.8184888923710258,0,0,0,1,0.94,0,1,16.0,131.75106811523438,0,0,0,0,0,1572.json,NotBuggy
3,0.0022886295337229967,0.4296292868175032,0,0,0,1,0.94,0,2,26.0,128.41912841796875,0,0,0,0,0,1398.json,NotBuggy
4,0.49566733837127686,0.3229577253517523,0,0,0,1,4.0,0,1,31.0,122.84404754638672,0,2,0,0,0,533.json,NotBuggy
4,0.009566233493387699,0.8689591344829461,0,0,0,1,3.32,0,0,17.0,126.62725830078125,0,1,0,0,0,2075.json,NotBuggy
3,0.8985837697982788,0.9232804002114072,0,0,0,1,0.94,0,0,13.0,132.9956512451172,0,0,0,0,0,1099.json,NotBuggy
3,0.7098237872123718,0.8178813944253673,0,0,0,1,0.94,0,1,16.0,131.75106811523438,0,0,0,0,0,1574.json,NotBuggy
4,0.005189910996705294,0.2675698396021052,0,0,0,1,2.45,0,1,31.0,122.93385314941406,0,2,0,0,0,2432.json,NotBuggy
7,0.06509149819612503,0.022139526388825225,0,0,0,2,1.28,1,3,55.0,110.13031005859375,0,1,2,0,0,2356.json,NotBuggy
3,0.9067976474761963,0.6892145521029068,0,0,0,1,0.94,0,0,23.0,129.58164978027344,0,0,0,0,0,1290.json,NotBuggy
9,0.6992712020874023,0.9150914363901504,0,0,0,2,2.51,1,1,33.0,109.06786346435547,0,0,2,0,0,921.json,NotBuggy
3,0.36977726221084595,0.5728752898419058,0,0,0,1,0.94,0,2,23.0,129.4591827392578,0,1,0,0,0,1134.json,NotBuggy
14,0.24310341477394104,0.015529047815302774,0,0,0,2,2.56,2,4,72.0,97.00574493408203,0,0,1,0,0,2689.json,NotBuggy
4,0.03512805700302124,0.3770306023658216,0,0,0,1,1.0,0,0,30.0,122.93054962158203,0,1,0,0,0,1619.json,NotBuggy
3,0.748747706413269,0.8856307257439583,0,0,0,1,0.94,0,0,12.0,133.59722900390625,0,0,0,0,0,1889.json,NotBuggy
5,0.0596875436604023,0.5020358737503182,0,0,0,1,1.79,0,1,26.0,119.98089599609375,0,0,0,0,0,1553.json,NotBuggy
3,0.9441666603088379,0.7358800687027868,0,0,0,1,1.0,0,0,19.0,130.34019470214844,0,1,0,0,0,2251.json,NotBuggy
3,0.6037859916687012,0.8195475569017542,0,0,0,1,0.94,0,2,17.0,131.28770446777344,0,0,0,0,0,1804.json,NotBuggy
3,0.761095404624939,0.953300413355406,0,0,0,1,1.89,0,0,12.0,133.59722900390625,0,0,0,0,0,99.json,NotBuggy
3,0.7689435482025146,0.8035801428690166,0,0,0,1,0.94,0,1,17.0,131.28770446777344,0,0,0,0,0,1545.json,NotBuggy
6,0.0016152446623891592,4.8171655146773853E-4,0,0,0,1,0.94,0,4,70.0,111.06885528564453,0,1,2,0,0,1670.json,NotBuggy
4,0.0,0.0048241509981677855,0,0,0,1,1.66,0,0,59.0,119.06102752685547,0,4,0,0,0,371.json,NotBuggy
3,0.6879553198814392,0.8831997082485061,0,0,0,1,0.94,0,0,15.0,131.9385528564453,0,0,0,0,0,2593.json,NotBuggy
3,0.0035535746719688177,0.06935026533315211,1,1,2,2,3.77,0,2,37.0,126.11734771728516,0,3,0,0,0,886.json,NotBuggy
5,0.020792976021766663,0.41994433376310597,0,0,0,1,10.85,0,3,28.0,119.84819793701172,0,0,0,0,0,1188.json,NotBuggy
4,0.03086036443710327,0.40019591700434043,0,0,0,1,1.66,0,1,26.0,123.59581756591797,0,0,0,0,0,1552.json,NotBuggy
5,0.0024629004765301943,0.0026103680532758838,0,0,0,1,0.98,0,2,60.0,114.99147033691406,0,1,2,0,0,1677.json,NotBuggy
4,0.0,0.0028299977886034693,0,0,0,1,1.66,0,2,60.0,118.85667419433594,0,6,0,0,0,1389.json,NotBuggy
3,0.9652870297431946,0.8361811392539459,0,0,0,1,0.94,0,0,18.0,130.99049377441406,0,0,0,0,0,1318.json,NotBuggy
3,0.0,0.0966591299909073,0,0,0,1,0.94,0,1,38.0,126.44578552246094,0,1,0,0,0,1694.json,NotBuggy
7,0.4429720342159271,0.28315898664375405,0,0,0,2,1.51,1,2,40.0,111.66931915283203,0,1,0,0,0,2687.json,NotBuggy
3,0.5965162515640259,0.7577464897528176,0,0,0,1,3.77,0,1,17.0,131.1535186767578,0,0,0,0,0,850.json,NotBuggy
3,0.4547613263130188,0.6513150507379566,0,0,0,1,0.94,0,1,21.0,129.7158966064453,0,1,0,0,0,2588.json,NotBuggy
3,0.5271203517913818,0.5976498648901946,0,0,0,1,0.94,0,2,23.0,129.2428436279297,0,1,0,0,0,509.json,NotBuggy
15,0.017368391156196594,1.0829833420560408E-4,3,3,6,4,1.5,1,11,99.0,93.73249053955078,0,1,1,0,0,1837.json,NotBuggy
4,0.1404401808977127,0.4920442415777522,0,0,0,1,1.0,0,1,25.0,123.87862396240234,0,1,0,0,0,2267.json,NotBuggy
3,0.2677386701107025,0.9171096454147869,0,0,0,1,3.77,0,0,12.0,133.59722900390625,0,0,0,0,0,581.json,NotBuggy
4,0.3660513162612915,0.4859705973665655,0,0,0,1,1.0,0,0,25.0,123.87862396240234,0,1,0,0,0,1327.json,NotBuggy
3,0.35337692499160767,0.6050592946816423,0,0,0,1,0.94,0,2,21.0,129.93223571777344,0,0,0,0,0,1948.json,NotBuggy
3,0.8146522045135498,0.8989871731930766,0,0,0,1,0.94,0,0,12.0,133.59722900390625,0,0,0,0,0,1885.json,NotBuggy
3,0.6724197268486023,0.8090433572502195,0,0,0,1,1.89,0,1,18.0,130.99049377441406,0,1,0,0,0,890.json,NotBuggy
3,2.4852892966009676E-4,0.11871925990952822,0,0,0,1,0.94,0,1,35.0,126.78941345214844,0,1,0,0,0,1675.json,NotBuggy
3,0.748140275478363,0.8394061011138365,0,0,0,1,0.94,0,1,16.0,131.75106811523438,0,0,0,0,0,1578.json,NotBuggy
6,0.24862177670001984,0.46715297785313276,1,1,2,2,1.37,1,2,34.0,115.56517028808594,0,1,0,0,0,1067.json,NotBuggy
2,0.11185400187969208,0.9370736717513546,0,0,0,1,0.0,0,0,11.0,140.82913208007812,0,1,0,0,0,165.json,NotBuggy
9,0.6584824323654175,0.5215119385687222,1,1,2,2,1.33,1,1,41.0,107.86027526855469,0,1,1,0,0,1849.json,NotBuggy
5,0.033732663840055466,0.2424020805658918,0,0,0,1,0.98,0,1,34.0,118.37519836425781,0,1,0,0,0,1732.json,NotBuggy
3,0.7282800674438477,0.7309748526995277,0,0,0,1,0.94,0,1,19.0,130.34019470214844,0,0,0,0,0,2264.json,NotBuggy
3,0.014938748441636562,0.43708299230652053,0,0,0,1,0.94,0,2,26.0,128.50894165039062,0,2,0,0,0,2575.json,NotBuggy
3,0.7443586587905884,0.9442415081313404,0,0,0,1,0.94,0,1,14.0,132.79563903808594,0,0,0,0,0,2570.json,NotBuggy
13,0.008379924111068249,0.030229527406356933,1,1,2,2,2.41,2,1,64.0,98.77915954589844,0,1,1,0,0,1338.json,NotBuggy
3,0.913798451423645,0.929894924931203,0,0,0,1,0.94,0,0,12.0,133.59722900390625,0,0,0,0,0,1173.json,NotBuggy
15,0.004424469545483589,2.0468462259817865E-5,5,2,7,3,1.87,2,11,109.0,93.28270721435547,0,1,3,0,0,961.json,NotBuggy
3,0.5299605131149292,0.5066172057030386,0,0,0,1,0.94,0,3,23.0,129.34671020507812,0,1,0,0,0,2367.json,NotBuggy
3,0.3641846179962158,0.8659756575526905,0,0,0,1,1.89,0,0,17.0,131.28770446777344,0,1,0,0,0,12.json,NotBuggy
10,0.8862597346305847,0.38865718718688325,0,0,0,1,3.69,1,2,51.0,104.75129699707031,0,1,1,0,0,927.json,NotBuggy
5,0.001240671961568296,0.015076246297696948,0,0,0,1,2.19,0,3,48.0,116.34761810302734,0,2,0,0,0,1760.json,NotBuggy
3,0.2323169857263565,0.5788769087601102,0,0,0,1,0.94,0,1,20.0,130.07347106933594,0,0,0,0,0,2830.json,NotBuggy
11,0.0020853583700954914,0.01673629201142773,0,0,0,1,4.3,0,5,69.0,101.74198150634766,0,5,1,0,0,2057.json,NotBuggy
3,0.7158032059669495,0.8699985673456085,0,0,0,1,0.94,0,0,17.0,131.28770446777344,0,1,0,0,0,2597.json,NotBuggy
3,0.9731609225273132,0.8470612138220714,0,0,0,1,0.94,0,0,18.0,130.99049377441406,0,0,0,0,0,1788.json,NotBuggy
3,0.9652870297431946,0.8361811392539459,0,0,0,1,0.94,0,0,18.0,130.99049377441406,0,0,0,0,0,1399.json,NotBuggy
7,0.0,0.010508570847594711,0,0,0,1,4.2,0,1,65.0,109.49163055419922,0,4,0,0,0,2047.json,NotBuggy
3,0.7833896279335022,0.928650256143463,0,0,0,1,1.89,0,0,15.0,131.9385528564453,0,0,0,0,0,2195.json,NotBuggy
3,0.865972638130188,0.9236800627807608,0,0,0,1,1.89,0,0,15.0,131.9385528564453,0,0,0,0,0,10.json,NotBuggy
5,0.9522277116775513,0.7694964836191817,0,0,0,1,0.98,0,1,29.0,119.76210021972656,0,1,1,0,0,459.json,NotBuggy
3,0.44366031885147095,0.5086174515483397,0,0,0,1,0.94,0,1,24.0,128.83535766601562,0,0,0,0,0,1285.json,NotBuggy
4,0.25109922885894775,0.5387563957291925,0,0,0,1,1.0,0,0,25.0,123.96263122558594,0,1,0,0,0,1403.json,NotBuggy
7,0.4429720342159271,0.28315898664375405,0,0,0,2,1.51,1,2,40.0,111.66931915283203,0,1,0,0,0,2134.json,NotBuggy
6,0.0,0.0015898427665465855,0,0,0,1,2.21,0,1,67.0,111.7143325805664,0,3,0,0,0,2382.json,NotBuggy
3,0.6609014272689819,0.8286984850487239,0,0,0,1,2.83,0,0,17.0,131.28770446777344,0,1,0,0,0,2770.json,NotBuggy
3,0.015056570060551167,0.8594716451439556,0,0,0,1,0.94,0,0,14.0,132.4454345703125,0,0,0,0,0,2807.json,NotBuggy
4,0.4944170415401459,0.770370566802742,0,0,0,1,1.66,0,1,19.0,125.91468811035156,0,1,0,0,0,1596.json,NotBuggy
3,0.8323626518249512,0.9013367566018248,0,0,0,1,0.94,0,0,14.0,132.4454345703125,0,0,0,0,0,1253.json,NotBuggy
13,0.025017263367772102,0.00732693466283947,2,3,5,4,2.27,2,4,76.0,97.78876495361328,0,1,1,0,0,207.json,NotBuggy
3,0.0,0.049217296048007675,0,0,0,1,0.94,0,1,41.0,125.61409759521484,0,4,0,0,0,1380.json,NotBuggy
3,0.015056570060551167,0.8594716451439556,0,0,0,1,0.94,0,0,14.0,132.4454345703125,0,0,0,0,0,2737.json,NotBuggy
4,0.05367017537355423,0.8149739414737995,0,0,0,1,2.45,0,3,19.0,126.04888916015625,0,0,0,0,0,1964.json,NotBuggy
8,0.561991810798645,0.03216426990551012,4,2,6,3,1.85,1,2,56.0,107.3221435546875,0,2,2,0,0,1203.json,NotBuggy
6,0.0,0.005303026911328926,0,0,0,1,2.21,0,0,64.0,112.1324691772461,0,4,0,0,0,363.json,NotBuggy
6,0.11972671747207642,0.016597758633548773,0,0,0,1,0.9,0,5,55.0,112.49031829833984,0,2,2,0,0,1200.json,NotBuggy
3,0.8612971305847168,0.9152759249771231,0,0,0,1,3.77,0,0,12.0,133.59722900390625,0,0,0,0,0,1193.json,NotBuggy
3,0.9486316442489624,0.9397208310964525,0,0,0,1,0.94,0,0,12.0,133.59722900390625,0,0,0,0,0,734.json,NotBuggy
11,0.6109498739242554,0.09647398995486742,0,0,0,2,3.09,1,3,61.0,102.09831237792969,0,1,2,0,0,1061.json,NotBuggy
5,0.004769235383719206,0.08398235269365217,0,0,0,1,1.5,0,4,42.0,117.4128646850586,0,2,0,0,0,174.json,NotBuggy
6,0.0,0.0058479997426759064,0,0,0,1,0.94,0,2,61.0,112.31913757324219,0,2,1,0,0,2443.json,NotBuggy
3,0.65873783826828,0.9060816675077237,0,0,0,1,1.89,0,0,12.0,133.59722900390625,0,0,0,0,0,1901.json,NotBuggy
10,0.11033248901367188,0.3470247848307869,2,2,4,3,1.26,1,3,48.0,105.0295181274414,0,0,1,0,0,847.json,NotBuggy
12,0.011447806842625141,6.082856601906244E-5,0,0,0,2,2.51,1,7,97.0,97.60909271240234,0,1,2,0,0,2459.json,NotBuggy
3,0.9120848774909973,0.873836695627409,0,0,0,1,1.89,0,1,15.0,132.086669921875,0,0,0,0,0,1168.json,NotBuggy
4,0.09892065823078156,0.24095093566480924,0,0,0,1,1.0,0,3,32.0,122.37174224853516,0,1,0,0,0,1358.json,NotBuggy
5,0.0388149619102478,0.24088921707618594,0,0,0,1,0.98,0,1,34.0,118.37519836425781,0,1,0,0,0,1765.json,NotBuggy
3,0.9935616254806519,0.9388063299392759,0,0,0,1,1.0,0,0,12.0,133.59722900390625,0,0,0,0,0,1424.json,NotBuggy
7,0.01115228608250618,0.15301419002785507,0,0,0,1,2.59,0,1,43.0,111.70317840576172,0,1,1,0,0,841.json,NotBuggy
3,2.0044810662511736E-4,0.1145278291129919,0,0,0,1,0.94,0,2,36.0,126.64292907714844,0,0,0,0,0,1220.json,NotBuggy
6,0.09958731383085251,0.09011374041567831,1,1,2,2,1.37,0,1,44.0,113.72801208496094,0,1,0,0,0,1795.json,NotBuggy
3,0.9739502668380737,0.8883242104586877,0,0,0,1,0.94,0,0,15.0,132.086669921875,0,1,0,0,0,733.json,NotBuggy
3,0.794624924659729,0.9019323800204604,0,0,0,1,0.94,0,0,15.0,131.9385528564453,0,0,0,0,0,2595.json,NotBuggy
3,0.43653005361557007,0.7189830610647172,0,0,0,1,0.94,0,1,19.0,130.57513427734375,0,1,0,0,0,1573.json,NotBuggy
3,0.8477373719215393,0.8358285724992056,0,0,0,1,0.94,0,1,16.0,131.60296630859375,0,0,0,0,0,2456.json,NotBuggy
5,0.15889984369277954,0.32377631805813206,0,0,0,1,1.79,0,2,34.0,118.44156646728516,0,1,0,0,0,2165.json,NotBuggy
3,2.510390186216682E-4,0.09428467691219906,0,0,0,1,0.94,0,4,36.0,126.56407165527344,0,1,0,0,0,2491.json,NotBuggy
4,1.5677697956562042E-4,0.09708815650766675,0,0,0,1,2.45,0,1,41.0,121.22734832763672,0,2,0,0,0,2067.json,NotBuggy
24,5.955552915111184E-4,3.2618784357660483E-9,1,1,2,4,3.23,3,8,160.0,82.9072036743164,0,3,4,0,0,2315.json,NotBuggy
6,0.0012321696849539876,0.0017194762884391282,0,0,0,1,1.37,0,3,66.0,111.63607025146484,0,3,1,0,0,2440.json,NotBuggy
3,0.05394088849425316,0.5644282901507529,0,0,0,1,1.89,0,0,22.0,129.37762451171875,0,0,0,0,0,24.json,NotBuggy
8,6.02695916313678E-4,0.042094810573197174,0,0,0,1,2.0,0,1,50.0,108.41930389404297,0,4,0,0,0,1536.json,NotBuggy
3,3.8257092819549143E-4,0.1840828337703912,0,0,0,1,0.94,0,1,34.0,127.11396026611328,0,1,0,0,0,1680.json,NotBuggy
5,0.03048788569867611,0.09881322562849208,0,0,0,1,2.19,0,2,40.0,117.40723419189453,0,1,1,0,0,875.json,NotBuggy
3,0.1371772736310959,0.9092217428106837,0,0,0,1,0.94,0,0,12.0,133.59722900390625,0,0,0,0,0,2805.json,NotBuggy
4,0.14162275195121765,0.5118765329379131,0,0,0,1,1.0,0,1,25.0,123.87862396240234,0,1,0,0,0,2268.json,NotBuggy
3,0.957571804523468,0.9349434843384139,0,0,0,1,3.77,0,0,12.0,133.59722900390625,0,0,0,0,0,1978.json,NotBuggy
4,0.3319217264652252,0.6243462676824163,0,0,0,1,1.66,0,1,22.0,124.91740417480469,0,1,0,0,0,1604.json,NotBuggy
4,0.7415710687637329,0.629862118701821,0,0,0,1,1.0,0,2,24.0,124.361083984375,0,1,1,0,0,1244.json,NotBuggy
14,3.042207099497318E-4,4.658781747255724E-5,0,0,0,2,2.56,2,5,100.0,95.18265533447266,0,0,1,0,0,2137.json,NotBuggy
3,0.08560652285814285,0.4426925032850902,0,0,0,1,0.94,0,0,26.0,128.50894165039062,0,2,0,0,0,242.json,NotBuggy
6,0.003022447694092989,0.02720056180323869,0,0,0,1,2.49,0,3,48.0,113.39401245117188,0,2,0,0,0,1446.json,NotBuggy
3,0.43495050072669983,0.9056182055229848,0,0,0,1,0.94,0,1,15.0,132.25152587890625,0,0,0,0,0,1532.json,NotBuggy
4,0.0,0.035596971833178,0,0,0,1,4.56,0,0,45.0,120.53255462646484,0,3,0,0,0,343.json,NotBuggy
3,0.2850891053676605,0.7287764469949196,0,0,0,1,0.94,0,0,20.0,130.07347106933594,0,1,0,0,0,97.json,NotBuggy
3,0.5822826027870178,0.7776163363956484,0,0,0,1,0.94,0,2,18.0,130.99049377441406,0,0,0,0,0,1206.json,NotBuggy
3,0.2642669081687927,0.8229610614256074,0,0,0,1,0.94,0,0,17.0,131.28770446777344,0,1,0,0,0,74.json,NotBuggy
3,0.012991352938115597,0.20364429469201017,0,0,0,1,0.94,0,1,31.0,127.50450134277344,0,1,0,0,0,1625.json,NotBuggy
3,0.2746988534927368,0.6047088731925069,0,0,0,1,0.94,0,3,24.0,129.36033630371094,0,1,0,0,0,852.json,NotBuggy
3,0.7314872741699219,0.6537455916398902,0,0,0,1,0.94,0,0,22.0,129.57785034179688,0,2,0,0,0,110.json,NotBuggy
3,0.02007707767188549,0.7901874273352182,0,0,0,1,0.94,0,0,17.0,131.28770446777344,0,1,0,0,0,2761.json,NotBuggy
3,0.8298770785331726,0.8152055577365032,0,0,0,1,0.94,0,0,18.0,130.621337890625,0,1,0,0,0,2275.json,NotBuggy
16,0.2669420838356018,0.03777217614726618,3,5,8,6,2.44,3,2,80.0,93.69828796386719,0,1,0,0,0,471.json,Buggy
3,0.01895540952682495,0.4072198137114089,0,0,0,1,0.94,0,2,26.0,128.50894165039062,0,2,0,0,0,2581.json,NotBuggy
10,0.002705363556742668,0.017260336746268458,0,0,0,1,1.55,0,2,70.0,103.60183715820312,0,1,1,0,0,2164.json,NotBuggy
4,0.0882592499256134,0.527247910433195,0,0,0,1,1.0,0,0,27.0,123.56243133544922,0,1,0,0,0,1267.json,NotBuggy
8,0.19418053328990936,0.016420194227040743,1,1,2,2,0.87,0,3,63.0,107.26093292236328,0,0,2,0,0,121.json,NotBuggy
4,0.08037693053483963,0.4121582820829363,0,0,0,1,1.0,0,1,27.0,123.39956665039062,0,1,0,0,0,1764.json,NotBuggy
3,0.2756554186344147,0.8493619654120252,0,0,0,1,0.94,0,0,17.0,131.28770446777344,0,1,0,0,0,2788.json,NotBuggy
3,0.8924760818481445,0.594480927657816,0,0,0,1,0.94,0,1,23.0,129.34671020507812,0,0,0,0,0,1701.json,NotBuggy
5,0.7578117251396179,0.3131593083488248,0,0,0,1,0.98,0,1,36.0,118.14434051513672,0,1,2,0,0,1743.json,NotBuggy
3,0.6745785474777222,0.8015347428154647,0,0,0,1,0.94,0,0,17.0,131.1535186767578,0,1,0,0,0,2661.json,NotBuggy
3,0.4092327058315277,0.8176150273493817,0,0,0,1,0.94,0,0,17.0,131.28770446777344,0,1,0,0,0,2777.json,NotBuggy
9,0.8120014667510986,0.31074677324282574,1,1,2,2,1.33,1,1,46.0,106.87126159667969,0,1,0,0,0,2450.json,NotBuggy
3,0.8875794410705566,0.927417626479863,0,0,0,1,0.94,0,0,13.0,132.9956512451172,0,0,0,0,0,1162.json,NotBuggy
3,0.28453922271728516,0.8341059215094445,0,0,0,1,0.94,0,0,17.0,131.28770446777344,0,1,0,0,0,1864.json,NotBuggy
4,0.6050588488578796,0.4462102015582243,0,0,0,1,1.66,0,2,29.0,123.1068344116211,0,2,0,0,0,2185.json,NotBuggy
4,0.05844936519861221,0.5143717255634686,0,0,0,1,1.0,0,2,27.0,123.65223693847656,0,1,0,0,0,856.json,NotBuggy
5,4.4717328273691237E-4,0.17328228544822172,0,0,0,1,4.66,0,1,41.0,117.61241912841797,0,2,0,0,0,2036.json,NotBuggy
4,0.2076176404953003,0.5608649978877014,0,0,0,1,1.0,0,0,25.0,123.96263122558594,0,1,0,0,0,1750.json,NotBuggy
7,1.1019867815775797E-4,3.184782356806934E-4,0,0,0,2,1.28,1,5,77.0,108.05938720703125,0,1,2,0,0,1126.json,NotBuggy
3,0.0,0.0671143907629648,0,0,0,1,0.94,0,2,38.0,126.20867156982422,0,3,0,0,0,2379.json,NotBuggy
3,0.0,0.09627249605159749,0,0,0,1,0.94,0,1,38.0,126.44578552246094,0,1,0,0,0,1719.json,NotBuggy
3,0.41427984833717346,0.5651637059473313,0,0,0,1,0.94,0,2,21.0,129.93223571777344,0,0,0,0,0,1949.json,NotBuggy
2,0.011484463699162006,0.6410962256771411,0,0,0,1,0.0,0,0,20.0,136.64199829101562,0,4,0,0,0,990.json,NotBuggy
18,0.007809789851307869,3.9613790219831E-6,0,0,0,3,2.82,3,12,121.0,89.21136474609375,0,0,2,0,0,2276.json,NotBuggy
15,0.004178748466074467,2.0893884746579572E-5,3,3,6,4,1.5,1,8,107.0,93.25314331054688,0,1,1,0,0,1314.json,NotBuggy
3,0.9411879777908325,0.7359355991680271,0,0,0,1,1.0,0,0,19.0,130.236328125,0,1,0,0,0,2248.json,NotBuggy
5,0.7778370380401611,0.696168584931271,0,0,0,1,0.9,0,1,27.0,119.86349487304688,1,0,0,0,0,1832.json,NotBuggy
5,0.0,0.009906934959795851,0,0,0,1,2.33,0,0,59.0,115.57544708251953,0,5,0,0,0,1661.json,NotBuggy
3,0.613961935043335,0.9326023910207787,0,0,0,1,0.94,0,0,12.0,133.59722900390625,0,0,0,0,0,2095.json,NotBuggy
4,0.515507161617279,0.5923393847658209,0,0,0,1,1.66,0,1,22.0,124.81353759765625,0,1,0,0,0,1602.json,NotBuggy
6,0.6684384346008301,0.4913446030045621,1,1,2,2,1.37,1,2,31.0,116.13532257080078,0,1,0,0,0,1157.json,NotBuggy
3,0.718774139881134,0.7639570420952986,0,0,0,1,0.94,0,2,18.0,130.85629272460938,0,0,0,0,0,1278.json,NotBuggy
3,0.2764967978000641,0.35637541197794986,0,0,0,1,0.94,0,1,27.0,128.4090576171875,0,1,0,0,0,1648.json,NotBuggy
3,0.7205078601837158,0.8899407973144666,0,0,0,1,0.94,0,0,12.0,133.59722900390625,0,0,0,0,0,1891.json,NotBuggy
3,0.8519518375396729,0.8029189055687993,0,0,0,1,0.94,0,0,18.0,130.7338104248047,0,0,0,0,0,1782.json,NotBuggy
5,0.0027705675456672907,0.28805741871156587,0,0,0,1,1.79,0,1,34.0,118.58592224121094,0,4,0,0,0,1586.json,NotBuggy
4,0.06598706543445587,0.1374427729918172,0,0,0,1,1.66,0,2,37.0,121.42755889892578,0,3,0,0,0,2173.json,NotBuggy
6,0.0,0.006736462243040348,0,0,0,1,3.59,0,0,64.0,112.1324691772461,0,4,0,0,0,352.json,NotBuggy
20,0.0,5.187352532253775E-5,0,0,0,1,0.6,0,17,128.0,89.02374267578125,0,0,1,0,0,2771.json,NotBuggy
3,0.41194283962249756,0.8399328395357812,0,0,0,1,0.94,0,0,17.0,131.28770446777344,0,1,0,0,0,1266.json,NotBuggy
3,0.9298778176307678,0.9653485509849921,0,0,0,1,1.89,0,0,12.0,133.59722900390625,0,0,0,0,0,992.json,NotBuggy
4,0.12244987487792969,0.31092031844628165,0,0,0,1,2.18,0,1,33.0,122.3560791015625,0,3,0,0,0,532.json,NotBuggy
2,0.9968956708908081,0.9252800299492274,0,0,0,1,0.94,0,0,11.0,140.82913208007812,0,1,0,0,0,224.json,NotBuggy
4,3.1795172253623605E-4,0.13179107010948315,0,0,0,1,1.0,0,1,38.0,121.54822540283203,0,3,0,0,0,1366.json,NotBuggy
3,0.5875252485275269,0.4678514021659198,0,0,0,1,0.94,0,2,25.0,128.62307739257812,0,1,0,0,0,507.json,NotBuggy
3,0.9067976474761963,0.6892145521029068,0,0,0,1,0.94,0,0,23.0,129.58164978027344,0,0,0,0,0,1323.json,NotBuggy
3,0.012237200513482094,0.20929815587072131,0,0,0,1,0.94,0,1,31.0,127.50450134277344,0,1,0,0,0,1657.json,NotBuggy
4,0.04991614446043968,0.19244514846294808,0,0,0,1,1.0,0,2,35.0,121.83938598632812,0,2,1,0,0,379.json,NotBuggy
19,0.012824331410229206,0.001064598846495309,10,8,18,9,1.48,1,6,106.0,88.7609634399414,0,1,1,0,0,122.json,NotBuggy
3,0.6554149985313416,0.4240216662218864,1,1,2,2,0.94,0,1,24.0,128.6053466796875,0,1,0,0,0,1343.json,NotBuggy
4,0.30629435181617737,0.6833984697417556,0,0,0,1,1.0,0,1,22.0,124.71717071533203,0,0,0,0,0,2256.json,NotBuggy
5,0.0019812968093901873,0.2540269228941202,0,0,0,1,1.79,0,1,33.0,118.66690826416016,0,2,0,0,0,1525.json,NotBuggy
7,3.5323770134709775E-4,0.0902951957215017,0,0,0,1,2.1,0,1,44.0,111.2971420288086,0,4,0,0,0,1529.json,NotBuggy
10,0.0,2.4211289240421412E-8,1,1,2,2,1.96,0,10,129.0,99.14090728759766,0,0,4,0,0,1817.json,NotBuggy
3,0.8794547915458679,0.6551117292208873,0,0,0,1,0.94,0,0,23.0,129.58164978027344,0,0,0,0,0,1428.json,NotBuggy
3,0.8934102058410645,0.9229285873541279,0,0,0,1,0.94,0,0,13.0,132.9956512451172,0,0,0,0,0,1149.json,NotBuggy
3,0.5546475052833557,0.827313579610097,0,0,0,1,0.94,0,0,17.0,131.28770446777344,0,1,0,0,0,1412.json,NotBuggy
8,0.5589750409126282,0.9440394715964422,1,1,2,2,2.83,1,1,26.0,112.58973693847656,0,0,0,0,0,13.json,NotBuggy
3,0.8510107398033142,0.7708908611951203,0,0,0,1,0.94,0,1,21.0,130.05470275878906,0,0,0,0,0,1375.json,NotBuggy
3,0.3875032663345337,0.762352517904233,0,0,0,1,0.94,0,0,20.0,130.07347106933594,0,1,0,0,0,1182.json,NotBuggy
2,0.9939427971839905,0.9339186060837569,0,0,0,1,0.94,0,0,11.0,140.82913208007812,1,1,0,0,0,2679.json,NotBuggy
8,1.4652156096417457E-4,0.001551934786261411,0,0,0,1,1.73,0,6,69.0,106.60643768310547,0,4,1,0,0,2433.json,NotBuggy
3,0.9409566521644592,0.9477736721051104,0,0,0,1,0.94,0,0,12.0,133.59722900390625,0,0,0,0,0,202.json,NotBuggy
4,5.841337842866778E-4,0.07514902501493487,0,0,0,1,2.45,0,5,40.0,121.21139526367188,0,2,0,0,0,2423.json,NotBuggy
6,0.11347191780805588,0.154807825535712,0,0,0,1,0.94,0,2,44.0,114.08087921142578,0,3,1,0,0,139.json,NotBuggy
15,0.3585590124130249,2.39854687730443E-5,2,3,5,4,1.15,1,2,112.0,92.97985076904297,0,1,5,0,0,1103.json,NotBuggy
3,6.155333830974996E-4,0.1711055588456168,0,0,0,1,0.94,0,1,34.0,127.11396026611328,0,1,0,0,0,1641.json,NotBuggy
3,0.9427116513252258,0.9565648897927346,0,0,0,1,0.94,0,0,12.0,133.59722900390625,0,0,0,0,0,2711.json,NotBuggy
3,0.5754054188728333,0.73235053881918,0,0,0,1,0.94,0,1,18.0,130.7338104248047,0,0,0,0,0,2568.json,NotBuggy
3,0.7347843050956726,0.9015001490543374,0,0,0,1,0.94,0,0,14.0,132.4454345703125,0,0,0,0,0,103.json,NotBuggy
7,0.08182729035615921,0.49354418173928905,1,1,2,2,1.51,1,2,36.0,112.77070617675781,0,1,0,0,0,846.json,NotBuggy
8,0.07927484065294266,0.031423198186681434,0,0,0,2,1.73,1,3,57.0,107.72148132324219,0,0,3,0,0,1969.json,NotBuggy
3,0.7257014513015747,0.6513627842624677,0,0,0,1,0.94,0,1,22.0,129.69032287597656,0,1,0,0,0,1968.json,NotBuggy
16,0.3231535851955414,0.1863543143592032,5,4,9,5,1.2,1,3,67.0,95.0218505859375,0,1,1,0,0,747.json,NotBuggy
6,0.23129203915596008,0.4754657273909248,1,1,2,2,1.63,0,1,32.0,115.88042449951172,0,1,0,0,0,915.json,NotBuggy
3,0.16393950581550598,0.5216519164211404,0,0,0,1,0.94,0,1,23.0,129.14646911621094,0,1,0,0,0,1783.json,NotBuggy
4,0.0133760254830122,0.3642085180106919,0,0,0,1,1.0,0,2,29.0,123.19084167480469,0,2,0,0,0,2606.json,NotBuggy
3,3.7674864870496094E-4,0.31547930150124204,0,0,0,1,0.94,0,2,30.0,127.67500305175781,0,3,0,0,0,2477.json,NotBuggy
13,0.0132773881778121,5.200704370316403E-4,0,0,0,1,3.69,1,4,86.0,97.43447875976562,0,0,2,0,0,1744.json,NotBuggy
3,0.3544738292694092,0.600250382163792,0,0,0,1,0.94,0,2,21.0,129.93223571777344,0,0,0,0,0,1947.json,NotBuggy
3,0.6950544714927673,0.6836473031001267,0,0,0,1,0.94,0,1,22.0,129.69032287597656,0,1,0,0,0,1967.json,NotBuggy
3,0.7891626358032227,0.7055372159238344,0,0,0,1,0.94,0,1,19.0,130.57513427734375,0,1,0,0,0,1588.json,NotBuggy
5,0.18872125446796417,0.04119232982728806,0,0,0,1,1.96,0,3,45.0,116.85465240478516,0,1,1,0,0,76.json,NotBuggy
9,0.1146237701177597,0.08789979061347497,1,1,2,2,2.67,1,2,53.0,106.08020782470703,0,1,1,0,0,56.json,NotBuggy
4,0.10959891229867935,0.2665013688448138,0,0,0,1,1.66,0,2,34.0,122.12659454345703,0,3,0,0,0,2167.json,NotBuggy
9,1.9757720292545855E-4,7.873149266240834E-6,0,0,0,1,3.0,0,5,97.0,102.59195709228516,0,1,3,0,0,1485.json,NotBuggy
3,0.013040482066571712,0.18613796495345747,0,0,0,1,0.94,0,1,31.0,127.50450134277344,0,1,0,0,0,1293.json,NotBuggy
5,0.03905070200562477,0.0031366782227926575,0,0,0,1,0.98,0,3,58.0,115.12355041503906,0,1,2,0,0,1652.json,NotBuggy
3,0.628468930721283,0.855360289099519,0,0,0,1,1.89,0,0,17.0,131.28770446777344,0,1,0,0,0,14.json,NotBuggy
3,0.8776375651359558,0.6442727839478063,0,0,0,1,0.94,0,1,24.0,129.36033630371094,0,0,0,0,0,1654.json,NotBuggy
3,0.9037314653396606,0.6922028125647873,0,0,0,1,0.94,0,0,23.0,129.58164978027344,0,0,0,0,0,1821.json,NotBuggy
3,0.0,0.04045341507594589,0,0,0,1,1.89,0,0,44.0,125.59944152832031,0,1,0,0,0,2034.json,NotBuggy
3,0.4474239945411682,0.7849424213407858,0,0,0,1,0.94,0,0,20.0,130.44261169433594,0,1,0,0,0,1153.json,NotBuggy
1,0.8854535222053528,0.703410319658684,0,0,0,1,0.0,0,0,14.0,150.24295043945312,0,0,0,0,0,1883.json,NotBuggy
4,0.1583687663078308,0.6516887663052843,0,0,0,1,1.66,0,1,23.0,124.58238983154297,0,1,0,0,0,1534.json,NotBuggy
3,0.6530962586402893,0.8536768605637138,0,0,0,1,0.94,0,1,17.0,131.43582153320312,0,1,0,0,0,2158.json,NotBuggy
6,0.0649636760354042,0.09851997958298854,0,0,0,1,0.94,0,3,45.0,113.90103912353516,0,1,2,0,0,1119.json,NotBuggy
4,0.04328930005431175,0.28584952847095557,0,0,0,1,1.0,0,3,33.0,122.5189437866211,0,1,0,0,0,1228.json,NotBuggy
7,0.0,0.009241105710727853,0,0,0,1,4.2,0,1,65.0,109.49163055419922,0,4,0,0,0,2040.json,NotBuggy
3,2.0044810662511736E-4,0.1145278291129919,0,0,0,1,0.94,0,2,36.0,126.64292907714844,0,0,0,0,0,1218.json,NotBuggy
5,0.4552699327468872,0.9348001707996209,0,0,0,1,1.96,0,2,20.0,122.167236328125,0,0,0,0,0,923.json,NotBuggy
7,0.4429720342159271,0.28315898664375405,0,0,0,2,1.51,1,2,40.0,111.66931915283203,0,1,0,0,0,2699.json,NotBuggy
12,1.589706225786358E-4,7.927143173117517E-8,0,0,0,2,1.37,1,14,130.0,95.94812774658203,0,1,4,0,0,1212.json,NotBuggy
4,7.781493477523327E-4,0.07366424596212605,0,0,0,1,2.45,0,5,40.0,121.21139526367188,0,2,0,0,0,2416.json,NotBuggy
12,0.43461281061172485,0.9419859637417294,1,1,2,2,2.83,1,1,42.0,103.07451629638672,0,0,0,0,0,2396.json,NotBuggy
12,0.003048716578632593,3.3957478957601615E-4,3,2,5,3,8.86,2,12,91.0,97.86980438232422,0,0,2,0,0,1984.json,NotBuggy
6,0.6868224740028381,0.09173340993431416,1,3,4,2,1.37,1,2,46.0,113.7562026977539,0,1,0,0,0,505.json,NotBuggy
3,0.6128232479095459,0.8905520254628015,0,0,0,1,1.89,0,0,15.0,131.9385528564453,0,1,0,0,0,926.json,NotBuggy
3,0.9138857126235962,0.9682730362136955,0,0,0,1,0.94,0,0,12.0,133.59722900390625,0,0,0,0,0,119.json,NotBuggy
17,2.556591934990138E-4,3.2115970614144415E-11,1,1,2,3,3.2,2,12,170.0,88.29542541503906,0,2,2,0,0,2380.json,NotBuggy
7,6.82141340803355E-4,1.5571752288562349E-4,0,0,0,1,1.85,0,5,76.0,107.99820709228516,0,1,2,0,0,1733.json,NotBuggy
3,0.6909599900245667,0.8786306590615672,0,0,0,1,0.94,0,0,12.0,133.59722900390625,0,0,0,0,0,1094.json,NotBuggy
2,0.23889638483524323,0.5643323150716437,0,0,0,1,0.94,0,0,22.0,136.0425262451172,0,3,0,0,0,227.json,NotBuggy
6,0.09697771072387695,0.09239415145296653,0,0,0,1,0.94,0,4,45.0,113.96401977539062,0,2,1,0,0,1631.json,NotBuggy
3,0.32945382595062256,0.8503024967507475,0,0,0,1,0.94,0,0,17.0,131.28770446777344,0,1,0,0,0,1047.json,NotBuggy
3,0.7109838128089905,0.8851308162697981,0,0,0,1,0.94,0,1,15.0,132.086669921875,0,0,0,0,0,953.json,NotBuggy
3,0.7629631161689758,0.9299031713431141,0,0,0,1,1.89,0,0,15.0,131.9385528564453,0,0,0,0,0,101.json,NotBuggy
4,0.459883451461792,0.84598677925597,0,0,0,1,0.87,0,0,17.0,126.37059020996094,0,0,0,0,0,2804.json,NotBuggy
5,0.0,0.002218889201601165,0,0,0,1,2.19,0,4,61.0,115.10132598876953,0,3,0,0,0,1385.json,NotBuggy
3,0.8266189098358154,0.7311010438448363,0,0,0,1,0.94,0,1,21.0,130.05470275878906,0,0,0,0,0,1784.json,NotBuggy
3,0.016545521095395088,0.41312985024835186,0,0,0,1,0.94,0,2,26.0,128.50894165039062,0,2,0,0,0,2576.json,NotBuggy
6,0.4508915841579437,0.6918327649063162,1,1,2,2,1.37,1,2,30.0,116.30582427978516,0,1,0,0,0,1077.json,NotBuggy
4,0.5795608758926392,0.7943135888149147,0,0,0,1,1.0,0,0,20.0,125.64796447753906,0,1,0,0,0,1421.json,NotBuggy
3,0.10873722285032272,0.780384928914376,0,0,0,1,0.94,0,0,17.0,131.28770446777344,0,1,0,0,0,2656.json,NotBuggy
14,0.022778373211622238,1.0607984830846963E-5,3,3,6,4,1.19,1,3,109.0,94.13775634765625,0,3,2,0,0,210.json,NotBuggy
3,0.05482859909534454,0.5733082759234563,0,0,0,1,0.94,0,1,23.0,129.34671020507812,0,2,0,0,0,229.json,NotBuggy
3,0.35851672291755676,0.6036911860036928,0,0,0,1,0.94,0,2,21.0,129.93223571777344,0,0,0,0,0,1952.json,NotBuggy
5,0.7251904010772705,0.5342190564711854,1,1,2,2,1.5,1,0,28.0,119.52839660644531,0,2,0,0,0,1229.json,NotBuggy
3,0.016545521095395088,0.37539193784638464,0,0,0,1,0.94,0,2,26.0,128.50894165039062,0,2,0,0,0,2580.json,NotBuggy
3,0.0,0.013038560691286127,0,0,0,1,0.94,0,1,50.0,124.64512634277344,0,4,0,0,0,1616.json,NotBuggy
1,0.9915579557418823,0.5765281031266459,0,0,0,1,0.0,0,0,17.0,148.95103454589844,0,1,0,0,0,1859.json,NotBuggy
5,0.0017641405574977398,0.20504920727319853,0,0,0,1,1.79,0,1,35.0,118.3609390258789,0,3,0,0,0,1569.json,NotBuggy
16,3.2972617191262543E-4,8.037240237137503E-6,3,2,5,3,1.87,2,6,112.0,91.970947265625,0,2,3,0,0,933.json,NotBuggy
3,0.005403911229223013,0.31693416456253476,0,0,0,1,0.94,0,1,28.0,128.0337677001953,0,1,0,0,0,2439.json,NotBuggy
3,0.4982725977897644,0.9232671009940894,0,0,0,1,0.94,0,0,12.0,133.59722900390625,0,0,0,0,0,2702.json,NotBuggy
3,0.7456008195877075,0.8037184600102705,0,0,0,1,0.94,0,1,17.0,131.28770446777344,0,0,0,0,0,1524.json,NotBuggy
3,0.8959454298019409,0.8851982811282398,0,0,0,1,0.94,0,0,12.0,133.59722900390625,0,0,0,0,0,1892.json,NotBuggy
3,0.7106496095657349,0.7076067339471086,0,0,0,1,0.94,0,1,19.0,130.57513427734375,0,1,0,0,0,1576.json,NotBuggy
2,0.9995284080505371,0.9030830003923501,0,0,0,1,3.77,0,0,11.0,140.82913208007812,0,1,0,0,0,1205.json,NotBuggy
4,0.7364412546157837,0.5926175161253546,0,0,0,1,1.0,0,2,24.0,124.361083984375,0,1,1,0,0,1245.json,NotBuggy
9,0.5609726309776306,0.728204614374386,1,2,3,3,1.33,1,0,35.0,108.61590576171875,0,1,0,0,0,467.json,NotBuggy
3,0.8056090474128723,0.9307310387148898,0,0,0,1,0.94,0,1,14.0,132.79563903808594,0,0,0,0,0,472.json,NotBuggy
4,0.0,0.012175071515831712,0,0,0,1,2.45,0,1,53.0,119.61869812011719,0,4,0,0,0,2069.json,NotBuggy
10,0.017343318089842796,4.014686312967037E-4,0,0,0,2,2.24,1,6,79.0,101.82344818115234,0,1,2,0,0,111.json,NotBuggy
7,0.02625449374318123,0.0996316665284401,0,0,0,1,1.2,0,0,49.0,111.09032440185547,1,4,0,0,0,2097.json,NotBuggy
3,0.22805774211883545,0.8007292283574153,0,0,0,1,0.94,0,1,19.0,130.57513427734375,0,1,0,0,0,1874.json,NotBuggy
3,0.5505778789520264,0.8900922792441704,0,0,0,1,3.77,0,0,12.0,133.59722900390625,0,0,0,0,0,2818.json,NotBuggy
4,0.06524471193552017,0.13179860750392222,0,0,0,1,1.66,0,2,37.0,121.42755889892578,0,3,0,0,0,2172.json,NotBuggy
3,0.39730870723724365,0.5370106968059706,0,0,0,1,0.94,0,2,21.0,129.93223571777344,0,0,0,0,0,1954.json,NotBuggy
10,0.0,2.5209907468573577E-4,0,0,0,1,1.66,0,7,82.0,101.93244934082031,0,5,1,0,0,2434.json,NotBuggy
3,0.6946998834609985,0.8949510481046744,0,0,0,1,0.94,0,1,15.0,132.25152587890625,0,0,0,0,0,2155.json,NotBuggy
4,0.0,0.03691284899055811,0,0,0,1,1.66,0,1,46.0,120.48462677001953,0,4,0,0,0,1624.json,NotBuggy
2,0.45197030901908875,0.8487423794293524,0,0,0,1,0.0,0,0,14.0,139.0139617919922,0,2,0,0,0,988.json,NotBuggy
3,0.28791335225105286,0.7068559707758324,0,0,0,1,0.94,0,2,21.0,129.81976318359375,0,1,0,0,0,2259.json,NotBuggy
5,0.0012780309189110994,0.015062279251954445,0,0,0,1,2.19,0,3,48.0,116.34761810302734,0,2,0,0,0,1762.json,NotBuggy
4,0.13912545144557953,0.7477752964066879,0,0,0,1,1.66,0,1,20.0,125.5254898071289,0,0,0,0,0,1567.json,NotBuggy
3,0.0027025460731238127,0.42176730646067606,0,0,0,1,0.94,0,2,26.0,128.41912841796875,0,0,0,0,0,1317.json,NotBuggy
8,0.0,0.006107849532270596,0,0,0,1,0.87,0,12,65.0,107.52787780761719,0,0,0,0,0,109.json,NotBuggy
3,0.688104510307312,0.8946196532974607,0,0,0,1,3.77,0,1,14.0,132.79563903808594,0,0,0,0,0,1977.json,NotBuggy
3,0.8927595615386963,0.6531175397556623,0,0,0,1,0.94,0,0,23.0,129.58164978027344,0,0,0,0,0,1792.json,NotBuggy
9,5.992535734549165E-4,2.0676211571901899E-4,1,1,2,2,2.33,0,7,80.0,103.50068664550781,0,2,3,0,0,1042.json,NotBuggy
6,0.003022447694092989,0.02720056180323869,0,0,0,1,2.49,0,3,48.0,113.39401245117188,0,2,0,0,0,1445.json,NotBuggy
16,0.0,3.9913503352755275E-8,0,0,0,1,4.15,1,10,137.0,91.32575988769531,0,0,2,0,0,1405.json,NotBuggy
10,0.0018063705647364259,9.864345744201305E-6,0,0,0,2,1.66,1,5,97.0,100.59264373779297,0,1,4,0,0,1724.json,NotBuggy
3,0.8153743743896484,0.9365069799461785,0,0,0,1,0.94,0,0,12.0,133.59722900390625,0,0,0,0,0,198.json,NotBuggy
3,6.947455112822354E-4,0.17229045357034964,0,0,0,1,0.94,0,1,34.0,127.11396026611328,0,1,0,0,0,1727.json,NotBuggy
3,8.630382944829762E-4,0.07825660384638718,0,0,0,1,0.94,0,0,37.0,126.2772445678711,0,4,0,0,0,385.json,NotBuggy
6,0.0023131745401769876,0.41062121088316017,0,0,0,1,2.21,0,1,34.0,115.63230895996094,0,4,0,0,0,1584.json,NotBuggy
3,0.4203665852546692,0.7499526590595232,0,0,0,1,1.89,0,0,19.0,130.236328125,0,0,0,0,0,21.json,NotBuggy
14,0.1281125396490097,0.010380923030355135,0,0,0,2,2.56,2,4,72.0,97.00574493408203,0,0,1,0,0,2684.json,NotBuggy
5,0.1011209785938263,0.3899962296241212,0,0,0,1,0.98,0,1,32.0,118.82691955566406,0,1,0,0,0,1796.json,NotBuggy
3,0.15122976899147034,0.8988280414419587,0,0,0,1,3.77,0,0,12.0,133.59722900390625,0,0,0,0,0,1195.json,NotBuggy
3,0.49842900037765503,0.8199815198111761,0,0,0,1,0.94,0,0,17.0,131.1535186767578,0,2,0,0,0,245.json,NotBuggy
3,0.0,0.01113498970957246,0,0,0,1,0.94,0,2,48.0,124.79442596435547,0,3,0,0,0,1360.json,NotBuggy
3,3.7867555511184037E-4,0.11557363520853565,0,0,0,1,0.94,0,1,35.0,126.78941345214844,0,1,0,0,0,1503.json,NotBuggy
3,0.690233051776886,0.5045908892265375,0,0,0,1,0.94,0,1,26.0,128.70916748046875,0,0,0,0,0,1487.json,NotBuggy
7,0.06493610143661499,0.05107998430467616,0,0,0,2,3.45,1,3,49.0,110.7309799194336,0,0,2,0,0,1020.json,NotBuggy
3,0.27920401096343994,0.9109077098005105,0,0,0,1,0.94,0,0,12.0,133.59722900390625,0,0,0,0,0,2279.json,NotBuggy
3,0.0,0.04582764793595654,0,0,0,1,0.94,0,1,42.0,125.76248931884766,0,1,0,0,0,1720.json,NotBuggy
5,0.4409111440181732,0.5612339147693628,0,0,0,1,0.98,0,0,29.0,119.57592010498047,0,1,0,0,0,1842.json,NotBuggy
3,0.6756972670555115,0.8509919882238683,0,0,0,1,0.94,0,1,17.0,131.28770446777344,0,1,0,0,0,1249.json,Buggy
11,0.39864015579223633,0.02076331673017495,3,2,5,3,1.21,1,0,65.0,101.29802703857422,0,1,3,0,0,1112.json,NotBuggy
3,6.103706546127796E-4,0.20362470242298783,0,0,0,1,1.89,0,1,33.0,127.01653289794922,0,1,0,0,0,2032.json,NotBuggy
3,0.5055286288261414,0.6444699923908241,0,0,0,1,0.94,0,1,21.0,129.81976318359375,0,1,0,0,0,1440.json,NotBuggy
3,0.8515623211860657,0.9190715788993687,0,0,0,1,0.94,0,0,12.0,133.59722900390625,0,0,0,0,0,1427.json,NotBuggy
3,0.5786103010177612,0.6402795293017276,0,0,0,1,0.94,0,1,21.0,129.93223571777344,0,1,0,0,0,1216.json,NotBuggy
28,0.0,8.845967836173565E-13,2,2,4,4,3.25,3,12,205.0,79.02622985839844,0,3,4,0,0,2298.json,NotBuggy
3,0.03695756569504738,0.7936445167549283,0,0,0,1,0.94,0,0,17.0,131.28770446777344,0,1,0,0,0,2638.json,NotBuggy
3,0.11726773530244827,0.8029858641005826,0,0,0,1,0.94,0,0,19.0,130.34019470214844,0,0,0,0,0,1437.json,NotBuggy
3,0.4929865598678589,0.7223223029638234,0,0,0,1,0.94,0,1,19.0,130.34019470214844,0,0,0,0,0,1777.json,NotBuggy
4,0.0,0.03624102251178347,0,0,0,1,1.66,0,1,46.0,120.48462677001953,0,4,0,0,0,1728.json,NotBuggy
3,0.3121662139892578,0.9199505231830248,0,0,0,1,0.94,0,0,12.0,133.59722900390625,0,0,0,0,0,1435.json,NotBuggy
6,0.07910780608654022,0.059336404056558094,0,0,0,1,0.94,0,4,43.0,114.07755279541016,0,0,1,0,0,2263.json,NotBuggy
3,0.009966841898858547,0.2056574730318568,0,0,0,1,0.94,0,1,31.0,127.50450134277344,0,1,0,0,0,1682.json,NotBuggy
7,0.0,0.010188759631668756,0,0,0,1,4.2,0,1,65.0,109.49163055419922,0,4,0,0,0,2046.json,NotBuggy
5,0.0,0.005423797843690639,0,0,0,1,2.19,0,6,56.0,115.49394989013672,0,2,1,0,0,2469.json,NotBuggy
3,0.2548368573188782,0.8409375762680226,0,0,0,1,0.94,0,0,17.0,131.28770446777344,0,1,0,0,0,1873.json,NotBuggy
4,0.7790571451187134,0.6813333877952132,0,0,0,1,0.98,0,1,24.0,124.1749038696289,0,2,0,0,0,1833.json,NotBuggy
3,0.0,0.0677825813874406,0,0,0,1,1.89,0,1,41.0,125.8877944946289,0,2,0,0,0,2035.json,NotBuggy
3,0.8486015200614929,0.9164100598321913,0,0,0,1,0.94,0,0,12.0,133.59722900390625,0,0,0,0,0,2673.json,NotBuggy
3,0.7792801856994629,0.9183258403115935,0,0,0,1,0.94,0,0,14.0,132.4454345703125,0,0,0,0,0,1827.json,NotBuggy
16,0.09948626905679703,8.092404654037075E-4,2,1,3,4,1.71,2,6,96.0,92.77172088623047,0,1,5,0,0,137.json,NotBuggy
16,0.0013579817023128271,1.1101255188711668E-6,1,2,3,5,2.3,3,6,124.0,90.9241943359375,0,4,0,0,0,195.json,NotBuggy
3,0.6428563594818115,0.8762620895096946,0,0,0,1,3.77,0,0,12.0,133.59722900390625,0,0,0,0,0,1902.json,NotBuggy
6,0.6165676116943359,0.463892595637926,1,1,2,2,1.37,1,2,33.0,115.63639831542969,0,1,0,0,0,912.json,Buggy
3,0.72244793176651,0.8759401085831697,0,0,0,1,0.94,0,0,15.0,131.9385528564453,0,0,0,0,0,1322.json,NotBuggy
3,0.03695756569504738,0.7721264550777339,0,0,0,1,0.94,0,0,17.0,131.28770446777344,0,1,0,0,0,584.json,NotBuggy
18,1.742521271808073E-4,4.486903649551692E-12,1,1,2,3,3.17,2,13,178.0,87.07833099365234,0,2,2,0,0,2390.json,NotBuggy
3,0.8890071511268616,0.7976663151346564,0,0,0,1,0.94,0,0,17.0,131.28770446777344,0,1,0,0,0,218.json,NotBuggy
6,0.0,0.005677826549294599,0,0,0,1,4.42,0,1,65.0,111.9888687133789,0,4,0,0,0,2038.json,NotBuggy
8,0.46283403038978577,0.944374059172701,1,1,2,2,2.83,1,1,26.0,112.58973693847656,0,0,0,0,0,15.json,NotBuggy
3,0.6428563594818115,0.8762620895096946,0,0,0,1,3.77,0,0,12.0,133.59722900390625,0,0,0,0,0,2627.json,NotBuggy
3,0.0077995010651648045,0.8742267024902056,0,0,0,1,0.94,0,0,12.0,133.59722900390625,0,0,0,0,0,2795.json,NotBuggy
3,0.33832651376724243,0.8865092255438322,0,0,0,1,3.77,0,0,12.0,133.59722900390625,0,0,0,0,0,575.json,NotBuggy
21,0.053407613188028336,2.976467595639419E-4,1,1,2,4,4.02,1,7,108.0,87.61714935302734,0,1,2,0,0,1142.json,NotBuggy
3,0.6441720724105835,0.8141159472873148,0,0,0,1,0.94,0,0,17.0,131.28770446777344,0,1,0,0,0,2674.json,NotBuggy
3,0.5737244486808777,0.8542469491313671,0,0,0,1,0.94,0,0,15.0,131.9385528564453,0,0,0,0,0,96.json,NotBuggy
3,0.0768781527876854,0.8024898899416694,0,0,0,1,0.94,0,0,17.0,131.28770446777344,0,1,0,0,0,2759.json,NotBuggy
5,0.0,0.03402622063419549,0,0,0,1,1.79,0,1,47.0,116.5115737915039,0,5,0,0,0,336.json,NotBuggy
3,0.7477673888206482,0.43986883523490417,0,0,0,1,0.94,0,1,29.0,128.25381469726562,0,0,0,0,0,1672.json,NotBuggy
3,0.041325729340314865,0.6651008815511995,0,0,0,1,0.94,0,0,20.0,130.07347106933594,0,0,0,0,0,1818.json,NotBuggy
4,1.3681167911272496E-4,0.10491725488911133,0,0,0,1,2.45,0,1,41.0,121.22734832763672,0,2,0,0,0,2068.json,NotBuggy
9,0.10210627317428589,0.007595432529193852,2,1,3,2,1.33,1,3,69.0,104.3847427368164,0,5,0,0,0,516.json,NotBuggy
13,0.0018576424336060882,1.9567342913883986E-8,1,1,2,3,2.16,1,11,131.0,94.1500244140625,0,1,2,0,0,2387.json,NotBuggy
4,0.0658034160733223,0.5275129403166394,0,0,0,1,1.66,0,1,24.0,124.26470947265625,0,1,0,0,0,1517.json,NotBuggy
5,0.0013514433521777391,0.015152651550161458,0,0,0,1,2.19,0,3,48.0,116.34761810302734,0,2,0,0,0,1758.json,NotBuggy
5,0.0,0.001770709047147543,0,0,0,1,2.19,0,6,63.0,114.88147735595703,0,3,1,0,0,2488.json,NotBuggy
9,0.00199215579777956,0.01150506768996784,0,0,0,1,0.83,0,2,70.0,105.30867767333984,0,1,1,0,0,2163.json,NotBuggy
4,0.24005916714668274,0.5805531520393254,0,0,0,1,1.0,0,2,24.0,124.361083984375,0,1,0,0,0,2531.json,NotBuggy
9,0.02363673411309719,0.05443626055647186,3,2,5,3,1.33,1,3,53.0,105.85020446777344,0,2,0,0,0,490.json,NotBuggy
3,0.613961935043335,0.9326023910207787,0,0,0,1,0.94,0,0,12.0,133.59722900390625,0,0,0,0,0,1265.json,NotBuggy
6,0.014048134908080101,6.50157316102467E-4,0,0,0,1,0.94,0,5,68.0,111.21958923339844,0,1,2,0,0,1707.json,NotBuggy
3,0.8653656840324402,0.8633655352107894,0,0,0,1,0.94,0,0,13.0,132.9956512451172,0,0,0,0,0,1986.json,NotBuggy
3,0.8607810735702515,0.9257867568593523,0,0,0,1,0.94,0,0,12.0,133.59722900390625,0,0,0,0,0,1420.json,NotBuggy
4,0.7647556066513062,0.8768220072564663,0,0,0,1,1.0,0,0,19.0,125.91468811035156,0,1,0,0,0,1822.json,NotBuggy
3,0.9731609225273132,0.8470612138220714,0,0,0,1,0.94,0,0,18.0,130.99049377441406,0,0,0,0,0,1466.json,NotBuggy
7,0.4429720342159271,0.28315898664375405,0,0,0,2,1.51,1,2,40.0,111.66931915283203,0,1,0,0,0,2145.json,NotBuggy
3,0.024568691849708557,0.5457846064058341,0,0,0,1,0.94,0,1,24.0,129.12539672851562,0,2,0,0,0,1263.json,NotBuggy
4,0.49121496081352234,0.42949247449851835,0,0,0,1,2.45,0,1,31.0,123.03022766113281,0,0,0,0,0,1502.json,NotBuggy
4,0.0056990161538124084,0.2817596353722298,0,0,0,1,1.0,0,1,32.0,122.5160903930664,0,2,0,0,0,1697.json,NotBuggy
4,0.8182045817375183,0.7567735196455372,0,0,0,1,1.0,0,0,21.0,125.15930938720703,0,1,0,0,0,1643.json,NotBuggy
3,0.6097590923309326,0.6985342801568245,0,0,0,1,0.94,0,1,19.0,130.57513427734375,0,1,0,0,0,1599.json,NotBuggy
3,0.6626759171485901,0.8909388587938427,0,0,0,1,0.94,0,0,15.0,131.9385528564453,0,0,0,0,0,2592.json,NotBuggy
6,0.0,0.0023336221729800912,0,0,0,1,2.75,0,1,65.0,111.81744384765625,0,2,1,0,0,2458.json,NotBuggy
4,0.07792551070451736,0.37378402323604587,0,0,0,1,1.0,0,1,27.0,123.39956665039062,0,1,0,0,0,1814.json,NotBuggy
3,0.7397571802139282,0.8955748282449965,0,0,0,1,0.94,0,0,12.0,133.59722900390625,0,0,0,0,0,1165.json,NotBuggy
9,0.002227228134870529,0.011138247136955557,0,0,0,1,0.83,0,2,70.0,105.30867767333984,0,1,1,0,0,1928.json,NotBuggy
3,0.8986332416534424,0.6585788892096337,0,0,0,1,0.94,0,1,24.0,129.36033630371094,0,0,0,0,0,1679.json,NotBuggy
6,0.36084797978401184,0.2597473383976876,0,0,0,1,2.0,0,2,43.0,114.33689880371094,0,1,2,0,0,920.json,NotBuggy
5,0.0,0.005423797843690639,0,0,0,1,2.19,0,6,56.0,115.49394989013672,0,2,1,0,0,2468.json,NotBuggy
3,0.6188060641288757,0.8638399919432619,0,0,0,1,0.94,0,0,12.0,133.59722900390625,0,0,0,0,0,1105.json,NotBuggy
3,0.0,0.011484400388844284,0,0,0,1,0.94,0,1,50.0,124.64512634277344,0,4,0,0,0,1504.json,NotBuggy
33,0.008950997143983841,6.41669933045763E-8,6,10,16,11,1.47,2,1,184.0,75.82199096679688,0,6,4,0,0,1148.json,NotBuggy
3,0.4998692274093628,0.727511821869287,0,0,0,1,0.94,0,0,22.0,129.81280517578125,0,0,0,0,0,2199.json,NotBuggy
7,0.7068055272102356,0.7556874249422824,1,1,2,2,1.28,1,1,31.0,113.54827117919922,0,1,1,0,0,1101.json,NotBuggy
4,0.004245787393301725,0.20326708329418866,0,0,0,1,1.0,0,1,34.0,122.20084381103516,0,1,0,0,0,1483.json,NotBuggy
7,3.6754098255187273E-4,0.059510581862003524,0,0,0,1,2.1,0,2,46.0,111.01609802246094,0,4,0,0,0,1937.json,NotBuggy
1,0.001111035468056798,0.6000009978026918,0,0,0,1,0.0,0,0,17.0,148.95103454589844,0,3,0,0,0,984.json,NotBuggy
3,0.9345517754554749,0.9426894919065902,0,0,0,1,0.94,0,0,12.0,133.59722900390625,0,0,0,0,0,2772.json,NotBuggy
9,0.5091680288314819,0.121811515182526,1,1,2,2,4.62,1,3,49.0,106.54273223876953,0,1,2,0,0,1070.json,NotBuggy
3,0.4169798493385315,0.5343266074292216,0,0,0,1,0.94,0,2,21.0,129.93223571777344,0,0,0,0,0,1973.json,NotBuggy
3,0.8054876327514648,0.940810008638006,0,0,0,1,1.89,0,0,12.0,133.59722900390625,0,0,0,0,0,1180.json,NotBuggy
5,0.7445358037948608,0.06874352968877172,1,1,2,2,2.19,0,1,47.0,116.52787017822266,0,0,1,0,0,1753.json,NotBuggy
3,0.6955561637878418,0.8378699200755397,0,0,0,1,2.83,0,0,17.0,131.28770446777344,0,1,0,0,0,1025.json,NotBuggy
4,7.51467130612582E-4,0.06393225594799018,0,0,0,1,2.45,0,5,40.0,121.14502716064453,0,2,0,0,0,2421.json,NotBuggy
3,0.6026356816291809,0.8617358088849483,0,0,0,1,1.89,0,0,17.0,131.28770446777344,0,1,0,0,0,16.json,NotBuggy
7,0.02831600047647953,0.017040442143037324,0,0,0,2,1.28,1,3,55.0,109.9588851928711,0,0,2,0,0,1280.json,NotBuggy
3,0.5935596227645874,0.7373387975968897,0,0,0,1,0.94,0,1,18.0,130.7338104248047,0,0,0,0,0,2398.json,NotBuggy
3,0.010196543298661709,0.21130099387815698,0,0,0,1,0.94,0,1,31.0,127.50450134277344,0,1,0,0,0,1494.json,NotBuggy
4,0.0020975323859602213,0.12825492332160138,0,0,0,1,1.66,0,0,37.0,121.61679077148438,0,4,0,0,0,382.json,NotBuggy
3,0.019885549321770668,0.8917189995297091,0,0,0,1,0.94,0,0,12.0,133.59722900390625,0,0,0,0,0,2782.json,NotBuggy
3,0.9320259690284729,0.9400866380761234,0,0,0,1,0.94,0,0,12.0,133.59722900390625,0,0,0,0,0,1436.json,NotBuggy
6,3.506712382659316E-4,0.1427393190384126,0,0,0,1,1.8,0,1,40.0,114.57649230957031,0,4,0,0,0,1514.json,NotBuggy
3,0.3930184543132782,0.8122663525002581,0,0,0,1,1.89,0,0,17.0,131.28770446777344,0,1,0,0,0,2645.json,NotBuggy
3,0.0036330861039459705,0.13231692073355172,0,0,0,1,3.77,0,3,34.0,126.86129760742188,0,3,0,0,0,2320.json,NotBuggy
3,0.0179118774831295,0.42616017386073524,0,0,0,1,0.94,0,2,26.0,128.50894165039062,0,2,0,0,0,2577.json,NotBuggy
6,0.18905577063560486,0.10923362857448642,0,0,0,1,3.77,0,2,44.0,114.08087921142578,0,0,1,0,0,2832.json,NotBuggy
9,0.12376987934112549,0.012310829926246724,1,1,2,2,1.13,1,6,58.0,105.3288345336914,0,0,0,0,0,2562.json,NotBuggy
3,0.5210485458374023,0.6194752493262835,0,0,0,1,0.94,0,2,23.0,129.2428436279297,0,1,0,0,0,508.json,NotBuggy
3,0.6920579075813293,0.9022738870526714,0,0,0,1,0.94,0,0,12.0,133.59722900390625,0,0,0,0,0,1911.json,NotBuggy
3,0.579445481300354,0.8600966048552954,0,0,0,1,0.94,0,0,15.0,131.9385528564453,0,0,0,0,0,1282.json,NotBuggy
3,4.803684714715928E-4,0.1847039783999266,0,0,0,1,0.94,0,1,34.0,127.11396026611328,0,1,0,0,0,1655.json,NotBuggy
9,0.12771941721439362,0.11699832916421815,1,1,2,2,2.67,1,2,50.0,106.33111572265625,0,2,1,0,0,2055.json,NotBuggy
21,0.0,7.477499097319387E-14,9,9,18,6,2.39,5,27,219.0,83.17530822753906,0,2,2,0,0,77.json,NotBuggy
3,0.2677787244319916,0.9096327311897985,0,0,0,1,0.94,0,0,12.0,133.59722900390625,0,0,0,0,0,2669.json,NotBuggy
7,0.1450861692428589,0.026452078424127865,2,2,4,3,2.06,2,0,53.0,109.81951904296875,0,1,1,0,0,1230.json,NotBuggy
3,0.8304730653762817,0.8775213937704256,0,0,0,1,0.94,0,1,15.0,132.086669921875,0,0,0,0,0,956.json,NotBuggy
4,0.0021695520263165236,0.32610699611679134,0,0,0,1,2.45,0,4,32.0,122.76876068115234,0,1,0,0,0,2463.json,NotBuggy
5,0.0,0.027424363725036344,0,0,0,1,4.66,0,1,53.0,116.13312530517578,0,3,0,0,0,2042.json,NotBuggy
3,0.04452827572822571,0.7962969309767537,0,0,0,1,0.94,0,0,17.0,131.28770446777344,0,1,0,0,0,2776.json,NotBuggy
3,0.3148615062236786,0.7490772217733677,0,0,0,1,0.94,0,2,19.0,130.70933532714844,0,0,0,0,0,29.json,NotBuggy
5,0.24731890857219696,0.7608998464464859,1,1,2,2,1.5,1,3,23.0,121.07627868652344,0,0,0,0,0,2150.json,NotBuggy
3,0.8924760818481445,0.594480927657816,0,0,0,1,0.94,0,1,23.0,129.34671020507812,0,0,0,0,0,1735.json,NotBuggy
5,0.016305916011333466,0.15273451693823892,0,0,0,1,0.98,0,1,38.0,117.86318969726562,0,1,0,0,0,1774.json,NotBuggy
3,0.6482561230659485,0.9361987824610551,0,0,0,1,0.94,0,0,12.0,133.59722900390625,0,0,0,0,0,853.json,NotBuggy
8,0.07226020097732544,0.14767682537410384,2,2,4,2,1.41,1,3,45.0,108.95069885253906,0,1,0,0,0,1775.json,NotBuggy
9,6.222730153240263E-4,4.422795444762684E-5,0,0,0,1,2.06,0,3,89.0,103.1058120727539,0,1,3,0,0,1715.json,NotBuggy
5,0.02878817357122898,0.1672191505369506,0,0,0,1,2.33,0,2,39.0,117.66175079345703,0,4,0,0,0,2175.json,NotBuggy
3,0.4239446520805359,0.7992650687930513,0,0,0,1,0.94,0,0,20.0,130.44261169433594,0,1,0,0,0,1152.json,NotBuggy
3,0.04747369885444641,0.8847311654349306,0,0,0,1,0.94,0,0,12.0,133.59722900390625,1,0,0,0,0,149.json,NotBuggy
3,0.8266189098358154,0.7311010438448363,0,0,0,1,0.94,0,1,21.0,130.05470275878906,0,0,0,0,0,1287.json,NotBuggy
3,0.8853198885917664,0.9295212519279243,0,0,0,1,0.94,0,0,12.0,133.59722900390625,0,0,0,0,0,107.json,NotBuggy
4,0.5623372197151184,0.7230921125517672,0,0,0,1,1.66,0,1,19.0,125.79222106933594,0,0,0,0,0,1565.json,NotBuggy
6,0.1873699128627777,0.10001416051439807,2,1,3,2,2.56,1,2,44.0,113.78789520263672,1,1,0,0,0,171.json,NotBuggy
4,0.7734396457672119,0.7601534160379854,0,0,0,1,1.0,0,0,20.0,125.5254898071289,0,1,0,0,0,1740.json,NotBuggy
3,0.9747529625892639,0.9764333242221924,0,0,0,1,0.94,0,0,12.0,133.59722900390625,0,0,0,0,0,1457.json,NotBuggy
7,0.0019604680128395557,3.439016862658335E-4,1,1,2,2,1.28,1,6,79.0,107.75226593017578,0,4,1,0,0,2490.json,NotBuggy
3,0.6689115762710571,0.9496913035777421,0,0,0,1,0.94,0,0,12.0,133.59722900390625,0,0,0,0,0,153.json,NotBuggy
4,0.28037863969802856,0.6307691199322157,0,0,0,1,1.0,0,0,25.0,124.05243682861328,0,1,0,0,0,1651.json,NotBuggy
3,0.833375871181488,0.9430731233814471,0,0,0,1,0.94,0,0,12.0,133.59722900390625,0,0,0,0,0,2408.json,NotBuggy
3,0.6159546971321106,0.9234521424011252,0,0,0,1,0.94,0,0,12.0,133.59722900390625,0,0,0,0,0,1903.json,NotBuggy
3,0.9063530564308167,0.914260334585701,0,0,0,1,0.94,0,0,14.0,132.4454345703125,0,1,0,0,0,238.json,NotBuggy
3,0.215370774269104,0.8039213158005151,0,0,0,1,0.94,0,0,17.0,131.28770446777344,0,1,0,0,0,2670.json,NotBuggy
3,0.6934840679168701,0.6763737007486792,0,0,0,1,0.94,0,1,22.0,129.69032287597656,0,1,0,0,0,1970.json,NotBuggy
3,0.0022937606554478407,0.3590745081386073,0,0,0,1,0.94,0,2,27.0,128.31268310546875,0,2,0,0,0,2446.json,NotBuggy
3,0.8237720727920532,0.9171409769065165,0,0,0,1,0.94,0,0,12.0,133.59722900390625,0,0,0,0,0,2591.json,NotBuggy
3,6.103706546127796E-4,0.20362470242298783,0,0,0,1,1.89,0,1,33.0,127.01653289794922,0,1,0,0,0,2060.json,NotBuggy
4,1.1549558257684112E-4,0.24938415633037964,0,0,0,1,1.66,0,1,34.0,122.36370849609375,0,4,0,0,0,1579.json,NotBuggy
3,0.9087992906570435,0.9158950516895169,0,0,0,1,0.94,0,0,13.0,132.9956512451172,0,0,0,0,0,1102.json,NotBuggy
4,0.1408570408821106,0.647051863755382,0,0,0,1,1.66,0,1,24.0,124.361083984375,0,2,0,0,0,2157.json,NotBuggy
19,1.709304633550346E-4,3.998918576504944E-9,0,0,0,2,3.25,2,8,152.0,87.43860626220703,0,3,2,0,0,2462.json,NotBuggy
5,0.0,0.004752444408474861,0,0,0,1,2.19,0,7,57.0,115.40190887451172,0,2,1,0,0,2474.json,NotBuggy
4,0.7837502360343933,0.745679046540438,0,0,0,1,4.0,0,1,22.0,124.91740417480469,0,1,1,0,0,1071.json,NotBuggy
7,1.608300517546013E-4,0.006673979211352178,0,0,0,1,2.1,0,3,57.0,109.76313781738281,0,4,0,0,0,1941.json,NotBuggy
3,0.0077995010651648045,0.8943134631549852,0,0,0,1,0.94,0,0,12.0,133.59722900390625,0,0,0,0,0,2767.json,NotBuggy
4,0.6050187349319458,0.6165620448559747,0,0,0,1,1.73,0,3,26.0,124.2836685180664,0,1,0,0,0,924.json,NotBuggy
14,1.4549434126820415E-4,1.0028464478620813E-6,0,0,0,1,4.17,1,7,118.0,94.3835220336914,0,0,2,0,0,1333.json,NotBuggy
7,0.0011305137304589152,0.08361648119193127,0,0,0,1,2.1,0,2,45.0,111.2868423461914,0,4,0,0,0,1936.json,NotBuggy
3,0.1721382886171341,0.7791769876857857,0,0,0,1,0.94,0,0,17.0,131.28770446777344,0,1,0,0,0,2676.json,NotBuggy
4,0.7480945587158203,0.910178389075396,0,0,0,1,3.46,0,0,12.0,128.936767578125,0,0,0,0,0,2281.json,NotBuggy
6,0.8325375318527222,0.3705002135582172,0,0,0,1,3.77,0,2,36.0,115.33509063720703,0,0,1,0,0,2839.json,NotBuggy
13,0.28579267859458923,3.4212777511893877E-6,0,0,0,1,1.41,1,11,120.0,95.32391357421875,0,1,5,0,0,1056.json,Buggy
7,0.0072051845490932465,0.003808287961184846,0,0,0,2,1.28,1,2,64.0,109.17082214355469,0,1,2,0,0,1807.json,NotBuggy
3,0.09805361181497574,0.7828171859574761,0,0,0,1,0.94,0,0,17.0,131.28770446777344,0,1,0,0,0,1867.json,NotBuggy
3,0.28905537724494934,0.8226492849912652,0,0,0,1,0.94,0,0,17.0,131.28770446777344,0,1,0,0,0,2763.json,NotBuggy
4,0.6668025255203247,0.8078583333243968,0,0,0,1,4.0,0,0,20.0,125.64796447753906,0,1,0,0,0,1920.json,NotBuggy
15,0.0037720794789493084,2.6588564564204733E-5,0,0,0,1,3.74,1,7,105.0,93.97075653076172,0,0,2,0,0,1645.json,NotBuggy
3,0.620224118232727,0.9166523255995206,0,0,0,1,0.94,0,0,12.0,133.59722900390625,0,0,0,0,0,252.json,NotBuggy
3,0.3026241064071655,0.32293691380972245,1,1,2,2,0.94,0,1,28.0,127.56665802001953,0,1,0,0,0,2567.json,NotBuggy
4,0.0,0.04585838728203285,0,0,0,1,1.66,0,1,43.0,120.97968292236328,0,2,0,0,0,2543.json,NotBuggy
3,3.068878431804478E-4,0.29848967117458997,0,0,0,1,0.94,0,2,30.0,127.67500305175781,0,3,0,0,0,2465.json,NotBuggy
7,0.4429720342159271,0.28315898664375405,0,0,0,2,1.51,1,2,40.0,111.66931915283203,0,1,0,0,0,2142.json,NotBuggy
6,0.5760771036148071,0.6927657750728085,1,1,2,2,1.37,1,2,30.0,116.30582427978516,0,1,0,0,0,1138.json,NotBuggy
4,0.2747053802013397,0.8640862923249164,0,0,0,1,1.73,0,0,22.0,124.81353759765625,0,1,0,0,0,2395.json,NotBuggy
7,0.5719229578971863,0.8054140212625425,1,1,2,2,1.28,1,1,28.0,114.36758422851562,0,0,1,0,0,1990.json,NotBuggy
4,0.26173317432403564,0.5886037015861564,0,0,0,1,1.66,0,1,22.0,124.62736511230469,0,0,0,0,0,1541.json,NotBuggy
4,2.1915412798989564E-4,0.2133536634985082,0,0,0,1,2.45,0,6,32.0,122.5949478149414,0,0,0,0,0,958.json,NotBuggy
3,0.09643109887838364,0.8970779283845952,0,0,0,1,0.94,0,0,14.0,132.4454345703125,0,0,0,0,0,1256.json,NotBuggy
5,2.1493736130651087E-4,0.09059055375480934,0,0,0,1,1.5,0,1,42.0,117.21340942382812,0,4,0,0,0,1449.json,NotBuggy
17,0.03230626881122589,5.295425956275385E-4,4,4,8,4,2.57,3,7,91.0,91.99723815917969,0,1,2,0,0,848.json,NotBuggy
9,0.010228203609585762,5.0821765849128106E-5,0,0,0,1,3.05,1,4,86.0,103.28411865234375,0,3,0,0,0,1378.json,NotBuggy
3,0.9042218923568726,0.9308523776193894,0,0,0,1,0.94,0,0,12.0,133.59722900390625,0,0,0,0,0,2589.json,NotBuggy
1,0.8854535222053528,0.703410319658684,0,0,0,1,0.0,0,0,14.0,150.24295043945312,0,0,0,0,0,1884.json,NotBuggy
8,0.3208223283290863,0.2312692442416822,0,0,0,1,1.98,1,1,40.0,109.68163299560547,0,0,0,0,0,2278.json,NotBuggy
11,0.002713352907449007,3.255471476841335E-4,0,0,0,1,3.55,1,4,81.0,100.3447265625,0,4,0,0,0,1382.json,NotBuggy
14,8.235919522121549E-4,1.747139880772715E-5,1,1,2,2,1.59,1,6,103.0,94.77063751220703,0,1,3,0,0,1751.json,NotBuggy
3,0.5299605131149292,0.5510293692761593,0,0,0,1,0.94,0,3,23.0,129.34671020507812,0,1,0,0,0,2369.json,NotBuggy
3,0.0,0.011493400690391859,0,0,0,1,0.94,0,1,50.0,124.64512634277344,0,4,0,0,0,1770.json,NotBuggy
3,0.6461043357849121,0.9318924009962402,0,0,0,1,0.94,0,0,12.0,133.59722900390625,0,0,0,0,0,857.json,NotBuggy
4,0.8007487654685974,0.9413747276934509,0,0,0,1,1.73,0,0,12.0,128.936767578125,0,0,0,0,0,977.json,NotBuggy
3,0.41301316022872925,0.7968032816239331,0,0,0,1,0.94,0,0,17.0,131.03103637695312,0,0,0,0,0,204.json,NotBuggy
3,0.9129460453987122,0.9695031591015274,0,0,0,1,1.89,0,0,12.0,133.59722900390625,0,0,0,0,0,2080.json,NotBuggy
18,1.1834368342533708E-4,1.271653007846202E-9,0,0,0,2,4.12,2,8,156.0,88.30927276611328,0,0,4,0,0,1725.json,NotBuggy
11,0.2832375466823578,0.7486999054181974,2,2,4,4,1.72,2,3,43.0,103.90174865722656,0,0,1,0,0,3.json,NotBuggy
3,0.0,0.024194938455634602,0,0,0,1,0.94,0,1,46.0,125.14508056640625,0,4,0,0,0,1656.json,NotBuggy
3,0.5575838685035706,0.5655376497226725,0,0,0,1,0.94,0,3,23.0,129.34671020507812,0,1,0,0,0,2368.json,NotBuggy
6,0.7950153946876526,0.7510308916367876,1,1,2,2,1.37,1,0,28.0,116.57478332519531,0,1,0,0,0,1161.json,NotBuggy
4,0.314095675945282,0.5234399563639437,0,0,0,1,1.0,0,1,25.0,123.96263122558594,0,1,0,0,0,2245.json,NotBuggy
7,0.36351361870765686,0.615513545100928,1,1,2,2,4.06,1,0,33.0,113.31297302246094,0,1,0,0,0,2152.json,NotBuggy
3,0.7535863518714905,0.896722886611387,0,0,0,1,0.94,0,0,15.0,131.9385528564453,0,0,0,0,0,2453.json,NotBuggy
3,0.39927682280540466,0.8023934289545993,0,0,0,1,0.94,0,0,17.0,131.03103637695312,0,0,0,0,0,1306.json,NotBuggy
3,0.19648264348506927,0.8412959322643019,0,0,0,1,0.94,0,0,17.0,131.28770446777344,0,1,0,0,0,2792.json,NotBuggy
8,0.42608049511909485,0.09848987258454434,1,1,2,2,1.2,1,2,48.0,108.61510467529297,0,1,0,0,0,1304.json,NotBuggy
4,0.5151684284210205,0.5966069265122318,0,0,0,1,1.66,0,1,22.0,124.81353759765625,0,1,0,0,0,1606.json,NotBuggy
3,0.06267601251602173,0.38036768363397633,0,0,0,1,0.94,0,1,27.0,128.22288513183594,0,1,0,0,0,854.json,NotBuggy
4,0.7312464714050293,0.6207790926116303,0,0,0,1,1.0,0,2,24.0,124.361083984375,0,1,1,0,0,1243.json,NotBuggy
3,0.0,0.09669737659602072,0,0,0,1,0.94,0,1,38.0,126.44578552246094,0,1,0,0,0,1702.json,NotBuggy
4,0.7282857894897461,0.33084683311492613,0,0,0,1,1.0,0,1,30.0,122.85169219970703,0,1,1,0,0,531.json,NotBuggy
3,0.0,0.023811813875170368,0,0,0,1,0.94,0,1,46.0,125.14508056640625,0,4,0,0,0,1639.json,NotBuggy
4,0.5703477263450623,0.7169996398359433,0,0,0,1,1.66,0,1,19.0,125.79222106933594,0,0,0,0,0,1561.json,NotBuggy
9,0.296384334564209,0.012073910836561808,3,3,6,4,1.57,1,3,61.0,104.78719329833984,0,2,2,0,0,1344.json,NotBuggy
14,0.0,8.020125159446349E-8,0,0,0,1,3.74,1,7,129.0,93.80184173583984,0,0,2,0,0,1671.json,NotBuggy
3,0.3930184543132782,0.8122663525002581,0,0,0,1,1.89,0,0,17.0,131.28770446777344,0,1,0,0,0,1876.json,NotBuggy
7,0.0,0.009168004108885613,0,0,0,1,4.2,0,1,65.0,109.49163055419922,0,4,0,0,0,2043.json,NotBuggy
3,0.7481116056442261,0.926376192109695,0,0,0,1,0.94,0,0,12.0,133.59722900390625,0,0,0,0,0,2270.json,NotBuggy
3,0.8995577096939087,0.8337125265395519,0,0,0,1,0.94,0,1,15.0,132.086669921875,0,0,0,0,0,135.json,NotBuggy
3,0.5263105630874634,0.9477347195770381,0,0,0,1,1.89,0,0,12.0,133.59722900390625,0,0,0,0,0,11.json,NotBuggy
4,0.2809915542602539,0.4550253716884644,0,0,0,1,1.66,0,1,25.0,123.79976654052734,0,1,0,0,0,1520.json,NotBuggy
3,0.015628747642040253,0.1948320186367242,0,0,0,1,0.94,0,1,31.0,127.50450134277344,0,1,0,0,0,1640.json,NotBuggy
3,0.9275093078613281,0.8006502860342426,0,0,0,1,0.94,0,1,19.0,130.70933532714844,0,0,0,0,0,1781.json,NotBuggy
4,0.495962917804718,0.7325483204284627,0,0,0,1,1.66,0,1,19.0,125.79222106933594,0,0,0,0,0,1562.json,NotBuggy
4,0.8075335025787354,0.7329300049424013,0,0,0,1,4.0,0,1,22.0,124.91740417480469,0,1,1,0,0,1082.json,NotBuggy
3,0.0,0.011717904316715969,0,0,0,1,0.94,0,1,50.0,124.64512634277344,0,4,0,0,0,1737.json,NotBuggy
4,0.7364412546157837,0.6337957235325719,0,0,0,1,1.0,0,2,24.0,124.361083984375,0,1,1,0,0,1242.json,NotBuggy
3,0.059370119124650955,0.8047195069132813,0,0,0,1,0.94,0,0,17.0,131.28770446777344,0,1,0,0,0,2800.json,NotBuggy
3,0.38884398341178894,0.8878723044860056,0,0,0,1,0.94,0,1,15.0,132.25152587890625,0,0,0,0,0,2161.json,NotBuggy
3,0.9322162866592407,0.9420268727790633,0,0,0,1,0.94,0,0,12.0,133.59722900390625,0,0,0,0,0,1799.json,NotBuggy
3,0.7074722051620483,0.8801452586874894,0,0,0,1,0.94,0,0,17.0,131.28770446777344,0,1,0,0,0,2454.json,NotBuggy
4,0.029329095035791397,0.2593754567067218,0,0,0,1,1.0,0,2,31.0,122.60694122314453,0,1,0,0,0,1451.json,NotBuggy
4,0.24568986892700195,0.5354666532768886,0,0,0,1,1.0,0,0,25.0,123.96263122558594,0,1,0,0,0,2590.json,NotBuggy
4,0.03898128494620323,0.4680246089149865,0,0,0,1,1.0,0,2,26.0,123.8484878540039,0,1,0,0,0,2604.json,NotBuggy
3,0.6482561230659485,0.9361987824610551,0,0,0,1,0.94,0,0,12.0,133.59722900390625,0,0,0,0,0,2106.json,NotBuggy
3,0.49724388122558594,0.9325773686976958,0,0,0,1,0.94,0,0,12.0,133.59722900390625,0,0,0,0,0,585.json,NotBuggy
6,4.919490311294794E-4,0.005055170970567834,0,0,0,1,1.37,0,2,60.0,112.28813934326172,0,3,1,0,0,2539.json,NotBuggy
22,0.0,4.731355550771464E-12,0,0,0,3,3.16,3,10,192.0,83.59871673583984,0,3,4,0,0,2326.json,NotBuggy
4,0.03553832694888115,0.3064773830629738,0,0,0,1,1.0,0,1,30.0,122.85169219970703,0,1,0,0,0,1447.json,NotBuggy
3,0.5361864566802979,0.8517532874356457,0,0,0,1,0.94,0,0,12.0,133.59722900390625,0,0,0,0,0,1060.json,NotBuggy
5,3.215208707842976E-4,0.01296998183838968,0,0,0,1,0.98,0,1,54.0,115.96955108642578,0,2,1,0,0,2530.json,NotBuggy
3,0.5843837857246399,0.8768410312221309,0,0,0,1,1.89,0,0,17.0,131.28770446777344,0,1,0,0,0,1179.json,NotBuggy
3,0.7556573748588562,0.9179921996475318,0,0,0,1,0.94,0,0,12.0,133.59722900390625,0,0,0,0,0,1408.json,NotBuggy
3,0.9380925893783569,0.9566502573182666,0,0,0,1,0.94,0,0,12.0,133.59722900390625,0,0,0,0,0,729.json,NotBuggy
3,0.6081621646881104,0.8767071779191681,0,0,0,1,0.94,0,0,16.0,131.91592407226562,0,0,0,0,0,2362.json,NotBuggy
3,0.08337968587875366,0.611308869725442,0,0,0,1,0.94,0,0,22.0,129.47398376464844,0,1,0,0,0,1906.json,NotBuggy
3,0.29201388359069824,0.43646530743939244,0,0,0,1,1.89,0,3,25.0,128.8092498779297,0,1,0,0,0,82.json,NotBuggy
4,2.2391104721464217E-4,0.11202660925114981,0,0,0,1,2.45,0,3,40.0,121.43460083007812,0,3,0,0,0,1041.json,NotBuggy
3,0.5357837677001953,0.8373035398137397,0,0,0,1,0.94,0,0,16.0,131.60296630859375,0,0,0,0,0,1800.json,NotBuggy
9,0.5670493245124817,0.4350366619826142,1,1,2,2,1.13,1,3,43.0,107.53836059570312,0,1,1,0,0,1100.json,NotBuggy
5,0.9866000413894653,0.5734607612564829,1,1,2,2,1.5,0,1,31.0,118.83625793457031,0,1,0,0,0,1207.json,NotBuggy
12,0.011447806842625141,6.082856601906244E-5,0,0,0,2,2.51,1,7,97.0,97.60909271240234,0,1,2,0,0,2461.json,NotBuggy
5,0.001015181071124971,0.11171548870412332,0,0,0,1,1.79,0,1,38.0,117.79682159423828,0,3,0,0,0,1526.json,NotBuggy
3,0.29669344425201416,0.8567934584679098,0,0,0,1,0.94,0,2,16.0,131.75106811523438,0,0,0,0,0,1376.json,NotBuggy
7,0.4429720342159271,0.28315898664375405,0,0,0,2,1.51,1,2,40.0,111.66931915283203,0,1,0,0,0,2136.json,NotBuggy
3,0.4228329658508301,0.876562852524919,0,0,0,1,3.77,0,0,12.0,133.59722900390625,0,0,0,0,0,573.json,NotBuggy
15,0.0,1.0409052857802054E-8,0,0,0,1,4.65,1,6,141.0,92.1152114868164,0,0,2,0,0,1700.json,NotBuggy
3,0.7811756134033203,0.9384933561972123,0,0,0,1,0.94,0,0,12.0,133.59722900390625,0,0,0,0,0,254.json,NotBuggy
9,0.01823134534060955,0.004669369603408832,1,1,2,2,1.75,1,3,66.0,104.83753204345703,0,1,1,0,0,2415.json,NotBuggy
6,0.002900650491937995,0.02718623941843121,0,0,0,1,2.49,0,3,48.0,113.39401245117188,0,2,0,0,0,1444.json,NotBuggy
3,0.11172611266374588,0.7647360447348172,0,0,0,1,3.77,0,1,17.0,131.28770446777344,0,0,0,0,0,2815.json,NotBuggy
8,0.42608049511909485,0.09848987258454434,1,1,2,2,1.2,1,2,48.0,108.61510467529297,0,1,0,0,0,1829.json,NotBuggy
3,0.7436319589614868,0.9173695432655267,0,0,0,1,0.94,0,0,12.0,133.59722900390625,0,0,0,0,0,1407.json,NotBuggy
9,0.003075538668781519,1.590916925368352E-4,4,2,6,3,2.13,2,9,83.0,103.07925415039062,0,0,2,0,0,962.json,NotBuggy
5,0.0,0.004752444408474861,0,0,0,1,2.19,0,7,57.0,115.40190887451172,0,2,1,0,0,2475.json,NotBuggy
6,0.0,0.005880757917660089,0,0,0,1,2.21,0,0,64.0,112.1324691772461,0,4,0,0,0,367.json,NotBuggy
3,0.7720367908477783,0.8540973108791997,0,0,0,1,0.94,0,1,16.0,131.60296630859375,0,0,0,0,0,1683.json,NotBuggy
12,0.06975321471691132,0.008054441834092893,1,3,4,4,3.32,2,5,71.0,99.11571502685547,0,2,0,0,0,64.json,NotBuggy
4,0.06301693618297577,0.49495648169135054,0,0,0,1,1.0,0,0,27.0,123.56243133544922,0,1,0,0,0,1706.json,NotBuggy
3,0.26272785663604736,0.6009567163807709,0,0,0,1,0.94,0,2,22.0,129.47398376464844,0,0,0,0,0,1036.json,NotBuggy
3,0.9533982276916504,0.9503213904744905,0,0,0,1,0.94,0,0,12.0,133.59722900390625,0,0,0,0,0,1819.json,NotBuggy
5,0.0012780309189110994,0.015062279251954445,0,0,0,1,2.19,0,3,48.0,116.34761810302734,0,2,0,0,0,1761.json,NotBuggy
4,0.6162688136100769,0.7522405961000652,0,0,0,1,4.0,0,0,20.0,125.5254898071289,0,1,0,0,0,1925.json,NotBuggy
5,0.0,0.007947661803484649,0,0,0,1,2.33,0,1,59.0,115.50907897949219,0,4,0,0,0,1660.json,NotBuggy
3,0.6427799463272095,0.9427529425525979,0,0,0,1,0.94,0,0,12.0,133.59722900390625,0,0,0,0,0,157.json,NotBuggy
3,0.38980093598365784,0.8210395840416572,0,0,0,1,1.89,0,0,17.0,131.1535186767578,0,1,0,0,0,2077.json,NotBuggy
3,0.46946981549263,0.8803357333130963,0,0,0,1,0.94,0,1,15.0,132.25152587890625,0,0,0,0,0,1960.json,NotBuggy
3,0.9000183939933777,0.594831165351436,0,0,0,1,0.94,0,1,23.0,129.34671020507812,0,0,0,0,0,1638.json,NotBuggy
3,0.9023793935775757,0.88827616204917,0,0,0,1,1.89,0,1,15.0,132.086669921875,0,0,0,0,0,1167.json,NotBuggy
3,0.9139690399169922,0.9305652228745102,0,0,0,1,2.83,0,0,12.0,133.59722900390625,0,0,0,0,0,1024.json,NotBuggy
4,0.7773780226707458,0.9102266572444041,0,0,0,1,1.73,0,0,15.0,127.42622375488281,0,1,0,0,0,980.json,NotBuggy
4,0.4219813346862793,0.2042158354574551,1,1,2,2,1.0,0,2,34.0,121.76012420654297,0,1,1,0,0,2565.json,NotBuggy
7,0.07731332629919052,0.020594265744574833,0,0,0,2,2.56,1,3,56.0,109.97673034667969,0,1,2,0,0,2357.json,NotBuggy
4,0.7989040017127991,0.7623497111485181,0,0,0,1,1.0,0,0,20.0,125.5254898071289,0,1,0,0,0,1415.json,NotBuggy
3,0.28126659989356995,0.8310839021610668,0,0,0,1,0.94,0,0,17.0,131.28770446777344,0,1,0,0,0,1865.json,NotBuggy
9,0.585831880569458,0.04048743432682003,2,2,4,2,1.13,1,3,56.0,105.59809112548828,0,1,0,0,0,2410.json,NotBuggy
3,0.8210897445678711,0.8686287494427183,0,0,0,1,3.77,0,0,13.0,132.9956512451172,0,0,0,0,0,1057.json,NotBuggy
4,0.0,0.02274520827997089,0,0,0,1,1.66,0,0,50.0,120.12115478515625,0,3,0,0,0,345.json,NotBuggy
3,0.881248414516449,0.9302616429425176,0,0,0,1,0.94,0,0,13.0,132.9956512451172,0,0,0,0,0,1110.json,NotBuggy
4,0.04933653026819229,0.5884919791833305,0,0,0,1,1.0,0,1,24.0,124.1749038696289,0,0,0,0,0,1450.json,NotBuggy
5,0.0035443983506411314,0.017490956945173483,0,0,0,1,0.98,0,4,48.0,116.34761810302734,0,2,1,0,0,2442.json,NotBuggy
4,0.27335116267204285,0.6350869989708048,0,0,0,1,1.0,0,0,25.0,124.05243682861328,0,1,0,0,0,1493.json,NotBuggy
3,0.010451672598719597,0.38694362359774936,0,0,0,1,0.94,0,1,26.0,128.50894165039062,0,3,0,0,0,231.json,NotBuggy
5,0.001240671961568296,0.015076246297696948,0,0,0,1,2.19,0,3,48.0,116.34761810302734,0,2,0,0,0,1759.json,NotBuggy
4,0.6304557919502258,0.9030456070081802,0,0,0,1,1.0,0,0,16.0,126.94251251220703,0,0,0,0,0,1374.json,NotBuggy
4,0.002329837530851364,0.13877657985789665,0,0,0,1,1.66,0,1,37.0,121.61679077148438,0,4,0,0,0,335.json,NotBuggy
3,0.7398486733436584,0.8867778474603618,0,0,0,1,0.94,0,0,17.0,131.28770446777344,0,1,0,0,0,2775.json,NotBuggy
19,0.0019066525856032968,3.084715671136517E-6,4,4,8,5,1.17,1,5,131.0,88.14132690429688,0,4,2,0,0,148.json,NotBuggy
6,0.02338138222694397,0.03093162578548723,0,0,0,1,0.94,0,3,51.0,113.19029998779297,0,3,1,0,0,1632.json,NotBuggy
4,0.0014958977699279785,0.04490653873434603,0,0,0,1,1.0,0,3,42.0,120.76844787597656,0,2,1,0,0,1227.json,NotBuggy
4,0.09892065823078156,0.24095093566480924,0,0,0,1,1.0,0,3,32.0,122.37174224853516,0,1,0,0,0,1356.json,NotBuggy
3,0.5827841758728027,0.9220809220376995,0,0,0,1,0.94,0,0,12.0,133.59722900390625,0,0,0,0,0,1458.json,NotBuggy
3,0.29183635115623474,0.7727257446869735,0,0,0,1,0.94,0,1,18.0,130.7338104248047,0,0,0,0,0,2156.json,NotBuggy
13,0.0018576424336060882,1.9567342913883986E-8,1,1,2,3,2.16,1,11,131.0,94.1500244140625,0,1,2,0,0,2389.json,NotBuggy
3,0.4588033854961395,0.8880509884893419,0,0,0,1,0.94,0,0,14.0,132.4454345703125,0,0,0,0,0,1462.json,NotBuggy
10,0.03319666534662247,0.004720530926784707,2,2,4,2,1.08,1,6,69.0,102.9494400024414,0,2,1,0,0,1989.json,NotBuggy
11,0.035517409443855286,0.004585336540490233,1,1,2,2,0.99,1,4,75.0,100.87408447265625,0,1,4,0,0,1091.json,NotBuggy
5,0.0027907215990126133,0.03432963140828417,0,0,0,1,0.98,0,3,46.0,116.68047332763672,0,1,0,0,0,1434.json,NotBuggy
4,0.0,0.024756032813283695,0,0,0,1,1.66,0,0,50.0,120.12115478515625,0,3,0,0,0,365.json,NotBuggy
3,0.30403822660446167,0.3912470598266548,0,0,0,1,0.94,0,3,26.0,128.60531616210938,0,1,0,0,0,1131.json,NotBuggy
7,0.028958017006516457,0.06891620059309017,0,0,0,2,1.28,1,2,50.0,110.7552719116211,0,1,2,0,0,1932.json,NotBuggy
3,0.46831172704696655,0.6562171099795975,0,0,0,1,0.94,0,3,21.0,129.93223571777344,0,0,0,0,0,1803.json,NotBuggy
12,0.185904860496521,0.0013713559215952251,3,3,6,4,2.37,3,6,82.0,98.32710266113281,0,0,3,0,0,1991.json,Buggy
3,0.2979362905025482,0.6218988299688691,0,0,0,1,0.94,0,0,19.0,130.236328125,0,2,0,0,0,1794.json,NotBuggy
3,5.103473085910082E-4,0.1695699056995841,0,0,0,1,0.94,0,1,34.0,127.11396026611328,0,1,0,0,0,1623.json,NotBuggy
3,0.21409441530704498,0.8480324526666742,0,0,0,1,3.77,0,0,12.0,133.59722900390625,0,0,0,0,0,2819.json,NotBuggy
2,0.8461706638336182,0.9229681598968202,0,0,0,1,0.0,0,0,11.0,140.82913208007812,0,1,0,0,0,985.json,NotBuggy
3,0.0336589477956295,0.5096153302496521,0,0,0,1,0.94,0,3,23.0,129.2428436279297,0,0,0,0,0,1835.json,NotBuggy
9,0.00199215579777956,0.01150506768996784,0,0,0,1,0.83,0,2,70.0,105.30867767333984,0,1,1,0,0,1927.json,NotBuggy
3,0.43743863701820374,0.8037875242870033,0,0,0,1,0.94,0,0,17.0,131.28770446777344,0,1,0,0,0,1861.json,NotBuggy
7,1.8245892715640366E-4,1.6425612404090447E-5,0,0,0,1,1.85,0,6,87.0,107.2290267944336,0,1,2,0,0,1766.json,NotBuggy
5,0.0,0.10135031333259012,0,0,0,1,1.79,0,1,40.0,117.53009796142578,0,4,0,0,0,1533.json,NotBuggy
5,0.0,1.6339365926947245E-5,0,0,0,1,0.98,0,8,84.0,113.07438659667969,0,2,2,0,0,144.json,NotBuggy
3,0.6952295899391174,0.5059009526965074,0,0,0,1,0.94,0,1,26.0,128.70916748046875,0,0,0,0,0,1622.json,NotBuggy
5,0.19932249188423157,0.1976148009028659,0,0,0,1,1.5,0,1,41.0,117.46806335449219,0,4,0,0,0,535.json,NotBuggy
3,0.017757825553417206,0.8826559916191931,0,0,0,1,0.94,0,0,12.0,133.59722900390625,0,0,0,0,0,583.json,NotBuggy
4,0.8499319553375244,0.9013088358353378,0,0,0,1,1.73,0,0,12.0,128.936767578125,0,0,0,0,0,981.json,NotBuggy
4,0.06923331320285797,0.445910087695364,0,0,0,1,1.0,0,1,27.0,123.47842407226562,0,1,0,0,0,1812.json,NotBuggy
3,0.48674872517585754,0.5677069005196782,0,0,0,1,0.94,0,3,23.0,129.34671020507812,0,1,0,0,0,2375.json,NotBuggy
10,0.07400302588939667,0.14048710057266964,0,0,0,3,2.05,2,5,50.0,104.55789947509766,0,0,1,0,0,1039.json,NotBuggy
6,2.048367605311796E-4,0.06546753806915911,0,0,0,1,1.8,0,2,44.0,113.9580078125,0,4,0,0,0,1933.json,NotBuggy
9,0.005653981119394302,0.028845766720612308,3,2,5,3,1.33,1,3,57.0,105.369873046875,0,2,0,0,0,486.json,NotBuggy
3,0.7682619094848633,0.7705880866856604,0,0,0,1,0.94,0,1,18.0,130.85629272460938,0,1,0,0,0,2532.json,NotBuggy
17,0.02267022244632244,9.214846247192981E-5,0,0,0,2,2.46,2,7,97.0,91.9374008178711,0,1,1,0,0,2144.json,NotBuggy
6,0.9285758137702942,0.2754475212109573,2,1,3,2,2.75,1,1,38.0,114.43328094482422,0,1,0,0,0,1166.json,NotBuggy
7,0.005655967630445957,0.05459732332518888,0,0,0,2,1.28,1,3,49.0,110.67108917236328,0,2,2,0,0,1045.json,NotBuggy
3,0.23723039031028748,0.38940880941558104,0,0,0,1,0.94,0,5,28.0,128.3238067626953,0,0,0,0,0,1836.json,NotBuggy
4,0.29606902599334717,0.42654542189355127,0,0,0,1,1.0,0,1,30.0,123.10436248779297,0,1,1,0,0,460.json,NotBuggy
3,0.0,0.011769694877995396,0,0,0,1,0.94,0,1,50.0,124.64512634277344,0,4,0,0,0,1703.json,NotBuggy
3,0.16534492373466492,0.9459786944177225,0,0,0,1,0.94,0,0,12.0,133.59722900390625,0,0,0,0,0,206.json,NotBuggy
2,0.8119608759880066,0.9205546679426279,0,0,0,1,0.0,0,0,11.0,140.82913208007812,0,1,0,0,0,986.json,NotBuggy
3,0.02730206400156021,0.9045827532851436,0,0,0,1,0.94,0,0,12.0,133.59722900390625,0,0,0,0,0,2765.json,NotBuggy
3,0.7106715440750122,0.8804182881044783,0,0,0,1,0.94,0,0,15.0,131.9385528564453,0,0,0,0,0,155.json,NotBuggy
12,0.6229708790779114,0.008025915443899306,3,2,5,3,1.15,1,0,73.0,99.24230194091797,0,1,4,0,0,1115.json,NotBuggy
6,0.0011896707583218813,0.09528846350545474,0,0,0,1,1.8,0,1,41.0,114.3252182006836,0,2,0,0,0,1515.json,NotBuggy
3,0.061028193682432175,0.9432594957534266,0,0,0,1,0.94,0,0,12.0,133.59722900390625,0,0,0,0,0,159.json,NotBuggy
3,0.7609297633171082,0.6720203285316998,0,0,0,1,0.94,0,3,21.0,130.05470275878906,0,0,0,0,0,33.json,NotBuggy
3,0.4727293848991394,0.8180469492691248,0,0,0,1,0.94,0,0,17.0,131.28770446777344,0,1,0,0,0,2600.json,NotBuggy
3,0.0813772976398468,0.45304973007592153,0,0,0,1,0.94,0,0,26.0,128.50894165039062,0,2,0,0,0,240.json,NotBuggy
3,0.5066360831260681,0.8759225796001854,0,0,0,1,0.94,0,1,15.0,132.25152587890625,0,0,0,0,0,2159.json,NotBuggy
4,0.0,0.02606173996518687,0,0,0,1,2.45,0,3,45.0,120.29814910888672,0,2,1,0,0,2483.json,NotBuggy
3,0.7013788223266602,0.667584690176496,0,0,0,1,0.94,0,1,22.0,129.69032287597656,0,1,0,0,0,1971.json,NotBuggy
3,0.11318165063858032,0.9125994142734701,0,0,0,1,0.94,0,0,12.0,133.59722900390625,0,0,0,0,0,2797.json,NotBuggy
3,0.2677787244319916,0.9096327311897985,0,0,0,1,0.94,0,0,12.0,133.59722900390625,0,0,0,0,0,1909.json,NotBuggy
3,0.8714516162872314,0.7942783184100292,0,0,0,1,1.0,0,0,18.0,130.7338104248047,0,0,0,0,0,1752.json,NotBuggy
8,0.0015009192284196615,2.757978680728732E-4,0,0,0,1,1.63,0,12,78.0,105.80742645263672,0,2,2,0,0,1209.json,NotBuggy
3,0.9381090402603149,0.9445223551057688,0,0,0,1,0.94,0,0,12.0,133.59722900390625,0,0,0,0,0,2680.json,NotBuggy
3,0.4874814748764038,0.8472361105264348,0,0,0,1,0.94,0,0,17.0,131.28770446777344,0,1,0,0,0,1259.json,NotBuggy
3,0.09805361181497574,0.7990329494467879,0,0,0,1,0.94,0,0,17.0,131.28770446777344,0,1,0,0,0,1872.json,NotBuggy
6,0.004023153800517321,0.009292648404127024,0,0,0,1,2.13,0,2,54.0,112.63169860839844,0,4,1,0,0,196.json,NotBuggy
3,0.015854083001613617,0.8836552062519448,0,0,0,1,0.94,0,0,12.0,133.59722900390625,0,0,0,0,0,2654.json,NotBuggy
3,0.44255876541137695,0.805766416176245,0,0,0,1,0.94,0,0,17.0,131.28770446777344,0,1,0,0,0,2672.json,NotBuggy
3,0.03587422892451286,0.45602984146698383,0,0,0,1,0.94,0,1,26.0,128.41912841796875,0,2,0,0,0,2066.json,NotBuggy
13,0.22835779190063477,0.02357351965277613,4,3,7,4,1.39,1,4,70.0,98.2164077758789,0,1,0,0,0,2272.json,NotBuggy
8,0.0,1.478921888513978E-4,0,0,0,1,1.2,0,4,82.0,105.75306701660156,0,4,1,0,0,2544.json,NotBuggy
12,0.08601682633161545,0.006731733215009308,2,1,3,2,1.32,1,5,80.0,98.95510864257812,0,3,2,0,0,1987.json,NotBuggy
3,0.21529266238212585,0.8405874010550812,0,0,0,1,0.94,0,0,17.0,131.28770446777344,0,1,0,0,0,2781.json,NotBuggy
3,0.0,0.044738294836483554,0,0,0,1,0.94,0,1,42.0,125.76248931884766,0,1,0,0,0,1506.json,NotBuggy
4,0.07461778074502945,0.40755667279661345,0,0,0,1,1.0,0,1,27.0,123.39956665039062,0,1,0,0,0,1453.json,NotBuggy
17,0.0,3.028216652682699E-4,0,0,0,1,2.58,0,14,108.0,92.60639190673828,0,0,1,0,0,587.json,NotBuggy
14,8.235919522121549E-4,1.747139880772715E-5,1,1,2,2,1.59,1,6,103.0,94.77063751220703,0,1,3,0,0,1691.json,NotBuggy
3,0.12429381906986237,0.8162047502228217,0,0,0,1,0.94,0,0,17.0,131.28770446777344,0,1,0,0,0,2806.json,NotBuggy
3,0.9402381181716919,0.9137258274995138,0,0,0,1,3.77,0,0,12.0,133.59722900390625,0,0,0,0,0,983.json,NotBuggy
22,0.0,2.006950837896125E-12,4,3,7,5,2.87,2,25,198.0,82.99882507324219,0,3,4,0,0,68.json,NotBuggy
3,0.655780553817749,0.8806498251808997,0,0,0,1,0.94,0,0,12.0,133.59722900390625,0,0,0,0,0,1098.json,NotBuggy
4,0.7972373962402344,0.5752616648339679,0,0,0,1,0.98,0,1,25.0,123.96263122558594,1,1,0,0,0,2252.json,NotBuggy
6,0.08236974477767944,0.24044441152885498,0,0,0,1,0.94,0,1,42.0,114.78617095947266,0,1,1,0,0,1930.json,NotBuggy
3,0.5770774483680725,0.8260999735269584,0,0,0,1,3.77,0,0,14.0,132.4454345703125,0,0,0,0,0,579.json,NotBuggy
2,0.998690128326416,0.9752706811914211,0,0,0,1,0.94,0,0,9.0,142.4026641845703,0,0,0,0,0,249.json,NotBuggy
3,0.1348699927330017,0.8420890915923569,0,0,0,1,0.94,0,0,17.0,131.28770446777344,0,1,0,0,0,2734.json,NotBuggy
3,0.047301165759563446,0.5043045347643523,0,0,0,1,0.94,0,3,25.0,128.91311645507812,0,1,0,0,0,130.json,NotBuggy
3,0.6924796104431152,0.9446855244519643,0,0,0,1,0.94,0,0,12.0,133.59722900390625,0,0,0,0,0,164.json,NotBuggy
6,0.38967570662498474,0.8054959879799587,0,0,0,1,2.0,0,2,27.0,117.283935546875,0,0,1,0,0,916.json,NotBuggy
3,0.10373146086931229,0.6486324286798884,0,0,0,1,0.94,0,0,22.0,129.47398376464844,0,1,0,0,0,2668.json,NotBuggy
3,0.0768781527876854,0.8024898899416694,0,0,0,1,0.94,0,0,17.0,131.28770446777344,0,1,0,0,0,2720.json,NotBuggy
5,0.6998955011367798,0.3157632132458628,0,0,0,1,2.19,0,3,32.0,118.90116882324219,0,0,1,0,0,2709.json,NotBuggy
3,0.24400395154953003,0.8139060282368802,0,0,0,1,3.77,0,0,17.0,131.28770446777344,0,1,0,0,0,576.json,NotBuggy
6,0.03246316313743591,0.22752966050208953,0,0,0,2,1.37,1,3,39.0,114.54450988769531,0,1,1,0,0,1236.json,NotBuggy
3,2.32525504543446E-4,0.2500771530318879,0,0,0,1,0.47,0,3,29.0,127.94110107421875,0,0,0,0,0,1334.json,NotBuggy
4,0.04317708685994148,0.35170904129137903,0,0,0,1,1.0,0,0,30.0,122.93054962158203,0,1,0,0,0,1484.json,NotBuggy
3,0.6560527086257935,0.7974427270601127,0,0,0,1,0.94,0,0,16.0,131.46876525878906,0,1,0,0,0,235.json,NotBuggy
3,0.5884888172149658,0.7460477135655059,0,0,0,1,0.94,0,1,21.0,129.93223571777344,0,1,0,0,0,2083.json,NotBuggy
3,0.8497678637504578,0.8941265850083611,0,0,0,1,0.94,0,1,15.0,132.086669921875,0,0,0,0,0,1397.json,NotBuggy
3,0.5667425990104675,0.8370223841074074,0,0,0,1,0.94,0,0,15.0,131.9385528564453,0,0,0,0,0,487.json,NotBuggy
6,0.002900650491937995,0.02718623941843121,0,0,0,1,2.49,0,3,48.0,113.39401245117188,0,2,0,0,0,1443.json,NotBuggy
3,0.14839322865009308,0.7929476102915811,0,0,0,1,0.94,0,0,17.0,131.1535186767578,0,0,0,0,0,1905.json,NotBuggy
3,0.26464197039604187,0.5335962558621231,1,1,2,2,0.94,0,2,24.0,128.79153442382812,0,0,0,0,0,1831.json,NotBuggy
3,0.05875217169523239,0.8212706377347327,0,0,0,1,0.94,0,0,17.0,131.28770446777344,0,1,0,0,0,2738.json,NotBuggy
3,0.2041282206773758,0.7502243399971241,0,0,0,1,0.94,0,1,19.0,130.57513427734375,0,1,0,0,0,1261.json,NotBuggy
3,0.7458304166793823,0.7140275013607368,0,0,0,1,0.94,0,2,20.0,130.07347106933594,0,1,0,0,0,1120.json,NotBuggy
8,0.00197026738896966,8.641298247475844E-4,1,1,2,2,3.32,1,7,73.0,106.173583984375,0,1,0,0,0,179.json,Buggy
4,0.4804375469684601,0.7410891187239451,0,0,0,1,1.66,0,1,19.0,125.79222106933594,0,0,0,0,0,1566.json,NotBuggy
9,0.17046092450618744,0.12719385784462717,1,1,2,3,1.83,2,3,52.0,106.12068176269531,0,0,2,0,0,45.json,NotBuggy
3,0.028630223125219345,0.531980925598008,0,0,0,1,3.77,0,1,22.0,129.37762451171875,0,0,0,0,0,2813.json,NotBuggy
4,0.30468904972076416,0.5899400044579151,0,0,0,1,4.0,0,0,24.0,124.26470947265625,0,1,0,0,0,2837.json,NotBuggy
3,0.07929836958646774,0.9098924825658063,0,0,0,1,0.94,0,0,12.0,133.59722900390625,0,0,0,0,0,2653.json,NotBuggy
3,0.023051651194691658,0.7658744493922942,0,0,0,1,0.94,0,0,17.0,131.28770446777344,0,1,0,0,0,2796.json,NotBuggy
3,0.21387512981891632,0.8711211019779814,0,0,0,1,1.89,0,0,17.0,131.28770446777344,0,1,0,0,0,2079.json,NotBuggy
3,7.594586350023746E-4,0.9074756915824672,0,0,0,1,0.94,0,0,12.0,133.59722900390625,0,0,0,0,0,2793.json,NotBuggy
3,0.8679041862487793,0.8752748825406264,0,0,0,1,0.94,0,0,13.0,132.9956512451172,0,0,0,0,0,1089.json,NotBuggy
14,0.04389002546668053,2.247859470189381E-4,0,0,0,2,2.56,2,4,87.0,95.70756530761719,0,2,1,0,0,2700.json,NotBuggy
3,0.31825339794158936,0.9254492152480133,0,0,0,1,0.94,0,0,12.0,133.59722900390625,0,0,0,0,0,2780.json,NotBuggy
4,0.051356829702854156,0.6587638823338632,0,0,0,1,1.66,0,1,22.0,124.91740417480469,0,0,0,0,0,1559.json,NotBuggy
3,0.6911363005638123,0.8443562701329177,0,0,0,1,3.77,0,0,17.0,131.28770446777344,0,1,0,0,0,1192.json,NotBuggy
4,0.7964564561843872,0.988776438590056,0,0,0,1,1.73,0,1,14.0,128.13519287109375,0,0,0,0,0,2397.json,NotBuggy
4,0.0903545469045639,0.3557146636061342,0,0,0,1,1.0,0,1,28.0,123.28931427001953,0,1,0,0,0,2246.json,NotBuggy
8,0.09443412721157074,0.8378099323247589,0,0,0,2,3.12,1,3,32.0,111.30977630615234,0,0,1,0,0,976.json,NotBuggy
15,0.12700912356376648,0.10632018944964595,1,1,2,3,1.89,2,3,63.0,96.43603515625,0,1,1,0,0,1972.json,NotBuggy
4,0.009931056760251522,0.5212941708555172,0,0,0,1,1.66,0,2,26.0,123.8484878540039,0,1,0,0,0,2286.json,NotBuggy
3,0.9576136469841003,0.964874424566181,0,0,0,1,1.89,0,0,13.0,132.9956512451172,0,0,0,0,0,2190.json,NotBuggy
6,3.5631266655400395E-4,0.053413835473258384,0,0,0,1,2.21,0,0,50.0,113.55261993408203,0,3,0,0,0,351.json,NotBuggy
3,0.8115295171737671,0.8750360477735909,0,0,0,1,3.77,0,0,12.0,133.59722900390625,0,0,0,0,0,571.json,NotBuggy
3,0.1964702010154724,0.7801050851454298,0,0,0,1,3.77,0,0,17.0,131.28770446777344,0,1,0,0,0,1196.json,NotBuggy
4,0.5638101100921631,0.4400068318126325,0,0,0,1,1.66,0,2,29.0,123.1068344116211,0,2,0,0,0,2174.json,NotBuggy
3,0.9106588363647461,0.6745222408451002,0,0,0,1,1.66,0,0,22.0,129.47398376464844,0,2,0,0,0,2343.json,NotBuggy
3,0.0,0.10293318642000983,0,0,0,1,0.94,0,1,38.0,126.44578552246094,0,1,0,0,0,1673.json,NotBuggy
8,0.847894549369812,0.5698030669700183,0,0,0,1,0.75,0,0,53.0,108.38971710205078,0,1,2,0,0,1221.json,NotBuggy
3,0.15631796419620514,0.8539829186857639,0,0,0,1,0.94,0,0,17.0,131.28770446777344,0,1,0,0,0,2790.json,NotBuggy
3,0.0,0.09362912410407462,0,0,0,1,0.94,0,1,38.0,126.44578552246094,0,1,0,0,0,1769.json,NotBuggy
3,0.7019428014755249,0.7177943302535074,0,0,0,1,0.94,0,1,18.0,130.7338104248047,0,1,0,0,0,117.json,NotBuggy
12,0.12904012203216553,9.019760008267658E-4,0,0,0,4,1.44,1,2,81.0,98.4715576171875,0,3,1,0,0,54.json,NotBuggy
6,0.30692318081855774,0.23920554001475366,1,1,2,2,1.37,1,1,39.0,114.6888656616211,0,0,0,0,0,842.json,NotBuggy
3,0.017672598361968994,0.45572118810657153,0,0,0,1,0.94,0,2,26.0,128.50894165039062,0,2,0,0,0,2572.json,NotBuggy
7,0.4429720342159271,0.28315898664375405,0,0,0,2,1.51,1,2,40.0,111.66931915283203,0,1,0,0,0,2696.json,NotBuggy
5,0.025793055072426796,0.08402582915307943,0,0,0,1,5.15,0,3,42.0,117.04198455810547,0,3,0,0,0,2169.json,NotBuggy
3,0.5217545628547668,0.7717146371502428,0,0,0,1,3.77,0,0,17.0,131.28770446777344,0,1,0,0,0,580.json,NotBuggy
4,8.576901745982468E-4,0.19499950761510784,0,0,0,1,1.66,0,1,34.0,122.20084381103516,0,4,0,0,0,1591.json,NotBuggy
3,0.2177848517894745,0.7499782211096795,0,0,0,1,0.94,0,0,18.0,130.7338104248047,0,0,0,0,0,1273.json,NotBuggy
3,0.7397571802139282,0.8887908320503357,0,0,0,1,0.94,0,0,12.0,133.59722900390625,0,0,0,0,0,1117.json,NotBuggy
8,0.22081871330738068,0.21900246631361872,1,1,2,2,1.41,1,2,42.0,109.25240325927734,0,1,0,0,0,2200.json,NotBuggy
3,5.126155447214842E-4,0.1093057483998414,0,0,0,1,0.94,0,1,35.0,126.78941345214844,0,1,0,0,0,1771.json,NotBuggy
3,0.8008033037185669,0.8267049562070677,0,0,0,1,0.94,0,1,16.0,131.60296630859375,0,0,0,0,0,2412.json,NotBuggy
6,5.064476863481104E-4,0.06503410164189163,0,0,0,1,2.21,0,2,44.0,113.9580078125,0,4,0,0,0,1943.json,NotBuggy
3,0.3300761282444,0.9202804037403152,0,0,0,1,0.94,0,0,12.0,133.59722900390625,0,0,0,0,0,2787.json,NotBuggy
1,0.8854535222053528,0.703410319658684,0,0,0,1,0.0,0,0,14.0,150.24295043945312,0,0,0,0,0,2615.json,NotBuggy
3,0.5639927387237549,0.5347569757286154,0,0,0,1,0.94,0,2,21.0,129.93223571777344,0,0,0,0,0,1965.json,NotBuggy
3,0.017757825553417206,0.8858965388534996,0,0,0,1,0.94,0,0,12.0,133.59722900390625,0,0,0,0,0,2618.json,NotBuggy
3,0.8298770785331726,0.8152055577365032,0,0,0,1,0.94,0,0,18.0,130.621337890625,0,1,0,0,0,2277.json,NotBuggy
4,0.00707746809348464,0.21945157669706292,0,0,0,1,1.66,0,2,33.0,122.4349365234375,0,2,0,0,0,175.json,NotBuggy
4,0.6965077519416809,0.7824281104288581,0,0,0,1,1.0,0,0,21.0,125.27178192138672,0,1,0,0,0,528.json,NotBuggy
4,0.02072163112461567,0.3731158796571441,0,0,0,1,1.0,0,1,30.0,122.93054962158203,0,2,0,0,0,1633.json,NotBuggy
4,0.0,0.02969762875534031,0,0,0,1,2.45,0,3,45.0,120.35262298583984,0,2,1,0,0,2484.json,NotBuggy
2,0.9978589415550232,0.9392359807460398,0,0,0,1,0.94,0,0,11.0,140.82913208007812,0,1,0,0,0,233.json,NotBuggy
7,7.537778583355248E-4,0.03604750348943486,0,0,0,1,2.1,0,2,48.0,110.74693298339844,0,4,0,0,0,1939.json,NotBuggy
6,0.07019591331481934,0.21008324040291243,2,1,3,2,1.37,1,4,40.0,114.55721282958984,0,0,0,0,0,1250.json,NotBuggy
14,0.13830941915512085,0.010610921547617579,0,0,0,2,2.56,2,4,72.0,97.00574493408203,0,0,1,0,0,2686.json,NotBuggy
3,0.9774224162101746,0.9055030198323734,0,0,0,1,0.98,0,0,14.0,132.4454345703125,1,0,0,0,0,1825.json,NotBuggy
3,0.9346576929092407,0.9578427281850287,0,0,0,1,0.94,0,0,12.0,133.59722900390625,0,0,0,0,0,2713.json,NotBuggy
6,0.0,0.052235096093937,0,0,0,1,4.42,0,1,53.0,113.17951202392578,0,3,0,0,0,2045.json,NotBuggy
3,0.9345517754554749,0.9426894919065902,0,0,0,1,0.94,0,0,12.0,133.59722900390625,0,0,0,0,0,2731.json,NotBuggy
3,0.688104510307312,0.8946196532974607,0,0,0,1,3.77,0,1,14.0,132.79563903808594,0,0,0,0,0,1982.json,NotBuggy
6,0.0,0.005571079015341932,0,0,0,1,4.42,0,1,65.0,111.9888687133789,0,4,0,0,0,2041.json,NotBuggy
3,0.4811597168445587,0.8998327948211983,0,0,0,1,0.94,0,1,15.0,132.25152587890625,0,0,0,0,0,1531.json,NotBuggy
4,0.1362474262714386,0.7692242282883867,0,0,0,1,1.66,0,1,20.0,125.5254898071289,0,0,0,0,0,1555.json,NotBuggy
3,0.41219955682754517,0.8256766226654887,0,0,0,1,1.89,0,0,17.0,131.28770446777344,0,1,0,0,0,2728.json,NotBuggy
3,0.02298104390501976,0.33791407765219733,0,0,0,1,0.94,0,2,28.0,128.1235809326172,0,0,0,0,0,1303.json,NotBuggy
5,0.0,0.004833265111825378,0,0,0,1,2.19,0,6,56.0,115.49394989013672,0,2,1,0,0,2478.json,NotBuggy
19,1.709304633550346E-4,3.998918576504944E-9,0,0,0,2,3.25,2,8,152.0,87.43860626220703,0,3,2,0,0,2460.json,NotBuggy
7,3.458994615357369E-4,0.05847980547410862,0,0,0,1,2.1,0,2,46.0,111.01609802246094,0,4,0,0,0,1938.json,NotBuggy
3,0.2660425305366516,0.951227841854612,0,0,0,1,1.89,0,0,12.0,133.59722900390625,0,0,0,0,0,2078.json,NotBuggy
4,0.02340453863143921,0.4151982099017397,0,0,0,1,1.0,0,1,28.0,123.37332153320312,0,1,0,0,0,1328.json,NotBuggy
3,0.8819122910499573,0.9480685651228145,0,0,0,1,1.89,0,0,12.0,133.59722900390625,0,0,0,0,0,17.json,NotBuggy
4,0.05364888161420822,0.4671879305071596,0,0,0,1,1.66,0,1,25.0,123.96263122558594,0,0,0,0,0,1521.json,NotBuggy
7,0.4429720342159271,0.28315898664375405,0,0,0,2,1.51,1,2,40.0,111.66931915283203,0,1,0,0,0,2693.json,NotBuggy
3,0.21594417095184326,0.473596044834276,0,0,0,1,1.89,0,0,24.0,128.6724853515625,0,1,0,0,0,22.json,NotBuggy
4,6.929725641384721E-4,0.07899553941311865,0,0,0,1,2.45,0,5,40.0,121.21139526367188,0,2,0,0,0,2420.json,NotBuggy
4,0.05917994678020477,0.643451384944478,0,0,0,1,1.66,0,1,22.0,124.91740417480469,0,0,0,0,0,1538.json,NotBuggy
4,0.060585614293813705,0.6159754355984888,0,0,0,1,1.66,0,1,23.0,124.58238983154297,0,0,0,0,0,1550.json,NotBuggy
3,0.02594185434281826,0.8639445929221753,0,0,0,1,0.94,0,0,14.0,132.4454345703125,0,0,0,0,0,1898.json,NotBuggy
3,0.15825782716274261,0.8657414796054299,0,0,0,1,0.94,0,0,14.0,132.4454345703125,0,0,0,0,0,2762.json,NotBuggy
5,0.3965884745121002,0.6006263219462054,0,0,0,1,0.98,0,1,29.0,119.66572570800781,0,0,1,0,0,162.json,NotBuggy
3,0.024814704433083534,0.4109678228707044,0,0,0,1,0.94,0,1,25.0,128.62307739257812,0,1,0,0,0,1286.json,NotBuggy
4,0.015360544435679913,0.2814179914825052,0,0,0,1,1.0,0,1,32.0,122.5949478149414,0,1,0,0,0,1722.json,NotBuggy
4,4.6280486276373267E-4,0.09884159977320794,0,0,0,1,1.0,0,2,39.0,121.41315460205078,0,3,0,0,0,1381.json,NotBuggy
17,0.02267022244632244,9.214846247192981E-5,0,0,0,2,2.46,2,7,97.0,91.9374008178711,0,1,1,0,0,2146.json,NotBuggy
8,0.19418053328990936,0.016420194227040743,1,1,2,2,0.87,0,3,63.0,107.26093292236328,0,0,2,0,0,128.json,NotBuggy
18,1.3724950258620083E-4,7.545896283323517E-10,0,0,0,1,4.1,1,9,161.0,88.44683837890625,0,0,3,0,0,1501.json,NotBuggy
3,0.36293140053749084,0.7869499516155285,0,0,0,1,3.77,0,0,17.0,131.28770446777344,0,1,0,0,0,2646.json,NotBuggy
7,7.494986639358103E-4,0.0018734954086292862,0,0,0,2,1.28,1,6,71.0,108.48123931884766,0,1,2,0,0,1214.json,NotBuggy
3,0.7720367908477783,0.8540973108791997,0,0,0,1,0.94,0,1,16.0,131.60296630859375,0,0,0,0,0,1662.json,NotBuggy
4,0.048948679119348526,0.6501274926428197,0,0,0,1,1.66,0,1,22.0,124.91740417480469,0,0,0,0,0,1537.json,NotBuggy
3,0.7551659345626831,0.8370375131969612,0,0,0,1,0.94,0,0,17.0,131.28770446777344,0,1,0,0,0,2662.json,NotBuggy
6,0.01848367229104042,0.054641194397777676,0,0,0,1,2.21,0,3,47.0,113.50348663330078,0,3,0,0,0,2179.json,NotBuggy
5,0.01313089206814766,0.34284472087638174,0,0,0,1,1.79,0,1,29.0,119.33880615234375,0,0,0,0,0,1557.json,NotBuggy
7,0.038848645985126495,0.007845926316415168,0,0,0,2,1.28,1,3,61.0,109.47494506835938,0,0,2,0,0,1806.json,NotBuggy
5,5.499118124134839E-4,0.0514753296830373,0,0,0,1,1.79,0,2,42.0,117.15352630615234,0,3,0,0,0,1935.json,NotBuggy
3,0.5777522921562195,0.887066903553026,0,0,0,1,0.94,0,0,15.0,131.9385528564453,0,0,0,0,0,1802.json,NotBuggy
4,0.0,2.87245501136369E-4,0,0,0,1,2.45,0,4,74.0,117.82319641113281,0,3,0,0,0,373.json,NotBuggy
4,0.4578961730003357,0.7507103063893763,0,0,0,1,4.0,0,0,20.0,125.5254898071289,0,1,0,0,0,1919.json,NotBuggy
4,0.8863290548324585,0.8561935466977438,0,0,0,1,1.73,0,0,15.0,127.42622375488281,0,1,0,0,0,982.json,NotBuggy
8,0.35705244541168213,0.08659122432000223,1,1,2,2,5.33,1,8,52.0,108.14181518554688,0,0,0,0,0,2835.json,NotBuggy
3,0.4622400104999542,0.854565061584919,0,0,0,1,0.94,0,0,17.0,131.28770446777344,0,1,0,0,0,1411.json,NotBuggy
4,0.802182674407959,0.6895783050498456,0,0,0,1,4.0,0,0,20.0,125.64796447753906,0,1,0,0,0,1922.json,NotBuggy
15,0.4266771674156189,0.023210843360837567,4,4,8,5,1.54,2,2,78.0,94.90966033935547,0,2,2,0,0,72.json,NotBuggy
3,0.7215624451637268,0.6927323496368416,0,0,0,1,0.94,0,1,20.0,130.30841064453125,0,1,0,0,0,1686.json,NotBuggy
4,0.7452515959739685,0.6963159883523825,0,0,0,1,4.0,0,0,20.0,125.64796447753906,0,1,0,0,0,1917.json,NotBuggy
5,0.5153254270553589,0.1667904078055872,1,1,2,2,1.5,0,2,36.0,117.84797668457031,0,0,0,0,0,1414.json,NotBuggy
3,0.14839322865009308,0.7929476102915811,0,0,0,1,0.94,0,0,17.0,131.1535186767578,0,0,0,0,0,2665.json,NotBuggy
3,0.38581278920173645,0.5123141997605021,0,0,0,1,0.94,0,2,21.0,129.93223571777344,0,0,0,0,0,1951.json,NotBuggy
6,0.2423207014799118,0.002634787300013274,0,0,0,1,0.94,0,5,60.0,111.99365234375,0,1,2,0,0,1050.json,NotBuggy
13,0.0,7.545240529139947E-8,0,0,0,1,4.16,1,6,127.0,95.02909851074219,0,0,2,0,0,1637.json,NotBuggy
3,0.7945988774299622,0.8794087636794848,0,0,0,1,0.94,0,0,12.0,133.59722900390625,0,0,0,0,0,1894.json,NotBuggy
4,0.773570716381073,0.889737280817515,0,0,0,1,1.73,0,0,15.0,127.42622375488281,0,1,0,0,0,978.json,NotBuggy
3,0.7268763780593872,0.675815590788395,0,0,0,1,3.77,0,1,19.0,130.45266723632812,0,1,0,0,0,1090.json,NotBuggy
3,0.7551659345626831,0.8370375131969612,0,0,0,1,0.94,0,0,17.0,131.28770446777344,0,1,0,0,0,1854.json,NotBuggy
1,0.9846614599227905,0.6020551658846255,0,0,0,1,0.0,0,0,17.0,148.95103454589844,0,1,0,0,0,1858.json,NotBuggy
3,0.5192715525627136,0.7616148477627512,0,0,0,1,3.77,0,1,19.0,130.85745239257812,0,0,0,0,0,1190.json,NotBuggy
8,0.06696367263793945,0.16974273604056353,1,1,2,2,1.2,1,2,47.0,108.78446960449219,0,1,1,0,0,1085.json,NotBuggy
3,0.7568626403808594,0.8106607952265543,0,0,0,1,0.94,0,1,17.0,131.28770446777344,0,0,0,0,0,1522.json,NotBuggy
3,0.718774139881134,0.7639570420952986,0,0,0,1,0.94,0,2,18.0,130.85629272460938,0,0,0,0,0,1277.json,NotBuggy
3,0.41640955209732056,0.8026991715239374,0,0,0,1,0.94,0,0,17.0,131.03103637695312,0,0,0,0,0,1305.json,NotBuggy
9,0.4063848555088043,0.6318965758471649,3,2,5,3,1.33,1,2,39.0,108.05319213867188,0,1,0,0,0,496.json,NotBuggy
3,5.27651107404381E-4,0.11377871091135519,0,0,0,1,0.94,0,1,35.0,126.78941345214844,0,1,0,0,0,1704.json,NotBuggy
3,0.7065538763999939,0.9162735029265862,0,0,0,1,0.94,0,0,13.0,132.9956512451172,0,0,0,0,0,102.json,NotBuggy
3,0.0,0.13309652880962441,0,0,0,1,1.89,0,0,37.0,126.67426300048828,0,0,0,0,0,2033.json,NotBuggy
3,0.24402686953544617,0.838495238979705,0,0,0,1,0.94,0,0,17.0,131.28770446777344,0,1,0,0,0,1863.json,NotBuggy
3,0.8382107615470886,0.8942566280840699,0,0,0,1,0.94,0,0,12.0,133.59722900390625,0,0,0,0,0,1880.json,NotBuggy
4,0.05745089799165726,0.48630697564496456,0,0,0,1,2.45,0,1,26.0,124.04872131347656,0,1,0,0,0,2431.json,NotBuggy
14,0.04029933363199234,6.92226991341746E-4,0,0,0,2,2.56,2,4,84.0,96.01878356933594,0,1,1,0,0,2135.json,NotBuggy
3,0.49472105503082275,0.9445534438847196,0,0,0,1,0.94,0,0,12.0,133.59722900390625,0,0,0,0,0,161.json,NotBuggy
3,0.6715021729469299,0.8542303710867842,0,0,0,1,0.94,0,0,17.0,131.28770446777344,0,1,0,0,0,1860.json,NotBuggy
3,0.8714516162872314,0.7942783184100292,0,0,0,1,1.0,0,0,18.0,130.7338104248047,0,0,0,0,0,1692.json,NotBuggy
3,0.9427116513252258,0.9565648897927346,0,0,0,1,0.94,0,0,12.0,133.59722900390625,0,0,0,0,0,2708.json,NotBuggy
7,0.4429720342159271,0.28315898664375405,0,0,0,2,1.51,1,2,40.0,111.66931915283203,0,1,0,0,0,2691.json,NotBuggy
7,0.18839123845100403,0.45151586900657265,4,3,7,3,2.06,2,3,36.0,112.45670318603516,0,1,0,0,0,1029.json,NotBuggy
5,6.865938776172698E-4,0.007731813030534292,0,0,0,1,0.98,0,2,54.0,115.78962707519531,0,2,1,0,0,2437.json,NotBuggy
5,0.0,0.0058977251284736505,0,0,0,1,2.19,0,6,56.0,115.49394989013672,0,2,1,0,0,2471.json,NotBuggy
3,0.29155534505844116,0.4537419581653917,0,0,0,1,0.94,0,3,25.0,128.8092498779297,0,1,0,0,0,1132.json,NotBuggy
3,0.38420504331588745,0.936380085437016,0,0,0,1,0.94,0,0,12.0,133.59722900390625,0,0,0,0,0,160.json,NotBuggy
3,0.3603731691837311,0.7034041238608238,0,0,0,1,0.94,0,1,18.0,130.85629272460938,0,0,0,0,0,1560.json,NotBuggy
15,0.007533790543675423,8.652183813086499E-4,0,0,0,4,2.68,2,5,90.0,94.30875396728516,0,1,0,0,0,183.json,NotBuggy
4,0.7786020040512085,0.5803600249992112,0,0,0,1,1.0,0,2,26.0,123.8484878540039,0,1,1,0,0,1240.json,NotBuggy
3,0.010781115852296352,0.5543041912408352,0,0,0,1,0.94,0,2,24.0,129.12539672851562,0,1,0,0,0,2447.json,NotBuggy
3,0.8257952332496643,0.9088621199064004,0,0,0,1,0.94,0,0,12.0,133.59722900390625,0,0,0,0,0,2525.json,NotBuggy
5,0.484699010848999,0.32034106211573543,0,0,0,1,1.5,0,1,41.0,117.53816986083984,0,4,0,0,0,515.json,NotBuggy
6,0.0,0.0021390465360353024,0,0,0,1,2.75,0,1,65.0,111.81744384765625,0,3,1,0,0,2457.json,NotBuggy
4,0.010223539546132088,0.27242370478624817,0,0,0,1,1.0,0,0,32.0,122.5160903930664,0,1,0,0,0,1498.json,NotBuggy
3,0.15752863883972168,0.9080263370127574,0,0,0,1,0.94,0,0,12.0,133.59722900390625,0,0,0,0,0,967.json,NotBuggy
4,0.006950092036277056,0.3231638786505175,0,0,0,1,1.0,0,1,30.0,122.93054962158203,0,1,0,0,0,1448.json,NotBuggy
3,0.9042218923568726,0.9280508926777208,0,0,0,1,0.94,0,0,12.0,133.59722900390625,0,0,0,0,0,482.json,NotBuggy
3,0.02298104390501976,0.33791407765219733,0,0,0,1,0.94,0,2,28.0,128.1235809326172,0,0,0,0,0,1828.json,NotBuggy
3,0.37554222345352173,0.9456360842866377,0,0,0,1,0.94,0,0,12.0,133.59722900390625,0,0,0,0,0,200.json,NotBuggy
3,0.03817007318139076,0.9057466650312819,0,0,0,1,0.94,0,0,12.0,133.59722900390625,0,0,0,0,0,2799.json,NotBuggy
3,0.6752887964248657,0.8253684602874328,0,0,0,1,0.94,0,0,17.0,131.28770446777344,0,1,0,0,0,1174.json,NotBuggy
4,1.1814281606348231E-4,0.00976964623779799,0,0,0,1,1.0,0,3,49.0,119.8553237915039,0,3,0,0,0,2524.json,NotBuggy
3,0.9368415474891663,0.9582279511632655,0,0,0,1,0.94,0,0,12.0,133.59722900390625,0,0,0,0,0,1826.json,NotBuggy
4,0.7045823335647583,0.7077175022570098,0,0,0,1,1.0,0,0,22.0,124.91740417480469,0,2,0,0,0,2274.json,NotBuggy
3,0.2676181197166443,0.5535665939202308,1,1,2,2,0.94,0,2,24.0,128.79153442382812,0,0,0,0,0,1308.json,NotBuggy
3,0.4633645713329315,0.9245809528280243,0,0,0,1,0.94,0,0,12.0,133.59722900390625,0,0,0,0,0,166.json,NotBuggy
33,4.8624808550812304E-4,1.2704910689428476E-6,4,5,9,7,3.57,4,14,164.0,77.12701416015625,0,0,1,0,0,945.json,NotBuggy
5,0.11866570264101028,0.2746420418726184,0,0,0,1,1.63,0,0,33.0,118.4075698852539,0,3,0,0,0,2307.json,NotBuggy
3,0.09805361181497574,0.7990329494467879,0,0,0,1,0.94,0,0,17.0,131.28770446777344,0,1,0,0,0,2657.json,NotBuggy
3,0.6895290017127991,0.5650487735706866,1,1,2,2,0.94,0,2,23.0,129.01284790039062,0,0,0,0,0,2598.json,NotBuggy
3,0.9531645178794861,0.8143128627990431,0,0,0,1,0.94,0,0,18.0,130.99049377441406,0,0,0,0,0,1337.json,NotBuggy
4,0.0133760254830122,0.3642085180106919,0,0,0,1,1.0,0,2,29.0,123.19084167480469,0,2,0,0,0,2605.json,NotBuggy
3,0.47912681102752686,0.8935804790685737,0,0,0,1,0.94,0,1,15.0,132.25152587890625,0,0,0,0,0,2160.json,NotBuggy
7,0.07976175844669342,0.021736302879232436,0,0,0,2,2.56,1,3,56.0,109.97673034667969,0,1,2,0,0,2355.json,NotBuggy
5,0.014990941621363163,0.20588915041769365,0,0,0,1,0.98,0,1,36.0,118.14434051513672,0,1,0,0,0,1499.json,NotBuggy
12,0.3668697774410248,1.7287370986676538E-5,1,2,3,3,1.15,1,2,108.0,97.01388549804688,0,1,5,0,0,1225.json,NotBuggy
3,0.22429698705673218,0.39674891280629715,0,0,0,1,0.94,0,1,26.0,128.50894165039062,0,0,0,0,0,892.json,NotBuggy
3,0.6909599900245667,0.885657586982938,0,0,0,1,0.94,0,0,12.0,133.59722900390625,0,0,0,0,0,1139.json,NotBuggy
3,0.1424243450164795,0.6513579739260923,0,0,0,1,0.94,0,1,22.0,129.69032287597656,0,1,0,0,0,489.json,NotBuggy
3,0.9115757346153259,0.3478197208998984,1,1,2,2,0.94,0,0,29.0,127.71109771728516,0,0,0,0,0,1780.json,NotBuggy
3,0.6220852136611938,0.8158282095545021,0,0,0,1,0.94,0,0,17.0,131.28770446777344,0,1,0,0,0,1413.json,NotBuggy
3,0.0,0.11377269475300703,0,0,0,1,0.94,0,1,38.0,126.44578552246094,0,1,0,0,0,1615.json,NotBuggy
3,0.49566012620925903,0.5503313976324397,0,0,0,1,0.94,0,2,22.0,129.47398376464844,0,1,0,0,0,1224.json,NotBuggy
1,0.8854535222053528,0.703410319658684,0,0,0,1,0.0,0,0,14.0,150.24295043945312,0,0,0,0,0,2614.json,NotBuggy
3,0.8252733945846558,0.8895416797367696,0,0,0,1,0.94,0,1,15.0,132.086669921875,0,0,0,0,0,1271.json,NotBuggy
15,0.012416352517902851,3.1032861101581794E-5,2,2,4,3,4.59,1,9,106.0,93.46146392822266,0,0,4,0,0,2817.json,NotBuggy
6,0.0,6.552069188569453E-4,0,0,0,1,1.37,0,2,70.0,111.37998962402344,0,3,1,0,0,2545.json,NotBuggy
3,0.20629052817821503,0.7618067373685967,0,0,0,1,0.94,0,0,18.0,130.7338104248047,0,0,0,0,0,1392.json,NotBuggy
3,0.620217502117157,0.868004004565178,0,0,0,1,0.94,0,1,15.0,132.25152587890625,0,0,0,0,0,746.json,NotBuggy
3,0.4127136766910553,0.8311905486638008,0,0,0,1,0.94,0,1,15.0,132.086669921875,0,0,0,0,0,2743.json,NotBuggy
4,0.2076176404953003,0.5608649978877014,0,0,0,1,1.0,0,0,25.0,123.96263122558594,0,1,0,0,0,1690.json,NotBuggy
13,0.0,1.7149071365475176E-9,1,1,2,2,14.19,1,10,151.0,93.84713745117188,0,0,4,0,0,1921.json,NotBuggy
3,0.2548368573188782,0.8409375762680226,0,0,0,1,0.94,0,0,17.0,131.28770446777344,0,1,0,0,0,2660.json,NotBuggy
3,0.6519631147384644,0.8351091744657737,0,0,0,1,0.94,0,0,17.0,131.28770446777344,0,1,0,0,0,1178.json,NotBuggy
4,3.1173237948678434E-4,0.13935294525395345,0,0,0,1,1.0,0,1,37.0,121.61679077148438,0,3,0,0,0,1329.json,NotBuggy
8,0.2793259918689728,0.5658288261050053,0,0,0,2,1.2,1,2,39.0,110.02841186523438,0,0,2,0,0,1234.json,NotBuggy
3,0.9039055705070496,0.9312900182818894,0,0,0,1,0.94,0,0,13.0,132.9956512451172,0,0,0,0,0,1156.json,NotBuggy
3,0.4568011462688446,0.9298564118450052,0,0,0,1,0.94,0,0,12.0,133.59722900390625,0,0,0,0,0,251.json,NotBuggy
4,0.41893261671066284,0.8481366110043516,0,0,0,1,1.0,0,0,23.0,124.6862564086914,0,1,0,0,0,2196.json,NotBuggy
4,0.4296938180923462,0.6337462718401361,0,0,0,1,1.0,0,1,22.0,124.71717071533203,0,0,0,0,0,2247.json,NotBuggy
38,1.410041149938479E-4,6.161555938597442E-11,5,5,10,10,6.19,2,17,222.0,72.4845962524414,0,0,1,0,0,838.json,NotBuggy
3,0.5441097617149353,0.8415981939570568,0,0,0,1,0.94,0,0,17.0,131.28770446777344,0,1,0,0,0,2718.json,NotBuggy
4,0.5003957152366638,0.7360940102775934,0,0,0,1,1.66,0,1,19.0,125.79222106933594,0,0,0,0,0,1564.json,NotBuggy
6,0.026895582675933838,0.054338500869363475,0,0,0,1,0.94,0,1,47.0,113.61502838134766,0,3,0,0,0,1310.json,NotBuggy
3,0.764521062374115,0.8854740243274103,0,0,0,1,0.94,0,0,15.0,131.9385528564453,0,0,0,0,0,1181.json,NotBuggy
3,0.15024620294570923,0.800263093348244,0,0,0,1,0.94,0,0,17.0,131.28770446777344,0,1,0,0,0,968.json,NotBuggy
3,0.8053835034370422,0.8905601654001698,0,0,0,1,0.94,0,0,17.0,131.1535186767578,0,1,0,0,0,2455.json,NotBuggy
3,0.8881656527519226,0.8924140067880035,0,0,0,1,0.94,0,0,14.0,132.4454345703125,0,1,0,0,0,243.json,NotBuggy
3,0.20087721943855286,0.8288055741823991,0,0,0,1,0.94,0,1,15.0,132.25152587890625,0,0,0,0,0,1958.json,NotBuggy
3,0.957571804523468,0.9349434843384139,0,0,0,1,3.77,0,0,12.0,133.59722900390625,0,0,0,0,0,2836.json,NotBuggy
3,0.9651410579681396,0.5930114851882183,0,0,0,1,0.94,0,0,23.0,129.58164978027344,0,0,0,0,0,123.json,NotBuggy
8,5.496465018950403E-4,1.4423410879594277E-5,0,0,0,1,2.18,0,12,99.0,104.42655181884766,0,2,2,0,0,1213.json,NotBuggy
9,0.0,2.460213990082071E-7,0,0,0,1,0.83,0,12,118.0,101.74666595458984,0,2,6,0,0,145.json,NotBuggy
8,0.4969218373298645,0.6601799412748489,0,0,0,2,2.83,1,2,37.0,110.09143829345703,0,0,0,0,0,1141.json,NotBuggy
17,0.0015431438805535436,8.189718945574607E-6,6,5,11,5,8.39,4,17,125.0,90.08283996582031,0,0,2,0,0,2838.json,NotBuggy
3,0.8703395128250122,0.9239972972145831,0,0,0,1,0.94,0,0,12.0,133.59722900390625,0,0,0,0,0,1409.json,NotBuggy
3,0.9112119674682617,0.9622884103907574,0,0,0,1,0.94,0,0,12.0,133.59722900390625,0,0,0,0,0,466.json,NotBuggy
35,3.3212441485375166E-4,2.1971068616000302E-10,1,1,2,4,2.51,3,7,209.0,75.3667221069336,0,3,6,0,0,840.json,NotBuggy
3,0.11218154430389404,0.5658698598170206,0,0,0,1,0.94,0,1,23.0,129.05665588378906,0,1,0,0,0,1274.json,NotBuggy
4,0.5770909786224365,0.7202565072653816,0,0,0,1,1.66,0,1,19.0,125.79222106933594,0,0,0,0,0,1563.json,NotBuggy
3,0.215370774269104,0.8039213158005151,0,0,0,1,0.94,0,0,17.0,131.28770446777344,0,1,0,0,0,1910.json,NotBuggy
3,0.9127759337425232,0.9511441939252016,0,0,0,1,1.89,0,0,12.0,133.59722900390625,0,0,0,0,0,100.json,NotBuggy
3,2.7000854606740177E-4,0.13768335883877958,0,0,0,1,0.94,0,1,35.0,126.78941345214844,0,1,0,0,0,1513.json,NotBuggy
3,0.0,0.05861258220358062,0,0,0,1,0.94,0,0,43.0,125.71898651123047,0,3,0,0,0,2052.json,NotBuggy
3,0.1958489865064621,0.6245235050756073,0,0,0,1,0.94,0,1,20.0,129.9696044921875,0,0,0,0,0,237.json,NotBuggy
12,0.25784778594970703,0.2630287683444272,2,2,4,3,2.56,2,2,54.0,101.26398468017578,0,1,1,0,0,6.json,NotBuggy
4,0.052217092365026474,0.4426440424342068,0,0,0,1,1.66,0,2,27.0,123.47842407226562,0,1,0,0,0,2102.json,NotBuggy
3,0.03816257044672966,0.8457304568988984,0,0,0,1,3.77,0,0,12.0,133.59722900390625,0,0,0,0,0,577.json,NotBuggy
3,0.8120758533477783,0.9423747680360592,0,0,0,1,0.94,0,0,12.0,133.59722900390625,0,0,0,0,0,118.json,NotBuggy
4,0.042642991989851,0.20271593468279644,0,0,0,1,4.0,0,0,35.0,121.97586059570312,0,1,0,0,0,2834.json,NotBuggy
3,0.4348446726799011,0.8774421538295516,0,0,0,1,0.94,0,1,15.0,132.25152587890625,0,0,0,0,0,1956.json,NotBuggy
3,0.07519711554050446,0.7337190556703072,0,0,0,1,0.94,0,0,19.0,130.34019470214844,0,0,0,0,0,1255.json,NotBuggy
4,5.829475121572614E-4,0.0745863442057276,0,0,0,1,2.45,0,5,40.0,121.21139526367188,0,2,0,0,0,2419.json,NotBuggy
3,0.8892804384231567,0.9225942347520091,0,0,0,1,2.83,0,0,12.0,133.59722900390625,0,0,0,0,0,2769.json,NotBuggy
3,0.688104510307312,0.8946196532974607,0,0,0,1,3.77,0,1,14.0,132.79563903808594,0,0,0,0,0,2833.json,NotBuggy
4,0.46697571873664856,0.9506849908446933,0,0,0,1,1.73,0,0,17.0,126.4930648803711,0,0,0,0,0,2394.json,NotBuggy
5,0.4850924015045166,0.3792539248484386,0,0,0,1,0.98,0,0,31.0,119.1451187133789,0,0,0,0,0,1841.json,NotBuggy
3,0.5282813906669617,0.8965017306226908,0,0,0,1,0.94,0,0,14.0,132.4454345703125,0,0,0,0,0,1254.json,NotBuggy
3,0.9218279123306274,0.9097263212445769,0,0,0,1,0.94,0,0,14.0,132.4454345703125,0,1,0,0,0,199.json,NotBuggy
3,0.0,0.18505338942599509,0,0,0,1,0.94,0,2,35.0,126.87342071533203,0,2,0,0,0,374.json,NotBuggy
6,0.15601761639118195,0.4216961039248879,0,0,0,1,0.94,0,0,35.0,115.4073257446289,0,0,0,0,0,1309.json,NotBuggy
3,0.7192063927650452,0.9481406511233731,0,0,0,1,1.89,0,1,14.0,132.79563903808594,0,0,0,0,0,995.json,NotBuggy
3,0.030873535200953484,0.25865571440918816,0,0,0,1,0.94,0,2,30.0,127.43789672851562,0,2,0,0,0,511.json,NotBuggy
18,1.742521271808073E-4,4.486903649551692E-12,1,1,2,3,3.17,2,13,178.0,87.07833099365234,0,2,2,0,0,2381.json,NotBuggy
7,0.016921773552894592,0.0021421634747028407,1,1,2,2,1.28,1,4,69.0,108.49707794189453,0,4,1,0,0,2427.json,NotBuggy
21,0.163456991314888,0.002656907067887749,2,3,5,6,1.81,2,3,97.0,87.81669616699219,0,1,4,0,0,506.json,NotBuggy
6,0.34686002135276794,0.8544421999364792,1,1,2,2,1.37,1,0,25.0,117.6890869140625,0,0,0,0,0,1377.json,NotBuggy
3,0.4131681025028229,0.7593107408204306,0,0,0,1,1.89,0,0,19.0,130.236328125,0,0,0,0,0,25.json,NotBuggy
7,0.4429720342159271,0.28315898664375405,0,0,0,2,1.51,1,2,40.0,111.66931915283203,0,1,0,0,0,2148.json,NotBuggy
3,0.7461639642715454,0.715164023002058,0,0,0,1,0.94,0,1,19.0,130.45266723632812,0,1,0,0,0,116.json,NotBuggy
3,0.9510374665260315,0.7703310721490537,0,0,0,1,1.0,0,0,19.0,130.34019470214844,0,1,0,0,0,2254.json,NotBuggy
3,0.544169008731842,0.8593482971373707,0,0,0,1,0.94,0,0,17.0,131.1535186767578,0,1,0,0,0,141.json,NotBuggy
3,0.35741421580314636,0.6074710047725771,0,0,0,1,0.94,0,2,21.0,129.93223571777344,0,0,0,0,0,1946.json,NotBuggy
3,0.08750076591968536,0.48073987673584045,0,0,0,1,0.94,0,1,23.0,129.2428436279297,0,1,0,0,0,2535.json,NotBuggy
9,0.5412015914916992,0.11777146912302482,1,1,2,2,4.62,1,3,49.0,106.54273223876953,0,1,2,0,0,1081.json,NotBuggy
3,0.08126295357942581,0.7235303740985702,0,0,0,1,0.94,0,0,19.0,130.34019470214844,0,0,0,0,0,2667.json,NotBuggy
20,0.0,9.116014569103282E-7,0,0,0,3,2.7,2,6,132.0,87.53158569335938,0,1,1,0,0,2688.json,NotBuggy
26,7.383886841125786E-4,1.46128656153277E-11,3,2,5,6,2.64,4,13,196.0,80.07549285888672,0,0,10,0,0,942.json,Buggy
3,0.049480754882097244,0.8665129270601153,0,0,0,1,0.94,0,0,14.0,132.4454345703125,0,0,0,0,0,2735.json,NotBuggy
3,3.3074122620746493E-4,0.16026831279967585,0,0,0,1,0.94,0,2,33.0,126.9422836303711,0,3,0,0,0,2487.json,NotBuggy
4,0.7415710687637329,0.6105937330065433,0,0,0,1,1.0,0,2,24.0,124.361083984375,0,1,1,0,0,1241.json,NotBuggy
3,0.890202522277832,0.5799364827793457,0,0,0,1,0.94,0,1,23.0,129.34671020507812,0,0,0,0,0,1768.json,NotBuggy
3,0.6593694090843201,0.8126152143376885,0,0,0,1,0.94,0,0,17.0,131.03103637695312,0,2,0,0,0,244.json,NotBuggy
24,3.6424430436454713E-4,1.315488814838864E-10,2,2,4,4,2.12,2,13,183.0,82.15071868896484,0,2,6,0,0,60.json,NotBuggy
3,0.2800392508506775,0.7238035723517073,0,0,0,1,0.94,0,1,18.0,130.7338104248047,0,0,0,0,0,1035.json,NotBuggy
3,0.9651410579681396,0.5930114851882183,0,0,0,1,0.94,0,0,23.0,129.58164978027344,0,0,0,0,0,127.json,NotBuggy
8,0.011526363901793957,0.5440639965277354,0,0,0,1,2.0,0,0,35.0,110.74687957763672,0,4,0,0,0,2704.json,NotBuggy
6,0.13103710114955902,0.16068659061405824,1,1,2,2,1.37,1,5,40.0,114.41285705566406,0,1,1,0,0,2402.json,NotBuggy
3,0.3883782923221588,0.623704991182799,0,0,0,1,0.94,0,2,21.0,129.93223571777344,0,0,0,0,0,1966.json,NotBuggy
8,0.0,5.137593217400284E-5,0,0,0,1,2.45,0,4,85.0,105.25302124023438,0,1,2,0,0,1699.json,NotBuggy
14,4.232623032294214E-4,3.032338124191611E-7,0,0,0,1,3.74,1,8,121.0,94.10713195800781,0,0,2,0,0,1708.json,NotBuggy
7,0.4429720342159271,0.28315898664375405,0,0,0,2,1.51,1,2,40.0,111.66931915283203,0,1,0,0,0,2139.json,NotBuggy
3,4.5215015416033566E-4,0.16997072321164877,0,0,0,1,0.94,0,1,34.0,127.11396026611328,0,1,0,0,0,1756.json,NotBuggy
3,0.6486875414848328,0.7815610015790295,0,0,0,1,0.94,0,0,16.0,131.46876525878906,0,1,0,0,0,1793.json,NotBuggy
15,0.015201956033706665,4.773410135905576E-5,0,0,0,2,3.26,2,4,98.0,93.77693176269531,0,3,1,0,0,2319.json,NotBuggy
15,0.0,2.7978895073949653E-9,0,0,0,1,4.14,1,9,146.0,91.88457489013672,0,0,2,0,0,1767.json,NotBuggy
3,0.06144443526864052,0.329381655559754,0,0,0,1,0.94,0,4,30.0,127.8611831665039,0,0,0,0,0,1313.json,NotBuggy
3,0.8353855013847351,0.9289346429223317,0,0,0,1,0.94,0,0,12.0,133.59722900390625,0,0,0,0,0,1038.json,NotBuggy
5,6.795743829570711E-4,0.006990662973445358,0,0,0,1,0.98,0,8,55.0,115.63973236083984,0,1,1,0,0,1211.json,Buggy
3,0.3315280079841614,0.877681189855445,0,0,0,1,0.94,0,0,14.0,132.4454345703125,0,0,0,0,0,2663.json,NotBuggy
3,0.8026073575019836,0.8977448324966922,0,0,0,1,0.94,0,0,12.0,133.59722900390625,0,0,0,0,0,1879.json,NotBuggy
3,0.6289811134338379,0.9492948896881188,0,0,0,1,1.89,0,0,12.0,133.59722900390625,0,0,0,0,0,1172.json,NotBuggy
3,0.27526286244392395,0.7797206479765898,0,0,0,1,0.94,0,0,17.0,131.03103637695312,0,0,0,0,0,133.json,NotBuggy
20,0.020423494279384613,7.533996820878329E-4,9,9,18,10,1.61,1,4,111.0,87.51481628417969,0,1,1,0,0,1184.json,NotBuggy
3,0.3959501385688782,0.7509274826938654,0,0,0,1,0.94,0,1,18.0,130.7338104248047,0,0,0,0,0,1018.json,NotBuggy
3,0.5179178714752197,0.49118360371534275,0,0,0,1,0.94,0,2,21.0,129.93223571777344,0,0,0,0,0,1963.json,NotBuggy
3,0.912765383720398,0.9307758915994128,0,0,0,1,0.94,0,0,13.0,132.9956512451172,0,0,0,0,0,2104.json,NotBuggy
3,0.518799364566803,0.8783463233487093,0,0,0,1,0.94,0,1,15.0,132.25152587890625,0,0,0,0,0,1959.json,NotBuggy
3,0.02550348825752735,0.38956584821604806,0,0,0,1,0.94,0,1,27.0,128.4090576171875,0,2,0,0,0,222.json,NotBuggy
3,0.5764656066894531,0.651821065354336,0,0,0,1,0.94,0,1,21.0,129.81976318359375,0,1,0,0,0,2784.json,NotBuggy
6,0.7492316961288452,0.305146094610803,0,0,0,1,3.77,0,3,40.0,114.71296691894531,0,1,1,0,0,1087.json,NotBuggy
22,0.058765895664691925,3.8435262870391805E-4,1,1,2,4,1.09,1,6,113.0,86.45066833496094,1,4,4,0,0,115.json,Buggy
5,0.07895059138536453,0.19604117016423955,0,0,0,1,1.79,0,2,37.0,117.81262969970703,0,3,0,0,0,2176.json,NotBuggy
4,0.06262288242578506,0.456978968000021,0,0,0,1,1.0,0,1,27.0,123.47842407226562,0,1,0,0,0,1811.json,NotBuggy
12,0.006891561672091484,8.013698519017598E-4,0,0,0,1,3.72,1,4,81.0,98.93514251708984,0,4,0,0,0,1359.json,NotBuggy
4,0.8263092637062073,0.9515495391979042,0,0,0,1,1.73,0,0,12.0,128.936767578125,0,0,0,0,0,979.json,NotBuggy
3,0.44255876541137695,0.805766416176245,0,0,0,1,0.94,0,0,17.0,131.28770446777344,0,1,0,0,0,1912.json,NotBuggy
3,2.6405209791846573E-4,0.11992254131659397,0,0,0,1,0.94,0,1,35.0,126.78941345214844,0,1,0,0,0,1791.json,NotBuggy
3,0.02956944704055786,0.7874836051038024,0,0,0,1,0.94,0,0,17.0,131.28770446777344,0,1,0,0,0,1875.json,NotBuggy
3,0.9558944702148438,0.9557930668219287,0,0,0,1,0.94,0,0,12.0,133.59722900390625,0,0,0,0,0,2712.json,NotBuggy
3,0.9134703278541565,0.8921562855953885,0,0,0,1,3.77,0,0,13.0,132.9956512451172,0,0,0,0,0,1086.json,NotBuggy
3,0.19348175823688507,0.742231043100405,0,0,0,1,0.94,0,1,19.0,130.57513427734375,0,1,0,0,0,1262.json,NotBuggy
4,0.011374002322554588,0.35919442983514416,0,0,0,1,1.66,0,1,29.0,123.19084167480469,0,3,0,0,0,1582.json,NotBuggy
5,0.4502887427806854,0.516394630935698,0,0,0,1,0.98,0,0,29.0,119.49191284179688,0,1,0,0,0,1844.json,NotBuggy
6,0.8684676289558411,0.6305912851595828,1,1,2,2,5.5,1,2,29.0,116.30830383300781,0,0,0,0,0,1983.json,NotBuggy
4,0.7647556066513062,0.8768220072564663,0,0,0,1,1.0,0,0,19.0,125.91468811035156,0,1,0,0,0,1823.json,NotBuggy
3,0.7372670769691467,0.824038919576179,0,0,0,1,0.94,0,1,16.0,131.75106811523438,0,0,0,0,0,1577.json,NotBuggy
3,0.6068465709686279,0.8623690166660298,0,0,0,1,3.77,0,0,14.0,132.4454345703125,0,0,0,0,0,1479.json,NotBuggy
4,0.23458558320999146,0.589473266849772,0,0,0,1,1.66,0,1,22.0,124.62736511230469,0,0,0,0,0,1518.json,NotBuggy
3,0.6733605265617371,0.7266785427661091,1,1,2,2,0.94,0,1,20.0,129.8434600830078,0,0,0,0,0,1798.json,NotBuggy
4,0.4893891513347626,0.6002719024958106,0,0,0,1,2.45,0,3,24.0,124.361083984375,0,1,0,0,0,2374.json,NotBuggy
3,0.00214381143450737,0.3475859405806581,0,0,0,1,0.94,0,1,27.0,128.22288513183594,0,1,0,0,0,2441.json,NotBuggy
4,0.591330349445343,0.8276436079754164,0,0,0,1,1.0,0,0,20.0,125.64796447753906,0,1,0,0,0,1478.json,NotBuggy
7,0.03581324219703674,0.13562688131782977,0,0,0,1,0.9,0,0,47.0,111.37712860107422,0,3,0,0,0,1477.json,NotBuggy
2,0.4537106454372406,0.854652841045346,0,0,0,1,0.0,0,0,14.0,139.0139617919922,0,2,0,0,0,989.json,NotBuggy
4,0.08644432574510574,0.34346468206339614,0,0,0,1,1.0,0,1,27.0,123.39956665039062,0,1,0,0,0,1452.json,NotBuggy
6,5.05504896864295E-4,0.054051856777683406,0,0,0,1,1.8,0,1,44.0,113.79438018798828,0,4,0,0,0,1530.json,NotBuggy
3,0.36293140053749084,0.7869499516155285,0,0,0,1,3.77,0,0,17.0,131.28770446777344,0,1,0,0,0,1877.json,NotBuggy
5,0.0,0.005615792205090087,0,0,0,1,2.19,0,6,56.0,115.49394989013672,0,2,1,0,0,2464.json,NotBuggy
88,0.0,1.617251757358753E-51,6,3,9,5,0.94,2,79,770.0,53.36351013183594,0,2,7,0,0,255.json,NotBuggy
3,0.7551659345626831,0.8370375131969612,0,0,0,1,0.94,0,0,17.0,131.28770446777344,0,1,0,0,0,1258.json,NotBuggy
5,0.027005158364772797,0.08709664145375165,0,0,0,1,5.51,0,3,42.0,117.04198455810547,0,3,0,0,0,2171.json,NotBuggy
5,9.504299378022552E-4,0.10073063275361259,0,0,0,1,1.79,0,2,39.0,117.66175079345703,0,3,0,0,0,1944.json,NotBuggy
3,0.06613538414239883,0.7107853924425324,0,0,0,1,3.77,0,0,17.0,131.28770446777344,0,1,0,0,0,578.json,NotBuggy
3,0.3817245364189148,0.8199734590940947,0,0,0,1,0.94,0,0,17.0,131.28770446777344,0,1,0,0,0,1862.json,NotBuggy
6,0.5927262306213379,0.12988989458286837,1,1,2,2,3.59,0,3,48.0,113.27555084228516,0,3,0,0,0,514.json,NotBuggy
35,0.0,4.586796493249922E-19,1,1,2,5,3.58,4,19,300.0,73.06599426269531,0,3,8,0,0,2332.json,NotBuggy
7,0.15465198457241058,0.04390620844475967,1,1,2,2,1.28,0,3,50.0,110.45449829101562,0,2,1,0,0,2271.json,NotBuggy
4,5.849209264852107E-4,0.1035678782705457,0,0,0,1,1.0,0,2,38.0,121.47811889648438,0,2,0,0,0,1365.json,NotBuggy
3,0.5284808874130249,0.5891467663862461,0,0,0,1,0.94,0,3,23.0,129.34671020507812,0,1,0,0,0,2373.json,NotBuggy
11,0.0016722251893952489,3.41283048871956E-5,0,0,0,1,3.66,1,4,93.0,99.59270477294922,0,0,2,0,0,1653.json,NotBuggy
6,0.0,0.0403376898526537,0,0,0,1,4.42,0,1,54.0,113.01594543457031,0,5,0,0,0,2050.json,NotBuggy
4,0.12147030979394913,0.764579080863588,0,0,0,1,1.73,0,0,19.0,125.67974090576172,0,1,0,0,0,1252.json,NotBuggy
5,0.035912659019231796,0.5999045794218767,0,0,0,1,1.79,0,1,25.0,120.43750762939453,0,0,0,0,0,1548.json,NotBuggy
3,0.050786904990673065,0.26022903176359735,0,0,0,1,3.77,0,2,29.0,127.76728820800781,0,2,0,0,0,2186.json,NotBuggy
3,0.19795669615268707,0.8822174728019501,0,0,0,1,0.94,0,0,12.0,133.59722900390625,0,0,0,0,0,2675.json,NotBuggy
11,0.4752969443798065,0.01162348848444753,3,2,5,3,1.21,1,0,67.0,101.05683135986328,0,1,3,0,0,1116.json,NotBuggy
4,0.05231793597340584,0.47272863886234573,0,0,0,1,1.66,0,1,25.0,123.96263122558594,0,0,0,0,0,1544.json,NotBuggy
3,0.0,0.1021676328398715,0,0,0,1,0.94,0,1,38.0,126.44578552246094,0,1,0,0,0,1710.json,NotBuggy
5,0.0,0.004818134757036431,0,0,0,1,2.19,0,6,56.0,115.49394989013672,0,2,1,0,0,2467.json,NotBuggy
3,0.7215624451637268,0.6927323496368416,0,0,0,1,0.94,0,1,20.0,130.30841064453125,0,1,0,0,0,1665.json,NotBuggy
6,2.710613189265132E-4,9.65169608147029E-5,0,0,0,1,2.0,0,4,77.0,110.49797821044922,0,1,2,0,0,1636.json,NotBuggy
3,0.7246100902557373,0.8282355568099494,0,0,0,1,0.94,0,0,17.0,131.28770446777344,0,1,0,0,0,1176.json,NotBuggy
3,0.6879553198814392,0.8925092548552949,0,0,0,1,0.94,0,0,15.0,131.9385528564453,0,0,0,0,0,2428.json,NotBuggy
2,0.9880812168121338,0.9800677757166093,0,0,0,1,0.0,0,0,8.0,143.36026000976562,0,0,0,0,0,963.json,NotBuggy
3,0.10136612504720688,0.897569550395923,0,0,0,1,0.94,0,0,14.0,132.4454345703125,0,0,0,0,0,126.json,NotBuggy
3,0.6054445505142212,0.8545752876486308,0,0,0,1,0.94,0,1,17.0,131.43582153320312,0,1,0,0,0,2154.json,NotBuggy
3,0.016359025612473488,0.4230182975093399,0,0,0,1,0.94,0,2,26.0,128.50894165039062,0,2,0,0,0,2578.json,NotBuggy
2,0.998690128326416,0.9752706811914211,0,0,0,1,0.94,0,0,9.0,142.4026641845703,0,0,0,0,0,203.json,NotBuggy
3,0.8777745366096497,0.7863705899770399,0,0,0,1,1.0,0,0,18.0,130.7338104248047,0,0,0,0,0,1678.json,NotBuggy
4,0.45599067211151123,0.6062485453321149,0,0,0,1,1.66,0,1,22.0,124.81353759765625,0,1,0,0,0,1607.json,NotBuggy
3,0.8915667533874512,0.6493785166413878,0,0,0,1,0.94,0,0,23.0,129.58164978027344,0,0,0,0,0,1663.json,NotBuggy
4,0.5480159521102905,0.7887966956121986,0,0,0,1,4.0,0,0,20.0,125.64796447753906,0,1,0,0,0,1924.json,NotBuggy
4,0.017154715955257416,0.4815381031730562,0,0,0,1,1.66,0,1,25.0,124.05243682861328,0,0,0,0,0,1549.json,NotBuggy
4,0.23072479665279388,0.5277147084226186,0,0,0,1,1.0,0,1,25.0,123.87862396240234,0,1,0,0,0,1635.json,NotBuggy
5,0.7445358037948608,0.06874352968877172,1,1,2,2,2.19,0,1,47.0,116.52787017822266,0,0,1,0,0,1510.json,NotBuggy
3,0.688104510307312,0.8946196532974607,0,0,0,1,3.77,0,1,14.0,132.79563903808594,0,0,0,0,0,2840.json,NotBuggy
5,0.09385444968938828,0.16904798798380996,0,0,0,1,1.5,0,4,37.0,117.87252044677734,0,1,0,0,0,1372.json,NotBuggy
3,0.22791370749473572,0.7915025924166286,0,0,0,1,0.94,0,0,17.0,131.28770446777344,0,1,0,0,0,43.json,NotBuggy
24,0.0,1.3807538903779287E-18,4,4,8,5,11.03,1,13,268.0,79.91828155517578,0,0,6,0,0,1926.json,NotBuggy
4,0.005887084174901247,0.09122095608610936,0,0,0,1,3.32,0,3,38.0,121.28888702392578,0,3,0,0,0,2313.json,NotBuggy
3,0.037703923881053925,0.8974313126032447,0,0,0,1,0.94,0,0,12.0,133.59722900390625,0,0,0,0,0,2725.json,NotBuggy
3,0.8930021524429321,0.9207498697216323,0,0,0,1,0.94,0,0,13.0,132.9956512451172,0,0,0,0,0,1130.json,NotBuggy
3,3.574634902179241E-4,0.11242549309478975,0,0,0,1,0.94,0,1,35.0,126.78941345214844,0,1,0,0,0,1696.json,NotBuggy
3,0.6441720724105835,0.8141159472873148,0,0,0,1,0.94,0,0,17.0,131.28770446777344,0,1,0,0,0,1914.json,NotBuggy
3,0.1721382886171341,0.7791769876857857,0,0,0,1,0.94,0,0,17.0,131.28770446777344,0,1,0,0,0,1916.json,NotBuggy
7,0.5534380674362183,0.13524005823946658,1,1,2,2,1.28,1,5,50.0,110.62592315673828,0,2,0,0,0,1199.json,NotBuggy
3,0.7544706463813782,0.9064418514347169,0,0,0,1,0.94,0,0,12.0,133.59722900390625,0,0,0,0,0,105.json,NotBuggy
6,0.7287685871124268,0.5137891834300908,1,1,2,2,1.37,1,1,31.0,116.13532257080078,0,1,0,0,0,1158.json,NotBuggy
3,0.3007793724536896,0.5047104306503064,0,0,0,1,0.94,0,3,25.0,128.91311645507812,0,1,0,0,0,1074.json,NotBuggy
3,0.9013928174972534,0.7775412384258528,0,0,0,1,1.0,0,0,18.0,130.7338104248047,0,0,0,0,0,2255.json,NotBuggy
6,0.590711236000061,0.6226148690040009,1,1,2,2,1.37,1,2,31.0,116.04551696777344,0,1,0,0,0,1078.json,NotBuggy
11,0.02680952474474907,0.0039994175097583665,2,2,4,2,8.43,1,1,74.0,100.8111343383789,0,2,1,0,0,85.json,NotBuggy
2,0.5479735732078552,0.954167429916092,0,0,0,1,0.0,0,0,9.0,142.4026641845703,0,0,0,0,0,987.json,NotBuggy
3,0.03303331509232521,0.33318994242812555,0,0,0,1,0.94,0,1,26.0,128.50894165039062,0,1,0,0,0,2536.json,NotBuggy
12,0.2845451533794403,0.04089247016885715,0,3,3,4,1.28,2,1,64.0,100.09062194824219,0,0,1,0,0,2740.json,Buggy
5,0.0031082164496183395,0.28454570282500774,0,0,0,1,1.79,0,1,34.0,118.58592224121094,0,4,0,0,0,1583.json,NotBuggy
3,0.6321684718132019,0.892909816333742,0,0,0,1,0.94,0,1,14.0,132.61029052734375,0,0,0,0,0,31.json,NotBuggy
3,0.8810243606567383,0.9055870003567716,0,0,0,1,0.94,0,0,13.0,132.9956512451172,0,0,0,0,0,1065.json,NotBuggy
6,0.12389376014471054,0.24227196350907018,0,0,0,1,0.94,0,1,42.0,114.78617095947266,0,1,1,0,0,1929.json,NotBuggy
5,0.0,0.0029032756473847004,0,0,0,1,1.85,0,9,64.0,114.74969482421875,1,0,1,0,0,2413.json,NotBuggy
7,0.4429720342159271,0.28315898664375405,0,0,0,2,1.51,1,2,40.0,111.66931915283203,0,1,0,0,0,2681.json,NotBuggy
3,0.7522525191307068,0.7892604848647121,0,0,0,1,0.94,0,1,17.0,131.28770446777344,0,0,0,0,0,1516.json,NotBuggy
6,0.1799720972776413,0.21184430137005347,1,1,2,2,1.37,1,1,39.0,114.6888656616211,0,1,0,0,0,1480.json,NotBuggy
3,0.9019409418106079,0.9352381353005425,0,0,0,1,3.77,0,0,12.0,133.59722900390625,0,0,0,0,0,1191.json,NotBuggy
3,0.6151723265647888,0.9436450466038195,0,0,0,1,0.94,0,0,12.0,133.59722900390625,0,0,0,0,0,150.json,NotBuggy
4,0.25893694162368774,0.6889678032307033,0,0,0,1,1.0,0,0,23.0,124.48601531982422,0,0,0,0,0,1471.json,NotBuggy
3,0.5972903370857239,0.9297610809853105,0,0,0,1,1.89,0,0,12.0,133.59722900390625,0,0,0,0,0,2727.json,NotBuggy
3,0.7522525191307068,0.8069031223350828,0,0,0,1,0.94,0,1,17.0,131.28770446777344,0,0,0,0,0,1547.json,NotBuggy
3,0.9392729997634888,0.9432463252884166,0,0,0,1,0.94,0,0,12.0,133.59722900390625,0,0,0,0,0,2596.json,NotBuggy
3,0.16498121619224548,0.8266690951277811,0,0,0,1,0.94,0,1,17.0,131.43582153320312,0,0,0,0,0,151.json,NotBuggy
3,0.4473482668399811,0.7028948177274623,0,0,0,1,0.94,0,1,19.0,130.57513427734375,0,1,0,0,0,1597.json,NotBuggy
3,0.9693388938903809,0.8620626858988194,0,0,0,1,0.94,0,1,17.0,131.28770446777344,0,1,0,0,0,1096.json,NotBuggy
3,0.02594185434281826,0.8702086600700049,0,0,0,1,0.94,0,0,14.0,132.4454345703125,0,0,0,0,0,1896.json,NotBuggy
3,0.015854083001613617,0.8836552062519448,0,0,0,1,0.94,0,0,12.0,133.59722900390625,0,0,0,0,0,1900.json,NotBuggy
6,1.9787451310548931E-4,0.07019989240650695,0,0,0,1,2.21,0,2,44.0,113.9580078125,0,4,0,0,0,1940.json,NotBuggy
4,0.2905636131763458,0.6044218287866714,0,0,0,1,1.66,0,1,22.0,124.62736511230469,0,0,0,0,0,1543.json,NotBuggy
7,0.4845949411392212,0.16136225954982922,0,0,0,2,1.51,1,2,43.0,111.41020202636719,0,1,0,0,0,1202.json,NotBuggy
3,0.31794676184654236,0.7371022014201175,0,0,0,1,0.94,0,0,17.0,131.03103637695312,0,0,0,0,0,1257.json,NotBuggy
3,0.6824851036071777,0.8782109696828433,0,0,0,1,0.94,0,0,15.0,131.9385528564453,0,0,0,0,0,1283.json,NotBuggy
6,3.257556236349046E-4,0.05245970190087868,0,0,0,1,2.21,0,0,50.0,113.55261993408203,0,3,0,0,0,358.json,NotBuggy
14,9.759539389051497E-4,9.147680433520041E-8,1,1,2,3,2.47,2,20,130.0,93.27406311035156,0,2,3,0,0,52.json,Buggy
4,0.5217572450637817,0.8471177340435264,0,0,0,1,1.0,0,0,23.0,124.6862564086914,0,1,0,0,0,2197.json,NotBuggy
4,5.841337842866778E-4,0.07514902501493487,0,0,0,1,2.45,0,5,40.0,121.21139526367188,0,2,0,0,0,2426.json,NotBuggy
7,0.42732173204421997,0.12471967889198535,1,1,2,2,1.28,0,1,44.0,111.29065704345703,0,1,0,0,0,1839.json,NotBuggy
3,0.4747224748134613,0.7571639215350788,0,0,0,1,0.94,0,0,17.0,131.1535186767578,0,1,0,0,0,36.json,NotBuggy
5,0.0,0.028180742739937686,0,0,0,1,4.66,0,1,53.0,116.13312530517578,0,3,0,0,0,2039.json,NotBuggy
24,6.367034511640668E-4,5.4423459505985396E-8,5,3,8,5,2.23,3,14,162.0,82.85919952392578,0,1,6,0,0,138.json,NotBuggy
3,0.568518340587616,0.8283113360580382,0,0,0,1,0.94,0,0,16.0,131.60296630859375,0,0,0,0,0,1439.json,NotBuggy
12,0.0,5.1098252597743796E-6,0,0,0,1,4.79,1,4,105.0,97.48772430419922,0,0,2,0,0,1613.json,NotBuggy
3,0.3480370044708252,0.7070161555673842,0,0,0,1,0.94,0,2,21.0,129.81976318359375,0,1,0,0,0,2261.json,NotBuggy
7,0.0,0.0017622388610840651,0,0,0,1,4.2,0,1,72.0,108.73625946044922,0,6,0,0,0,2049.json,NotBuggy
4,0.4436897337436676,0.5331669372376453,0,0,0,1,2.45,0,1,26.0,123.75868225097656,0,1,0,0,0,2162.json,NotBuggy
3,1.2125913053750992E-4,0.0671676255253583,0,0,0,1,0.94,0,0,41.0,125.8877944946289,0,3,0,0,0,378.json,NotBuggy
9,0.11167433112859726,0.06342028410100405,2,2,4,3,1.47,1,2,56.0,105.67543029785156,0,1,0,0,0,913.json,NotBuggy
3,0.9449484944343567,0.39710641463273844,0,0,0,1,0.94,0,0,28.0,128.436279296875,0,0,0,0,0,1185.json,NotBuggy
2,0.9964033961296082,0.9482888447824921,0,0,0,1,0.94,0,0,9.0,142.4026641845703,0,0,0,0,0,2701.json,NotBuggy
3,0.7972366809844971,0.9169601043264867,0,0,0,1,0.94,0,0,12.0,133.59722900390625,0,0,0,0,0,2345.json,NotBuggy
13,0.0033121476881206036,3.930691490678728E-5,0,0,0,1,8.24,0,15,121.0,95.20387268066406,0,1,2,0,0,2811.json,NotBuggy
3,0.6397671699523926,0.6826767873438656,0,0,0,1,0.94,0,1,19.0,130.57513427734375,0,1,0,0,0,1598.json,NotBuggy
6,0.4446508586406708,0.20832769208836543,1,1,2,2,1.37,1,1,37.0,114.68891143798828,0,1,0,0,0,211.json,NotBuggy
6,0.7002223134040833,0.6839413227012614,1,1,2,2,1.37,1,2,29.0,116.48211669921875,0,1,0,0,0,1092.json,NotBuggy
4,6.943825865164399E-4,0.0625218352432296,0,0,0,1,2.45,0,5,40.0,121.21139526367188,0,2,0,0,0,2417.json,NotBuggy
3,0.041731469333171844,0.8200518341672972,0,0,0,1,0.94,0,0,17.0,131.28770446777344,0,1,0,0,0,2655.json,NotBuggy
4,0.676148533821106,0.6911016531402465,0,0,0,1,1.0,0,0,23.0,124.48601531982422,0,1,0,0,0,1834.json,NotBuggy
3,0.03695756569504738,0.7936445167549283,0,0,0,1,0.94,0,0,17.0,131.28770446777344,0,1,0,0,0,1869.json,NotBuggy
13,0.019355881959199905,0.001920581478742786,4,4,8,4,7.04,3,14,91.0,96.75012969970703,0,0,0,0,0,2831.json,Buggy
17,0.01247679814696312,2.5017554047319295E-7,1,1,2,3,3.85,2,9,127.0,89.9863510131836,0,0,3,0,0,1171.json,NotBuggy
3,0.4154127836227417,0.721015396183784,0,0,0,1,0.94,0,1,19.0,130.57513427734375,0,1,0,0,0,1593.json,NotBuggy
3,0.9401941895484924,0.9679749223699402,0,0,0,1,0.94,0,0,12.0,133.59722900390625,0,0,0,0,0,125.json,NotBuggy
6,0.0018447028705850244,0.04304089584517555,0,0,0,2,1.37,1,1,49.0,113.1683349609375,0,3,1,0,0,1368.json,NotBuggy
5,0.0,0.026642155252650793,0,0,0,1,4.66,0,1,53.0,116.13312530517578,0,3,0,0,0,2037.json,NotBuggy
3,1.2728694127872586E-4,0.11839551879050132,0,0,0,1,0.94,0,1,37.0,126.42160034179688,0,3,0,0,0,2065.json,NotBuggy
3,0.9346576929092407,0.9578427281850287,0,0,0,1,0.94,0,0,12.0,133.59722900390625,0,0,0,0,0,2774.json,NotBuggy
2,0.9979637861251831,0.969697414914224,0,0,0,1,1.0,0,0,8.0,143.36026000976562,1,0,0,0,0,964.json,NotBuggy
3,0.9344766139984131,0.9036850216810075,0,0,0,1,0.94,0,0,14.0,132.4454345703125,0,1,0,0,0,234.json,NotBuggy
3,0.0031017069704830647,0.6023962746464816,0,0,0,1,0.94,0,1,21.0,129.7158966064453,0,0,0,0,0,1809.json,NotBuggy
3,0.7757787704467773,0.8765373467378206,0,0,0,1,0.94,0,1,15.0,132.25152587890625,0,0,0,0,0,2406.json,NotBuggy
3,0.7262146472930908,0.879203634787823,0,0,0,1,0.94,0,0,12.0,133.59722900390625,0,0,0,0,0,1886.json,NotBuggy
3,0.04710729047656059,0.890230871803914,0,0,0,1,0.94,0,0,12.0,133.59722900390625,0,0,0,0,0,2719.json,NotBuggy
7,0.07357847690582275,0.01889168344875266,0,0,0,2,1.28,1,3,56.0,109.97673034667969,0,1,2,0,0,1773.json,NotBuggy
3,0.9661846160888672,0.830446329343495,0,0,0,1,0.94,0,1,19.0,130.70933532714844,0,0,0,0,0,475.json,NotBuggy
11,0.24622602760791779,0.2427495270413787,3,2,5,3,2.95,0,3,57.0,102.27546691894531,0,2,2,0,0,973.json,NotBuggy
3,0.22419385612010956,0.36174047600074993,0,0,0,1,1.0,0,2,29.0,127.8512954711914,0,2,0,0,0,192.json,NotBuggy
3,0.4893200695514679,0.6907235977384355,0,0,0,1,0.94,0,1,21.0,129.7158966064453,0,1,0,0,0,1801.json,NotBuggy
3,0.7416207790374756,0.8350052947960529,0,0,0,1,0.94,0,1,16.0,131.75106811523438,0,0,0,0,0,1575.json,NotBuggy
3,0.8853198885917664,0.9303921117348896,0,0,0,1,0.94,0,0,12.0,133.59722900390625,0,0,0,0,0,744.json,NotBuggy
3,0.04452827572822571,0.7962969309767537,0,0,0,1,0.94,0,0,17.0,131.28770446777344,0,1,0,0,0,2726.json,NotBuggy
3,0.01395369227975607,0.4333308352335808,0,0,0,1,0.94,0,2,26.0,128.50894165039062,0,2,0,0,0,2574.json,NotBuggy
4,3.4151176805607975E-4,0.13804257242343115,0,0,0,1,1.0,0,1,37.0,121.61679077148438,0,3,0,0,0,1749.json,NotBuggy
3,0.7060390710830688,0.9090650949338599,0,0,0,1,1.89,0,0,17.0,131.28770446777344,0,1,0,0,0,2081.json,NotBuggy
7,0.4429720342159271,0.28315898664375405,0,0,0,2,1.51,1,2,40.0,111.66931915283203,0,1,0,0,0,2685.json,NotBuggy
34,0.0,1.545488244701419E-11,0,0,0,6,2.99,1,22,224.0,75.38037109375,0,2,2,0,0,181.json,NotBuggy
4,3.9877192466519773E-4,0.04862586567637066,0,0,0,1,2.45,0,5,41.0,121.08299255371094,0,1,0,0,0,1215.json,NotBuggy
2,0.9976674914360046,0.9807634546147357,0,0,0,1,0.0,0,0,9.0,142.4026641845703,0,0,0,0,0,2452.json,NotBuggy
2,0.9987634420394897,0.9720750782329808,0,0,0,1,0.94,0,0,9.0,142.4026641845703,0,0,0,0,0,232.json,NotBuggy
3,0.0,0.08193239238270204,0,0,0,1,1.89,0,3,38.0,126.20867156982422,0,2,0,0,0,62.json,NotBuggy
4,0.08978936821222305,0.42472755086566616,0,0,0,1,1.0,0,1,27.0,123.39956665039062,0,1,0,0,0,1698.json,NotBuggy
4,0.7578073143959045,0.9122016991865166,0,0,0,1,0.87,0,1,15.0,127.42622375488281,0,0,0,0,0,2564.json,NotBuggy
3,0.7653220295906067,0.8134997376535724,0,0,0,1,1.89,0,1,16.0,131.60296630859375,0,0,0,0,0,849.json,NotBuggy
3,0.041731469333171844,0.8200518341672972,0,0,0,1,0.94,0,0,17.0,131.28770446777344,0,1,0,0,0,1870.json,NotBuggy
2,0.9723367094993591,0.9976503841308696,0,0,0,1,0.7,0,0,14.0,139.0139617919922,0,1,0,0,0,93.json,NotBuggy
4,0.06039038300514221,0.49173433655866866,0,0,0,1,1.0,0,0,27.0,123.56243133544922,0,1,0,0,0,1669.json,NotBuggy
3,0.6206422448158264,0.8261115293602217,0,0,0,1,0.94,0,0,17.0,131.28770446777344,0,1,0,0,0,1855.json,NotBuggy
3,0.9240252375602722,0.9477736721051104,0,0,0,1,0.94,0,0,12.0,133.59722900390625,0,0,0,0,0,205.json,NotBuggy
4,3.1614743056707084E-4,0.2140882633198686,0,0,0,1,1.66,0,1,34.0,122.20084381103516,0,4,0,0,0,1587.json,NotBuggy
8,0.01807444356381893,1.7315235745108753E-5,0,0,0,2,1.41,1,12,92.0,104.57787322998047,0,2,3,0,0,53.json,NotBuggy
12,0.018817398697137833,3.6303533379175796E-4,1,1,2,3,1.15,1,8,84.0,98.3935317993164,0,0,2,0,0,947.json,NotBuggy
3,0.8497678637504578,0.8941265850083611,0,0,0,1,0.94,0,1,15.0,132.086669921875,0,0,0,0,0,1316.json,NotBuggy
3,0.6154760718345642,0.8334277713422774,0,0,0,1,3.77,0,0,17.0,131.28770446777344,0,1,0,0,0,1194.json,NotBuggy
3,0.7782673835754395,0.8786056730134522,0,0,0,1,0.94,0,1,15.0,132.086669921875,0,0,0,0,0,2754.json,NotBuggy
3,0.3812626302242279,0.9310213563096988,0,0,0,1,0.94,0,0,12.0,133.59722900390625,0,0,0,0,0,2659.json,NotBuggy
3,0.6128232479095459,0.8905520254628015,0,0,0,1,1.89,0,0,15.0,131.9385528564453,0,1,0,0,0,932.json,NotBuggy
3,0.10373146086931229,0.6486324286798884,0,0,0,1,0.94,0,0,22.0,129.47398376464844,0,1,0,0,0,1908.json,NotBuggy
3,0.991904616355896,0.7007495899969054,0,0,0,1,0.94,0,0,23.0,129.58164978027344,0,0,0,0,0,1312.json,NotBuggy
3,0.017605941742658615,0.2077819689769587,0,0,0,1,0.94,0,1,31.0,127.50450134277344,0,1,0,0,0,1729.json,NotBuggy
3,0.0032876937184482813,0.06366376875038784,2,2,4,2,0.94,0,3,37.0,125.8580093383789,0,0,0,0,0,1393.json,NotBuggy
3,0.688104510307312,0.8946196532974607,0,0,0,1,3.77,0,1,14.0,132.79563903808594,0,0,0,0,0,2814.json,NotBuggy
3,0.7447708249092102,0.929903640447551,0,0,0,1,0.94,0,1,14.0,132.79563903808594,0,0,0,0,0,2407.json,NotBuggy
3,0.012059452012181282,0.49847304053639835,0,0,0,1,0.94,0,2,22.0,129.57785034179688,0,0,0,0,0,949.json,NotBuggy
8,1.3338123972062021E-4,0.0016017827811338015,0,0,0,1,1.73,0,6,69.0,106.60643768310547,0,4,1,0,0,2534.json,NotBuggy
4,0.0037027623038738966,0.13479751020381514,0,0,0,1,1.0,0,0,38.0,121.78533172607422,0,0,1,0,0,2528.json,NotBuggy
5,0.0,0.005940813486817348,0,0,0,1,2.19,0,6,56.0,115.49394989013672,0,2,1,0,0,2476.json,NotBuggy
3,0.3986023962497711,0.7659599178773613,0,0,0,1,0.94,0,1,18.0,130.7338104248047,0,0,0,0,0,1962.json,NotBuggy
8,0.017848869785666466,0.01248206635475724,1,1,2,2,2.44,1,3,56.0,107.46196746826172,0,3,0,0,0,180.json,NotBuggy
3,0.6736146211624146,0.881553549067557,0,0,0,1,0.94,0,0,12.0,133.59722900390625,0,0,0,0,0,1068.json,NotBuggy
3,0.9037314653396606,0.6922028125647873,0,0,0,1,0.94,0,0,23.0,129.58164978027344,0,0,0,0,0,1438.json,NotBuggy
3,0.011526307091116905,0.19081126901724396,0,0,0,1,0.94,0,1,31.0,127.50450134277344,0,1,0,0,0,1755.json,NotBuggy
5,0.0,0.00580353970755381,0,0,0,1,2.19,0,6,56.0,115.49394989013672,0,2,1,0,0,2482.json,NotBuggy
3,0.31270354986190796,0.7554333014888288,0,0,0,1,0.94,0,2,20.0,130.30841064453125,0,1,0,0,0,2166.json,NotBuggy
6,0.0038022289518266916,0.0016206538288060478,0,0,0,1,3.4,0,3,64.0,111.5744400024414,0,1,2,0,0,1612.json,NotBuggy
3,0.3402920961380005,0.6235072146510683,0,0,0,1,0.94,0,2,21.0,129.81976318359375,0,1,0,0,0,2262.json,NotBuggy
3,0.20574665069580078,0.8537907536037218,0,0,0,1,0.94,0,0,17.0,131.28770446777344,0,1,0,0,0,1260.json,NotBuggy
3,0.00858975574374199,0.2709323388910371,0,0,0,1,1.89,0,2,29.0,127.68843078613281,0,1,0,0,0,4.json,NotBuggy
5,0.9763001203536987,0.8611141710037691,0,0,0,1,0.98,0,1,28.0,120.0484390258789,0,1,1,0,0,1097.json,NotBuggy
3,0.8985837697982788,0.9239361635345414,0,0,0,1,0.94,0,0,13.0,132.9956512451172,0,0,0,0,0,1072.json,NotBuggy
11,0.0,1.1278215018661096E-5,0,0,0,1,3.45,1,4,98.0,99.25607299804688,0,6,0,0,0,1383.json,NotBuggy
3,0.6218573451042175,0.8550106932998858,0,0,0,1,0.94,0,1,15.0,132.086669921875,0,0,0,0,0,952.json,NotBuggy
3,0.6062129735946655,0.6877212190396949,0,0,0,1,0.94,0,1,19.0,130.57513427734375,0,1,0,0,0,1594.json,NotBuggy
7,0.2979336082935333,0.6128041367494785,1,1,2,2,4.06,1,0,33.0,113.31297302246094,0,1,0,0,0,2151.json,NotBuggy
3,0.2565785050392151,0.9145842265749767,0,0,0,1,0.94,0,0,12.0,133.59722900390625,0,0,0,0,0,2791.json,NotBuggy
3,0.27157604694366455,0.8214094189944905,0,0,0,1,0.94,0,0,17.0,131.1535186767578,0,0,0,0,0,2698.json,NotBuggy
3,0.8497678637504578,0.8941265850083611,0,0,0,1,0.94,0,1,15.0,132.086669921875,0,0,0,0,0,1464.json,NotBuggy
3,0.9234461784362793,0.9694602635150747,0,0,0,1,0.94,0,0,11.0,134.26058959960938,0,0,0,0,0,1272.json,NotBuggy
3,0.36308160424232483,0.8541235408859109,0,0,0,1,0.94,0,1,15.0,132.25152587890625,0,0,0,0,0,955.json,NotBuggy
4,0.8917673230171204,0.5166500770474353,0,0,0,1,2.45,0,0,28.0,123.77584075927734,0,0,0,0,0,28.json,NotBuggy
5,0.5572271943092346,0.6377897490667924,1,1,2,2,1.5,1,3,27.0,120.0075454711914,0,1,0,0,0,1204.json,NotBuggy
3,0.6039373874664307,0.8475702284783779,0,0,0,1,0.94,0,1,17.0,131.43582153320312,0,1,0,0,0,2607.json,NotBuggy
5,0.19921450316905975,0.036263400007229885,0,0,0,1,0.98,0,2,51.0,116.26677703857422,0,3,0,0,0,2492.json,NotBuggy
10,0.7027100324630737,0.4555136920695204,1,1,2,2,2.8,1,3,45.0,105.39566802978516,0,0,2,0,0,919.json,NotBuggy
3,0.38581278920173645,0.5123141997605021,0,0,0,1,0.94,0,2,21.0,129.93223571777344,0,0,0,0,0,1950.json,NotBuggy
3,0.0,0.02454910816245012,0,0,0,1,0.94,0,1,46.0,125.14508056640625,0,4,0,0,0,1681.json,NotBuggy
8,0.02697121351957321,0.006197792446605746,1,1,2,2,2.44,1,2,60.0,107.19337463378906,0,2,0,0,0,173.json,NotBuggy
3,0.9533982276916504,0.9503213904744905,0,0,0,1,0.94,0,0,12.0,133.59722900390625,0,0,0,0,0,1321.json,NotBuggy
14,5.506457528099418E-4,1.7484610789278296E-6,1,1,2,2,1.96,1,5,113.0,94.20590209960938,0,1,3,0,0,1455.json,NotBuggy
3,0.9466345906257629,0.9675972172618141,0,0,0,1,0.94,0,0,12.0,133.59722900390625,0,0,0,0,0,2099.json,NotBuggy
11,0.08678802102804184,8.918857262626884E-4,2,2,4,3,1.07,1,5,91.0,99.27938842773438,0,1,3,0,0,87.json,NotBuggy
12,0.004059610888361931,5.302571603199422E-4,3,2,5,3,6.4,2,12,89.0,98.02005767822266,0,0,2,0,0,2841.json,NotBuggy
4,0.0012982005719095469,0.10748487497533596,0,0,0,1,2.0,0,5,39.0,121.48739624023438,0,1,0,0,0,7.json,NotBuggy
3,0.26464197039604187,0.5335962558621231,1,1,2,2,0.94,0,2,24.0,128.79153442382812,0,0,0,0,0,1307.json,NotBuggy
3,0.022642750293016434,0.9073765209808847,0,0,0,1,1.89,0,0,12.0,133.59722900390625,0,0,0,0,0,2074.json,NotBuggy
3,0.02007707767188549,0.7901874273352182,0,0,0,1,0.94,0,0,17.0,131.28770446777344,0,1,0,0,0,2724.json,NotBuggy
3,0.19177952408790588,0.8198798937096512,0,0,0,1,0.94,0,1,15.0,132.25152587890625,0,0,0,0,0,1957.json,NotBuggy
15,0.0,5.903163850130749E-9,0,0,0,1,4.68,1,6,144.0,92.05760955810547,0,0,3,0,0,1486.json,NotBuggy
3,0.847667396068573,0.8428698489880632,0,0,0,1,0.94,0,1,16.0,131.60296630859375,0,0,0,0,0,2586.json,NotBuggy
3,0.15581625699996948,0.5546836819925417,0,0,0,1,0.94,0,1,23.0,129.14646911621094,0,1,0,0,0,2400.json,NotBuggy
4,0.055587153881788254,0.4870034411219459,0,0,0,1,2.45,0,1,26.0,124.04872131347656,0,1,0,0,0,2533.json,NotBuggy
3,0.6652650237083435,0.8141453631467709,0,0,0,1,0.94,0,0,20.0,130.30841064453125,0,1,0,0,0,247.json,NotBuggy
6,0.0023008212447166443,0.40778316496777617,0,0,0,1,2.21,0,1,34.0,115.63230895996094,0,4,0,0,0,1585.json,NotBuggy
8,0.10845988243818283,0.14591759067960636,2,1,3,3,7.75,2,4,43.0,109.07997131347656,0,1,1,0,0,1189.json,NotBuggy
5,0.0,0.005550371789196115,0,0,0,1,2.19,0,6,56.0,115.44405364990234,0,2,1,0,0,2473.json,NotBuggy
5,0.4600869417190552,0.23128376457954047,0,0,0,1,3.92,0,2,37.0,118.14622497558594,0,0,1,0,0,1981.json,NotBuggy
3,0.0,0.1566789439969743,0,0,0,1,0.94,0,1,33.0,127.09538269042969,0,2,0,0,0,2436.json,NotBuggy
2,0.9978489279747009,0.929263496060426,0,0,0,1,0.94,0,0,11.0,140.82913208007812,0,1,0,0,0,228.json,NotBuggy
3,0.0271630696952343,0.6113092971010314,0,0,0,1,0.94,0,2,22.0,129.57785034179688,0,0,0,0,0,1441.json,NotBuggy
3,0.18900884687900543,0.9187048448612859,0,0,0,1,0.94,0,0,12.0,133.59722900390625,0,0,0,0,0,2733.json,NotBuggy
6,0.0,0.0058479997426759064,0,0,0,1,0.94,0,2,61.0,112.31913757324219,0,2,1,0,0,2444.json,NotBuggy
3,0.2224208116531372,0.8057804282019504,0,0,0,1,0.94,0,0,17.0,131.1535186767578,0,0,0,0,0,1907.json,NotBuggy
4,0.14513976871967316,0.3045226852484708,0,0,0,1,1.66,0,2,33.0,122.3560791015625,0,3,0,0,0,2177.json,NotBuggy
4,0.010165533050894737,0.2736176314347061,0,0,0,1,1.0,0,0,32.0,122.5160903930664,0,1,0,0,0,1714.json,NotBuggy
3,0.17280681431293488,0.5586086403349285,0,0,0,1,0.94,0,1,23.0,129.2428436279297,0,1,0,0,0,217.json,NotBuggy
5,0.0,0.004553028968608841,0,0,0,1,2.19,0,7,57.0,115.40190887451172,0,2,1,0,0,2480.json,NotBuggy
3,0.2832058072090149,0.907763242730657,0,0,0,1,0.94,0,0,17.0,131.1535186767578,0,2,0,0,0,934.json,NotBuggy
3,0.8915667533874512,0.6493785166413878,0,0,0,1,0.94,0,0,23.0,129.58164978027344,0,0,0,0,0,1684.json,NotBuggy
3,0.5221419930458069,0.8881855716543855,0,0,0,1,0.94,0,0,15.0,131.9385528564453,0,0,0,0,0,1808.json,NotBuggy
3,0.007184714078903198,0.5018742360661801,0,0,0,1,0.94,0,0,27.0,128.62539672851562,0,1,0,0,0,1154.json,NotBuggy
3,0.0,0.011976048673724796,0,0,0,1,0.94,0,1,50.0,124.64512634277344,0,4,0,0,0,1674.json,NotBuggy
3,0.7357968091964722,0.6212049439580286,0,0,0,1,0.94,0,2,20.0,130.18594360351562,0,0,0,0,0,136.json,NotBuggy
5,0.5595899224281311,0.4009605765018877,0,0,0,1,1.5,0,1,36.0,118.2886962890625,0,3,0,0,0,534.json,NotBuggy
3,0.37554222345352173,0.9456360842866377,0,0,0,1,0.94,0,0,12.0,133.59722900390625,0,0,0,0,0,253.json,NotBuggy
4,0.046038780361413956,0.5697533024881286,0,0,0,1,1.0,0,1,24.0,124.1749038696289,0,0,0,0,0,1757.json,NotBuggy
2,0.9995797276496887,0.8967720249226521,0,0,0,1,3.77,0,0,11.0,140.82913208007812,0,1,0,0,0,1198.json,Buggy
4,0.3482884466648102,0.45239987983610425,0,0,0,1,1.5,0,0,27.0,123.39956665039062,0,2,0,0,0,2351.json,NotBuggy
23,0.0027867238968610764,9.425183105643184E-10,3,2,5,4,2.11,2,15,170.0,83.24234008789062,0,3,5,0,0,114.json,NotBuggy
3,0.5011793375015259,0.7587499747141716,0,0,0,1,0.94,0,1,18.0,130.99049377441406,0,2,0,0,0,230.json,NotBuggy
4,0.08364119380712509,0.6480310464557698,0,0,0,1,1.0,0,1,22.0,124.71717071533203,0,0,0,0,0,1642.json,NotBuggy
3,1.5329157758969814E-4,0.0912999340302918,0,0,0,1,0.94,0,1,38.0,126.36177825927734,0,1,0,0,0,1490.json,NotBuggy
3,0.9040911793708801,0.9233629422204822,0,0,0,1,0.94,0,0,13.0,132.9956512451172,0,0,0,0,0,1114.json,NotBuggy
3,0.12429381906986237,0.8162047502228217,0,0,0,1,0.94,0,0,17.0,131.28770446777344,0,1,0,0,0,2736.json,NotBuggy
2,0.10636749118566513,0.7548871622888645,0,0,0,1,0.0,0,0,17.0,137.7220458984375,0,3,0,0,0,991.json,NotBuggy
6,7.847694214433432E-4,7.650377551842759E-4,3,2,5,2,1.37,0,5,68.0,111.11280059814453,0,3,1,0,0,2571.json,NotBuggy
3,0.9871225953102112,0.9538324577514191,0,0,0,1,0.94,0,0,12.0,133.59722900390625,0,0,0,0,0,1177.json,NotBuggy
3,0.9028424620628357,0.9163826839053092,0,0,0,1,0.94,0,0,15.0,132.086669921875,0,1,0,0,0,2098.json,NotBuggy
3,0.8808000087738037,0.8766740739073812,0,0,0,1,0.94,0,0,13.0,132.9956512451172,0,0,0,0,0,1095.json,NotBuggy
18,2.0957522792741656E-4,8.497260264336227E-9,0,0,0,2,3.32,2,9,148.0,88.51604461669922,0,2,2,0,0,2388.json,NotBuggy
3,0.0,0.011749127682464609,0,0,0,1,0.94,0,1,50.0,124.64512634277344,0,4,0,0,0,1718.json,NotBuggy
13,0.5760084986686707,0.9867767357261433,1,1,2,2,2.46,1,2,38.0,102.5509262084961,0,0,1,0,0,2393.json,Buggy
3,0.8353855013847351,0.9289346429223317,0,0,0,1,0.94,0,0,12.0,133.59722900390625,0,0,0,0,0,106.json,NotBuggy
3,0.07518887519836426,0.9090754458447029,0,0,0,1,0.94,0,0,12.0,133.59722900390625,0,0,0,0,0,2651.json,NotBuggy
4,0.010737583041191101,0.3726921198815469,0,0,0,1,1.66,0,1,29.0,123.19084167480469,0,3,0,0,0,1592.json,NotBuggy
4,5.841337842866778E-4,0.07514902501493487,0,0,0,1,2.45,0,5,40.0,121.21139526367188,0,2,0,0,0,2425.json,NotBuggy
4,0.5134130716323853,0.9242825489105647,0,0,0,1,3.46,0,0,12.0,128.936767578125,0,0,0,0,0,2280.json,NotBuggy
15,0.0,4.267071115711524E-8,0,0,0,1,4.19,1,4,136.0,92.43773651123047,0,0,3,0,0,1716.json,NotBuggy
3,0.9238948822021484,0.9257602559724717,0,0,0,1,0.94,0,0,12.0,133.59722900390625,0,0,0,0,0,1175.json,NotBuggy
3,0.012328406795859337,0.40753836775061536,0,0,0,1,0.94,0,1,24.0,128.83535766601562,0,0,0,0,0,1400.json,NotBuggy
3,0.5514199733734131,0.6597721999698003,0,0,0,1,0.94,0,1,21.0,129.93223571777344,0,1,0,0,0,2084.json,NotBuggy
3,0.19795669615268707,0.8822174728019501,0,0,0,1,0.94,0,0,12.0,133.59722900390625,0,0,0,0,0,1915.json,NotBuggy
3,0.005095179658383131,0.8246602181286816,0,0,0,1,0.94,0,0,17.0,131.28770446777344,0,1,0,0,0,2794.json,NotBuggy
44,0.0,4.0390812499364114E-12,1,3,4,10,2.77,4,19,235.0,69.7088623046875,0,1,1,0,0,2289.json,Buggy
3,0.6441196203231812,0.8018542306517624,0,0,0,1,0.94,0,0,17.0,131.1535186767578,0,1,0,0,0,2664.json,NotBuggy
9,0.0016696065431460738,1.5969153285316005E-5,0,0,0,1,1.63,0,5,93.0,102.8109359741211,0,1,3,0,0,1500.json,NotBuggy
5,0.048065826296806335,0.4524801331847985,0,0,0,1,0.98,0,3,31.0,119.2291259765625,0,1,0,0,0,2445.json,NotBuggy
8,0.4056869447231293,0.3714759313907504,2,2,4,3,1.41,0,4,43.0,109.45355987548828,0,0,0,0,0,907.json,NotBuggy
5,0.0,0.004818134757036431,0,0,0,1,2.19,0,6,56.0,115.49394989013672,0,2,1,0,0,2466.json,NotBuggy
3,0.6952295899391174,0.5059009526965074,0,0,0,1,0.94,0,1,26.0,128.70916748046875,0,0,0,0,0,1726.json,NotBuggy
7,0.06981436163187027,0.07357890448816476,1,1,2,2,1.28,1,3,47.0,110.83072662353516,0,1,1,0,0,1104.json,NotBuggy
12,0.600636899471283,0.009076616677254176,3,2,5,3,1.15,1,0,73.0,99.28487396240234,0,1,4,0,0,1111.json,NotBuggy
10,0.008854077197611332,1.1267820649741867E-4,1,1,2,2,1.26,1,6,91.0,101.27983093261719,0,1,2,0,0,2403.json,NotBuggy
13,0.014657403342425823,4.7616997506565554E-5,3,3,6,4,1.23,1,4,101.0,95.8714599609375,0,2,1,0,0,209.json,Buggy
3,0.04608013108372688,0.7830885740153058,0,0,0,1,0.94,0,0,17.0,131.28770446777344,0,1,0,0,0,2783.json,NotBuggy
3,0.7945988774299622,0.885325257010319,0,0,0,1,0.94,0,0,12.0,133.59722900390625,0,0,0,0,0,1895.json,NotBuggy
3,0.02956944704055786,0.7874836051038024,0,0,0,1,0.94,0,0,17.0,131.28770446777344,0,1,0,0,0,2658.json,NotBuggy
3,0.865972638130188,0.9236800627807608,0,0,0,1,1.89,0,0,15.0,131.9385528564453,0,0,0,0,0,27.json,NotBuggy
3,0.040808770805597305,0.7175886766147417,0,0,0,1,0.94,0,1,21.0,129.93223571777344,0,1,0,0,0,1247.json,NotBuggy
3,0.5100229382514954,0.8727782141785836,0,0,0,1,0.94,0,1,14.0,132.61029052734375,0,0,0,0,0,1201.json,NotBuggy
3,0.389548122882843,0.8350759706368899,0,0,0,1,0.94,0,0,17.0,131.03103637695312,0,0,0,0,0,1820.json,NotBuggy
3,0.8932063579559326,0.930583173998359,0,0,0,1,0.94,0,0,13.0,132.9956512451172,0,0,0,0,0,1076.json,NotBuggy
3,0.9111343026161194,0.75714892061238,0,0,0,1,0.94,0,1,15.0,132.086669921875,0,0,0,0,0,2741.json,NotBuggy
5,0.1838669329881668,0.27533702237542174,0,0,0,1,0.98,0,4,35.0,118.3609390258789,0,1,1,0,0,1113.json,NotBuggy
3,0.0,0.01200208936057446,0,0,0,1,0.94,0,1,50.0,124.64512634277344,0,4,0,0,0,1695.json,NotBuggy
3,0.6689064502716064,0.8809393855360785,0,0,0,1,0.94,0,0,13.0,132.9956512451172,0,0,0,0,0,35.json,NotBuggy
7,0.0,5.918695350650868E-4,0,0,0,2,1.28,1,2,74.0,108.36378479003906,0,1,2,0,0,1281.json,NotBuggy
3,0.027020903304219246,0.3039985080317461,0,0,0,1,0.94,0,0,29.0,127.94110107421875,0,3,0,0,0,384.json,NotBuggy
5,0.0012476694537326694,0.006945339288473651,0,0,0,1,0.98,0,2,55.0,115.75127410888672,0,2,1,0,0,2438.json,NotBuggy
3,0.7102315425872803,0.8734817803902923,0,0,0,1,0.94,0,0,15.0,131.9385528564453,0,0,0,0,0,158.json,NotBuggy
3,0.05513261631131172,0.8006537683216205,0,0,0,1,1.89,0,1,20.0,130.59072875976562,0,1,0,0,0,2059.json,NotBuggy
3,0.7246574759483337,0.9226208186497866,0,0,0,1,0.94,0,0,12.0,133.59722900390625,0,0,0,0,0,2582.json,NotBuggy
3,0.4212644100189209,0.92992335180331,0,0,0,1,1.89,0,0,12.0,133.59722900390625,0,0,0,0,0,2076.json,NotBuggy
4,0.004364000167697668,0.09402088512357218,0,0,0,1,5.83,0,2,37.0,121.42755889892578,0,3,0,0,0,2188.json,NotBuggy
18,0.05466962605714798,4.193237865633917E-7,3,3,6,3,14.36,1,5,131.0,88.96468353271484,0,4,3,0,0,1048.json,NotBuggy
3,0.2504993975162506,0.7037089864885149,0,0,0,1,0.94,0,0,20.0,130.07347106933594,0,1,0,0,0,488.json,NotBuggy
3,0.38968661427497864,0.7795449775642217,0,0,0,1,0.94,0,1,18.0,130.7338104248047,0,0,0,0,0,1961.json,NotBuggy
15,0.0,3.527234178028709E-8,0,0,0,1,4.14,1,8,135.0,92.36695098876953,0,0,2,0,0,1734.json,NotBuggy
7,0.07107892632484436,0.21490318703439837,2,2,4,2,1.51,1,2,40.0,111.66931915283203,0,1,0,0,0,2678.json,NotBuggy
5,1.8265104154124856E-4,0.06289542733030619,0,0,0,1,1.5,0,2,45.0,116.9176254272461,0,5,0,0,0,1355.json,NotBuggy
3,0.7372105121612549,0.788204079970774,0,0,0,1,0.94,0,1,17.0,131.28770446777344,0,0,0,0,0,1539.json,NotBuggy
3,3.985756484325975E-4,0.13606975433723145,0,0,0,1,0.94,0,1,35.0,126.78941345214844,0,1,0,0,0,1617.json,NotBuggy
3,0.9629769921302795,0.9560772392556591,0,0,0,1,0.94,0,0,12.0,133.59722900390625,0,0,0,0,0,2451.json,NotBuggy
17,0.003357895417138934,2.8016562222044024E-4,3,4,7,5,1.83,2,11,101.0,91.41045379638672,0,0,2,0,0,910.json,NotBuggy
5,0.001418190891854465,0.28542520431449464,0,0,0,1,1.79,0,1,34.0,118.58592224121094,0,4,0,0,0,1570.json,NotBuggy
7,0.027359813451766968,0.0713475325831811,0,0,0,2,1.28,1,2,50.0,110.7552719116211,0,1,2,0,0,1931.json,NotBuggy
17,0.0026413912419229746,2.2082495124012985E-4,3,4,7,5,1.83,2,11,101.0,91.41045379638672,0,0,2,0,0,941.json,NotBuggy
3,0.30798882246017456,0.7017247398313131,0,0,0,1,0.94,0,0,23.0,129.4591827392578,0,1,0,0,0,239.json,NotBuggy
17,8.148145279847085E-4,6.7828554821408584E-9,3,3,6,5,2.0,2,8,140.0,89.04096984863281,0,1,5,0,0,2703.json,NotBuggy
3,0.7627448439598083,0.8070858302755617,0,0,0,1,0.94,0,1,17.0,131.28770446777344,0,0,0,0,0,1542.json,NotBuggy
3,0.667165219783783,0.876490504702133,0,0,0,1,0.94,0,0,17.0,131.28770446777344,0,1,0,0,0,2732.json,NotBuggy
4,0.3191867172718048,0.39179931696542064,0,0,0,1,1.0,0,1,30.0,123.10436248779297,0,1,1,0,0,530.json,NotBuggy
3,0.736418604850769,0.8143515235837826,0,0,0,1,0.94,0,1,17.0,131.28770446777344,0,0,0,0,0,1519.json,NotBuggy
5,0.004063560161739588,0.010387232493226158,0,0,0,1,0.98,0,2,53.0,115.94388580322266,0,2,1,0,0,2541.json,NotBuggy
3,0.8402912020683289,0.6115253593906915,0,0,0,1,0.94,0,0,23.0,129.14646911621094,0,1,0,0,0,108.json,NotBuggy
3,0.0,0.09719324893595689,0,0,0,1,0.94,0,1,38.0,126.44578552246094,0,1,0,0,0,1489.json,NotBuggy
3,0.5294789671897888,0.65566419459048,0,0,0,1,0.94,0,1,20.0,129.9696044921875,0,0,0,0,0,1546.json,NotBuggy
4,0.17197126150131226,0.6586875479037324,0,0,0,1,1.66,0,1,21.0,125.15930938720703,0,0,0,0,0,1540.json,NotBuggy
3,0.07359766960144043,0.7112000085505,0,0,0,1,1.89,0,1,22.0,129.69032287597656,0,2,0,0,0,993.json,NotBuggy
6,0.0,0.00560227042083889,0,0,0,1,2.21,0,0,64.0,112.1324691772461,0,4,0,0,0,355.json,NotBuggy
3,0.8497678637504578,0.8941265850083611,0,0,0,1,0.94,0,1,15.0,132.086669921875,0,0,0,0,0,1786.json,NotBuggy
3,0.6457635760307312,0.9030385805367489,0,0,0,1,1.89,0,0,12.0,133.59722900390625,0,0,0,0,0,2626.json,NotBuggy
4,1.5157538291532546E-4,0.10126391060652909,0,0,0,1,1.66,0,1,39.0,121.56625366210938,0,3,0,0,0,2538.json,NotBuggy
16,0.01274992898106575,5.4102816706661404E-5,0,0,0,2,2.6,2,4,98.0,92.78327941894531,0,4,1,0,0,2322.json,NotBuggy
13,0.024071229621767998,5.282826724217958E-4,1,1,2,3,1.98,1,6,88.0,96.7821273803711,0,2,2,0,0,167.json,NotBuggy
4,7.51467130612582E-4,0.06393225594799018,0,0,0,1,2.45,0,5,40.0,121.14502716064453,0,2,0,0,0,2422.json,NotBuggy
3,0.48526519536972046,0.5821687747869402,0,0,0,1,0.94,0,3,23.0,129.34671020507812,0,1,0,0,0,2370.json,NotBuggy
3,0.6663225889205933,0.8149150682761076,0,0,0,1,0.94,0,1,16.0,131.60296630859375,0,0,0,0,0,859.json,NotBuggy
6,0.01901034265756607,0.05561624583386528,0,0,0,1,2.21,0,3,47.0,113.50348663330078,0,3,0,0,0,2181.json,NotBuggy
6,0.0,1.4138250177500514E-5,0,0,0,1,2.0,0,4,90.0,109.84266662597656,0,1,2,0,0,2583.json,NotBuggy
2,0.9995797276496887,0.8967720249226521,0,0,0,1,3.77,0,0,11.0,140.82913208007812,0,1,0,0,0,1197.json,Buggy
3,0.3186609447002411,0.8446398029777987,0,0,0,1,0.94,0,0,17.0,131.28770446777344,0,1,0,0,0,586.json,NotBuggy
3,0.9863077402114868,0.9140943657376338,0,0,0,1,3.77,0,0,13.0,132.9956512451172,0,0,0,0,0,1080.json,NotBuggy
5,0.006782738957554102,0.0194036806052857,0,0,0,1,0.98,0,2,50.0,116.30677795410156,0,2,1,0,0,2540.json,NotBuggy
6,0.0046741594560444355,0.2330693143312845,0,0,0,1,2.21,0,1,37.0,114.98188781738281,0,4,0,0,0,1590.json,NotBuggy
4,0.3028114438056946,0.8246300496529041,0,0,0,1,1.0,0,1,20.0,125.64796447753906,0,1,0,0,0,2361.json,NotBuggy
6,7.795995916239917E-4,0.121376894710679,0,0,0,1,1.8,0,1,41.0,114.3851089477539,0,4,0,0,0,1527.json,NotBuggy
9,0.1671636551618576,0.20144484859205466,0,0,0,2,1.33,1,2,47.0,106.87638092041016,0,2,1,0,0,938.json,NotBuggy
9,0.17491503059864044,0.04852516838169134,4,3,7,3,1.33,1,3,57.0,105.5833969116211,0,3,0,0,0,147.json,NotBuggy
3,0.0,0.011752894120865812,0,0,0,1,0.94,0,1,50.0,124.64512634277344,0,4,0,0,0,1711.json,NotBuggy
4,0.13021220266819,0.282091069861803,0,0,0,1,1.66,0,2,33.0,122.3560791015625,0,3,0,0,0,2184.json,NotBuggy
8,2.9018797795288265E-4,0.00829555674406849,0,0,0,1,2.0,0,3,58.0,107.50949096679688,0,4,0,0,0,1942.json,NotBuggy
6,0.7819321155548096,0.5410515417485341,1,1,2,2,1.37,1,2,34.0,115.40231323242188,0,1,0,0,0,1226.json,NotBuggy
3,0.8030426502227783,0.8961244981856616,0,0,0,1,0.94,0,0,14.0,132.4454345703125,0,0,0,0,0,735.json,NotBuggy
7,0.08457354456186295,0.021305952893331485,0,0,0,2,1.28,1,2,53.0,110.04951477050781,0,1,3,0,0,208.json,NotBuggy
7,0.13686680793762207,0.065751281379278,0,0,0,2,1.28,1,2,50.0,110.68890380859375,0,1,2,0,0,1125.json,NotBuggy
3,0.3812626302242279,0.9310213563096988,0,0,0,1,0.94,0,0,12.0,133.59722900390625,0,0,0,0,0,1899.json,NotBuggy
4,1.1559804988792166E-4,0.003974700847322448,0,0,0,1,1.0,0,4,55.0,119.30913543701172,0,3,0,0,0,1384.json,NotBuggy
6,0.0017023618565872312,0.29977764110429705,0,0,0,1,2.21,0,1,37.0,115.19261169433594,0,4,0,0,0,2153.json,NotBuggy
3,0.9844071865081787,0.911660627580462,0,0,0,1,3.77,0,0,13.0,132.9956512451172,0,0,0,0,0,1069.json,NotBuggy
7,0.5391262769699097,0.45783908941243534,0,0,0,2,1.51,1,2,36.0,112.53359985351562,0,1,0,0,0,931.json,NotBuggy
3,0.800794780254364,0.860405852936004,0,0,0,1,0.94,0,0,15.0,131.9385528564453,0,0,0,0,0,132.json,NotBuggy
3,0.7682619094848633,0.7705880866856604,0,0,0,1,0.94,0,1,18.0,130.85629272460938,0,1,0,0,0,2429.json,NotBuggy
3,0.7616076469421387,0.9430880181970908,0,0,0,1,0.94,0,0,12.0,133.59722900390625,0,0,0,0,0,2105.json,NotBuggy
4,0.0023279553279280663,0.2906618329190882,0,0,0,1,2.45,0,5,33.0,122.60874938964844,0,1,0,0,0,2414.json,NotBuggy
3,0.7146004438400269,0.8834979201687012,0,0,0,1,0.94,0,0,12.0,133.59722900390625,0,0,0,0,0,1888.json,NotBuggy
4,0.0493481382727623,0.4455094825781064,0,0,0,1,1.0,0,1,27.0,123.39956665039062,0,1,0,0,0,2522.json,NotBuggy
3,0.7253916263580322,0.7089268233047076,0,0,0,1,0.94,0,1,19.0,130.57513427734375,0,1,0,0,0,1600.json,NotBuggy
2,0.9974795579910278,0.9617707710157767,0,0,0,1,0.94,0,0,9.0,142.4026641845703,0,0,0,0,0,246.json,NotBuggy
5,0.27970466017723083,0.5439727557639464,0,0,0,1,0.98,0,0,29.0,119.49191284179688,0,1,0,0,0,1845.json,NotBuggy
3,6.09483802691102E-4,0.12099575259672003,0,0,0,1,0.94,0,1,35.0,126.78941345214844,0,1,0,0,0,1491.json,NotBuggy
3,0.628468930721283,0.8456655274687852,0,0,0,1,1.89,0,0,17.0,131.28770446777344,0,1,0,0,0,23.json,NotBuggy
5,0.0,0.0058977251284736505,0,0,0,1,2.19,0,6,56.0,115.49394989013672,0,2,1,0,0,2470.json,NotBuggy
8,0.0,2.541249802505471E-4,0,0,0,2,2.4,1,8,78.0,105.6552963256836,0,2,2,0,0,1044.json,NotBuggy
14,0.03968343511223793,1.6908196255803023E-4,0,0,0,2,3.38,2,4,92.0,95.27501678466797,0,2,1,0,0,2341.json,NotBuggy
4,0.7062762975692749,0.3624176180907119,0,0,0,1,1.0,0,1,30.0,122.85169219970703,0,1,1,0,0,461.json,NotBuggy
3,2.0044810662511736E-4,0.1145278291129919,0,0,0,1,0.94,0,2,36.0,126.64292907714844,0,0,0,0,0,1219.json,NotBuggy
3,0.0,0.09362460688101969,0,0,0,1,0.94,0,1,38.0,126.44578552246094,0,1,0,0,0,1505.json,NotBuggy
12,0.003353711450472474,7.035951148479792E-5,4,4,8,5,2.75,4,5,97.0,97.34676361083984,0,1,0,0,0,386.json,NotBuggy
4,0.15523821115493774,0.6190835601302037,0,0,0,1,1.66,0,1,23.0,124.58238983154297,0,1,0,0,0,1608.json,NotBuggy
2,0.9850969314575195,0.8489835309300664,0,0,0,1,0.94,0,0,14.0,139.0139617919922,0,2,0,0,0,236.json,NotBuggy
3,0.003641801653429866,0.4673392785843382,0,0,0,1,0.94,0,2,23.0,129.2428436279297,0,0,0,0,0,851.json,NotBuggy
3,0.13280506432056427,0.8478515654181423,0,0,0,1,0.94,0,1,14.0,132.61029052734375,0,0,0,0,0,954.json,NotBuggy
4,0.3232252895832062,0.7068636945517865,0,0,0,1,1.0,0,0,23.0,124.58238983154297,0,1,0,0,0,2198.json,NotBuggy
1,0.9846614599227905,0.6020551658846255,0,0,0,1,0.0,0,0,17.0,148.95103454589844,0,1,0,0,0,2634.json,NotBuggy
6,0.0018003779696300626,0.006134385990639272,0,0,0,1,2.0,0,8,57.0,112.39840698242188,0,2,1,0,0,1210.json,NotBuggy
3,0.8871518969535828,0.9213111628911401,0,0,0,1,0.94,0,0,13.0,132.9956512451172,0,0,0,0,0,1159.json,NotBuggy
3,0.9713546633720398,0.8703390331581214,0,0,0,1,0.98,0,0,17.0,131.03103637695312,1,1,0,0,0,1824.json,NotBuggy
3,0.9869195818901062,0.9522772191481264,0,0,0,1,1.0,0,0,12.0,133.59722900390625,1,0,0,0,0,1373.json,NotBuggy
29,3.652373270597309E-4,2.6193569880469375E-11,9,8,17,7,3.13,2,16,221.0,77.47193908691406,1,2,7,0,0,63.json,NotBuggy
3,3.4727604361250997E-4,0.10821853138909311,0,0,0,1,0.94,0,1,35.0,126.78941345214844,0,1,0,0,0,1738.json,NotBuggy
3,0.1348699927330017,0.8420890915923569,0,0,0,1,0.94,0,0,17.0,131.28770446777344,0,1,0,0,0,2802.json,NotBuggy
4,0.5750705599784851,0.9031679180776774,0,0,0,1,1.0,0,1,20.0,125.64796447753906,0,1,0,0,0,2360.json,NotBuggy
3,0.023737872019410133,0.45023628629596635,0,0,0,1,0.94,0,0,26.0,128.60531616210938,0,0,0,0,0,2100.json,NotBuggy
5,0.7445358037948608,0.06874352968877172,1,1,2,2,2.19,0,1,47.0,116.52787017822266,0,0,1,0,0,1693.json,NotBuggy
3,0.10479069501161575,0.5497515446512917,0,0,0,1,0.94,0,1,23.0,129.14646911621094,0,1,0,0,0,1463.json,NotBuggy
3,0.514585554599762,0.5645458204866368,0,0,0,1,0.94,0,3,23.0,129.34671020507812,0,1,0,0,0,2372.json,NotBuggy
3,0.05875217169523239,0.8212706377347327,0,0,0,1,0.94,0,0,17.0,131.28770446777344,0,1,0,0,0,2808.json,NotBuggy
5,0.0,0.005550371789196115,0,0,0,1,2.19,0,6,56.0,115.44405364990234,0,2,1,0,0,2472.json,NotBuggy
3,0.8336766362190247,0.9316805973560918,0,0,0,1,0.94,0,0,12.0,133.59722900390625,0,0,0,0,0,2585.json,NotBuggy
5,0.004587552044540644,0.19355370808988928,0,0,0,1,1.79,0,1,35.0,118.29083251953125,0,2,0,0,0,1571.json,NotBuggy
4,0.13384024798870087,0.4483982777366923,0,0,0,1,1.0,0,0,28.0,123.37332153320312,0,1,0,0,0,1723.json,NotBuggy
4,0.08453498035669327,0.5084249817702444,0,0,0,1,1.0,0,0,27.0,123.56243133544922,0,1,0,0,0,1705.json,NotBuggy
5,0.03847130760550499,0.02854020221179777,0,0,0,1,0.98,0,2,48.0,116.51905059814453,0,3,1,0,0,928.json,NotBuggy
3,3.450414224062115E-4,0.1025437789587716,0,0,0,1,0.94,0,2,35.0,126.63631439208984,0,2,0,0,0,1367.json,NotBuggy
17,0.03339666873216629,0.0030979830294956124,5,5,10,4,2.03,2,6,88.0,92.44053649902344,0,0,2,0,0,1779.json,NotBuggy
3,0.0025619252119213343,0.5914304347313838,0,0,0,1,0.94,0,1,21.0,129.7158966064453,0,0,0,0,0,1284.json,NotBuggy
3,0.025741683319211006,0.4913725796821298,0,0,0,1,0.94,0,1,27.0,128.4090576171875,0,2,0,0,0,2266.json,NotBuggy
17,0.0013470895355567336,0.011943631118750042,3,3,6,3,4.17,1,8,138.0,89.99571990966797,0,0,3,0,0,2820.json,NotBuggy
3,0.049571309238672256,0.3837208959225193,0,0,0,1,0.94,0,2,27.0,128.31268310546875,0,1,0,0,0,2729.json,NotBuggy
4,0.004727981984615326,0.08551062073693831,0,0,0,1,1.66,0,3,38.0,121.28888702392578,0,3,0,0,0,2304.json,NotBuggy
7,0.45614516735076904,0.009832508997667827,2,2,4,3,0.9,0,2,63.0,109.25711822509766,0,0,2,0,0,1183.json,NotBuggy
20,2.126144536305219E-4,1.6643268561850194E-7,1,5,6,6,3.24,5,11,146.0,86.37987518310547,0,1,1,0,0,78.json,NotBuggy
10,0.0,2.25835555217962E-5,1,1,2,2,1.66,0,6,93.0,100.90673065185547,0,3,2,0,0,2553.json,NotBuggy
2,0.9987634420394897,0.9720750782329808,0,0,0,1,0.94,0,0,9.0,142.4026641845703,0,0,0,0,0,223.json,NotBuggy
3,0.005887382663786411,0.8355614964327621,0,0,0,1,0.94,0,0,14.0,132.4454345703125,0,0,0,0,0,1887.json,NotBuggy
3,0.890204906463623,0.952360679485599,0,0,0,1,1.89,0,0,12.0,133.59722900390625,0,0,0,0,0,2072.json,NotBuggy
3,0.02302725985646248,0.7915437810727823,0,0,0,1,0.94,0,0,17.0,131.28770446777344,0,1,0,0,0,2766.json,NotBuggy
6,0.4985407590866089,0.4222041037595871,2,2,4,2,1.37,1,2,34.0,115.48116302490234,0,0,0,0,0,1279.json,NotBuggy
3,0.8679041862487793,0.917744764558843,0,0,0,1,0.94,0,0,13.0,132.9956512451172,0,0,0,0,0,1083.json,NotBuggy
6,0.8914563655853271,0.7997463517764942,1,1,2,2,5.5,1,1,26.0,117.25019073486328,0,1,0,0,0,1088.json,NotBuggy
3,0.4077242910861969,0.7370801546495227,0,0,0,1,0.94,0,2,20.0,130.30841064453125,0,1,0,0,0,1945.json,NotBuggy
3,0.09805361181497574,0.8053258947678466,0,0,0,1,0.94,0,0,17.0,131.28770446777344,0,1,0,0,0,1868.json,NotBuggy
3,0.21533624827861786,0.828388130554916,0,0,0,1,3.77,0,0,17.0,131.28770446777344,0,1,0,0,0,582.json,NotBuggy
4,0.7175884246826172,0.7308247600574252,0,0,0,1,4.0,0,0,20.0,125.64796447753906,0,1,0,0,0,1918.json,NotBuggy
6,0.020593607798218727,0.06037059037848067,0,0,0,1,0.94,0,0,49.0,113.73191833496094,0,1,1,0,0,2529.json,NotBuggy
15,0.05149247497320175,3.1740972987171645E-5,2,2,4,3,2.22,1,6,108.0,93.14810180664062,0,2,4,0,0,61.json,NotBuggy
3,0.6329327821731567,0.8271896567093497,0,0,0,1,0.94,0,1,18.0,130.99049377441406,0,1,0,0,0,891.json,NotBuggy
11,0.05191086232662201,0.11850172942772555,1,1,2,2,4.27,1,4,56.0,102.59750366210938,0,3,1,0,0,2058.json,NotBuggy
3,0.7282066941261292,0.840715276528501,0,0,0,1,0.94,0,1,16.0,131.75106811523438,0,0,0,0,0,1580.json,NotBuggy
3,0.015298171900212765,0.5322429064792445,0,0,0,1,0.94,0,2,24.0,128.92515563964844,0,0,0,0,0,1465.json,NotBuggy
3,0.7187882661819458,0.9265682722775761,0,0,0,1,0.94,0,1,12.0,133.80813598632812,0,0,0,0,0,2030.json,NotBuggy
3,0.690233051776886,0.5045908892265375,0,0,0,1,0.94,0,1,26.0,128.70916748046875,0,0,0,0,0,1717.json,NotBuggy
21,0.0026690573431551456,5.801678517529179E-6,2,2,4,3,8.92,2,18,140.0,86.43521118164062,0,0,4,0,0,1187.json,NotBuggy
4,0.7677043080329895,0.777227212838631,0,0,0,1,4.0,0,0,20.0,125.64796447753906,0,1,0,0,0,1923.json,NotBuggy
3,0.6810414791107178,0.8843193184226184,0,0,0,1,0.94,0,0,17.0,131.28770446777344,0,1,0,0,0,2757.json,NotBuggy
3,0.005620229989290237,0.8654102821733921,0,0,0,1,0.94,0,0,14.0,132.4454345703125,0,0,0,0,0,1897.json,NotBuggy
3,0.02009865827858448,0.33283731039141595,0,0,0,1,0.94,0,2,27.0,128.22288513183594,0,2,0,0,0,2573.json,NotBuggy
16,0.0,5.969513548194356E-10,2,2,4,3,1.45,2,12,158.0,90.01774597167969,0,2,6,0,0,1043.json,NotBuggy
3,0.04043624550104141,0.80557948408965,0,0,0,1,0.94,0,0,17.0,131.28770446777344,0,1,0,0,0,2764.json,NotBuggy
5,3.5050191218033433E-4,0.16974131968327993,0,0,0,1,2.33,0,1,38.0,117.86318969726562,0,4,0,0,0,1523.json,NotBuggy
3,0.7908997535705566,0.930161233410518,0,0,0,1,0.94,0,0,13.0,132.9956512451172,0,0,0,0,0,140.json,NotBuggy
4,0.03867340087890625,0.6549108782717503,0,0,0,1,1.66,0,1,22.0,124.91740417480469,0,0,0,0,0,1558.json,NotBuggy
3,0.9418541789054871,0.7194070532066846,0,0,0,1,1.0,0,0,19.0,130.236328125,0,1,0,0,0,2250.json,NotBuggy
3,0.007726742420345545,0.4986088304018507,0,0,0,1,0.94,0,0,27.0,128.62539672851562,0,1,0,0,0,1155.json,NotBuggy
3,0.41640955209732056,0.8026991715239374,0,0,0,1,0.94,0,0,17.0,131.03103637695312,0,0,0,0,0,1830.json,NotBuggy
3,0.6668494939804077,0.7721187654858166,0,0,0,1,0.94,0,0,19.0,130.57513427734375,0,0,0,0,0,1133.json,NotBuggy
3,0.01696121133863926,0.9091277770870698,0,0,0,1,0.94,0,0,12.0,133.59722900390625,0,0,0,0,0,2652.json,NotBuggy
3,0.08337968587875366,0.611308869725442,0,0,0,1,0.94,0,0,22.0,129.47398376464844,0,1,0,0,0,2666.json,NotBuggy
3,0.295672744512558,0.4820063763913068,0,0,0,1,0.94,0,3,25.0,128.91311645507812,0,1,0,0,0,1073.json,NotBuggy
5,0.24625539779663086,0.8640658486999502,0,0,0,1,2.0,0,2,24.0,120.96249389648438,0,1,0,0,0,975.json,NotBuggy
4,0.015078682452440262,0.1975834271268667,0,0,0,1,1.0,0,1,33.0,122.28182983398438,0,2,0,0,0,2587.json,NotBuggy
3,0.6478853821754456,0.9415720268446897,0,0,0,1,0.94,0,0,12.0,133.59722900390625,0,0,0,0,0,948.json,NotBuggy
4,6.943825865164399E-4,0.06930966059541611,0,0,0,1,2.45,0,5,40.0,121.21139526367188,0,2,0,0,0,2418.json,NotBuggy
4,0.045184001326560974,0.2629488942809523,0,0,0,1,1.0,0,2,30.0,122.93054962158203,0,0,0,0,0,893.json,NotBuggy
5,2.5099050253629684E-4,0.0944751404005419,0,0,0,1,1.79,0,1,40.0,117.53009796142578,0,4,0,0,0,1568.json,NotBuggy
4,0.8857977986335754,0.6098381235348901,0,0,0,1,1.0,0,1,27.0,123.74861145019531,0,1,0,0,0,2584.json,NotBuggy
3,0.7890042662620544,0.4748289395385676,0,0,0,1,0.94,0,2,30.0,128.07752990722656,0,0,0,0,0,1425.json,NotBuggy
3,4.6085542999207973E-4,0.24024958767917637,0,0,0,1,0.94,0,2,30.0,127.59099578857422,0,3,0,0,0,2479.json,NotBuggy
3,4.1291301022283733E-4,0.11952362065711343,0,0,0,1,0.94,0,1,35.0,126.78941345214844,0,1,0,0,0,1721.json,NotBuggy
3,0.7811756134033203,0.9384933561972123,0,0,0,1,0.94,0,0,12.0,133.59722900390625,0,0,0,0,0,201.json,NotBuggy
4,0.005936174187809229,0.14936642694746619,0,0,0,1,3.32,0,2,36.0,121.82937622070312,0,3,0,0,0,2187.json,NotBuggy
3,0.41194283962249756,0.8399328395357812,0,0,0,1,0.94,0,0,17.0,131.28770446777344,0,1,0,0,0,2096.json,NotBuggy
3,0.7240568995475769,0.8921506119141245,0,0,0,1,0.94,0,0,12.0,133.59722900390625,0,0,0,0,0,1079.json,NotBuggy
4,0.08956913650035858,0.5290338823944307,0,0,0,1,1.0,0,0,27.0,123.56243133544922,0,1,0,0,0,1611.json,NotBuggy
3,0.8081101775169373,0.8970056453321766,0,0,0,1,0.94,0,0,15.0,131.9385528564453,0,0,0,0,0,156.json,NotBuggy
3,0.7372990846633911,0.43505891916187045,0,0,0,1,0.94,0,1,29.0,128.25381469726562,0,0,0,0,0,1709.json,NotBuggy
4,0.46686500310897827,0.9016171153280462,0,0,0,1,1.0,0,1,20.0,125.64796447753906,0,1,0,0,0,2359.json,NotBuggy
3,0.28956690430641174,0.8331559590774021,0,0,0,1,0.94,0,0,17.0,131.28770446777344,0,1,0,0,0,2599.json,NotBuggy
11,0.30631697177886963,0.326332856354211,2,2,4,3,1.34,2,2,46.0,103.5073471069336,0,0,0,0,0,9.json,NotBuggy
5,9.979939786717296E-4,0.035959470905182714,0,0,0,1,2.33,0,2,47.0,116.6915054321289,0,3,0,0,0,2552.json,NotBuggy
3,1.6648870951030403E-4,0.17919761301165457,0,0,0,1,0.94,0,2,33.0,126.9422836303711,0,3,0,0,0,2485.json,NotBuggy
6,0.0,0.005554745008787608,0,0,0,1,2.21,0,0,64.0,112.1324691772461,0,4,0,0,0,360.json,NotBuggy
4,0.03898128494620323,0.4680246089149865,0,0,0,1,1.0,0,2,26.0,123.8484878540039,0,1,0,0,0,2603.json,NotBuggy
3,0.49566012620925903,0.5503313976324397,0,0,0,1,0.94,0,2,22.0,129.47398376464844,0,1,0,0,0,1223.json,NotBuggy
3,0.5441097617149353,0.8415981939570568,0,0,0,1,0.94,0,0,17.0,131.28770446777344,0,1,0,0,0,2758.json,NotBuggy
4,0.530510425567627,0.7178209540963715,0,0,0,1,1.0,0,2,24.0,124.57742309570312,0,0,1,0,0,2265.json,NotBuggy
3,0.004627199377864599,0.26414756444184045,0,0,0,1,0.94,0,1,29.0,127.94110107421875,0,2,0,0,0,2542.json,NotBuggy
12,0.0074663544073700905,0.039533723495743085,2,2,4,4,2.02,2,4,64.0,99.97908020019531,0,1,0,0,0,1030.json,NotBuggy
