SLOCStandard,Readability,SimpleReadability,NVAR,NCOMP,Mcclure,McCabe,IndentSTD,MaximumBlockDepth,totalFanOut,Length,MaintainabilityIndex,SATD,Parameters,LocalVariables,ChangeAtMethodAge,CriticalEditDistances,file,Detection
3,0.649228036403656,0.9455885186960388,0,0,0,1,1.89,0,1,14.0,132.61029052734375,0,0,0,0,0,104.json,NotBuggy
3,0.45002979040145874,0.9443765402372107,0,0,0,1,1.89,0,0,12.0,133.59722900390625,0,0,0,0,0,761.json,NotBuggy
3,0.8279268145561218,0.8809936006434955,0,0,0,1,1.89,0,1,16.0,131.60296630859375,0,0,0,0,0,6599.json,NotBuggy
6,0.20424744486808777,0.31980202512899664,0,0,0,1,1.89,0,3,42.0,114.78617095947266,0,0,1,0,0,5747.json,NotBuggy
3,0.18117117881774902,0.7220312036304326,0,0,0,1,1.89,0,1,22.0,129.69032287597656,0,2,0,0,0,2294.json,NotBuggy
3,0.7820066809654236,0.7989837340938787,0,0,0,1,1.89,0,0,20.0,130.07347106933594,0,2,0,0,0,1843.json,NotBuggy
3,0.18480709195137024,0.7354384247135362,0,0,0,1,1.89,0,1,22.0,129.69032287597656,0,2,0,0,0,2249.json,NotBuggy
3,0.28269803524017334,0.9060543257817707,0,0,0,1,1.89,0,0,14.0,132.4454345703125,0,0,0,0,0,3815.json,NotBuggy
3,0.3541962504386902,0.7894564386759154,0,0,0,1,1.89,0,1,18.0,130.7338104248047,0,0,0,0,0,3173.json,NotBuggy
3,0.1550312340259552,0.721418822054432,0,0,0,1,1.89,0,0,24.0,129.2378692626953,0,2,0,0,0,4587.json,NotBuggy
3,0.9876028895378113,0.8866277831692635,0,0,0,1,1.89,0,0,15.0,132.086669921875,0,0,0,0,0,5352.json,NotBuggy
15,0.005503632593899965,3.6556968821604204E-4,2,3,5,4,3.52,1,9,100.0,93.80345153808594,0,2,2,0,0,922.json,NotBuggy
3,0.7319387197494507,0.9313289576594986,0,0,0,1,1.89,0,0,14.0,132.61029052734375,0,0,0,0,0,3848.json,NotBuggy
3,0.3691707253456116,0.6851791283278573,0,0,0,1,1.89,0,1,20.0,130.07347106933594,0,1,0,0,0,4535.json,NotBuggy
3,0.6987584233283997,0.8029226652717406,0,0,0,1,1.89,0,0,17.0,131.28770446777344,0,1,0,0,0,6177.json,NotBuggy
5,9.414184023626149E-4,0.008190165227415095,0,0,0,1,1.96,0,4,55.0,115.69420623779297,0,4,2,0,0,274.json,NotBuggy
3,0.6966673135757446,0.9465439743910953,0,0,0,1,1.89,0,0,14.0,132.61029052734375,0,0,0,0,0,3599.json,NotBuggy
3,0.7016756534576416,0.9535885073918051,0,0,0,1,1.89,0,1,15.0,132.25152587890625,0,0,0,0,0,260.json,NotBuggy
3,0.005118012893944979,0.4922307735849459,0,0,0,1,1.89,0,1,28.0,128.1235809326172,0,2,0,0,0,3511.json,NotBuggy
3,0.005118012893944979,0.4922307735849459,0,0,0,1,1.89,0,1,28.0,128.1235809326172,0,2,0,0,0,3985.json,NotBuggy
3,0.4188118577003479,0.7646122069712864,0,0,0,1,1.89,0,1,21.0,129.93223571777344,0,0,0,0,0,2930.json,NotBuggy
3,0.4451378881931305,0.8073417367371405,0,0,0,1,1.89,0,1,18.0,130.7338104248047,0,0,0,0,0,794.json,NotBuggy
3,0.3153530955314636,0.7687264183566046,0,0,0,1,1.89,0,1,18.0,130.7338104248047,0,0,0,0,0,3191.json,NotBuggy
26,0.0,4.421872576828955E-27,3,6,9,6,3.25,4,37,364.0,76.78123474121094,0,3,7,0,0,26.json,Buggy
4,0.9624051451683044,0.8641420556339037,0,0,0,1,4.9,0,0,22.0,125.02987670898438,0,0,0,0,0,326.json,NotBuggy
3,0.19365328550338745,0.7224319707519463,0,0,0,1,1.89,0,1,22.0,129.69032287597656,0,2,0,0,0,2253.json,NotBuggy
2,0.5314443111419678,0.8465401010288883,0,0,0,1,0.0,0,0,14.0,139.0139617919922,0,2,0,0,0,1454.json,NotBuggy
3,0.46994948387145996,0.7276431950166191,0,0,0,1,1.89,0,1,21.0,129.93223571777344,0,0,0,0,0,4180.json,NotBuggy
3,0.7747223377227783,0.8383210112328197,0,0,0,1,1.89,0,1,18.0,130.85629272460938,0,0,0,0,0,4795.json,NotBuggy
3,0.7060662508010864,0.9187171105788481,0,0,0,1,1.89,0,1,15.0,132.25152587890625,0,0,0,0,0,6926.json,NotBuggy
6,0.2133783996105194,0.14470061116208832,3,1,4,2,2.75,0,3,43.0,113.9074478149414,0,2,1,0,0,2121.json,NotBuggy
6,0.7858262062072754,0.8571593667376882,0,0,0,1,5.5,0,0,28.0,117.0948257446289,0,0,0,0,0,5570.json,NotBuggy
3,0.5901814699172974,0.894417935706043,0,0,0,1,1.89,0,0,15.0,131.9385528564453,0,0,0,0,0,2942.json,NotBuggy
3,0.9178104996681213,0.9677811301708296,0,0,0,1,1.89,0,0,12.0,133.59722900390625,0,0,0,0,0,4376.json,NotBuggy
3,0.012071684002876282,0.7500767984357245,0,0,0,1,1.89,0,1,23.0,129.34671020507812,0,2,0,0,0,88.json,NotBuggy
3,0.4093027114868164,0.8220723086733784,0,0,0,1,1.89,0,1,18.0,130.7338104248047,0,0,0,0,0,2742.json,NotBuggy
3,0.3476245105266571,0.8872263510927426,0,0,0,1,1.89,0,0,14.0,132.4454345703125,0,0,0,0,0,4257.json,NotBuggy
5,0.15905943512916565,0.6666855679383606,1,1,2,2,2.99,0,1,31.0,119.08892822265625,0,2,0,0,0,3156.json,NotBuggy
3,0.6075165867805481,0.8678812387112796,0,0,0,1,1.89,0,0,15.0,132.25152587890625,0,0,0,0,0,6292.json,NotBuggy
10,0.022299978882074356,0.003046428788576767,2,2,4,3,3.49,1,6,75.0,102.14214324951172,0,2,2,0,0,858.json,NotBuggy
6,0.24044254422187805,0.11378289793118458,3,1,4,2,2.75,0,3,45.0,113.6710433959961,0,2,1,0,0,1581.json,NotBuggy
3,0.8884474635124207,0.8189900556758436,0,0,0,1,1.89,0,0,17.0,131.28770446777344,0,1,0,0,0,6816.json,Buggy
8,0.0032226680777966976,0.07256743754610079,1,1,2,2,2.4,0,3,52.0,108.32174682617188,0,1,0,0,0,3743.json,NotBuggy
3,0.7881513237953186,0.7771509868170736,0,0,0,1,1.89,0,0,20.0,130.07347106933594,0,2,0,0,0,1871.json,NotBuggy
20,0.0029703837353736162,4.585469587324187E-4,3,2,5,5,3.88,2,14,111.0,88.46050262451172,0,1,3,0,0,5395.json,NotBuggy
3,0.3691382110118866,0.9388596261827703,0,0,0,1,1.89,0,0,12.0,133.59722900390625,0,0,0,0,0,3881.json,NotBuggy
3,0.5673474669456482,0.9594306039018772,0,0,0,1,1.89,0,0,12.0,133.59722900390625,0,0,0,0,0,6135.json,NotBuggy
3,0.047339025884866714,0.2045547916150853,0,0,0,1,1.89,0,2,30.0,127.36779022216797,0,2,0,0,0,5846.json,NotBuggy
11,0.1890399307012558,0.11100513827585216,4,3,7,4,3.95,2,4,63.0,101.52503204345703,0,1,1,0,0,632.json,NotBuggy
3,0.43578222393989563,0.9508185212584617,0,0,0,1,1.89,0,0,12.0,133.59722900390625,0,0,0,0,0,821.json,NotBuggy
14,6.945653585717082E-4,6.42062737664964E-8,2,2,4,3,6.83,3,15,127.0,93.22004699707031,0,1,3,0,0,5029.json,NotBuggy
3,0.22793038189411163,0.6969251108051431,0,0,0,1,1.89,0,1,22.0,129.69032287597656,0,2,0,0,0,2297.json,NotBuggy
3,0.6945946216583252,0.8689561124408618,0,0,0,1,1.89,0,0,17.0,131.28770446777344,0,1,0,0,0,5527.json,NotBuggy
3,0.0,3.1186055648084484E-5,1,1,2,2,1.89,0,9,83.0,121.44329071044922,0,2,0,0,0,1404.json,NotBuggy
17,0.02120380662381649,2.4134689466270927E-5,1,3,4,4,2.78,3,14,121.0,90.82878875732422,0,2,0,0,0,366.json,NotBuggy
24,5.707044620066881E-4,1.8853728393757745E-11,6,8,14,6,4.43,3,14,206.0,81.30644989013672,0,3,3,0,0,5126.json,NotBuggy
19,0.07532612979412079,0.0010894692757263502,0,1,1,2,4.27,3,6,99.0,90.08848571777344,0,1,4,0,0,5517.json,NotBuggy
5,0.4627102315425873,0.7515217203354049,1,1,2,2,2.99,1,3,27.0,119.80731201171875,0,1,0,0,0,2739.json,NotBuggy
15,0.004736471455544233,3.722964836402782E-4,2,3,5,4,3.52,1,9,100.0,93.80345153808594,0,2,2,0,0,908.json,NotBuggy
7,0.94273442029953,0.07462260802401484,5,4,9,4,1.81,0,3,58.0,109.3342514038086,0,1,1,0,0,4550.json,NotBuggy
3,0.2188047617673874,0.7063128292264993,0,0,0,1,1.89,0,1,22.0,129.69032287597656,0,2,0,0,0,2301.json,NotBuggy
5,0.7661678791046143,0.8560094365330505,1,1,2,2,2.99,0,1,26.0,120.20379638671875,0,1,0,0,0,3418.json,NotBuggy
3,0.8193971514701843,0.7051982928215911,0,0,0,1,1.89,0,2,21.0,129.93223571777344,0,1,0,0,0,5280.json,NotBuggy
2,0.6889010071754456,0.8050399825459253,0,0,0,1,0.0,0,0,14.0,139.0139617919922,0,1,0,0,0,799.json,NotBuggy
3,0.5547125935554504,0.6150757010183395,0,0,0,1,1.89,0,1,23.0,129.05665588378906,0,1,0,0,0,152.json,NotBuggy
3,0.1765017807483673,0.909065921626607,0,0,0,1,1.89,0,0,14.0,132.61029052734375,0,0,0,0,0,3846.json,NotBuggy
3,0.7005003094673157,0.9123899906275833,0,0,0,1,1.89,0,1,18.0,130.85629272460938,0,1,0,0,0,84.json,NotBuggy
3,0.6987584233283997,0.8029226652717406,0,0,0,1,1.89,0,0,17.0,131.28770446777344,0,1,0,0,0,6162.json,NotBuggy
20,3.7294893991202116E-4,4.082075175000185E-6,3,5,8,6,3.46,1,15,138.0,86.9655990600586,0,2,2,0,0,855.json,NotBuggy
3,0.9013619422912598,0.9627384460640291,0,0,0,1,1.89,0,0,12.0,133.59722900390625,0,0,0,0,0,544.json,NotBuggy
3,0.10387148708105087,0.8698909492342053,0,0,0,1,1.89,0,0,15.0,132.25152587890625,0,0,0,0,0,6120.json,NotBuggy
11,0.19898486137390137,0.3263063296560962,3,2,5,4,5.06,3,2,51.0,102.56936645507812,0,1,2,0,0,5795.json,NotBuggy
5,0.25898587703704834,0.7299610962736337,1,1,2,2,2.99,1,3,27.0,119.80731201171875,0,1,0,0,0,3045.json,NotBuggy
8,0.04402051120996475,0.08076003849417358,2,1,3,3,3.87,2,4,52.0,107.91181182861328,0,1,1,0,0,4586.json,NotBuggy
3,0.0,3.0312055855312957E-4,1,1,2,2,1.89,0,9,71.0,122.35730743408203,0,2,0,0,0,1423.json,NotBuggy
3,0.8633283376693726,0.9584507057260637,0,0,0,1,1.89,0,0,12.0,133.59722900390625,0,0,0,0,0,4052.json,NotBuggy
30,0.0,3.09148371249179E-9,4,8,12,9,3.36,1,24,201.0,77.67094421386719,0,2,2,0,0,898.json,NotBuggy
3,0.7246267199516296,0.9213596764920688,0,0,0,1,1.89,0,1,15.0,132.25152587890625,0,0,0,0,0,6617.json,NotBuggy
3,0.8761552572250366,0.9561610456495926,0,0,0,1,1.89,0,1,14.0,132.61029052734375,0,0,0,0,0,5686.json,NotBuggy
3,0.0021343911066651344,0.18344902827122725,0,0,0,1,1.89,0,2,32.0,127.03218841552734,0,2,0,0,0,574.json,NotBuggy
3,0.20251819491386414,0.6566927819613564,0,0,0,1,1.89,0,1,23.0,129.34671020507812,0,2,0,0,0,2191.json,NotBuggy
9,0.00102780491579324,1.4561250059436147E-4,3,2,5,3,5.37,2,8,84.0,103.09224700927734,0,0,2,0,0,4898.json,NotBuggy
3,0.8181365728378296,0.7990177981365488,0,0,0,1,1.89,0,0,17.0,131.28770446777344,0,1,0,0,0,6712.json,NotBuggy
6,0.2183559685945511,0.11000399982991332,3,1,4,2,2.75,0,3,45.0,113.6710433959961,0,2,1,0,0,1605.json,NotBuggy
16,8.108094916678965E-4,1.2730987504675339E-6,18,6,24,7,2.65,0,18,135.0,90.55158996582031,0,2,1,0,0,1556.json,NotBuggy
3,0.24095207452774048,0.11807678099785576,0,0,0,1,1.89,0,4,34.0,126.78704833984375,0,1,0,0,0,5664.json,NotBuggy
3,0.7745408415794373,0.7625406009263296,0,0,0,1,1.89,0,0,18.0,130.85629272460938,0,1,0,0,0,5661.json,NotBuggy
3,0.9205911755561829,0.9627610586823951,0,0,0,1,1.89,0,0,12.0,133.59722900390625,0,0,0,0,0,3711.json,NotBuggy
5,0.7661678791046143,0.8560094365330505,1,1,2,2,2.99,0,1,26.0,120.20379638671875,0,1,0,0,0,3799.json,NotBuggy
3,0.3609355688095093,0.6625243292364357,0,0,0,1,1.89,0,1,22.0,129.47398376464844,0,2,0,0,0,1646.json,NotBuggy
3,0.517038106918335,0.7566108278281589,0,0,0,1,1.89,0,1,21.0,129.93223571777344,0,0,0,0,0,3729.json,NotBuggy
3,0.4742787778377533,0.8636640441546067,0,0,0,1,1.89,0,0,17.0,131.28770446777344,0,1,0,0,0,2987.json,NotBuggy
5,0.7661678791046143,0.8560094365330505,1,1,2,2,2.99,0,1,26.0,120.20379638671875,0,1,0,0,0,3793.json,NotBuggy
3,0.0,1.959562502447206E-8,3,3,6,4,1.89,0,19,127.0,118.771484375,0,2,0,0,0,1402.json,NotBuggy
25,0.0,3.761656138375821E-7,3,6,9,7,3.41,1,18,163.0,82.2138442993164,0,2,2,0,0,884.json,NotBuggy
15,0.005322336684912443,3.7247399851073586E-4,2,3,5,4,3.52,1,9,100.0,93.80345153808594,0,2,2,0,0,885.json,NotBuggy
8,0.06383668631315231,0.01498550189202595,6,2,8,3,2.83,0,6,63.0,106.9710464477539,0,2,1,0,0,1601.json,NotBuggy
3,0.9579161405563354,0.970864449716194,0,0,0,1,1.89,0,0,12.0,133.59722900390625,0,0,0,0,0,3537.json,NotBuggy
3,0.7398427128791809,0.8853560114487361,0,0,0,1,1.89,0,1,15.0,132.086669921875,0,0,0,0,0,6844.json,NotBuggy
3,0.20216621458530426,0.7209213866991268,0,0,0,1,1.89,0,1,22.0,129.69032287597656,0,2,0,0,0,2310.json,NotBuggy
3,0.16867338120937347,0.7678881330300833,0,0,0,1,1.89,0,1,18.0,130.7338104248047,0,0,0,0,0,3661.json,NotBuggy
3,0.9059706926345825,0.8715218526805608,0,0,0,1,1.89,0,0,16.0,131.75106811523438,0,0,0,0,0,4570.json,NotBuggy
6,0.033654775470495224,0.257593784350557,1,1,2,2,2.75,1,6,40.0,114.63607025146484,0,1,0,0,0,6185.json,NotBuggy
128,0.0,3.1576001382447645E-87,26,30,56,24,4.35,6,179,1270.0,39.61206817626953,0,1,41,0,0,5776.json,NotBuggy
13,0.0031419366132467985,4.307627269354722E-4,3,2,5,4,3.34,2,8,89.0,96.56617736816406,0,1,2,0,0,5713.json,NotBuggy
5,0.15905943512916565,0.6666855679383606,1,1,2,2,2.99,0,1,31.0,119.08892822265625,0,2,0,0,0,4350.json,NotBuggy
2,0.5445808172225952,0.7074842617703238,0,0,0,1,1.89,0,0,20.0,136.7544708251953,0,4,0,0,0,3121.json,NotBuggy
5,0.4825836718082428,0.8516229659707042,0,0,0,1,1.96,0,2,25.0,120.63774108886719,0,2,0,0,0,572.json,NotBuggy
3,0.6966673135757446,0.9432535266935467,0,0,0,1,1.89,0,0,14.0,132.61029052734375,0,0,0,0,0,3625.json,NotBuggy
6,0.038905639201402664,0.4558033550532376,0,0,0,1,1.89,0,2,40.0,114.9500732421875,0,1,1,0,0,5669.json,NotBuggy
11,0.04026271402835846,0.011685103018876696,4,3,7,4,3.95,2,4,72.0,100.62635803222656,0,2,1,0,0,754.json,NotBuggy
9,3.516058495733887E-4,9.921497083926843E-6,0,0,0,1,1.66,0,11,98.0,102.60489654541016,0,2,5,0,0,1136.json,NotBuggy
3,0.010603816248476505,0.40451307172330586,0,0,0,1,1.89,0,1,30.0,127.67500305175781,0,1,0,0,0,5187.json,NotBuggy
3,0.27425187826156616,0.7356095413093647,0,0,0,1,1.89,0,1,19.0,130.34019470214844,0,0,0,0,0,3559.json,NotBuggy
3,0.3998654782772064,0.6937362725784321,0,0,0,1,1.89,0,1,20.0,130.07347106933594,0,1,0,0,0,4102.json,NotBuggy
3,0.3715474605560303,0.7567340137654646,0,0,0,1,1.89,0,1,21.0,129.93223571777344,0,0,0,0,0,2944.json,NotBuggy
3,0.5632732510566711,0.8712915520093367,0,0,0,1,1.89,0,0,15.0,132.25152587890625,0,0,0,0,0,6562.json,NotBuggy
25,0.0,9.15979234807229E-18,8,7,15,7,13.33,2,23,256.0,78.94691467285156,0,6,8,0,0,6698.json,NotBuggy
3,0.9205911755561829,0.9627610586823951,0,0,0,1,1.89,0,0,12.0,133.59722900390625,0,0,0,0,0,3823.json,NotBuggy
7,0.04652595892548561,0.06304310911322278,1,1,2,2,3.02,1,2,51.0,110.40599822998047,0,2,0,0,0,319.json,NotBuggy
20,9.708796860650182E-4,3.6639096365938076E-5,2,4,6,5,3.46,1,12,125.0,87.7100830078125,0,2,2,0,0,925.json,NotBuggy
11,0.21723710000514984,0.10992731128421011,4,3,7,4,3.95,2,4,63.0,101.52503204345703,0,1,1,0,0,2906.json,NotBuggy
3,1.059714995790273E-4,0.2828839427919332,0,0,0,1,1.89,0,1,33.0,127.17938995361328,0,2,0,0,0,3821.json,NotBuggy
3,0.023536106571555138,0.5463528078341751,0,0,0,1,1.89,0,2,25.0,128.8092498779297,0,2,0,0,0,1469.json,NotBuggy
3,0.34181201457977295,0.6679552161379436,0,0,0,1,1.89,0,1,20.0,130.07347106933594,0,1,0,0,0,3235.json,NotBuggy
3,0.7187649011611938,0.7218857411348095,0,0,0,1,1.89,0,0,20.0,130.07347106933594,0,1,0,0,0,5644.json,NotBuggy
3,0.06853625178337097,0.9356569104388395,0,0,0,1,1.89,0,0,12.0,133.59722900390625,0,0,0,0,0,2963.json,NotBuggy
3,0.06389953196048737,0.7164538391974697,0,0,0,1,1.89,0,1,22.0,129.69032287597656,0,2,0,0,0,3395.json,NotBuggy
3,0.8375897407531738,0.9090199223000521,0,0,0,1,1.89,0,0,13.0,132.9956512451172,0,0,0,0,0,6456.json,NotBuggy
7,0.8748695254325867,0.01598094951961616,4,4,8,4,1.81,0,4,64.0,108.76529693603516,0,1,1,0,0,5736.json,NotBuggy
3,0.17037968337535858,0.9034505929180956,0,0,0,1,1.89,0,0,14.0,132.4454345703125,0,0,0,0,0,2971.json,NotBuggy
3,1.990266755456105E-4,0.02982287640536511,0,0,0,1,1.89,0,4,45.0,125.25936889648438,0,2,0,0,0,969.json,NotBuggy
36,0.0,0.1589105002135385,5,10,15,11,2.89,2,8,165.0,75.07157135009766,1,1,4,0,0,5586.json,NotBuggy
3,0.43836450576782227,0.7351299833503078,0,0,0,1,0.94,0,1,18.0,130.7338104248047,0,0,0,0,0,6266.json,NotBuggy
3,0.6979082226753235,0.9430097865206141,0,0,0,1,1.89,0,0,12.0,133.59722900390625,0,0,0,0,0,651.json,NotBuggy
41,0.004166699480265379,0.005057899418189222,0,0,0,1,2.71,1,10,164.0,75.43309020996094,0,1,1,0,0,5152.json,NotBuggy
3,0.45522594451904297,0.7510666899800538,0,0,0,1,1.89,0,1,21.0,129.93223571777344,0,0,0,0,0,3149.json,NotBuggy
15,2.5611143792048097E-4,0.9977867597300256,5,8,13,5,2.4,1,12,100.0,93.81346130371094,0,1,0,0,0,5731.json,NotBuggy
30,0.0,3.1676011600008363E-7,2,6,8,7,3.36,1,18,175.0,78.85124206542969,0,2,2,0,0,876.json,NotBuggy
13,0.003931316081434488,8.190980247731666E-4,4,2,6,5,3.72,2,6,86.0,96.55274200439453,0,2,2,0,0,6669.json,NotBuggy
3,5.989522323943675E-4,0.07662914352143721,0,0,0,1,1.89,0,2,36.0,126.35334777832031,0,3,0,0,0,5852.json,NotBuggy
3,0.47733256220817566,0.7128262283245189,0,0,0,1,1.89,0,1,21.0,129.93223571777344,0,0,0,0,0,4144.json,NotBuggy
3,0.45522594451904297,0.7030652438815663,0,0,0,1,1.89,0,1,21.0,129.93223571777344,0,0,0,0,0,3225.json,NotBuggy
8,0.6944903135299683,8.535442654636588E-5,5,7,12,7,1.73,0,4,99.0,103.43934631347656,0,1,1,0,0,5094.json,NotBuggy
5,0.7661678791046143,0.8560094365330505,1,1,2,2,2.99,0,1,26.0,120.20379638671875,0,1,0,0,0,4393.json,NotBuggy
3,0.7537469267845154,0.952939755806714,0,0,0,1,1.89,0,0,12.0,133.59722900390625,0,0,0,0,0,4568.json,NotBuggy
3,0.37205275893211365,0.7036960455897743,0,0,0,1,1.89,0,1,20.0,130.07347106933594,0,1,0,0,0,3546.json,NotBuggy
3,0.6988076567649841,0.7452139912329637,0,0,0,1,1.89,0,0,18.0,130.85629272460938,0,1,0,0,0,5660.json,NotBuggy
3,0.8299081325531006,0.8569379858418597,0,0,0,1,1.89,0,0,18.0,130.99049377441406,0,1,0,0,0,387.json,NotBuggy
3,0.25514426827430725,0.7998009749783754,0,0,0,1,1.89,0,1,18.0,130.7338104248047,0,0,0,0,0,3055.json,NotBuggy
3,0.47616496682167053,0.8834583237923195,0,0,0,1,1.89,0,0,15.0,131.9385528564453,0,0,0,0,0,5699.json,NotBuggy
6,0.009548906236886978,0.22337149564116973,0,0,0,1,1.89,0,3,40.0,114.8660659790039,0,1,0,0,0,4430.json,NotBuggy
3,0.8225826621055603,0.9506078343450971,0,0,0,1,1.89,0,0,12.0,133.59722900390625,0,0,0,0,0,3901.json,NotBuggy
3,0.3341465890407562,0.7864928027865183,0,0,0,1,1.89,0,1,18.0,130.7338104248047,0,0,0,0,0,3957.json,NotBuggy
3,0.8680657148361206,0.9439916185225065,0,0,0,1,1.89,0,0,14.0,132.61029052734375,0,0,0,0,0,3617.json,NotBuggy
3,0.3149748146533966,0.5308532955404902,0,0,0,1,1.89,0,0,23.0,129.2428436279297,0,1,0,0,0,4769.json,NotBuggy
3,0.5146517753601074,0.9584217165885063,0,0,0,1,1.89,0,1,17.0,131.43582153320312,0,0,0,0,0,5149.json,NotBuggy
6,0.004355231765657663,0.08996430432464628,0,0,0,1,9.98,0,5,44.0,114.2916030883789,0,2,0,0,0,1109.json,NotBuggy
9,0.014003094285726547,0.005897230583439184,4,2,6,3,3.77,2,4,68.0,104.35847473144531,0,2,2,0,0,95.json,NotBuggy
3,0.7661980390548706,0.9758143571452795,0,0,0,1,1.89,0,1,15.0,132.086669921875,0,0,0,0,0,120.json,NotBuggy
3,0.780102550983429,0.7784256910991899,0,0,0,1,1.89,0,0,20.0,130.07347106933594,0,2,0,0,0,1893.json,NotBuggy
5,0.15905943512916565,0.6666855679383606,1,1,2,2,2.99,0,1,31.0,119.08892822265625,0,2,0,0,0,3802.json,NotBuggy
29,9.550740360282362E-4,4.160193522697751E-7,10,8,18,8,5.05,4,10,167.0,78.97103118896484,0,2,6,0,0,5120.json,NotBuggy
6,0.9685251712799072,0.17742400550913462,3,3,6,3,1.89,0,3,50.0,112.8931655883789,0,1,1,0,0,182.json,NotBuggy
3,0.007010341621935368,0.9389065091196489,0,0,0,1,1.89,0,0,12.0,133.59722900390625,0,0,0,0,0,3027.json,NotBuggy
3,0.32194820046424866,0.9067747263364274,0,0,0,1,1.89,0,0,14.0,132.4454345703125,0,0,0,0,0,3197.json,NotBuggy
3,0.4474509656429291,0.7561851047538102,0,0,0,1,1.89,0,1,19.0,130.34019470214844,0,0,0,0,0,4344.json,NotBuggy
12,0.0038387130480259657,1.1138568967175496E-4,1,1,2,2,1.39,1,7,95.0,98.06149291992188,1,3,3,0,0,5858.json,NotBuggy
3,0.02485276386141777,0.9453665643701945,0,0,0,1,1.89,0,0,12.0,133.59722900390625,0,0,0,0,0,4367.json,NotBuggy
3,0.7682719230651855,0.9533795041699922,0,0,0,1,1.89,0,0,12.0,133.59722900390625,0,0,0,0,0,767.json,NotBuggy
35,0.0,9.636978929701919E-23,4,4,8,8,3.82,3,46,333.0,71.84925079345703,0,4,13,0,0,553.json,NotBuggy
5,0.23747341334819794,0.6660216083407032,1,1,2,2,2.99,1,3,27.0,119.80731201171875,0,1,0,0,0,3929.json,NotBuggy
6,0.294615775346756,0.5462413392641388,1,1,2,2,2.75,1,2,33.0,115.55754852294922,0,1,0,0,0,5052.json,NotBuggy
3,0.6106339693069458,0.8738521846883311,0,0,0,1,1.89,0,0,17.0,131.28770446777344,0,1,0,0,0,2789.json,NotBuggy
3,0.3421705365180969,0.8086060397122927,0,0,0,1,1.89,0,0,17.0,131.28770446777344,0,1,0,0,0,5625.json,NotBuggy
29,0.03181544318795204,8.282800598991474E-5,8,9,17,10,3.7,2,9,142.0,79.79703521728516,0,1,2,0,0,3765.json,NotBuggy
3,0.3677332103252411,0.6703715438563579,0,0,0,1,1.89,0,1,20.0,130.07347106933594,0,1,0,0,0,3211.json,NotBuggy
3,0.4463455080986023,0.9407259812460629,0,0,0,1,1.89,0,0,12.0,133.59722900390625,0,0,0,0,0,4440.json,NotBuggy
3,0.7746753096580505,0.7698196085513996,0,0,0,1,1.89,0,0,20.0,130.07347106933594,0,2,0,0,0,1856.json,NotBuggy
11,0.053225524723529816,0.0010616827722734281,1,1,2,2,4.39,1,14,86.0,99.80325317382812,0,1,1,0,0,5490.json,NotBuggy
3,0.734319806098938,0.9675135983141128,0,0,0,1,1.89,0,0,12.0,133.59722900390625,0,0,0,0,0,5778.json,NotBuggy
3,0.29409265518188477,0.5667235717950048,0,0,0,1,1.89,0,1,22.0,129.37762451171875,0,0,0,0,0,4875.json,NotBuggy
3,0.189736008644104,0.7067982946228119,0,0,0,1,1.89,0,1,22.0,129.69032287597656,0,2,0,0,0,2257.json,NotBuggy
3,0.8320786356925964,0.9161907881214004,0,0,0,1,1.89,0,0,15.0,131.9385528564453,0,0,0,0,0,5007.json,NotBuggy
3,0.29529210925102234,0.902211340268733,0,0,0,1,1.89,0,0,14.0,132.61029052734375,0,0,0,0,0,3190.json,NotBuggy
13,0.12694545090198517,0.008819274163041995,5,4,9,5,4.58,3,3,73.0,97.5723876953125,0,1,1,0,0,359.json,NotBuggy
3,0.8716419339179993,0.9648329185574673,0,0,0,1,1.89,0,0,12.0,133.59722900390625,0,0,0,0,0,5701.json,NotBuggy
8,0.27165770530700684,0.20399574548396415,2,1,3,2,3.12,1,4,49.0,108.3963394165039,0,2,0,0,0,6704.json,Buggy
3,0.4764980375766754,0.7651519636052325,0,0,0,1,1.89,0,1,19.0,130.34019470214844,0,0,0,0,0,703.json,NotBuggy
11,0.24755965173244476,0.08976385296918807,4,3,7,4,3.95,2,4,63.0,101.52503204345703,0,1,1,0,0,3257.json,NotBuggy
3,0.558075487613678,0.7531644510289329,0,0,0,1,1.89,0,1,21.0,129.93223571777344,0,0,0,0,0,3587.json,NotBuggy
3,0.7033316493034363,0.9487818580819385,0,0,0,1,1.89,0,0,12.0,133.59722900390625,0,0,0,0,0,3849.json,NotBuggy
26,0.0,4.503116764135319E-22,0,0,0,2,7.38,2,41,298.0,78.47357940673828,0,0,10,0,0,6990.json,NotBuggy
3,0.34751126170158386,0.6701737493276929,0,0,0,1,1.89,0,1,22.0,129.47398376464844,0,2,0,0,0,1730.json,NotBuggy
3,0.5164551138877869,0.7794945416589536,0,0,0,1,1.89,0,0,20.0,130.18594360351562,0,2,0,0,0,5643.json,NotBuggy
3,0.660569429397583,0.9017119534357407,0,0,0,1,1.89,0,0,17.0,131.28770446777344,0,1,0,0,0,6492.json,NotBuggy
11,0.11698825657367706,0.17835017988614557,2,2,4,3,2.86,1,5,55.0,102.51826477050781,0,1,1,0,0,6069.json,NotBuggy
8,0.30442294478416443,0.06295092714320594,1,1,2,2,2.4,1,2,51.0,108.0384750366211,0,2,1,0,0,2344.json,NotBuggy
3,0.7431010007858276,0.9217930007106593,0,0,0,1,1.89,0,0,14.0,132.61029052734375,0,0,0,0,0,3872.json,NotBuggy
9,0.014063061214983463,0.0066911651128928155,1,2,3,3,2.95,2,3,67.0,104.57923126220703,0,1,0,0,0,6370.json,NotBuggy
3,0.10141178220510483,0.8800674517265682,0,0,0,1,1.89,0,0,14.0,132.4454345703125,0,0,0,0,0,2994.json,NotBuggy
3,0.7033316493034363,0.945444393968529,0,0,0,1,1.89,0,0,12.0,133.59722900390625,0,0,0,0,0,3871.json,NotBuggy
4,0.17503397166728973,0.844084738473936,0,0,0,1,2.0,0,2,23.0,125.05540466308594,0,1,0,0,0,18.json,NotBuggy
6,0.8900251984596252,0.9194001816541454,0,0,0,1,5.5,0,0,26.0,117.59266662597656,0,0,0,0,0,4770.json,NotBuggy
5,0.9262915253639221,0.935046662981161,0,0,0,1,5.43,0,0,21.0,121.77933502197266,0,0,0,0,0,4858.json,NotBuggy
3,0.671998918056488,0.9100030805594377,0,0,0,1,1.89,0,1,15.0,132.25152587890625,0,0,0,0,0,6039.json,NotBuggy
3,0.40985286235809326,0.8487521704323837,0,0,0,1,1.89,0,0,17.0,131.28770446777344,0,1,0,0,0,6493.json,NotBuggy
3,0.7713698744773865,0.8747576785693816,0,0,0,1,1.89,0,0,16.0,131.46876525878906,0,0,0,0,0,258.json,NotBuggy
22,0.0022529775742441416,0.010184394035853679,5,6,11,7,2.39,1,8,99.0,87.00544738769531,0,1,1,0,0,6518.json,NotBuggy
5,0.7661678791046143,0.8560094365330505,1,1,2,2,2.99,0,1,26.0,120.20379638671875,0,1,0,0,0,716.json,NotBuggy
3,0.5457502603530884,0.7382819797766463,0,0,0,1,1.89,0,1,21.0,129.93223571777344,0,0,0,0,0,4382.json,NotBuggy
9,0.249649778008461,0.0013674355945163732,3,2,5,2,2.67,1,6,69.0,104.23406219482422,0,1,2,0,0,5040.json,NotBuggy
3,0.36414745450019836,0.89455001806578,0,0,0,1,1.89,0,2,16.0,131.91592407226562,0,0,0,0,0,6719.json,NotBuggy
4,0.625251293182373,0.8826433074444405,0,0,0,1,2.0,0,0,20.0,125.64796447753906,0,1,0,0,0,47.json,NotBuggy
3,0.20315836369991302,0.6852405221219757,0,0,0,1,1.89,0,1,23.0,129.34671020507812,0,2,0,0,0,2140.json,NotBuggy
3,1.059714995790273E-4,0.2828839427919332,0,0,0,1,1.89,0,1,33.0,127.17938995361328,0,2,0,0,0,2803.json,NotBuggy
5,0.39461418986320496,0.7496640007319583,1,1,2,2,2.99,1,3,27.0,119.80731201171875,0,1,0,0,0,3639.json,NotBuggy
3,0.8309375643730164,0.9094137193894944,0,0,0,1,1.89,0,0,15.0,131.9385528564453,0,0,0,0,0,5406.json,NotBuggy
3,0.027435654774308205,0.33980963437828315,0,0,0,1,1.89,0,2,30.0,127.67500305175781,0,2,0,0,0,972.json,NotBuggy
8,0.8681487441062927,0.006381006358132552,4,5,9,6,1.73,0,1,73.0,105.35132598876953,0,1,1,0,0,4773.json,NotBuggy
3,0.36858564615249634,0.831257044852549,0,0,0,1,1.89,0,1,18.0,130.7338104248047,0,0,0,0,0,3660.json,NotBuggy
3,0.8522657752037048,0.9061298670609192,0,0,0,1,1.89,0,1,15.0,132.086669921875,0,0,0,0,0,5764.json,NotBuggy
3,0.7827933430671692,0.9306412083040732,0,0,0,1,1.89,0,0,14.0,132.61029052734375,0,0,0,0,0,768.json,NotBuggy
3,0.8225151300430298,0.9256833976934769,0,0,0,1,1.89,0,0,12.0,133.59722900390625,0,0,0,0,0,4823.json,NotBuggy
3,0.39023280143737793,0.756817393001329,0,0,0,1,1.89,0,1,19.0,130.34019470214844,0,0,0,0,0,2849.json,NotBuggy
3,0.46994948387145996,0.7269582528091999,0,0,0,1,1.89,0,1,21.0,129.93223571777344,0,0,0,0,0,4530.json,NotBuggy
5,0.16309231519699097,0.7157459497505785,0,0,0,1,1.96,0,2,29.0,119.97843933105469,0,2,0,0,0,5483.json,NotBuggy
3,0.5457502603530884,0.7347560190974565,0,0,0,1,1.89,0,1,21.0,129.93223571777344,0,0,0,0,0,4485.json,NotBuggy
3,0.19381311535835266,0.7084623430495194,0,0,0,1,1.89,0,1,22.0,129.69032287597656,0,2,0,0,0,2258.json,NotBuggy
3,0.13411809504032135,0.6796991207279178,0,0,0,1,1.89,0,0,20.0,130.07347106933594,0,0,0,0,0,6413.json,NotBuggy
45,0.0,2.52337688235008E-18,13,13,26,10,5.45,8,28,337.0,67.5750503540039,0,2,7,0,0,306.json,NotBuggy
3,0.0,1.7498886594643926E-4,1,1,2,2,1.89,0,7,73.0,122.16075897216797,0,2,0,0,0,1028.json,NotBuggy
2,0.974476158618927,0.6799989476767749,0,0,0,1,3.77,0,0,17.0,137.7220458984375,0,2,0,0,0,449.json,NotBuggy
3,0.005118012893944979,0.4922307735849459,0,0,0,1,1.89,0,1,28.0,128.1235809326172,0,2,0,0,0,3822.json,NotBuggy
5,0.4040336012840271,0.6738593855063434,1,1,2,2,2.99,1,3,27.0,119.80731201171875,0,1,0,0,0,3650.json,NotBuggy
11,0.09484316408634186,0.16326647345467543,2,2,4,3,2.86,1,5,55.0,102.51826477050781,0,1,1,0,0,6111.json,NotBuggy
45,0.0,1.3265014291811407E-11,3,10,13,11,3.27,1,30,263.0,69.1333236694336,0,2,2,0,0,899.json,NotBuggy
3,0.8010284304618835,0.7748739647114056,0,0,0,1,1.89,0,0,20.0,130.07347106933594,0,2,0,0,0,1852.json,NotBuggy
5,0.20297567546367645,0.7141656254314193,1,1,2,2,2.99,1,3,27.0,119.80731201171875,0,1,0,0,0,3051.json,NotBuggy
3,0.8943069577217102,0.9279512897749883,0,0,0,1,1.89,0,0,13.0,132.9956512451172,0,0,0,0,0,5668.json,NotBuggy
3,0.06792862713336945,0.7237708591311723,0,0,0,1,1.89,0,1,20.0,130.07347106933594,0,1,0,0,0,5084.json,NotBuggy
8,0.27286627888679504,0.1423026747295063,1,1,2,2,2.83,1,2,47.0,108.66751861572266,0,1,1,0,0,6393.json,NotBuggy
3,0.9678533673286438,0.9770116652848403,0,0,0,1,1.89,0,0,12.0,133.59722900390625,0,0,0,0,0,5622.json,NotBuggy
3,0.8623520135879517,0.8102289100975963,0,0,0,1,1.89,0,0,17.0,131.28770446777344,0,1,0,0,0,6819.json,NotBuggy
3,0.2498190701007843,0.8907379969012438,0,0,0,1,1.89,0,0,14.0,132.4454345703125,0,0,0,0,0,3019.json,NotBuggy
3,1.059714995790273E-4,0.2828839427919332,0,0,0,1,1.89,0,1,33.0,127.17938995361328,0,2,0,0,0,3996.json,NotBuggy
3,0.92617267370224,0.919662569414623,0,0,0,1,1.89,0,0,14.0,132.4454345703125,0,1,0,0,0,5451.json,NotBuggy
3,0.2270706444978714,0.3407100608018336,0,0,0,1,1.89,0,2,27.0,128.22288513183594,0,2,0,0,0,5980.json,NotBuggy
8,0.053661126643419266,0.05232200696676986,3,2,5,2,2.83,1,6,53.0,108.04276275634766,0,1,1,0,0,5598.json,NotBuggy
3,0.35976994037628174,0.653230756489839,0,0,0,1,1.89,0,1,22.0,129.47398376464844,0,2,0,0,0,1666.json,NotBuggy
7,0.013010816648602486,0.295189809132575,1,1,2,2,3.02,1,9,43.0,111.68390655517578,0,1,0,0,0,6390.json,NotBuggy
3,0.3327871263027191,0.8055996679717732,0,0,0,1,1.89,0,1,18.0,130.85629272460938,0,1,0,0,0,6744.json,NotBuggy
3,0.20216621458530426,0.7217274660524797,0,0,0,1,1.89,0,1,22.0,129.69032287597656,0,2,0,0,0,2273.json,NotBuggy
3,0.6449580788612366,0.8950413916126303,0,0,0,1,1.89,0,0,15.0,132.25152587890625,0,0,0,0,0,6220.json,NotBuggy
5,0.7661678791046143,0.8560094365330505,1,1,2,2,2.99,0,1,26.0,120.20379638671875,0,1,0,0,0,4347.json,NotBuggy
3,0.7529193758964539,0.7674767528316934,0,0,0,1,1.89,0,1,19.0,130.57513427734375,0,0,0,0,0,4871.json,NotBuggy
3,0.3677332103252411,0.6767253436694196,0,0,0,1,1.89,0,1,20.0,130.07347106933594,0,1,0,0,0,3261.json,NotBuggy
3,0.8990000486373901,0.989164185693087,0,0,0,1,1.89,0,0,11.0,134.26058959960938,0,0,0,0,0,409.json,NotBuggy
7,0.8810473084449768,0.017076054753945916,5,4,9,4,1.81,0,4,64.0,108.76529693603516,0,1,1,0,0,5603.json,NotBuggy
3,0.43406185507774353,0.7561031038432062,0,0,0,1,1.89,0,1,21.0,129.93223571777344,0,0,0,0,0,634.json,NotBuggy
6,0.28706878423690796,0.13706789653096618,0,0,0,1,1.89,0,4,45.0,113.84114837646484,0,0,2,0,0,3366.json,NotBuggy
5,0.7661678791046143,0.8560094365330505,1,1,2,2,2.99,0,1,26.0,120.20379638671875,0,1,0,0,0,3007.json,NotBuggy
3,0.6322533488273621,0.9095490895202785,0,0,0,1,1.89,0,0,16.0,131.60296630859375,0,1,0,0,0,327.json,NotBuggy
3,0.217952698469162,0.620301024270398,0,0,0,1,2.0,0,2,25.0,128.8092498779297,1,1,0,0,0,8.json,NotBuggy
13,0.0011662595206871629,5.664048839276337E-7,1,1,2,3,2.65,1,9,115.0,95.05896759033203,0,3,4,0,0,6585.json,NotBuggy
6,0.09445616602897644,0.03587980459940196,0,0,0,1,1.89,0,5,51.0,113.19029998779297,0,2,2,0,0,1135.json,NotBuggy
3,0.7976999878883362,0.953429921412717,0,0,0,1,1.89,0,0,12.0,133.59722900390625,0,0,0,0,0,2984.json,NotBuggy
3,0.34889113903045654,0.6464115000933484,0,0,0,1,1.89,0,1,22.0,129.47398376464844,0,2,0,0,0,1712.json,NotBuggy
3,0.49853745102882385,0.947790324649326,0,0,0,1,1.89,0,0,12.0,133.59722900390625,0,0,0,0,0,6800.json,NotBuggy
3,0.3819558322429657,0.6375755565874699,0,0,0,1,1.89,0,1,22.0,129.47398376464844,0,2,0,0,0,1644.json,NotBuggy
3,0.7099259495735168,0.953429921412717,0,0,0,1,1.89,0,0,12.0,133.59722900390625,0,0,0,0,0,4157.json,NotBuggy
3,0.36911964416503906,0.9456302705625504,0,0,0,1,1.89,0,0,12.0,133.59722900390625,0,0,0,0,0,2750.json,NotBuggy
10,0.010560227558016777,4.5651682058406344E-4,2,1,3,3,3.6,2,6,83.0,101.48728942871094,0,2,2,0,0,3312.json,NotBuggy
8,0.09302523732185364,0.6130178179098952,1,1,2,2,2.83,1,6,43.0,110.08607482910156,0,2,0,0,0,495.json,NotBuggy
2,0.5314443111419678,0.8536192116235456,0,0,0,1,0.0,0,0,14.0,139.0139617919922,0,2,0,0,0,1488.json,NotBuggy
3,0.04199745133519173,0.3951996437390828,0,0,0,1,1.89,0,2,28.0,128.1235809326172,0,2,0,0,0,1390.json,NotBuggy
11,0.010264395736157894,0.03660345802679243,1,1,2,2,2.06,1,7,63.0,102.04209899902344,0,3,0,0,0,7017.json,NotBuggy
3,0.001832467969506979,0.9016861598366599,0,0,0,1,1.89,0,0,12.0,133.59722900390625,0,0,0,0,0,71.json,NotBuggy
3,0.2335539609193802,0.9058565052937544,0,0,0,1,1.89,0,0,14.0,132.4454345703125,0,0,0,0,0,620.json,NotBuggy
3,0.7636223435401917,0.9519516861727636,0,0,0,1,1.89,0,0,12.0,133.59722900390625,0,0,0,0,0,4386.json,NotBuggy
3,0.9114248156547546,0.9336782217622188,0,0,0,1,1.89,0,1,14.0,132.61029052734375,0,0,0,0,0,4580.json,NotBuggy
9,0.10518220067024231,0.13633447519314407,2,2,4,3,3.66,1,5,55.0,105.82901763916016,0,2,1,0,0,1336.json,NotBuggy
5,0.7661678791046143,0.8560094365330505,1,1,2,2,2.99,0,1,26.0,120.20379638671875,0,1,0,0,0,4074.json,NotBuggy
3,0.4933924376964569,0.8471077835592972,0,0,0,1,1.89,0,0,20.0,130.30841064453125,0,1,0,0,0,5375.json,NotBuggy
3,0.31670090556144714,0.7211363737887153,0,0,0,1,1.89,0,1,19.0,130.34019470214844,0,0,0,0,0,4114.json,NotBuggy
3,0.22317194938659668,0.7462630005189046,0,0,0,1,1.89,0,1,18.0,130.85629272460938,0,0,0,0,0,6247.json,NotBuggy
3,0.897749662399292,0.951110930788861,0,0,0,1,1.89,0,0,12.0,133.59722900390625,0,0,0,0,0,2855.json,NotBuggy
3,0.811767578125,0.7577938054693073,0,0,0,1,1.89,0,0,20.0,130.07347106933594,0,2,0,0,0,1890.json,NotBuggy
3,0.7535437941551208,0.8732944598423361,0,0,0,1,1.89,0,1,18.0,130.99049377441406,0,1,0,0,0,2354.json,NotBuggy
3,0.18117117881774902,0.7311518182790375,0,0,0,1,1.89,0,1,22.0,129.69032287597656,0,2,0,0,0,2303.json,NotBuggy
4,0.36976271867752075,0.8081767854143223,0,0,0,1,2.0,0,1,23.0,124.58238983154297,0,1,0,0,0,2342.json,NotBuggy
5,0.005081483628600836,0.21265814974889855,0,0,0,1,1.96,0,3,38.0,118.17041015625,0,4,0,0,0,3125.json,NotBuggy
3,0.39023280143737793,0.7558702930558294,0,0,0,1,1.89,0,1,19.0,130.34019470214844,0,0,0,0,0,2917.json,NotBuggy
3,0.4195725619792938,0.7288599164866124,0,0,0,1,1.89,0,1,21.0,129.93223571777344,0,0,0,0,0,4063.json,NotBuggy
5,0.04150344431400299,0.11358016972257609,0,0,0,1,5.43,0,6,41.0,117.2788314819336,0,0,0,0,0,6795.json,NotBuggy
3,0.8225826621055603,0.9506078343450971,0,0,0,1,1.89,0,0,12.0,133.59722900390625,0,0,0,0,0,771.json,NotBuggy
3,0.46481212973594666,0.7824832960292543,0,0,0,1,1.89,0,1,18.0,130.7338104248047,0,0,0,0,0,6006.json,NotBuggy
18,1.8008721235673875E-4,9.669457843564056E-8,21,7,28,8,2.6,0,21,153.0,87.71844482421875,0,2,1,0,0,1554.json,NotBuggy
16,0.0014571036444976926,4.065348440271006E-5,2,2,4,3,4.47,1,19,109.0,92.34132385253906,0,0,1,0,0,4888.json,NotBuggy
3,0.2990514039993286,0.7433106144758495,0,0,0,1,1.89,0,0,19.0,130.236328125,0,2,0,0,0,2111.json,Buggy
7,0.4886661469936371,0.6950414965607887,0,0,0,2,3.02,1,1,32.0,113.2991714477539,0,0,0,0,0,6964.json,NotBuggy
72,0.0,3.265683048880641E-32,20,23,43,18,3.28,5,58,489.0,55.66380310058594,0,4,12,0,0,5861.json,NotBuggy
11,0.4408501982688904,0.33159029119872385,1,1,2,3,3.95,2,2,50.0,102.90233612060547,0,0,0,0,0,6868.json,NotBuggy
3,0.2288329005241394,0.8929230176369157,0,0,0,1,1.89,0,0,14.0,132.4454345703125,0,0,0,0,0,2912.json,NotBuggy
3,0.7321048378944397,0.8006565568296875,0,0,0,1,1.89,0,1,19.0,130.45266723632812,0,1,0,0,0,5327.json,NotBuggy
7,0.00429846765473485,0.022822458434478204,0,0,0,2,2.56,1,3,54.0,110.00220489501953,0,1,2,0,0,4878.json,NotBuggy
3,0.8344773650169373,0.9014848312492095,0,0,0,1,1.89,0,1,16.0,131.60296630859375,0,0,0,0,0,3999.json,NotBuggy
5,0.8323560357093811,0.9201950882533754,0,0,0,1,5.43,0,0,21.0,121.77933502197266,0,0,0,0,0,6632.json,NotBuggy
3,0.34287360310554504,0.7330760359794128,0,0,0,1,1.89,0,1,19.0,130.34019470214844,0,0,0,0,0,4031.json,NotBuggy
3,0.7033316493034363,0.9529995014726834,0,0,0,1,1.89,0,0,12.0,133.59722900390625,0,0,0,0,0,3598.json,NotBuggy
3,0.04346340894699097,0.11635289647002513,0,0,0,1,1.89,0,7,36.0,126.56407165527344,0,0,0,0,0,2885.json,NotBuggy
8,0.1653497964143753,0.354457900064551,2,1,3,3,3.87,2,4,43.0,109.07997131347656,0,1,1,0,0,6519.json,NotBuggy
3,0.5900974869728088,0.7855096307498772,0,0,0,1,1.89,0,0,17.0,131.28770446777344,0,1,0,0,0,5667.json,NotBuggy
3,0.21506798267364502,0.906390780951963,0,0,0,1,1.89,0,0,14.0,132.4454345703125,0,0,0,0,0,4922.json,NotBuggy
3,0.002330455696210265,0.06840638302612082,0,0,0,1,1.89,0,5,39.0,126.00349426269531,0,1,0,0,0,5243.json,NotBuggy
3,0.5670039653778076,0.8305270808275466,0,0,0,1,0.94,0,1,16.0,131.75106811523438,0,0,0,0,0,6261.json,NotBuggy
10,0.40433549880981445,0.03860165959589605,6,2,8,3,2.53,1,6,68.0,102.958984375,0,2,1,0,0,2056.json,NotBuggy
4,0.5088457465171814,0.6831251937593557,0,0,0,1,2.0,0,1,24.0,124.4649429321289,0,1,0,0,0,4163.json,NotBuggy
3,0.3691707253456116,0.6749485886683642,0,0,0,1,1.89,0,1,20.0,130.07347106933594,0,1,0,0,0,4007.json,NotBuggy
9,8.399966172873974E-4,0.024146511603485233,1,1,2,2,2.27,0,4,59.0,105.52252960205078,0,1,0,0,0,2798.json,NotBuggy
5,0.4985283613204956,0.7323437708126946,1,1,2,2,2.99,1,3,27.0,119.80731201171875,0,1,0,0,0,783.json,NotBuggy
3,0.038123734295368195,0.3945755780757851,0,0,0,1,1.89,0,2,27.0,128.4090576171875,0,0,0,0,0,6122.json,NotBuggy
3,0.005118012893944979,0.4922307735849459,0,0,0,1,1.89,0,1,28.0,128.1235809326172,0,2,0,0,0,3798.json,NotBuggy
3,0.5824978351593018,0.7883023789201141,0,0,0,1,1.89,0,1,21.0,129.93223571777344,0,0,0,0,0,2730.json,NotBuggy
14,6.172225694172084E-4,0.0019274388860646679,6,2,8,4,13.17,3,6,85.0,95.68262481689453,0,3,2,0,0,5802.json,NotBuggy
3,0.7033316493034363,0.9516316554778957,0,0,0,1,1.89,0,0,12.0,133.59722900390625,0,0,0,0,0,146.json,NotBuggy
3,0.8350803256034851,0.9639187204299774,0,0,0,1,1.89,0,0,12.0,133.59722900390625,0,0,0,0,0,3463.json,NotBuggy
4,0.8082799911499023,0.9389335160671448,0,0,0,1,3.46,0,0,12.0,128.936767578125,0,0,0,0,0,6244.json,NotBuggy
3,0.421957790851593,0.917027349142085,0,0,0,1,1.89,0,0,14.0,132.61029052734375,0,0,0,0,0,3036.json,NotBuggy
3,0.3766007721424103,0.7302875481347859,0,0,0,1,1.89,0,1,19.0,130.34019470214844,0,0,0,0,0,4186.json,NotBuggy
25,0.04230183735489845,3.6901977303696614E-4,8,8,16,9,4.37,3,8,127.0,83.09261322021484,0,1,2,0,0,4142.json,NotBuggy
3,0.40522080659866333,0.7221044205274372,0,0,0,1,1.89,0,1,21.0,129.93223571777344,0,0,0,0,0,4348.json,NotBuggy
7,0.0288060512393713,0.0014111816630971857,0,0,0,1,1.81,0,7,68.0,108.80299377441406,0,2,3,0,0,1137.json,NotBuggy
3,0.9587743878364563,0.9573748657462254,0,0,0,1,1.89,0,0,13.0,132.9956512451172,0,0,0,0,0,4314.json,NotBuggy
3,1.059714995790273E-4,0.2828839427919332,0,0,0,1,1.89,0,1,33.0,127.17938995361328,0,2,0,0,0,4222.json,NotBuggy
10,0.016520021483302116,0.0014574499855556798,9,3,12,4,2.8,0,9,81.0,101.65565490722656,0,2,1,0,0,1589.json,NotBuggy
6,0.6534493565559387,0.8604552829589517,1,1,2,2,5.5,1,1,23.0,118.25686645507812,0,1,0,0,0,5380.json,NotBuggy
8,0.05672750622034073,0.016797982570067285,6,2,8,3,2.83,0,6,63.0,106.9710464477539,0,2,1,0,0,1603.json,NotBuggy
3,0.006619585212320089,0.9398961877895239,0,0,0,1,1.89,0,0,12.0,133.59722900390625,0,0,0,0,0,2996.json,NotBuggy
3,0.329655259847641,0.7485313009277513,0,0,0,1,1.89,0,1,19.0,130.34019470214844,0,0,0,0,0,4354.json,NotBuggy
15,0.0010811821557581425,2.79822271460335E-8,4,3,7,5,4.35,3,15,140.0,91.23222351074219,0,2,4,0,0,6458.json,NotBuggy
3,0.25960859656333923,0.7693578009554007,0,0,0,1,1.89,0,1,18.0,130.7338104248047,0,0,0,0,0,6824.json,NotBuggy
3,0.9663209319114685,0.8888613459139862,0,0,0,1,1.89,0,0,13.0,132.9956512451172,0,0,0,0,0,5355.json,NotBuggy
3,0.8225826621055603,0.9506078343450971,0,0,0,1,1.89,0,0,12.0,133.59722900390625,0,0,0,0,0,3885.json,NotBuggy
3,0.9080740213394165,0.952111691770779,0,0,0,1,1.89,0,0,12.0,133.59722900390625,0,0,0,0,0,4190.json,NotBuggy
5,0.15905943512916565,0.6666855679383606,1,1,2,2,2.99,0,1,31.0,119.08892822265625,0,2,0,0,0,4087.json,NotBuggy
3,0.8663702607154846,0.8241785989719984,0,0,0,1,1.89,0,0,19.0,130.70933532714844,0,1,0,0,0,405.json,NotBuggy
3,0.1958373785018921,0.6814537135062706,0,0,0,1,1.89,0,1,23.0,129.34671020507812,0,2,0,0,0,2192.json,NotBuggy
19,0.0047300271689891815,1.582877899322619E-5,2,3,5,5,4.66,4,8,118.0,88.45561218261719,0,1,2,0,0,3107.json,NotBuggy
3,0.7483968138694763,0.8778403992094124,0,0,0,1,1.89,0,0,15.0,132.25152587890625,0,0,0,0,0,6797.json,Buggy
10,0.02290300466120243,0.0011666428934014527,9,3,12,4,2.8,0,9,81.0,101.65565490722656,0,2,1,0,0,1620.json,NotBuggy
3,0.8315935730934143,0.8563999733221946,0,0,0,1,1.89,0,1,16.0,131.75106811523438,0,0,0,0,0,3766.json,NotBuggy
7,0.009513705037534237,0.03755159295183609,0,0,0,1,4.37,0,5,50.0,110.58251190185547,0,0,0,0,0,6257.json,NotBuggy
3,0.3826659619808197,0.9483895936811034,0,0,0,1,1.89,0,0,12.0,133.59722900390625,0,0,0,0,0,3632.json,NotBuggy
18,9.269795846194029E-4,2.3058206635720938E-8,5,4,9,6,6.2,4,9,152.0,87.6728515625,0,2,2,0,0,6411.json,NotBuggy
3,0.5983788967132568,0.8997781670322899,0,0,0,1,1.89,0,1,15.0,132.25152587890625,0,0,0,0,0,4902.json,NotBuggy
3,0.3941079080104828,0.9211662397937393,0,0,0,1,1.89,0,0,14.0,132.61029052734375,0,0,0,0,0,760.json,NotBuggy
3,0.9436226487159729,0.9644062915285745,0,0,0,1,1.89,0,0,12.0,133.59722900390625,0,0,0,0,0,6598.json,NotBuggy
9,0.017910050228238106,0.06596205804623578,1,1,2,2,2.67,1,4,58.0,105.6658935546875,0,1,0,0,0,3294.json,NotBuggy
21,0.0,2.4549917831692304E-10,3,2,5,4,3.8,2,29,173.0,84.58750915527344,0,3,5,0,0,7027.json,Buggy
6,0.04362967237830162,0.07399749475673752,1,1,2,2,2.75,1,1,49.0,113.29119873046875,0,2,0,0,0,1232.json,NotBuggy
3,0.2662576138973236,0.7707679124995569,0,0,0,1,1.89,0,1,18.0,130.7338104248047,0,0,0,0,0,3057.json,NotBuggy
5,0.15905943512916565,0.6666855679383606,1,1,2,2,2.99,0,1,31.0,119.08892822265625,0,2,0,0,0,4078.json,NotBuggy
18,0.0014131446368992329,4.7111323562796235E-4,10,5,15,6,2.29,1,15,115.0,90.01463317871094,0,2,0,0,0,6178.json,NotBuggy
3,0.36471936106681824,0.7397780811743685,0,0,0,1,1.89,0,1,21.0,129.93223571777344,0,2,0,0,0,5588.json,NotBuggy
25,0.0,3.4026009227562475E-7,3,6,9,7,3.41,1,18,163.0,82.2138442993164,0,2,2,0,0,868.json,NotBuggy
3,0.2842888832092285,0.8092679690471148,0,0,0,1,1.89,0,1,18.0,130.7338104248047,0,0,0,0,0,3062.json,NotBuggy
22,0.009989878162741661,4.132275802475821E-5,2,6,8,7,3.9,4,11,126.0,85.54571533203125,0,2,4,0,0,300.json,NotBuggy
3,0.18477217853069305,0.9360160678875649,0,0,0,1,1.89,0,0,12.0,133.59722900390625,0,0,0,0,0,3181.json,NotBuggy
3,0.38099926710128784,0.8028020357505338,0,0,0,1,1.89,0,1,18.0,130.7338104248047,0,0,0,0,0,3060.json,NotBuggy
3,0.18298213183879852,0.7281758726017884,0,0,0,1,1.89,0,1,22.0,129.69032287597656,0,2,0,0,0,2282.json,NotBuggy
3,0.0,4.3869893016563674E-4,2,2,4,3,1.89,0,10,69.0,122.33036041259766,0,2,0,0,0,1426.json,NotBuggy
3,0.1958373785018921,0.6851844611328699,0,0,0,1,1.89,0,1,23.0,129.34671020507812,0,2,0,0,0,2182.json,NotBuggy
3,0.029628094285726547,0.9086193598293665,0,0,0,1,1.89,0,0,12.0,133.59722900390625,0,0,0,0,0,58.json,NotBuggy
3,0.38554346561431885,0.6420189121692185,0,0,0,1,1.89,0,1,22.0,129.47398376464844,0,2,0,0,0,1689.json,NotBuggy
4,0.3800216019153595,0.7248542450141936,0,0,0,1,2.0,0,1,25.0,124.05243682861328,0,1,0,0,0,598.json,NotBuggy
3,0.40952739119529724,0.6352407539482923,0,0,0,1,1.89,0,1,22.0,129.47398376464844,0,2,0,0,0,1658.json,NotBuggy
3,0.012975991703569889,0.18376464108845747,0,0,0,1,1.89,0,5,33.0,127.09538269042969,0,0,0,0,0,5242.json,NotBuggy
3,0.3450623154640198,0.7254595892053002,0,0,0,1,1.89,0,1,20.0,130.07347106933594,0,1,0,0,0,3695.json,NotBuggy
8,0.5673620104789734,0.8198671245062957,2,1,3,3,3.87,2,1,34.0,110.5118637084961,0,1,1,0,0,5782.json,NotBuggy
3,0.3442741930484772,0.7791430592324344,0,0,0,1,1.89,0,2,19.0,130.70933532714844,0,0,0,0,0,6568.json,NotBuggy
6,7.174095953814685E-4,0.15785672077294408,0,0,0,1,1.89,0,6,42.0,114.38914489746094,0,2,0,0,0,529.json,NotBuggy
10,0.01677020825445652,0.0017836777744430856,9,3,12,4,2.8,0,9,81.0,101.76222229003906,0,2,1,0,0,1610.json,NotBuggy
10,0.01393709983676672,0.01209778216362675,2,1,3,3,3.49,2,5,64.0,102.96688842773438,0,1,2,0,0,6110.json,NotBuggy
3,0.711027204990387,0.9641233911568204,0,0,0,1,1.89,0,1,15.0,132.25152587890625,0,0,0,0,0,5147.json,NotBuggy
3,0.5003060102462769,0.7553624093198709,0,0,0,1,1.89,0,1,21.0,129.81976318359375,0,1,0,0,0,2358.json,NotBuggy
5,0.05434538796544075,0.21516656244173465,0,0,0,1,5.43,0,7,38.0,117.79682159423828,0,0,0,0,0,4895.json,NotBuggy
6,0.011607381515204906,0.37978941607653444,0,0,0,1,1.89,0,2,37.0,115.27146911621094,0,1,0,0,0,4334.json,NotBuggy
4,0.002658761804923415,0.25913074829159316,0,0,0,1,2.0,0,4,36.0,122.15628814697266,0,2,0,0,0,1442.json,NotBuggy
3,0.342165470123291,0.8938476314548705,0,0,0,1,1.89,0,0,14.0,132.4454345703125,0,0,0,0,0,4407.json,NotBuggy
3,0.01406434178352356,0.056297701502893656,0,0,0,1,1.89,0,6,39.0,125.8741455078125,0,1,0,0,0,5796.json,NotBuggy
8,0.1653497964143753,0.354457900064551,2,1,3,3,3.87,2,4,43.0,109.07997131347656,0,1,1,0,0,6681.json,NotBuggy
14,0.0014558371622115374,1.2479594342709888E-5,15,5,20,6,2.7,0,15,117.0,93.7348861694336,0,2,1,0,0,1551.json,NotBuggy
3,0.8873536586761475,0.9755130974828278,0,0,0,1,1.89,0,0,12.0,133.59722900390625,0,0,0,0,0,5681.json,NotBuggy
3,0.7613949775695801,0.8932295341606212,0,0,0,1,1.89,0,2,16.0,131.91592407226562,0,0,0,0,0,5421.json,NotBuggy
3,0.04051864892244339,0.9302303608019737,0,0,0,1,1.89,0,0,12.0,133.59722900390625,0,0,0,0,0,3557.json,NotBuggy
3,0.7925102114677429,0.7758515923200772,0,0,0,1,1.89,0,0,20.0,130.07347106933594,0,2,0,0,0,1853.json,NotBuggy
5,0.6436796188354492,0.6848079595046261,0,0,0,1,1.96,0,3,28.0,119.94457244873047,0,1,0,0,0,5.json,NotBuggy
10,0.0022170748561620712,7.519209675577815E-4,0,0,0,2,2.15,1,9,78.0,102.1681900024414,0,0,3,0,0,7026.json,NotBuggy
3,0.23274804651737213,0.818908598790813,0,0,0,1,1.89,0,0,18.0,130.99049377441406,0,0,0,0,0,4866.json,NotBuggy
3,0.3656942844390869,0.9456036862690742,0,0,0,1,1.89,0,0,12.0,133.59722900390625,0,0,0,0,0,638.json,NotBuggy
5,0.6851038336753845,0.27205371412863233,0,0,0,1,1.96,0,1,35.0,118.29083251953125,0,2,2,0,0,5854.json,NotBuggy
3,0.02244332805275917,0.42889163600944924,0,0,0,1,1.89,0,2,28.0,128.1235809326172,0,2,0,0,0,1417.json,NotBuggy
18,0.0,1.3292433490184648E-6,7,5,12,6,4.16,3,15,138.0,88.41238403320312,0,3,4,0,0,5505.json,NotBuggy
20,7.83425522968173E-4,4.0279196989665145E-5,2,4,6,5,3.46,1,12,125.0,87.7100830078125,0,2,2,0,0,872.json,NotBuggy
5,0.7661678791046143,0.8560094365330505,1,1,2,2,2.99,0,1,26.0,120.20379638671875,0,1,0,0,0,4335.json,NotBuggy
15,0.004907047841697931,3.651894365527842E-4,2,3,5,4,3.52,1,9,100.0,93.80345153808594,0,2,2,0,0,918.json,NotBuggy
20,0.0,2.0541338568486137E-15,3,4,7,5,3.97,4,10,233.0,83.92291259765625,0,0,6,0,0,5993.json,NotBuggy
3,0.30633240938186646,0.8820439731775942,0,0,0,1,1.89,0,1,17.0,131.43582153320312,0,1,0,0,0,98.json,NotBuggy
3,0.40014365315437317,0.7428150099621884,0,0,0,1,1.89,0,1,21.0,129.7158966064453,0,1,0,0,0,2371.json,NotBuggy
3,0.9348044395446777,0.9642889940837642,0,0,0,1,1.89,0,0,12.0,133.59722900390625,0,0,0,0,0,4082.json,NotBuggy
3,0.9598557949066162,0.9864248720737637,0,0,0,1,1.89,0,0,12.0,133.59722900390625,0,0,0,0,0,536.json,NotBuggy
3,0.7968025803565979,0.7780345234616838,0,0,0,1,1.89,0,0,20.0,130.07347106933594,0,2,0,0,0,1913.json,NotBuggy
3,0.2949877679347992,0.9475238288476704,0,0,0,1,1.89,0,0,12.0,133.59722900390625,0,0,0,0,0,3041.json,NotBuggy
3,0.2949712574481964,0.9526621953550144,0,0,0,1,1.89,0,0,12.0,133.59722900390625,0,0,0,0,0,2845.json,NotBuggy
3,0.5983346104621887,0.7529297969402109,0,0,0,1,1.89,0,1,21.0,129.93223571777344,0,0,0,0,0,4215.json,NotBuggy
3,0.3559819459915161,0.7512100950519933,0,0,0,1,1.89,0,1,19.0,130.34019470214844,0,0,0,0,0,4091.json,NotBuggy
11,0.002516416599974036,7.873907605534597E-5,1,1,2,2,2.75,1,7,96.0,99.4166259765625,1,3,3,0,0,5797.json,NotBuggy
5,0.7661678791046143,0.8560094365330505,1,1,2,2,2.99,0,1,26.0,120.20379638671875,0,1,0,0,0,4527.json,NotBuggy
3,0.024016166105866432,0.6790797741204357,0,0,0,1,1.89,0,2,21.0,130.05470275878906,0,0,0,0,0,625.json,NotBuggy
3,0.38318559527397156,0.6769123250602439,0,0,0,1,1.89,0,1,20.0,130.07347106933594,0,1,0,0,0,4295.json,NotBuggy
3,0.7266674637794495,0.9344901801157709,0,0,0,1,1.89,0,0,16.0,131.91592407226562,0,0,0,0,0,5683.json,NotBuggy
3,0.7852569818496704,0.6854255997105689,0,0,0,1,1.89,0,1,21.0,129.93223571777344,0,1,0,0,0,5116.json,NotBuggy
3,0.38021320104599,0.7939691615269326,0,0,0,1,1.89,0,1,19.0,130.57513427734375,0,0,0,0,0,4786.json,NotBuggy
3,0.20994509756565094,0.7522361754193053,0,0,0,1,1.89,0,1,22.0,129.69032287597656,0,2,0,0,0,2228.json,NotBuggy
11,0.11453618854284286,8.424651778967732E-4,5,3,8,4,3.56,2,6,82.0,99.77629089355469,0,1,2,0,0,6236.json,NotBuggy
3,0.7845817804336548,0.7729225570409406,0,0,0,1,1.89,0,0,20.0,130.07347106933594,0,2,0,0,0,1866.json,NotBuggy
3,0.7738624215126038,0.7962443516141803,0,0,0,1,1.89,0,0,17.0,131.28770446777344,0,1,0,0,0,6793.json,NotBuggy
3,0.4267476201057434,0.7822963932638117,0,0,0,1,1.89,0,1,19.0,130.34019470214844,0,0,0,0,0,3479.json,NotBuggy
3,0.4476971924304962,0.5738618988536821,0,0,0,1,1.89,0,1,21.0,129.7158966064453,0,0,0,0,0,5043.json,NotBuggy
5,0.01963803917169571,0.4146045994353508,0,0,0,1,1.96,0,1,33.0,118.90401458740234,0,1,0,0,0,3146.json,NotBuggy
3,0.5828856229782104,0.8953624196150292,0,0,0,1,1.89,0,1,15.0,132.25152587890625,0,0,0,0,0,5554.json,NotBuggy
3,0.4478917121887207,0.7000636973174114,0,0,0,1,1.89,0,1,21.0,129.93223571777344,0,0,0,0,0,3258.json,NotBuggy
5,0.5500199794769287,0.8304646044889843,0,0,0,1,1.96,0,2,25.0,120.63774108886719,0,2,0,0,0,3371.json,NotBuggy
27,0.0,9.696080505843875E-10,6,5,11,6,5.72,2,19,189.0,79.80009460449219,1,3,7,0,0,4890.json,NotBuggy
3,0.795160174369812,0.7963338808742246,0,0,0,1,1.89,0,0,20.0,130.07347106933594,0,2,0,0,0,1840.json,NotBuggy
3,0.6987584233283997,0.8029226652717406,0,0,0,1,1.89,0,0,17.0,131.28770446777344,0,1,0,0,0,6837.json,NotBuggy
3,0.20315836369991302,0.6787338118147821,0,0,0,1,1.89,0,1,23.0,129.34671020507812,0,2,0,0,0,2138.json,NotBuggy
3,0.764981746673584,0.9428105820363835,0,0,0,1,1.89,0,0,12.0,133.59722900390625,0,0,0,0,0,4224.json,NotBuggy
8,0.25503072142601013,0.5933438303763123,2,1,3,3,3.87,2,4,43.0,109.21644592285156,0,1,1,0,0,5402.json,NotBuggy
3,0.6307756304740906,0.9102323643804665,0,0,0,1,1.89,0,1,15.0,132.25152587890625,0,0,0,0,0,6602.json,NotBuggy
3,0.8957158327102661,0.9538973828432641,0,0,0,1,1.89,0,0,12.0,133.59722900390625,0,0,0,0,0,177.json,NotBuggy
8,0.14503344893455505,0.05182028340049546,2,1,3,2,20.3,1,6,56.0,107.55213928222656,0,2,0,0,0,6409.json,NotBuggy
3,1.059714995790273E-4,0.2828839427919332,0,0,0,1,1.89,0,1,33.0,127.17938995361328,0,2,0,0,0,3560.json,NotBuggy
11,0.02351578325033188,0.007415683433621227,3,2,5,4,4.85,3,5,70.0,100.5594482421875,0,2,1,0,0,5446.json,Buggy
11,0.003801280865445733,0.006201457180024577,4,4,8,4,3.22,2,12,78.0,100.59437561035156,0,1,0,0,0,4797.json,NotBuggy
6,0.20154188573360443,0.1039125754041323,3,1,4,2,2.75,0,3,45.0,113.6710433959961,0,2,1,0,0,1595.json,NotBuggy
3,0.0016274633817374706,0.9307286393887639,0,0,0,1,1.89,0,0,12.0,133.59722900390625,0,0,0,0,0,6140.json,NotBuggy
10,0.024322189390659332,0.0014956252609073357,9,3,12,4,2.8,0,9,81.0,101.70774841308594,0,2,1,0,0,1572.json,NotBuggy
3,0.6510723829269409,0.8687832705172397,0,0,0,1,1.89,0,0,15.0,131.9385528564453,0,0,0,0,0,5343.json,NotBuggy
3,0.3352888822555542,0.7465995310923791,0,0,0,1,1.89,0,0,18.0,130.85629272460938,0,0,0,0,0,6648.json,NotBuggy
3,0.9403284192085266,0.9021471355645118,0,0,0,1,1.89,0,0,15.0,131.9385528564453,0,0,0,0,0,5477.json,NotBuggy
3,1.059714995790273E-4,0.2828839427919332,0,0,0,1,1.89,0,1,33.0,127.17938995361328,0,2,0,0,0,4032.json,NotBuggy
2,0.006390151102095842,0.9401580491649546,0,0,0,1,0.0,0,0,9.0,142.4026641845703,0,0,0,0,0,4582.json,Buggy
3,0.0,0.0054068493563341966,1,1,2,2,1.89,0,7,53.0,123.87772369384766,0,2,0,0,0,1398.json,NotBuggy
3,0.012165158987045288,0.12080617471028829,0,0,0,1,1.89,0,3,36.0,126.64292907714844,0,2,0,0,0,5792.json,NotBuggy
3,0.8090255856513977,0.887122619510891,0,0,0,1,1.89,0,1,18.0,130.99049377441406,0,1,0,0,0,34.json,NotBuggy
3,0.8623520135879517,0.8102289100975963,0,0,0,1,1.89,0,0,17.0,131.28770446777344,0,1,0,0,0,6644.json,NotBuggy
9,0.0035945610143244267,8.600098068701655E-4,1,1,2,3,2.67,1,9,78.0,103.69100189208984,0,0,2,0,0,5162.json,NotBuggy
6,9.650830761529505E-4,0.04479170705582358,0,0,0,1,3.91,0,7,56.0,112.44258880615234,0,1,1,0,0,6828.json,NotBuggy
7,0.06777103990316391,0.5689814004243521,1,1,2,2,2.56,1,4,38.0,112.67573547363281,0,0,1,0,0,5370.json,NotBuggy
3,0.006321186199784279,0.3448895218734333,0,0,0,1,1.89,0,0,30.0,127.67500305175781,0,3,0,0,0,393.json,NotBuggy
3,0.7128824591636658,0.6583786049242645,0,0,0,1,1.89,0,1,21.0,129.81976318359375,0,0,0,0,0,797.json,NotBuggy
9,5.951803759671748E-4,0.03075577217323801,1,1,2,2,2.27,0,4,59.0,105.52252960205078,0,1,0,0,0,3143.json,NotBuggy
11,0.6103641986846924,0.7376587694477139,2,3,5,4,3.95,2,2,47.0,103.3649673461914,0,1,0,0,0,3539.json,NotBuggy
8,0.06909933686256409,0.013522828855023193,6,2,8,3,2.83,0,6,63.0,106.91397857666016,0,2,1,0,0,2123.json,NotBuggy
11,0.2526057958602905,0.34603005074234666,2,2,4,4,3.95,3,2,53.0,102.42381286621094,0,1,2,0,0,6235.json,NotBuggy
5,0.15905943512916565,0.6666855679383606,1,1,2,2,2.99,0,1,31.0,119.08892822265625,0,2,0,0,0,4155.json,NotBuggy
3,0.28343501687049866,0.9137672379554825,0,0,0,1,1.89,0,0,14.0,132.61029052734375,0,0,0,0,0,3870.json,NotBuggy
6,0.23847030103206635,0.1139367878313509,3,1,4,2,2.75,0,3,45.0,113.6710433959961,0,2,1,0,0,1574.json,NotBuggy
3,0.644102156162262,0.9042844569523808,0,0,0,1,1.89,0,1,15.0,132.25152587890625,0,0,0,0,0,6284.json,NotBuggy
3,0.2900310158729553,0.7843794180336656,0,0,0,1,1.89,0,1,18.0,130.7338104248047,0,0,0,0,0,3975.json,NotBuggy
3,0.5191841721534729,0.7386585597003839,0,0,0,1,1.89,0,1,22.0,129.69032287597656,0,1,0,0,0,2356.json,NotBuggy
3,0.9248546957969666,0.9556175051183575,0,0,0,1,1.89,0,0,12.0,133.59722900390625,0,0,0,0,0,3582.json,NotBuggy
25,1.251671346835792E-4,3.705397093377812E-6,2,5,7,6,3.41,1,15,150.0,82.87604522705078,0,2,2,0,0,921.json,NotBuggy
3,0.9493442177772522,0.9539641585258483,0,0,0,1,1.89,0,0,13.0,132.9956512451172,0,0,0,0,0,5360.json,NotBuggy
9,0.0,2.407421668485207E-5,3,1,4,2,3.66,2,7,90.0,102.7840805053711,0,3,0,0,0,3398.json,NotBuggy
3,0.2070702165365219,0.9073844854006706,0,0,0,1,1.89,0,0,17.0,131.28770446777344,0,1,0,0,0,2896.json,NotBuggy
8,0.07414232939481735,0.014844027573903873,6,2,8,3,2.83,0,6,63.0,106.9710464477539,0,2,1,0,0,1619.json,NotBuggy
44,9.237810154445469E-4,0.7143727780265472,0,0,0,1,2.67,1,0,130.0,75.29796600341797,0,3,0,0,0,4730.json,NotBuggy
3,0.3629727363586426,0.8923705195246342,0,0,0,1,1.89,0,0,14.0,132.4454345703125,0,0,0,0,0,719.json,NotBuggy
3,5.180707084946334E-4,0.06594168959355025,1,1,2,2,1.89,0,5,41.0,125.51344299316406,0,2,0,0,0,1371.json,NotBuggy
6,0.9334709048271179,0.022621763234085306,3,3,6,3,1.89,0,3,58.0,111.949951171875,0,1,1,0,0,5761.json,NotBuggy
5,0.7661678791046143,0.8560094365330505,1,1,2,2,2.99,0,1,26.0,120.20379638671875,0,1,0,0,0,3713.json,NotBuggy
7,0.96401047706604,0.0695280455258223,5,4,9,4,1.81,0,3,58.0,109.3342514038086,0,1,1,0,0,6663.json,NotBuggy
3,0.5209462642669678,0.7492159944006378,0,0,0,1,1.89,0,1,21.0,129.93223571777344,0,0,0,0,0,3989.json,NotBuggy
3,0.35634028911590576,0.7268064525633199,0,0,0,1,1.89,0,1,19.0,130.34019470214844,0,0,0,0,0,3834.json,NotBuggy
3,0.26885637640953064,0.7690866873073097,0,0,0,1,1.89,0,1,19.0,130.34019470214844,0,0,0,0,0,2895.json,NotBuggy
3,0.026192855089902878,0.33266706664379625,0,0,0,1,1.89,0,2,30.0,127.67500305175781,0,2,0,0,0,998.json,NotBuggy
3,0.12126655131578445,0.4245696627221858,0,0,0,1,1.89,0,1,28.0,128.21994018554688,0,0,0,0,0,3018.json,NotBuggy
3,0.7578322887420654,0.9529032681091304,0,0,0,1,1.89,0,0,12.0,133.59722900390625,0,0,0,0,0,3717.json,NotBuggy
3,0.841839611530304,0.7360922027621385,0,0,0,1,1.89,0,0,20.0,130.07347106933594,0,2,0,0,0,1889.json,NotBuggy
19,0.15620142221450806,0.020331550256568204,6,6,12,7,4.66,3,5,90.0,89.87603759765625,0,1,1,0,0,666.json,NotBuggy
3,0.9678571820259094,0.864825869820439,0,0,0,1,1.89,0,0,18.0,130.85629272460938,0,0,0,0,0,559.json,NotBuggy
40,0.0,3.12045126992514E-25,10,10,20,11,3.72,5,50,356.0,68.43366241455078,0,2,7,0,0,6382.json,Buggy
10,0.017187325283885002,0.0017087810268594315,9,3,12,4,2.8,0,9,81.0,101.76222229003906,0,2,1,0,0,1553.json,NotBuggy
9,0.0024241681676357985,0.06670475362593993,1,1,2,2,2.27,0,4,56.0,105.96532440185547,0,1,0,0,0,3276.json,NotBuggy
3,0.6923108696937561,0.8965365494350599,0,0,0,1,1.89,0,1,15.0,132.25152587890625,0,0,0,0,0,4877.json,NotBuggy
8,0.37045010924339294,0.16182199843367545,1,1,2,2,2.83,1,1,47.0,108.72457885742188,0,2,1,0,0,5879.json,NotBuggy
3,0.291932076215744,0.9403188656693835,0,0,0,1,1.89,0,0,12.0,133.59722900390625,0,0,0,0,0,4170.json,NotBuggy
3,0.20644237101078033,0.7097919724823541,0,0,0,1,1.89,0,1,22.0,129.69032287597656,0,2,0,0,0,2238.json,NotBuggy
3,0.41951900720596313,0.7694832900007735,0,0,0,1,1.89,0,1,19.0,130.34019470214844,0,0,0,0,0,3773.json,NotBuggy
3,0.0,0.08453285098632507,0,0,0,1,1.89,0,3,38.0,126.20867156982422,0,3,0,0,0,3367.json,NotBuggy
10,0.08797359466552734,0.04157399185217466,1,1,2,2,2.15,1,6,61.0,103.59024810791016,0,0,2,0,0,2328.json,NotBuggy
3,0.20216621458530426,0.7015034139506264,0,0,0,1,1.89,0,1,22.0,129.69032287597656,0,2,0,0,0,2251.json,NotBuggy
3,0.33449429273605347,0.7923095497462684,0,0,0,1,1.89,0,1,18.0,130.7338104248047,0,0,0,0,0,5596.json,NotBuggy
5,0.5793316960334778,0.1303794829186534,2,2,4,3,1.96,0,2,43.0,116.90475463867188,0,0,1,0,0,5988.json,NotBuggy
3,0.05015686899423599,0.9501680466594681,0,0,0,1,1.89,0,0,12.0,133.59722900390625,0,0,0,0,0,3021.json,NotBuggy
3,0.5336528420448303,0.9520586311338648,0,0,0,1,1.89,0,0,12.0,133.59722900390625,0,0,0,0,0,6489.json,NotBuggy
3,0.20125141739845276,0.6756067864010256,0,0,0,1,1.89,0,1,23.0,129.34671020507812,0,2,0,0,0,2208.json,NotBuggy
3,0.08164267241954803,0.5516296841678006,0,0,0,1,1.89,0,2,24.0,129.12539672851562,0,2,0,0,0,99.json,NotBuggy
3,0.5971665978431702,0.812556612519261,0,0,0,1,1.89,0,0,19.0,130.34019470214844,0,2,0,0,0,1545.json,NotBuggy
3,0.06485991179943085,0.6196813169387886,0,0,0,1,1.89,0,0,22.0,129.57785034179688,0,0,0,0,0,6015.json,NotBuggy
3,0.371975302696228,0.6417392436307308,0,0,0,1,1.89,0,1,22.0,129.47398376464844,0,2,0,0,0,1670.json,NotBuggy
3,0.7544560432434082,0.9569872256621834,0,0,0,1,1.89,0,0,12.0,133.59722900390625,0,0,0,0,0,371.json,NotBuggy
3,0.4438048303127289,0.8639579172806937,0,0,0,1,1.89,0,0,15.0,132.25152587890625,0,0,0,0,0,6925.json,NotBuggy
6,0.10983709245920181,0.1971648010681216,1,1,2,2,2.75,1,1,41.0,114.21808624267578,0,2,0,0,0,3316.json,NotBuggy
3,0.40035977959632874,0.7021316683783727,0,0,0,1,1.89,0,1,20.0,130.07347106933594,0,1,0,0,0,704.json,NotBuggy
3,0.5312091112136841,0.9164509736253456,0,0,0,1,1.89,0,0,14.0,132.61029052734375,0,0,0,0,0,3613.json,NotBuggy
28,0.0,2.9053590930227085E-9,4,3,7,5,3.05,2,20,203.0,79.13935852050781,0,3,7,0,0,7012.json,NotBuggy
3,0.2949877679347992,0.9419714697519469,0,0,0,1,1.89,0,0,12.0,133.59722900390625,0,0,0,0,0,3865.json,NotBuggy
20,8.999340934678912E-4,3.7725034861444524E-5,2,4,6,5,3.46,1,12,125.0,87.7100830078125,0,2,2,0,0,886.json,NotBuggy
10,0.018182422965765,0.0015158599224736652,9,3,12,4,2.8,0,9,81.0,101.70774841308594,0,2,1,0,0,1552.json,NotBuggy
3,0.38076281547546387,0.6715745789373965,0,0,0,1,1.89,0,1,22.0,129.47398376464844,0,2,0,0,0,1677.json,NotBuggy
3,2.166083868360147E-4,0.02951195878397804,0,0,0,1,1.89,0,4,45.0,125.25936889648438,0,2,0,0,0,1026.json,NotBuggy
3,0.9144441485404968,0.9365129102730274,0,0,0,1,1.89,0,0,13.0,132.9956512451172,0,0,0,0,0,5284.json,NotBuggy
3,0.06853625178337097,0.9334475016010579,0,0,0,1,1.89,0,0,12.0,133.59722900390625,0,0,0,0,0,4368.json,NotBuggy
3,0.3198453187942505,0.8962258100443644,0,0,0,1,1.89,0,0,14.0,132.61029052734375,0,0,0,0,0,3162.json,NotBuggy
3,0.4545416235923767,0.7539805925365531,0,0,0,1,1.89,0,1,20.0,130.07347106933594,0,2,0,0,0,1694.json,NotBuggy
6,0.020473672077059746,0.00681746784499314,0,0,0,1,1.89,0,8,58.0,112.16993713378906,0,3,1,0,0,7007.json,NotBuggy
8,0.4930536150932312,0.1004611881621187,1,1,2,2,2.4,1,2,50.0,108.40282440185547,0,1,2,0,0,6397.json,NotBuggy
20,9.878522250801325E-4,3.9095516227498775E-5,2,4,6,5,3.46,1,12,125.0,87.7100830078125,0,2,2,0,0,850.json,NotBuggy
3,0.8882124423980713,0.9545784056054647,0,0,0,1,1.89,0,0,12.0,133.59722900390625,0,0,0,0,0,5530.json,NotBuggy
12,0.001374691491946578,1.5545727988588046E-5,1,1,2,4,4.93,3,3,105.0,96.89568328857422,0,0,4,0,0,6043.json,Buggy
5,0.4985283613204956,0.7181252908093287,1,1,2,2,2.99,1,3,27.0,119.80731201171875,0,1,0,0,0,3937.json,NotBuggy
3,1.059714995790273E-4,0.2828839427919332,0,0,0,1,1.89,0,1,33.0,127.17938995361328,0,2,0,0,0,726.json,NotBuggy
3,0.8196750283241272,0.7648334793112075,0,0,0,1,1.89,0,0,20.0,130.07347106933594,0,2,0,0,0,1837.json,NotBuggy
3,0.11403286457061768,0.7752316192560041,0,0,0,1,1.89,0,1,23.0,129.34671020507812,0,2,0,0,0,5656.json,NotBuggy
19,0.0,0.0032454365701734544,4,3,7,4,8.6,1,11,143.0,87.4974594116211,0,2,6,0,0,5578.json,NotBuggy
3,0.1685105264186859,0.89459322245284,0,0,0,1,1.89,0,0,14.0,132.4454345703125,0,0,0,0,0,2931.json,NotBuggy
3,0.8543779850006104,0.8802434976310618,0,0,0,1,1.89,0,1,16.0,131.75106811523438,0,0,0,0,0,3689.json,NotBuggy
3,0.1927056610584259,0.7262800740107306,0,0,0,1,1.89,0,1,22.0,129.69032287597656,0,2,0,0,0,2267.json,NotBuggy
3,0.46257954835891724,0.7104295194080074,0,0,0,1,1.89,0,1,21.0,129.93223571777344,0,0,0,0,0,3828.json,NotBuggy
6,0.49952083826065063,0.5474837526967252,1,1,2,2,2.75,1,2,33.0,115.72040557861328,0,1,0,0,0,6600.json,NotBuggy
3,0.6630216836929321,0.9361986809804053,0,0,0,1,1.89,0,1,15.0,132.25152587890625,0,0,0,0,0,422.json,NotBuggy
3,0.0932900682091713,0.9300201949371651,0,0,0,1,1.89,0,0,12.0,133.59722900390625,0,0,0,0,0,4112.json,NotBuggy
3,0.2350386381149292,0.6331902422053811,0,0,0,1,1.89,0,0,26.0,128.50894165039062,0,2,0,0,0,5106.json,NotBuggy
3,0.005118012893944979,0.4922307735849459,0,0,0,1,1.89,0,1,28.0,128.1235809326172,0,2,0,0,0,4161.json,NotBuggy
3,0.9874111413955688,0.9478470255873882,0,0,0,1,2.0,0,0,14.0,132.4454345703125,1,1,0,0,0,5657.json,NotBuggy
11,0.280597448348999,0.10308156018456048,4,3,7,4,3.95,2,4,63.0,101.52503204345703,0,1,1,0,0,581.json,NotBuggy
6,0.16466881334781647,0.013139708046261436,0,0,0,1,1.89,0,8,57.0,112.3045883178711,0,3,1,0,0,7004.json,NotBuggy
3,0.7142124772071838,0.790154775971103,0,0,0,1,1.89,0,1,18.0,130.99049377441406,0,1,0,0,0,4857.json,NotBuggy
3,0.342165470123291,0.8971415634771448,0,0,0,1,1.89,0,0,14.0,132.4454345703125,0,0,0,0,0,3542.json,NotBuggy
3,0.7637466192245483,0.8703074807029937,0,0,0,1,1.89,0,0,17.0,131.03103637695312,0,2,0,0,0,1327.json,NotBuggy
3,0.6016902327537537,0.9498537748292909,0,0,0,1,1.89,0,0,12.0,133.59722900390625,0,0,0,0,0,5600.json,NotBuggy
3,0.9408955574035645,0.965106288670043,0,0,0,1,1.89,0,0,12.0,133.59722900390625,0,0,0,0,0,6241.json,NotBuggy
3,0.5703293681144714,0.748246388674045,0,0,0,1,1.89,0,1,21.0,129.93223571777344,0,0,0,0,0,4420.json,NotBuggy
3,2.0586297614499927E-4,0.03263556102079162,0,0,0,1,1.89,0,4,45.0,125.25936889648438,0,2,0,0,0,1013.json,NotBuggy
3,0.558075487613678,0.7399395298959598,0,0,0,1,1.89,0,1,21.0,129.93223571777344,0,0,0,0,0,3714.json,NotBuggy
3,1.6287885955534875E-4,0.2029048119873128,0,0,0,1,1.89,0,0,35.0,126.78941345214844,0,4,0,0,0,394.json,NotBuggy
3,0.6975260972976685,0.9111666092470817,0,0,0,1,1.89,0,2,16.0,131.91592407226562,0,0,0,0,0,6729.json,NotBuggy
6,0.19291388988494873,0.015948208676850987,0,0,0,1,1.89,0,6,59.0,112.49249267578125,0,0,2,0,0,5367.json,NotBuggy
3,0.940879762172699,0.9715290184627151,0,0,0,1,1.89,0,0,12.0,133.59722900390625,0,0,0,0,0,5339.json,NotBuggy
5,0.8933227062225342,0.9264263080858928,0,0,0,1,5.43,0,0,21.0,121.77933502197266,0,0,0,0,0,6560.json,NotBuggy
3,1.059714995790273E-4,0.2828839427919332,0,0,0,1,1.89,0,1,33.0,127.17938995361328,0,2,0,0,0,3682.json,NotBuggy
3,0.8002212047576904,0.765352523494666,0,0,0,1,1.89,0,0,20.0,130.07347106933594,0,2,0,0,0,1885.json,NotBuggy
3,0.7728284597396851,0.9272894182172716,0,0,0,1,1.89,0,0,14.0,132.61029052734375,0,0,0,0,0,3601.json,NotBuggy
3,0.4413505494594574,0.725253206685446,0,0,0,1,1.89,0,1,21.0,129.93223571777344,0,0,0,0,0,3530.json,NotBuggy
3,0.28312185406684875,0.9456647896684617,0,0,0,1,1.89,0,0,12.0,133.59722900390625,0,0,0,0,0,4439.json,NotBuggy
3,0.2241792529821396,0.8901389487491936,0,0,0,1,1.89,0,0,14.0,132.4454345703125,0,0,0,0,0,3420.json,NotBuggy
3,0.7351661920547485,0.9523262426550152,0,0,0,1,1.89,0,0,12.0,133.59722900390625,0,0,0,0,0,4565.json,NotBuggy
3,0.1921408474445343,0.6778129064557639,0,0,0,1,1.89,0,1,23.0,129.34671020507812,0,2,0,0,0,2194.json,NotBuggy
3,0.8668012022972107,0.7488422748619502,0,0,0,1,3.77,0,0,19.0,130.57513427734375,0,1,0,0,0,5023.json,NotBuggy
5,0.42727288603782654,0.6987538054769761,1,1,2,2,2.99,1,3,27.0,119.80731201171875,0,1,0,0,0,3643.json,NotBuggy
18,0.224479079246521,0.0035991429692123892,2,2,4,3,3.06,2,10,95.0,91.26295471191406,0,0,4,0,0,3365.json,NotBuggy
3,0.34613385796546936,0.6720894456395182,0,0,0,1,1.89,0,1,22.0,129.47398376464844,0,2,0,0,0,1675.json,NotBuggy
19,3.563452628441155E-4,2.713433204002131E-7,6,4,10,4,3.28,2,13,136.0,87.88987731933594,0,0,5,0,0,6512.json,NotBuggy
3,0.1326903998851776,0.9354609260840933,0,0,0,1,1.89,0,0,12.0,133.59722900390625,0,0,0,0,0,3161.json,NotBuggy
3,0.0,0.1873913748411223,0,0,0,1,1.89,0,2,38.0,126.53559112548828,0,4,0,0,0,4588.json,NotBuggy
3,0.7197117805480957,0.903055373345388,0,0,0,1,1.89,0,0,17.0,131.28770446777344,0,1,0,0,0,6495.json,NotBuggy
3,0.7421755790710449,0.9595968002693623,0,0,0,1,1.89,0,0,12.0,133.59722900390625,0,0,0,0,0,3733.json,NotBuggy
8,0.06986617296934128,0.013855908266058956,6,2,8,3,2.83,0,6,63.0,106.9710464477539,0,2,1,0,0,1578.json,NotBuggy
3,0.7969531416893005,0.9093686440303173,0,0,0,1,1.89,0,0,15.0,131.9385528564453,0,0,0,0,0,5004.json,NotBuggy
3,0.005118012893944979,0.4922307735849459,0,0,0,1,1.89,0,1,28.0,128.1235809326172,0,2,0,0,0,4043.json,NotBuggy
3,0.9080740213394165,0.9579242538537098,0,0,0,1,1.89,0,0,12.0,133.59722900390625,0,0,0,0,0,4431.json,NotBuggy
3,0.8813729286193848,0.9597042109376592,0,0,0,1,1.89,0,0,12.0,133.59722900390625,0,0,0,0,0,3771.json,NotBuggy
3,0.36911964416503906,0.9453154006588116,0,0,0,1,1.89,0,0,12.0,133.59722900390625,0,0,0,0,0,4293.json,NotBuggy
3,0.8092809915542603,0.7530194684344046,0,0,0,1,1.89,0,0,20.0,130.07347106933594,0,2,0,0,0,1849.json,NotBuggy
3,0.1326903998851776,0.9443366574744868,0,0,0,1,1.89,0,0,12.0,133.59722900390625,0,0,0,0,0,3851.json,NotBuggy
3,0.19876061379909515,0.7086531946481927,0,0,0,1,1.89,0,1,22.0,129.69032287597656,0,2,0,0,0,2264.json,NotBuggy
3,0.28507691621780396,0.33586407525569334,0,0,0,1,1.89,0,0,26.0,128.3351287841797,0,2,0,0,0,6279.json,NotBuggy
3,0.10387148708105087,0.8698909492342053,0,0,0,1,1.89,0,0,15.0,132.25152587890625,0,0,0,0,0,6624.json,NotBuggy
3,0.7060662508010864,0.9187171105788481,0,0,0,1,1.89,0,1,15.0,132.25152587890625,0,0,0,0,0,6920.json,NotBuggy
3,0.8407866954803467,0.9419687825952014,0,0,0,1,1.89,0,0,14.0,132.61029052734375,0,0,0,0,0,3615.json,NotBuggy
3,0.6588695645332336,0.8865300568470318,0,0,0,1,1.89,0,2,16.0,131.75106811523438,0,0,0,0,0,4578.json,NotBuggy
3,0.8365623950958252,0.9518742671853534,0,0,0,1,1.89,0,0,12.0,133.59722900390625,0,0,0,0,0,4448.json,NotBuggy
14,0.022539084777235985,0.024444769572234792,2,3,5,4,3.61,1,7,79.0,96.44137573242188,0,2,1,0,0,1338.json,NotBuggy
4,0.0038366804365068674,0.6788757572948814,0,0,0,1,2.0,0,3,33.0,122.70512390136719,0,2,0,0,0,3381.json,NotBuggy
8,0.03512592241168022,0.01626809745740749,2,1,3,3,3.87,2,6,58.0,107.09369659423828,0,2,1,0,0,6381.json,NotBuggy
3,0.39690425992012024,0.6693667220501898,0,0,0,1,1.89,0,1,20.0,130.07347106933594,0,1,0,0,0,4149.json,NotBuggy
11,0.018110355362296104,0.05697290585498933,4,3,7,4,2.86,3,3,63.0,101.70496368408203,0,1,0,0,0,6535.json,NotBuggy
5,0.36315661668777466,0.7093411973457155,1,1,2,2,2.99,1,3,27.0,119.80731201171875,0,1,0,0,0,777.json,NotBuggy
3,1.059714995790273E-4,0.2828839427919332,0,0,0,1,1.89,0,1,33.0,127.17938995361328,0,2,0,0,0,3548.json,NotBuggy
3,0.7738624215126038,0.7962443516141803,0,0,0,1,1.89,0,0,17.0,131.28770446777344,0,1,0,0,0,6820.json,NotBuggy
5,0.7661678791046143,0.8560094365330505,1,1,2,2,2.99,0,1,26.0,120.20379638671875,0,1,0,0,0,4419.json,NotBuggy
3,0.9100990891456604,0.971515090932943,0,0,0,1,1.89,0,0,12.0,133.59722900390625,0,0,0,0,0,596.json,NotBuggy
3,0.19376085698604584,0.43592637454016325,0,0,0,1,1.89,0,2,27.0,128.31268310546875,0,2,0,0,0,961.json,NotBuggy
3,0.6316972970962524,0.9141454854641566,0,0,0,1,1.89,0,1,15.0,132.25152587890625,0,0,0,0,0,2367.json,NotBuggy
6,0.0918232798576355,0.3930375862259404,1,1,2,2,2.75,1,3,39.0,114.6888656616211,0,2,0,0,0,12.json,NotBuggy
3,0.9463393688201904,0.9704564398041274,0,0,0,1,1.89,0,0,12.0,133.59722900390625,0,0,0,0,0,3140.json,NotBuggy
3,0.049129124730825424,0.25555958770497655,0,0,0,1,0.94,0,1,29.0,127.68843078613281,0,2,0,0,0,6432.json,NotBuggy
15,0.00500680273398757,3.7451846556539305E-4,2,3,5,4,3.52,1,9,100.0,93.80345153808594,0,2,2,0,0,927.json,NotBuggy
3,0.7682719230651855,0.9497016174336921,0,0,0,1,1.89,0,0,12.0,133.59722900390625,0,0,0,0,0,3903.json,NotBuggy
3,0.0830252468585968,0.5466619789496711,0,0,0,1,1.89,0,1,24.0,129.0215301513672,0,2,0,0,0,2024.json,NotBuggy
3,0.3495769202709198,0.7558310853307767,0,0,0,1,1.89,0,1,19.0,130.34019470214844,0,0,0,0,0,2830.json,NotBuggy
7,0.9556562304496765,0.05969201471709549,5,4,9,4,1.81,0,3,58.0,109.3342514038086,0,1,1,0,0,6024.json,NotBuggy
3,0.1958373785018921,0.6715494172340438,0,0,0,1,1.89,0,1,23.0,129.34671020507812,0,2,0,0,0,2206.json,NotBuggy
3,0.34287360310554504,0.7137656857376292,0,0,0,1,1.89,0,1,19.0,130.34019470214844,0,0,0,0,0,3270.json,NotBuggy
3,0.0,3.3185448648200766E-5,2,2,4,3,1.89,0,12,84.0,121.25299072265625,0,2,0,0,0,1363.json,NotBuggy
3,0.39730221033096313,0.7282851607893184,0,0,0,1,1.89,0,1,19.0,130.34019470214844,0,0,0,0,0,4151.json,NotBuggy
3,0.12618444859981537,0.9442379398524139,0,0,0,1,1.89,0,0,12.0,133.59722900390625,0,0,0,0,0,4027.json,NotBuggy
6,0.4025028944015503,0.7782668561189601,0,0,0,2,2.75,1,3,30.0,116.50606536865234,0,1,1,0,0,1143.json,NotBuggy
5,0.06800799071788788,0.07954822843773576,0,0,0,1,1.96,0,1,44.0,116.97151184082031,0,1,1,0,0,3349.json,NotBuggy
3,0.6262563467025757,0.9125029858578143,0,0,0,1,1.89,0,1,15.0,132.25152587890625,0,0,0,0,0,5670.json,NotBuggy
5,0.7661678791046143,0.8560094365330505,1,1,2,2,2.99,0,1,26.0,120.20379638671875,0,1,0,0,0,2756.json,NotBuggy
3,0.20315836369991302,0.6691760394559226,0,0,0,1,1.89,0,1,23.0,129.34671020507812,0,2,0,0,0,2195.json,NotBuggy
6,0.3505094051361084,0.8226642308008382,1,1,2,2,2.75,1,0,30.0,116.50606536865234,0,2,0,0,0,10.json,NotBuggy
5,0.6892613768577576,0.9068885757319821,0,0,0,1,5.43,0,0,21.0,121.77933502197266,0,0,0,0,0,6758.json,NotBuggy
5,0.7661678791046143,0.8560094365330505,1,1,2,2,2.99,0,1,26.0,120.20379638671875,0,1,0,0,0,3835.json,NotBuggy
4,0.894737720489502,0.9709477388544135,0,0,0,1,2.0,0,2,18.0,126.64300537109375,0,1,0,0,0,542.json,NotBuggy
3,0.4413505494594574,0.74392254984111,0,0,0,1,1.89,0,1,21.0,129.93223571777344,0,0,0,0,0,4194.json,NotBuggy
5,0.7661678791046143,0.8560094365330505,1,1,2,2,2.99,0,1,26.0,120.20379638671875,0,1,0,0,0,3586.json,NotBuggy
3,0.25267329812049866,0.76885260581498,0,0,0,1,1.89,0,2,20.0,130.30841064453125,0,0,0,0,0,6012.json,NotBuggy
3,0.026120224967598915,0.31906032924726985,0,0,0,1,1.89,0,2,30.0,127.67500305175781,0,2,0,0,0,1022.json,NotBuggy
12,0.001498440746217966,1.0618207475049089E-4,1,3,4,4,4.0,4,6,106.0,97.1153793334961,0,2,0,0,0,3385.json,NotBuggy
20,9.723557741381228E-4,3.889138614398148E-5,2,4,6,5,3.46,1,12,125.0,87.7100830078125,0,2,2,0,0,903.json,NotBuggy
6,0.46825867891311646,0.8701382563625387,1,1,2,2,2.75,1,2,25.0,117.56661224365234,0,0,0,0,0,4553.json,NotBuggy
3,2.8471669065766037E-4,0.04672298361096728,0,0,0,1,1.89,0,4,43.0,125.56587982177734,0,2,0,0,0,1403.json,NotBuggy
3,0.3394993245601654,0.6506390128976065,0,0,0,1,1.89,0,1,20.0,130.07347106933594,0,1,0,0,0,4113.json,NotBuggy
3,0.6979801654815674,0.8892407584508641,0,0,0,1,1.89,0,1,15.0,132.086669921875,0,0,0,0,0,6129.json,NotBuggy
5,0.7661678791046143,0.8560094365330505,1,1,2,2,2.99,0,1,26.0,120.20379638671875,0,1,0,0,0,4381.json,NotBuggy
3,0.2195884883403778,0.6682959676426178,0,0,0,1,1.89,0,1,23.0,129.34671020507812,0,2,0,0,0,2134.json,NotBuggy
9,8.489185129292309E-4,1.555965217669884E-4,1,1,2,3,3.66,2,4,83.0,103.07925415039062,0,0,2,0,0,6214.json,NotBuggy
3,0.9144013524055481,0.9225435424795035,0,0,0,1,1.89,0,1,14.0,132.61029052734375,0,0,0,0,0,2382.json,NotBuggy
3,0.0010271241189911962,0.6087818661320579,0,0,0,1,1.93,0,5,32.0,127.25540161132812,0,1,0,0,0,6871.json,NotBuggy
7,0.7192111611366272,0.9102807304506464,1,1,2,2,2.56,1,1,27.0,114.55669403076172,0,0,1,0,0,2770.json,NotBuggy
5,0.5009827613830566,0.7232369208920573,1,1,2,2,2.99,1,3,27.0,119.80731201171875,0,1,0,0,0,3936.json,NotBuggy
5,0.3201485574245453,0.6521090687111725,1,1,2,2,2.99,1,3,27.0,119.80731201171875,0,1,0,0,0,776.json,NotBuggy
5,0.12593397498130798,0.5006624329792124,0,0,0,2,2.75,1,2,33.0,118.43690490722656,1,2,1,0,0,3346.json,NotBuggy
3,0.2949877679347992,0.941368634537349,0,0,0,1,1.89,0,0,12.0,133.59722900390625,0,0,0,0,0,3159.json,NotBuggy
3,0.8716419339179993,0.9654514620986203,0,0,0,1,1.89,0,0,12.0,133.59722900390625,0,0,0,0,0,5562.json,NotBuggy
3,0.8439181447029114,0.808335596569103,0,0,0,1,1.89,0,0,18.0,130.99049377441406,0,1,0,0,0,388.json,NotBuggy
3,0.3674953877925873,0.7751330614817129,0,0,0,1,1.89,0,1,18.0,130.7338104248047,0,0,0,0,0,3943.json,NotBuggy
3,0.7578468918800354,0.9576611595007876,0,0,0,1,1.89,0,0,12.0,133.59722900390625,0,0,0,0,0,6858.json,NotBuggy
3,0.291932076215744,0.930421208371998,0,0,0,1,1.89,0,0,12.0,133.59722900390625,0,0,0,0,0,3228.json,NotBuggy
3,0.7731415033340454,0.8705796964583955,0,0,0,1,1.89,0,1,16.0,131.60296630859375,0,0,0,0,0,5592.json,NotBuggy
3,0.6911425590515137,0.9620667899956761,0,0,0,1,1.89,0,0,12.0,133.59722900390625,0,0,0,0,0,4854.json,NotBuggy
3,0.47389790415763855,0.796678902003762,0,0,0,1,1.89,0,0,19.0,130.34019470214844,0,2,0,0,0,1034.json,NotBuggy
3,0.18988387286663055,0.7166691547281681,0,0,0,1,1.89,0,1,22.0,129.69032287597656,0,2,0,0,0,2308.json,NotBuggy
8,0.05897659435868263,0.012819144439137679,6,2,8,3,2.83,0,6,63.0,106.9710464477539,0,2,1,0,0,1596.json,NotBuggy
3,0.2432548701763153,0.5435939670675448,0,0,0,1,1.89,0,1,25.0,129.0255889892578,0,2,0,0,0,5390.json,NotBuggy
3,0.9463393688201904,0.9735349382127279,0,0,0,1,1.89,0,0,12.0,133.59722900390625,0,0,0,0,0,3282.json,NotBuggy
3,0.3841594159603119,0.6983598577131447,0,0,0,1,1.89,0,1,20.0,130.07347106933594,0,1,0,0,0,3994.json,NotBuggy
11,0.5504642128944397,0.7195749048060841,2,3,5,4,3.95,2,2,47.0,103.3649673461914,0,1,0,0,0,3688.json,NotBuggy
3,0.5983346104621887,0.736213002303087,0,0,0,1,1.89,0,1,21.0,129.93223571777344,0,0,0,0,0,4048.json,NotBuggy
3,0.0,2.9148595806531227E-4,1,1,2,2,1.89,0,9,71.0,122.35730743408203,0,2,0,0,0,1380.json,NotBuggy
6,9.650830761529505E-4,0.04479170705582358,0,0,0,1,3.91,0,7,56.0,112.44258880615234,0,1,1,0,0,6806.json,NotBuggy
4,1.8225598614662886E-4,0.20386547004027342,0,0,0,1,2.0,0,4,36.0,121.90362548828125,0,2,0,0,0,5083.json,NotBuggy
5,0.4366045296192169,0.7179394590091964,1,1,2,2,2.99,1,3,27.0,119.80731201171875,0,1,0,0,0,2737.json,NotBuggy
5,0.010358039289712906,0.08974306755169972,0,0,0,1,5.43,0,6,42.0,117.0964584350586,0,0,0,0,0,6607.json,NotBuggy
3,0.5464679002761841,0.8324384019299189,0,0,0,1,1.89,0,0,19.0,130.45266723632812,0,0,0,0,0,399.json,NotBuggy
3,0.0,1.299377037513093E-6,1,1,2,2,1.89,0,13,100.0,120.38055419921875,0,2,0,0,0,946.json,NotBuggy
3,0.001975087448954582,0.4753068375944155,0,0,0,1,1.89,0,2,27.0,128.31268310546875,0,2,0,0,0,363.json,NotBuggy
3,0.11682949960231781,0.4096230758682682,0,0,0,1,1.89,0,2,27.0,128.31268310546875,0,1,0,0,0,5225.json,NotBuggy
5,0.47952377796173096,0.7051706130356545,1,1,2,2,2.99,1,3,27.0,119.80731201171875,0,1,0,0,0,3919.json,NotBuggy
3,0.367132306098938,0.7829964402548516,0,0,0,1,1.89,0,1,18.0,130.7338104248047,0,0,0,0,0,3953.json,NotBuggy
6,0.016947312280535698,0.0060643421857852165,0,0,0,1,1.89,0,11,65.0,112.11821746826172,0,0,1,0,0,734.json,NotBuggy
3,0.37205275893211365,0.7016639276283193,0,0,0,1,1.89,0,1,20.0,130.07347106933594,0,1,0,0,0,3719.json,NotBuggy
3,0.3617204427719116,0.8132171547870696,0,0,0,1,1.89,0,1,18.0,130.7338104248047,0,0,0,0,0,3668.json,NotBuggy
3,0.6399453282356262,0.9131303662278861,0,0,0,1,1.89,0,1,15.0,132.25152587890625,0,0,0,0,0,4336.json,NotBuggy
5,0.7661678791046143,0.8560094365330505,1,1,2,2,2.99,0,1,26.0,120.20379638671875,0,1,0,0,0,4059.json,NotBuggy
3,0.9129460453987122,0.9538530435853977,0,0,0,1,1.89,0,0,12.0,133.59722900390625,0,0,0,0,0,5293.json,NotBuggy
3,0.016793694347143173,0.6318014170434504,0,0,0,1,1.89,0,1,22.0,129.47398376464844,0,1,0,0,0,2353.json,NotBuggy
5,0.5224382281303406,0.7607510959158014,1,1,2,2,2.99,1,3,27.0,119.80731201171875,0,1,0,0,0,3645.json,NotBuggy
3,0.8139974474906921,0.9546321098977464,0,0,0,1,1.89,0,0,12.0,133.59722900390625,0,0,0,0,0,4051.json,NotBuggy
3,0.3631613254547119,0.7438589317034032,0,0,0,1,1.89,0,1,19.0,130.34019470214844,0,0,0,0,0,3249.json,NotBuggy
8,0.09036695212125778,0.05210480743051266,0,0,0,2,2.67,1,3,55.0,107.7956771850586,1,0,3,0,0,6738.json,NotBuggy
3,0.24344076216220856,0.9414803503455914,0,0,0,1,1.89,0,0,12.0,133.59722900390625,0,0,0,0,0,4887.json,NotBuggy
5,0.3391225039958954,0.6683219586674957,1,1,2,2,2.99,1,3,27.0,119.80731201171875,0,1,0,0,0,3935.json,NotBuggy
14,4.0489868842996657E-4,1.4724642718160978E-6,2,2,4,5,6.27,4,4,119.0,93.41963958740234,0,0,4,0,0,6072.json,NotBuggy
3,0.7606024742126465,0.7831672866217363,0,0,0,1,1.89,0,0,20.0,130.07347106933594,0,2,0,0,0,1901.json,NotBuggy
3,0.6911425590515137,0.9497016174336921,0,0,0,1,1.89,0,0,12.0,133.59722900390625,0,0,0,0,0,4259.json,NotBuggy
3,0.005118012893944979,0.4922307735849459,0,0,0,1,1.89,0,1,28.0,128.1235809326172,0,2,0,0,0,3808.json,NotBuggy
3,0.23259267210960388,0.686914828500985,0,0,0,1,1.89,0,1,22.0,129.69032287597656,0,2,0,0,0,2288.json,NotBuggy
5,0.003422835376113653,0.18434296065374248,0,0,0,1,1.96,0,2,37.0,118.07197570800781,0,1,0,0,0,2868.json,NotBuggy
3,0.7936520576477051,0.9866017101944858,0,0,0,1,1.89,0,1,14.0,132.79563903808594,0,0,0,0,0,5139.json,NotBuggy
3,0.06332354247570038,0.8896080486379175,0,0,0,1,1.89,0,0,14.0,132.4454345703125,0,0,0,0,0,3588.json,NotBuggy
3,0.3455277979373932,0.7188065927227968,0,0,0,1,1.89,0,1,20.0,130.07347106933594,0,1,0,0,0,3805.json,NotBuggy
3,2.1173183631617576E-4,0.04612221654436295,0,0,0,1,1.89,0,4,43.0,125.56587982177734,0,2,0,0,0,1358.json,NotBuggy
17,0.0803581178188324,0.0025095349569887074,6,5,11,6,3.87,2,7,100.0,91.50373077392578,0,1,2,0,0,2958.json,NotBuggy
3,0.7436169385910034,0.9624850558187074,0,0,0,1,1.89,0,0,12.0,133.59722900390625,0,0,0,0,0,372.json,NotBuggy
20,7.530233124271035E-4,3.90337584947303E-5,2,4,6,5,3.46,1,12,125.0,87.7100830078125,0,2,2,0,0,889.json,NotBuggy
3,0.8139974474906921,0.9595892086409986,0,0,0,1,1.89,0,0,12.0,133.59722900390625,0,0,0,0,0,4771.json,NotBuggy
3,0.5558889508247375,0.8524580926679544,0,0,0,1,1.89,0,1,18.0,130.85629272460938,0,1,0,0,0,4594.json,NotBuggy
11,0.280597448348999,0.10308156018456048,4,3,7,4,3.95,2,4,63.0,101.52503204345703,0,1,1,0,0,750.json,NotBuggy
3,0.570178210735321,0.8675463089340174,0,0,0,1,1.89,0,0,17.0,131.03103637695312,0,2,0,0,0,1424.json,NotBuggy
5,0.5426720380783081,0.8345320274697643,0,0,0,2,2.99,1,1,26.0,120.09993743896484,0,1,1,0,0,2340.json,NotBuggy
3,0.4549112617969513,0.8643641450962217,0,0,0,1,1.89,0,1,19.0,130.57513427734375,0,1,0,0,0,5207.json,NotBuggy
3,0.8623520135879517,0.8102289100975963,0,0,0,1,1.89,0,0,17.0,131.28770446777344,0,1,0,0,0,6076.json,NotBuggy
3,0.6613287329673767,0.7380625822822506,0,0,0,1,1.89,0,1,19.0,130.57513427734375,0,0,0,0,0,6880.json,NotBuggy
17,0.10617781430482864,0.4754206703825829,3,5,8,6,3.87,2,3,68.0,93.79566955566406,0,1,0,0,0,733.json,NotBuggy
5,0.0456182137131691,0.3097469371986223,0,0,0,1,1.96,0,4,38.0,118.17041015625,0,2,0,0,0,375.json,NotBuggy
7,0.05490062013268471,0.08908025765072275,0,0,0,2,2.56,1,1,52.0,110.4219741821289,0,1,2,0,0,2331.json,NotBuggy
8,0.08799029886722565,0.01524979071510102,6,2,8,3,2.83,0,6,63.0,106.9710464477539,0,2,1,0,0,1573.json,NotBuggy
3,0.7099259495735168,0.9492229195912497,0,0,0,1,1.89,0,0,12.0,133.59722900390625,0,0,0,0,0,3494.json,NotBuggy
3,0.4467411935329437,0.7771528371070756,0,0,0,1,1.89,0,1,19.0,130.34019470214844,0,0,0,0,0,5289.json,NotBuggy
5,0.45083779096603394,0.7001742277472142,1,1,2,2,2.99,1,3,27.0,119.80731201171875,0,1,0,0,0,784.json,NotBuggy
3,0.7182751893997192,0.8886239353368546,0,0,0,1,1.89,0,0,15.0,131.9385528564453,0,0,0,0,0,3242.json,NotBuggy
12,0.01244925893843174,1.2212191214211444E-5,1,1,2,3,3.46,2,10,98.0,97.24065399169922,0,0,2,0,0,6962.json,NotBuggy
3,0.1377377063035965,0.9363233593529872,0,0,0,1,1.89,0,0,12.0,133.59722900390625,0,0,0,0,0,4471.json,NotBuggy
3,0.19739188253879547,0.6687540391669793,0,0,0,1,1.89,0,1,23.0,129.34671020507812,0,2,0,0,0,2165.json,NotBuggy
3,0.005341689568012953,0.37165694842489827,0,0,0,1,1.89,0,1,30.0,127.67500305175781,0,2,0,0,0,3737.json,NotBuggy
13,0.1674148440361023,0.004612103035706456,9,3,12,4,2.46,1,9,89.0,96.91558074951172,0,2,1,0,0,2067.json,NotBuggy
3,0.005118012893944979,0.4922307735849459,0,0,0,1,1.89,0,1,28.0,128.1235809326172,0,2,0,0,0,4093.json,NotBuggy
6,6.254689069464803E-4,0.027609569522598118,0,0,0,1,3.27,1,2,54.0,112.95296478271484,0,0,0,0,0,2384.json,NotBuggy
7,0.08310076594352722,0.23907082477078223,1,1,2,2,2.56,1,1,48.0,111.03765106201172,0,2,0,0,0,24.json,NotBuggy
3,0.08451098203659058,0.47539462872683924,0,0,0,1,1.89,0,1,26.0,128.50894165039062,0,2,0,0,0,1536.json,NotBuggy
3,0.4438048303127289,0.8639579172806937,0,0,0,1,1.89,0,0,15.0,132.25152587890625,0,0,0,0,0,6620.json,NotBuggy
3,0.37079477310180664,0.6603004042764152,0,0,0,1,1.89,0,1,22.0,129.47398376464844,0,2,0,0,0,1680.json,NotBuggy
3,0.22021840512752533,0.9525716694834048,0,0,0,1,1.89,0,0,12.0,133.59722900390625,0,0,0,0,0,3081.json,NotBuggy
3,0.27755632996559143,0.8413644097862225,0,0,0,1,1.89,0,0,18.0,130.85629272460938,0,0,0,0,0,4729.json,NotBuggy
15,0.0022552653681486845,3.7900465316920845E-5,3,4,7,5,3.52,1,12,113.0,92.93791961669922,0,2,2,0,0,875.json,NotBuggy
3,0.7398427128791809,0.8853560114487361,0,0,0,1,1.89,0,1,15.0,132.086669921875,0,0,0,0,0,6813.json,NotBuggy
5,0.41560637950897217,0.6728940737029414,1,1,2,2,2.99,1,3,27.0,119.80731201171875,0,1,0,0,0,3926.json,NotBuggy
10,0.4078632891178131,0.880138146902144,2,2,4,3,2.53,1,3,41.0,106.08629608154297,0,0,0,0,0,112.json,NotBuggy
4,0.030348902568221092,0.5958856815335581,0,0,0,1,2.0,0,2,28.0,123.66336059570312,0,2,0,0,0,3406.json,NotBuggy
3,0.1838928759098053,0.7303362829134481,0,0,0,1,1.89,0,1,22.0,129.69032287597656,0,2,0,0,0,2268.json,NotBuggy
3,0.6066315770149231,0.8005957302218072,0,0,0,1,1.89,0,0,19.0,130.34019470214844,0,2,0,0,0,1604.json,NotBuggy
3,0.2370443344116211,0.7179043126163663,0,0,0,1,1.89,0,1,21.0,129.7158966064453,0,0,0,0,0,4475.json,NotBuggy
3,0.18298213183879852,0.7266745891861425,0,0,0,1,1.89,0,1,22.0,129.69032287597656,0,2,0,0,0,2235.json,NotBuggy
34,9.112500702030957E-4,5.281835159127749E-10,5,8,13,7,3.55,2,13,207.0,75.53386688232422,0,2,5,0,0,6988.json,NotBuggy
3,0.3404235243797302,0.6928034875408984,0,0,0,1,1.89,0,1,20.0,130.07347106933594,0,1,0,0,0,4504.json,NotBuggy
3,0.1958373785018921,0.685325475733694,0,0,0,1,1.89,0,1,23.0,129.34671020507812,0,2,0,0,0,2137.json,NotBuggy
3,0.8882124423980713,0.9545784056054647,0,0,0,1,1.89,0,0,12.0,133.59722900390625,0,0,0,0,0,5547.json,NotBuggy
3,0.9317311644554138,0.9778493955798757,0,0,0,1,1.89,0,0,12.0,133.59722900390625,0,0,0,0,0,242.json,NotBuggy
4,0.0021923803724348545,0.28233458704720954,0,0,0,1,2.0,0,4,36.0,122.15628814697266,0,2,0,0,0,1446.json,NotBuggy
3,0.2984488308429718,0.7971011147320157,0,0,0,1,1.89,0,1,19.0,130.34019470214844,0,0,0,0,0,2977.json,NotBuggy
6,3.4877678263001144E-4,4.92046830127974E-4,0,0,0,1,1.89,0,2,72.0,111.08979034423828,0,5,2,0,0,272.json,NotBuggy
3,1.059714995790273E-4,0.2828839427919332,0,0,0,1,1.89,0,1,33.0,127.17938995361328,0,2,0,0,0,3807.json,NotBuggy
3,0.21199169754981995,0.6713146006671891,0,0,0,1,1.89,0,1,23.0,129.34671020507812,0,2,0,0,0,2132.json,NotBuggy
3,0.7504523992538452,0.9506826016418934,0,0,0,1,1.89,0,0,12.0,133.59722900390625,0,0,0,0,0,343.json,NotBuggy
3,0.501125693321228,0.9491471409686664,0,0,0,1,1.89,0,0,12.0,133.59722900390625,0,0,0,0,0,4204.json,NotBuggy
3,0.6786988377571106,0.9596109590853419,0,0,0,1,1.89,0,0,12.0,133.59722900390625,0,0,0,0,0,3783.json,NotBuggy
12,0.1643437147140503,0.00921075375003412,5,3,8,4,4.85,3,3,73.0,98.97126007080078,0,2,3,0,0,97.json,NotBuggy
3,0.5336528420448303,0.9520586311338648,0,0,0,1,1.89,0,0,12.0,133.59722900390625,0,0,0,0,0,6711.json,NotBuggy
3,1.059714995790273E-4,0.2828839427919332,0,0,0,1,1.89,0,1,33.0,127.17938995361328,0,2,0,0,0,4345.json,NotBuggy
3,0.4076825976371765,0.952836297288647,0,0,0,1,1.89,0,0,12.0,133.59722900390625,0,0,0,0,0,763.json,NotBuggy
2,0.5471019148826599,0.8709776134593483,0,0,0,1,0.0,0,0,14.0,139.0139617919922,0,2,0,0,0,2226.json,NotBuggy
3,0.3153530955314636,0.7687264183566046,0,0,0,1,1.89,0,1,18.0,130.7338104248047,0,0,0,0,0,3195.json,NotBuggy
3,0.6221574544906616,0.7872312651973361,0,0,0,1,1.89,0,0,19.0,130.57513427734375,0,0,0,0,0,801.json,NotBuggy
15,0.1938757449388504,0.02438253446686552,7,5,12,6,2.22,1,7,84.0,94.49009704589844,1,1,1,0,0,6929.json,NotBuggy
3,0.427751362323761,0.8107766185063107,0,0,0,1,1.89,0,2,17.0,131.28770446777344,0,0,0,0,0,3941.json,NotBuggy
3,0.9205911755561829,0.9533542618527321,0,0,0,1,1.89,0,0,12.0,133.59722900390625,0,0,0,0,0,4176.json,NotBuggy
9,0.0,1.6192969203281346E-4,4,5,9,3,2.67,1,10,88.0,103.06373596191406,0,2,0,0,0,193.json,NotBuggy
6,0.988659679889679,0.15478514581082414,3,3,6,3,1.89,0,3,50.0,112.8931655883789,0,1,1,0,0,5413.json,NotBuggy
3,0.006386059336364269,0.11030886999351902,0,0,0,1,1.89,0,3,35.0,126.56620788574219,0,3,0,0,0,5666.json,NotBuggy
12,0.006161646451801062,1.3036731487964793E-4,12,4,16,5,2.75,0,12,99.0,97.37866973876953,0,2,1,0,0,1625.json,NotBuggy
20,4.4154998613521457E-4,3.830215544411564E-6,3,5,8,6,3.46,1,15,138.0,86.9655990600586,0,2,2,0,0,852.json,NotBuggy
3,4.480192728806287E-4,0.06008165692705062,1,1,2,2,1.89,0,5,41.0,125.51344299316406,0,2,0,0,0,1357.json,NotBuggy
3,0.759680449962616,0.7690842963865436,0,0,0,1,1.89,0,0,20.0,130.07347106933594,0,2,0,0,0,1857.json,NotBuggy
3,0.3686913847923279,0.713364007627361,0,0,0,1,1.89,0,1,20.0,130.07347106933594,0,1,0,0,0,639.json,NotBuggy
9,0.11063423752784729,0.2787218666880918,1,1,2,3,4.62,2,3,45.0,106.87250518798828,0,1,1,0,0,5443.json,NotBuggy
5,0.26087453961372375,0.6609457273233935,1,1,2,2,2.99,1,3,27.0,119.80731201171875,0,1,0,0,0,3910.json,NotBuggy
3,0.5798224210739136,0.8962610291076796,0,0,0,1,1.89,0,1,15.0,132.25152587890625,0,0,0,0,0,6842.json,NotBuggy
3,0.9678533673286438,0.9733449512129473,0,0,0,1,1.89,0,0,12.0,133.59722900390625,0,0,0,0,0,5621.json,NotBuggy
6,0.6554362773895264,0.7677433737076953,1,1,2,2,2.75,1,3,32.0,115.88042449951172,0,0,0,0,0,110.json,NotBuggy
3,0.6754066944122314,0.9414480969967258,0,0,0,1,1.89,0,0,12.0,133.59722900390625,0,0,0,0,0,2761.json,NotBuggy
3,0.2151944786310196,0.7157224062440503,0,0,0,1,1.89,0,1,22.0,129.69032287597656,0,2,0,0,0,2275.json,NotBuggy
3,0.35142484307289124,0.6696230135932805,0,0,0,1,1.89,0,1,22.0,129.47398376464844,0,2,0,0,0,1659.json,NotBuggy
3,0.28507691621780396,0.33586407525569334,0,0,0,1,1.89,0,0,26.0,128.3351287841797,0,2,0,0,0,6280.json,NotBuggy
3,0.6739360690116882,0.8740309414710338,0,0,0,1,1.89,0,1,15.0,132.086669921875,0,0,0,0,0,6581.json,NotBuggy
9,0.11559052765369415,0.11175089281345595,1,2,3,3,2.67,1,4,55.0,105.89199829101562,0,1,0,0,0,5718.json,NotBuggy
3,0.16010767221450806,0.9469691577727614,0,0,0,1,1.89,0,0,12.0,133.59722900390625,0,0,0,0,0,4169.json,NotBuggy
3,0.03194866701960564,0.31545321812881855,0,0,0,1,1.89,0,1,28.0,127.79666137695312,0,2,0,0,0,5849.json,NotBuggy
3,0.48752325773239136,0.8652433076385201,0,0,0,1,1.89,0,1,15.0,132.25152587890625,0,0,0,0,0,6108.json,NotBuggy
3,0.5457502603530884,0.7659663013528516,0,0,0,1,1.89,0,1,21.0,129.93223571777344,0,0,0,0,0,3836.json,NotBuggy
3,2.427857689326629E-4,0.030288081443054626,0,0,0,1,1.89,0,4,45.0,125.25936889648438,0,2,0,0,0,960.json,NotBuggy
3,0.5256527066230774,0.766425569999733,0,0,0,1,1.89,0,0,18.0,130.85629272460938,0,0,0,0,0,6639.json,NotBuggy
3,0.8344013094902039,0.8627126626043121,0,0,0,1,1.89,0,0,16.0,131.75106811523438,0,0,0,0,0,6950.json,NotBuggy
11,0.03357933089137077,0.011998692160616723,4,3,7,4,3.95,2,4,72.0,100.62635803222656,0,2,1,0,0,4469.json,NotBuggy
6,0.19746343791484833,0.24576302919675225,0,0,0,1,1.81,0,3,41.0,114.51445770263672,1,2,1,0,0,4867.json,NotBuggy
3,0.2206915318965912,0.6922431759346079,0,0,0,1,1.89,0,1,23.0,129.34671020507812,0,2,0,0,0,2164.json,NotBuggy
5,0.42937347292900085,0.7419700536526604,1,1,2,2,2.99,1,3,27.0,119.80731201171875,0,1,0,0,0,3641.json,NotBuggy
3,0.8602582216262817,0.9667004755908363,0,0,0,1,1.89,0,0,12.0,133.59722900390625,0,0,0,0,0,4332.json,NotBuggy
3,0.9015272855758667,0.6778285440901378,0,0,0,1,1.89,0,1,21.0,129.81976318359375,0,0,0,0,0,6864.json,NotBuggy
3,0.4507136046886444,0.9164018227839322,0,0,0,1,1.89,0,0,14.0,132.4454345703125,0,0,0,0,0,3333.json,NotBuggy
3,0.9192651510238647,0.9342778882031526,0,0,0,1,1.89,0,0,13.0,132.9956512451172,0,0,0,0,0,5555.json,NotBuggy
3,0.8139974474906921,0.9559835322031153,0,0,0,1,1.89,0,0,12.0,133.59722900390625,0,0,0,0,0,4423.json,NotBuggy
3,0.7531834244728088,0.8880800615510245,0,0,0,1,1.89,0,0,17.0,131.03103637695312,0,2,0,0,0,1267.json,NotBuggy
11,0.014635389670729637,0.012696066272736947,1,2,3,3,3.0,2,2,66.0,101.1350326538086,0,1,2,0,0,121.json,NotBuggy
3,0.8359097242355347,0.9266595328377056,0,0,0,1,1.89,0,0,14.0,132.4454345703125,0,0,0,0,0,3102.json,NotBuggy
14,0.5891507267951965,0.731377119696886,2,4,6,5,3.25,2,1,58.0,98.28771209716797,0,2,0,0,0,2031.json,NotBuggy
11,0.5737589597702026,0.7283682376714853,2,3,5,4,3.95,2,2,47.0,103.3649673461914,0,1,0,0,0,4319.json,NotBuggy
3,0.02802092581987381,0.5276223115499101,0,0,0,1,1.89,0,2,25.0,128.8092498779297,0,2,0,0,0,1482.json,NotBuggy
3,0.5336329936981201,0.9515385624624791,0,0,0,1,1.89,0,0,12.0,133.59722900390625,0,0,0,0,0,2760.json,NotBuggy
3,0.5455401539802551,0.9002204787716117,0,0,0,1,1.89,0,0,14.0,132.61029052734375,0,0,0,0,0,3882.json,NotBuggy
3,0.6221574544906616,0.8080204673347998,0,0,0,1,1.89,0,0,19.0,130.57513427734375,0,0,0,0,0,802.json,NotBuggy
9,0.0022585769183933735,0.007828701875093715,1,1,2,2,1.83,1,3,65.0,105.01890563964844,0,3,1,0,0,5862.json,NotBuggy
3,0.34774330258369446,0.6656494499369588,0,0,0,1,1.89,0,1,22.0,129.47398376464844,0,2,0,0,0,1701.json,NotBuggy
11,0.24755965173244476,0.1014911628269376,4,3,7,4,3.95,2,4,63.0,101.52503204345703,0,1,1,0,0,3077.json,NotBuggy
3,0.7728284597396851,0.9389563452343979,0,0,0,1,1.89,0,0,14.0,132.61029052734375,0,0,0,0,0,756.json,NotBuggy
3,0.5312091112136841,0.9216427417190264,0,0,0,1,1.89,0,0,14.0,132.61029052734375,0,0,0,0,0,3633.json,NotBuggy
9,0.001263812300749123,0.061320403362410195,1,1,2,2,2.27,0,4,56.0,105.96532440185547,0,1,0,0,0,4333.json,NotBuggy
6,0.29757025837898254,0.7884387199333746,1,1,2,2,2.75,1,2,28.0,116.97730255126953,0,0,0,0,0,4576.json,NotBuggy
3,0.10141178220510483,0.8962990474688652,0,0,0,1,1.89,0,0,14.0,132.4454345703125,0,0,0,0,0,2777.json,NotBuggy
3,0.20774318277835846,0.6524294232253952,0,0,0,1,1.89,0,1,23.0,129.34671020507812,0,2,0,0,0,2193.json,NotBuggy
3,0.0,0.002573264971904718,0,0,0,1,1.89,0,6,60.0,123.69705200195312,0,2,0,0,0,1019.json,NotBuggy
3,0.7709447145462036,0.7866046227386968,0,0,0,1,1.89,0,0,20.0,130.07347106933594,0,2,0,0,0,1864.json,NotBuggy
3,0.20774318277835846,0.6749238522694458,0,0,0,1,1.89,0,1,23.0,129.34671020507812,0,2,0,0,0,2185.json,NotBuggy
7,0.04320036619901657,0.09085858199715269,1,1,2,2,3.96,1,5,49.0,110.61402893066406,0,1,0,0,0,2364.json,NotBuggy
37,0.0,3.487986950632676E-9,19,17,36,10,4.26,3,40,282.0,71.52871704101562,0,1,4,0,0,5735.json,NotBuggy
20,8.437477517873049E-4,4.056170772651022E-5,2,4,6,5,3.46,1,12,125.0,87.7100830078125,0,2,2,0,0,856.json,NotBuggy
8,0.005201167892664671,0.11130627732519605,1,1,2,2,2.4,1,4,50.0,108.46271514892578,0,2,0,0,0,5203.json,NotBuggy
8,0.06281935423612595,0.03994794483420835,2,1,3,2,3.97,2,4,55.0,107.7956771850586,0,1,0,0,0,3352.json,NotBuggy
3,0.7651866674423218,0.6142331780205964,0,0,0,1,1.89,0,0,21.0,129.7158966064453,0,1,0,0,0,5665.json,NotBuggy
3,0.36857765913009644,0.8899352889179852,0,0,0,1,1.89,0,0,14.0,132.4454345703125,0,0,0,0,0,4395.json,NotBuggy
3,0.6630216836929321,0.9361986809804053,0,0,0,1,1.89,0,1,15.0,132.25152587890625,0,0,0,0,0,545.json,NotBuggy
7,0.8391727805137634,0.8766486783947227,0,0,0,1,5.42,0,0,31.0,114.06831359863281,0,0,0,0,0,5748.json,NotBuggy
3,0.0,0.10932477528244494,0,0,0,1,1.89,0,3,37.0,126.42160034179688,0,2,0,0,0,2377.json,NotBuggy
3,0.3359077274799347,0.6654481431067,0,0,0,1,1.89,0,1,22.0,129.47398376464844,0,2,0,0,0,1719.json,NotBuggy
3,0.009557225741446018,0.15169354217355877,0,0,0,1,1.89,0,5,34.0,126.94014739990234,0,1,0,0,0,6288.json,NotBuggy
3,0.6183514595031738,0.7855815233476304,0,0,0,1,1.89,0,1,21.0,129.93223571777344,0,0,0,0,0,752.json,NotBuggy
3,0.791654109954834,0.9583676536550002,0,0,0,1,1.89,0,0,12.0,133.59722900390625,0,0,0,0,0,3804.json,NotBuggy
3,0.45278602838516235,0.8076716855934952,0,0,0,1,1.89,0,0,19.0,130.34019470214844,0,2,0,0,0,990.json,NotBuggy
18,0.15577499568462372,0.0025030086386037776,4,3,7,5,4.85,3,1,90.0,90.80077362060547,0,2,4,0,0,5867.json,NotBuggy
11,0.07875723391771317,0.006781592254051674,2,2,4,3,2.31,1,2,75.0,100.59811401367188,0,2,2,0,0,5417.json,NotBuggy
3,0.7642935514450073,0.9462089837072868,0,0,0,1,1.89,0,0,12.0,133.59722900390625,0,0,0,0,0,4563.json,NotBuggy
3,0.558075487613678,0.7516156415443854,0,0,0,1,1.89,0,1,21.0,129.93223571777344,0,0,0,0,0,3503.json,NotBuggy
5,0.3391225039958954,0.6546001501041494,1,1,2,2,2.99,1,3,27.0,119.80731201171875,0,1,0,0,0,3180.json,NotBuggy
3,0.19381311535835266,0.7153367283683908,0,0,0,1,1.89,0,1,22.0,129.69032287597656,0,2,0,0,0,2276.json,NotBuggy
3,0.15201641619205475,0.934633631640256,0,0,0,1,1.89,0,0,12.0,133.59722900390625,0,0,0,0,0,4352.json,NotBuggy
3,0.7470922470092773,0.9592933879109324,0,0,0,1,1.89,0,0,12.0,133.59722900390625,0,0,0,0,0,4408.json,NotBuggy
3,0.22421273589134216,0.7250949108312341,0,0,0,1,1.89,0,1,22.0,129.69032287597656,0,2,0,0,0,2248.json,NotBuggy
3,0.7682546973228455,0.7894123519746579,0,0,0,1,1.89,0,0,20.0,130.07347106933594,0,2,0,0,0,1832.json,NotBuggy
3,0.40830516815185547,0.6652394737983364,0,0,0,1,1.89,0,1,22.0,129.47398376464844,0,2,0,0,0,1661.json,NotBuggy
4,0.6535291075706482,0.8807565283266732,0,0,0,1,2.0,0,1,20.0,125.64796447753906,0,1,0,0,0,3372.json,NotBuggy
3,0.6351636052131653,0.9069109860300156,0,0,0,1,1.89,0,0,17.0,131.28770446777344,0,1,0,0,0,3006.json,NotBuggy
3,0.0,0.11027892081856099,0,0,0,1,1.89,0,0,38.0,126.13856506347656,0,4,0,0,0,395.json,NotBuggy
5,0.7661678791046143,0.8560094365330505,1,1,2,2,2.99,0,1,26.0,120.20379638671875,0,1,0,0,0,3428.json,NotBuggy
5,0.7661678791046143,0.8560094365330505,1,1,2,2,2.99,0,1,26.0,120.20379638671875,0,1,0,0,0,4084.json,NotBuggy
5,0.7661678791046143,0.8560094365330505,1,1,2,2,2.99,0,1,26.0,120.20379638671875,0,1,0,0,0,3998.json,NotBuggy
7,0.031454555690288544,0.04351477223670053,0,0,0,2,2.56,1,2,51.0,110.29943084716797,0,0,2,0,0,6682.json,NotBuggy
6,0.18437977135181427,0.1150021073247533,3,1,4,2,2.75,0,3,45.0,113.6710433959961,0,2,1,0,0,1602.json,NotBuggy
3,0.19082090258598328,0.7289723787199233,0,0,0,1,1.89,0,1,22.0,129.69032287597656,0,2,0,0,0,2243.json,NotBuggy
3,0.354890376329422,0.6434051142820115,0,0,0,1,1.89,0,1,22.0,129.47398376464844,0,2,0,0,0,1650.json,NotBuggy
6,0.9570090770721436,0.13275737599431373,3,3,6,3,1.89,0,3,50.0,112.8931655883789,0,1,1,0,0,5671.json,NotBuggy
6,0.970497190952301,0.9513335910865625,0,0,0,1,5.5,0,0,26.0,117.59266662597656,0,0,0,0,0,5726.json,NotBuggy
24,0.0,1.1998893535611479E-9,3,4,7,7,4.57,3,22,180.0,82.07595825195312,0,1,5,0,0,6048.json,NotBuggy
3,0.34774330258369446,0.6534834812180567,0,0,0,1,1.89,0,1,22.0,129.47398376464844,0,2,0,0,0,1648.json,NotBuggy
3,0.775556743144989,0.786521912472032,0,0,0,1,1.89,0,0,20.0,130.07347106933594,0,2,0,0,0,1891.json,NotBuggy
7,0.0015166475204750896,0.003401651559798484,0,0,0,1,1.81,0,15,66.0,109.04500579833984,0,0,1,0,0,667.json,NotBuggy
3,0.7652891278266907,0.9429553591489591,0,0,0,1,1.89,0,1,15.0,132.25152587890625,0,0,0,0,0,5099.json,NotBuggy
3,0.9463393688201904,0.9704564398041274,0,0,0,1,1.89,0,0,12.0,133.59722900390625,0,0,0,0,0,3202.json,NotBuggy
3,0.6786988377571106,0.953776303284374,0,0,0,1,1.89,0,0,12.0,133.59722900390625,0,0,0,0,0,4385.json,NotBuggy
8,0.02605082280933857,0.023616058786125327,2,1,3,3,3.87,2,7,57.0,107.27796173095703,0,1,1,0,0,4896.json,NotBuggy
3,0.8737342953681946,0.9628274443610076,0,0,0,1,1.89,0,0,12.0,133.59722900390625,0,0,0,0,0,5264.json,NotBuggy
12,0.0047883824445307255,1.3428339470567425E-4,12,4,16,5,2.75,0,12,99.0,97.42855834960938,0,2,1,0,0,1586.json,NotBuggy
8,0.055999673902988434,0.4417007472561463,1,1,2,2,2.83,1,5,41.0,109.76836395263672,0,0,1,0,0,6033.json,NotBuggy
3,0.22289595007896423,0.6764687114971593,0,0,0,1,1.89,0,1,23.0,129.34671020507812,0,2,0,0,0,2173.json,NotBuggy
7,0.006228657439351082,0.00771460513939215,0,0,0,1,1.81,0,5,58.0,109.71691131591797,0,2,1,0,0,2404.json,NotBuggy
5,0.043648991733789444,0.11918597842392496,0,0,0,1,2.71,0,5,40.0,117.40723419189453,0,0,0,0,0,6521.json,NotBuggy
3,0.7780504822731018,0.9184588959180733,0,0,0,1,1.89,0,1,15.0,132.25152587890625,0,0,0,0,0,5394.json,NotBuggy
3,0.3394993245601654,0.7337606767282195,0,0,0,1,1.89,0,1,20.0,130.07347106933594,0,1,0,0,0,2935.json,NotBuggy
3,0.46554258465766907,0.4987486121306888,0,0,0,1,1.89,0,0,23.0,129.05665588378906,0,2,0,0,0,6003.json,NotBuggy
3,0.7101598381996155,0.7981934018414646,0,0,0,1,1.89,0,3,18.0,130.99049377441406,0,0,0,0,0,4555.json,NotBuggy
3,0.44631993770599365,0.9669135720145986,0,0,0,1,2.0,0,0,11.0,134.26058959960938,0,0,0,0,0,407.json,NotBuggy
3,0.7504523992538452,0.9506826016418934,0,0,0,1,1.89,0,0,12.0,133.59722900390625,0,0,0,0,0,352.json,NotBuggy
3,0.0,0.003739596978374079,1,1,2,2,1.89,0,7,56.0,123.64588928222656,0,2,0,0,0,1348.json,NotBuggy
3,0.7709447145462036,0.7829447101414819,0,0,0,1,1.89,0,0,20.0,130.07347106933594,0,2,0,0,0,1882.json,NotBuggy
3,0.309490829706192,0.8943991943266625,0,0,0,1,1.89,0,0,14.0,132.4454345703125,0,0,0,0,0,3837.json,NotBuggy
3,0.3279343843460083,0.7921986031823792,0,0,0,1,1.89,0,1,18.0,130.7338104248047,0,0,0,0,0,3944.json,NotBuggy
3,0.8352776169776917,0.9596939453531271,0,0,0,1,1.89,0,0,12.0,133.59722900390625,0,0,0,0,0,6240.json,NotBuggy
3,0.5945666432380676,0.7538498887404664,0,0,0,1,1.89,0,1,21.0,129.93223571777344,0,0,0,0,0,3473.json,NotBuggy
3,0.39581018686294556,0.7996395557384964,0,0,0,1,1.89,0,1,18.0,130.7338104248047,0,0,0,0,0,3670.json,NotBuggy
3,0.19376085698604584,0.43302770027977,0,0,0,1,1.89,0,2,27.0,128.31268310546875,0,2,0,0,0,992.json,NotBuggy
3,0.41005846858024597,0.8233455742725379,0,0,0,1,1.89,0,1,18.0,130.7338104248047,0,0,0,0,0,3671.json,NotBuggy
5,0.541682243347168,0.7354854178038435,1,1,2,2,2.99,1,3,27.0,119.80731201171875,0,1,0,0,0,3914.json,NotBuggy
3,0.8254198431968689,0.9816664037768178,0,0,0,1,1.89,0,1,15.0,132.25152587890625,0,0,0,0,0,6094.json,NotBuggy
3,0.01986188068985939,0.541643218836546,0,0,0,1,1.89,0,2,25.0,128.8092498779297,0,2,0,0,0,1507.json,NotBuggy
3,0.2917848825454712,0.8869745530857843,0,0,0,1,1.89,0,0,14.0,132.4454345703125,0,0,0,0,0,738.json,NotBuggy
5,0.7661678791046143,0.8560094365330505,1,1,2,2,2.99,0,1,26.0,120.20379638671875,0,1,0,0,0,4199.json,NotBuggy
6,0.17616161704063416,0.3186472327588641,0,0,0,1,1.89,0,1,42.0,114.78617095947266,0,1,1,0,0,5685.json,NotBuggy
3,0.41396424174308777,0.8716896609580497,0,0,0,1,1.89,0,1,15.0,132.25152587890625,0,0,0,0,0,6181.json,NotBuggy
3,0.7578468918800354,0.9576611595007876,0,0,0,1,1.89,0,0,12.0,133.59722900390625,0,0,0,0,0,6622.json,NotBuggy
3,0.24947580695152283,0.6749536777267928,0,0,0,1,1.89,0,1,23.0,129.34671020507812,0,2,0,0,0,2131.json,NotBuggy
3,0.9674592018127441,0.9219488071185632,0,0,0,1,1.89,0,0,13.0,132.9956512451172,0,0,0,0,0,5350.json,NotBuggy
23,8.861369569785893E-4,3.295298818715565E-13,7,6,13,7,3.04,2,18,203.0,81.57392120361328,0,3,6,0,0,6450.json,NotBuggy
3,0.9080740213394165,0.9512581816858796,0,0,0,1,1.89,0,0,12.0,133.59722900390625,0,0,0,0,0,3684.json,NotBuggy
3,0.37770187854766846,0.7754183891654621,0,0,0,1,1.89,0,1,19.0,130.34019470214844,0,0,0,0,0,3806.json,NotBuggy
3,0.1050647720694542,0.908722662512183,0,0,0,1,1.89,0,0,14.0,132.61029052734375,0,0,0,0,0,3032.json,NotBuggy
3,0.7578468918800354,0.95792425385371,0,0,0,1,1.89,0,0,12.0,133.59722900390625,0,0,0,0,0,6164.json,NotBuggy
3,0.8633283376693726,0.9584507057260637,0,0,0,1,1.89,0,0,12.0,133.59722900390625,0,0,0,0,0,4219.json,NotBuggy
3,0.9520794153213501,0.8125911631167462,0,0,0,1,1.89,0,0,18.0,130.99049377441406,0,0,0,0,0,4792.json,NotBuggy
14,0.001526241423562169,2.461820888833824E-6,2,2,4,4,3.09,2,4,117.0,93.73777770996094,0,0,3,0,0,6104.json,NotBuggy
3,0.19176150858402252,0.7358718648183772,0,0,0,1,1.89,0,1,22.0,129.69032287597656,0,2,0,0,0,2233.json,NotBuggy
3,0.36099931597709656,0.7895063230147205,0,0,0,1,1.89,0,1,18.0,130.7338104248047,0,0,0,0,0,3662.json,NotBuggy
9,0.36194151639938354,0.22772915740681962,0,0,0,2,2.67,1,2,49.0,106.59980010986328,0,1,1,0,0,292.json,NotBuggy
3,0.0,2.9194050871172555E-6,0,0,0,1,1.89,0,12,100.0,120.86083221435547,0,2,0,0,0,1366.json,NotBuggy
3,0.33352750539779663,0.7102685901169264,0,0,0,1,1.89,0,2,20.0,130.18594360351562,0,0,0,0,0,6520.json,NotBuggy
3,0.4687323272228241,0.7584493434599585,0,0,0,1,1.89,0,0,18.0,130.85629272460938,0,0,0,0,0,6118.json,NotBuggy
3,0.31558364629745483,0.93851918044996,0,0,0,1,1.89,0,0,12.0,133.59722900390625,0,0,0,0,0,5032.json,NotBuggy
3,0.8771538138389587,0.7944673697322039,0,0,0,1,1.89,0,0,19.0,130.236328125,0,1,0,0,0,334.json,NotBuggy
3,0.9248546957969666,0.9556175051183575,0,0,0,1,1.89,0,0,12.0,133.59722900390625,0,0,0,0,0,3424.json,NotBuggy
3,0.6761578917503357,0.9389217905977827,0,0,0,1,1.89,0,0,12.0,133.59722900390625,0,0,0,0,0,5396.json,NotBuggy
3,0.005351154133677483,0.05091158285941616,0,0,0,1,1.89,0,4,39.0,126.00349426269531,0,1,0,0,0,6350.json,NotBuggy
8,0.9058101773262024,0.019742040634141568,7,5,12,5,1.73,0,3,68.0,106.05683898925781,0,1,1,0,0,5372.json,NotBuggy
3,0.7604530453681946,0.8750793163077609,0,0,0,1,1.89,0,0,17.0,131.03103637695312,0,2,0,0,0,1323.json,NotBuggy
3,0.6298514008522034,0.8144947337529359,0,0,0,1,1.89,0,1,18.0,130.99049377441406,0,0,0,0,0,4924.json,Buggy
3,0.8908436298370361,0.8218511233337732,0,0,0,1,1.89,0,0,21.0,130.18890380859375,0,2,0,0,0,555.json,NotBuggy
3,0.4404221177101135,0.649291203039295,0,0,0,1,1.89,0,1,22.0,129.47398376464844,0,2,0,0,0,1657.json,NotBuggy
3,0.39091551303863525,0.8617367409819191,0,0,0,1,1.89,0,0,15.0,132.25152587890625,0,0,0,0,0,5393.json,NotBuggy
6,0.9494919180870056,0.02903895045668789,4,4,8,4,1.89,0,3,58.0,111.77442932128906,0,1,1,0,0,379.json,NotBuggy
3,0.3422754406929016,0.7176042745291202,0,0,0,1,1.89,0,1,20.0,130.07347106933594,0,1,0,0,0,3083.json,NotBuggy
3,0.8680657148361206,0.9439916185225065,0,0,0,1,1.89,0,0,14.0,132.61029052734375,0,0,0,0,0,3607.json,NotBuggy
3,0.04942294955253601,0.4034998240968573,0,0,0,1,1.89,0,2,27.0,128.0600128173828,0,1,0,0,0,122.json,NotBuggy
3,0.8420180082321167,0.9489502674668067,0,0,0,1,1.89,0,0,12.0,133.59722900390625,0,0,0,0,0,4546.json,NotBuggy
7,0.012797069735825062,0.003785357136440055,2,1,3,2,2.56,1,3,65.0,108.89440155029297,0,2,1,0,0,3350.json,NotBuggy
3,0.7900044918060303,0.7895637611587267,0,0,0,1,1.89,0,0,20.0,130.07347106933594,0,2,0,0,0,1847.json,NotBuggy
7,0.0894080251455307,0.21325536726395328,0,0,0,2,2.56,1,2,43.0,111.41020202636719,0,0,2,0,0,5781.json,NotBuggy
3,0.09144601970911026,0.548568326754119,0,0,0,1,1.89,0,2,25.0,128.8092498779297,0,2,0,0,0,6360.json,NotBuggy
3,0.421957790851593,0.9027654964158188,0,0,0,1,1.89,0,0,14.0,132.61029052734375,0,0,0,0,0,3627.json,NotBuggy
3,0.03100087307393551,0.9158884101160067,0,0,0,1,1.89,0,0,12.0,133.59722900390625,0,0,0,0,0,4231.json,NotBuggy
3,0.3530349135398865,0.6079270575914844,0,0,0,1,1.89,0,1,22.0,129.37762451171875,0,1,0,0,0,1343.json,NotBuggy
3,0.5455740690231323,0.9170119626145686,0,0,0,1,1.89,0,1,15.0,132.25152587890625,0,0,0,0,0,5672.json,NotBuggy
5,0.8456047177314758,0.9089361302819744,0,0,0,1,5.43,0,0,21.0,121.77933502197266,0,0,0,0,0,6170.json,NotBuggy
3,0.19082090258598328,0.7249833534662624,0,0,0,1,1.89,0,1,22.0,129.69032287597656,0,2,0,0,0,2299.json,NotBuggy
3,0.5292868614196777,0.9024025233263477,0,0,0,1,1.89,0,2,16.0,131.91592407226562,0,0,0,0,0,6718.json,NotBuggy
3,0.14890259504318237,0.8279603817434982,0,0,0,1,1.89,0,0,17.0,131.03103637695312,0,0,0,0,0,66.json,NotBuggy
3,0.41396424174308777,0.8716896609580497,0,0,0,1,1.89,0,1,15.0,132.25152587890625,0,0,0,0,0,6107.json,NotBuggy
15,9.190976270474494E-4,3.948300167180209E-8,2,2,4,3,6.73,3,16,131.0,91.91829681396484,0,1,3,0,0,5028.json,NotBuggy
3,0.2559247612953186,0.6820437900588501,0,0,0,1,1.89,0,1,22.0,129.69032287597656,0,2,0,0,0,2256.json,NotBuggy
3,0.6958160996437073,0.9343731848426967,0,0,0,1,1.89,0,0,12.0,133.59722900390625,0,0,0,0,0,6932.json,NotBuggy
3,0.6887844204902649,0.867102782617798,0,0,0,1,0.94,0,0,14.0,132.4454345703125,0,1,0,0,0,6259.json,NotBuggy
14,0.00830837618559599,3.230302949282517E-4,7,4,11,5,3.18,2,11,97.0,94.89373016357422,0,2,1,0,0,5815.json,NotBuggy
3,0.34287360310554504,0.7169131931647804,0,0,0,1,1.89,0,1,19.0,130.34019470214844,0,0,0,0,0,3215.json,NotBuggy
3,0.8837198615074158,0.908876740607576,0,0,0,1,1.89,0,1,14.0,132.61029052734375,0,0,0,0,0,5495.json,NotBuggy
3,0.342165470123291,0.9000116327727442,0,0,0,1,1.89,0,0,14.0,132.4454345703125,0,0,0,0,0,604.json,NotBuggy
3,0.9080740213394165,0.952111691770779,0,0,0,1,1.89,0,0,12.0,133.59722900390625,0,0,0,0,0,4480.json,NotBuggy
24,5.707044620066881E-4,1.8853728393757745E-11,6,8,14,6,4.43,3,14,206.0,81.30644989013672,0,3,3,0,0,5122.json,NotBuggy
3,0.003958645276725292,0.27894827432601194,0,0,0,1,1.89,0,3,30.0,127.59099578857422,0,2,0,0,0,1529.json,NotBuggy
23,3.5287137143313885E-4,5.99949960977937E-7,8,7,15,8,3.77,2,10,154.0,83.59037017822266,0,2,3,0,0,2995.json,NotBuggy
57,0.0,4.119349698178602E-16,11,12,23,13,6.62,6,28,314.0,63.20536422729492,0,2,6,0,0,3383.json,Buggy
3,0.47563931345939636,0.638521096353697,0,0,0,1,1.89,0,1,23.0,129.2428436279297,0,1,0,0,0,715.json,NotBuggy
4,0.3331659734249115,0.47976826037133863,1,1,2,2,3.32,0,2,28.0,122.98045349121094,0,1,0,0,0,2383.json,NotBuggy
11,0.07797028869390488,0.0612356657562929,2,1,3,2,3.09,1,3,64.0,101.52503967285156,0,2,1,0,0,5038.json,NotBuggy
3,0.8892171382904053,0.9756468536185903,0,0,0,1,1.89,0,0,12.0,133.59722900390625,0,0,0,0,0,3359.json,NotBuggy
11,0.1890399307012558,0.11100513827585216,4,3,7,4,3.95,2,4,63.0,101.52503204345703,0,1,1,0,0,682.json,NotBuggy
3,0.005118012893944979,0.4922307735849459,0,0,0,1,1.89,0,1,28.0,128.1235809326172,0,2,0,0,0,4133.json,NotBuggy
5,0.501075267791748,0.6284338542978166,0,0,0,1,1.96,0,2,31.0,119.41529846191406,0,0,1,0,0,5721.json,NotBuggy
27,2.0701720495708287E-4,1.583002233880454E-5,5,7,12,8,2.92,2,14,138.0,81.28874206542969,1,1,2,0,0,5703.json,NotBuggy
3,1.757222635205835E-4,0.04976345694138172,0,0,0,1,1.89,0,4,43.0,125.56587982177734,0,2,0,0,0,1412.json,NotBuggy
15,0.0787275955080986,4.583207905449229E-6,1,2,3,4,3.52,2,7,109.0,92.6904525756836,0,1,2,0,0,3115.json,NotBuggy
6,0.016205333173274994,0.1393015485668262,1,1,2,2,2.75,1,6,48.0,113.60913848876953,0,2,0,0,0,13.json,NotBuggy
3,0.168015256524086,0.9487242193458776,0,0,0,1,1.89,0,0,12.0,133.59722900390625,0,0,0,0,0,2826.json,NotBuggy
3,0.02893291972577572,0.4162216381324228,0,0,0,1,1.89,0,2,28.0,128.1235809326172,0,2,0,0,0,1375.json,NotBuggy
3,0.8100385069847107,0.9516316554778957,0,0,0,1,1.89,0,0,12.0,133.59722900390625,0,0,0,0,0,3718.json,NotBuggy
3,0.48752325773239136,0.8652433076385201,0,0,0,1,1.89,0,1,15.0,132.25152587890625,0,0,0,0,0,6182.json,NotBuggy
3,0.31814098358154297,0.7069652055516027,0,0,0,1,1.89,0,1,20.0,130.07347106933594,0,1,0,0,0,823.json,NotBuggy
3,0.47733256220817566,0.7147199264194525,0,0,0,1,1.89,0,1,21.0,129.93223571777344,0,0,0,0,0,4290.json,NotBuggy
3,0.3064741790294647,0.6483021785704689,0,0,0,1,0.94,0,1,21.0,129.81976318359375,0,0,0,0,0,6686.json,NotBuggy
3,0.9719858169555664,0.9612262998627333,0,0,0,1,1.89,0,0,13.0,132.9956512451172,0,0,0,0,0,5353.json,NotBuggy
3,0.3766007721424103,0.7465672931953621,0,0,0,1,1.89,0,1,19.0,130.34019470214844,0,0,0,0,0,4536.json,NotBuggy
8,0.14214718341827393,0.190272915817867,0,0,0,1,1.73,0,9,49.0,109.07147216796875,0,1,0,0,0,410.json,NotBuggy
3,0.6563898921012878,0.7617369788064821,0,0,0,1,1.89,0,3,21.0,129.93223571777344,0,0,0,0,0,5687.json,NotBuggy
3,1.059714995790273E-4,0.2828839427919332,0,0,0,1,1.89,0,1,33.0,127.17938995361328,0,2,0,0,0,3709.json,NotBuggy
3,0.8100385069847107,0.9574108665937873,0,0,0,1,1.89,0,0,12.0,133.59722900390625,0,0,0,0,0,607.json,NotBuggy
3,0.8836500644683838,0.9513164779008935,0,0,0,1,1.89,0,0,13.0,132.9956512451172,0,1,0,0,0,139.json,NotBuggy
3,0.46829262375831604,0.9689920367578942,0,0,0,1,1.89,0,0,12.0,133.59722900390625,0,0,0,0,0,6205.json,NotBuggy
3,0.15414774417877197,0.9305608771371532,0,0,0,1,1.89,0,0,14.0,132.61029052734375,0,0,0,0,0,3022.json,NotBuggy
3,0.378140926361084,0.6304849715868684,0,0,0,1,1.89,0,1,22.0,129.47398376464844,0,2,0,0,0,1641.json,NotBuggy
3,0.8633283376693726,0.9497141632408338,0,0,0,1,1.89,0,0,12.0,133.59722900390625,0,0,0,0,0,722.json,NotBuggy
19,0.1403515338897705,5.094818475771233E-4,5,6,11,5,2.78,2,6,108.0,89.10945892333984,0,2,4,0,0,19.json,NotBuggy
3,0.17624300718307495,0.9442379398524139,0,0,0,1,1.89,0,0,12.0,133.59722900390625,0,0,0,0,0,3861.json,NotBuggy
3,0.024599589407444,0.13784513757572364,0,0,0,1,1.89,0,3,33.0,126.74282836914062,0,1,0,0,0,3344.json,NotBuggy
3,0.1889224499464035,0.7507304936115534,0,0,0,1,1.89,0,1,18.0,130.7338104248047,0,0,0,0,0,6635.json,NotBuggy
3,0.0,0.998726928917998,0,0,0,1,1.32,0,0,17.0,131.28770446777344,0,1,0,0,0,5719.json,NotBuggy
3,0.11403286457061768,0.7752316192560041,0,0,0,1,1.89,0,1,23.0,129.34671020507812,0,2,0,0,0,5649.json,NotBuggy
5,0.48111313581466675,0.4435608665119462,0,0,0,1,1.96,0,4,36.0,118.4515609741211,0,0,1,0,0,103.json,NotBuggy
3,0.20644237101078033,0.7196372858208921,0,0,0,1,1.89,0,1,22.0,129.69032287597656,0,2,0,0,0,2284.json,NotBuggy
3,0.005341689568012953,0.37165694842489827,0,0,0,1,1.89,0,1,30.0,127.67500305175781,0,2,0,0,0,700.json,NotBuggy
3,0.007010341621935368,0.9407694154292809,0,0,0,1,1.89,0,0,12.0,133.59722900390625,0,0,0,0,0,3023.json,NotBuggy
3,0.8882124423980713,0.9545784056054647,0,0,0,1,1.89,0,0,12.0,133.59722900390625,0,0,0,0,0,5526.json,NotBuggy
3,0.49853745102882385,0.947790324649326,0,0,0,1,1.89,0,0,12.0,133.59722900390625,0,0,0,0,0,6680.json,NotBuggy
3,0.8232177495956421,0.9426589393238732,0,0,0,1,1.89,0,0,14.0,132.4454345703125,0,0,0,0,0,5412.json,NotBuggy
3,0.6103717088699341,0.7744628850369836,0,0,0,1,1.89,0,0,19.0,130.57513427734375,0,0,0,0,0,806.json,NotBuggy
7,0.02236933447420597,0.029407027832942547,1,1,2,2,3.02,1,5,52.0,110.19845581054688,0,2,0,0,0,6330.json,NotBuggy
3,0.10387148708105087,0.8698909492342053,0,0,0,1,1.89,0,0,15.0,132.25152587890625,0,0,0,0,0,6091.json,NotBuggy
6,0.028144922107458115,0.015649444172237167,0,0,0,1,1.89,0,5,56.0,112.54033660888672,0,3,1,0,0,7015.json,NotBuggy
3,0.6790796518325806,0.9134715532937125,0,0,0,1,1.89,0,1,15.0,132.25152587890625,0,0,0,0,0,6613.json,NotBuggy
3,0.7578468918800354,0.9576611595007876,0,0,0,1,1.89,0,0,12.0,133.59722900390625,0,0,0,0,0,6957.json,NotBuggy
5,0.401671826839447,0.7056357038407981,1,1,2,2,2.99,1,3,27.0,119.80731201171875,0,1,0,0,0,3049.json,NotBuggy
5,0.022345582023262978,0.30428934623448667,0,0,0,1,1.96,0,2,35.0,118.5140380859375,0,1,0,0,0,3513.json,NotBuggy
7,0.0036874201614409685,0.16396193814250062,1,1,2,2,3.09,1,7,49.0,110.5595474243164,0,0,0,0,0,6628.json,NotBuggy
20,6.828498444519937E-4,4.0449725215424814E-5,2,4,6,5,3.46,1,12,125.0,87.7100830078125,0,2,2,0,0,915.json,NotBuggy
3,0.927151620388031,0.9042323942221453,0,0,0,1,1.89,0,0,16.0,131.46876525878906,0,0,0,0,0,5387.json,NotBuggy
6,0.8651604652404785,0.8726174873135575,0,0,0,1,5.5,0,0,26.0,117.59266662597656,0,0,0,0,0,5742.json,NotBuggy
3,0.0,0.003276581058883103,1,1,2,2,1.89,0,5,56.0,123.64588928222656,0,2,0,0,0,1388.json,NotBuggy
3,0.4933817684650421,0.5932940963030617,0,0,0,1,1.89,0,1,21.0,129.7158966064453,0,0,0,0,0,5041.json,NotBuggy
3,0.023077214136719704,0.5656735899342287,0,0,0,1,1.89,0,1,24.0,129.0215301513672,0,2,0,0,0,5549.json,NotBuggy
6,0.9721592664718628,0.9562347472339153,0,0,0,1,5.5,0,0,26.0,117.59266662597656,0,0,0,0,0,5618.json,NotBuggy
3,0.10387148708105087,0.8698909492342053,0,0,0,1,1.89,0,0,15.0,132.25152587890625,0,0,0,0,0,6866.json,Buggy
3,0.9269015789031982,0.9605572346047624,0,0,0,1,1.89,0,0,12.0,133.59722900390625,0,0,0,0,0,6558.json,NotBuggy
3,0.834412157535553,0.9254758346553493,0,0,0,1,1.89,0,0,14.0,132.61029052734375,0,0,0,0,0,772.json,NotBuggy
3,0.7154375910758972,0.9180557903644896,0,0,0,1,1.89,0,1,15.0,132.25152587890625,0,0,0,0,0,6557.json,NotBuggy
3,0.8595505952835083,0.9604524641363568,0,0,0,1,1.89,0,0,12.0,133.59722900390625,0,0,0,0,0,3751.json,NotBuggy
3,0.558075487613678,0.7630994081836936,0,0,0,1,1.89,0,1,21.0,129.93223571777344,0,0,0,0,0,4406.json,NotBuggy
3,0.19855797290802002,0.7653697535736066,0,0,0,1,1.89,0,1,18.0,130.7338104248047,0,0,0,0,0,6124.json,NotBuggy
3,0.45342451333999634,0.6114843894963566,0,0,0,1,1.89,0,1,23.0,129.2428436279297,0,1,0,0,0,5438.json,NotBuggy
3,0.3502878248691559,0.7641583324238245,0,0,0,1,1.89,0,1,19.0,130.34019470214844,0,0,0,0,0,712.json,NotBuggy
3,0.4814335107803345,0.4816617544777476,0,0,0,1,1.89,0,0,23.0,129.05665588378906,0,2,0,0,0,6454.json,NotBuggy
3,0.38800784945487976,0.7716237759019243,0,0,0,1,1.89,0,1,18.0,130.7338104248047,0,0,0,0,0,3956.json,NotBuggy
14,0.0015346824657171965,1.2535449802202215E-5,15,5,20,6,2.7,0,15,117.0,93.78274536132812,0,2,1,0,0,1588.json,NotBuggy
3,0.1995874047279358,0.6786854673689776,0,0,0,1,1.89,0,1,23.0,129.34671020507812,0,2,0,0,0,2205.json,NotBuggy
3,0.7728284597396851,0.9316017454570775,0,0,0,1,1.89,0,0,14.0,132.61029052734375,0,0,0,0,0,3904.json,NotBuggy
3,0.37301552295684814,0.7281440285059204,0,0,0,1,1.89,0,1,20.0,130.07347106933594,0,1,0,0,0,3753.json,NotBuggy
3,0.20668773353099823,0.6677342314879445,0,0,0,1,1.89,0,1,23.0,129.34671020507812,0,2,0,0,0,2167.json,NotBuggy
3,0.0011035792995244265,0.0228584970667658,0,0,0,1,0.94,0,5,44.0,125.12992858886719,0,0,0,0,0,6691.json,NotBuggy
11,0.0,6.269448679751744E-5,3,3,6,4,2.86,3,6,96.0,99.08444213867188,0,2,0,0,0,3386.json,NotBuggy
3,0.36352282762527466,0.7476538515225001,0,0,0,1,1.89,0,1,19.0,130.34019470214844,0,0,0,0,0,825.json,NotBuggy
3,0.7421755790710449,0.9595968002693623,0,0,0,1,1.89,0,0,12.0,133.59722900390625,0,0,0,0,0,3784.json,NotBuggy
3,0.3677332103252411,0.6703715438563579,0,0,0,1,1.89,0,1,20.0,130.07347106933594,0,1,0,0,0,3216.json,NotBuggy
3,0.43514567613601685,0.8371270383624161,0,0,0,1,1.89,0,1,17.0,131.28770446777344,0,0,0,0,0,6564.json,NotBuggy
3,0.5582403540611267,0.8114695897682125,0,0,0,1,1.89,0,0,17.0,131.28770446777344,0,1,0,0,0,5585.json,NotBuggy
3,0.39058932662010193,0.6345553473922192,0,0,0,1,1.89,0,1,22.0,129.47398376464844,0,2,0,0,0,1664.json,NotBuggy
3,0.7474852204322815,0.8809818201378934,0,0,0,1,1.89,0,0,17.0,131.03103637695312,0,2,0,0,0,1293.json,NotBuggy
3,0.558075487613678,0.7409375261202273,0,0,0,1,1.89,0,1,21.0,129.93223571777344,0,0,0,0,0,4338.json,NotBuggy
4,0.6946014761924744,0.9054602157072563,0,0,0,1,2.0,0,0,20.0,125.64796447753906,0,1,0,0,0,3335.json,NotBuggy
3,0.8892203569412231,0.9386664740133116,0,0,0,1,1.89,0,0,13.0,132.9956512451172,0,0,0,0,0,333.json,NotBuggy
3,0.5835428237915039,0.8488904970966439,0,0,0,1,1.89,0,1,16.0,131.75106811523438,0,0,0,0,0,6099.json,NotBuggy
3,0.5716268420219421,0.8509966644784244,0,0,0,1,1.89,0,0,17.0,131.03103637695312,0,2,0,0,0,1391.json,NotBuggy
3,0.1995874047279358,0.6655310756606803,0,0,0,1,1.89,0,1,23.0,129.34671020507812,0,2,0,0,0,2210.json,NotBuggy
3,0.354890376329422,0.6535864185280422,0,0,0,1,1.89,0,1,22.0,129.47398376464844,0,2,0,0,0,1652.json,NotBuggy
11,0.15001386404037476,0.644138474641771,3,3,6,3,3.56,2,4,47.0,103.83207702636719,0,2,0,0,0,14.json,NotBuggy
4,0.0010897095780819654,7.528753084610058E-4,0,0,0,1,2.0,0,8,68.0,118.26289367675781,0,1,0,0,0,6987.json,NotBuggy
3,1.059714995790273E-4,0.2828839427919332,0,0,0,1,1.89,0,1,33.0,127.17938995361328,0,2,0,0,0,4401.json,NotBuggy
3,0.9191960692405701,0.9753410656550048,0,0,0,1,1.89,0,1,13.0,133.18099975585938,0,0,0,0,0,546.json,NotBuggy
7,0.16356585919857025,0.14730429604045903,0,0,0,2,3.02,1,3,43.0,111.29325103759766,0,1,0,0,0,6890.json,NotBuggy
2,0.5367124080657959,0.8495544563469098,0,0,0,1,0.0,0,0,14.0,139.0139617919922,0,2,0,0,0,2227.json,NotBuggy
3,0.36702507734298706,0.6791350721669769,0,0,0,1,1.89,0,1,22.0,129.47398376464844,0,2,0,0,0,1654.json,NotBuggy
3,0.02485276386141777,0.9454980113145358,0,0,0,1,1.89,0,0,12.0,133.59722900390625,0,0,0,0,0,2962.json,NotBuggy
3,0.961843729019165,0.6629803878815393,0,0,0,1,1.89,0,0,21.0,129.81976318359375,0,1,0,0,0,6767.json,NotBuggy
3,0.07808846980333328,0.7374171221542596,0,0,0,1,1.89,0,1,19.0,130.57513427734375,0,0,0,0,0,6692.json,NotBuggy
3,0.9032137989997864,0.833211487341157,0,0,0,1,1.89,0,1,18.0,130.99049377441406,0,1,0,0,0,3112.json,NotBuggy
17,0.0,1.391667496146891E-6,2,5,7,6,3.39,4,3,130.0,89.7530288696289,0,2,0,0,0,6484.json,NotBuggy
3,0.0010271241189911962,0.6104522945717095,0,0,0,1,1.93,0,5,32.0,127.25540161132812,0,1,0,0,0,6829.json,NotBuggy
3,0.7709447145462036,0.7816901875788825,0,0,0,1,1.89,0,0,20.0,130.07347106933594,0,2,0,0,0,1883.json,NotBuggy
3,0.5571328997612,0.931310765750303,0,0,0,1,1.89,0,0,14.0,132.61029052734375,0,0,0,0,0,766.json,NotBuggy
6,0.6774870753288269,0.5217059040778138,1,1,2,2,2.75,1,1,36.0,115.10508728027344,0,1,0,0,0,3314.json,NotBuggy
3,0.4877828359603882,0.6090225616397029,0,0,0,1,1.89,0,1,23.0,129.2428436279297,0,1,0,0,0,732.json,NotBuggy
3,0.7578468918800354,0.9576611595007876,0,0,0,1,1.89,0,0,12.0,133.59722900390625,0,0,0,0,0,6175.json,NotBuggy
7,0.013078119605779648,0.025628921565324987,0,0,0,2,2.56,1,2,53.0,110.04951477050781,0,0,2,0,0,6517.json,NotBuggy
6,0.4136216938495636,0.09381312308265391,2,1,3,2,2.75,1,3,48.0,113.46478271484375,0,1,0,0,0,5691.json,NotBuggy
9,8.489185129292309E-4,1.555965217669884E-4,1,1,2,3,3.66,2,4,83.0,103.07925415039062,0,0,2,0,0,6052.json,NotBuggy
3,0.9384528398513794,0.8530022927734866,0,0,0,1,1.89,0,0,16.0,131.60296630859375,0,1,0,0,0,5216.json,NotBuggy
5,0.4627102315425873,0.7146365102622567,1,1,2,2,2.99,1,3,27.0,119.80731201171875,0,1,0,0,0,3646.json,NotBuggy
3,0.8201553821563721,0.9706465654359767,0,0,0,1,1.89,0,1,15.0,132.25152587890625,0,0,0,0,0,5137.json,NotBuggy
5,0.3677099347114563,0.6748355881620497,1,1,2,2,2.99,1,3,27.0,119.80731201171875,0,1,0,0,0,3913.json,NotBuggy
6,0.9109565615653992,0.9575792164893685,0,0,0,1,5.5,0,0,26.0,117.59266662597656,0,0,0,0,0,4751.json,NotBuggy
3,0.4267476201057434,0.7910732975208266,0,0,0,1,1.89,0,1,19.0,130.34019470214844,0,0,0,0,0,3435.json,NotBuggy
3,0.20668773353099823,0.6639119543724558,0,0,0,1,1.89,0,1,23.0,129.34671020507812,0,2,0,0,0,2158.json,NotBuggy
3,0.681065022945404,0.5748802843234393,0,0,0,1,3.77,0,1,21.0,129.81976318359375,0,1,0,0,0,5020.json,NotBuggy
5,0.30772921442985535,0.6764503242461141,1,1,2,2,2.99,1,3,27.0,119.80731201171875,0,1,0,0,0,3927.json,NotBuggy
11,0.03172878921031952,1.685947553714893E-4,3,3,6,4,6.9,2,7,88.0,99.4090805053711,0,2,2,0,0,1228.json,Buggy
3,0.015711864456534386,0.6670146967257177,0,0,0,1,1.89,0,2,21.0,129.93223571777344,0,0,0,0,0,4030.json,NotBuggy
3,0.24862313270568848,0.9325874671299451,0,0,0,1,1.89,0,0,12.0,133.59722900390625,0,0,0,0,0,3210.json,NotBuggy
40,0.0,1.8425414103774584E-9,2,8,10,9,3.29,1,24,225.0,72.34869384765625,0,2,2,0,0,866.json,NotBuggy
3,0.7578468918800354,0.9543048625240008,0,0,0,1,1.89,0,0,12.0,133.59722900390625,0,0,0,0,0,6707.json,NotBuggy
5,0.006242361851036549,0.1065794040982516,0,0,0,1,1.96,0,5,43.0,117.1540298461914,0,2,0,0,0,454.json,NotBuggy
16,0.0,3.32180026454873E-11,1,5,6,6,14.82,5,7,183.0,88.82022857666016,0,6,0,0,0,6427.json,NotBuggy
20,8.133691735565662E-4,3.9698268923969016E-5,2,4,6,5,3.46,1,12,125.0,87.7100830078125,0,2,2,0,0,923.json,NotBuggy
3,0.6725837588310242,0.8236633736101454,0,0,0,1,1.89,0,0,17.0,131.03103637695312,0,2,0,0,0,6001.json,NotBuggy
8,0.12719596922397614,0.03744286309273715,2,1,3,2,2.4,1,6,55.0,107.85015106201172,0,1,1,0,0,4901.json,NotBuggy
3,0.7504523992538452,0.9506826016418934,0,0,0,1,1.89,0,0,12.0,133.59722900390625,0,0,0,0,0,357.json,NotBuggy
4,0.6588558554649353,0.7144163018115615,0,0,0,1,1.73,0,3,25.0,124.36514282226562,0,1,0,0,0,2699.json,NotBuggy
5,0.15905943512916565,0.6666855679383606,1,1,2,2,2.99,0,1,31.0,119.08892822265625,0,2,0,0,0,4241.json,NotBuggy
5,0.9566788077354431,0.9135519235321686,0,0,0,1,5.43,0,0,23.0,121.18380737304688,0,0,0,0,0,4815.json,NotBuggy
3,0.053929224610328674,0.6991171343626538,0,0,0,1,1.89,0,2,21.0,130.05470275878906,0,0,0,0,0,724.json,NotBuggy
8,0.5285505056381226,0.654253781620789,0,0,0,2,3.12,1,2,37.0,110.15780639648438,0,2,0,0,0,3108.json,NotBuggy
3,0.4463455080986023,0.9349947978146601,0,0,0,1,1.89,0,0,12.0,133.59722900390625,0,0,0,0,0,3247.json,NotBuggy
3,0.39782825112342834,0.8750642478738098,0,0,0,1,1.89,0,0,15.0,131.9385528564453,0,0,0,0,0,4542.json,NotBuggy
10,0.13875548541545868,0.03704999960753985,0,0,0,3,2.53,1,6,66.0,102.90069580078125,0,0,3,0,0,5500.json,NotBuggy
11,0.0642862468957901,0.19140314523520918,2,3,5,4,2.89,3,1,56.0,102.38380432128906,0,1,0,0,0,4780.json,NotBuggy
5,0.3878943920135498,0.6790111805218526,1,1,2,2,2.99,1,3,27.0,119.80731201171875,0,1,0,0,0,3932.json,NotBuggy
3,0.41422539949417114,0.8269044922981272,0,0,0,1,1.89,0,1,20.0,130.30841064453125,0,1,0,0,0,5154.json,NotBuggy
3,0.4757697284221649,0.7490080475082134,0,0,0,1,1.89,0,1,21.0,129.93223571777344,0,0,0,0,0,647.json,NotBuggy
3,0.3557947874069214,0.9544777917500514,0,0,0,1,1.89,0,0,12.0,133.59722900390625,0,0,0,0,0,4203.json,NotBuggy
9,0.013940178789198399,0.0122837830899509,0,0,0,1,2.57,0,9,61.0,105.38337707519531,0,1,0,0,0,6246.json,NotBuggy
3,0.46994948387145996,0.7496610494371483,0,0,0,1,1.89,0,1,21.0,129.93223571777344,0,0,0,0,0,2842.json,NotBuggy
3,0.6520348787307739,0.7033729852473181,0,0,0,1,1.89,0,2,22.0,129.47398376464844,0,1,0,0,0,2396.json,NotBuggy
3,0.1826181262731552,0.9058465250973952,0,0,0,1,1.89,0,0,14.0,132.4454345703125,0,0,0,0,0,2890.json,NotBuggy
3,0.6911425590515137,0.9528407701859632,0,0,0,1,1.89,0,0,12.0,133.59722900390625,0,0,0,0,0,4488.json,NotBuggy
3,0.06173443794250488,0.9428033561353034,0,0,0,1,1.89,0,0,12.0,133.59722900390625,0,0,0,0,0,4470.json,NotBuggy
11,0.04026271402835846,0.011685103018876696,4,3,7,4,3.95,2,4,72.0,100.62635803222656,0,2,1,0,0,3020.json,NotBuggy
3,0.35634028911590576,0.7607017102036728,0,0,0,1,1.89,0,1,19.0,130.34019470214844,0,0,0,0,0,641.json,NotBuggy
7,0.8895242810249329,0.0010558566919511225,3,5,8,6,1.81,0,2,81.0,106.97379302978516,0,1,1,0,0,5545.json,NotBuggy
3,0.19082090258598328,0.7240276098166888,0,0,0,1,1.89,0,1,22.0,129.69032287597656,0,2,0,0,0,2239.json,NotBuggy
3,0.8601391315460205,0.9373226691496938,0,0,0,1,1.89,0,1,13.0,133.18099975585938,0,0,0,0,0,5991.json,NotBuggy
3,0.9205911755561829,0.9568889443353388,0,0,0,1,1.89,0,0,12.0,133.59722900390625,0,0,0,0,0,4375.json,NotBuggy
5,0.5606793165206909,0.6100383918497214,0,0,0,1,1.96,0,2,31.0,119.41529846191406,0,0,1,0,0,5741.json,NotBuggy
3,0.9326223731040955,0.9656983150085152,0,0,0,1,1.89,0,0,12.0,133.59722900390625,0,0,0,0,0,3811.json,NotBuggy
3,0.0,0.32245633210813646,0,0,0,1,1.89,0,2,28.0,128.21994018554688,0,2,0,0,0,5219.json,NotBuggy
30,0.0,3.046336676450294E-9,4,8,12,9,3.36,1,24,201.0,77.67094421386719,0,2,2,0,0,867.json,NotBuggy
8,0.4943808317184448,0.8199610243982213,2,1,3,3,3.87,2,0,34.0,110.5118637084961,0,2,1,0,0,3400.json,NotBuggy
6,0.0066937655210494995,0.020121753003599804,2,2,4,2,2.75,1,6,53.0,112.4989013671875,0,2,0,0,0,5072.json,NotBuggy
3,0.5657344460487366,0.9262970448855165,0,0,0,1,1.89,0,0,15.0,131.9385528564453,0,0,0,0,0,570.json,NotBuggy
10,0.024924103170633316,0.002924015479076203,2,2,4,3,3.49,1,6,75.0,102.14214324951172,0,2,2,0,0,873.json,NotBuggy
6,0.035042982548475266,0.009716000602426087,1,1,2,2,2.75,1,8,56.0,112.31034088134766,0,1,0,0,0,5995.json,NotBuggy
3,0.7048746347427368,0.8650610641578244,0,0,0,1,1.89,0,1,18.0,130.99049377441406,0,1,0,0,0,4601.json,NotBuggy
3,0.7291600108146667,0.9078797038356282,0,0,0,1,1.89,0,1,15.0,132.25152587890625,0,0,0,0,0,5100.json,NotBuggy
3,0.17608575522899628,0.8885476429582377,0,0,0,1,1.89,0,0,14.0,132.4454345703125,0,0,0,0,0,4064.json,NotBuggy
23,0.0020797376055270433,3.942789350030466E-10,7,6,13,7,2.99,2,16,177.0,82.4864273071289,0,2,6,0,0,6452.json,NotBuggy
5,0.40610095858573914,0.7021436465275334,1,1,2,2,2.99,1,3,27.0,119.80731201171875,0,1,0,0,0,782.json,NotBuggy
25,0.0,3.6027174510850525E-7,3,6,9,7,3.41,1,18,163.0,82.2138442993164,0,2,2,0,0,926.json,NotBuggy
3,0.7661980390548706,0.9758143571452795,0,0,0,1,1.89,0,1,15.0,132.086669921875,0,0,0,0,0,119.json,NotBuggy
3,0.3816952407360077,0.7891212159108637,0,0,0,1,1.89,0,1,20.0,130.18594360351562,0,1,0,0,0,2380.json,NotBuggy
3,0.5895786285400391,0.9057143537297724,0,0,0,1,1.89,0,1,15.0,132.25152587890625,0,0,0,0,0,6188.json,NotBuggy
3,0.42164346575737,0.6600856903607665,0,0,0,1,1.89,0,1,23.0,129.2428436279297,0,1,0,0,0,679.json,NotBuggy
4,0.5326840877532959,0.9709284732124567,0,0,0,1,1.73,0,0,12.0,128.936767578125,0,0,0,0,0,2721.json,NotBuggy
12,4.2984558967873454E-4,1.6780865380614822E-4,0,0,0,3,2.56,1,5,91.0,97.97731018066406,0,3,4,0,0,6700.json,NotBuggy
11,0.04448128491640091,0.25590054273816587,0,0,0,1,2.86,1,5,57.0,103.1261215209961,0,1,0,0,0,5368.json,NotBuggy
3,0.6174148917198181,0.8074087755466763,0,0,0,1,1.89,0,0,19.0,130.34019470214844,0,2,0,0,0,1631.json,NotBuggy
3,0.9252057075500488,0.9843602179170585,0,0,0,1,1.89,0,0,11.0,134.26058959960938,0,0,0,0,0,321.json,NotBuggy
3,0.8521143198013306,0.8144145527185168,0,0,0,1,1.89,0,0,17.0,131.28770446777344,0,1,0,0,0,5640.json,NotBuggy
3,0.0,0.003759734438620278,0,0,0,1,1.89,0,6,57.0,123.90080261230469,0,2,0,0,0,953.json,NotBuggy
3,0.20668773353099823,0.6796360384915253,0,0,0,1,1.89,0,1,23.0,129.34671020507812,0,2,0,0,0,2219.json,NotBuggy
3,0.6078541278839111,0.8885721593744225,0,0,0,1,1.89,0,1,17.0,131.28770446777344,0,1,0,0,0,101.json,NotBuggy
3,0.3677332103252411,0.6759763127641163,0,0,0,1,1.89,0,1,20.0,130.07347106933594,0,1,0,0,0,4029.json,NotBuggy
3,0.005118012893944979,0.4922307735849459,0,0,0,1,1.89,0,1,28.0,128.1235809326172,0,2,0,0,0,2804.json,NotBuggy
3,0.9269015789031982,0.9605572346047624,0,0,0,1,1.89,0,0,12.0,133.59722900390625,0,0,0,0,0,6526.json,NotBuggy
3,0.0,0.3508860082601214,0,0,0,1,1.89,0,1,31.0,127.50450134277344,0,1,0,0,0,37.json,NotBuggy
3,0.032718755304813385,0.6067300638602777,0,0,0,1,1.89,0,1,24.0,129.0215301513672,0,2,0,0,0,3384.json,NotBuggy
3,0.25955140590667725,0.9282783607929417,0,0,0,1,1.89,0,0,12.0,133.59722900390625,0,0,0,0,0,3260.json,NotBuggy
6,0.05768948420882225,0.0706271061765859,2,1,3,2,2.75,1,3,44.0,113.67094421386719,0,1,0,0,0,569.json,NotBuggy
6,0.9767781496047974,0.15508346879331614,3,3,6,3,1.89,0,3,50.0,112.8931655883789,0,1,1,0,0,259.json,NotBuggy
3,0.026901571080088615,0.4281724951742464,0,0,0,1,1.89,0,2,28.0,128.1235809326172,0,2,0,0,0,1385.json,NotBuggy
3,0.11833852529525757,0.09774608129428025,0,0,0,1,1.89,0,4,38.0,126.20867156982422,0,1,0,0,0,220.json,NotBuggy
8,0.5602139234542847,0.042759001964853376,0,0,0,2,3.12,1,3,58.0,107.57398223876953,0,1,2,0,0,5209.json,NotBuggy
3,0.5627080202102661,0.8482237764430653,0,0,0,1,1.89,0,0,17.0,131.03103637695312,0,2,0,0,0,1421.json,NotBuggy
3,0.694624662399292,0.7923967152415533,1,1,2,2,1.89,0,1,20.0,129.95594787597656,0,0,0,0,0,380.json,NotBuggy
15,2.67032504780218E-4,1.7378621478127333E-10,0,0,0,4,3.54,2,16,168.0,90.67805480957031,0,1,1,0,0,3113.json,NotBuggy
3,0.34745168685913086,0.7763037305434671,0,0,0,1,1.89,0,1,18.0,130.7338104248047,0,0,0,0,0,3669.json,NotBuggy
7,0.009735006839036942,7.407048500460486E-4,0,0,0,1,1.6,0,6,76.0,108.18357849121094,0,5,4,0,0,264.json,NotBuggy
3,0.40516766905784607,0.7625216643618898,0,0,0,1,1.89,0,1,19.0,130.34019470214844,0,0,0,0,0,3720.json,NotBuggy
3,0.6983403563499451,0.9131729593662209,0,0,0,1,1.89,0,1,15.0,132.25152587890625,0,0,0,0,0,6664.json,NotBuggy
3,0.8588058948516846,0.9681904413304937,0,0,0,1,1.89,0,0,12.0,133.59722900390625,0,0,0,0,0,4371.json,NotBuggy
6,0.05186706781387329,0.1739914418731366,0,0,0,1,1.89,0,6,42.0,114.38914489746094,0,2,0,0,0,525.json,NotBuggy
3,0.7480830550193787,0.8874091053975478,0,0,0,1,1.89,0,0,17.0,131.03103637695312,0,2,0,0,0,1270.json,NotBuggy
3,0.07255369424819946,0.9390737419436085,0,0,0,1,1.89,0,0,12.0,133.59722900390625,0,0,0,0,0,3879.json,NotBuggy
3,0.8100385069847107,0.9532854762645253,0,0,0,1,1.89,0,0,12.0,133.59722900390625,0,0,0,0,0,4342.json,NotBuggy
3,0.4850720763206482,0.9025058846304371,0,0,0,1,1.89,0,0,14.0,132.4454345703125,0,0,0,0,0,6630.json,NotBuggy
6,0.06843557953834534,0.12638111287152523,0,0,0,1,5.5,0,8,44.0,113.90094757080078,0,0,0,0,0,5065.json,NotBuggy
3,0.0888240709900856,0.9527217823381238,0,0,0,1,1.89,0,0,12.0,133.59722900390625,0,0,0,0,0,3025.json,NotBuggy
6,0.24190522730350494,0.09980258494008665,3,1,4,2,2.75,0,3,45.0,113.6710433959961,0,2,1,0,0,1616.json,NotBuggy
3,0.9359920620918274,0.9105485771530654,0,0,0,1,2.0,0,1,19.0,130.45266723632812,0,2,0,0,0,5651.json,NotBuggy
3,0.7968025803565979,0.7672306606481574,0,0,0,1,1.89,0,0,20.0,130.07347106933594,0,2,0,0,0,1859.json,NotBuggy
3,0.3407677710056305,0.7857955039356324,0,0,0,1,1.89,0,1,18.0,130.7338104248047,0,0,0,0,0,3970.json,NotBuggy
3,0.5336528420448303,0.9520586311338648,0,0,0,1,1.89,0,0,12.0,133.59722900390625,0,0,0,0,0,4821.json,NotBuggy
3,0.19082090258598328,0.7240276098166885,0,0,0,1,1.89,0,1,22.0,129.69032287597656,0,2,0,0,0,2290.json,NotBuggy
3,0.5346800088882446,0.7545430484811911,0,0,0,1,1.89,0,0,18.0,130.85629272460938,0,0,0,0,0,6642.json,NotBuggy
10,0.014388635754585266,0.0013286366658291746,9,3,12,4,2.8,0,9,81.0,101.70774841308594,0,2,1,0,0,1569.json,NotBuggy
14,0.05078971013426781,0.09398054862420263,2,4,6,5,3.71,2,9,77.0,96.40178680419922,0,2,0,0,0,5646.json,NotBuggy
3,0.6265240907669067,0.9660378936967787,0,0,0,1,1.89,0,1,15.0,132.25152587890625,0,0,0,0,0,6042.json,NotBuggy
2,0.4240838587284088,0.7932565049905175,0,0,0,1,1.89,0,0,20.0,136.7544708251953,0,4,0,0,0,3119.json,NotBuggy
3,0.3691707253456116,0.6830586925061287,0,0,0,1,1.89,0,1,20.0,130.07347106933594,0,1,0,0,0,3253.json,NotBuggy
4,0.5218890905380249,0.9741308406229358,0,0,0,1,1.73,0,0,12.0,128.936767578125,0,0,0,0,0,2702.json,NotBuggy
3,0.8953813314437866,0.9579980898981517,0,0,0,1,1.89,0,0,12.0,133.59722900390625,0,0,0,0,0,3476.json,NotBuggy
5,0.047315265983343124,0.14530834572022336,0,0,0,1,5.43,0,5,39.0,117.59877014160156,0,0,0,0,0,6197.json,NotBuggy
3,0.8953813314437866,0.9608202655378782,0,0,0,1,1.89,0,0,12.0,133.59722900390625,0,0,0,0,0,3432.json,NotBuggy
3,2.480475523043424E-4,0.03013519338173591,0,0,0,1,1.89,0,4,45.0,125.25936889648438,0,2,0,0,0,959.json,NotBuggy
3,0.7709447145462036,0.7809335321782492,0,0,0,1,1.89,0,0,20.0,130.07347106933594,0,2,0,0,0,1892.json,NotBuggy
6,6.577650201506913E-4,0.15281815342232508,0,0,0,1,1.89,0,6,42.0,114.38914489746094,0,2,0,0,0,526.json,NotBuggy
6,0.18967178463935852,0.11599945652451021,3,1,4,2,2.75,0,3,45.0,113.6710433959961,0,2,1,0,0,1576.json,NotBuggy
8,0.18236380815505981,0.024527218764978216,2,1,3,3,3.87,2,4,56.0,107.18939208984375,0,3,1,0,0,6475.json,NotBuggy
3,0.25960859656333923,0.7693578009554007,0,0,0,1,1.89,0,1,18.0,130.7338104248047,0,0,0,0,0,6804.json,NotBuggy
3,0.37003791332244873,0.7501911542053784,0,0,0,1,1.89,0,1,19.0,130.34019470214844,0,0,0,0,0,3708.json,NotBuggy
3,0.6827170252799988,0.8669391088856276,0,0,0,1,1.89,0,2,17.0,131.43582153320312,0,0,0,0,0,3301.json,NotBuggy
3,0.3153530955314636,0.7687264183566046,0,0,0,1,1.89,0,1,18.0,130.7338104248047,0,0,0,0,0,3187.json,NotBuggy
4,0.13883499801158905,0.6006870856007407,0,0,0,1,3.46,0,0,22.0,124.91740417480469,0,0,0,0,0,6119.json,NotBuggy
3,0.4478917121887207,0.7705567186072939,0,0,0,1,1.89,0,1,21.0,129.93223571777344,0,0,0,0,0,2863.json,NotBuggy
3,0.36348313093185425,0.8120636329308709,0,0,0,1,1.89,0,2,19.0,130.70933532714844,0,0,0,0,0,6618.json,NotBuggy
3,0.25231629610061646,0.8800629146846771,0,0,0,1,1.89,0,0,14.0,132.4454345703125,0,0,0,0,0,3703.json,NotBuggy
3,0.834412157535553,0.9384462605850644,0,0,0,1,1.89,0,0,14.0,132.61029052734375,0,0,0,0,0,3854.json,NotBuggy
5,0.5866631865501404,0.8429992509613179,0,0,0,1,5.43,0,1,24.0,120.96249389648438,0,0,0,0,0,4885.json,NotBuggy
22,0.0,6.443615750657067E-12,4,3,7,4,2.75,1,13,199.0,83.35580444335938,1,2,10,0,0,4618.json,NotBuggy
7,0.10478776693344116,0.06380468432554696,0,0,0,2,2.56,1,2,49.0,110.5595474243164,0,1,2,0,0,6601.json,NotBuggy
3,0.3369794189929962,0.6923774253640839,0,0,0,1,1.89,0,1,21.0,129.93223571777344,0,0,0,0,0,4227.json,NotBuggy
3,0.9340141415596008,0.9661765682981255,0,0,0,1,1.89,0,0,12.0,133.59722900390625,0,0,0,0,0,5346.json,NotBuggy
5,0.4627102315425873,0.7095464942045288,1,1,2,2,2.99,1,3,27.0,119.80731201171875,0,1,0,0,0,3924.json,NotBuggy
7,0.006430795881897211,0.04140755757325116,0,0,0,1,1.81,0,5,55.0,110.36031341552734,0,1,1,0,0,557.json,NotBuggy
3,0.44764089584350586,0.9216458458261939,0,0,0,1,1.89,0,0,14.0,132.61029052734375,0,0,0,0,0,3890.json,NotBuggy
3,0.5922611951828003,0.9673171418046389,0,0,0,1,1.89,0,1,17.0,131.43582153320312,0,0,0,0,0,5138.json,NotBuggy
3,0.9342017769813538,0.9487973023072162,0,0,0,1,1.89,0,0,13.0,132.9956512451172,0,0,0,0,0,5359.json,NotBuggy
7,0.26687881350517273,0.6817433250271437,1,1,2,2,3.02,1,4,35.0,113.00700378417969,0,1,0,0,0,4811.json,NotBuggy
3,0.0,0.005912727598542246,0,0,0,1,1.89,0,6,55.0,124.1495132446289,0,2,0,0,0,1352.json,NotBuggy
3,0.10387148708105087,0.8698909492342053,0,0,0,1,1.89,0,0,15.0,132.25152587890625,0,0,0,0,0,6799.json,Buggy
3,0.8287565112113953,0.7906698773764811,0,0,0,1,1.89,0,0,17.0,131.28770446777344,0,1,0,0,0,6567.json,NotBuggy
3,0.005118012893944979,0.4922307735849459,0,0,0,1,1.89,0,1,28.0,128.1235809326172,0,2,0,0,0,3997.json,NotBuggy
3,0.7483968138694763,0.8778403992094124,0,0,0,1,1.89,0,0,15.0,132.25152587890625,0,0,0,0,0,6126.json,NotBuggy
3,0.29067495465278625,0.7607854897365082,0,0,0,1,1.89,0,1,18.0,130.7338104248047,0,0,0,0,0,3964.json,NotBuggy
3,0.8287565112113953,0.7906698773764811,0,0,0,1,1.89,0,0,17.0,131.28770446777344,0,1,0,0,0,6885.json,NotBuggy
3,0.7661980390548706,0.9758143571452795,0,0,0,1,1.89,0,1,15.0,132.086669921875,0,0,0,0,0,111.json,NotBuggy
3,0.0,0.9998311078549356,0,0,0,1,1.15,0,0,17.0,131.28770446777344,1,1,0,0,0,5739.json,NotBuggy
10,0.3739781081676483,0.03376415989780832,6,2,8,3,2.53,1,6,68.0,102.90191650390625,0,2,1,0,0,2097.json,NotBuggy
3,0.8010284304618835,0.778208021369831,0,0,0,1,1.89,0,0,20.0,130.07347106933594,0,2,0,0,0,1874.json,NotBuggy
3,0.005118012893944979,0.4922307735849459,0,0,0,1,1.89,0,1,28.0,128.1235809326172,0,2,0,0,0,3710.json,NotBuggy
3,0.041159048676490784,0.6979198924144384,0,0,0,1,1.89,0,2,21.0,130.05470275878906,0,0,0,0,0,824.json,NotBuggy
3,0.21630337834358215,0.6520014345556175,0,0,0,1,1.89,0,1,23.0,129.34671020507812,0,2,0,0,0,2172.json,NotBuggy
15,0.0051696207374334335,3.818629127608632E-4,2,3,5,4,3.52,1,9,100.0,93.80345153808594,0,2,2,0,0,865.json,NotBuggy
3,0.22625231742858887,0.6702809927532373,0,0,0,1,1.89,0,1,23.0,129.34671020507812,0,2,0,0,0,2155.json,NotBuggy
3,0.9028384685516357,0.9633070653189358,0,0,0,1,1.89,0,0,12.0,133.59722900390625,0,0,0,0,0,3564.json,NotBuggy
3,0.015768472105264664,0.2501186487222548,0,0,0,1,1.89,0,1,33.0,127.26919555664062,0,2,0,0,0,1624.json,NotBuggy
3,2.1006811584811658E-4,0.03299820774492268,0,0,0,1,1.89,0,4,45.0,125.25936889648438,0,2,0,0,0,988.json,NotBuggy
5,0.9056488871574402,0.9296110896315487,0,0,0,1,5.43,0,0,21.0,121.77933502197266,0,0,0,0,0,6943.json,NotBuggy
5,0.7661678791046143,0.8560094365330505,1,1,2,2,2.99,0,1,26.0,120.20379638671875,0,1,0,0,0,817.json,NotBuggy
3,0.1889597773551941,0.738307779681392,0,0,0,1,1.89,0,1,22.0,129.69032287597656,0,2,0,0,0,2259.json,NotBuggy
5,0.6495888829231262,0.14887136647411547,2,2,4,3,1.96,0,2,43.0,116.90475463867188,0,0,1,0,0,5546.json,NotBuggy
5,0.16257907450199127,0.4882774030499669,0,0,0,1,1.96,0,1,32.0,118.98002624511719,0,0,1,0,0,5636.json,NotBuggy
6,0.13471965491771698,0.10789141186684321,3,1,4,2,2.75,0,3,45.0,113.6710433959961,0,2,1,0,0,1567.json,NotBuggy
3,0.8700183033943176,0.9578132538738254,0,0,0,1,1.89,0,0,12.0,133.59722900390625,0,0,0,0,0,6948.json,NotBuggy
5,0.11327627301216125,0.29226640307267016,0,0,0,2,3.58,1,1,34.0,118.43477630615234,0,2,1,0,0,522.json,NotBuggy
3,0.9080740213394165,0.9579242538537098,0,0,0,1,1.89,0,0,12.0,133.59722900390625,0,0,0,0,0,4117.json,NotBuggy
3,0.0030603494960814714,0.27158675358959583,0,0,0,1,1.89,0,3,32.0,127.42921447753906,0,1,0,0,0,6752.json,NotBuggy
6,0.02646748535335064,0.09594355492465616,0,0,0,1,1.89,0,4,46.0,113.91609191894531,0,0,1,0,0,5620.json,NotBuggy
3,0.5575692057609558,0.6518601604607788,0,0,0,1,1.89,0,2,22.0,129.47398376464844,0,0,0,0,0,5777.json,NotBuggy
3,0.6449580788612366,0.8950413916126303,0,0,0,1,1.89,0,0,15.0,132.25152587890625,0,0,0,0,0,6963.json,NotBuggy
3,0.6360668540000916,0.6810523253654239,0,0,0,1,3.77,0,0,19.0,130.34019470214844,0,2,0,0,0,1317.json,NotBuggy
3,0.3476245105266571,0.8781046581123169,0,0,0,1,1.89,0,0,14.0,132.4454345703125,0,0,0,0,0,4486.json,NotBuggy
3,0.7881513237953186,0.7841930572861792,0,0,0,1,1.89,0,0,20.0,130.07347106933594,0,2,0,0,0,1838.json,NotBuggy
3,0.3909766972064972,0.7471673589949341,0,0,0,1,1.89,0,1,19.0,130.34019470214844,0,0,0,0,0,654.json,NotBuggy
3,0.4370391368865967,0.768012532477489,0,0,0,1,1.89,0,1,18.0,130.7338104248047,0,0,0,0,0,5985.json,NotBuggy
10,0.4078632891178131,0.880138146902144,2,2,4,3,2.53,1,3,41.0,106.08629608154297,0,0,0,0,0,109.json,NotBuggy
6,0.30339765548706055,0.590239437832187,1,1,2,2,2.75,1,1,34.0,115.56517028808594,0,1,0,0,0,2886.json,NotBuggy
32,0.0,4.79004289257864E-18,5,5,10,6,5.29,4,30,274.0,74.57289123535156,0,2,10,0,0,6329.json,NotBuggy
3,0.7534329891204834,0.8536903718848383,0,0,0,1,0.94,0,0,14.0,132.4454345703125,0,1,0,0,0,6260.json,NotBuggy
7,0.8835172653198242,0.015791521890285508,5,4,9,4,1.81,0,4,64.0,108.76529693603516,0,1,1,0,0,5728.json,NotBuggy
24,0.012266416102647781,8.509717114997235E-8,9,9,18,7,1.52,2,16,164.0,82.59172058105469,1,3,4,0,0,5864.json,NotBuggy
5,0.06668537855148315,0.26435680423888586,1,1,2,2,2.99,1,3,37.0,117.91622161865234,0,2,0,0,0,3404.json,NotBuggy
5,0.04873201996088028,0.8079063205959705,0,0,0,1,1.96,0,4,23.0,120.96746826171875,0,2,0,0,0,364.json,NotBuggy
3,0.23587587475776672,0.5290722133443982,0,0,0,1,1.89,0,2,25.0,128.8092498779297,0,2,0,0,0,1405.json,NotBuggy
6,0.7676856517791748,0.8814268185218519,0,0,0,1,5.5,0,0,26.0,117.59266662597656,0,0,0,0,0,5722.json,NotBuggy
3,0.39581018686294556,0.808486895053448,0,0,0,1,1.89,0,1,18.0,130.7338104248047,0,0,0,0,0,3657.json,NotBuggy
3,0.7435352206230164,0.9476671185286788,0,0,0,1,1.89,0,1,15.0,132.25152587890625,0,0,0,0,0,2333.json,NotBuggy
3,0.8503061532974243,0.943561823716279,0,0,0,1,1.89,0,0,12.0,133.59722900390625,0,0,0,0,0,4015.json,NotBuggy
5,0.3391225039958954,0.6546001501041494,1,1,2,2,2.99,1,3,27.0,119.80731201171875,0,1,0,0,0,3170.json,NotBuggy
3,0.3710911273956299,0.6980043218692145,0,0,0,1,1.89,0,1,20.0,130.07347106933594,0,1,0,0,0,4158.json,NotBuggy
3,0.20125141739845276,0.6894361589163667,0,0,0,1,1.89,0,1,23.0,129.34671020507812,0,2,0,0,0,2141.json,NotBuggy
3,0.06227192282676697,0.6517724311931686,0,0,0,1,1.89,0,1,25.0,128.91311645507812,0,1,0,0,0,385.json,NotBuggy
8,0.5509123206138611,2.3988794629055236E-4,7,7,14,7,1.73,0,4,90.0,103.9828109741211,0,1,1,0,0,416.json,NotBuggy
3,0.0,1.5223117717452878E-6,2,2,4,3,1.89,0,14,101.0,120.19263458251953,0,2,0,0,0,965.json,NotBuggy
6,0.22257527709007263,0.11410708148531282,3,1,4,2,2.75,0,3,45.0,113.6710433959961,0,2,1,0,0,1584.json,NotBuggy
7,0.07886260747909546,0.14850571966220402,1,1,2,2,2.56,1,1,50.0,110.7552719116211,0,2,0,0,0,21.json,NotBuggy
3,0.034125130623579025,0.4717370637080836,0,0,0,1,1.89,0,1,24.0,128.83535766601562,0,1,0,0,0,5887.json,NotBuggy
3,1.059714995790273E-4,0.2828839427919332,0,0,0,1,1.89,0,1,33.0,127.17938995361328,0,2,0,0,0,4092.json,NotBuggy
4,0.35748037695884705,0.9082101033768047,0,0,0,1,3.46,0,0,12.0,128.936767578125,0,0,0,0,0,6050.json,NotBuggy
9,0.0901472344994545,0.6434650079180282,2,2,4,3,2.67,1,4,40.0,107.83753204345703,0,1,0,0,0,4544.json,NotBuggy
5,0.3719973862171173,0.7279997567524603,1,1,2,2,2.99,1,3,27.0,119.80731201171875,0,1,0,0,0,3907.json,NotBuggy
3,0.6986923813819885,0.9502277554410598,0,0,0,1,1.89,0,0,12.0,133.59722900390625,0,0,0,0,0,4569.json,NotBuggy
3,0.6763473153114319,0.7949984025923356,0,0,0,1,1.89,0,0,20.0,130.07347106933594,0,2,0,0,0,257.json,NotBuggy
3,0.7124990224838257,0.8825055238438115,0,0,0,1,1.89,0,0,15.0,131.9385528564453,0,0,0,0,0,5342.json,NotBuggy
3,0.5574511289596558,0.843269481604877,0,0,0,1,1.89,0,0,17.0,131.03103637695312,0,2,0,0,0,1360.json,NotBuggy
3,0.08426611125469208,0.937119154585289,0,0,0,1,1.89,0,0,12.0,133.59722900390625,0,0,0,0,0,3883.json,NotBuggy
3,0.40522080659866333,0.7095524405239718,0,0,0,1,1.89,0,1,21.0,129.93223571777344,0,0,0,0,0,4467.json,NotBuggy
8,0.04139624536037445,0.08346362572424743,2,1,3,3,3.87,2,5,51.0,108.01278686523438,0,2,1,0,0,6376.json,NotBuggy
3,0.03441458195447922,0.9523257899015832,0,0,0,1,1.89,0,0,12.0,133.59722900390625,0,0,0,0,0,2933.json,NotBuggy
8,0.04050924628973007,0.10880216202633147,1,1,2,3,3.87,2,5,53.0,107.99269104003906,0,2,1,0,0,1487.json,NotBuggy
3,0.9452829957008362,0.961780082630329,0,0,0,1,1.89,0,0,12.0,133.59722900390625,0,0,0,0,0,6239.json,NotBuggy
3,0.7986206412315369,0.9535135657131175,0,0,0,1,1.89,0,0,12.0,133.59722900390625,0,0,0,0,0,6331.json,NotBuggy
5,0.6667929291725159,0.7586049734105734,0,0,0,1,1.96,0,1,28.0,119.94457244873047,0,0,1,0,0,325.json,NotBuggy
3,0.0,2.774827782852241E-4,1,1,2,2,1.89,0,9,71.0,122.35730743408203,0,2,0,0,0,1364.json,NotBuggy
17,0.518210768699646,0.5218714370733922,0,0,0,1,3.43,1,4,71.0,94.54124450683594,0,0,1,0,0,5140.json,NotBuggy
24,4.278463893570006E-4,0.0016701609931458316,2,5,7,6,3.45,1,11,121.0,84.97817993164062,0,2,1,0,0,1330.json,NotBuggy
3,0.8474888801574707,0.955416979507115,0,0,0,1,1.89,0,0,12.0,133.59722900390625,0,0,0,0,0,3725.json,NotBuggy
3,0.1963556408882141,0.7067208864261755,0,0,0,1,1.89,0,1,22.0,129.69032287597656,0,2,0,0,0,2232.json,NotBuggy
23,0.0027243506629019976,4.491368979373948E-11,7,6,13,7,3.04,2,15,183.0,82.22836303710938,0,3,6,0,0,6449.json,NotBuggy
3,0.7682719230651855,0.9502743407705194,0,0,0,1,1.89,0,0,12.0,133.59722900390625,0,0,0,0,0,3634.json,NotBuggy
3,0.3298358619213104,0.8335077179939792,0,0,0,1,1.89,0,1,19.0,130.34019470214844,0,0,0,0,0,5107.json,NotBuggy
6,0.4201827943325043,0.10222429276727134,0,0,0,2,2.75,1,1,44.0,113.78789520263672,0,1,1,0,0,6662.json,NotBuggy
3,0.0035484021063894033,0.039915915501324256,0,0,0,1,1.89,0,4,42.0,125.55176544189453,0,2,0,0,0,1020.json,NotBuggy
3,0.19082090258598328,0.7450151017740485,0,0,0,1,1.89,0,1,22.0,129.69032287597656,0,2,0,0,0,2279.json,NotBuggy
3,0.8567290902137756,0.8805337334767191,0,0,0,1,1.89,0,1,16.0,131.75106811523438,0,0,0,0,0,4412.json,NotBuggy
3,0.07923547178506851,0.6689303149206868,0,0,0,1,1.89,0,1,22.0,129.69032287597656,0,2,0,0,0,3389.json,NotBuggy
3,0.04985847324132919,0.742677232351711,0,0,0,1,1.89,0,1,21.0,129.93223571777344,0,1,0,0,0,6977.json,NotBuggy
3,0.34180089831352234,0.6639585011319403,0,0,0,1,1.89,0,1,22.0,129.47398376464844,0,2,0,0,0,1720.json,NotBuggy
3,0.7796722054481506,0.7985883080126532,0,0,0,1,1.89,0,0,17.0,131.28770446777344,0,1,0,0,0,5999.json,NotBuggy
3,0.3027069866657257,0.8171793705357068,0,0,0,1,1.89,0,1,18.0,130.7338104248047,0,0,0,0,0,3056.json,NotBuggy
3,0.782867431640625,0.7869156106043179,0,0,0,1,1.89,0,0,20.0,130.07347106933594,0,2,0,0,0,1842.json,NotBuggy
3,0.5346800088882446,0.7545430484811911,0,0,0,1,1.89,0,0,18.0,130.85629272460938,0,0,0,0,0,6817.json,Buggy
3,0.9079625606536865,0.9752064689453922,0,0,0,1,1.89,0,0,12.0,133.59722900390625,0,0,0,0,0,4748.json,NotBuggy
16,0.07894287258386612,7.676023651381894E-4,12,4,16,5,2.4,1,12,110.0,92.2202377319336,0,2,1,0,0,2032.json,NotBuggy
3,0.9205911755561829,0.9599470609783713,0,0,0,1,1.89,0,0,12.0,133.59722900390625,0,0,0,0,0,5031.json,NotBuggy
3,0.23732097446918488,0.6998351797628358,0,0,0,1,1.89,0,1,22.0,129.69032287597656,0,2,0,0,0,2244.json,NotBuggy
15,0.005165116395801306,2.2824115403702162E-4,2,3,5,4,3.52,1,9,102.0,93.65790557861328,0,2,2,0,0,939.json,NotBuggy
7,0.49323198199272156,0.5115800444100431,2,1,3,3,3.96,0,1,39.0,111.75090026855469,0,1,2,0,0,5239.json,NotBuggy
3,0.40395522117614746,0.757112612907655,0,0,0,1,1.89,0,1,19.0,130.34019470214844,0,0,0,0,0,3293.json,NotBuggy
3,0.0,1.8999303733428836E-6,2,2,4,3,1.89,0,12,99.0,120.248779296875,0,2,0,0,0,1427.json,NotBuggy
3,0.19460450112819672,0.7124860021257364,0,0,0,1,1.89,0,1,22.0,129.69032287597656,0,2,0,0,0,2298.json,NotBuggy
3,0.9248546957969666,0.9631633915271142,0,0,0,1,1.89,0,0,12.0,133.59722900390625,0,0,0,0,0,812.json,NotBuggy
3,0.3163830041885376,0.9468378772923466,0,0,0,1,1.89,0,0,12.0,133.59722900390625,0,0,0,0,0,5256.json,NotBuggy
4,0.0019855021964758635,0.39727724700547706,0,0,0,1,2.0,0,4,31.0,122.76004028320312,0,1,0,0,0,5085.json,NotBuggy
11,0.0012417600955814123,3.277194860336051E-5,4,2,6,3,3.53,2,9,93.0,99.06838989257812,0,2,3,0,0,6385.json,Buggy
3,6.694206385873258E-4,0.05660353581836097,1,1,2,2,1.89,0,5,41.0,125.51344299316406,0,2,0,0,0,1410.json,NotBuggy
20,0.001093425089493394,3.604746175193349E-5,2,4,6,5,3.46,1,12,125.0,87.7100830078125,0,2,2,0,0,911.json,NotBuggy
3,0.19365328550338745,0.7126670914205638,0,0,0,1,1.89,0,1,22.0,129.69032287597656,0,2,0,0,0,2236.json,NotBuggy
3,0.1838928759098053,0.710858088661494,0,0,0,1,1.89,0,1,22.0,129.69032287597656,0,2,0,0,0,2300.json,NotBuggy
3,0.2391681969165802,0.8635066180617259,0,0,0,1,1.89,0,0,14.0,132.4454345703125,0,0,0,0,0,3531.json,NotBuggy
3,0.3617204427719116,0.814249141858103,0,0,0,1,1.89,0,1,18.0,130.7338104248047,0,0,0,0,0,3655.json,NotBuggy
3,0.04012753814458847,0.3105327601930031,0,0,0,1,1.89,0,1,28.0,127.79666137695312,0,2,0,0,0,5845.json,NotBuggy
3,0.4549112617969513,0.8643641450962217,0,0,0,1,1.89,0,1,19.0,130.57513427734375,0,1,0,0,0,5206.json,NotBuggy
3,0.371975302696228,0.6507002463120226,0,0,0,1,1.89,0,1,22.0,129.47398376464844,0,2,0,0,0,1728.json,NotBuggy
3,0.0029152685310691595,0.42289077626154337,0,0,0,1,1.89,0,3,28.0,128.1235809326172,0,2,0,0,0,567.json,NotBuggy
5,0.46580997109413147,0.599499498133449,0,0,0,1,1.96,0,2,31.0,119.41529846191406,0,0,1,0,0,5759.json,NotBuggy
3,0.0,0.0024059590358050205,1,1,2,2,1.89,0,7,58.0,123.408935546875,0,2,0,0,0,1435.json,NotBuggy
3,0.19555886089801788,0.7327684989206806,0,0,0,1,1.89,0,1,22.0,129.69032287597656,0,2,0,0,0,2263.json,NotBuggy
3,0.671998918056488,0.9100030805594377,0,0,0,1,1.89,0,1,15.0,132.25152587890625,0,0,0,0,0,6173.json,NotBuggy
3,0.7636223435401917,0.9532690084977747,0,0,0,1,1.89,0,0,12.0,133.59722900390625,0,0,0,0,0,4489.json,NotBuggy
3,0.9026142954826355,0.6073760064777637,0,0,0,1,1.89,0,0,22.0,129.47398376464844,0,0,0,0,0,415.json,NotBuggy
5,0.5370001792907715,0.784522905454693,1,1,2,2,2.99,1,2,26.0,120.0035629272461,0,1,0,0,0,5003.json,NotBuggy
3,0.36702507734298706,0.6563086296793367,0,0,0,1,1.89,0,1,22.0,129.47398376464844,0,2,0,0,0,1682.json,NotBuggy
3,0.08881761878728867,0.9550747373572406,0,0,0,1,1.89,0,0,12.0,133.59722900390625,0,0,0,0,0,2892.json,NotBuggy
17,0.1762036234140396,0.024437598545713275,5,5,10,6,3.87,2,5,84.0,92.26665496826172,0,1,1,0,0,4274.json,NotBuggy
13,0.004610695876181126,2.5672956336589798E-5,2,3,5,4,4.92,3,9,105.0,95.59899139404297,0,5,2,0,0,432.json,NotBuggy
3,0.7887635231018066,0.9455279620828512,0,0,0,1,1.89,0,0,12.0,133.59722900390625,0,0,0,0,0,3484.json,NotBuggy
3,0.7578322887420654,0.9545685195255748,0,0,0,1,1.89,0,0,12.0,133.59722900390625,0,0,0,0,0,3506.json,NotBuggy
3,0.7968025803565979,0.7676960624002025,0,0,0,1,1.89,0,0,20.0,130.07347106933594,0,2,0,0,0,1873.json,NotBuggy
15,0.002268517855554819,3.6377233893125903E-5,3,4,7,5,3.52,1,12,113.0,92.93791961669922,0,2,2,0,0,917.json,NotBuggy
6,0.6807349920272827,0.873953627578471,0,0,0,1,5.5,0,0,26.0,117.59266662597656,0,0,0,0,0,5632.json,NotBuggy
3,0.37003791332244873,0.7335356216345577,0,0,0,1,1.89,0,1,19.0,130.34019470214844,0,0,0,0,0,3287.json,NotBuggy
3,0.7820066809654236,0.7817434445133232,0,0,0,1,1.89,0,0,20.0,130.07347106933594,0,2,0,0,0,1833.json,NotBuggy
3,0.41396424174308777,0.8716896609580497,0,0,0,1,1.89,0,1,15.0,132.25152587890625,0,0,0,0,0,6031.json,NotBuggy
3,0.3691382110118866,0.9487936012022881,0,0,0,1,1.89,0,0,12.0,133.59722900390625,0,0,0,0,0,3839.json,NotBuggy
3,0.8813729286193848,0.9597042109376592,0,0,0,1,1.89,0,0,12.0,133.59722900390625,0,0,0,0,0,3752.json,NotBuggy
3,0.26656296849250793,0.7734405727034391,0,0,0,1,1.89,0,1,18.0,130.7338104248047,0,0,0,0,0,3666.json,NotBuggy
3,0.0932900682091713,0.9444852894404712,0,0,0,1,1.89,0,0,12.0,133.59722900390625,0,0,0,0,0,2934.json,NotBuggy
7,0.03499022126197815,0.3640996278633208,1,1,2,2,3.02,1,3,40.0,111.98572540283203,0,1,0,0,0,6912.json,NotBuggy
3,0.37008926272392273,0.7214531792518578,0,0,0,1,1.89,0,1,21.0,129.93223571777344,0,0,0,0,0,3553.json,NotBuggy
3,0.7727422714233398,0.9007238506170345,0,0,0,1,1.89,0,1,15.0,132.086669921875,0,0,0,0,0,137.json,NotBuggy
3,0.01733008213341236,0.6538854231689364,0,0,0,1,1.89,0,2,21.0,129.93223571777344,0,0,0,0,0,4150.json,NotBuggy
3,0.23650680482387543,0.6655661113526461,0,0,0,1,1.89,0,1,23.0,129.34671020507812,0,2,0,0,0,2201.json,NotBuggy
3,0.7746753096580505,0.7883353219279432,0,0,0,1,1.89,0,0,20.0,130.07347106933594,0,2,0,0,0,1902.json,NotBuggy
9,0.006704668514430523,0.008868309319503597,1,2,3,3,2.67,1,3,66.0,104.70951843261719,0,2,0,0,0,5856.json,NotBuggy
8,0.03501567244529724,0.3371688098968406,0,0,0,1,4.36,0,8,42.0,109.59934997558594,0,0,0,0,0,6252.json,NotBuggy
3,1.059714995790273E-4,0.2828839427919332,0,0,0,1,1.89,0,1,33.0,127.17938995361328,0,2,0,0,0,2979.json,NotBuggy
3,0.3541962504386902,0.7957036630845457,0,0,0,1,1.89,0,1,18.0,130.7338104248047,0,0,0,0,0,3967.json,NotBuggy
3,0.005118012893944979,0.4922307735849459,0,0,0,1,1.89,0,1,28.0,128.1235809326172,0,2,0,0,0,4223.json,NotBuggy
10,0.023560350760817528,0.0030039930387279804,2,2,4,3,3.49,1,6,75.0,102.14214324951172,0,2,2,0,0,912.json,NotBuggy
5,0.02233223244547844,0.3038406295202989,0,0,0,1,1.96,0,2,35.0,118.5140380859375,0,1,0,0,0,3538.json,NotBuggy
3,0.3222140371799469,0.5539275714558376,0,0,0,1,1.89,0,0,23.0,129.2428436279297,0,1,0,0,0,4768.json,NotBuggy
10,0.3710322380065918,0.040610788763527805,6,2,8,3,2.53,1,6,68.0,102.958984375,0,2,1,0,0,2091.json,NotBuggy
3,0.11996175348758698,0.9476229624566799,0,0,0,1,1.89,0,0,12.0,133.59722900390625,0,0,0,0,0,4066.json,NotBuggy
5,0.5104893445968628,0.7523964790518392,1,1,2,2,2.99,1,3,27.0,119.80731201171875,0,1,0,0,0,3644.json,NotBuggy
5,0.7661678791046143,0.8560094365330505,1,1,2,2,2.99,0,1,26.0,120.20379638671875,0,1,0,0,0,4236.json,NotBuggy
3,0.7512909770011902,0.9034717697146929,0,0,0,1,1.89,0,1,15.0,132.086669921875,0,0,0,0,0,4807.json,NotBuggy
3,0.06587959080934525,0.29931426685208296,0,0,0,1,1.89,0,2,29.0,127.68843078613281,0,2,0,0,0,4557.json,NotBuggy
3,0.7874614596366882,0.9160250081057517,0,0,0,1,1.89,0,0,15.0,131.9385528564453,0,0,0,0,0,2390.json,NotBuggy
3,0.4910008907318115,0.8470716464921827,0,0,0,1,1.89,0,1,19.0,130.34019470214844,0,0,0,0,0,595.json,NotBuggy
3,0.34287360310554504,0.7137656857376292,0,0,0,1,1.89,0,1,19.0,130.34019470214844,0,0,0,0,0,3262.json,NotBuggy
3,0.06765931844711304,0.6255165190254907,0,0,0,1,1.89,0,2,25.0,128.91311645507812,0,2,0,0,0,5086.json,NotBuggy
3,0.3153530955314636,0.7687264183566046,0,0,0,1,1.89,0,1,18.0,130.7338104248047,0,0,0,0,0,3183.json,NotBuggy
6,0.09371528029441833,0.3755945763963944,1,1,2,2,2.75,1,4,37.0,115.12547302246094,0,2,0,0,0,15.json,NotBuggy
3,0.37003791332244873,0.7335356216345577,0,0,0,1,1.89,0,1,19.0,130.34019470214844,0,0,0,0,0,3281.json,NotBuggy
3,0.5333688259124756,0.7527931679137406,0,0,0,1,1.89,0,1,21.0,129.93223571777344,0,0,0,0,0,4153.json,NotBuggy
3,0.43324026465415955,0.7761149992078462,0,0,0,1,1.89,0,1,19.0,130.34019470214844,0,0,0,0,0,691.json,NotBuggy
3,0.6592919826507568,0.8980472048912758,0,0,0,1,1.89,0,2,16.0,131.91592407226562,0,0,0,0,0,6728.json,NotBuggy
3,0.005341689568012953,0.37165694842489827,0,0,0,1,1.89,0,1,30.0,127.67500305175781,0,2,0,0,0,2352.json,NotBuggy
9,0.1029791459441185,0.44910695129757516,0,0,0,1,2.67,1,3,46.0,107.57077026367188,0,1,0,0,0,5365.json,NotBuggy
7,0.9708501100540161,0.07115474458181695,5,4,9,4,1.81,0,3,58.0,109.3342514038086,0,1,1,0,0,6577.json,NotBuggy
5,0.15905943512916565,0.6666855679383606,1,1,2,2,2.99,0,1,31.0,119.08892822265625,0,2,0,0,0,4110.json,NotBuggy
12,0.1643437147140503,0.00921075375003412,5,3,8,4,4.85,3,3,73.0,98.97126007080078,0,2,3,0,0,96.json,NotBuggy
3,0.19381311535835266,0.7172636274887815,0,0,0,1,1.89,0,1,22.0,129.69032287597656,0,2,0,0,0,2269.json,NotBuggy
5,0.15905943512916565,0.6666855679383606,1,1,2,2,2.99,0,1,31.0,119.08892822265625,0,2,0,0,0,2759.json,NotBuggy
18,1.7693535482976586E-4,8.487105931390615E-10,2,4,6,5,3.12,3,15,167.0,87.44038391113281,0,1,3,0,0,6352.json,NotBuggy
3,0.37079477310180664,0.6688663719992644,0,0,0,1,1.89,0,1,22.0,129.47398376464844,0,2,0,0,0,1672.json,NotBuggy
5,0.54952472448349,0.7031290050792255,0,0,0,1,1.96,0,2,31.0,119.41529846191406,0,0,1,0,0,5689.json,NotBuggy
3,0.6635921597480774,0.9174397396012144,0,0,0,1,1.89,0,1,15.0,132.25152587890625,0,0,0,0,0,6841.json,NotBuggy
9,9.458378772251308E-4,0.023401919897075976,1,1,2,2,2.27,0,4,59.0,105.52252960205078,0,1,0,0,0,3224.json,NotBuggy
3,0.0067391167394816875,0.5043417881464215,0,0,0,1,1.89,0,2,27.0,128.4090576171875,0,1,0,0,0,4595.json,NotBuggy
3,1.059714995790273E-4,0.2828839427919332,0,0,0,1,1.89,0,1,33.0,127.17938995361328,0,2,0,0,0,3755.json,NotBuggy
3,0.9175833463668823,0.9634430581312957,0,0,0,1,1.89,0,0,12.0,133.59722900390625,0,0,0,0,0,4604.json,NotBuggy
6,0.0066937655210494995,0.020121753003599804,2,2,4,2,2.75,1,6,53.0,112.4989013671875,0,2,0,0,0,5037.json,NotBuggy
3,0.0012819505063816905,0.8956783742550859,0,0,0,1,1.89,0,0,12.0,133.59722900390625,0,0,0,0,0,5258.json,NotBuggy
3,1.1062722478527576E-4,0.2001914615583875,0,0,0,1,1.89,0,1,35.0,126.78941345214844,0,2,0,0,0,642.json,NotBuggy
3,0.005118012893944979,0.4922307735849459,0,0,0,1,1.89,0,1,28.0,128.1235809326172,0,2,0,0,0,4188.json,NotBuggy
7,0.0058156996965408325,0.025840836517403952,0,0,0,1,4.37,0,7,52.0,110.3785629272461,0,0,0,0,0,6264.json,NotBuggy
7,0.020258162170648575,0.00914270622851367,2,1,3,2,2.56,1,4,59.0,109.54173278808594,0,1,2,0,0,5583.json,NotBuggy
3,0.7192063927650452,0.9437773158186794,0,0,0,1,1.89,0,1,14.0,132.79563903808594,0,0,0,0,0,5131.json,NotBuggy
5,0.2015913873910904,0.6908122045278983,1,1,2,2,2.99,1,3,27.0,119.80731201171875,0,1,0,0,0,3044.json,NotBuggy
6,6.577650201506913E-4,0.15281815342232508,0,0,0,1,1.89,0,6,42.0,114.38914489746094,0,2,0,0,0,527.json,NotBuggy
11,0.03535008057951927,0.012014156937328652,4,3,7,4,3.95,2,4,72.0,100.62635803222656,0,2,1,0,0,4501.json,NotBuggy
3,0.5864221453666687,0.7496442423335277,0,0,0,1,1.89,0,0,19.0,130.57513427734375,0,0,0,0,0,800.json,NotBuggy
3,0.3066597580909729,0.8982683706479595,0,0,0,1,1.89,0,0,14.0,132.4454345703125,0,0,0,0,0,4154.json,NotBuggy
3,0.8633283376693726,0.9529032681091304,0,0,0,1,1.89,0,0,12.0,133.59722900390625,0,0,0,0,0,4101.json,NotBuggy
3,0.11572666466236115,0.4413297869952042,0,0,0,1,1.89,0,4,27.0,128.31268310546875,0,0,0,0,0,2387.json,NotBuggy
11,0.0,2.9191189726794815E-4,3,3,6,3,14.43,2,13,88.0,99.68012237548828,0,3,0,0,0,5801.json,NotBuggy
3,0.08450902253389359,0.4659901358334048,0,0,0,1,1.89,0,1,28.0,128.21994018554688,0,0,0,0,0,706.json,NotBuggy
3,0.8758768439292908,0.9123054196111913,0,0,0,1,1.89,0,0,13.0,132.9956512451172,0,0,0,0,0,5552.json,NotBuggy
3,0.7033316493034363,0.9469774652043643,0,0,0,1,1.89,0,0,12.0,133.59722900390625,0,0,0,0,0,3624.json,NotBuggy
3,0.9523415565490723,0.9454281556271463,0,0,0,1,1.89,0,1,14.0,132.61029052734375,0,0,0,0,0,5349.json,NotBuggy
3,1.059714995790273E-4,0.2828839427919332,0,0,0,1,1.89,0,1,33.0,127.17938995361328,0,2,0,0,0,3498.json,NotBuggy
3,0.9670782685279846,0.9736585417058966,0,0,0,1,1.89,0,0,12.0,133.59722900390625,0,0,0,0,0,6498.json,NotBuggy
3,0.7032517194747925,0.5214630303312332,0,0,0,1,1.89,0,3,24.0,128.92515563964844,0,0,0,0,0,2990.json,NotBuggy
3,0.3294871747493744,0.845010980597575,0,0,0,1,1.89,0,1,19.0,130.57513427734375,0,1,0,0,0,2378.json,NotBuggy
3,0.4547838866710663,0.7622131556025131,0,0,0,1,1.89,0,1,19.0,130.34019470214844,0,0,0,0,0,4055.json,NotBuggy
3,0.5312091112136841,0.9148850057239747,0,0,0,1,1.89,0,0,14.0,132.61029052734375,0,0,0,0,0,3166.json,NotBuggy
3,0.39003878831863403,0.8797652214643963,0,0,0,1,1.89,0,0,14.0,132.4454345703125,0,0,0,0,0,4049.json,NotBuggy
3,0.19747784733772278,0.7010844980944853,0,0,0,1,1.89,0,1,23.0,129.34671020507812,0,2,0,0,0,2163.json,NotBuggy
3,0.7741331458091736,0.7068407226796092,0,0,0,1,1.89,0,1,21.0,129.93223571777344,0,1,0,0,0,5115.json,NotBuggy
3,0.2498190701007843,0.8871025279453095,0,0,0,1,1.89,0,0,14.0,132.4454345703125,0,0,0,0,0,4036.json,NotBuggy
8,0.002232660073786974,0.194782417437913,0,0,0,1,5.29,0,5,52.0,108.92533111572266,0,1,0,0,0,7032.json,NotBuggy
5,0.3303774297237396,0.714056803550146,1,1,2,2,2.99,1,3,27.0,119.80731201171875,0,1,0,0,0,778.json,NotBuggy
3,0.8781866431236267,0.6861763046049134,0,0,0,1,3.77,0,0,23.0,129.58164978027344,0,0,0,0,0,5388.json,NotBuggy
3,0.26081323623657227,0.7620703526025786,0,0,0,1,1.89,0,1,18.0,130.7338104248047,0,0,0,0,0,3969.json,NotBuggy
3,0.5061506032943726,0.7261723594246637,0,0,0,1,1.89,0,1,21.0,129.93223571777344,0,0,0,0,0,2747.json,NotBuggy
3,0.9326223731040955,0.9650341474705376,0,0,0,1,1.89,0,0,12.0,133.59722900390625,0,0,0,0,0,5348.json,NotBuggy
3,0.3170391023159027,0.7559223548775968,0,0,0,1,1.89,0,1,19.0,130.34019470214844,0,0,0,0,0,4505.json,NotBuggy
11,0.21651534736156464,0.10406185488277875,4,3,7,4,3.95,2,4,63.0,101.52503204345703,0,1,1,0,0,3502.json,NotBuggy
3,2.169380895793438E-4,0.24874923484272773,0,0,0,1,1.89,0,0,34.0,127.11396026611328,0,4,0,0,0,403.json,NotBuggy
3,0.3631613254547119,0.752848716930504,0,0,0,1,1.89,0,1,19.0,130.34019470214844,0,0,0,0,0,4041.json,NotBuggy
3,0.0,0.004134708513554169,1,1,2,2,1.89,0,7,56.0,123.64588928222656,0,2,0,0,0,1351.json,NotBuggy
5,0.4491042494773865,0.0787131716329869,1,1,2,2,5.99,0,2,40.0,117.30009460449219,0,0,0,0,0,660.json,NotBuggy
3,0.34774330258369446,0.6543627218226646,0,0,0,1,1.89,0,1,22.0,129.47398376464844,0,2,0,0,0,1707.json,NotBuggy
3,0.8089402318000793,0.8749281115742852,0,0,0,1,1.89,0,2,16.0,131.75106811523438,0,0,0,0,0,6722.json,Buggy
40,0.0,1.895461424250052E-9,2,8,10,9,3.29,1,24,225.0,72.34869384765625,0,2,2,0,0,870.json,NotBuggy
4,0.4371914267539978,0.7966965559518759,0,0,0,1,2.0,0,1,22.0,125.02987670898438,0,1,0,0,0,5272.json,NotBuggy
3,0.8883672952651978,0.8845353443367362,0,0,0,1,1.89,0,1,16.0,131.91592407226562,0,1,0,0,0,5484.json,NotBuggy
3,0.9084603190422058,0.9115907864909613,0,0,0,1,1.89,0,1,16.0,131.75106811523438,0,0,0,0,0,3331.json,NotBuggy
3,0.02438768930733204,0.41783481334819994,0,0,0,1,1.89,0,2,28.0,128.1235809326172,0,2,0,0,0,1420.json,NotBuggy
15,0.0032731422688812017,0.0048432251768231955,3,2,5,3,3.53,2,8,101.0,93.6147689819336,0,3,2,0,0,5715.json,NotBuggy
3,0.4463455080986023,0.9372969411061217,0,0,0,1,1.89,0,0,12.0,133.59722900390625,0,0,0,0,0,4006.json,NotBuggy
20,8.804222452454269E-4,3.8667119301608497E-5,2,4,6,5,3.46,1,12,125.0,87.7100830078125,0,2,2,0,0,906.json,NotBuggy
3,0.733389675617218,0.9128701218288063,0,0,0,1,1.89,0,1,16.0,131.60296630859375,0,0,0,0,0,5780.json,NotBuggy
3,0.558075487613678,0.7527525814677267,0,0,0,1,1.89,0,1,21.0,129.93223571777344,0,0,0,0,0,603.json,NotBuggy
3,0.20315836369991302,0.6958520730414457,0,0,0,1,1.89,0,1,23.0,129.34671020507812,0,2,0,0,0,2183.json,NotBuggy
3,0.8618065118789673,0.9506123180325566,0,0,0,1,1.89,0,0,12.0,133.59722900390625,0,0,0,0,0,4450.json,NotBuggy
3,3.1179666984826326E-4,0.026659996132372892,0,0,0,1,1.89,0,4,45.0,125.25936889648438,0,2,0,0,0,1014.json,NotBuggy
3,0.029475189745426178,0.7221936333073455,0,0,0,1,1.89,0,2,21.0,130.05470275878906,0,0,0,0,0,675.json,NotBuggy
3,0.8308427929878235,0.9523501894547967,0,0,0,1,1.89,0,0,12.0,133.59722900390625,0,0,0,0,0,3853.json,NotBuggy
3,0.40522080659866333,0.7045494646395045,0,0,0,1,1.89,0,1,21.0,129.93223571777344,0,0,0,0,0,669.json,NotBuggy
18,0.0,1.8316502223329089E-7,3,5,8,6,5.3,5,19,138.0,88.22985076904297,0,4,3,0,0,7010.json,NotBuggy
3,0.2604285776615143,0.6612737766955363,0,0,0,1,1.89,0,1,23.0,129.34671020507812,0,2,0,0,0,2145.json,NotBuggy
6,0.8723044991493225,0.9501074499969455,1,1,2,2,2.75,1,1,23.0,118.12267303466797,0,1,0,0,0,2325.json,NotBuggy
3,0.34745168685913086,0.8035876963249361,0,0,0,1,1.89,0,1,18.0,130.7338104248047,0,0,0,0,0,788.json,NotBuggy
3,0.37512722611427307,0.9335943347079714,0,0,0,1,1.89,0,0,12.0,133.59722900390625,0,0,0,0,0,4809.json,NotBuggy
3,0.035859957337379456,0.5924374979963676,0,0,0,1,1.89,0,1,25.0,128.91311645507812,0,2,0,0,0,90.json,NotBuggy
11,0.07797028869390488,0.0612356657562929,2,1,3,2,3.09,1,3,64.0,101.52503967285156,0,2,1,0,0,5071.json,NotBuggy
5,0.9452700614929199,0.9430384654401632,0,0,0,1,5.43,0,0,21.0,121.77933502197266,0,0,0,0,0,5471.json,NotBuggy
3,0.3968685269355774,0.6289611675917556,0,0,0,1,1.89,0,1,22.0,129.47398376464844,0,2,0,0,0,1697.json,NotBuggy
8,0.09821243584156036,0.6187112633483444,1,1,2,2,2.83,1,6,43.0,110.08607482910156,0,2,0,0,0,503.json,NotBuggy
5,0.5766302347183228,0.6666442839126762,0,0,0,1,1.96,0,2,31.0,119.41529846191406,0,0,1,0,0,5733.json,NotBuggy
3,0.8892171382904053,0.9756468536185903,0,0,0,1,1.89,0,0,12.0,133.59722900390625,0,0,0,0,0,3355.json,NotBuggy
3,0.28983256220817566,0.7234743260280793,0,0,0,1,1.89,0,1,20.0,130.07347106933594,0,1,0,0,0,3013.json,NotBuggy
3,0.907468855381012,0.96090701345747,0,0,0,1,1.89,0,0,12.0,133.59722900390625,0,0,0,0,0,3433.json,NotBuggy
3,0.5061506032943726,0.7353234725646969,0,0,0,1,1.89,0,1,21.0,129.93223571777344,0,0,0,0,0,3439.json,NotBuggy
3,0.6294496655464172,0.8691204791911555,0,0,0,1,1.89,0,0,15.0,132.25152587890625,0,0,0,0,0,2745.json,NotBuggy
3,0.3968685269355774,0.6548748846116291,0,0,0,1,1.89,0,1,22.0,129.47398376464844,0,2,0,0,0,1643.json,NotBuggy
12,0.007028266787528992,1.0249849415334348E-4,12,4,16,5,2.75,0,12,99.0,97.37866973876953,0,2,1,0,0,1599.json,NotBuggy
3,0.3897293508052826,0.5911231036548624,0,0,0,1,1.89,0,4,24.0,129.2378692626953,0,0,0,0,0,5611.json,NotBuggy
3,0.0010271241189911962,0.6104522945717095,0,0,0,1,1.93,0,5,32.0,127.25540161132812,0,1,0,0,0,6807.json,NotBuggy
3,0.2029830515384674,0.7101588364761541,0,0,0,1,1.89,0,1,22.0,129.69032287597656,0,2,0,0,0,2230.json,NotBuggy
5,4.912533913739026E-4,0.0896695132054803,0,0,0,1,1.96,0,6,47.0,117.0650863647461,0,2,0,0,0,1459.json,NotBuggy
3,1.059714995790273E-4,0.2828839427919332,0,0,0,1,1.89,0,1,33.0,127.17938995361328,0,2,0,0,0,4355.json,NotBuggy
3,0.1618371158838272,0.6569252652240515,0,0,0,1,1.89,0,2,21.0,129.93223571777344,0,0,0,0,0,6571.json,NotBuggy
3,0.9057099223136902,0.9541186224267636,0,0,0,1,1.89,0,0,12.0,133.59722900390625,0,0,0,0,0,3616.json,NotBuggy
3,0.6193044185638428,0.633893890530857,0,0,0,1,1.89,0,2,21.0,129.81976318359375,0,1,0,0,0,4948.json,NotBuggy
3,0.3968685269355774,0.6539273145352884,0,0,0,1,1.89,0,1,22.0,129.47398376464844,0,2,0,0,0,1679.json,NotBuggy
12,0.1900310516357422,0.037075654164820074,7,5,12,5,2.75,0,4,72.0,99.19108581542969,0,1,1,0,0,2881.json,NotBuggy
3,0.5162652134895325,0.7748488553807147,0,0,0,1,1.89,0,2,19.0,130.57513427734375,0,0,0,0,0,6803.json,NotBuggy
15,0.005167676135897636,3.802198721797667E-4,2,3,5,4,3.52,1,9,100.0,93.80345153808594,0,2,2,0,0,920.json,NotBuggy
3,0.005118012893944979,0.4922307735849459,0,0,0,1,1.89,0,1,28.0,128.1235809326172,0,2,0,0,0,3683.json,NotBuggy
3,0.03846290335059166,0.9346359860479979,0,0,0,1,1.89,0,0,12.0,133.59722900390625,0,0,0,0,0,3875.json,NotBuggy
16,0.046520084142684937,0.036198493556138044,5,3,8,5,4.36,3,6,79.0,93.89170837402344,0,2,2,0,0,289.json,NotBuggy
7,0.030654767528176308,0.019506372887213037,0,0,0,1,1.81,0,5,53.0,110.2795181274414,0,1,1,0,0,2405.json,NotBuggy
3,0.29304954409599304,0.9115434103495816,0,0,0,1,1.89,0,0,14.0,132.61029052734375,0,0,0,0,0,3844.json,NotBuggy
8,0.026354975998401642,0.12209904333318745,1,1,2,3,3.87,2,5,53.0,107.99269104003906,0,2,1,0,0,1504.json,NotBuggy
6,0.9109565615653992,0.9575792164893685,0,0,0,1,5.5,0,0,26.0,117.59266662597656,0,0,0,0,0,4728.json,NotBuggy
3,0.5155376195907593,0.9412996532398167,0,0,0,1,1.89,0,0,12.0,133.59722900390625,0,0,0,0,0,3286.json,NotBuggy
3,0.45246392488479614,0.8173641805848021,0,0,0,1,1.89,0,1,18.0,130.7338104248047,0,0,0,0,0,798.json,NotBuggy
3,0.04918431118130684,0.4286093873967151,0,0,0,1,1.89,0,2,25.0,128.712890625,0,1,0,0,0,1148.json,NotBuggy
3,0.7605481147766113,0.8953510871198344,0,0,0,1,1.89,0,1,15.0,132.086669921875,0,0,0,0,0,5002.json,Buggy
5,0.4865690767765045,0.7292209581575623,1,1,2,2,2.99,1,3,27.0,119.80731201171875,0,1,0,0,0,3916.json,NotBuggy
3,0.5162254571914673,0.826773584486024,0,0,0,1,1.89,0,2,18.0,130.99049377441406,0,0,0,0,0,6849.json,NotBuggy
5,0.36088910698890686,0.70885262421523,1,1,2,2,2.99,1,3,27.0,119.80731201171875,0,1,0,0,0,3917.json,NotBuggy
3,0.3276166021823883,0.40470704055594975,0,0,0,1,1.89,0,4,27.0,128.22288513183594,0,0,0,0,0,683.json,NotBuggy
3,0.08768048137426376,0.2809208682694599,0,0,0,1,1.89,0,1,28.0,127.79666137695312,0,2,0,0,0,6591.json,NotBuggy
3,0.27864354848861694,0.8365679686964934,0,0,0,1,1.89,0,1,19.0,130.45266723632812,0,2,0,0,0,349.json,NotBuggy
3,0.6739360690116882,0.8740309414710338,0,0,0,1,1.89,0,1,15.0,132.086669921875,0,0,0,0,0,6659.json,NotBuggy
3,0.19398243725299835,0.6844812044916532,0,0,0,1,1.89,0,1,23.0,129.34671020507812,0,2,0,0,0,2199.json,NotBuggy
3,0.2949877679347992,0.94256848488772,0,0,0,1,1.89,0,0,12.0,133.59722900390625,0,0,0,0,0,3855.json,NotBuggy
3,0.4691298007965088,0.7885868709750622,0,0,0,1,1.89,0,0,17.0,131.03103637695312,0,0,0,0,0,5397.json,NotBuggy
5,0.5230131149291992,0.6555701504642525,0,0,0,1,1.96,0,2,31.0,119.41529846191406,0,0,1,0,0,5410.json,NotBuggy
3,0.024249926209449768,0.549455143586131,0,0,0,1,1.89,0,2,25.0,128.8092498779297,0,2,0,0,0,1483.json,NotBuggy
3,0.35639074444770813,0.7233199985080054,0,0,0,1,1.89,0,1,21.0,129.93223571777344,0,0,0,0,0,2993.json,NotBuggy
3,0.5312091112136841,0.9148850057239747,0,0,0,1,1.89,0,0,14.0,132.61029052734375,0,0,0,0,0,3194.json,NotBuggy
5,0.7661678791046143,0.8560094365330505,1,1,2,2,2.99,0,1,26.0,120.20379638671875,0,1,0,0,0,4096.json,NotBuggy
3,0.9797361493110657,0.8591398786874257,0,0,0,1,2.0,0,0,17.0,131.03103637695312,0,1,0,0,0,5571.json,NotBuggy
3,0.005118012893944979,0.4922307735849459,0,0,0,1,1.89,0,1,28.0,128.1235809326172,0,2,0,0,0,3788.json,NotBuggy
3,0.0,0.008053170678657792,0,0,0,1,1.89,0,9,50.0,124.41072082519531,0,1,0,0,0,5492.json,NotBuggy
10,0.008255824446678162,0.0010635998180670517,9,3,12,4,2.8,0,9,81.0,101.65565490722656,0,2,1,0,0,1621.json,NotBuggy
3,0.5545029640197754,0.8834983947703945,0,0,0,1,1.89,0,0,15.0,131.9385528564453,0,0,0,0,0,3740.json,NotBuggy
3,0.5632732510566711,0.8712915520093367,0,0,0,1,1.89,0,0,15.0,132.25152587890625,0,0,0,0,0,6530.json,NotBuggy
3,0.1050647720694542,0.9048984297824355,0,0,0,1,1.89,0,0,14.0,132.61029052734375,0,0,0,0,0,3906.json,NotBuggy
3,0.02767333574593067,0.6029057886837099,0,0,0,1,1.89,0,3,24.0,129.2378692626953,0,1,0,0,0,266.json,NotBuggy
5,0.9540427923202515,0.9263764221205911,0,0,0,1,5.43,0,0,23.0,121.18380737304688,0,0,0,0,0,5415.json,NotBuggy
6,0.21226736903190613,0.11381688503266865,3,1,4,2,2.75,0,3,45.0,113.6710433959961,0,2,1,0,0,1609.json,NotBuggy
5,0.7661678791046143,0.8560094365330505,1,1,2,2,2.99,0,1,26.0,120.20379638671875,0,1,0,0,0,4193.json,NotBuggy
4,0.01857564225792885,0.024797702687223453,0,0,0,1,2.0,0,2,46.0,120.29539489746094,0,3,1,0,0,6991.json,NotBuggy
11,0.009970759972929955,0.019518579145983324,3,2,5,3,4.27,2,6,69.0,101.22750091552734,0,2,0,0,0,5089.json,NotBuggy
3,2.9980542603880167E-4,0.02930554627817464,0,0,0,1,1.89,0,4,45.0,125.25936889648438,0,2,0,0,0,984.json,NotBuggy
3,0.7310441732406616,0.9201718309440386,0,0,0,1,1.89,0,0,15.0,131.9385528564453,0,0,0,0,0,377.json,NotBuggy
7,0.19892831146717072,0.1672159624475451,0,0,0,2,2.56,1,1,45.0,111.00237274169922,0,2,2,0,0,1000.json,NotBuggy
3,0.3696505129337311,0.6994105803978801,0,0,0,1,1.89,0,1,20.0,130.07347106933594,0,1,0,0,0,3707.json,NotBuggy
3,0.7354871034622192,0.9002659712140192,0,0,0,1,1.89,0,2,16.0,131.91592407226562,0,0,0,0,0,6714.json,NotBuggy
3,0.20880256593227386,0.6952351253419675,0,0,0,1,1.89,0,1,23.0,129.34671020507812,0,2,0,0,0,2202.json,NotBuggy
35,0.0,2.610483192362405E-8,2,7,9,8,3.32,1,21,200.0,75.3913803100586,0,2,2,0,0,877.json,NotBuggy
3,0.36063897609710693,0.7735391519453778,0,0,0,1,1.89,0,1,18.0,130.7338104248047,0,0,0,0,0,5597.json,NotBuggy
3,0.5095325708389282,0.6254362514600064,0,0,0,1,1.89,0,1,22.0,129.69032287597656,0,1,0,0,0,6184.json,NotBuggy
3,0.9317311644554138,0.9778493955798757,0,0,0,1,1.89,0,0,12.0,133.59722900390625,0,0,0,0,0,187.json,NotBuggy
4,0.03094935603439808,0.5936961343638549,0,0,0,1,2.0,0,2,28.0,123.66336059570312,0,2,0,0,0,3405.json,NotBuggy
3,0.47091472148895264,0.9368176660059344,0,0,0,1,1.89,0,0,14.0,132.61029052734375,0,0,0,0,0,764.json,NotBuggy
3,0.03177132084965706,0.4054267152661413,0,0,0,1,1.89,0,2,28.0,128.1235809326172,0,2,0,0,0,1349.json,NotBuggy
30,0.0,3.225564852698976E-8,3,7,10,8,3.36,1,21,188.0,78.2486343383789,0,2,2,0,0,882.json,NotBuggy
3,0.5428611040115356,0.9257565733755114,0,0,0,1,1.89,0,0,14.0,132.61029052734375,0,0,0,0,0,762.json,NotBuggy
18,2.378105273237452E-4,1.2566159050215944E-6,5,2,7,2,10.5,3,19,134.0,89.33116149902344,0,2,3,0,0,41.json,NotBuggy
3,0.291932076215744,0.930421208371998,0,0,0,1,1.89,0,0,12.0,133.59722900390625,0,0,0,0,0,3233.json,NotBuggy
14,0.006157055031508207,1.5457910818074267E-4,4,2,6,4,5.97,3,10,95.0,94.85260772705078,0,2,2,0,0,5788.json,NotBuggy
3,0.24116456508636475,0.6854323747996598,0,0,0,1,1.89,0,1,23.0,129.34671020507812,0,2,0,0,0,2149.json,NotBuggy
3,1.059714995790273E-4,0.2828839427919332,0,0,0,1,1.89,0,1,33.0,127.17938995361328,0,2,0,0,0,4057.json,NotBuggy
8,0.09864265471696854,0.39132295975110387,2,1,3,3,3.87,2,2,45.0,108.98004150390625,0,1,1,0,0,5426.json,NotBuggy
3,1.059714995790273E-4,0.2828839427919332,0,0,0,1,1.89,0,1,33.0,127.17938995361328,0,2,0,0,0,4160.json,NotBuggy
3,0.9205911755561829,0.9627610586823951,0,0,0,1,1.89,0,0,12.0,133.59722900390625,0,0,0,0,0,4210.json,NotBuggy
3,0.029460109770298004,0.33569035039172823,0,0,0,1,1.89,0,2,30.0,127.67500305175781,0,2,0,0,0,1025.json,NotBuggy
3,0.3153530955314636,0.7687264183566046,0,0,0,1,1.89,0,1,18.0,130.7338104248047,0,0,0,0,0,3179.json,NotBuggy
3,0.6878747344017029,0.6775663640729971,0,0,0,1,1.89,0,0,20.0,130.07347106933594,0,2,0,0,0,6674.json,NotBuggy
3,0.43056023120880127,0.7805563729345206,0,0,0,1,1.89,0,1,18.0,130.7338104248047,0,0,0,0,0,3946.json,NotBuggy
6,0.003178567625582218,0.1107739894512217,0,0,0,1,5.5,0,6,47.0,113.80426025390625,0,0,0,0,0,2421.json,NotBuggy
6,0.07680917531251907,0.10119822325384065,2,2,4,2,2.75,1,5,44.0,113.78789520263672,0,1,0,0,0,16.json,NotBuggy
3,0.2861972153186798,0.7519415786772726,0,0,0,1,1.89,0,1,19.0,130.34019470214844,0,0,0,0,0,2966.json,NotBuggy
3,0.40096259117126465,0.8877159879144073,0,0,0,1,1.89,0,0,15.0,132.25152587890625,0,0,0,0,0,6127.json,NotBuggy
3,0.39730221033096313,0.7406015451356054,0,0,0,1,1.89,0,1,19.0,130.34019470214844,0,0,0,0,0,4296.json,NotBuggy
177,0.0,1.2096558231682532E-28,1,164,165,166,1.27,2,0,553.0,5.585305690765381,0,0,0,0,0,5364.json,NotBuggy
3,0.5162194967269897,0.7690343576993744,0,0,0,1,1.89,0,1,19.0,130.57513427734375,0,1,0,0,0,5026.json,NotBuggy
3,0.9269015789031982,0.9632140599946025,0,0,0,1,1.89,0,0,12.0,133.59722900390625,0,0,0,0,0,6163.json,NotBuggy
3,0.04213583096861839,0.831651556114809,0,0,0,1,1.89,0,1,19.0,130.45266723632812,0,0,0,0,0,5096.json,NotBuggy
3,0.7682719230651855,0.9533795041699922,0,0,0,1,1.89,0,0,12.0,133.59722900390625,0,0,0,0,0,3897.json,NotBuggy
10,0.023840153589844704,0.00300756504907824,2,2,4,3,3.49,1,6,75.0,102.14214324951172,0,2,2,0,0,904.json,NotBuggy
10,0.024498799815773964,0.003570683085137984,1,1,2,3,3.53,2,6,74.0,102.08412170410156,0,2,3,0,0,6479.json,NotBuggy
3,0.7738624215126038,0.7962443516141803,0,0,0,1,1.89,0,0,17.0,131.28770446777344,0,1,0,0,0,6645.json,NotBuggy
4,0.1418030858039856,0.6712128926920546,0,0,0,1,2.0,0,2,26.0,123.8484878540039,0,2,0,0,0,2398.json,NotBuggy
3,0.3198453187942505,0.8947055320255928,0,0,0,1,1.89,0,0,14.0,132.61029052734375,0,0,0,0,0,3892.json,NotBuggy
3,0.34181201457977295,0.6679552161379436,0,0,0,1,1.89,0,1,20.0,130.07347106933594,0,1,0,0,0,3229.json,NotBuggy
3,0.017810115590691566,0.6670713087250308,0,0,0,1,1.89,0,2,21.0,129.93223571777344,0,0,0,0,0,2782.json,NotBuggy
3,0.2391681969165802,0.8908023198370192,0,0,0,1,1.89,0,0,14.0,132.4454345703125,0,0,0,0,0,2843.json,NotBuggy
3,0.19855797290802002,0.7653697535736066,0,0,0,1,1.89,0,1,18.0,130.7338104248047,0,0,0,0,0,6053.json,NotBuggy
9,0.0014959594700485468,0.0263646299842718,1,1,2,2,2.27,0,4,59.0,105.52252960205078,0,1,0,0,0,3745.json,NotBuggy
3,0.9269015789031982,0.9605572346047624,0,0,0,1,1.89,0,0,12.0,133.59722900390625,0,0,0,0,0,6956.json,NotBuggy
3,0.9419674873352051,0.9276304190763274,0,0,0,1,1.89,0,0,13.0,132.9956512451172,0,0,0,0,0,5765.json,NotBuggy
3,0.08944770693778992,0.5826548225294541,0,0,0,1,1.89,0,2,23.0,129.34671020507812,0,1,0,0,0,6336.json,NotBuggy
3,0.709973156452179,0.95439963162672,0,0,0,1,1.89,0,0,12.0,133.59722900390625,0,0,0,0,0,4611.json,NotBuggy
5,0.3391225039958954,0.6546001501041494,1,1,2,2,2.99,1,3,27.0,119.80731201171875,0,1,0,0,0,3171.json,NotBuggy
3,0.188950315117836,0.7331774237199337,0,0,0,1,1.89,0,1,22.0,129.69032287597656,0,2,0,0,0,2320.json,NotBuggy
3,0.5299237966537476,0.9380469061495619,0,0,0,1,1.89,0,0,12.0,133.59722900390625,0,0,0,0,0,4294.json,NotBuggy
3,0.42466357350349426,0.8844398262003025,0,0,0,1,1.89,0,1,17.0,131.28770446777344,0,0,0,0,0,5419.json,NotBuggy
3,0.41724133491516113,0.8326187913205401,0,0,0,1,1.89,0,1,18.0,130.7338104248047,0,0,0,0,0,3659.json,NotBuggy
7,0.2020944356918335,0.6168738179837236,0,1,1,2,3.02,1,2,36.0,112.68669891357422,0,0,0,0,0,749.json,NotBuggy
3,0.4987471103668213,0.7280846499239347,0,0,0,1,1.89,0,1,21.0,129.93223571777344,0,0,0,0,0,4002.json,NotBuggy
3,0.3120924234390259,0.6522199694662706,0,0,0,1,0.94,0,1,21.0,129.81976318359375,0,0,0,0,0,6959.json,NotBuggy
3,0.2406756728887558,0.934734844684909,0,0,0,1,1.89,0,0,12.0,133.59722900390625,0,0,0,0,0,3626.json,NotBuggy
3,0.7556527853012085,0.8491152300642959,0,0,0,1,1.89,0,0,18.0,130.99049377441406,0,1,0,0,0,5507.json,NotBuggy
6,0.0010202254634350538,0.05895715613865656,2,2,4,2,2.75,1,5,51.0,113.08316802978516,0,1,0,0,0,5190.json,NotBuggy
7,0.848591685295105,0.020225068523457696,5,4,9,4,1.81,0,4,64.0,108.76529693603516,0,1,1,0,0,5688.json,NotBuggy
3,0.33465054631233215,0.9312822713591936,0,0,0,1,1.89,0,0,12.0,133.59722900390625,0,0,0,0,0,4808.json,NotBuggy
4,0.1303478628396988,0.6225556862590585,0,0,0,1,3.46,0,0,22.0,124.91740417480469,0,0,0,0,0,6221.json,NotBuggy
3,0.8051878213882446,0.7446643347893765,0,0,0,1,1.89,0,0,20.0,130.07347106933594,0,2,0,0,0,1911.json,NotBuggy
3,0.45522594451904297,0.726124619990941,0,0,0,1,1.89,0,1,21.0,129.93223571777344,0,0,0,0,0,4239.json,NotBuggy
3,0.8547940850257874,0.9576037233566259,0,0,0,1,1.89,0,0,12.0,133.59722900390625,0,0,0,0,0,4449.json,NotBuggy
3,0.39581018686294556,0.8131690952968673,0,0,0,1,1.89,0,1,18.0,130.7338104248047,0,0,0,0,0,3673.json,NotBuggy
3,0.2998062074184418,0.8848005816505624,0,0,0,1,1.89,0,0,15.0,132.25152587890625,0,0,0,0,0,6886.json,NotBuggy
3,0.9310294389724731,0.9060013345219119,0,0,0,1,2.0,0,1,19.0,130.45266723632812,0,2,0,0,0,5648.json,NotBuggy
3,0.378140926361084,0.652786176826179,0,0,0,1,1.89,0,1,22.0,129.47398376464844,0,2,0,0,0,1655.json,NotBuggy
3,0.834412157535553,0.9300685811815576,0,0,0,1,1.89,0,0,14.0,132.61029052734375,0,0,0,0,0,3886.json,NotBuggy
8,0.0,8.048981375561589E-5,0,0,0,1,1.73,0,8,87.0,105.49124908447266,0,5,2,0,0,7014.json,NotBuggy
3,0.8222349286079407,0.882122995131411,0,0,0,1,1.89,0,0,19.0,130.57513427734375,0,1,0,0,0,77.json,NotBuggy
20,0.001116995234042406,1.5332599490842647E-5,7,5,12,7,3.89,2,14,126.0,87.08973693847656,0,2,1,0,0,6666.json,NotBuggy
3,0.39468973875045776,0.7539482795912331,0,0,0,1,1.89,0,1,18.0,130.7338104248047,0,0,0,0,0,3955.json,NotBuggy
5,0.010571455582976341,0.12586984533951454,0,0,0,1,1.96,0,1,47.0,116.90222930908203,0,2,1,0,0,5786.json,NotBuggy
3,0.254830002784729,0.8870858892886428,0,0,0,1,1.89,0,0,14.0,132.4454345703125,0,0,0,0,0,819.json,NotBuggy
25,0.0,3.4294548428905953E-6,4,6,10,7,3.93,5,10,137.0,82.58448028564453,1,1,4,0,0,6534.json,NotBuggy
10,1.6458844766020775E-4,1.4952938321980797E-6,1,1,2,2,4.02,1,14,105.0,100.09312438964844,0,1,2,0,0,6125.json,NotBuggy
3,0.5347244143486023,0.8753911306216036,0,0,0,1,1.89,0,0,15.0,132.25152587890625,0,0,0,0,0,6634.json,NotBuggy
3,0.14100494980812073,0.9212935543311117,0,0,0,1,1.89,0,0,14.0,132.61029052734375,0,0,0,0,0,3030.json,NotBuggy
4,0.3183663487434387,0.3436486374167761,0,0,0,1,2.0,0,1,32.0,122.5949478149414,0,1,1,0,0,6655.json,NotBuggy
3,0.02582177333533764,0.3306226402136137,0,0,0,1,1.89,0,2,30.0,127.67500305175781,0,2,0,0,0,956.json,NotBuggy
3,0.37349721789360046,0.7366754340671718,0,0,0,1,1.89,0,1,20.0,130.07347106933594,0,1,0,0,0,3434.json,NotBuggy
3,0.4116211235523224,0.7328865377835214,0,0,0,1,1.89,0,1,21.0,129.93223571777344,0,0,0,0,0,4364.json,NotBuggy
6,0.005120373796671629,0.16986303350375928,0,0,0,1,1.89,0,2,40.0,114.64286041259766,0,1,0,0,0,3201.json,NotBuggy
3,0.9466131925582886,0.9646532358332447,0,0,0,1,1.89,0,0,12.0,133.59722900390625,0,0,0,0,0,4851.json,NotBuggy
3,0.8588058948516846,0.9681904413304937,0,0,0,1,1.89,0,0,12.0,133.59722900390625,0,0,0,0,0,4474.json,NotBuggy
3,0.3303948938846588,0.7382564738034104,0,0,0,1,1.89,0,1,21.0,129.93223571777344,0,0,0,0,0,2776.json,NotBuggy
3,0.9466171860694885,0.9601403280662176,0,0,0,1,1.89,0,0,12.0,133.59722900390625,0,0,0,0,0,6623.json,NotBuggy
16,0.061637334525585175,2.1231911606242807E-4,3,2,5,5,6.14,4,9,100.0,92.19267272949219,0,1,3,0,0,4581.json,NotBuggy
3,0.7578468918800354,0.9543048625240008,0,0,0,1,1.89,0,0,12.0,133.59722900390625,0,0,0,0,0,6486.json,NotBuggy
6,0.0,0.9999999999999343,1,1,2,2,0.75,1,1,45.0,113.6710433959961,0,3,0,0,0,5579.json,NotBuggy
16,0.022006185725331306,0.0022375197570182487,2,3,5,4,3.46,2,12,97.0,93.10423278808594,0,3,2,0,0,5197.json,Buggy
3,0.6229458451271057,0.9538127018241771,0,0,0,1,1.89,0,0,12.0,133.59722900390625,0,0,0,0,0,3520.json,NotBuggy
3,0.19053418934345245,0.6943548144373659,0,0,0,1,1.89,0,1,23.0,129.34671020507812,0,2,0,0,0,2150.json,NotBuggy
5,0.17381323873996735,0.8122856289747382,0,0,0,1,1.96,0,1,24.0,120.96249389648438,0,1,0,0,0,5033.json,NotBuggy
18,0.224479079246521,0.0035991429692123892,2,2,4,3,3.06,2,10,95.0,91.26295471191406,0,0,4,0,0,3356.json,NotBuggy
8,0.0904168039560318,0.001975087607494234,1,1,2,2,1.83,1,6,71.0,106.14424896240234,0,2,2,0,0,6417.json,NotBuggy
26,2.3218191927298903E-4,1.8217989553444426E-12,7,7,14,8,2.9,2,19,207.0,79.37139892578125,0,2,6,0,0,6451.json,NotBuggy
11,0.02621648460626602,0.012553841495548874,4,3,7,4,3.95,2,4,72.0,100.62635803222656,0,2,1,0,0,3505.json,NotBuggy
3,0.6607226133346558,0.9098868511779119,0,0,0,1,1.89,0,1,15.0,132.25152587890625,0,0,0,0,0,6955.json,NotBuggy
3,0.36099931597709656,0.8200577875034554,0,0,0,1,1.89,0,1,18.0,130.7338104248047,0,0,0,0,0,3942.json,NotBuggy
15,0.0059982468374073505,3.5388135199497875E-4,2,3,5,4,3.52,1,9,100.0,93.80345153808594,0,2,2,0,0,853.json,NotBuggy
7,0.9512593150138855,0.072609782107714,5,4,9,4,1.81,0,3,58.0,109.3342514038086,0,1,1,0,0,4572.json,NotBuggy
3,0.19381311535835266,0.6985360641215551,0,0,0,1,1.89,0,1,22.0,129.69032287597656,0,2,0,0,0,2291.json,NotBuggy
3,0.23732097446918488,0.7158620724681377,0,0,0,1,1.89,0,1,22.0,129.69032287597656,0,2,0,0,0,2229.json,NotBuggy
3,0.7654341459274292,0.907194675180554,0,0,0,1,1.89,0,2,16.0,131.91592407226562,0,0,0,0,0,6717.json,NotBuggy
6,0.8992679119110107,0.9170470580489535,0,0,0,1,5.5,0,0,26.0,117.59266662597656,0,0,0,0,0,5400.json,NotBuggy
3,0.7783793210983276,0.9457500927678837,0,0,0,1,1.89,0,0,12.0,133.59722900390625,0,0,0,0,0,3628.json,NotBuggy
3,0.7065861821174622,0.8741148008003355,0,0,0,1,1.89,0,0,15.0,131.9385528564453,0,0,0,0,0,5629.json,NotBuggy
3,0.4378357231616974,0.7933742743721623,0,0,0,1,1.89,0,1,18.0,130.7338104248047,0,0,0,0,0,3951.json,NotBuggy
3,0.3289480209350586,0.665332309784823,0,0,0,1,1.89,0,1,22.0,129.47398376464844,0,2,0,0,0,1715.json,NotBuggy
3,0.2195884883403778,0.6703475116261908,0,0,0,1,1.89,0,1,23.0,129.34671020507812,0,2,0,0,0,2175.json,NotBuggy
5,0.7661678791046143,0.8560094365330505,1,1,2,2,2.99,0,1,26.0,120.20379638671875,0,1,0,0,0,705.json,NotBuggy
3,0.4195725619792938,0.7351131355977929,0,0,0,1,1.89,0,1,21.0,129.93223571777344,0,0,0,0,0,3094.json,NotBuggy
3,0.0,0.07869388968534026,0,0,0,1,1.89,0,3,39.0,126.2267074584961,0,4,0,0,0,269.json,NotBuggy
3,0.005118012893944979,0.4922307735849459,0,0,0,1,1.89,0,1,28.0,128.1235809326172,0,2,0,0,0,2980.json,NotBuggy
5,0.3391225039958954,0.6546001501041494,1,1,2,2,2.99,1,3,27.0,119.80731201171875,0,1,0,0,0,3196.json,NotBuggy
3,0.4522150158882141,0.6418136439721246,0,0,0,1,1.89,0,1,21.0,129.7158966064453,0,1,0,0,0,5532.json,NotBuggy
3,0.037914376705884933,0.20591188780762854,0,0,0,1,1.89,0,2,30.0,127.36779022216797,0,2,0,0,0,5850.json,NotBuggy
6,0.5096988081932068,0.5321152524692943,2,2,4,2,2.75,1,1,33.0,115.55754852294922,0,1,0,0,0,5169.json,NotBuggy
3,6.62472506519407E-4,0.06020576511027981,1,1,2,2,1.89,0,5,41.0,125.51344299316406,0,2,0,0,0,1406.json,NotBuggy
7,0.3105219602584839,0.3424524379222104,1,1,2,2,3.02,1,3,40.0,111.98572540283203,0,1,0,0,0,6338.json,NotBuggy
17,0.0,1.7367733912459076E-6,2,1,3,4,4.13,3,10,132.0,90.28955078125,0,2,5,0,0,5774.json,NotBuggy
3,0.9379745125770569,0.8796730311781135,0,0,0,1,1.89,0,0,16.0,131.60296630859375,0,1,0,0,0,356.json,NotBuggy
55,0.0,4.2439564820946975E-28,10,9,19,11,5.28,5,50,432.0,61.97386169433594,1,2,16,0,0,6328.json,NotBuggy
3,0.9614823460578918,0.842296946260306,0,0,0,1,1.89,0,0,18.0,130.85629272460938,0,0,0,0,0,107.json,NotBuggy
38,0.0,2.0833601127084693E-14,14,9,23,10,2.91,5,23,243.0,71.74481201171875,0,4,5,0,0,5863.json,NotBuggy
3,0.8818442821502686,0.9759896697733087,0,0,0,1,1.89,0,0,11.0,134.26058959960938,0,0,0,0,0,3414.json,NotBuggy
3,0.2739410698413849,0.7421660253629827,0,0,0,1,1.89,0,1,19.0,130.34019470214844,0,0,0,0,0,3000.json,NotBuggy
6,0.20542795956134796,0.11410893256525746,3,1,4,2,2.75,0,3,45.0,113.6710433959961,0,2,1,0,0,1565.json,NotBuggy
3,0.43342888355255127,0.9203125349514363,0,0,0,1,1.89,0,0,14.0,132.61029052734375,0,0,0,0,0,3856.json,NotBuggy
3,0.6399453282356262,0.9131303662278861,0,0,0,1,1.89,0,1,15.0,132.25152587890625,0,0,0,0,0,4327.json,NotBuggy
3,0.9485647678375244,0.9885248838737716,0,0,0,1,1.89,0,0,12.0,133.59722900390625,0,0,0,0,0,4720.json,NotBuggy
3,0.9178104996681213,0.9677811301708296,0,0,0,1,1.89,0,0,12.0,133.59722900390625,0,0,0,0,0,4478.json,NotBuggy
3,0.6845815181732178,0.9145260485691054,0,0,0,1,1.89,0,1,15.0,132.25152587890625,0,0,0,0,0,4609.json,NotBuggy
10,0.009244527667760849,0.004011137765113861,0,0,0,3,2.53,1,6,70.0,102.41412353515625,0,0,3,0,0,6670.json,NotBuggy
4,1.8225598614662886E-4,0.20386547004027342,0,0,0,1,2.0,0,4,36.0,121.90362548828125,0,2,0,0,0,5081.json,NotBuggy
5,0.5153948664665222,0.7248731461029393,1,1,2,2,2.99,1,3,27.0,119.80731201171875,0,1,0,0,0,775.json,NotBuggy
3,0.44052594900131226,0.7679852045995237,0,0,0,1,1.89,0,1,19.0,130.34019470214844,0,0,0,0,0,4221.json,NotBuggy
3,0.3968685269355774,0.6436141215953375,0,0,0,1,1.89,0,1,22.0,129.47398376464844,0,2,0,0,0,1651.json,NotBuggy
9,2.5485685910098255E-4,1.2355334805626045E-4,0,0,0,2,2.15,1,7,87.0,103.17937469482422,0,1,4,0,0,5749.json,NotBuggy
3,0.7629380226135254,0.875668791350433,0,0,0,1,1.89,0,1,16.0,131.75106811523438,0,0,0,0,0,736.json,NotBuggy
15,0.023657308891415596,0.0047059894668758755,3,3,6,5,4.62,3,9,83.0,94.41914367675781,0,1,2,0,0,6508.json,NotBuggy
3,0.9317311644554138,0.9778493955798757,0,0,0,1,1.89,0,0,12.0,133.59722900390625,0,0,0,0,0,315.json,NotBuggy
3,0.35710790753364563,0.7391743901797834,0,0,0,1,1.89,0,1,21.0,129.93223571777344,0,0,0,0,0,2959.json,NotBuggy
3,0.328050434589386,0.7322389801014184,0,0,0,1,1.89,0,1,20.0,130.07347106933594,0,1,0,0,0,2894.json,NotBuggy
7,0.057360585778951645,0.07717594731674378,0,0,0,2,2.56,1,1,52.0,110.36209106445312,0,1,2,0,0,2330.json,NotBuggy
3,0.7677077054977417,0.7915369045209122,0,0,0,1,1.89,0,0,20.0,130.07347106933594,0,2,0,0,0,1903.json,NotBuggy
6,0.9685251712799072,0.17742400550913462,3,3,6,3,1.89,0,3,50.0,112.8931655883789,0,1,1,0,0,238.json,NotBuggy
5,0.3499276340007782,0.7136868159155945,1,1,2,2,2.99,1,3,27.0,119.80731201171875,0,1,0,0,0,3050.json,NotBuggy
3,0.8123115301132202,0.9625339830285636,0,0,0,1,1.89,0,0,12.0,133.59722900390625,0,0,0,0,0,4121.json,NotBuggy
3,0.32714322209358215,0.7489962974379435,0,0,0,1,1.89,0,1,20.0,130.07347106933594,0,1,0,0,0,2975.json,NotBuggy
7,0.02934970147907734,0.006541299608290055,2,2,4,3,1.81,0,6,68.0,108.79700469970703,0,2,2,0,0,6696.json,NotBuggy
6,0.8714748024940491,0.9224526842615745,0,0,0,1,5.5,0,0,26.0,117.59266662597656,0,0,0,0,0,5535.json,NotBuggy
3,0.740163266658783,0.5275630774235868,0,0,0,1,1.89,0,1,24.0,128.7513427734375,0,1,0,0,0,5439.json,NotBuggy
5,0.8368223309516907,0.920506914973399,0,0,0,1,5.43,0,0,21.0,121.77933502197266,0,0,0,0,0,5634.json,NotBuggy
3,0.6024810075759888,0.8070206948083961,0,0,0,1,1.89,0,0,21.0,129.93223571777344,0,1,0,0,0,4747.json,NotBuggy
3,0.23041139543056488,0.7016203136889043,0,0,0,1,0.94,0,1,19.0,130.45266723632812,0,0,0,0,0,6262.json,NotBuggy
6,0.2284238487482071,0.11312860115675967,3,1,4,2,2.75,0,3,45.0,113.6710433959961,0,2,1,0,0,1579.json,NotBuggy
3,0.0784752145409584,0.5327627841133276,0,0,0,1,1.89,0,2,25.0,128.8092498779297,0,2,0,0,0,6364.json,NotBuggy
3,0.771303653717041,0.752036077643818,0,0,0,1,1.89,0,0,19.0,130.70933532714844,0,1,0,0,0,4856.json,NotBuggy
3,0.188950315117836,0.7297165611695953,0,0,0,1,1.89,0,1,22.0,129.69032287597656,0,2,0,0,0,2296.json,NotBuggy
10,0.023840153589844704,0.0030298403391982656,2,2,4,3,3.49,1,6,75.0,102.14214324951172,0,2,2,0,0,895.json,NotBuggy
8,0.8079839944839478,0.6906190171533141,1,1,2,2,2.83,1,1,36.0,110.44464111328125,0,1,1,0,0,5882.json,NotBuggy
3,0.41286522150039673,0.9437651486636437,0,0,0,1,1.89,0,0,13.0,132.9956512451172,0,0,0,0,0,4886.json,NotBuggy
3,0.9466171860694885,0.9601403280662176,0,0,0,1,1.89,0,0,12.0,133.59722900390625,0,0,0,0,0,6923.json,NotBuggy
5,0.093129962682724,0.285679221164162,0,0,0,1,1.96,0,4,37.0,118.2250747680664,0,0,1,0,0,5420.json,NotBuggy
3,0.2871773838996887,0.6333756049031016,0,0,0,1,1.89,0,1,23.0,129.34671020507812,0,2,0,0,0,2157.json,NotBuggy
4,0.067206010222435,0.339864478124483,0,0,0,1,2.0,0,4,31.0,122.84404754638672,0,1,0,0,0,1145.json,NotBuggy
5,0.15905943512916565,0.6666855679383606,1,1,2,2,2.99,0,1,31.0,119.08892822265625,0,2,0,0,0,2706.json,NotBuggy
3,0.32382798194885254,0.7241288360909741,0,0,0,1,1.89,0,1,19.0,130.34019470214844,0,0,0,0,0,3230.json,NotBuggy
3,0.7005800008773804,0.7354097901048376,0,0,0,1,3.77,0,0,17.0,131.28770446777344,0,1,0,0,0,6105.json,NotBuggy
3,0.3696505129337311,0.6897060490541491,0,0,0,1,1.89,0,1,20.0,130.07347106933594,0,1,0,0,0,3280.json,NotBuggy
3,0.5095325708389282,0.6254362514600064,0,0,0,1,1.89,0,1,22.0,129.69032287597656,0,1,0,0,0,6839.json,NotBuggy
3,0.27156513929367065,0.9478415219904158,0,0,0,1,1.89,0,0,12.0,133.59722900390625,0,0,0,0,0,4533.json,NotBuggy
3,0.35705724358558655,0.7852419517956204,0,0,0,1,1.89,0,1,19.0,130.34019470214844,0,0,0,0,0,3522.json,NotBuggy
3,0.4907001256942749,0.9138908825030957,0,0,0,1,1.89,0,0,14.0,132.61029052734375,0,0,0,0,0,3034.json,NotBuggy
3,0.18298213183879852,0.7366590795341883,0,0,0,1,1.89,0,1,22.0,129.69032287597656,0,2,0,0,0,2234.json,NotBuggy
3,0.005118012893944979,0.4922307735849459,0,0,0,1,1.89,0,1,28.0,128.1235809326172,0,2,0,0,0,656.json,NotBuggy
7,0.893095076084137,0.011491118318215572,5,4,9,4,1.81,0,4,64.0,108.76529693603516,0,1,1,0,0,5740.json,NotBuggy
7,0.6005993485450745,0.42830815440135084,2,1,3,3,3.96,0,1,41.0,111.42787170410156,0,1,2,0,0,5229.json,NotBuggy
3,0.725801944732666,0.9558963388197027,0,0,0,1,1.89,0,0,12.0,133.59722900390625,0,0,0,0,0,2767.json,NotBuggy
13,0.004662919323891401,2.7858063063804375E-5,2,3,5,4,4.71,3,9,105.0,95.59899139404297,0,5,2,0,0,431.json,NotBuggy
3,0.4726073443889618,0.641971198016689,0,0,0,1,1.89,0,1,23.0,129.2428436279297,0,1,0,0,0,692.json,NotBuggy
3,0.7850944399833679,0.8873787463576648,0,0,0,1,1.89,0,1,16.0,131.60296630859375,0,0,0,0,0,6860.json,NotBuggy
3,0.36944180727005005,0.911040595395357,0,0,0,1,1.89,0,0,14.0,132.61029052734375,0,0,0,0,0,3040.json,NotBuggy
3,0.9269015789031982,0.9600655524430767,0,0,0,1,1.89,0,0,12.0,133.59722900390625,0,0,0,0,0,6485.json,NotBuggy
15,0.00501245865598321,3.628980343669903E-4,2,3,5,4,3.52,1,9,100.0,93.80345153808594,0,2,2,0,0,924.json,NotBuggy
3,0.19855797290802002,0.7653697535736066,0,0,0,1,1.89,0,1,18.0,130.7338104248047,0,0,0,0,0,6215.json,NotBuggy
3,0.28312185406684875,0.9487936012022881,0,0,0,1,1.89,0,0,12.0,133.59722900390625,0,0,0,0,0,4005.json,NotBuggy
10,0.08801356703042984,0.03541475440659503,2,1,3,2,5.0,2,4,62.0,103.40794372558594,0,2,0,0,0,3351.json,NotBuggy
7,0.10916326195001602,0.2007039191750206,0,0,0,2,2.56,1,2,44.0,111.3536376953125,0,2,2,0,0,5775.json,NotBuggy
6,0.3716388940811157,0.05134985462530138,2,2,4,3,1.89,0,2,53.0,112.78961944580078,0,0,1,0,0,417.json,NotBuggy
6,8.690227405168116E-4,0.15496072421467533,0,0,0,2,3.27,1,3,44.0,113.91724395751953,0,3,1,0,0,7022.json,NotBuggy
3,0.18617084622383118,0.7551375132378857,0,0,0,1,1.89,0,1,22.0,129.69032287597656,0,2,0,0,0,2281.json,NotBuggy
3,0.3476245105266571,0.8790750842532074,0,0,0,1,1.89,0,0,14.0,132.4454345703125,0,0,0,0,0,4383.json,NotBuggy
35,0.0,0.04586779601415764,1,28,29,30,2.3,2,0,109.0,73.19230651855469,0,1,0,0,0,5281.json,NotBuggy
5,0.15905943512916565,0.6666855679383606,1,1,2,2,2.99,0,1,31.0,119.08892822265625,0,2,0,0,0,720.json,NotBuggy
3,0.1556062549352646,0.7341205856245792,0,0,0,1,1.89,0,1,24.0,129.12539672851562,0,2,0,0,0,391.json,NotBuggy
3,0.922103762626648,0.9279217285555136,0,0,0,1,1.89,0,0,13.0,132.9956512451172,0,0,0,0,0,5614.json,NotBuggy
3,0.618686318397522,0.9160258787008138,0,0,0,1,1.89,0,1,15.0,132.25152587890625,0,0,0,0,0,5423.json,NotBuggy
3,0.7682719230651855,0.9488074623118491,0,0,0,1,1.89,0,0,12.0,133.59722900390625,0,0,0,0,0,3600.json,NotBuggy
3,0.7881513237953186,0.7545546190977777,0,0,0,1,1.89,0,0,20.0,130.07347106933594,0,2,0,0,0,1867.json,NotBuggy
3,0.29004108905792236,0.9675099174770768,0,0,0,1,1.89,0,0,12.0,133.59722900390625,0,0,0,0,0,4726.json,NotBuggy
3,0.6490744352340698,0.922540702127273,0,0,0,1,1.89,0,0,15.0,131.9385528564453,0,0,0,0,0,4266.json,NotBuggy
3,0.39767640829086304,0.7504631537291016,0,0,0,1,1.89,0,1,19.0,130.34019470214844,0,0,0,0,0,2763.json,NotBuggy
3,0.10806243866682053,0.8696720973321774,0,0,0,1,1.89,0,0,14.0,132.4454345703125,0,0,0,0,0,4228.json,NotBuggy
3,0.9487762451171875,0.979717153282526,0,0,0,1,1.89,0,0,12.0,133.59722900390625,0,0,0,0,0,256.json,NotBuggy
3,0.12618444859981537,0.9420533288054039,0,0,0,1,1.89,0,0,12.0,133.59722900390625,0,0,0,0,0,3268.json,NotBuggy
3,0.7936520576477051,0.9866017101944858,0,0,0,1,1.89,0,1,14.0,132.79563903808594,0,0,0,0,0,5145.json,NotBuggy
3,0.1921408474445343,0.6817908583050657,0,0,0,1,1.89,0,1,23.0,129.34671020507812,0,2,0,0,0,2203.json,NotBuggy
3,0.354890376329422,0.657314033050688,0,0,0,1,1.89,0,1,22.0,129.47398376464844,0,2,0,0,0,1645.json,NotBuggy
6,0.7404377460479736,0.8996883547267464,1,1,2,2,2.75,1,1,26.0,117.14632415771484,0,0,0,0,0,6713.json,NotBuggy
3,0.1582714021205902,0.49300046500490735,0,0,0,1,1.89,0,2,27.0,128.4090576171875,0,1,0,0,0,252.json,NotBuggy
3,0.5091724395751953,0.8293392762144061,0,0,0,1,1.89,0,1,18.0,130.7338104248047,0,0,0,0,0,5113.json,NotBuggy
3,0.008516281843185425,0.42706015498270533,0,0,0,1,1.89,0,1,28.0,128.0337677001953,0,2,0,0,0,3368.json,NotBuggy
3,0.19770567119121552,0.6933186548962791,0,0,0,1,1.89,0,1,23.0,129.34671020507812,0,2,0,0,0,2142.json,NotBuggy
3,0.4908214211463928,0.619556468990515,0,0,0,1,1.89,0,1,23.0,129.2428436279297,0,1,0,0,0,816.json,NotBuggy
3,0.33012592792510986,0.8987046257302668,0,0,0,1,1.89,0,0,14.0,132.61029052734375,0,0,0,0,0,3158.json,NotBuggy
3,0.07923547178506851,0.6689303149206868,0,0,0,1,1.89,0,1,22.0,129.69032287597656,0,2,0,0,0,3388.json,NotBuggy
3,0.4433419406414032,0.7400537190833001,0,0,0,1,2.0,0,1,21.0,129.93223571777344,1,1,0,0,0,6615.json,NotBuggy
8,0.0,6.307524631371985E-4,0,0,0,2,3.12,1,7,77.0,105.89617919921875,0,2,1,0,0,6469.json,NotBuggy
3,0.8563803434371948,0.9552040145579234,0,0,0,1,1.89,0,0,12.0,133.59722900390625,0,0,0,0,0,4424.json,NotBuggy
23,6.624110392294824E-4,6.829996308183182E-6,8,6,14,8,3.71,2,15,137.0,84.12335968017578,0,2,1,0,0,6586.json,NotBuggy
10,0.006762358825653791,0.002545387192781149,0,0,0,3,2.53,1,6,72.0,102.22659301757812,0,0,3,0,0,6515.json,NotBuggy
9,0.6916128396987915,0.660521816151471,2,3,5,3,2.67,1,1,43.0,107.38261413574219,0,2,0,0,0,1541.json,NotBuggy
3,0.4237048625946045,0.7622799297177504,0,0,0,1,1.89,0,0,18.0,130.85629272460938,0,0,0,0,0,6818.json,Buggy
3,5.248411325737834E-4,0.04019311601963885,1,1,2,2,1.89,0,5,43.0,125.19940948486328,0,2,0,0,0,958.json,NotBuggy
3,0.7652891278266907,0.9485487295034749,0,0,0,1,1.89,0,1,15.0,132.25152587890625,0,0,0,0,0,5241.json,NotBuggy
21,0.010045756585896015,0.01000821276063605,6,3,9,4,3.84,3,9,102.0,87.91437530517578,0,2,2,0,0,42.json,Buggy
3,0.7631741762161255,0.8639376168398244,0,0,0,1,1.89,0,0,17.0,131.03103637695312,0,2,0,0,0,1256.json,NotBuggy
7,0.14201995730400085,0.4280098240165738,1,1,2,3,4.12,2,3,42.0,111.4319076538086,0,2,1,0,0,1449.json,NotBuggy
25,1.2804415018763393E-4,3.7093326574363456E-6,2,5,7,6,3.41,1,15,150.0,82.87604522705078,0,2,2,0,0,848.json,NotBuggy
3,0.9436226487159729,0.9679671026600162,0,0,0,1,1.89,0,0,12.0,133.59722900390625,0,0,0,0,0,6708.json,NotBuggy
3,0.0,2.2060465006221573E-5,1,1,2,2,1.89,0,11,86.0,121.30854797363281,0,2,0,0,0,1378.json,NotBuggy
3,0.39023280143737793,0.7454234631687089,0,0,0,1,1.89,0,1,19.0,130.34019470214844,0,0,0,0,0,4008.json,NotBuggy
3,0.9107391238212585,0.9310565507994442,0,0,0,1,1.89,0,0,13.0,132.9956512451172,0,0,0,0,0,3472.json,NotBuggy
3,0.5336528420448303,0.9520586311338648,0,0,0,1,1.89,0,0,12.0,133.59722900390625,0,0,0,0,0,6037.json,NotBuggy
10,0.6420465111732483,0.3586630080770337,2,1,3,3,3.6,2,1,48.0,104.65863800048828,0,2,2,0,0,6476.json,NotBuggy
3,0.8035964369773865,0.7754571676093436,0,0,0,1,1.89,0,0,20.0,130.07347106933594,0,2,0,0,0,1884.json,NotBuggy
13,0.11604615300893784,0.07958839269715297,3,3,6,4,3.25,2,6,67.0,98.39208984375,1,1,1,0,0,5653.json,NotBuggy
6,0.04638547822833061,0.23940442838111842,2,1,3,2,2.75,1,3,41.0,114.5076675415039,0,1,0,0,0,6333.json,NotBuggy
11,0.022627901285886765,7.167146336778654E-4,4,2,6,3,4.96,3,7,83.0,99.90365600585938,0,2,1,0,0,3353.json,NotBuggy
3,0.19715480506420135,0.7257189397475894,0,0,0,1,1.89,0,1,22.0,129.69032287597656,0,2,0,0,0,2278.json,NotBuggy
3,0.003293256741017103,0.04469152782106984,1,1,2,2,1.89,0,3,41.0,125.32420349121094,0,2,0,0,0,1382.json,NotBuggy
3,0.7262235283851624,0.8233735700013758,0,0,0,1,1.89,0,1,18.0,130.99049377441406,0,1,0,0,0,2369.json,NotBuggy
3,0.3909766972064972,0.7511110078445602,0,0,0,1,1.89,0,1,19.0,130.34019470214844,0,0,0,0,0,3820.json,NotBuggy
20,7.970198639668524E-4,4.059737283710708E-5,2,4,6,5,3.46,1,12,125.0,87.7100830078125,0,2,2,0,0,857.json,NotBuggy
3,0.9678533673286438,0.9770116652848403,0,0,0,1,1.89,0,0,12.0,133.59722900390625,0,0,0,0,0,5608.json,NotBuggy
3,0.0,1.6249188473027503E-4,1,1,2,2,1.89,0,9,73.0,122.16075897216797,0,2,0,0,0,977.json,NotBuggy
3,0.005118012893944979,0.4922307735849459,0,0,0,1,1.89,0,1,28.0,128.1235809326172,0,2,0,0,0,3581.json,NotBuggy
6,0.25565552711486816,0.09990779242302993,1,2,3,2,2.75,1,1,45.0,113.61115264892578,0,1,0,0,0,5166.json,NotBuggy
3,0.9408955574035645,0.965106288670043,0,0,0,1,1.89,0,0,12.0,133.59722900390625,0,0,0,0,0,4562.json,NotBuggy
3,0.241116002202034,0.4687404480138978,0,0,0,1,1.89,0,3,27.0,128.31268310546875,0,0,0,0,0,308.json,NotBuggy
3,0.725801944732666,0.9558963388197027,0,0,0,1,1.89,0,0,12.0,133.59722900390625,0,0,0,0,0,3067.json,NotBuggy
3,0.2622736990451813,0.7009386847547263,0,0,0,1,1.89,0,1,20.0,130.07347106933594,0,1,0,0,0,3577.json,NotBuggy
3,0.005118012893944979,0.4922307735849459,0,0,0,1,1.89,0,1,28.0,128.1235809326172,0,2,0,0,0,4493.json,NotBuggy
5,0.6126635670661926,0.8537000639104606,1,1,2,2,2.99,1,3,24.0,120.6200180053711,0,0,0,0,0,3321.json,NotBuggy
3,0.08760372549295425,0.665242304640434,0,0,0,1,1.89,0,2,24.0,129.2378692626953,0,2,0,0,0,6731.json,NotBuggy
3,0.354890376329422,0.6634590885394263,0,0,0,1,1.89,0,1,22.0,129.47398376464844,0,2,0,0,0,1656.json,NotBuggy
9,1.9965982937719673E-4,1.601241156926482E-5,0,0,0,1,1.66,0,9,96.0,102.7826156616211,0,4,2,0,0,7013.json,NotBuggy
3,0.7357963919639587,0.8627984444853308,0,0,0,1,1.89,0,1,18.0,130.99049377441406,0,1,0,0,0,2368.json,NotBuggy
3,0.002405846491456032,0.06840595528233642,0,0,0,1,1.89,0,5,39.0,126.00349426269531,0,1,0,0,0,5161.json,NotBuggy
5,0.7661678791046143,0.8560094365330505,1,1,2,2,2.99,0,1,26.0,120.20379638671875,0,1,0,0,0,3490.json,NotBuggy
4,0.0024041396100074053,0.25720174599018436,0,0,0,1,2.0,0,4,36.0,122.15628814697266,0,2,0,0,0,1476.json,NotBuggy
6,0.5298309922218323,0.8667565589514699,1,1,2,2,2.75,1,2,25.0,117.56661224365234,0,0,0,0,0,4575.json,NotBuggy
3,0.28362998366355896,0.670766659594086,0,0,0,1,1.89,0,1,20.0,130.18594360351562,0,1,0,0,0,5220.json,NotBuggy
3,0.22509358823299408,0.6846941466814228,0,0,0,1,1.89,0,1,22.0,129.69032287597656,0,2,0,0,0,2245.json,NotBuggy
5,0.23415832221508026,0.6961593567360107,1,1,2,2,2.99,1,3,27.0,119.80731201171875,0,1,0,0,0,3048.json,NotBuggy
3,0.22289595007896423,0.6614811749918802,0,0,0,1,1.89,0,1,23.0,129.34671020507812,0,2,0,0,0,2152.json,NotBuggy
9,0.07363016158342361,0.11290424402707355,1,2,3,3,2.95,2,1,52.0,106.18366241455078,0,1,0,0,0,6367.json,NotBuggy
7,0.05338359251618385,0.26958486827063627,1,1,2,2,2.56,0,4,44.0,111.4901123046875,0,1,1,0,0,2337.json,NotBuggy
3,0.9251136183738708,0.947792815460469,0,0,0,1,1.89,0,0,13.0,132.9956512451172,0,0,0,0,0,717.json,NotBuggy
3,0.038782790303230286,0.8693908858242624,0,0,0,1,1.89,0,1,18.0,130.99049377441406,0,1,0,0,0,4600.json,NotBuggy
3,0.7508985996246338,0.8761067694627276,0,0,0,1,1.89,0,0,17.0,131.03103637695312,0,2,0,0,0,1306.json,NotBuggy
16,0.0,6.541200732518956E-9,2,2,4,3,5.29,2,22,147.0,90.2963638305664,0,3,3,0,0,6985.json,NotBuggy
8,0.06547818332910538,0.013772706265254663,6,2,8,3,2.83,0,6,63.0,106.91397857666016,0,2,1,0,0,1606.json,NotBuggy
3,0.2690543532371521,0.7045442930428724,0,0,0,1,1.89,0,1,21.0,129.93223571777344,0,0,0,0,0,3572.json,NotBuggy
3,0.34847506880760193,0.9205489633233298,0,0,0,1,1.89,0,0,15.0,132.25152587890625,0,0,0,0,0,6209.json,NotBuggy
20,8.455488714389503E-4,3.8653666022153245E-5,2,4,6,5,3.46,1,12,125.0,87.7100830078125,0,2,2,0,0,854.json,NotBuggy
3,0.005118012893944979,0.4922307735849459,0,0,0,1,1.89,0,1,28.0,128.1235809326172,0,2,0,0,0,3549.json,NotBuggy
5,0.28772541880607605,0.6348425420413091,1,1,2,2,2.99,1,3,27.0,119.80731201171875,0,1,0,0,0,3925.json,NotBuggy
3,0.34774330258369446,0.6573771081634621,0,0,0,1,1.89,0,1,22.0,129.47398376464844,0,2,0,0,0,1702.json,NotBuggy
3,0.3745802044868469,0.6756357509753776,0,0,0,1,1.89,0,1,22.0,129.47398376464844,0,2,0,0,0,1639.json,NotBuggy
17,0.03563470020890236,1.4774284477800513E-6,5,4,9,5,6.3,4,5,128.0,89.89519500732422,0,2,7,0,0,5771.json,NotBuggy
10,0.009817960672080517,0.09917213176603538,4,2,6,4,5.08,3,2,57.0,103.58949279785156,0,2,1,0,0,5791.json,NotBuggy
3,0.18988387286663055,0.7312888832191266,0,0,0,1,1.89,0,1,22.0,129.69032287597656,0,2,0,0,0,2240.json,NotBuggy
20,8.961911080405116E-4,3.976250507261146E-5,2,4,6,5,3.46,1,12,125.0,87.7100830078125,0,2,2,0,0,862.json,NotBuggy
3,0.12088251113891602,0.8977251496076499,0,0,0,1,3.77,0,0,12.0,133.59722900390625,0,0,0,0,0,4252.json,NotBuggy
10,0.0174128208309412,0.0012460487597796678,9,3,12,4,2.8,0,9,81.0,101.65565490722656,0,2,1,0,0,1561.json,NotBuggy
8,0.053661126643419266,0.05551512985127064,3,2,5,2,2.83,1,6,53.0,108.04276275634766,0,1,1,0,0,5599.json,NotBuggy
3,0.5708504915237427,0.8599305368831803,0,0,0,1,1.89,0,0,17.0,131.03103637695312,0,2,0,0,0,1344.json,NotBuggy
3,0.7663601636886597,0.9094665475939088,0,0,0,1,1.89,0,1,15.0,132.25152587890625,0,0,0,0,0,5768.json,NotBuggy
3,0.4119342863559723,0.8970846573862863,0,0,0,1,1.89,0,0,14.0,132.4454345703125,0,0,0,0,0,3768.json,NotBuggy
3,0.4128062129020691,0.7529563330324808,0,0,0,1,1.89,0,1,20.0,130.18594360351562,0,1,0,0,0,2363.json,NotBuggy
7,0.7265253067016602,0.6899658480198245,1,1,2,2,2.23,1,3,41.0,112.01042175292969,0,1,1,0,0,2888.json,NotBuggy
5,0.5129424333572388,0.7135604977834451,1,1,2,2,2.99,1,3,27.0,119.80731201171875,0,1,0,0,0,3938.json,NotBuggy
3,0.11398249864578247,0.3508644098922749,0,0,0,1,1.89,0,2,27.0,128.1388702392578,0,2,0,0,0,5573.json,NotBuggy
3,0.02115102857351303,0.4269386453270539,0,0,0,1,1.89,0,4,26.0,128.60531616210938,0,0,0,0,0,565.json,NotBuggy
9,8.489185129292309E-4,1.555965217669884E-4,1,1,2,3,3.66,2,4,83.0,103.07925415039062,0,0,2,0,0,6123.json,NotBuggy
3,0.378140926361084,0.631834592773686,0,0,0,1,1.89,0,1,22.0,129.47398376464844,0,2,0,0,0,1671.json,NotBuggy
3,0.7933405637741089,0.7532105869646469,0,0,0,1,1.89,0,0,20.0,130.07347106933594,0,2,0,0,0,1876.json,NotBuggy
5,0.541682243347168,0.7177331454567432,1,1,2,2,2.99,1,3,27.0,119.80731201171875,0,1,0,0,0,3930.json,NotBuggy
7,0.6005993485450745,0.42830815440135084,2,1,3,3,3.96,0,1,41.0,111.42787170410156,0,1,2,0,0,5129.json,NotBuggy
10,0.4442721903324127,0.041946595497808215,6,2,8,3,2.53,1,6,68.0,102.958984375,0,2,1,0,0,2043.json,NotBuggy
10,0.01393709983676672,0.01209778216362675,2,1,3,3,3.49,2,5,64.0,102.96688842773438,0,1,2,0,0,6034.json,NotBuggy
3,0.2151944786310196,0.7108816836217607,0,0,0,1,1.89,0,1,22.0,129.69032287597656,0,2,0,0,0,2270.json,NotBuggy
3,0.3667762577533722,0.6614414791593828,0,0,0,1,1.89,0,1,20.0,130.07347106933594,0,1,0,0,0,674.json,NotBuggy
3,0.013277852907776833,0.1836723304469703,0,0,0,1,1.89,0,5,33.0,127.09538269042969,0,0,0,0,0,5160.json,NotBuggy
6,0.08666253089904785,0.39395109431898456,1,1,2,2,2.75,1,3,39.0,114.6888656616211,0,2,0,0,0,11.json,NotBuggy
5,0.4480484127998352,0.7303562090358833,1,1,2,2,1.83,1,1,28.0,119.61820220947266,0,2,0,0,0,1520.json,NotBuggy
3,0.2130669206380844,0.6772607179598283,0,0,0,1,1.89,0,1,23.0,129.34671020507812,0,2,0,0,0,2189.json,NotBuggy
30,5.623307661153376E-4,2.1929445073484655E-7,12,8,20,10,4.08,3,15,170.0,77.97840118408203,1,1,1,0,0,6853.json,NotBuggy
8,8.649939554743469E-4,0.02238264152028061,1,1,2,2,2.4,0,4,56.0,107.75645446777344,0,1,0,0,0,2874.json,NotBuggy
3,0.05687778443098068,0.5558119370006639,0,0,0,1,1.89,0,1,26.0,128.50894165039062,0,2,0,0,0,91.json,NotBuggy
16,0.10134832561016083,0.025725971067953646,2,2,4,4,5.27,3,6,79.0,94.07386016845703,0,1,3,0,0,2877.json,NotBuggy
3,0.38173648715019226,0.79886218363002,0,0,0,1,1.89,0,1,18.0,130.7338104248047,0,0,0,0,0,793.json,NotBuggy
5,0.3878943920135498,0.6991295386938208,1,1,2,2,2.99,1,3,27.0,119.80731201171875,0,1,0,0,0,3908.json,NotBuggy
3,0.19082090258598328,0.7342655864458749,0,0,0,1,1.89,0,1,22.0,129.69032287597656,0,2,0,0,0,2283.json,NotBuggy
3,0.41222265362739563,0.6453912326352829,0,0,0,1,1.89,0,1,22.0,129.47398376464844,0,2,0,0,0,1640.json,NotBuggy
6,0.19706569612026215,0.2958849213310136,2,1,3,2,2.75,1,1,40.0,114.34648895263672,0,2,1,0,0,5178.json,NotBuggy
3,0.476299911737442,0.9132931676367083,0,0,0,1,1.89,0,0,14.0,132.61029052734375,0,0,0,0,0,3866.json,NotBuggy
28,0.014880252070724964,1.8034688795899445E-6,2,1,3,4,6.45,3,7,146.0,80.90623474121094,0,0,3,0,0,5073.json,NotBuggy
3,7.760380976833403E-4,0.039231720354465295,1,1,2,2,1.89,0,5,43.0,125.19940948486328,0,2,0,0,0,1007.json,NotBuggy
3,0.489808589220047,0.8904357736015539,0,0,0,1,1.89,0,0,15.0,132.086669921875,0,0,0,0,0,4621.json,NotBuggy
5,0.5104893445968628,0.7354681874685928,1,1,2,2,2.99,1,3,27.0,119.80731201171875,0,1,0,0,0,3652.json,NotBuggy
3,0.43056023120880127,0.7844451404495829,0,0,0,1,1.89,0,1,18.0,130.7338104248047,0,0,0,0,0,3958.json,NotBuggy
8,0.05888522416353226,0.013070686893684376,6,2,8,3,2.83,0,6,63.0,106.91397857666016,0,2,1,0,0,1562.json,NotBuggy
7,0.005179300904273987,7.41291241194413E-4,0,0,0,1,1.81,0,8,71.0,108.45958709716797,0,2,2,0,0,1242.json,NotBuggy
3,0.4401409327983856,0.732113268492824,0,0,0,1,1.89,0,1,19.0,130.34019470214844,0,0,0,0,0,4262.json,NotBuggy
3,0.7673048973083496,0.8829084830239133,0,0,0,1,1.89,0,0,15.0,131.9385528564453,0,0,0,0,0,3263.json,NotBuggy
8,0.5624609589576721,0.8216615220166642,0,0,0,1,3.97,1,1,33.0,111.20594787597656,0,1,0,0,0,86.json,NotBuggy
4,0.562359094619751,0.7376204335665684,0,0,0,1,2.0,0,1,24.0,124.4649429321289,0,1,0,0,0,4529.json,NotBuggy
3,0.3696505129337311,0.6897060490541491,0,0,0,1,1.89,0,1,20.0,130.07347106933594,0,1,0,0,0,3288.json,NotBuggy
3,0.3998654782772064,0.71310383170695,0,0,0,1,1.89,0,1,20.0,130.07347106933594,0,1,0,0,0,4220.json,NotBuggy
3,0.3166966438293457,0.91762995915556,0,0,0,1,1.89,0,0,14.0,132.4454345703125,0,0,0,0,0,2800.json,NotBuggy
3,0.7442671656608582,0.9534770525420945,0,0,0,1,1.89,0,0,12.0,133.59722900390625,0,0,0,0,0,5263.json,NotBuggy
3,8.901820983737707E-4,0.9246074470338854,0,0,0,1,1.89,0,0,12.0,133.59722900390625,0,0,0,0,0,3610.json,NotBuggy
3,0.7719112634658813,0.6105689397967949,0,0,0,1,1.89,0,1,23.0,129.34671020507812,0,1,0,0,0,4524.json,NotBuggy
3,0.9250605702400208,0.9586188182875786,0,0,0,1,1.89,0,1,14.0,132.61029052734375,0,0,0,0,0,4750.json,NotBuggy
33,0.008629095740616322,3.647316574799887E-6,11,11,22,12,4.51,3,11,170.0,76.30795288085938,0,1,3,0,0,4022.json,NotBuggy
5,0.5289553999900818,0.64263900765461,0,0,0,1,1.96,0,2,31.0,119.41529846191406,0,0,1,0,0,5399.json,NotBuggy
4,0.6702847480773926,0.8778625543194555,0,0,0,1,2.0,0,1,20.0,125.64796447753906,0,1,0,0,0,3370.json,NotBuggy
3,0.7245559692382812,0.857010274035844,0,0,0,1,1.89,0,1,16.0,131.75106811523438,0,0,0,0,0,3571.json,NotBuggy
3,0.005544569343328476,0.4860492397688915,0,0,0,1,1.89,0,0,30.0,127.76480865478516,0,2,0,0,0,5245.json,NotBuggy
3,0.3166966438293457,0.9135290452435645,0,0,0,1,1.89,0,0,14.0,132.4454345703125,0,0,0,0,0,3596.json,NotBuggy
3,0.4847255349159241,0.7335030506304155,0,0,0,1,1.89,0,1,21.0,129.93223571777344,0,0,0,0,0,818.json,NotBuggy
3,0.18477217853069305,0.9360160678875649,0,0,0,1,1.89,0,0,12.0,133.59722900390625,0,0,0,0,0,3193.json,NotBuggy
3,0.5256527066230774,0.766425569999733,0,0,0,1,1.89,0,0,18.0,130.85629272460938,0,0,0,0,0,6814.json,NotBuggy
3,0.4907001256942749,0.9118030588940405,0,0,0,1,1.89,0,0,14.0,132.61029052734375,0,0,0,0,0,3042.json,NotBuggy
2,0.5096334218978882,0.8623279340241402,0,0,0,1,0.0,0,0,14.0,139.0139617919922,0,2,0,0,0,1451.json,NotBuggy
7,0.10806409269571304,0.05979768597031436,0,0,0,2,2.56,1,2,49.0,110.5595474243164,0,1,2,0,0,6677.json,NotBuggy
3,0.39963024854660034,0.4603357193216701,0,0,0,1,1.89,0,3,28.0,128.21994018554688,0,2,0,0,0,5773.json,NotBuggy
3,0.2683970034122467,0.7105396215777481,0,0,0,1,1.89,0,1,19.0,130.34019470214844,0,0,0,0,0,4233.json,NotBuggy
3,0.0,0.5480193031611603,0,0,0,1,1.89,0,1,27.0,128.4090576171875,0,2,0,0,0,5080.json,NotBuggy
3,0.005341689568012953,0.37165694842489827,0,0,0,1,1.89,0,1,30.0,127.67500305175781,0,2,0,0,0,643.json,NotBuggy
3,0.7458536624908447,0.8991054457116925,0,0,0,1,1.89,0,0,15.0,131.9385528564453,0,0,0,0,0,3369.json,NotBuggy
7,0.2625575363636017,0.3243508645320902,1,1,2,2,2.56,1,3,40.0,111.84925079345703,0,0,1,0,0,6009.json,NotBuggy
3,0.005118012893944979,0.4922307735849459,0,0,0,1,1.89,0,1,28.0,128.1235809326172,0,2,0,0,0,3481.json,NotBuggy
3,0.7543972730636597,0.8957315565537712,0,0,0,1,1.89,0,1,15.0,132.086669921875,0,0,0,0,0,4616.json,NotBuggy
2,0.5445808172225952,0.7074842617703238,0,0,0,1,1.89,0,0,20.0,136.7544708251953,0,4,0,0,0,3128.json,NotBuggy
3,0.2831379771232605,0.9465641381720381,0,0,0,1,1.89,0,0,12.0,133.59722900390625,0,0,0,0,0,3889.json,NotBuggy
3,0.05144212022423744,0.6992661441032403,0,0,0,1,1.89,0,2,21.0,130.05470275878906,0,0,0,0,0,585.json,NotBuggy
23,2.343396918149665E-4,1.6433414448104283E-4,5,6,11,7,3.25,1,13,120.0,85.07929992675781,0,1,1,0,0,6667.json,NotBuggy
3,0.20216621458530426,0.7308990512753969,0,0,0,1,1.89,0,1,22.0,129.69032287597656,0,2,0,0,0,2311.json,NotBuggy
3,0.28507691621780396,0.33586407525569334,0,0,0,1,1.89,0,0,26.0,128.3351287841797,0,2,0,0,0,6281.json,NotBuggy
6,0.06515004485845566,0.3616842358584677,0,0,0,1,1.89,0,4,39.0,114.99771881103516,0,1,1,0,0,2326.json,NotBuggy
5,0.7661678791046143,0.8560094365330505,1,1,2,2,2.99,0,1,26.0,120.20379638671875,0,1,0,0,0,4289.json,NotBuggy
3,0.19176150858402252,0.7181838347837312,0,0,0,1,1.89,0,1,22.0,129.69032287597656,0,2,0,0,0,2306.json,NotBuggy
3,0.36911964416503906,0.9501855318672486,0,0,0,1,1.89,0,0,12.0,133.59722900390625,0,0,0,0,0,3705.json,NotBuggy
3,0.5405625104904175,0.8847927269180018,0,0,0,1,1.89,0,1,15.0,132.086669921875,0,0,0,0,0,6760.json,NotBuggy
4,0.0020227530039846897,0.27067766884903904,0,0,0,1,2.0,0,4,36.0,122.15628814697266,0,2,0,0,0,1447.json,NotBuggy
3,0.1898597776889801,0.3805158857080758,1,1,2,2,1.89,0,1,28.0,127.64090728759766,0,2,0,0,0,957.json,NotBuggy
8,0.0021614108700305223,6.690743830347667E-4,0,0,0,1,8.72,0,9,75.0,106.26303100585938,0,2,2,0,0,1060.json,Buggy
3,0.37003791332244873,0.786777915829236,0,0,0,1,1.89,0,1,19.0,130.34019470214844,0,0,0,0,0,4207.json,NotBuggy
3,0.8046621084213257,0.9048266343612434,0,0,0,1,1.89,0,0,13.0,132.9956512451172,0,0,0,0,0,5679.json,NotBuggy
5,0.9194896817207336,0.939759818259592,0,0,0,1,5.43,0,0,21.0,121.77933502197266,0,0,0,0,0,5424.json,NotBuggy
3,0.35562384128570557,0.7186177726862603,0,0,0,1,1.89,0,1,19.0,130.34019470214844,0,0,0,0,0,676.json,NotBuggy
3,0.7072758674621582,0.8677156136917371,0,0,0,1,1.89,0,0,15.0,131.9385528564453,0,0,0,0,0,4612.json,NotBuggy
3,0.3166966438293457,0.91762995915556,0,0,0,1,1.89,0,0,14.0,132.4454345703125,0,0,0,0,0,2945.json,NotBuggy
3,0.18477217853069305,0.9360160678875649,0,0,0,1,1.89,0,0,12.0,133.59722900390625,0,0,0,0,0,3157.json,NotBuggy
3,0.02914787456393242,0.4028696139251619,0,0,0,1,1.89,0,2,28.0,128.1235809326172,0,2,0,0,0,1350.json,NotBuggy
3,0.6265240907669067,0.9660378936967787,0,0,0,1,1.89,0,1,15.0,132.25152587890625,0,0,0,0,0,6095.json,NotBuggy
3,0.3066597580909729,0.8756433940034166,0,0,0,1,1.89,0,0,14.0,132.4454345703125,0,0,0,0,0,648.json,NotBuggy
3,0.19398243725299835,0.6860626399658413,0,0,0,1,1.89,0,1,23.0,129.34671020507812,0,2,0,0,0,2204.json,NotBuggy
3,0.005118012893944979,0.4922307735849459,0,0,0,1,1.89,0,1,28.0,128.1235809326172,0,2,0,0,0,727.json,NotBuggy
3,0.5162652134895325,0.7748488553807147,0,0,0,1,1.89,0,2,19.0,130.57513427734375,0,0,0,0,0,6832.json,NotBuggy
3,0.03803984448313713,0.37902043835778204,0,0,0,1,1.89,0,2,28.0,128.1235809326172,0,2,0,0,0,1408.json,NotBuggy
3,0.5207968354225159,0.7594389612449283,0,0,0,1,1.89,0,1,21.0,129.81976318359375,0,1,0,0,0,2362.json,NotBuggy
3,0.7709447145462036,0.7692490663134941,0,0,0,1,1.89,0,0,20.0,130.07347106933594,0,2,0,0,0,1906.json,NotBuggy
3,0.3677332103252411,0.682273281159995,0,0,0,1,1.89,0,1,20.0,130.07347106933594,0,1,0,0,0,4090.json,NotBuggy
3,0.2842888832092285,0.8035269080482674,0,0,0,1,1.89,0,1,18.0,130.7338104248047,0,0,0,0,0,3058.json,NotBuggy
3,0.43785256147384644,0.9369809048584138,0,0,0,1,1.89,0,0,12.0,133.59722900390625,0,0,0,0,0,4816.json,NotBuggy
3,0.19221282005310059,0.9042016325248189,0,0,0,1,1.89,0,0,14.0,132.61029052734375,0,0,0,0,0,3884.json,NotBuggy
9,0.010050413198769093,0.004504471999664863,4,2,6,3,2.67,1,8,70.0,104.45802307128906,0,2,0,0,0,5678.json,NotBuggy
3,0.25618645548820496,0.9101134892232858,0,0,0,1,1.89,0,0,13.0,132.9956512451172,0,0,0,0,0,4900.json,NotBuggy
3,1.059714995790273E-4,0.2828839427919332,0,0,0,1,1.89,0,1,33.0,127.17938995361328,0,2,0,0,0,3510.json,NotBuggy
3,0.0,3.32254277097261E-5,2,2,4,3,1.89,0,12,84.0,121.25299072265625,0,2,0,0,0,1376.json,NotBuggy
3,0.37301552295684814,0.7089377043136778,0,0,0,1,1.89,0,1,20.0,130.07347106933594,0,1,0,0,0,3772.json,NotBuggy
3,0.1958373785018921,0.6935696480684359,0,0,0,1,1.89,0,1,23.0,129.34671020507812,0,2,0,0,0,2136.json,NotBuggy
5,0.047093749046325684,0.40891515486369423,0,0,0,1,1.96,0,1,32.0,119.06403350830078,0,1,0,0,0,3415.json,NotBuggy
3,0.3631613254547119,0.7438589317034032,0,0,0,1,1.89,0,1,19.0,130.34019470214844,0,0,0,0,0,3252.json,NotBuggy
3,0.8166984915733337,0.9106454751436589,0,0,0,1,1.89,0,1,16.0,131.60296630859375,0,0,0,0,0,4060.json,NotBuggy
3,0.37076669931411743,0.7777643891975847,0,0,0,1,1.89,0,1,19.0,130.34019470214844,0,0,0,0,0,3735.json,NotBuggy
3,0.4378357231616974,0.8055798363626192,0,0,0,1,1.89,0,1,18.0,130.7338104248047,0,0,0,0,0,3974.json,NotBuggy
5,0.4865690767765045,0.7396197321553103,1,1,2,2,2.99,1,3,27.0,119.80731201171875,0,1,0,0,0,781.json,NotBuggy
3,0.671998918056488,0.9100030805594377,0,0,0,1,1.89,0,1,15.0,132.25152587890625,0,0,0,0,0,6207.json,NotBuggy
7,0.6982179284095764,0.23613771156824637,0,0,0,2,6.29,1,1,42.0,111.53256225585938,0,2,0,0,0,5017.json,Buggy
8,1.003956567728892E-4,2.8827637704657598E-5,0,0,0,1,1.73,0,7,89.0,105.04859161376953,0,6,5,0,0,262.json,NotBuggy
4,0.5635334253311157,0.8943749059004847,0,0,0,1,2.0,0,1,20.0,125.64796447753906,0,1,0,0,0,573.json,NotBuggy
3,0.6630216836929321,0.9361986809804053,0,0,0,1,1.89,0,1,15.0,132.25152587890625,0,0,0,0,0,423.json,NotBuggy
3,0.33952924609184265,0.6488297912896056,0,0,0,1,1.89,0,1,22.0,129.47398376464844,0,2,0,0,0,1700.json,NotBuggy
3,0.927963137626648,0.7597003976324905,0,0,0,1,1.89,0,2,20.0,130.30841064453125,0,0,0,0,0,2992.json,NotBuggy
3,0.07957486808300018,0.544236255323497,0,0,0,1,1.89,0,1,27.0,128.4090576171875,0,2,0,0,0,254.json,NotBuggy
5,0.4176914393901825,0.7450360205563104,1,1,2,2,2.99,1,3,27.0,119.80731201171875,0,1,0,0,0,3636.json,NotBuggy
3,0.5157979726791382,0.5571974317407535,0,0,0,1,1.89,0,1,23.0,129.05665588378906,0,1,0,0,0,5098.json,NotBuggy
3,0.7757439613342285,0.5596173186766898,0,0,0,1,1.89,0,1,24.0,129.12539672851562,0,1,0,0,0,5238.json,NotBuggy
3,0.3813678026199341,0.814834293585526,0,0,0,1,1.89,0,1,18.0,130.7338104248047,0,0,0,0,0,791.json,NotBuggy
3,0.23675976693630219,0.8662168243700653,0,0,0,1,1.89,0,0,14.0,132.4454345703125,0,0,0,0,0,3829.json,NotBuggy
3,0.6866729855537415,0.9309036629011366,0,0,0,1,1.89,0,0,14.0,132.61029052734375,0,0,0,0,0,3874.json,NotBuggy
3,0.5206319093704224,0.9253225784872259,0,0,0,1,1.89,0,0,12.0,133.59722900390625,0,0,0,0,0,6290.json,NotBuggy
5,0.4865690767765045,0.7288070697979766,1,1,2,2,2.99,1,3,27.0,119.80731201171875,0,1,0,0,0,3637.json,NotBuggy
3,0.4246119558811188,0.8919780825728253,0,0,0,1,1.89,0,1,16.0,131.75106811523438,0,0,0,0,0,2897.json,NotBuggy
8,0.0464092493057251,0.004728909533733328,4,2,6,3,1.94,2,5,63.0,106.5769271850586,0,2,1,0,0,5810.json,NotBuggy
3,0.7682719230651855,0.9497016174336921,0,0,0,1,1.89,0,0,12.0,133.59722900390625,0,0,0,0,0,3602.json,NotBuggy
24,5.707044620066881E-4,1.8853728393757745E-11,6,8,14,6,4.43,3,14,206.0,81.30644989013672,0,3,3,0,0,5121.json,NotBuggy
7,0.1913953423500061,0.3530063196939479,1,1,2,3,4.12,2,3,42.0,111.4319076538086,0,2,1,0,0,1444.json,NotBuggy
3,0.7728284597396851,0.9418040699466332,0,0,0,1,1.89,0,0,14.0,132.61029052734375,0,0,0,0,0,3898.json,NotBuggy
3,0.5848915576934814,0.34627171160316067,0,0,0,1,1.89,0,2,29.0,128.14134216308594,0,0,0,0,0,6008.json,NotBuggy
3,0.6919917464256287,0.5866753740162151,0,0,0,1,1.89,0,2,21.0,129.81976318359375,0,1,0,0,0,4942.json,NotBuggy
3,0.17487937211990356,0.7993163214940623,0,0,0,1,1.89,0,1,20.0,130.30841064453125,0,2,0,0,0,2309.json,NotBuggy
5,0.07624498754739761,0.10338155662078194,0,0,0,1,1.96,0,3,42.0,117.2763900756836,0,3,1,0,0,6992.json,NotBuggy
6,0.9034569263458252,0.01972347319581134,3,3,6,3,1.89,0,3,58.0,111.949951171875,0,1,1,0,0,4785.json,NotBuggy
3,0.2583025097846985,0.883050337327753,0,0,0,1,1.89,0,0,15.0,132.25152587890625,0,0,0,0,0,6947.json,NotBuggy
3,0.06876762211322784,0.9371266223332867,0,0,0,1,1.89,0,0,12.0,133.59722900390625,0,0,0,0,0,3845.json,NotBuggy
3,0.10387148708105087,0.8698909492342053,0,0,0,1,1.89,0,0,15.0,132.25152587890625,0,0,0,0,0,6924.json,NotBuggy
3,0.7685272097587585,0.9413796028951203,0,0,0,1,1.89,0,0,12.0,133.59722900390625,0,0,0,0,0,2350.json,NotBuggy
5,0.9032469987869263,0.9318586893153076,0,0,0,1,5.43,0,0,21.0,121.77933502197266,0,0,0,0,0,6525.json,NotBuggy
3,0.20704598724842072,0.5277513331246741,0,0,0,1,1.89,0,2,25.0,128.8092498779297,0,2,0,0,0,1407.json,NotBuggy
3,0.3835785686969757,0.7317190149900632,0,0,0,1,1.89,0,1,19.0,130.34019470214844,0,0,0,0,0,2753.json,NotBuggy
3,0.6183514595031738,0.7819007457935666,0,0,0,1,1.89,0,1,21.0,129.93223571777344,0,0,0,0,0,4321.json,NotBuggy
3,0.02714379131793976,0.32184099315018383,0,0,0,1,1.89,0,2,30.0,127.67500305175781,0,2,0,0,0,962.json,NotBuggy
3,0.3674953877925873,0.7829235046284067,0,0,0,1,1.89,0,1,18.0,130.7338104248047,0,0,0,0,0,3950.json,NotBuggy
3,0.31633132696151733,0.9391806346431276,0,0,0,1,1.89,0,0,12.0,133.59722900390625,0,0,0,0,0,2827.json,NotBuggy
29,0.0,8.223470129193651E-11,12,9,21,9,7.01,6,13,189.0,77.73031616210938,0,5,6,0,0,215.json,NotBuggy
25,0.0,3.275948237804231E-8,4,7,11,8,3.41,1,21,176.0,81.58483123779297,0,2,2,0,0,878.json,NotBuggy
3,0.3609355688095093,0.6408956097522994,0,0,0,1,1.89,0,1,22.0,129.47398376464844,0,2,0,0,0,1683.json,NotBuggy
4,0.039276424795389175,0.7865210357123441,0,0,0,1,2.0,0,0,20.0,125.64796447753906,0,1,0,0,0,64.json,NotBuggy
3,0.7537469267845154,0.9583244499592954,0,0,0,1,1.89,0,0,12.0,133.59722900390625,0,0,0,0,0,4566.json,NotBuggy
7,0.0,0.00382262481351327,2,2,4,3,3.02,2,4,64.0,108.94082641601562,0,2,0,0,0,3387.json,NotBuggy
11,0.0061609321273863316,4.149706450956355E-5,2,1,3,2,4.3,1,5,95.0,99.28569793701172,0,4,5,0,0,5590.json,NotBuggy
3,0.3851343095302582,0.6841595428062425,0,0,0,1,1.89,0,1,20.0,130.07347106933594,0,1,0,0,0,4261.json,NotBuggy
3,0.9228911399841309,0.9642894861722606,0,0,0,1,1.89,0,0,12.0,133.59722900390625,0,0,0,0,0,6619.json,NotBuggy
3,0.378140926361084,0.6302042896902763,0,0,0,1,1.89,0,1,22.0,129.47398376464844,0,2,0,0,0,1706.json,NotBuggy
3,0.028994420543313026,0.3421720263583013,0,0,0,1,1.89,0,2,30.0,127.67500305175781,0,2,0,0,0,1036.json,NotBuggy
4,0.01049682218581438,0.7766824561179744,0,0,0,1,2.0,0,0,20.0,125.64796447753906,0,1,0,0,0,5259.json,NotBuggy
4,0.5764970779418945,0.7197075302996793,0,0,0,1,2.0,0,1,24.0,124.4649429321289,0,1,0,0,0,4001.json,NotBuggy
6,0.7876493334770203,0.9317050779276488,0,0,0,1,5.5,0,0,26.0,117.59266662597656,0,0,0,0,0,5690.json,NotBuggy
3,0.3211002051830292,0.7979886824663358,0,0,0,1,1.89,0,1,18.0,130.7338104248047,0,0,0,0,0,3966.json,NotBuggy
3,0.7017841935157776,0.90778300688383,0,0,0,1,1.89,0,1,15.0,132.25152587890625,0,0,0,0,0,4904.json,NotBuggy
41,0.0,1.3348812371166853E-17,14,10,24,9,7.4,5,31,281.0,69.8182601928711,0,3,6,0,0,7002.json,NotBuggy
6,0.7218207716941833,0.89698473096377,0,0,0,1,5.5,0,0,26.0,117.59266662597656,0,0,0,0,0,5753.json,NotBuggy
11,0.21651534736156464,0.10235211044030952,4,3,7,4,3.95,2,4,63.0,101.52503204345703,0,1,1,0,0,4254.json,NotBuggy
23,0.059016939252614975,0.0010989607098259033,7,7,14,8,3.77,2,8,118.0,85.14238739013672,0,1,2,0,0,3746.json,NotBuggy
3,0.3520320951938629,0.8045495719315798,0,0,0,1,1.89,0,2,19.0,130.70933532714844,0,0,0,0,0,6919.json,NotBuggy
6,0.8992957472801208,0.8509687971491324,0,0,0,1,5.5,0,0,28.0,117.0948257446289,0,0,0,0,0,6237.json,NotBuggy
3,0.003422645153477788,0.9217572370833429,0,0,0,1,1.89,0,0,12.0,133.59722900390625,0,0,0,0,0,3576.json,NotBuggy
3,0.36467868089675903,0.6637671467766602,0,0,0,1,1.89,0,1,22.0,129.47398376464844,0,2,0,0,0,1660.json,NotBuggy
3,0.6303332448005676,0.842373948881915,0,0,0,1,1.89,0,1,18.0,130.85629272460938,0,1,0,0,0,157.json,NotBuggy
5,0.8419410586357117,0.9095426259296554,0,0,0,1,5.43,0,0,21.0,121.77933502197266,0,0,0,0,0,6090.json,NotBuggy
3,0.006619585212320089,0.9458073879419843,0,0,0,1,1.89,0,0,12.0,133.59722900390625,0,0,0,0,0,2779.json,NotBuggy
3,0.3530349135398865,0.6079270575914844,0,0,0,1,1.89,0,1,22.0,129.37762451171875,0,1,0,0,0,1638.json,NotBuggy
3,0.9173120856285095,0.8958388593821631,0,0,0,1,1.89,0,1,15.0,132.086669921875,0,0,0,0,0,5351.json,NotBuggy
6,0.019839348271489143,0.035792195744721235,1,1,2,2,2.75,1,3,49.0,113.1683349609375,0,1,0,0,0,6371.json,NotBuggy
3,0.0017514583887532353,0.9580149826971269,0,0,0,1,1.89,0,0,12.0,133.59722900390625,0,0,0,0,0,6210.json,NotBuggy
3,0.5346800088882446,0.7545430484811911,0,0,0,1,1.89,0,0,18.0,130.85629272460938,0,0,0,0,0,6792.json,NotBuggy
3,0.7871109247207642,0.5029786913558472,0,0,0,1,1.89,0,1,24.0,129.12539672851562,0,1,0,0,0,5141.json,NotBuggy
3,0.45522594451904297,0.7365462158645779,0,0,0,1,1.89,0,1,21.0,129.93223571777344,0,0,0,0,0,2823.json,NotBuggy
11,0.005963343661278486,0.002248301072898604,5,2,7,4,17.42,3,5,78.0,100.03634643554688,0,2,2,0,0,5787.json,NotBuggy
8,0.09743582457304001,1.3523810378249639E-4,0,0,0,2,2.83,1,6,78.0,105.31124114990234,0,1,1,0,0,3114.json,NotBuggy
3,0.0,1.9165680842423154E-4,1,1,2,2,1.89,0,9,73.0,122.16075897216797,0,2,0,0,0,1024.json,NotBuggy
5,0.15905943512916565,0.6666855679383606,1,1,2,2,2.99,0,1,31.0,119.08892822265625,0,2,0,0,0,4037.json,NotBuggy
8,0.017962444573640823,0.005307665798227696,2,2,4,3,2.83,2,6,70.0,106.48306274414062,0,1,0,0,0,5077.json,NotBuggy
3,0.9678533673286438,0.9733449512129473,0,0,0,1,1.89,0,0,12.0,133.59722900390625,0,0,0,0,0,5606.json,NotBuggy
3,0.7251510620117188,0.6924327094783228,0,0,0,1,1.89,0,2,21.0,129.81976318359375,0,1,0,0,0,5441.json,NotBuggy
3,0.4434701204299927,0.8395449867739385,0,0,0,1,1.89,0,0,18.0,130.99049377441406,0,0,0,0,0,4876.json,NotBuggy
5,0.46612784266471863,0.588030135219537,0,0,0,1,1.96,0,2,31.0,119.41529846191406,0,0,1,0,0,4884.json,NotBuggy
3,2.3326993687078357E-4,0.043851282571886335,0,0,0,1,1.89,0,4,43.0,125.56587982177734,0,2,0,0,0,1346.json,NotBuggy
3,7.932259468361735E-4,0.9319295820277791,0,0,0,1,1.89,0,0,12.0,133.59722900390625,0,0,0,0,0,3575.json,NotBuggy
3,0.9264941215515137,0.876724078478865,0,0,0,1,1.89,0,0,15.0,131.9385528564453,0,0,0,0,0,4776.json,NotBuggy
5,0.15905943512916565,0.6666855679383606,1,1,2,2,2.99,0,1,31.0,119.08892822265625,0,2,0,0,0,3442.json,NotBuggy
3,0.3595377504825592,0.8031599305393209,0,0,0,1,1.89,0,2,19.0,130.70933532714844,0,0,0,0,0,6874.json,NotBuggy
3,0.16602781414985657,0.8971909537420042,0,0,0,1,1.89,0,0,14.0,132.4454345703125,0,0,0,0,0,3440.json,NotBuggy
6,9.650830761529505E-4,0.04461376839676084,0,0,0,1,3.91,0,7,56.0,112.44258880615234,0,1,1,0,0,6870.json,NotBuggy
3,0.9341974854469299,0.8910356823708069,0,0,0,1,1.89,0,2,16.0,131.75106811523438,0,0,0,0,0,4778.json,NotBuggy
3,0.009232813492417336,0.93562508100305,0,0,0,1,1.89,0,0,12.0,133.59722900390625,0,0,0,0,0,4230.json,NotBuggy
6,0.5902335047721863,0.3127480730761824,1,2,3,2,2.75,0,2,40.0,114.41285705566406,0,1,1,0,0,2357.json,NotBuggy
8,0.0023128201719373465,3.642070794287244E-4,0,0,0,1,7.75,0,12,80.0,105.63877868652344,0,3,0,0,0,6978.json,NotBuggy
4,0.13562799990177155,0.6115874562747633,0,0,0,1,3.46,0,0,22.0,124.91740417480469,0,0,0,0,0,6196.json,NotBuggy
9,0.6665478944778442,0.9178892176916392,1,1,2,2,2.95,1,1,30.0,109.6474838256836,0,0,0,0,0,2722.json,NotBuggy
3,0.02619331143796444,0.3981309323021057,0,0,0,1,1.89,0,2,28.0,128.1235809326172,0,2,0,0,0,1415.json,NotBuggy
3,1.059714995790273E-4,0.2828839427919332,0,0,0,1,1.89,0,1,33.0,127.17938995361328,0,2,0,0,0,4187.json,NotBuggy
3,0.15960031747817993,0.9289855711036682,0,0,0,1,1.89,0,0,12.0,133.59722900390625,0,0,0,0,0,673.json,NotBuggy
3,0.7783626914024353,0.777717961789348,0,0,0,1,1.89,0,0,20.0,130.07347106933594,0,2,0,0,0,1865.json,NotBuggy
3,0.36857765913009644,0.8888523060892047,0,0,0,1,1.89,0,0,14.0,132.4454345703125,0,0,0,0,0,3504.json,NotBuggy
3,0.36027881503105164,0.7928186757191128,0,0,0,1,1.89,0,1,18.0,130.7338104248047,0,0,0,0,0,3948.json,NotBuggy
3,0.5336528420448303,0.9520586311338648,0,0,0,1,1.89,0,0,12.0,133.59722900390625,0,0,0,0,0,6113.json,NotBuggy
34,0.0,1.471704460775265E-28,2,1,3,3,4.04,2,49,368.0,72.48731231689453,0,2,11,0,0,5437.json,NotBuggy
9,0.0025990824215114117,8.429966702432969E-5,0,0,0,1,4.12,0,11,85.0,103.37963104248047,0,3,3,0,0,7021.json,NotBuggy
3,0.23744413256645203,0.6072647177309706,0,0,0,1,1.89,0,1,23.0,129.2428436279297,0,1,0,0,0,4928.json,Buggy
3,0.07255369424819946,0.9390737419436085,0,0,0,1,1.89,0,0,12.0,133.59722900390625,0,0,0,0,0,3887.json,NotBuggy
13,0.0,7.079123036847134E-8,2,2,4,3,2.46,1,19,129.0,94.57074737548828,0,3,2,0,0,7024.json,NotBuggy
3,0.2350386381149292,0.6331902422053811,0,0,0,1,1.89,0,0,26.0,128.50894165039062,0,2,0,0,0,5246.json,NotBuggy
3,0.7498886585235596,0.9454683336510649,0,0,0,1,1.89,0,0,12.0,133.59722900390625,0,0,0,0,0,345.json,NotBuggy
3,0.7099259495735168,0.9501511094762343,0,0,0,1,1.89,0,0,12.0,133.59722900390625,0,0,0,0,0,3818.json,NotBuggy
3,0.5136016607284546,0.5914481963744684,0,0,0,1,1.89,0,1,23.0,129.2428436279297,0,1,0,0,0,665.json,NotBuggy
10,0.01994635909795761,0.016645949108062007,2,2,4,3,2.8,1,5,66.0,102.9505844116211,0,2,0,0,0,6353.json,NotBuggy
3,0.46202725172042847,0.9020656014948587,0,0,0,1,1.89,0,0,15.0,132.25152587890625,0,0,0,0,0,6198.json,NotBuggy
2,0.5494577288627625,0.8432961862108928,0,0,0,1,0.0,0,0,14.0,139.0139617919922,0,2,0,0,0,1450.json,NotBuggy
3,0.21199169754981995,0.6671981863107243,0,0,0,1,1.89,0,1,23.0,129.34671020507812,0,2,0,0,0,2143.json,NotBuggy
3,0.10335935652256012,0.5752838584748771,0,0,0,1,1.89,0,1,23.0,129.14646911621094,0,3,0,0,0,6997.json,NotBuggy
3,0.725801944732666,0.9558963388197027,0,0,0,1,1.89,0,0,12.0,133.59722900390625,0,0,0,0,0,4358.json,NotBuggy
5,0.15905943512916565,0.6666855679383606,1,1,2,2,2.99,0,1,31.0,119.08892822265625,0,2,0,0,0,4532.json,NotBuggy
3,0.42165929079055786,0.9536481326085867,0,0,0,1,1.89,0,0,12.0,133.59722900390625,0,0,0,0,0,622.json,NotBuggy
3,0.17624300718307495,0.9438192209319443,0,0,0,1,1.89,0,0,12.0,133.59722900390625,0,0,0,0,0,3039.json,NotBuggy
3,0.013827391900122166,0.674296022746718,0,0,0,1,1.89,0,2,21.0,129.93223571777344,0,0,0,0,0,2999.json,NotBuggy
5,0.3391225039958954,0.6546001501041494,1,1,2,2,2.99,1,3,27.0,119.80731201171875,0,1,0,0,0,3168.json,NotBuggy
3,0.13649451732635498,0.8819024939245628,0,0,0,1,1.89,0,0,14.0,132.4454345703125,0,0,0,0,0,4125.json,NotBuggy
3,0.6371789574623108,0.8917944360163752,0,0,0,1,1.89,0,0,15.0,131.9385528564453,0,0,0,0,0,3200.json,NotBuggy
13,0.01954268291592598,6.728155129431195E-4,3,2,5,4,3.29,2,10,89.0,96.68508911132812,0,1,2,0,0,5176.json,NotBuggy
3,0.0,2.8722983249945677E-6,3,3,6,4,1.89,0,13,97.0,120.17276000976562,0,2,0,0,0,1374.json,NotBuggy
3,0.3710911273956299,0.7158346478115988,0,0,0,1,1.89,0,1,20.0,130.07347106933594,0,1,0,0,0,3496.json,NotBuggy
3,0.24862313270568848,0.9325874671299451,0,0,0,1,1.89,0,0,12.0,133.59722900390625,0,0,0,0,0,3214.json,NotBuggy
3,0.0,3.5666489905077266E-4,1,1,2,2,1.89,0,9,68.0,122.52970886230469,0,2,0,0,0,1396.json,NotBuggy
11,0.03246927261352539,0.011220275633843717,4,3,7,4,3.95,2,4,72.0,100.62635803222656,0,2,1,0,0,3080.json,NotBuggy
11,0.49406763911247253,0.6996766077866925,2,3,5,4,3.95,2,2,47.0,103.3649673461914,0,1,0,0,0,2775.json,NotBuggy
3,0.896574854850769,0.8967838489679202,0,0,0,1,1.89,0,0,14.0,132.4454345703125,0,0,0,0,0,148.json,NotBuggy
3,0.3993714153766632,0.6860668655436435,0,0,0,1,1.89,0,1,20.0,130.07347106933594,0,1,0,0,0,4343.json,NotBuggy
10,0.011298446916043758,0.0014916796112473775,9,3,12,4,2.8,0,9,81.0,101.70774841308594,0,2,1,0,0,1632.json,NotBuggy
3,1.059714995790273E-4,0.2828839427919332,0,0,0,1,1.89,0,1,33.0,127.17938995361328,0,2,0,0,0,4132.json,NotBuggy
3,0.46554258465766907,0.4987486121306888,0,0,0,1,1.89,0,0,23.0,129.05665588378906,0,2,0,0,0,6000.json,NotBuggy
3,0.2559722363948822,0.47081936690033516,1,1,2,2,1.89,0,1,26.0,128.10511779785156,0,2,0,0,0,1356.json,NotBuggy
3,0.17608575522899628,0.8941473299708784,0,0,0,1,1.89,0,0,14.0,132.4454345703125,0,0,0,0,0,3095.json,NotBuggy
3,0.8361228108406067,0.7988949221433348,0,0,0,1,1.89,0,0,21.0,130.33702087402344,0,0,0,0,0,418.json,NotBuggy
3,0.39581018686294556,0.8097676246948774,0,0,0,1,1.89,0,1,18.0,130.7338104248047,0,0,0,0,0,3656.json,NotBuggy
3,0.6075165867805481,0.8732733685733628,0,0,0,1,1.89,0,0,15.0,132.25152587890625,0,0,0,0,0,653.json,NotBuggy
3,0.7728284597396851,0.9336517393620599,0,0,0,1,1.89,0,0,14.0,132.61029052734375,0,0,0,0,0,3603.json,NotBuggy
3,0.6987584233283997,0.8029226652717406,0,0,0,1,1.89,0,0,17.0,131.28770446777344,0,1,0,0,0,6005.json,NotBuggy
3,0.20251819491386414,0.688112116421662,0,0,0,1,1.89,0,1,23.0,129.34671020507812,0,2,0,0,0,2156.json,NotBuggy
3,0.30832749605178833,0.7671679335494922,0,0,0,1,1.89,0,1,18.0,130.7338104248047,0,0,0,0,0,3960.json,NotBuggy
3,0.7421755790710449,0.9620271736438631,0,0,0,1,1.89,0,0,12.0,133.59722900390625,0,0,0,0,0,3694.json,NotBuggy
3,0.8395971655845642,0.9647837565088124,0,0,0,1,1.89,0,0,12.0,133.59722900390625,0,0,0,0,0,368.json,NotBuggy
3,0.7447094917297363,0.7878362368448659,0,0,0,1,1.89,0,2,19.0,130.70933532714844,0,1,0,0,0,6732.json,NotBuggy
6,0.078041672706604,0.3068677091399423,0,0,0,1,1.89,0,2,40.0,114.9500732421875,0,1,1,0,0,5551.json,NotBuggy
3,0.1855544149875641,0.7604933533095326,0,0,0,1,1.89,0,1,21.0,129.93223571777344,0,2,0,0,0,2212.json,NotBuggy
3,0.42680156230926514,0.7278433547899023,0,0,0,1,1.89,0,1,21.0,129.93223571777344,0,0,0,0,0,4276.json,NotBuggy
3,0.024599589407444,0.13784513757572364,0,0,0,1,1.89,0,3,33.0,126.74282836914062,0,1,0,0,0,3345.json,NotBuggy
9,0.03551444411277771,0.20622624917003957,3,2,5,3,2.67,1,3,58.0,105.68218994140625,0,2,1,0,0,2505.json,NotBuggy
3,0.677269697189331,0.9670591074265305,0,0,0,1,1.89,0,0,12.0,133.59722900390625,0,0,0,0,0,5779.json,NotBuggy
18,0.224479079246521,0.0035991429692123892,2,2,4,3,3.06,2,10,95.0,91.26295471191406,0,0,4,0,0,3362.json,NotBuggy
12,0.0070058987475931644,1.349038725478856E-4,12,4,16,5,2.75,0,12,99.0,97.42855834960938,0,2,1,0,0,1618.json,NotBuggy
3,0.5790004134178162,0.8622597145016718,0,0,0,1,1.89,0,1,16.0,131.75106811523438,0,0,0,0,0,6079.json,NotBuggy
3,0.5753701329231262,0.8676888225715841,0,0,0,1,1.89,0,1,16.0,131.60296630859375,0,0,0,0,0,4549.json,NotBuggy
3,0.6786988377571106,0.958407450448142,0,0,0,1,1.89,0,0,12.0,133.59722900390625,0,0,0,0,0,3693.json,NotBuggy
3,0.5336528420448303,0.9520586311338648,0,0,0,1,1.89,0,0,12.0,133.59722900390625,0,0,0,0,0,6186.json,NotBuggy
3,0.28312185406684875,0.9517514371291249,0,0,0,1,1.89,0,0,12.0,133.59722900390625,0,0,0,0,0,2914.json,NotBuggy
4,0.0019882936030626297,0.271602780697203,0,0,0,1,2.0,0,4,36.0,122.15628814697266,0,2,0,0,0,1462.json,NotBuggy
3,0.3170391023159027,0.7323319481961252,0,0,0,1,1.89,0,1,19.0,130.34019470214844,0,0,0,0,0,4473.json,NotBuggy
6,0.017476165667176247,0.01441513398698399,0,0,0,1,1.89,0,6,56.0,112.64690399169922,0,2,2,0,0,1091.json,NotBuggy
3,0.0,1.4244580985819136E-5,1,1,2,2,1.89,0,11,88.0,121.13910675048828,0,2,0,0,0,1434.json,NotBuggy
3,0.06505049765110016,0.758110525209344,0,0,0,1,1.89,0,1,19.0,130.34019470214844,0,0,0,0,0,365.json,NotBuggy
3,0.009557225741446018,0.15169354217355877,0,0,0,1,1.89,0,5,34.0,126.94014739990234,0,1,0,0,0,6019.json,NotBuggy
8,0.006177106406539679,0.037693193462961155,0,0,0,1,1.73,0,4,61.0,107.78804016113281,0,2,1,0,0,5680.json,NotBuggy
3,0.6735573410987854,0.7571363225823667,1,1,2,2,1.89,0,1,20.0,129.95594787597656,0,0,0,0,0,6378.json,NotBuggy
3,0.3253326117992401,0.701011304950908,0,0,0,1,1.89,0,1,20.0,130.07347106933594,0,1,0,0,0,3558.json,NotBuggy
5,0.3391225039958954,0.6546001501041494,1,1,2,2,2.99,1,3,27.0,119.80731201171875,0,1,0,0,0,3184.json,NotBuggy
3,0.7866387963294983,0.5503021430758998,0,0,0,1,1.89,0,1,24.0,129.12539672851562,0,1,0,0,0,5153.json,NotBuggy
10,0.026241354644298553,0.0014118377800595564,9,3,12,4,2.8,0,9,81.0,101.70774841308594,0,2,1,0,0,1623.json,NotBuggy
3,0.005118012893944979,0.4922307735849459,0,0,0,1,1.89,0,1,28.0,128.1235809326172,0,2,0,0,0,3460.json,NotBuggy
3,0.7470922470092773,0.9572954427919642,0,0,0,1,1.89,0,0,12.0,133.59722900390625,0,0,0,0,0,606.json,NotBuggy
10,0.091927170753479,0.023636483535081496,1,1,2,3,3.53,2,6,66.0,102.85283660888672,0,2,3,0,0,6471.json,NotBuggy
3,0.8663702607154846,0.8241785989719984,0,0,0,1,1.89,0,0,19.0,130.70933532714844,0,1,0,0,0,402.json,NotBuggy
7,0.9155989289283752,0.020177861343133235,5,4,9,4,1.81,0,4,64.0,108.76529693603516,0,1,1,0,0,142.json,NotBuggy
6,0.7218207716941833,0.9006310226216204,0,0,0,1,5.5,0,0,26.0,117.59266662597656,0,0,0,0,0,5560.json,NotBuggy
3,0.8165327906608582,0.9560263534494818,0,0,0,1,1.89,0,0,12.0,133.59722900390625,0,0,0,0,0,4331.json,NotBuggy
3,0.11996175348758698,0.9446830735466173,0,0,0,1,1.89,0,0,12.0,133.59722900390625,0,0,0,0,0,3209.json,NotBuggy
21,0.006193365436047316,0.0012313135677756676,6,5,11,6,5.63,3,9,115.0,86.76810455322266,0,2,3,0,0,5575.json,NotBuggy
3,0.35832419991493225,0.6096600259064404,0,0,0,1,1.89,0,1,22.0,129.37762451171875,0,0,0,0,0,5224.json,NotBuggy
3,0.19077958166599274,0.4405679193633425,0,0,0,1,1.89,0,2,27.0,128.31268310546875,0,2,0,0,0,985.json,NotBuggy
3,0.8710650205612183,0.9485005736991421,0,0,0,1,1.89,0,0,12.0,133.59722900390625,0,0,0,0,0,3759.json,NotBuggy
3,0.7700504660606384,0.7867256220492314,0,0,0,1,1.89,0,0,20.0,130.07347106933594,0,2,0,0,0,1835.json,NotBuggy
6,0.0,2.749908163994595E-4,0,0,0,1,1.89,0,2,74.0,110.86053466796875,0,6,2,0,0,275.json,NotBuggy
5,0.6155017614364624,0.14762333742893036,2,2,4,3,1.96,0,2,43.0,116.90475463867188,0,0,1,0,0,4774.json,NotBuggy
3,0.8663702607154846,0.8241785989719984,0,0,0,1,1.89,0,0,19.0,130.70933532714844,0,1,0,0,0,404.json,NotBuggy
3,0.5209462642669678,0.7321551674391051,0,0,0,1,1.89,0,1,21.0,129.93223571777344,0,0,0,0,0,737.json,NotBuggy
3,0.2076767385005951,0.8769294595457594,0,0,0,1,1.89,0,0,14.0,132.4454345703125,0,0,0,0,0,4500.json,NotBuggy
3,0.7653594017028809,0.7845553127684952,0,0,0,1,1.89,0,0,20.0,130.07347106933594,0,2,0,0,0,1861.json,NotBuggy
3,0.6452571749687195,0.8612555360103319,0,0,0,1,1.89,0,1,16.0,131.75106811523438,0,0,0,0,0,4275.json,NotBuggy
3,0.34524866938591003,0.8565859423889822,0,0,0,1,1.89,0,0,17.0,131.03103637695312,0,0,0,0,0,5070.json,NotBuggy
3,0.11363285034894943,0.9493615858203285,0,0,0,1,1.89,0,0,12.0,133.59722900390625,0,0,0,0,0,2974.json,NotBuggy
3,0.9589570164680481,0.8188545596619649,0,0,0,1,1.89,0,0,18.0,130.85629272460938,0,0,0,0,0,144.json,NotBuggy
4,0.7127670645713806,0.9332818880411675,0,0,0,1,3.46,0,0,12.0,128.936767578125,0,0,0,0,0,6133.json,NotBuggy
5,0.07674756646156311,0.1540498809625042,0,0,0,1,1.96,0,4,41.0,117.40169525146484,0,1,1,0,0,568.json,NotBuggy
3,0.6739360690116882,0.8740309414710338,0,0,0,1,1.89,0,1,15.0,132.086669921875,0,0,0,0,0,6638.json,NotBuggy
6,0.21748663485050201,0.1167030836679704,3,1,4,2,2.75,0,3,45.0,113.6710433959961,0,2,1,0,0,1622.json,NotBuggy
3,0.4161020815372467,0.7890985898039368,0,0,0,1,1.89,0,1,18.0,130.7338104248047,0,0,0,0,0,795.json,NotBuggy
3,0.043649982661008835,0.6867712850844669,0,0,0,1,1.89,0,1,23.0,129.34671020507812,0,3,0,0,0,73.json,NotBuggy
5,0.3044319748878479,0.34140844335357606,0,0,0,1,1.96,0,2,35.0,118.3609390258789,0,1,1,0,0,535.json,NotBuggy
3,0.19344797730445862,0.8948328219577983,0,0,0,1,1.89,0,0,14.0,132.4454345703125,0,0,0,0,0,583.json,NotBuggy
3,0.4180501103401184,0.9454980113145358,0,0,0,1,1.89,0,0,12.0,133.59722900390625,0,0,0,0,0,4534.json,NotBuggy
3,0.17624300718307495,0.9405579344712455,0,0,0,1,1.89,0,0,12.0,133.59722900390625,0,0,0,0,0,3895.json,NotBuggy
3,0.0,1.840233117102652E-4,1,1,2,2,1.89,0,9,73.0,122.16075897216797,0,2,0,0,0,981.json,NotBuggy
3,0.07980810105800629,0.4790162429186315,0,0,0,1,1.89,0,1,28.0,128.21994018554688,0,0,0,0,0,2889.json,NotBuggy
3,0.0,0.10597500922136277,0,0,0,1,1.89,0,2,35.0,126.63631439208984,0,2,0,0,0,2375.json,NotBuggy
3,0.7288851141929626,0.8923007436243201,0,0,0,1,1.89,0,1,15.0,132.086669921875,0,0,0,0,0,4554.json,NotBuggy
10,0.1928301900625229,0.025808794265657343,3,3,6,4,2.8,3,1,64.0,102.98716735839844,0,0,0,0,0,6934.json,NotBuggy
3,0.7470922470092773,0.9546766695279212,0,0,0,1,1.89,0,0,12.0,133.59722900390625,0,0,0,0,0,3803.json,NotBuggy
3,0.2241792529821396,0.8792396263266614,0,0,0,1,1.89,0,0,14.0,132.4454345703125,0,0,0,0,0,4167.json,NotBuggy
8,5.934726214036345E-4,0.03294666002271916,1,1,2,2,2.4,0,4,56.0,107.75645446777344,0,1,0,0,0,2872.json,NotBuggy
3,0.5333688259124756,0.7399260268726822,0,0,0,1,1.89,0,1,21.0,129.93223571777344,0,0,0,0,0,3491.json,NotBuggy
35,0.0,2.241908004798352E-11,5,10,15,11,3.32,1,30,239.0,73.77501678466797,0,2,2,0,0,905.json,NotBuggy
3,0.3262373208999634,0.6857394520863571,0,0,0,1,1.89,0,1,20.0,130.07347106933594,0,1,0,0,0,4369.json,NotBuggy
3,0.8593800663948059,0.9291782730173734,0,0,0,1,1.89,0,0,12.0,133.59722900390625,0,0,0,0,0,3441.json,NotBuggy
10,0.019000813364982605,0.003172842955547241,2,2,4,3,3.49,1,6,75.0,102.14214324951172,0,2,2,0,0,874.json,NotBuggy
10,0.22455881536006927,0.023388515283543618,2,2,4,3,2.53,1,3,64.0,102.96688842773438,0,2,1,0,0,1128.json,NotBuggy
3,0.29497939348220825,0.8714873808765532,0,0,0,1,1.89,0,0,15.0,131.9385528564453,0,0,0,0,0,4541.json,NotBuggy
3,0.6016711592674255,0.9511950918326839,0,0,0,1,1.89,0,0,12.0,133.59722900390625,0,0,0,0,0,650.json,NotBuggy
3,0.19462209939956665,0.7715715470914444,0,0,0,1,1.89,0,1,18.0,130.7338104248047,0,0,0,0,0,6606.json,NotBuggy
3,0.23029494285583496,0.9488312777343283,0,0,0,1,1.89,0,0,12.0,133.59722900390625,0,0,0,0,0,3035.json,NotBuggy
3,0.06516038626432419,0.9454208914280656,0,0,0,1,1.89,0,0,12.0,133.59722900390625,0,0,0,0,0,4351.json,NotBuggy
7,0.1277027130126953,0.10913485149366638,2,2,4,2,2.56,1,6,48.0,110.90117645263672,0,0,1,0,0,6580.json,NotBuggy
3,0.20315836369991302,0.68558052135151,0,0,0,1,1.89,0,1,23.0,129.34671020507812,0,2,0,0,0,2144.json,NotBuggy
3,0.22559551894664764,0.9351589081186178,0,0,0,1,1.89,0,0,12.0,133.59722900390625,0,0,0,0,0,4899.json,NotBuggy
7,0.1884973794221878,0.512912996478398,2,2,4,3,4.12,2,2,41.0,111.95423889160156,0,1,0,0,0,3132.json,NotBuggy
3,3.286559949629009E-4,0.029347425366885223,0,0,0,1,1.89,0,4,45.0,125.25936889648438,0,2,0,0,0,1001.json,NotBuggy
3,0.4180501103401184,0.9483050878944576,0,0,0,1,1.89,0,0,12.0,133.59722900390625,0,0,0,0,0,4184.json,NotBuggy
13,0.018209345638751984,0.0024795757062410196,2,2,4,4,4.2,2,9,81.0,97.05595397949219,0,1,2,0,0,6506.json,NotBuggy
3,0.671998918056488,0.9100030805594377,0,0,0,1,1.89,0,1,15.0,132.25152587890625,0,0,0,0,0,6101.json,NotBuggy
13,0.24993744492530823,0.08496090277466226,5,4,9,5,5.17,3,4,69.0,98.06122589111328,0,1,1,0,0,4123.json,NotBuggy
3,0.48500916361808777,0.8959258823721307,0,0,0,1,1.89,0,1,15.0,132.25152587890625,0,0,0,0,0,6106.json,NotBuggy
3,0.26867520809173584,0.9384571204325393,0,0,0,1,1.89,0,0,12.0,133.59722900390625,0,0,0,0,0,4280.json,NotBuggy
3,0.7845817804336548,0.7732566483740027,0,0,0,1,1.89,0,0,20.0,130.07347106933594,0,2,0,0,0,1836.json,NotBuggy
3,0.7587559819221497,0.7752567910908398,0,0,0,1,1.89,0,0,20.0,130.07347106933594,0,2,0,0,0,1850.json,NotBuggy
3,0.12374608963727951,0.5805119865869516,0,0,0,1,1.89,0,1,24.0,128.83535766601562,0,1,0,0,0,2339.json,NotBuggy
3,0.6016711592674255,0.9541977974603884,0,0,0,1,1.89,0,0,12.0,133.59722900390625,0,0,0,0,0,3817.json,NotBuggy
3,0.3629727363586426,0.8904342651819226,0,0,0,1,1.89,0,0,14.0,132.4454345703125,0,0,0,0,0,4098.json,NotBuggy
3,0.40586400032043457,0.6178660915693499,0,0,0,1,1.89,0,1,22.0,129.47398376464844,0,2,0,0,0,1703.json,NotBuggy
3,0.005118012893944979,0.4922307735849459,0,0,0,1,1.89,0,1,28.0,128.1235809326172,0,2,0,0,0,3698.json,NotBuggy
3,0.060125671327114105,0.7129464527408143,0,0,0,1,1.89,0,2,21.0,130.05470275878906,0,0,0,0,0,743.json,NotBuggy
3,3.0201408662833273E-4,0.03186111384129441,0,0,0,1,1.89,0,4,45.0,125.25936889648438,0,2,0,0,0,986.json,NotBuggy
5,0.8787402510643005,0.9244969625029056,0,0,0,1,5.43,0,0,21.0,121.77933502197266,0,0,0,0,0,4870.json,NotBuggy
3,0.03441458195447922,0.9508973837444283,0,0,0,1,1.89,0,0,12.0,133.59722900390625,0,0,0,0,0,3011.json,NotBuggy
3,0.5690836310386658,0.8158309999251008,0,0,0,1,1.89,0,0,21.0,129.93223571777344,0,1,0,0,0,4746.json,NotBuggy
3,0.6289811134338379,0.9512471541987172,0,0,0,1,1.89,0,0,12.0,133.59722900390625,0,0,0,0,0,3873.json,NotBuggy
12,0.03701566159725189,0.008895055662477792,2,2,4,3,3.28,2,6,74.0,98.97982788085938,0,1,2,0,0,5745.json,NotBuggy
6,0.19672849774360657,0.1119213220970191,4,2,6,2,2.75,1,4,44.0,113.78789520263672,0,0,0,0,0,5609.json,NotBuggy
3,0.5095325708389282,0.6254362514600064,0,0,0,1,1.89,0,1,22.0,129.69032287597656,0,1,0,0,0,6594.json,NotBuggy
4,0.4689461886882782,0.34166081653101305,0,0,0,1,2.0,0,3,30.0,123.01455688476562,0,1,0,0,0,4272.json,NotBuggy
3,0.8134962916374207,0.9292157729753044,0,0,0,1,1.89,0,0,13.0,132.9956512451172,0,0,0,0,0,5639.json,NotBuggy
3,0.7656285166740417,0.9447159067337941,0,0,0,1,1.89,0,0,13.0,132.9956512451172,0,0,0,0,0,5498.json,NotBuggy
3,0.6613408327102661,0.9181983857503786,0,0,0,1,1.89,0,0,14.0,132.61029052734375,0,0,0,0,0,770.json,NotBuggy
3,0.5416358709335327,0.8553191740248536,0,0,0,1,1.89,0,0,15.0,132.25152587890625,0,0,0,0,0,6109.json,NotBuggy
7,0.020914733409881592,0.6238949556201715,1,1,2,2,3.02,1,1,35.0,113.00700378417969,0,1,0,0,0,6368.json,NotBuggy
3,0.7578468918800354,0.9543048625240008,0,0,0,1,1.89,0,0,12.0,133.59722900390625,0,0,0,0,0,4804.json,NotBuggy
15,0.040036071091890335,0.0016032231276774972,5,2,7,5,5.06,3,10,88.0,94.07670593261719,0,1,1,0,0,6796.json,NotBuggy
2,0.5314443111419678,0.8536192116235456,0,0,0,1,0.0,0,0,14.0,139.0139617919922,0,2,0,0,0,1481.json,NotBuggy
3,0.8882124423980713,0.9545784056054647,0,0,0,1,1.89,0,0,12.0,133.59722900390625,0,0,0,0,0,5536.json,NotBuggy
7,0.1682417094707489,0.14692139527617734,0,0,0,2,3.02,1,3,43.0,111.29325103759766,0,1,0,0,0,6965.json,NotBuggy
3,0.5019701719284058,0.9021798413222231,0,0,0,1,1.89,0,2,19.0,130.70933532714844,0,0,0,0,0,6040.json,NotBuggy
3,0.9254549741744995,0.8906740931831232,0,0,0,1,3.77,0,0,12.0,133.59722900390625,0,0,0,0,0,4248.json,NotBuggy
3,0.7470922470092773,0.9622319420394573,0,0,0,1,1.89,0,0,12.0,133.59722900390625,0,0,0,0,0,6527.json,NotBuggy
3,0.859735369682312,0.9785861914637684,0,0,0,1,1.89,0,0,12.0,133.59722900390625,0,0,0,0,0,240.json,NotBuggy
3,0.0,0.3310323905663397,0,0,0,1,1.89,0,2,28.0,128.21994018554688,0,2,0,0,0,5217.json,NotBuggy
3,0.6866729855537415,0.9274331177093383,0,0,0,1,1.89,0,0,14.0,132.61029052734375,0,0,0,0,0,3619.json,NotBuggy
4,0.13169917464256287,0.623925870163686,0,0,0,1,3.46,0,0,22.0,124.91740417480469,0,0,0,0,0,6285.json,NotBuggy
3,0.21199169754981995,0.6640963167425011,0,0,0,1,1.89,0,1,23.0,129.34671020507812,0,2,0,0,0,2159.json,NotBuggy
14,0.002141829114407301,2.1890865764344278E-5,7,5,12,4,3.43,2,7,113.0,94.16238403320312,0,3,4,0,0,5813.json,NotBuggy
3,0.6845815181732178,0.915117817794035,0,0,0,1,1.89,0,1,15.0,132.25152587890625,0,0,0,0,0,6689.json,Buggy
12,0.05802689120173454,0.03210401011301609,1,3,4,5,4.27,2,0,65.0,99.47265625,0,1,0,0,0,3342.json,NotBuggy
3,0.013617577962577343,0.9395437752216106,0,0,0,1,1.89,0,0,12.0,133.59722900390625,0,0,0,0,0,3556.json,NotBuggy
3,0.834074854850769,0.854235450668352,0,0,0,1,1.89,0,2,19.0,130.57513427734375,0,1,0,0,0,5005.json,NotBuggy
7,0.029072413221001625,0.04925076668591198,1,1,2,2,2.56,1,7,53.0,110.32292938232422,0,0,1,0,0,6843.json,NotBuggy
3,0.12619319558143616,0.9378760204780615,0,0,0,1,1.89,0,0,12.0,133.59722900390625,0,0,0,0,0,3163.json,NotBuggy
9,0.0731288492679596,0.11256903506618686,6,2,8,3,2.67,1,6,55.0,106.02847290039062,0,2,0,0,0,2025.json,NotBuggy
3,0.6221574544906616,0.7771653801259885,0,0,0,1,1.89,0,0,19.0,130.57513427734375,0,0,0,0,0,805.json,NotBuggy
11,0.2864322364330292,0.11076620563555614,4,3,7,4,3.95,2,4,63.0,101.52503204345703,0,1,1,0,0,4498.json,NotBuggy
3,0.19344797730445862,0.891587339866713,0,0,0,1,1.89,0,0,14.0,132.4454345703125,0,0,0,0,0,3272.json,NotBuggy
3,0.4433419406414032,0.7400537190833001,0,0,0,1,2.0,0,1,21.0,129.93223571777344,1,1,0,0,0,6616.json,NotBuggy
3,0.4670659899711609,0.8701825565854591,0,0,0,1,1.89,0,0,15.0,131.9385528564453,0,0,0,0,0,2797.json,NotBuggy
3,0.7700504660606384,0.7885098328399881,0,0,0,1,1.89,0,0,20.0,130.07347106933594,0,2,0,0,0,1909.json,NotBuggy
3,0.4549112617969513,0.8643641450962217,0,0,0,1,1.89,0,1,19.0,130.57513427734375,0,1,0,0,0,5211.json,NotBuggy
3,0.8169810771942139,0.5520236097713926,0,0,0,1,1.89,0,1,24.0,129.12539672851562,0,1,0,0,0,5231.json,NotBuggy
83,0.0,1.420146374312577E-55,8,9,17,12,6.65,4,74,707.0,52.11130142211914,0,0,26,0,0,5436.json,Buggy
3,0.6966673135757446,0.942047477735897,0,0,0,1,1.89,0,0,14.0,132.61029052734375,0,0,0,0,0,3623.json,NotBuggy
3,0.6901092529296875,0.5047722683934858,0,0,0,1,1.89,0,3,24.0,128.92515563964844,0,0,0,0,0,2907.json,NotBuggy
8,0.5032668709754944,0.3880425449944592,1,1,2,2,1.41,1,1,39.0,109.95417022705078,0,1,0,0,0,5516.json,NotBuggy
22,0.0,2.8286982778067586E-7,1,8,9,10,3.68,2,24,160.0,83.86512756347656,0,1,0,0,0,4916.json,NotBuggy
3,0.5595943331718445,0.8567162542058273,0,0,0,1,1.89,0,1,18.0,130.85629272460938,0,1,0,0,0,4593.json,NotBuggy
6,0.028772221878170967,0.03868150289377485,0,0,0,1,1.89,0,3,50.0,113.1817398071289,0,2,1,0,0,3399.json,NotBuggy
18,0.224479079246521,0.0035991429692123892,2,2,4,3,3.06,2,10,95.0,91.26295471191406,0,0,4,0,0,3360.json,NotBuggy
3,0.38698428869247437,0.64970762797229,0,0,0,1,1.89,0,1,22.0,129.47398376464844,0,2,0,0,0,1667.json,NotBuggy
3,0.38099926710128784,0.8052093150204191,0,0,0,1,1.89,0,1,18.0,130.7338104248047,0,0,0,0,0,3064.json,NotBuggy
7,0.5403026938438416,0.7043495626408988,0,0,0,2,3.02,1,1,32.0,113.2991714477539,0,0,0,0,0,6960.json,NotBuggy
3,0.1564798802137375,0.30723919697566443,0,0,0,1,1.89,0,4,30.0,127.59099578857422,0,1,0,0,0,6740.json,NotBuggy
11,0.2483520656824112,0.10878925024691875,4,3,7,4,3.95,2,4,63.0,101.52503204345703,0,1,1,0,0,4466.json,NotBuggy
3,0.02629135362803936,0.9414574574528394,0,0,0,1,1.89,0,0,12.0,133.59722900390625,0,0,0,0,0,3905.json,NotBuggy
3,0.9632439613342285,0.9483895206729738,0,0,0,1,1.89,0,0,13.0,132.9956512451172,0,0,0,0,0,5357.json,NotBuggy
3,0.7881513237953186,0.7689960584923661,0,0,0,1,1.89,0,0,20.0,130.07347106933594,0,2,0,0,0,1872.json,NotBuggy
17,0.08176800608634949,0.0027452952272223083,6,5,11,6,3.87,2,7,100.0,91.50373077392578,0,1,2,0,0,4363.json,NotBuggy
3,0.7091785669326782,0.9776975369585851,0,0,0,1,1.89,0,1,15.0,132.25152587890625,0,0,0,0,0,5148.json,NotBuggy
3,0.9086974859237671,0.9041505669882111,0,0,0,1,1.89,0,0,14.0,132.4454345703125,0,0,0,0,0,3469.json,NotBuggy
3,0.3993714153766632,0.699398849851597,0,0,0,1,1.89,0,1,20.0,130.07347106933594,0,1,0,0,0,4410.json,NotBuggy
3,0.06946150958538055,0.4101721862860475,0,0,0,1,1.89,0,2,27.0,128.22288513183594,0,3,0,0,0,7011.json,NotBuggy
3,0.39381569623947144,0.9558012807387192,0,0,0,1,1.89,0,0,12.0,133.59722900390625,0,0,0,0,0,709.json,NotBuggy
3,0.8652758002281189,0.9232464296611035,0,0,0,1,1.89,0,0,15.0,131.9385528564453,0,0,0,0,0,4564.json,NotBuggy
7,0.6808432340621948,0.20848065718394493,3,1,4,2,2.56,1,3,47.0,110.94767761230469,0,2,1,0,0,2066.json,NotBuggy
3,0.19876061379909515,0.6988081045198179,0,0,0,1,1.89,0,1,22.0,129.69032287597656,0,2,0,0,0,2272.json,NotBuggy
3,0.7328412532806396,0.8407623527176972,0,0,0,1,1.89,0,1,18.0,130.99049377441406,0,1,0,0,0,5102.json,NotBuggy
3,0.4188118577003479,0.711288260176973,0,0,0,1,1.89,0,1,21.0,129.93223571777344,0,0,0,0,0,4108.json,NotBuggy
3,0.6663845181465149,0.9140661944868724,0,0,0,1,1.89,0,1,15.0,132.25152587890625,0,0,0,0,0,6627.json,NotBuggy
3,0.005118012893944979,0.4922307735849459,0,0,0,1,1.89,0,1,28.0,128.1235809326172,0,2,0,0,0,4033.json,NotBuggy
5,0.7661678791046143,0.8560094365330505,1,1,2,2,2.99,0,1,26.0,120.20379638671875,0,1,0,0,0,2746.json,NotBuggy
3,0.5162652134895325,0.7748488553807147,0,0,0,1,1.89,0,2,19.0,130.57513427734375,0,0,0,0,0,6848.json,NotBuggy
3,1.059714995790273E-4,0.2828839427919332,0,0,0,1,1.89,0,1,33.0,127.17938995361328,0,2,0,0,0,3984.json,NotBuggy
3,0.8100385069847107,0.9546087834109283,0,0,0,1,1.89,0,0,12.0,133.59722900390625,0,0,0,0,0,3545.json,NotBuggy
3,0.0,1.853411920465903E-6,0,0,0,1,1.89,0,12,102.0,120.70338439941406,0,2,0,0,0,974.json,NotBuggy
3,0.32442936301231384,0.7124718866002434,0,0,0,1,1.89,0,1,20.0,130.07347106933594,0,1,0,0,0,2781.json,NotBuggy
3,0.28312185406684875,0.9471006197393629,0,0,0,1,1.89,0,0,12.0,133.59722900390625,0,0,0,0,0,3250.json,NotBuggy
3,0.04747610539197922,0.9544629805832389,0,0,0,1,1.89,0,0,12.0,133.59722900390625,0,0,0,0,0,2973.json,NotBuggy
3,0.9436226487159729,0.9644062915285745,0,0,0,1,1.89,0,0,12.0,133.59722900390625,0,0,0,0,0,6161.json,NotBuggy
3,0.17608575522899628,0.8867031369245306,0,0,0,1,1.89,0,0,14.0,132.4454345703125,0,0,0,0,0,3217.json,NotBuggy
3,0.3757656514644623,0.6359890456580621,0,0,0,1,1.89,0,1,22.0,129.47398376464844,0,2,0,0,0,1691.json,NotBuggy
3,0.630801260471344,0.934924699696738,0,0,0,1,1.89,0,0,12.0,133.59722900390625,0,0,0,0,0,6011.json,NotBuggy
3,0.558075487613678,0.7536897710612205,0,0,0,1,1.89,0,1,21.0,129.93223571777344,0,0,0,0,0,4394.json,NotBuggy
11,0.005721312947571278,5.961950127063325E-4,4,3,7,3,2.41,1,3,80.0,99.98401641845703,0,2,1,0,0,4614.json,NotBuggy
6,0.035768136382102966,0.4309545564506928,0,0,0,2,2.75,1,3,38.0,114.90279388427734,0,2,1,0,0,3376.json,NotBuggy
3,0.19462209939956665,0.7715715470914444,0,0,0,1,1.89,0,1,18.0,130.7338104248047,0,0,0,0,0,6678.json,NotBuggy
3,0.07923547178506851,0.6689303149206868,0,0,0,1,1.89,0,1,22.0,129.69032287597656,0,2,0,0,0,3390.json,NotBuggy
3,0.8308427929878235,0.9500292129585196,0,0,0,1,1.89,0,0,12.0,133.59722900390625,0,0,0,0,0,3899.json,NotBuggy
3,0.84182208776474,0.8835801124869108,0,0,0,1,1.89,0,1,16.0,131.75106811523438,0,0,0,0,0,3779.json,NotBuggy
3,0.5455401539802551,0.9073331109740755,0,0,0,1,1.89,0,0,14.0,132.61029052734375,0,0,0,0,0,3868.json,NotBuggy
3,0.20383615791797638,0.5944420212242179,0,0,0,1,1.89,0,0,21.0,129.81976318359375,0,2,0,0,0,5403.json,NotBuggy
3,0.641964316368103,0.6638933235140411,0,0,0,1,1.89,0,1,22.0,129.57785034179688,0,1,0,0,0,5708.json,NotBuggy
3,0.3298358619213104,0.8335077179939792,0,0,0,1,1.89,0,1,19.0,130.34019470214844,0,0,0,0,0,5165.json,NotBuggy
7,0.27647432684898376,0.8109527299066354,1,1,2,2,3.96,1,1,31.0,113.54827117919922,0,0,0,0,0,6739.json,NotBuggy
3,0.0,0.0024419309139349916,1,1,2,2,1.89,0,5,58.0,123.408935546875,0,2,0,0,0,983.json,NotBuggy
3,0.654025673866272,0.930890064063403,0,0,0,1,1.89,0,0,12.0,133.59722900390625,0,0,0,0,0,68.json,NotBuggy
3,0.19082090258598328,0.7215343956592905,0,0,0,1,1.89,0,1,22.0,129.69032287597656,0,2,0,0,0,2252.json,NotBuggy
3,0.5582329630851746,0.8583387138587165,0,0,0,1,1.89,0,0,17.0,131.03103637695312,0,2,0,0,0,1370.json,NotBuggy
21,0.0,3.75057277707608E-8,3,3,6,5,4.45,3,23,156.0,85.29745483398438,0,4,3,0,0,6996.json,NotBuggy
3,0.005118012893944979,0.4922307735849459,0,0,0,1,1.89,0,1,28.0,128.1235809326172,0,2,0,0,0,4235.json,NotBuggy
3,0.8613436222076416,0.8920528584748513,0,0,0,1,1.89,0,0,15.0,132.086669921875,0,0,0,0,0,329.json,NotBuggy
2,0.9975661039352417,0.9533091803598098,0,0,0,1,0.0,0,0,11.0,140.82913208007812,0,0,0,0,0,6984.json,NotBuggy
5,0.6125791668891907,0.2779597102299163,2,2,4,3,1.96,0,1,41.0,117.07817077636719,0,0,1,0,0,4753.json,NotBuggy
17,0.0036147371865808964,2.5823234048689017E-6,5,4,9,5,6.3,4,5,128.0,89.99314880371094,0,2,7,0,0,5770.json,NotBuggy
3,0.6637555956840515,0.9151093376282771,0,0,0,1,1.89,0,0,14.0,132.61029052734375,0,0,0,0,0,2734.json,NotBuggy
3,0.23922081291675568,0.7553130008846238,0,0,0,1,1.89,0,1,19.0,130.45266723632812,0,0,0,0,0,6145.json,NotBuggy
3,0.8057587742805481,0.8185435564008494,0,0,0,1,1.89,0,1,18.0,130.85629272460938,0,1,0,0,0,4617.json,NotBuggy
3,0.18477217853069305,0.9360160678875649,0,0,0,1,1.89,0,0,12.0,133.59722900390625,0,0,0,0,0,3177.json,NotBuggy
3,0.9317311644554138,0.9778493955798757,0,0,0,1,1.89,0,0,12.0,133.59722900390625,0,0,0,0,0,130.json,NotBuggy
3,0.6945946216583252,0.8689561124408618,0,0,0,1,1.89,0,0,17.0,131.28770446777344,0,1,0,0,0,5531.json,NotBuggy
5,0.4549497365951538,0.7093680862945742,0,0,0,1,1.96,0,1,27.0,119.94750213623047,0,1,0,0,0,2349.json,NotBuggy
3,0.681218147277832,0.9192847124703204,0,0,0,1,1.89,0,1,15.0,132.25152587890625,0,0,0,0,0,5762.json,NotBuggy
3,0.517038106918335,0.7557001467536946,0,0,0,1,1.89,0,1,21.0,129.93223571777344,0,0,0,0,0,4076.json,NotBuggy
6,0.9229126572608948,0.8983083411409928,0,0,0,1,5.5,0,0,28.0,117.0948257446289,0,0,0,0,0,5433.json,NotBuggy
3,0.20475907623767853,0.8849253017173261,0,0,0,1,1.89,0,0,14.0,132.4454345703125,0,0,0,0,0,4240.json,NotBuggy
3,0.8169829845428467,0.9543460106474939,0,0,0,1,1.89,0,0,12.0,133.59722900390625,0,0,0,0,0,588.json,NotBuggy
4,0.7194008231163025,0.19624780809324646,2,2,4,3,2.0,0,2,39.0,121.02739715576172,0,0,1,0,0,5095.json,NotBuggy
20,8.965672459453344E-4,3.720293206064704E-5,2,4,6,5,3.46,1,12,125.0,87.7100830078125,0,2,2,0,0,916.json,NotBuggy
12,0.3801056742668152,0.3651947679308438,2,2,4,4,3.4,2,2,54.0,101.03398132324219,0,1,2,0,0,5883.json,NotBuggy
6,0.5338767766952515,0.7922340780144366,1,1,2,2,2.75,1,3,30.0,116.50606536865234,0,0,0,0,0,6579.json,NotBuggy
3,0.2498190701007843,0.8823602438601573,0,0,0,1,1.89,0,0,14.0,132.4454345703125,0,0,0,0,0,4531.json,NotBuggy
3,0.40516766905784607,0.7652422637271482,0,0,0,1,1.89,0,1,19.0,130.34019470214844,0,0,0,0,0,3509.json,NotBuggy
3,0.8097063899040222,0.6129340155545565,0,0,0,1,1.89,0,1,23.0,129.2428436279297,0,1,0,0,0,6565.json,NotBuggy
3,0.7053468227386475,0.9092612971849869,0,0,0,1,1.89,0,1,15.0,132.25152587890625,0,0,0,0,0,2338.json,NotBuggy
3,0.19481490552425385,0.8985890180624642,0,0,0,1,1.89,0,0,14.0,132.4454345703125,0,0,0,0,0,707.json,NotBuggy
3,0.38021320104599,0.7939691615269326,0,0,0,1,1.89,0,1,19.0,130.57513427734375,0,0,0,0,0,4861.json,NotBuggy
10,0.010560227558016777,4.5651682058406344E-4,2,1,3,3,3.6,2,6,83.0,101.48728942871094,0,2,2,0,0,3313.json,NotBuggy
3,0.7728284597396851,0.929458872172549,0,0,0,1,1.89,0,0,14.0,132.61029052734375,0,0,0,0,0,3629.json,NotBuggy
3,0.41875824332237244,0.7737745890089042,0,0,0,1,1.89,0,1,19.0,130.34019470214844,0,0,0,0,0,2709.json,NotBuggy
7,0.35023894906044006,0.35712484852937537,1,1,2,2,3.12,1,8,50.0,110.68890380859375,0,2,0,0,0,5650.json,NotBuggy
3,0.36944180727005005,0.905441839046553,0,0,0,1,1.89,0,0,14.0,132.61029052734375,0,0,0,0,0,3862.json,NotBuggy
3,0.6640442609786987,0.7478714427171149,0,0,0,1,1.89,0,2,21.0,129.93223571777344,0,1,0,0,0,5493.json,NotBuggy
3,0.7996917366981506,0.7869545660958696,0,0,0,1,1.89,0,1,23.0,129.4591827392578,0,1,0,0,0,5151.json,NotBuggy
3,0.5155376195907593,0.9412996532398167,0,0,0,1,1.89,0,0,12.0,133.59722900390625,0,0,0,0,0,3279.json,NotBuggy
3,0.18477217853069305,0.9360160678875649,0,0,0,1,1.89,0,0,12.0,133.59722900390625,0,0,0,0,0,3189.json,NotBuggy
3,0.06516038626432419,0.9388203734919754,0,0,0,1,1.89,0,0,12.0,133.59722900390625,0,0,0,0,0,672.json,NotBuggy
5,0.024839725345373154,0.003614318325533538,0,0,0,1,1.96,0,9,58.0,115.26158142089844,0,0,1,0,0,618.json,NotBuggy
5,0.4132238030433655,0.6937606267489622,1,1,2,2,2.99,1,3,27.0,119.80731201171875,0,1,0,0,0,3653.json,NotBuggy
3,2.4351700267288834E-4,0.03155622189134309,0,0,0,1,1.89,0,4,45.0,125.25936889648438,0,2,0,0,0,994.json,NotBuggy
3,0.3481605648994446,0.8278930448518401,0,0,0,1,1.89,0,1,18.0,130.7338104248047,0,0,0,0,0,3658.json,NotBuggy
3,0.4040384888648987,0.7154806551557168,0,0,0,1,1.89,0,1,19.0,130.34019470214844,0,0,0,0,0,4443.json,NotBuggy
6,0.8380878567695618,0.9109706245928494,0,0,0,1,5.5,0,0,26.0,117.59266662597656,0,0,0,0,0,5544.json,NotBuggy
5,0.3925666809082031,0.6574501295770452,1,1,2,2,2.99,1,3,27.0,119.80731201171875,0,1,0,0,0,3918.json,NotBuggy
3,0.6449580788612366,0.8950413916126303,0,0,0,1,1.89,0,0,15.0,132.25152587890625,0,0,0,0,0,6147.json,NotBuggy
12,0.0022721581626683474,7.304113336204552E-5,1,1,2,2,2.89,1,8,93.0,97.953125,0,1,2,0,0,5057.json,NotBuggy
3,0.23419445753097534,0.652166493067359,0,0,0,1,1.89,0,1,23.0,129.34671020507812,0,2,0,0,0,2207.json,NotBuggy
3,0.40516766905784607,0.7738630371266858,0,0,0,1,1.89,0,1,19.0,130.34019470214844,0,0,0,0,0,3593.json,NotBuggy
3,0.4478917121887207,0.7345042694454639,0,0,0,1,1.89,0,1,21.0,129.93223571777344,0,0,0,0,0,4085.json,NotBuggy
3,0.03782413527369499,0.3994881594330195,0,0,0,1,1.89,0,1,26.0,128.3351287841797,0,2,0,0,0,5847.json,NotBuggy
3,0.3109963834285736,0.7794488973434304,0,0,0,1,1.89,0,1,19.0,130.34019470214844,0,0,0,0,0,2898.json,NotBuggy
3,0.0035080071538686752,0.04035224363409875,0,0,0,1,1.89,0,4,42.0,125.55176544189453,0,2,0,0,0,1006.json,NotBuggy
3,0.47733256220817566,0.7246726453393266,0,0,0,1,1.89,0,1,21.0,129.93223571777344,0,0,0,0,0,3277.json,NotBuggy
3,0.28507691621780396,0.33586407525569334,0,0,0,1,1.89,0,0,26.0,128.3351287841797,0,2,0,0,0,6273.json,NotBuggy
3,0.5760692358016968,0.8405768202409528,0,0,0,1,1.89,0,0,17.0,131.03103637695312,0,2,0,0,0,1369.json,NotBuggy
3,0.2152293175458908,0.7096866124875358,0,0,0,1,1.89,0,1,23.0,129.34671020507812,0,2,0,0,0,2130.json,NotBuggy
3,0.02244332805275917,0.42889163600944974,0,0,0,1,1.89,0,2,28.0,128.1235809326172,0,2,0,0,0,1397.json,NotBuggy
3,0.8100385069847107,0.9502260804654388,0,0,0,1,1.89,0,0,12.0,133.59722900390625,0,0,0,0,0,3507.json,NotBuggy
10,0.023840153589844704,0.0030120187602398233,2,2,4,3,3.49,1,6,75.0,102.14214324951172,0,2,2,0,0,864.json,NotBuggy
3,0.7687901854515076,0.7906017569520362,0,0,0,1,1.89,0,0,20.0,130.07347106933594,0,2,0,0,0,1905.json,NotBuggy
3,0.7594935894012451,0.7786450346897632,0,0,0,1,1.89,0,0,20.0,130.07347106933594,0,2,0,0,0,1881.json,NotBuggy
3,0.08375269919633865,0.4821541334031706,0,0,0,1,1.89,0,1,26.0,128.50894165039062,0,2,0,0,0,1831.json,NotBuggy
5,0.4132238030433655,0.7205229342120856,1,1,2,2,2.99,1,3,27.0,119.80731201171875,0,1,0,0,0,2738.json,NotBuggy
3,0.46481212973594666,0.7824832960292543,0,0,0,1,1.89,0,1,18.0,130.7338104248047,0,0,0,0,0,6208.json,NotBuggy
3,0.5271716713905334,0.7961308659058564,0,0,0,1,3.77,0,1,15.0,132.25152587890625,0,0,0,0,0,813.json,NotBuggy
3,0.8888575434684753,0.8769098399457704,0,0,0,1,1.89,0,1,16.0,131.75106811523438,0,0,0,0,0,3747.json,NotBuggy
3,0.7903288006782532,0.8893238698611141,0,0,0,1,1.89,0,0,15.0,131.9385528564453,0,0,0,0,0,5290.json,NotBuggy
3,0.3668249249458313,0.8673819539551639,0,0,0,1,1.89,0,0,15.0,132.25152587890625,0,0,0,0,0,6884.json,NotBuggy
3,0.42075783014297485,0.743571777369673,0,0,0,1,1.89,0,0,18.0,130.85629272460938,0,0,0,0,0,6794.json,NotBuggy
4,0.019948897883296013,0.07426032568540566,0,0,0,1,2.45,0,5,40.0,121.02215576171875,0,0,0,0,0,6938.json,NotBuggy
4,0.5497169494628906,0.7150256873562135,0,0,0,1,2.0,0,1,24.0,124.4649429321289,0,1,0,0,0,4238.json,NotBuggy
6,0.040755391120910645,0.4547021647002339,1,1,2,2,2.75,1,2,34.0,115.40231323242188,0,1,0,0,0,5886.json,NotBuggy
3,4.6330198529176414E-4,0.1176914182734587,0,0,0,1,1.89,0,2,35.0,126.49983978271484,0,2,0,0,0,6472.json,NotBuggy
9,0.0557003952562809,0.17635812377507068,2,3,5,4,2.67,2,0,54.0,105.96813201904297,0,1,0,0,0,5383.json,NotBuggy
5,0.7980622053146362,0.9482119277803429,0,0,0,1,5.43,0,0,21.0,121.77933502197266,0,0,0,0,0,5673.json,NotBuggy
10,0.009208429604768753,7.313655353566365E-5,3,3,6,3,2.53,1,7,87.0,101.02352905273438,0,1,1,0,0,6688.json,NotBuggy
3,0.5467407703399658,0.9491082705945972,0,0,0,1,1.89,0,0,12.0,133.59722900390625,0,0,0,0,0,4561.json,NotBuggy
3,0.010004944168031216,0.13216598384815256,0,0,0,1,1.89,0,5,34.0,126.7169418334961,0,0,0,0,0,4787.json,NotBuggy
7,0.20864811539649963,0.7054803477243263,2,1,3,2,3.02,1,1,34.0,113.06793212890625,0,2,0,0,0,179.json,NotBuggy
3,0.9205911755561829,0.9627610586823951,0,0,0,1,1.89,0,0,12.0,133.59722900390625,0,0,0,0,0,4285.json,NotBuggy
3,0.5155376195907593,0.9434491391786319,0,0,0,1,1.89,0,0,12.0,133.59722900390625,0,0,0,0,0,3706.json,NotBuggy
3,0.5192573666572571,0.9553513733993312,0,0,0,1,1.89,0,0,12.0,133.59722900390625,0,0,0,0,0,4810.json,NotBuggy
3,0.5894126892089844,0.7471482625001329,0,0,0,1,1.89,0,2,20.0,130.18594360351562,0,1,0,0,0,5200.json,NotBuggy
18,0.06019863113760948,0.10024124475778771,3,5,8,6,3.58,2,3,81.0,91.78007507324219,0,1,0,0,0,5182.json,NotBuggy
10,0.015405984595417976,0.001330124803203406,9,3,12,4,2.8,0,9,81.0,101.70774841308594,0,2,1,0,0,1566.json,NotBuggy
17,0.18760716915130615,0.0258014443159914,5,5,10,6,3.87,2,5,84.0,92.26665496826172,0,1,1,0,0,3093.json,NotBuggy
3,0.7147566080093384,0.8871026743290564,0,0,0,1,1.89,0,1,15.0,132.086669921875,0,0,0,0,0,6569.json,NotBuggy
3,0.9147071242332458,0.968068853958953,0,0,0,1,1.89,0,0,12.0,133.59722900390625,0,0,0,0,0,45.json,NotBuggy
3,0.19082090258598328,0.7135490719783188,0,0,0,1,1.89,0,1,22.0,129.69032287597656,0,2,0,0,0,2295.json,NotBuggy
3,0.9248546957969666,0.9556175051183575,0,0,0,1,1.89,0,0,12.0,133.59722900390625,0,0,0,0,0,3738.json,NotBuggy
3,0.4525289237499237,0.6571364599226264,0,0,0,1,1.89,0,1,23.0,129.2428436279297,0,1,0,0,0,631.json,NotBuggy
3,0.15296201407909393,0.8963514221094931,0,0,0,1,1.89,0,0,14.0,132.4454345703125,0,0,0,0,0,3009.json,NotBuggy
9,0.03745657950639725,0.004040477899734659,5,3,8,3,3.77,2,6,66.0,104.42693328857422,0,2,2,0,0,5582.json,NotBuggy
3,0.8729144930839539,0.9540892578511074,0,0,0,1,1.89,0,0,12.0,133.59722900390625,0,0,0,0,0,3614.json,NotBuggy
3,0.2791667878627777,0.8387729477903627,0,0,0,1,1.89,0,1,19.0,130.45266723632812,0,2,0,0,0,354.json,NotBuggy
14,0.002033616416156292,1.688991789225888E-7,1,1,2,4,9.37,3,7,127.0,93.16547393798828,0,0,5,0,0,6096.json,Buggy
3,0.8613436222076416,0.8920528584748513,0,0,0,1,1.89,0,0,15.0,132.086669921875,0,0,0,0,0,331.json,NotBuggy
3,0.804857075214386,0.9190046022587244,0,0,0,1,1.89,0,0,18.0,130.99049377441406,0,1,0,0,0,79.json,NotBuggy
3,0.4168613851070404,0.8095533429916968,0,0,0,1,1.89,0,1,18.0,130.7338104248047,0,0,0,0,0,3973.json,NotBuggy
11,0.280597448348999,0.10308156018456048,4,3,7,4,3.95,2,4,63.0,101.52503204345703,0,1,1,0,0,2796.json,NotBuggy
3,0.011825650930404663,0.5609422435772926,0,0,0,1,1.89,0,1,25.0,128.62307739257812,0,1,0,0,0,6989.json,NotBuggy
3,0.4486646354198456,0.7559940164224639,0,0,0,1,1.89,0,1,21.0,129.93223571777344,0,0,0,0,0,4200.json,NotBuggy
3,0.8254198431968689,0.9816664037768178,0,0,0,1,1.89,0,1,15.0,132.25152587890625,0,0,0,0,0,6041.json,NotBuggy
25,0.03545758128166199,3.560445857250167E-4,8,8,16,9,4.37,3,8,127.0,83.09261322021484,0,1,2,0,0,3570.json,NotBuggy
10,0.3519872725009918,0.032733033945923196,6,2,8,3,2.53,1,6,68.0,102.90191650390625,0,2,1,0,0,2079.json,NotBuggy
3,0.07806217670440674,0.6733279920440938,0,0,0,1,1.89,0,1,22.0,129.69032287597656,0,2,0,0,0,3392.json,NotBuggy
6,0.5170667767524719,0.7022764732311604,1,1,2,2,1.37,1,3,30.0,116.50606536865234,0,0,0,0,0,6636.json,NotBuggy
3,0.3677332103252411,0.6706049772346014,0,0,0,1,1.89,0,1,20.0,130.07347106933594,0,1,0,0,0,4068.json,NotBuggy
11,0.011502733454108238,3.2301587510760233E-4,1,1,2,2,2.86,1,8,84.0,99.9961166381836,0,1,4,0,0,5553.json,NotBuggy
13,0.24483057856559753,0.005235986662484188,9,3,12,4,2.46,1,9,89.0,96.9676742553711,0,2,1,0,0,2108.json,NotBuggy
7,0.3402419984340668,0.7023997310001769,1,1,2,2,3.02,1,1,34.0,113.06793212890625,0,2,0,0,0,5079.json,NotBuggy
3,0.9031774401664734,0.9301795961741546,0,0,0,1,1.89,0,1,14.0,132.61029052734375,0,0,0,0,0,4337.json,NotBuggy
3,0.9147749543190002,0.7765558847870352,0,0,0,1,1.89,0,1,19.0,130.57513427734375,0,1,0,0,0,6852.json,NotBuggy
3,0.023663664236664772,0.934099798303072,0,0,0,1,1.89,0,0,12.0,133.59722900390625,0,0,0,0,0,2780.json,NotBuggy
5,0.4176914393901825,0.7354372852808602,1,1,2,2,2.99,1,3,27.0,119.80731201171875,0,1,0,0,0,3648.json,NotBuggy
3,0.4478917121887207,0.716814909945595,0,0,0,1,1.89,0,1,21.0,129.93223571777344,0,0,0,0,0,4024.json,NotBuggy
3,0.7624266147613525,0.813559055511963,0,0,0,1,1.89,0,1,18.0,130.85629272460938,0,0,0,0,0,602.json,NotBuggy
5,0.7661678791046143,0.8560094365330505,1,1,2,2,2.99,0,1,26.0,120.20379638671875,0,1,0,0,0,4454.json,NotBuggy
3,0.019070977345108986,0.4530803298062244,0,0,0,1,1.89,0,4,26.0,128.60531616210938,0,0,0,0,0,563.json,NotBuggy
3,0.5764485001564026,0.6088871831064946,0,0,0,1,1.89,0,3,22.0,129.57785034179688,0,0,0,0,0,6873.json,NotBuggy
3,0.002971120411530137,0.011866978292415958,0,0,0,1,1.89,0,7,46.0,124.84430694580078,0,1,0,0,0,6631.json,NotBuggy
3,0.476299911737442,0.9072382524822307,0,0,0,1,1.89,0,0,14.0,132.61029052734375,0,0,0,0,0,3878.json,NotBuggy
12,0.004185076337307692,1.3700373818051166E-4,12,4,16,5,2.75,0,12,99.0,97.42855834960938,0,2,1,0,0,1559.json,NotBuggy
3,9.032533271238208E-4,0.10356431340751637,0,0,0,1,1.89,0,4,35.0,126.49983978271484,0,1,0,0,0,5088.json,NotBuggy
3,0.19344797730445862,0.9066906059728269,0,0,0,1,1.89,0,0,14.0,132.4454345703125,0,0,0,0,0,2864.json,NotBuggy
3,0.21041259169578552,0.7461890644584682,0,0,0,1,1.89,0,2,18.0,130.99049377441406,0,0,0,0,0,6287.json,NotBuggy
3,0.38800784945487976,0.7662365851888232,0,0,0,1,1.89,0,1,18.0,130.7338104248047,0,0,0,0,0,3963.json,NotBuggy
9,0.002539324574172497,0.06428658958864003,1,1,2,2,2.27,0,4,56.0,105.96532440185547,0,1,0,0,0,3222.json,NotBuggy
3,0.36585113406181335,0.6506644248752264,0,0,0,1,1.89,0,1,22.0,129.47398376464844,0,2,0,0,0,1713.json,NotBuggy
3,0.7600045800209045,0.8860777498088941,0,0,0,1,1.89,0,0,15.0,131.9385528564453,0,0,0,0,0,3741.json,NotBuggy
3,0.3696505129337311,0.7217085834015805,0,0,0,1,1.89,0,1,20.0,130.07347106933594,0,1,0,0,0,2752.json,NotBuggy
7,0.06947021931409836,0.5698154204658915,1,1,2,2,2.56,1,4,38.0,112.67573547363281,0,0,1,0,0,5369.json,NotBuggy
7,0.1744186133146286,0.25748335001168354,2,1,3,2,3.02,1,4,42.0,111.66191101074219,0,1,0,0,0,4873.json,NotBuggy
3,0.7483968138694763,0.8778403992094124,0,0,0,1,1.89,0,0,15.0,132.25152587890625,0,0,0,0,0,6945.json,NotBuggy
3,0.9248546957969666,0.9556175051183575,0,0,0,1,1.89,0,0,12.0,133.59722900390625,0,0,0,0,0,3482.json,NotBuggy
5,0.7661678791046143,0.8560094365330505,1,1,2,2,2.99,0,1,26.0,120.20379638671875,0,1,0,0,0,3813.json,NotBuggy
5,0.03945751115679741,0.1313224902732488,0,0,0,1,5.43,0,5,40.0,117.40723419189453,0,0,0,0,0,6937.json,NotBuggy
3,0.1764252930879593,0.7400642644082577,0,0,0,1,1.89,0,1,22.0,129.69032287597656,0,2,0,0,0,2246.json,NotBuggy
3,0.031899452209472656,0.3203309321906707,0,0,0,1,1.89,0,2,30.0,127.67500305175781,0,2,0,0,0,976.json,NotBuggy
3,0.811259388923645,0.8556685613571055,0,0,0,1,1.89,0,2,17.0,131.28770446777344,0,0,0,0,0,3106.json,NotBuggy
3,0.0,2.7487594771624907E-4,1,1,2,2,1.89,0,9,71.0,122.35730743408203,0,2,0,0,0,1347.json,NotBuggy
3,0.05297360196709633,0.7015266913456899,0,0,0,1,1.89,0,1,21.0,129.93223571777344,0,3,0,0,0,5391.json,NotBuggy
6,0.9696901440620422,0.952806369782559,0,0,0,1,5.5,0,0,26.0,117.59266662597656,0,0,0,0,0,5604.json,NotBuggy
3,0.005118012893944979,0.4922307735849459,0,0,0,1,1.89,0,1,28.0,128.1235809326172,0,2,0,0,0,4428.json,NotBuggy
6,0.016007544472813606,0.009888117130217,2,2,4,2,2.75,1,5,55.0,112.30628967285156,0,1,0,0,0,6013.json,NotBuggy
3,0.3352888822555542,0.7562890430555097,0,0,0,1,1.89,0,0,18.0,130.85629272460938,0,0,0,0,0,6785.json,NotBuggy
3,0.1820748895406723,0.73583928876914,0,0,0,1,1.89,0,1,22.0,129.69032287597656,0,2,0,0,0,2286.json,NotBuggy
12,0.0016606335993856192,9.345938014405805E-5,6,3,9,4,2.56,1,13,100.0,97.6063003540039,0,3,0,0,0,5676.json,NotBuggy
7,0.7944819927215576,0.013815338568715311,5,4,9,4,1.81,0,4,64.0,108.76529693603516,0,1,1,0,0,5751.json,NotBuggy
3,0.20315836369991302,0.6869076178281744,0,0,0,1,1.89,0,1,23.0,129.34671020507812,0,2,0,0,0,2190.json,NotBuggy
6,0.28972169756889343,0.10732272936957417,0,0,0,1,1.89,0,4,46.0,113.78675079345703,0,1,1,0,0,5240.json,NotBuggy
3,0.9339567422866821,0.8783023251376977,0,0,0,1,1.89,0,0,16.0,131.60296630859375,0,1,0,0,0,351.json,NotBuggy
6,0.005189084447920322,0.433004734758788,2,2,4,2,2.75,1,4,38.0,114.90279388427734,0,1,0,0,0,4998.json,NotBuggy
6,0.027401791885495186,0.005092873028938856,0,0,0,1,5.5,0,8,58.0,112.16993713378906,0,0,0,0,0,6833.json,NotBuggy
3,0.6016711592674255,0.9562666530710163,0,0,0,1,1.89,0,0,12.0,133.59722900390625,0,0,0,0,0,4156.json,NotBuggy
3,0.005118012893944979,0.4922307735849459,0,0,0,1,1.89,0,1,28.0,128.1235809326172,0,2,0,0,0,3756.json,NotBuggy
6,0.4198731482028961,0.640342484165173,2,1,3,2,2.75,1,1,32.0,115.71755981445312,0,1,0,0,0,571.json,NotBuggy
7,0.32605260610580444,0.3037256035323591,1,1,2,2,3.02,1,3,41.0,111.78721618652344,0,0,0,0,0,4255.json,NotBuggy
3,0.8031896948814392,0.5329368654426617,0,0,0,1,1.89,0,2,21.0,129.81976318359375,0,1,0,0,0,4945.json,NotBuggy
3,0.32879823446273804,0.5800336745192055,0,0,0,1,1.89,0,1,22.0,129.37762451171875,0,0,0,0,0,4874.json,NotBuggy
3,0.9186859130859375,0.9643814851101312,0,0,0,1,1.89,0,0,12.0,133.59722900390625,0,0,0,0,0,4794.json,NotBuggy
10,0.015057296492159367,0.013719477826711927,2,1,3,3,3.49,2,5,63.0,103.00457000732422,0,1,2,0,0,6068.json,NotBuggy
6,0.05845917761325836,0.04571359458039197,0,0,0,1,5.5,0,6,48.0,113.3419189453125,0,0,0,0,0,6085.json,NotBuggy
96,0.0,3.228407095642913E-28,20,18,38,26,5.83,5,62,635.0,47.42545700073242,0,2,25,0,0,5789.json,NotBuggy
3,0.20125141739845276,0.6795991010740461,0,0,0,1,1.89,0,1,23.0,129.34671020507812,0,2,0,0,0,2174.json,NotBuggy
4,0.36976271867752075,0.8081767854143223,0,0,0,1,2.0,0,1,23.0,124.58238983154297,0,1,0,0,0,2343.json,NotBuggy
7,0.9639238715171814,0.046701086457780504,5,4,9,4,1.81,0,3,60.0,109.15796661376953,0,1,1,0,0,5409.json,NotBuggy
3,0.8139974474906921,0.9551688448269287,0,0,0,1,1.89,0,0,12.0,133.59722900390625,0,0,0,0,0,4100.json,NotBuggy
3,0.6411224007606506,0.7155423291982402,0,0,0,1,1.89,0,1,21.0,129.81976318359375,0,1,0,0,0,4926.json,Buggy
3,0.34751126170158386,0.6644099572491878,0,0,0,1,1.89,0,1,22.0,129.47398376464844,0,2,0,0,0,1673.json,NotBuggy
6,0.5834493637084961,0.6250416134039872,2,1,3,3,4.27,0,1,34.0,115.0279541015625,0,1,1,0,0,5232.json,NotBuggy
4,1.8225598614662886E-4,0.20386547004027342,0,0,0,1,2.0,0,4,36.0,121.90362548828125,0,2,0,0,0,5082.json,NotBuggy
3,0.378140926361084,0.6549878117818003,0,0,0,1,1.89,0,1,22.0,129.47398376464844,0,2,0,0,0,1688.json,NotBuggy
5,0.31377214193344116,0.6860238223811702,1,1,2,2,2.99,1,3,27.0,119.80731201171875,0,1,0,0,0,3909.json,NotBuggy
3,0.8983238935470581,0.9595156738199214,0,0,0,1,1.89,0,0,12.0,133.59722900390625,0,0,0,0,0,3101.json,NotBuggy
10,0.4078632891178131,0.880138146902144,2,2,4,3,2.53,1,3,41.0,106.08629608154297,0,0,0,0,0,117.json,NotBuggy
3,0.3993714153766632,0.7046048666837318,0,0,0,1,1.89,0,1,20.0,130.07347106933594,0,1,0,0,0,4399.json,NotBuggy
3,0.791633665561676,0.9646830859923581,0,0,0,1,1.89,0,0,12.0,133.59722900390625,0,0,0,0,0,350.json,NotBuggy
3,0.6087549924850464,0.9310140060736817,0,0,0,1,1.89,0,0,13.0,132.9956512451172,0,0,0,0,0,54.json,NotBuggy
6,0.17421092092990875,0.4994950883848337,0,1,1,2,2.75,1,2,35.0,115.33042907714844,0,0,0,0,0,748.json,NotBuggy
13,0.013176299631595612,3.4558507251382625E-4,4,4,8,5,2.79,4,4,94.0,96.3514633178711,0,2,0,0,0,6968.json,NotBuggy
3,0.7053468227386475,0.9092612971849869,0,0,0,1,1.89,0,1,15.0,132.25152587890625,0,0,0,0,0,5136.json,NotBuggy
3,0.20475907623767853,0.8972009367047268,0,0,0,1,1.89,0,0,14.0,132.4454345703125,0,0,0,0,0,2824.json,NotBuggy
3,0.21199169754981995,0.6757590245052566,0,0,0,1,1.89,0,1,23.0,129.34671020507812,0,2,0,0,0,2169.json,NotBuggy
6,0.2476082742214203,0.1085939019580052,3,1,4,2,2.75,0,3,45.0,113.6710433959961,0,2,1,0,0,1591.json,NotBuggy
3,0.43056023120880127,0.80424855914665,0,0,0,1,1.89,0,1,18.0,130.7338104248047,0,0,0,0,0,3947.json,NotBuggy
3,0.5824978351593018,0.7658875899893561,0,0,0,1,1.89,0,1,21.0,129.93223571777344,0,0,0,0,0,3748.json,NotBuggy
3,0.5798224210739136,0.8962610291076796,0,0,0,1,1.89,0,1,15.0,132.25152587890625,0,0,0,0,0,6786.json,NotBuggy
3,0.9269015789031982,0.9600655524430767,0,0,0,1,1.89,0,0,12.0,133.59722900390625,0,0,0,0,0,4803.json,NotBuggy
3,0.4921252727508545,0.775709916951092,0,0,0,1,1.89,0,1,21.0,129.93223571777344,0,0,0,0,0,3516.json,NotBuggy
3,0.46994948387145996,0.7226148502799367,0,0,0,1,1.89,0,1,21.0,129.93223571777344,0,0,0,0,0,3244.json,NotBuggy
3,0.40096259117126465,0.8877159879144073,0,0,0,1,1.89,0,0,15.0,132.25152587890625,0,0,0,0,0,6159.json,NotBuggy
4,0.4371485710144043,0.7397569897173281,0,0,0,1,2.0,0,1,22.0,125.02987670898438,0,1,0,0,0,69.json,NotBuggy
3,0.7153081297874451,0.9351453070410178,0,0,0,1,1.89,0,0,15.0,131.9385528564453,0,0,0,0,0,2880.json,NotBuggy
3,0.0056410133838653564,0.0834135522569131,0,0,0,1,1.89,0,3,38.0,126.07219696044922,0,1,0,0,0,6975.json,NotBuggy
3,0.18004661798477173,0.6655738300726739,0,0,0,1,1.89,0,1,23.0,129.34671020507812,0,2,0,0,0,2200.json,NotBuggy
3,0.3691707253456116,0.676646262358967,0,0,0,1,1.89,0,1,20.0,130.07347106933594,0,1,0,0,0,4040.json,NotBuggy
6,8.584175375290215E-4,0.012280913278559024,2,1,3,2,2.75,1,4,54.0,112.49945068359375,0,3,0,0,0,5677.json,NotBuggy
3,0.7470922470092773,0.9546766695279212,0,0,0,1,1.89,0,0,12.0,133.59722900390625,0,0,0,0,0,4341.json,NotBuggy
3,0.19476652145385742,0.42122651162098473,0,0,0,1,1.89,0,2,27.0,128.31268310546875,0,2,0,0,0,970.json,NotBuggy
3,0.46554258465766907,0.4987486121306888,0,0,0,1,1.89,0,0,23.0,129.05665588378906,0,2,0,0,0,5998.json,NotBuggy
3,0.671998918056488,0.9100030805594377,0,0,0,1,1.89,0,1,15.0,132.25152587890625,0,0,0,0,0,6092.json,NotBuggy
3,0.3765215575695038,0.4060025063372059,0,0,0,1,3.77,0,1,26.0,128.41912841796875,0,1,0,0,0,5167.json,NotBuggy
9,0.07283500581979752,0.008934862953029102,6,4,10,3,2.67,1,7,70.0,104.5749740600586,0,0,0,0,0,5624.json,NotBuggy
6,0.015466060489416122,0.010582987312007438,0,0,0,1,5.5,0,8,56.0,112.44258880615234,0,0,0,0,0,6516.json,NotBuggy
16,0.1480841189622879,0.022317770911769418,3,3,6,4,3.67,2,7,82.0,93.88004302978516,0,0,3,0,0,5298.json,NotBuggy
3,0.7578468918800354,0.9576611595007876,0,0,0,1,1.89,0,0,12.0,133.59722900390625,0,0,0,0,0,6878.json,NotBuggy
6,0.5038684010505676,0.7436332847569903,2,1,3,2,2.75,1,1,28.0,116.66458892822266,0,1,0,0,0,5641.json,NotBuggy
3,0.792267382144928,0.954979692835532,0,0,0,1,1.89,0,0,12.0,133.59722900390625,0,0,0,0,0,2787.json,NotBuggy
3,0.334663987159729,0.8829073882810035,0,0,0,1,1.89,0,0,14.0,132.4454345703125,0,0,0,0,0,3730.json,NotBuggy
3,0.6329934597015381,0.9614087379121032,0,0,0,1,1.89,0,0,12.0,133.59722900390625,0,0,0,0,0,5273.json,NotBuggy
3,0.5045844912528992,0.7412380844553654,0,0,0,1,1.89,0,1,21.0,129.93223571777344,0,0,0,0,0,3814.json,NotBuggy
3,0.3450623154640198,0.7350609421283052,0,0,0,1,1.89,0,1,20.0,130.07347106933594,0,1,0,0,0,3734.json,NotBuggy
3,0.7682719230651855,0.953379504169992,0,0,0,1,1.89,0,0,12.0,133.59722900390625,0,0,0,0,0,3857.json,NotBuggy
3,0.4237048625946045,0.7622799297177504,0,0,0,1,1.89,0,0,18.0,130.85629272460938,0,0,0,0,0,6575.json,NotBuggy
3,0.20644237101078033,0.6892023578855538,0,0,0,1,1.89,0,1,22.0,129.69032287597656,0,2,0,0,0,2277.json,NotBuggy
3,0.230280801653862,0.9424473345139893,0,0,0,1,1.89,0,0,12.0,133.59722900390625,0,0,0,0,0,3831.json,NotBuggy
3,0.36911964416503906,0.9438109053732361,0,0,0,1,1.89,0,0,12.0,133.59722900390625,0,0,0,0,0,4147.json,NotBuggy
3,0.3109963834285736,0.7251412679490037,0,0,0,1,1.89,0,1,19.0,130.34019470214844,0,0,0,0,0,4130.json,NotBuggy
3,0.5067790150642395,0.8331343393551538,0,0,0,1,1.89,0,0,20.0,130.30841064453125,0,1,0,0,0,5374.json,NotBuggy
3,0.6983403563499451,0.9131729593662209,0,0,0,1,1.89,0,1,15.0,132.25152587890625,0,0,0,0,0,6578.json,NotBuggy
3,0.005118012893944979,0.4922307735849459,0,0,0,1,1.89,0,1,28.0,128.1235809326172,0,2,0,0,0,811.json,NotBuggy
3,0.46554258465766907,0.4987486121306888,0,0,0,1,1.89,0,0,23.0,129.05665588378906,0,2,0,0,0,5997.json,NotBuggy
3,0.08760372549295425,0.665242304640434,0,0,0,1,1.89,0,2,24.0,129.2378692626953,0,2,0,0,0,6730.json,NotBuggy
3,0.46994948387145996,0.7223818089692364,0,0,0,1,1.89,0,1,21.0,129.93223571777344,0,0,0,0,0,4435.json,NotBuggy
3,0.6013867855072021,0.7987331588960462,0,0,0,1,1.89,0,1,21.0,129.93223571777344,0,1,0,0,0,3343.json,NotBuggy
5,0.06001634895801544,0.3025813110657914,0,0,0,1,1.96,0,4,36.0,118.2886962890625,0,2,0,0,0,528.json,NotBuggy
3,0.3153530955314636,0.7687264183566046,0,0,0,1,1.89,0,1,18.0,130.7338104248047,0,0,0,0,0,3172.json,NotBuggy
6,0.20478340983390808,0.1189955495875665,3,1,4,2,2.75,0,3,45.0,113.6710433959961,0,2,1,0,0,1633.json,NotBuggy
3,0.3495769202709198,0.7432043593139758,0,0,0,1,1.89,0,1,19.0,130.34019470214844,0,0,0,0,0,4172.json,NotBuggy
3,0.38099926710128784,0.787428843329625,0,0,0,1,1.89,0,1,18.0,130.7338104248047,0,0,0,0,0,3961.json,NotBuggy
3,0.4093027114868164,0.8092715981907624,0,0,0,1,1.89,0,1,18.0,130.7338104248047,0,0,0,0,0,3959.json,NotBuggy
3,0.5336528420448303,0.9520586311338648,0,0,0,1,1.89,0,0,12.0,133.59722900390625,0,0,0,0,0,6588.json,NotBuggy
3,0.2805009186267853,0.7732483012821598,0,0,0,1,1.89,0,1,19.0,130.34019470214844,0,0,0,0,0,3014.json,NotBuggy
3,0.9537267088890076,0.8879392627775705,0,0,0,1,2.0,0,1,17.0,131.28770446777344,0,0,0,0,0,5205.json,NotBuggy
3,0.0,0.0053916748763726706,0,0,0,1,1.89,0,6,55.0,124.1495132446289,0,2,0,0,0,1422.json,NotBuggy
8,0.1999613493680954,0.4056180254913638,1,1,2,2,1.41,1,5,40.0,109.89676666259766,0,0,1,0,0,6263.json,NotBuggy
13,0.0014721706975251436,9.130304129131034E-8,6,5,11,6,2.22,1,12,139.0,93.82608795166016,0,2,5,0,0,6697.json,NotBuggy
3,0.6141050457954407,0.814183428057417,0,0,0,1,1.89,0,0,17.0,131.28770446777344,0,1,0,0,0,6141.json,NotBuggy
3,0.8906470537185669,0.7883953115917934,0,0,0,1,1.89,0,0,17.0,131.28770446777344,0,1,0,0,0,4996.json,NotBuggy
5,0.34218356013298035,0.4337492324849044,0,0,0,1,1.96,0,1,34.0,118.58592224121094,0,1,1,0,0,5695.json,NotBuggy
10,0.011681239120662212,6.942200694499295E-4,1,1,2,2,2.53,1,7,78.0,102.00076293945312,0,1,3,0,0,6349.json,Buggy
3,0.648409366607666,0.8963904480683064,0,0,0,1,1.89,0,1,17.0,131.28770446777344,0,1,0,0,0,2713.json,NotBuggy
31,0.0011626413324847817,9.792568741710449E-8,25,9,34,10,2.18,1,25,207.0,76.75679779052734,0,2,1,0,0,2045.json,NotBuggy
3,0.19762608408927917,0.8875850155442724,0,0,0,1,1.89,0,0,14.0,132.4454345703125,0,0,0,0,0,635.json,NotBuggy
3,0.3843061327934265,0.90336119964443,0,0,0,1,1.89,0,0,14.0,132.4454345703125,0,0,0,0,0,2731.json,NotBuggy
14,0.046295665204524994,0.04791148445404916,5,5,10,4,3.61,3,6,74.0,96.6748046875,0,1,1,0,0,5000.json,NotBuggy
3,0.5426549315452576,0.8953345741894498,0,0,0,1,1.89,0,2,16.0,131.91592407226562,0,0,0,0,0,6727.json,NotBuggy
5,0.8361298441886902,0.8449331187274957,0,0,0,1,5.43,0,1,24.0,120.85002136230469,0,0,0,0,0,6583.json,NotBuggy
3,0.39381569623947144,0.9558012807387192,0,0,0,1,1.89,0,0,12.0,133.59722900390625,0,0,0,0,0,6709.json,NotBuggy
3,0.9269015789031982,0.9600655524430767,0,0,0,1,1.89,0,0,12.0,133.59722900390625,0,0,0,0,0,6706.json,NotBuggy
3,0.8595505952835083,0.9589424057219988,0,0,0,1,1.89,0,0,12.0,133.59722900390625,0,0,0,0,0,701.json,NotBuggy
3,0.015711864456534386,0.6670146967257177,0,0,0,1,1.89,0,2,21.0,129.93223571777344,0,0,0,0,0,3578.json,NotBuggy
19,0.058296434581279755,2.928539743210596E-4,14,5,19,6,2.29,1,14,127.0,88.31526947021484,0,2,1,0,0,2041.json,NotBuggy
3,0.46911633014678955,0.7479633326111486,0,0,0,1,1.89,0,1,19.0,130.34019470214844,0,0,0,0,0,4104.json,NotBuggy
3,0.17121514678001404,0.5187724484690289,0,0,0,1,1.89,0,1,23.0,129.14646911621094,0,0,0,0,0,5064.json,NotBuggy
3,0.4076825976371765,0.952836297288647,0,0,0,1,1.89,0,0,12.0,133.59722900390625,0,0,0,0,0,6487.json,NotBuggy
3,0.0,1.1747437590311854E-5,1,1,2,2,1.89,0,11,88.0,121.13910675048828,0,2,0,0,0,1017.json,NotBuggy
3,0.005118012893944979,0.4922307735849459,0,0,0,1,1.89,0,1,28.0,128.1235809326172,0,2,0,0,0,4010.json,NotBuggy
3,0.2583025097846985,0.883050337327753,0,0,0,1,1.89,0,0,15.0,132.25152587890625,0,0,0,0,0,6128.json,NotBuggy
4,0.0,0.026670535552277438,0,0,0,1,2.0,0,6,48.0,120.19695281982422,0,2,0,0,0,1531.json,NotBuggy
11,0.5310719013214111,0.7168954881396233,2,3,5,4,3.95,2,2,47.0,103.3649673461914,0,1,0,0,0,3778.json,NotBuggy
3,0.3286234438419342,0.8118962505889195,0,0,0,1,1.89,0,1,18.0,130.7338104248047,0,0,0,0,0,790.json,NotBuggy
3,0.476299911737442,0.9039651560342281,0,0,0,1,1.89,0,0,14.0,132.61029052734375,0,0,0,0,0,3160.json,NotBuggy
11,0.016737377271056175,0.038207084235998404,4,3,7,4,1.43,3,3,63.0,101.70496368408203,0,1,0,0,0,6969.json,NotBuggy
3,0.4788508415222168,0.7894684902159064,0,0,0,1,1.89,0,0,18.0,130.7338104248047,0,0,0,0,0,6002.json,NotBuggy
20,0.0,8.445146331871515E-9,24,8,32,9,2.56,0,24,171.0,85.1606674194336,0,2,1,0,0,1555.json,NotBuggy
11,0.10008544474840164,0.009131398303905563,2,3,5,4,3.53,2,7,71.0,100.65311431884766,0,1,1,0,0,6058.json,NotBuggy
11,0.8029649257659912,0.8767054230963025,2,3,5,4,3.95,2,1,43.0,103.98059844970703,0,1,0,0,0,3330.json,NotBuggy
3,0.6154264807701111,0.9461642266489695,0,0,0,1,1.89,0,0,12.0,133.59722900390625,0,0,0,0,0,769.json,NotBuggy
3,0.9269015789031982,0.9605572346047624,0,0,0,1,1.89,0,0,12.0,133.59722900390625,0,0,0,0,0,6877.json,NotBuggy
3,0.3691707253456116,0.7022250488577314,0,0,0,1,1.89,0,1,20.0,130.07347106933594,0,1,0,0,0,2916.json,NotBuggy
3,1.059714995790273E-4,0.2828839427919332,0,0,0,1,1.89,0,1,33.0,127.17938995361328,0,2,0,0,0,4427.json,NotBuggy
3,0.005118012893944979,0.4922307735849459,0,0,0,1,1.89,0,1,28.0,128.1235809326172,0,2,0,0,0,3536.json,NotBuggy
3,0.7606024742126465,0.8030291100589069,0,0,0,1,1.89,0,0,20.0,130.07347106933594,0,2,0,0,0,1846.json,NotBuggy
19,0.03057139553129673,9.639048470062953E-5,15,5,20,6,2.34,1,15,131.0,88.24784088134766,0,2,1,0,0,2078.json,NotBuggy
3,0.5720658898353577,0.8909980937564855,0,0,0,1,1.89,0,2,16.0,131.91592407226562,0,0,0,0,0,6716.json,NotBuggy
3,0.0,0.0026108031713925387,0,0,0,1,1.89,0,6,60.0,123.69705200195312,0,2,0,0,0,966.json,NotBuggy
3,0.529470682144165,0.7669419810752262,0,0,0,1,1.89,0,1,21.0,129.93223571777344,0,0,0,0,0,684.json,NotBuggy
8,0.0015230607241392136,0.026307093436866037,2,1,3,2,3.12,1,5,58.0,107.63104248046875,0,3,0,0,0,4805.json,NotBuggy
3,0.6077601313591003,0.9355900040953877,0,0,0,1,1.89,0,0,12.0,133.59722900390625,0,0,0,0,0,4865.json,NotBuggy
8,0.37017256021499634,0.5348265099595076,1,1,2,2,5.66,1,1,37.0,110.46502685546875,0,1,0,0,0,4923.json,NotBuggy
3,0.27156513929367065,0.9483895936811034,0,0,0,1,1.89,0,0,12.0,133.59722900390625,0,0,0,0,0,4183.json,NotBuggy
3,0.23744727671146393,0.5039261577671373,0,0,0,1,1.89,0,2,25.0,128.62307739257812,0,1,0,0,0,5223.json,NotBuggy
3,0.8840023875236511,0.95796318117547,0,0,0,1,1.89,0,0,12.0,133.59722900390625,0,0,0,0,0,3699.json,NotBuggy
3,0.9340141415596008,0.9710527919983024,0,0,0,1,1.89,0,0,12.0,133.59722900390625,0,0,0,0,0,3292.json,NotBuggy
3,0.877319872379303,0.906870036650119,0,0,0,1,1.89,0,0,13.0,132.9956512451172,0,0,0,0,0,5613.json,NotBuggy
3,0.5952908992767334,0.771741706694669,0,0,0,1,1.89,0,2,20.0,130.18594360351562,0,1,0,0,0,5199.json,NotBuggy
3,0.7514910101890564,0.8844318656689519,0,0,0,1,1.89,0,0,17.0,131.03103637695312,0,2,0,0,0,1328.json,NotBuggy
10,0.12147021293640137,0.002048549065939327,2,2,4,3,2.53,1,4,73.0,102.15486907958984,0,2,1,0,0,5868.json,NotBuggy
3,0.06769488006830215,0.7003238628325955,0,0,0,1,1.89,0,1,22.0,129.69032287597656,0,2,0,0,0,3396.json,NotBuggy
3,0.6128677725791931,0.9208171188627549,0,0,0,1,1.89,0,2,17.0,131.43582153320312,0,1,0,0,0,17.json,NotBuggy
3,0.32442936301231384,0.6933828629656532,0,0,0,1,1.89,0,1,20.0,130.07347106933594,0,1,0,0,0,2998.json,NotBuggy
3,0.37205275893211365,0.7128803454913542,0,0,0,1,1.89,0,1,20.0,130.07347106933594,0,1,0,0,0,3508.json,NotBuggy
9,0.007446474861353636,0.2069144385750981,2,1,3,2,2.27,1,2,50.0,106.68397521972656,0,1,0,0,0,600.json,NotBuggy
3,0.9348044395446777,0.9642889940837642,0,0,0,1,1.89,0,0,12.0,133.59722900390625,0,0,0,0,0,4081.json,NotBuggy
17,0.00249318010173738,0.004514049290174143,3,4,7,5,2.47,1,1,88.0,92.25474548339844,0,3,1,0,0,4781.json,NotBuggy
6,0.16199612617492676,0.3333532683456424,1,1,2,2,2.75,1,1,41.0,114.5076675415039,0,2,0,0,0,22.json,NotBuggy
4,0.6873443126678467,0.8962631495646691,0,0,0,1,2.0,0,0,20.0,125.64796447753906,0,1,0,0,0,2947.json,NotBuggy
12,0.2610442638397217,0.08152047382296045,4,4,8,4,2.56,1,3,65.0,99.8984603881836,0,2,0,0,0,1538.json,NotBuggy
3,0.6924360394477844,0.7789716266331238,0,0,0,1,1.89,0,0,17.0,131.28770446777344,0,1,0,0,0,6646.json,NotBuggy
3,0.31530946493148804,0.9332797402279189,0,0,0,1,1.89,0,0,12.0,133.59722900390625,0,0,0,0,0,3550.json,NotBuggy
3,0.8892171382904053,0.9756468536185903,0,0,0,1,1.89,0,0,12.0,133.59722900390625,0,0,0,0,0,3361.json,NotBuggy
12,0.004201686009764671,1.394485597812846E-4,12,4,16,5,2.75,0,12,99.0,97.37866973876953,0,2,1,0,0,1550.json,NotBuggy
3,0.7709447145462036,0.7871280040939374,0,0,0,1,1.89,0,0,20.0,130.07347106933594,0,2,0,0,0,1898.json,NotBuggy
3,0.5703293681144714,0.7545058540546925,0,0,0,1,1.89,0,1,21.0,129.93223571777344,0,0,0,0,0,718.json,NotBuggy
3,0.5457502603530884,0.75034472810665,0,0,0,1,1.89,0,1,21.0,129.93223571777344,0,0,0,0,0,3155.json,NotBuggy
29,0.0,2.013969476443483E-11,11,7,18,7,7.44,4,31,207.0,77.83236694335938,0,3,3,0,0,7006.json,NotBuggy
3,0.8716419339179993,0.9654514620986203,0,0,0,1,1.89,0,0,12.0,133.59722900390625,0,0,0,0,0,5757.json,NotBuggy
23,0.01236801128834486,4.142928817205339E-5,8,7,15,8,3.77,2,10,137.0,84.41201782226562,0,1,3,0,0,2878.json,NotBuggy
3,0.3706105649471283,0.7139350890127909,0,0,0,1,1.89,0,1,20.0,130.07347106933594,0,1,0,0,0,2762.json,NotBuggy
3,0.005118012893944979,0.4922307735849459,0,0,0,1,1.89,0,1,28.0,128.1235809326172,0,2,0,0,0,714.json,NotBuggy
3,0.7582139372825623,0.873098859031936,0,0,0,1,1.89,0,0,17.0,131.03103637695312,0,2,0,0,0,1286.json,NotBuggy
3,0.3684442639350891,0.7367221549478501,0,0,0,1,0.94,0,2,19.0,130.57513427734375,0,0,0,0,0,6690.json,NotBuggy
3,0.39058932662010193,0.6615878525546369,0,0,0,1,1.89,0,1,22.0,129.47398376464844,0,2,0,0,0,1722.json,NotBuggy
17,0.0013012001290917397,5.296943308529703E-7,2,1,3,2,2.82,1,14,126.0,90.52124786376953,0,3,3,0,0,5035.json,NotBuggy
3,2.895994111895561E-4,0.005272118177597827,2,2,4,3,1.89,0,4,54.0,123.60499572753906,0,2,0,0,0,1381.json,NotBuggy
3,0.7601822018623352,0.5281579737131563,0,0,0,1,1.89,0,2,21.0,129.81976318359375,0,1,0,0,0,4943.json,NotBuggy
4,0.004019578453153372,0.8440738680662802,0,0,0,1,2.0,0,0,20.0,125.64796447753906,0,1,0,0,0,5261.json,NotBuggy
3,6.03139866143465E-4,0.059253605077339226,1,1,2,2,1.89,0,5,41.0,125.51344299316406,0,2,0,0,0,1433.json,NotBuggy
3,0.239990696310997,0.6470993347295199,0,0,0,1,1.89,0,1,23.0,129.34671020507812,0,2,0,0,0,2146.json,NotBuggy
2,0.5291253328323364,0.8526627979783177,0,0,0,1,0.0,0,0,14.0,139.0139617919922,0,2,0,0,0,1501.json,NotBuggy
25,0.0012230640277266502,1.45583652956422E-5,8,6,14,9,4.39,3,12,144.0,82.32044982910156,1,2,4,0,0,6112.json,Buggy
3,0.1534346044063568,0.9299821812919423,0,0,0,1,1.89,0,0,12.0,133.59722900390625,0,0,0,0,0,57.json,NotBuggy
3,0.9527334570884705,0.8763687938044263,0,0,0,1,3.77,0,1,14.0,132.61029052734375,0,0,0,0,0,5379.json,NotBuggy
3,0.03501838445663452,0.32033268584249575,0,0,0,1,1.89,0,2,30.0,127.67500305175781,0,2,0,0,0,950.json,NotBuggy
3,0.0,0.003584285340932803,0,0,0,1,1.89,0,6,57.0,123.90080261230469,0,2,0,0,0,951.json,NotBuggy
9,0.0023885054979473352,0.06553153801296976,1,1,2,2,2.27,0,4,56.0,105.96532440185547,0,1,0,0,0,3264.json,NotBuggy
3,0.8187539577484131,0.9525746684809734,0,0,0,1,1.89,0,0,12.0,133.59722900390625,0,0,0,0,0,688.json,NotBuggy
6,0.9353203177452087,0.05696143184749357,1,2,3,3,1.89,0,2,54.0,112.37601470947266,0,1,1,0,0,4868.json,NotBuggy
11,0.6103641986846924,0.7376587694477139,2,3,5,4,3.95,2,2,47.0,103.3649673461914,0,1,0,0,0,3514.json,NotBuggy
5,0.7661678791046143,0.8560094365330505,1,1,2,2,2.99,0,1,26.0,120.20379638671875,0,1,0,0,0,3701.json,NotBuggy
3,0.79537034034729,0.9076281759465128,0,0,0,1,1.89,0,1,15.0,132.086669921875,0,0,0,0,0,6595.json,NotBuggy
3,0.34659716486930847,0.6725030965897606,0,0,0,1,1.89,0,1,22.0,129.47398376464844,0,2,0,0,0,1662.json,NotBuggy
3,0.24159324169158936,0.8959372913498513,0,0,0,1,1.89,0,0,14.0,132.4454345703125,0,0,0,0,0,3289.json,NotBuggy
3,0.3557947874069214,0.9489195905869234,0,0,0,1,1.89,0,0,12.0,133.59722900390625,0,0,0,0,0,3285.json,NotBuggy
3,0.45895928144454956,0.870653013513379,0,0,0,1,1.89,0,0,17.0,131.28770446777344,0,1,0,0,0,5269.json,NotBuggy
20,4.511017759796232E-4,3.6120546071129183E-6,3,5,8,6,3.46,1,15,138.0,86.9655990600586,0,2,2,0,0,900.json,NotBuggy
17,0.10816934704780579,6.709010035185951E-4,8,6,14,6,2.99,2,6,102.0,91.12921905517578,0,2,1,0,0,1537.json,NotBuggy
3,0.780966579914093,0.8235314485993905,0,0,0,1,1.89,0,2,20.0,130.18594360351562,0,1,0,0,0,5694.json,NotBuggy
3,0.2949712574481964,0.9497572452396674,0,0,0,1,1.89,0,0,12.0,133.59722900390625,0,0,0,0,0,4458.json,NotBuggy
3,0.4549112617969513,0.8643641450962217,0,0,0,1,1.89,0,1,19.0,130.57513427734375,0,1,0,0,0,5212.json,NotBuggy
14,0.004117715172469616,0.005051570516358735,2,3,5,4,3.61,2,7,84.0,96.06778717041016,0,2,2,0,0,6059.json,NotBuggy
3,0.2498190701007843,0.8794972389305632,0,0,0,1,1.89,0,0,14.0,132.4454345703125,0,0,0,0,0,4181.json,NotBuggy
3,0.19398243725299835,0.7098375391288161,0,0,0,1,1.89,0,1,23.0,129.34671020507812,0,2,0,0,0,2179.json,NotBuggy
3,1.059714995790273E-4,0.2828839427919332,0,0,0,1,1.89,0,1,33.0,127.17938995361328,0,2,0,0,0,4283.json,NotBuggy
10,0.019906390458345413,0.0013013259710422105,9,3,12,4,2.8,0,9,81.0,101.65565490722656,0,2,1,0,0,1557.json,NotBuggy
3,0.5895786285400391,0.9057143537297724,0,0,0,1,1.89,0,1,15.0,132.25152587890625,0,0,0,0,0,6025.json,NotBuggy
5,0.15905943512916565,0.6666855679383606,1,1,2,2,2.99,0,1,31.0,119.08892822265625,0,2,0,0,0,4168.json,NotBuggy
3,0.6154075860977173,0.9529995014726834,0,0,0,1,1.89,0,0,12.0,133.59722900390625,0,0,0,0,0,3493.json,NotBuggy
3,0.2697385549545288,0.6935394416973608,0,0,0,1,1.89,0,1,21.0,129.7158966064453,0,0,0,0,0,4372.json,NotBuggy
5,0.7661678791046143,0.8560094365330505,1,1,2,2,2.99,0,1,26.0,120.20379638671875,0,1,0,0,0,3154.json,NotBuggy
3,0.3909766972064972,0.7590742690683131,0,0,0,1,1.89,0,1,19.0,130.34019470214844,0,0,0,0,0,3495.json,NotBuggy
3,0.5824978351593018,0.7653031848014229,0,0,0,1,1.89,0,1,21.0,129.93223571777344,0,0,0,0,0,695.json,NotBuggy
3,5.209518130868673E-4,0.9270238984742958,0,0,0,1,1.89,0,0,12.0,133.59722900390625,0,0,0,0,0,5260.json,NotBuggy
11,0.006988123524934053,0.004603004801670791,1,1,2,3,7.05,2,7,70.0,101.00284576416016,0,1,3,0,0,1146.json,NotBuggy
3,0.6956762671470642,0.8800089419252816,0,0,0,1,1.89,0,0,15.0,131.9385528564453,0,0,0,0,0,3307.json,NotBuggy
3,0.7796823978424072,0.9590902776336336,0,0,0,1,1.89,0,0,12.0,133.59722900390625,0,0,0,0,0,322.json,NotBuggy
3,0.601409912109375,0.4515471138658124,0,0,0,1,1.89,0,2,25.0,128.8092498779297,0,1,0,0,0,6483.json,NotBuggy
3,0.7594650983810425,0.7807341345022045,0,0,0,1,3.77,0,0,17.0,131.28770446777344,0,1,0,0,0,4249.json,NotBuggy
3,0.5346800088882446,0.7545430484811911,0,0,0,1,1.89,0,0,18.0,130.85629272460938,0,0,0,0,0,6855.json,NotBuggy
3,0.7291600108146667,0.9100869929651856,0,0,0,1,1.89,0,1,15.0,132.25152587890625,0,0,0,0,0,5233.json,NotBuggy
3,3.2026105327531695E-4,0.003392480724710738,2,2,4,3,1.89,0,4,56.0,123.36141204833984,0,2,0,0,0,982.json,NotBuggy
3,0.0,0.005605835282048614,0,0,0,1,1.89,0,6,55.0,124.1495132446289,0,2,0,0,0,1353.json,NotBuggy
3,0.39891308546066284,0.8937093507819295,0,0,0,1,1.89,0,0,14.0,132.4454345703125,0,0,0,0,0,3474.json,NotBuggy
5,0.5008267164230347,0.7315685560792872,1,1,2,2,2.99,1,1,28.0,119.71456909179688,0,1,0,0,0,3133.json,NotBuggy
3,0.2701200246810913,0.874617950423643,0,0,0,1,1.89,0,1,15.0,132.25152587890625,0,0,0,0,0,4610.json,NotBuggy
3,0.3352888822555542,0.7465995310923791,0,0,0,1,1.89,0,0,18.0,130.85629272460938,0,0,0,0,0,6823.json,NotBuggy
3,0.0,0.003705730141562903,1,1,2,2,1.89,0,7,56.0,123.64588928222656,0,2,0,0,0,1411.json,NotBuggy
3,8.075900259427726E-4,0.03735463221730835,1,1,2,2,1.89,0,5,43.0,125.19940948486328,0,2,0,0,0,1015.json,NotBuggy
3,0.7968025803565979,0.784175242052672,0,0,0,1,1.89,0,0,20.0,130.07347106933594,0,2,0,0,0,1922.json,NotBuggy
3,0.21047545969486237,0.9529649474802605,0,0,0,1,1.89,0,0,12.0,133.59722900390625,0,0,0,0,0,637.json,NotBuggy
3,0.7682798504829407,0.9094444268858141,0,0,0,1,1.89,0,0,17.0,131.28770446777344,0,1,0,0,0,4481.json,NotBuggy
3,0.460636705160141,0.9421177551582243,0,0,0,1,1.89,0,0,12.0,133.59722900390625,0,0,0,0,0,2846.json,NotBuggy
4,0.007602835074067116,0.7808807874959522,0,0,0,1,2.0,0,0,20.0,125.64796447753906,0,1,0,0,0,72.json,NotBuggy
3,0.378140926361084,0.6489211138014287,0,0,0,1,1.89,0,1,22.0,129.47398376464844,0,2,0,0,0,1686.json,NotBuggy
3,0.8726086616516113,0.9117122530680731,0,0,0,1,3.77,0,0,12.0,133.59722900390625,0,0,0,0,0,3303.json,NotBuggy
3,0.43719977140426636,0.8863797631946732,0,0,0,1,1.89,0,0,15.0,132.25152587890625,0,0,0,0,0,6130.json,NotBuggy
3,0.28269803524017334,0.8951029476047063,0,0,0,1,1.89,0,0,14.0,132.4454345703125,0,0,0,0,0,2705.json,NotBuggy
3,0.36911964416503906,0.952325291943335,0,0,0,1,1.89,0,0,12.0,133.59722900390625,0,0,0,0,0,3443.json,NotBuggy
3,6.894102552905679E-4,0.05596940534700569,1,1,2,2,1.89,0,5,41.0,125.51344299316406,0,2,0,0,0,1414.json,NotBuggy
3,0.10387148708105087,0.8698909492342053,0,0,0,1,1.89,0,0,15.0,132.25152587890625,0,0,0,0,0,6224.json,NotBuggy
6,0.9236174821853638,0.895553355294614,0,0,0,1,5.5,0,0,28.0,117.0948257446289,0,0,0,0,0,5411.json,NotBuggy
3,0.8613436222076416,0.8879443677904671,0,0,0,1,1.89,0,0,15.0,132.086669921875,0,0,0,0,0,330.json,NotBuggy
5,0.03701665252447128,0.08291173921260227,1,1,2,2,2.99,1,2,43.0,116.68962860107422,0,3,0,0,0,3382.json,NotBuggy
7,0.03069966658949852,0.05243993629478267,1,1,2,2,2.56,1,7,53.0,110.32292938232422,0,0,1,0,0,6812.json,NotBuggy
3,0.027413690462708473,0.6839712540871268,0,0,0,1,1.89,0,2,21.0,129.93223571777344,0,0,0,0,0,4103.json,NotBuggy
3,0.46481212973594666,0.7824832960292543,0,0,0,1,1.89,0,1,18.0,130.7338104248047,0,0,0,0,0,6195.json,NotBuggy
6,0.43325260281562805,0.4504773103657815,1,1,2,2,2.75,1,2,35.0,115.10722351074219,0,1,0,0,0,5097.json,NotBuggy
6,0.0018570804968476295,2.585142314645164E-4,2,2,4,2,2.56,1,6,73.0,110.50955963134766,1,5,0,0,0,6189.json,NotBuggy
15,0.001897662179544568,3.905156223442655E-5,3,4,7,5,3.52,1,12,113.0,92.93791961669922,0,2,2,0,0,871.json,NotBuggy
3,0.036386001855134964,0.9467576869879573,0,0,0,1,1.89,0,0,12.0,133.59722900390625,0,0,0,0,0,3037.json,NotBuggy
3,0.7709447145462036,0.77348055387113,0,0,0,1,1.89,0,0,20.0,130.07347106933594,0,2,0,0,0,1894.json,NotBuggy
3,0.4549112617969513,0.8643641450962217,0,0,0,1,1.89,0,1,19.0,130.57513427734375,0,1,0,0,0,5210.json,NotBuggy
20,0.04498549923300743,1.0975834684050144E-5,2,3,5,5,4.54,3,6,122.0,87.42218017578125,0,1,2,0,0,3109.json,NotBuggy
3,0.3715718388557434,0.6900318804097186,0,0,0,1,1.89,0,1,20.0,130.07347106933594,0,1,0,0,0,4490.json,NotBuggy
4,0.0037932638078927994,0.7022586365001529,0,0,0,1,2.0,0,3,33.0,122.70512390136719,0,2,0,0,0,3380.json,NotBuggy
11,0.21627512574195862,0.09780981737304806,4,3,7,4,3.95,2,4,63.0,101.52503204345703,0,1,1,0,0,3220.json,NotBuggy
3,0.0,0.0037731494617499256,0,0,0,1,1.89,0,6,57.0,123.90080261230469,0,2,0,0,0,978.json,NotBuggy
3,0.027552209794521332,0.5210200266757675,0,0,0,1,1.89,0,2,25.0,128.8092498779297,0,2,0,0,0,1509.json,NotBuggy
3,0.4451378881931305,0.7847606903657066,0,0,0,1,1.89,0,1,18.0,130.7338104248047,0,0,0,0,0,3972.json,NotBuggy
3,0.06507067382335663,0.8574184009665219,0,0,0,1,1.89,0,0,14.0,132.4454345703125,0,0,0,0,0,3573.json,NotBuggy
3,0.7606024742126465,0.7897019751249511,0,0,0,1,1.89,0,0,20.0,130.07347106933594,0,2,0,0,0,1854.json,NotBuggy
3,0.39003878831863403,0.892101929042714,0,0,0,1,1.89,0,0,14.0,132.4454345703125,0,0,0,0,0,4216.json,NotBuggy
3,0.8994002938270569,0.8242519247430203,0,0,0,1,1.89,0,0,17.0,131.28770446777344,0,1,0,0,0,6202.json,NotBuggy
3,0.8460859060287476,0.87814591932557,0,0,0,1,1.89,0,0,18.0,130.7338104248047,0,1,0,0,0,5125.json,NotBuggy
3,0.7976201176643372,0.760832351223778,0,0,0,1,1.89,0,0,20.0,130.07347106933594,0,2,0,0,0,1858.json,NotBuggy
3,0.5347244143486023,0.8753911306216036,0,0,0,1,1.89,0,0,15.0,132.25152587890625,0,0,0,0,0,6810.json,Buggy
2,0.4240838587284088,0.7932565049905175,0,0,0,1,1.89,0,0,20.0,136.7544708251953,0,4,0,0,0,3120.json,NotBuggy
3,0.7794320583343506,0.9524292503963686,0,0,0,1,1.89,0,0,12.0,133.59722900390625,0,0,0,0,0,346.json,NotBuggy
3,0.09861201047897339,0.9417732859449899,0,0,0,1,1.89,0,0,12.0,133.59722900390625,0,0,0,0,0,6154.json,NotBuggy
9,0.002735465532168746,7.083580527167822E-4,1,1,2,2,2.95,1,3,77.0,103.8143081665039,0,1,2,0,0,591.json,Buggy
3,0.005118012893944979,0.4922307735849459,0,0,0,1,1.89,0,1,28.0,128.1235809326172,0,2,0,0,0,3524.json,NotBuggy
3,0.025518015027046204,0.5505596309366628,0,0,0,1,1.89,0,2,25.0,128.8092498779297,0,2,0,0,0,1522.json,NotBuggy
11,0.4437049329280853,0.031351869471251397,1,3,4,4,2.86,3,2,67.0,101.26199340820312,0,0,0,0,0,4775.json,NotBuggy
3,0.7470922470092773,0.9600239845791263,0,0,0,1,1.89,0,0,12.0,133.59722900390625,0,0,0,0,0,4818.json,NotBuggy
5,0.27605313062667847,0.7174838233807137,1,1,2,2,2.99,1,3,27.0,119.80731201171875,0,1,0,0,0,3047.json,NotBuggy
3,0.005118012893944979,0.4922307735849459,0,0,0,1,1.89,0,1,28.0,128.1235809326172,0,2,0,0,0,3722.json,NotBuggy
3,0.5737806558609009,0.8945855263829884,0,0,0,1,1.89,0,0,15.0,131.9385528564453,0,0,0,0,0,6566.json,NotBuggy
3,0.9269015789031982,0.9605572346047624,0,0,0,1,1.89,0,0,12.0,133.59722900390625,0,0,0,0,0,6174.json,NotBuggy
3,0.005118012893944979,0.4922307735849459,0,0,0,1,1.89,0,1,28.0,128.1235809326172,0,2,0,0,0,4058.json,NotBuggy
3,0.36967384815216064,0.7615981190445527,0,0,0,1,1.89,0,1,19.0,130.34019470214844,0,0,0,0,0,3085.json,NotBuggy
3,0.725801944732666,0.9558963388197027,0,0,0,1,1.89,0,0,12.0,133.59722900390625,0,0,0,0,0,2867.json,NotBuggy
3,0.5349841713905334,0.8062181387085469,0,0,0,1,1.89,0,1,18.0,130.7338104248047,0,1,0,0,0,6387.json,NotBuggy
3,0.37695249915122986,0.6478782679294651,0,0,0,1,1.89,0,1,22.0,129.47398376464844,0,2,0,0,0,1704.json,NotBuggy
3,2.7831667102873325E-4,0.047320219412495604,0,0,0,1,1.89,0,9,46.0,125.3682861328125,0,1,0,0,0,75.json,NotBuggy
6,0.0074275778606534,0.17606221771807004,0,0,0,1,1.89,0,3,41.0,114.6588134765625,0,1,0,0,0,3551.json,NotBuggy
7,0.0,8.47279076198396E-6,0,0,0,2,3.33,1,11,94.0,106.77039337158203,0,0,3,0,0,6970.json,NotBuggy
3,0.7422305345535278,0.9147112062870453,0,0,0,1,1.89,0,0,15.0,131.9385528564453,0,0,0,0,0,2715.json,NotBuggy
5,0.009779432788491249,0.09983928714319781,0,0,0,1,1.96,0,3,43.0,117.1540298461914,0,2,1,0,0,102.json,NotBuggy
3,0.6987584233283997,0.8029226652717406,0,0,0,1,1.89,0,0,17.0,131.28770446777344,0,1,0,0,0,6821.json,NotBuggy
3,0.4443850517272949,0.8358378597150085,0,0,0,1,1.89,0,1,20.0,130.30841064453125,0,1,0,0,0,5134.json,NotBuggy
3,0.2804419994354248,0.8756356550321549,0,0,0,1,1.89,0,0,15.0,131.9385528564453,0,0,0,0,0,4540.json,NotBuggy
3,0.4237048625946045,0.7622799297177504,0,0,0,1,1.89,0,0,18.0,130.85629272460938,0,0,0,0,0,6643.json,NotBuggy
3,0.7698692083358765,0.7868029435868743,0,0,0,1,1.89,0,0,20.0,130.07347106933594,0,2,0,0,0,1863.json,NotBuggy
3,0.7653594017028809,0.7855738971027624,0,0,0,1,1.89,0,0,20.0,130.07347106933594,0,2,0,0,0,1880.json,NotBuggy
10,0.0,2.771381758989088E-7,3,2,5,3,2.53,1,14,117.0,99.41862487792969,0,3,2,0,0,219.json,NotBuggy
3,0.5493994951248169,0.699458434164856,0,0,0,1,1.89,0,2,21.0,129.81976318359375,0,1,0,0,0,4949.json,NotBuggy
3,0.5336528420448303,0.9520586311338648,0,0,0,1,1.89,0,0,12.0,133.59722900390625,0,0,0,0,0,6668.json,NotBuggy
3,0.2633500397205353,0.8671533098389536,0,0,0,1,1.89,0,0,14.0,132.4454345703125,0,0,0,0,0,4291.json,NotBuggy
3,0.41005846858024597,0.8289994981967145,0,0,0,1,1.89,0,1,18.0,130.7338104248047,0,0,0,0,0,3663.json,NotBuggy
3,0.632402777671814,0.5373184837408908,0,0,0,1,1.89,0,0,24.0,129.0215301513672,0,1,0,0,0,6199.json,NotBuggy
4,0.36592280864715576,0.41626079034172797,0,0,0,1,2.0,0,1,30.0,122.85169219970703,0,1,1,0,0,6392.json,NotBuggy
3,0.18933725357055664,0.8734092902304449,0,0,0,1,1.89,0,0,14.0,132.4454345703125,0,0,0,0,0,4468.json,NotBuggy
3,0.5552008748054504,0.8975229779243928,0,0,0,1,1.89,0,0,14.0,132.4454345703125,0,1,0,0,0,5601.json,NotBuggy
3,0.5927829146385193,0.9099708296382681,0,0,0,1,1.89,0,1,15.0,132.25152587890625,0,0,0,0,0,6863.json,NotBuggy
3,0.6945946216583252,0.8689561124408618,0,0,0,1,1.89,0,0,17.0,131.28770446777344,0,1,0,0,0,5548.json,NotBuggy
3,0.02629135362803936,0.9409434498084338,0,0,0,1,1.89,0,0,12.0,133.59722900390625,0,0,0,0,0,3031.json,NotBuggy
3,0.1958373785018921,0.6980938192690127,0,0,0,1,1.89,0,1,23.0,129.34671020507812,0,2,0,0,0,2135.json,NotBuggy
3,0.7682719230651855,0.9478982838209546,0,0,0,1,1.89,0,0,12.0,133.59722900390625,0,0,0,0,0,3608.json,NotBuggy
3,0.476299911737442,0.9039651560342281,0,0,0,1,1.89,0,0,14.0,132.61029052734375,0,0,0,0,0,3182.json,NotBuggy
3,0.5192573666572571,0.9553513733993312,0,0,0,1,1.89,0,0,12.0,133.59722900390625,0,0,0,0,0,6152.json,NotBuggy
6,0.5964012742042542,0.8198344653360421,1,1,2,2,2.75,1,1,29.0,116.48211669921875,0,1,0,0,0,3320.json,NotBuggy
12,0.003081669332459569,1.576720218553288E-4,12,4,16,5,2.75,0,12,99.0,97.42855834960938,0,2,1,0,0,2122.json,NotBuggy
3,0.1273714154958725,0.8803463576999342,0,0,0,1,1.89,0,0,14.0,132.4454345703125,0,0,0,0,0,3554.json,NotBuggy
6,0.22660283744335175,0.36039240919590637,1,1,2,2,2.75,1,2,37.0,114.88836669921875,0,2,1,0,0,353.json,NotBuggy
5,0.3391225039958954,0.6546001501041494,1,1,2,2,2.99,1,3,27.0,119.80731201171875,0,1,0,0,0,3167.json,NotBuggy
3,0.7908422350883484,0.7627759873212482,0,0,0,1,1.89,0,0,20.0,130.07347106933594,0,2,0,0,0,1860.json,NotBuggy
3,0.14399413764476776,0.8818185471831014,0,0,0,1,1.89,0,0,14.0,132.4454345703125,0,0,0,0,0,4365.json,NotBuggy
9,2.0106635929550976E-4,0.029369834658130336,1,1,2,2,2.27,0,4,59.0,105.52252960205078,0,1,0,0,0,3744.json,NotBuggy
3,0.8815768361091614,0.9612768106863984,0,0,0,1,1.89,0,0,12.0,133.59722900390625,0,0,0,0,0,4075.json,NotBuggy
3,0.7423087358474731,0.9504822033404203,0,0,0,1,1.89,0,1,14.0,132.79563903808594,0,0,0,0,0,5111.json,NotBuggy
3,0.34889113903045654,0.6495227728620993,0,0,0,1,1.89,0,1,22.0,129.47398376464844,0,2,0,0,0,1692.json,NotBuggy
3,0.720017671585083,0.8130497381107075,0,0,0,1,3.77,0,0,17.0,131.28770446777344,0,0,0,0,0,5378.json,NotBuggy
3,0.5095325708389282,0.6254362514600064,0,0,0,1,1.89,0,1,22.0,129.69032287597656,0,1,0,0,0,6143.json,NotBuggy
3,0.3710911273956299,0.7396297611876614,0,0,0,1,1.89,0,1,20.0,130.07347106933594,0,1,0,0,0,2708.json,NotBuggy
3,1.059714995790273E-4,0.2828839427919332,0,0,0,1,1.89,0,1,33.0,127.17938995361328,0,2,0,0,0,3459.json,NotBuggy
3,0.8139974474906921,0.9554560961467685,0,0,0,1,1.89,0,0,12.0,133.59722900390625,0,0,0,0,0,721.json,NotBuggy
3,0.38099926710128784,0.799250639986053,0,0,0,1,1.89,0,1,18.0,130.7338104248047,0,0,0,0,0,3952.json,NotBuggy
3,0.4463455080986023,0.9397524593041289,0,0,0,1,1.89,0,0,12.0,133.59722900390625,0,0,0,0,0,4459.json,NotBuggy
3,0.7794625163078308,0.5597232234459846,0,0,0,1,1.89,0,3,22.0,129.69032287597656,0,1,0,0,0,5518.json,NotBuggy
3,0.2981218099594116,0.7422213936364723,0,0,0,1,1.89,0,1,19.0,130.34019470214844,0,0,0,0,0,4370.json,NotBuggy
3,0.8050205707550049,0.7597219799271359,0,0,0,1,3.77,0,2,19.0,130.57513427734375,0,1,0,0,0,3724.json,NotBuggy
5,0.049789831042289734,0.20816397991188323,0,0,0,1,5.43,0,7,38.0,117.79682159423828,0,0,0,0,0,4894.json,NotBuggy
3,0.8201553821563721,0.9706465654359767,0,0,0,1,1.89,0,1,15.0,132.25152587890625,0,0,0,0,0,5234.json,NotBuggy
3,0.5741613507270813,0.7097706486086134,0,0,0,1,1.89,0,1,21.0,129.93223571777344,0,0,0,0,0,4256.json,NotBuggy
8,0.07767246663570404,0.012589691998682071,6,2,8,3,2.83,0,6,63.0,106.91397857666016,0,2,1,0,0,1560.json,NotBuggy
3,0.6220393776893616,0.940257073405972,0,0,0,1,1.89,0,0,12.0,133.59722900390625,0,0,0,0,0,5268.json,NotBuggy
3,0.3686913847923279,0.6902469162038685,0,0,0,1,1.89,0,1,20.0,130.07347106933594,0,1,0,0,0,3833.json,NotBuggy
3,0.18871767818927765,0.6874534527686924,0,0,0,1,1.89,0,1,23.0,129.34671020507812,0,2,0,0,0,2211.json,NotBuggy
4,0.5232468247413635,0.7137144202510977,0,0,0,1,2.0,0,1,24.0,124.4649429321289,0,1,0,0,0,4165.json,NotBuggy
5,0.024591675028204918,0.036755993345710135,0,0,0,1,1.96,0,5,48.0,116.34761810302734,0,2,1,0,0,1240.json,NotBuggy
23,0.0038220216520130634,5.609007766686929E-10,2,2,4,3,7.16,3,16,164.0,83.60328674316406,0,1,4,0,0,5042.json,NotBuggy
3,0.32194820046424866,0.9018002659361263,0,0,0,1,1.89,0,0,14.0,132.4454345703125,0,0,0,0,0,3781.json,NotBuggy
4,0.7305772304534912,0.9254880669889093,0,0,0,1,2.0,0,0,20.0,125.64796447753906,0,1,0,0,0,594.json,NotBuggy
3,0.9408955574035645,0.965106288670043,0,0,0,1,1.89,0,0,12.0,133.59722900390625,0,0,0,0,0,6238.json,NotBuggy
3,0.3565715551376343,0.8765993689552923,0,0,0,1,1.89,0,1,15.0,132.25152587890625,0,0,0,0,0,4903.json,NotBuggy
4,4.893425502814353E-4,0.12178344008291087,0,0,0,1,4.9,0,5,40.0,121.43460083007812,0,1,0,0,0,5698.json,NotBuggy
7,0.9547113180160522,0.049262245255321024,5,4,9,4,1.81,0,3,60.0,109.15796661376953,0,1,1,0,0,324.json,NotBuggy
3,0.7728284597396851,0.937612116544074,0,0,0,1,1.89,0,0,14.0,132.61029052734375,0,0,0,0,0,3635.json,NotBuggy
8,0.41403770446777344,0.3630595698499161,2,1,3,3,3.87,2,3,43.0,109.07997131347656,0,1,1,0,0,5783.json,NotBuggy
6,3.4877678263001144E-4,4.92046830127974E-4,0,0,0,1,1.89,0,2,72.0,111.08979034423828,0,5,2,0,0,271.json,NotBuggy
3,0.0,1.3362114485360274E-7,0,0,0,1,1.89,0,14,117.0,119.9378433227539,0,2,0,0,0,967.json,NotBuggy
2,0.5277401804924011,0.8516470741984695,0,0,0,1,0.0,0,0,14.0,139.0139617919922,0,2,0,0,0,1448.json,NotBuggy
5,0.2239757776260376,0.6710236993223853,1,1,2,2,2.99,1,3,27.0,119.80731201171875,0,1,0,0,0,3940.json,NotBuggy
3,0.4821168780326843,0.88786587378105,0,0,0,1,1.89,0,2,16.0,131.91592407226562,0,0,0,0,0,6721.json,NotBuggy
3,0.529470682144165,0.7768710211904503,0,0,0,1,1.89,0,1,21.0,129.93223571777344,0,0,0,0,0,2799.json,NotBuggy
9,0.0033232090063393116,7.383077639529721E-4,1,1,2,3,2.67,1,9,79.0,103.624755859375,0,0,2,0,0,5244.json,NotBuggy
3,0.39058932662010193,0.6566478417615058,0,0,0,1,1.89,0,1,22.0,129.47398376464844,0,2,0,0,0,1676.json,NotBuggy
3,0.18988387286663055,0.7205288673569079,0,0,0,1,1.89,0,1,22.0,129.69032287597656,0,2,0,0,0,2274.json,NotBuggy
3,0.896574854850769,0.8967838489679202,0,0,0,1,1.89,0,0,14.0,132.4454345703125,0,0,0,0,0,166.json,NotBuggy
3,0.0,3.1652559061656977E-4,0,0,0,1,1.89,0,8,72.0,122.62611389160156,0,2,0,0,0,945.json,NotBuggy
3,0.7007753849029541,0.9111380866124859,0,0,0,1,1.89,0,1,15.0,132.25152587890625,0,0,0,0,0,6876.json,NotBuggy
3,0.2205384075641632,0.6861697919764841,0,0,0,1,1.89,0,1,22.0,129.69032287597656,0,2,0,0,0,2307.json,NotBuggy
5,0.7661678791046143,0.8560094365330505,1,1,2,2,2.99,0,1,26.0,120.20379638671875,0,1,0,0,0,3438.json,NotBuggy
3,0.9755011200904846,0.9749800375112977,0,0,0,1,1.89,0,0,12.0,133.59722900390625,0,0,0,0,0,5401.json,NotBuggy
4,0.1400582194328308,0.6073942277430281,0,0,0,1,3.46,0,0,22.0,124.91740417480469,0,0,0,0,0,6064.json,NotBuggy
3,0.22023209929466248,0.9472615771136528,0,0,0,1,1.89,0,0,12.0,133.59722900390625,0,0,0,0,0,759.json,NotBuggy
3,0.937480628490448,0.9628704595593448,0,0,0,1,1.89,0,0,12.0,133.59722900390625,0,0,0,0,0,5565.json,NotBuggy
5,0.8238397240638733,0.9088702986152395,0,0,0,1,5.43,0,1,21.0,121.54438018798828,0,0,0,0,0,6930.json,NotBuggy
3,0.937480628490448,0.9628704595593448,0,0,0,1,1.89,0,0,12.0,133.59722900390625,0,0,0,0,0,4820.json,NotBuggy
5,0.7661678791046143,0.8560094365330505,1,1,2,2,2.99,0,1,26.0,120.20379638671875,0,1,0,0,0,645.json,NotBuggy
10,0.08801356703042984,0.03541475440659503,2,1,3,2,5.0,2,4,62.0,103.40794372558594,0,2,0,0,0,3348.json,NotBuggy
24,5.005084676668048E-4,0.0010130720052011558,2,5,7,6,3.45,1,11,123.0,84.84083557128906,0,2,1,0,0,1337.json,NotBuggy
3,1.059714995790273E-4,0.2828839427919332,0,0,0,1,1.89,0,1,33.0,127.17938995361328,0,2,0,0,0,3580.json,NotBuggy
3,0.20774318277835846,0.6941070646582105,0,0,0,1,1.89,0,1,23.0,129.34671020507812,0,2,0,0,0,2160.json,NotBuggy
3,0.707538366317749,0.8836238951953235,0,0,0,1,1.89,0,1,16.0,131.75106811523438,0,0,0,0,0,2355.json,NotBuggy
6,0.7612183690071106,0.9054430570016182,0,0,0,1,5.5,0,0,26.0,117.59266662597656,0,0,0,0,0,5760.json,NotBuggy
20,8.956118253991008E-4,3.926784404669251E-5,2,4,6,5,3.46,1,12,125.0,87.7100830078125,0,2,2,0,0,892.json,NotBuggy
5,0.15905943512916565,0.6666855679383606,1,1,2,2,2.99,0,1,31.0,119.08892822265625,0,2,0,0,0,3597.json,NotBuggy
8,0.18922612071037292,0.09565936369656797,1,1,2,2,2.83,1,3,48.0,108.5035629272461,0,1,1,0,0,5524.json,NotBuggy
3,0.33379897475242615,0.7598759515028958,0,0,0,1,1.89,0,1,18.0,130.7338104248047,0,0,0,0,0,787.json,NotBuggy
3,0.29228535294532776,0.7742825224491293,0,0,0,1,1.89,0,1,19.0,130.34019470214844,0,0,0,0,0,2937.json,NotBuggy
3,0.6945946216583252,0.8689561124408618,0,0,0,1,1.89,0,0,17.0,131.28770446777344,0,1,0,0,0,5510.json,NotBuggy
11,0.018773382529616356,0.012543061775024525,4,3,7,4,3.95,2,4,72.0,100.62635803222656,0,2,1,0,0,686.json,NotBuggy
3,0.5163266062736511,0.900408224492379,0,0,0,1,1.89,0,1,15.0,132.25152587890625,0,0,0,0,0,4573.json,NotBuggy
3,0.21041259169578552,0.7461890644584682,0,0,0,1,1.89,0,2,18.0,130.99049377441406,0,0,0,0,0,6018.json,NotBuggy
3,0.8844403624534607,0.9551245318361714,0,0,0,1,1.89,0,0,12.0,133.59722900390625,0,0,0,0,0,178.json,NotBuggy
17,0.08016648143529892,0.00261096096616734,6,5,11,6,3.87,2,7,100.0,91.50373077392578,0,1,2,0,0,3144.json,NotBuggy
3,0.7483968138694763,0.8778403992094124,0,0,0,1,1.89,0,0,15.0,132.25152587890625,0,0,0,0,0,6523.json,NotBuggy
3,0.3557947874069214,0.9489195905869234,0,0,0,1,1.89,0,0,12.0,133.59722900390625,0,0,0,0,0,3278.json,NotBuggy
5,0.7661678791046143,0.8560094365330505,1,1,2,2,2.99,0,1,26.0,120.20379638671875,0,1,0,0,0,4152.json,NotBuggy
3,0.7578468918800354,0.9576611595007876,0,0,0,1,1.89,0,0,12.0,133.59722900390625,0,0,0,0,0,6559.json,NotBuggy
5,0.47462520003318787,0.7124719180665245,1,1,2,2,2.99,1,3,27.0,119.80731201171875,0,1,0,0,0,3911.json,NotBuggy
3,2.661501639522612E-4,0.04049239433242089,0,0,0,1,1.89,0,4,43.0,125.56587982177734,0,2,0,0,0,1413.json,NotBuggy
3,0.21560552716255188,0.34829711984441575,0,0,0,1,1.89,0,2,27.0,128.22288513183594,0,2,0,0,0,5979.json,NotBuggy
3,0.671620786190033,0.9456860760003547,0,0,0,1,1.89,0,0,12.0,133.59722900390625,0,0,0,0,0,4772.json,NotBuggy
12,0.00807107426226139,1.5495280132055952E-4,12,4,16,5,2.75,0,12,99.0,97.42855834960938,0,2,1,0,0,1615.json,NotBuggy
3,0.4839451014995575,0.7446861097545986,0,0,0,1,1.89,0,1,21.0,129.93223571777344,0,0,0,0,0,3419.json,NotBuggy
7,0.7699726223945618,0.45534346981399254,1,1,2,2,2.67,1,4,44.0,111.3536376953125,0,2,1,0,0,5652.json,NotBuggy
3,0.7310261130332947,0.92960642628136,0,0,0,1,1.89,0,1,15.0,132.25152587890625,0,0,0,0,0,815.json,NotBuggy
3,0.34181201457977295,0.6728695979790017,0,0,0,1,1.89,0,1,20.0,130.07347106933594,0,1,0,0,0,4171.json,NotBuggy
3,0.3530349135398865,0.6079270575914844,0,0,0,1,1.89,0,1,22.0,129.37762451171875,0,1,0,0,0,944.json,NotBuggy
3,0.008623913861811161,0.8924080896955648,0,0,0,1,1.89,0,0,14.0,132.61029052734375,0,0,0,0,0,3611.json,NotBuggy
3,0.8588058948516846,0.9681904413304937,0,0,0,1,1.89,0,0,12.0,133.59722900390625,0,0,0,0,0,4326.json,NotBuggy
3,0.37253397703170776,0.709228518932066,0,0,0,1,1.89,0,1,20.0,130.07347106933594,0,1,0,0,0,723.json,NotBuggy
3,0.568623960018158,0.8402120455209842,0,0,0,1,1.89,0,0,17.0,131.03103637695312,0,2,0,0,0,1392.json,NotBuggy
3,0.35584506392478943,0.678486003577886,0,0,0,1,1.89,0,1,20.0,130.07347106933594,0,1,0,0,0,4441.json,NotBuggy
22,5.532861105166376E-4,5.021078632642435E-5,2,6,8,7,3.87,4,13,130.0,85.3832015991211,0,2,4,0,0,301.json,NotBuggy
3,0.8975899815559387,0.9470724445319257,0,0,0,1,1.89,0,0,12.0,133.59722900390625,0,0,0,0,0,4853.json,NotBuggy
14,0.09818612039089203,2.2691806750651142E-4,3,3,6,4,2.37,1,5,94.0,95.08140563964844,0,2,2,0,0,5865.json,NotBuggy
3,0.5041640400886536,0.9410815430746396,0,0,0,1,1.89,0,0,12.0,133.80813598632812,0,0,0,0,0,396.json,NotBuggy
3,0.785825252532959,0.8556939113125239,0,0,0,1,1.89,0,2,19.0,130.57513427734375,0,1,0,0,0,746.json,NotBuggy
3,0.6709058284759521,0.8653271529481897,0,0,0,1,1.89,0,0,15.0,132.25152587890625,0,0,0,0,0,6710.json,NotBuggy
3,0.31998857855796814,0.2905213443700149,0,0,0,1,3.77,0,1,28.0,128.0337677001953,0,2,0,0,0,5019.json,Buggy
3,0.19277557730674744,0.8545481133420433,0,0,0,1,1.89,0,0,15.0,131.9385528564453,0,0,0,0,0,5700.json,NotBuggy
3,0.39058932662010193,0.6615878525546369,0,0,0,1,1.89,0,1,22.0,129.47398376464844,0,2,0,0,0,1690.json,NotBuggy
10,0.3401336371898651,0.445641168688442,1,2,3,3,3.6,2,3,49.0,104.85218811035156,0,1,0,0,0,420.json,NotBuggy
3,0.7837258577346802,0.7815827942405159,0,0,0,1,1.89,0,0,20.0,130.07347106933594,0,2,0,0,0,1921.json,NotBuggy
3,0.9632439613342285,0.9541799745755329,0,0,0,1,1.89,0,0,13.0,132.9956512451172,0,0,0,0,0,5354.json,NotBuggy
3,0.3843061327934265,0.8986231367606877,0,0,0,1,1.89,0,0,14.0,132.4454345703125,0,0,0,0,0,696.json,NotBuggy
3,4.3787347385659814E-4,0.027158285230213117,0,0,0,1,1.89,0,4,45.0,125.25936889648438,0,2,0,0,0,1009.json,NotBuggy
3,0.18477217853069305,0.9360160678875649,0,0,0,1,1.89,0,0,12.0,133.59722900390625,0,0,0,0,0,3185.json,NotBuggy
7,0.024177107959985733,0.08873024682542553,0,0,0,2,2.56,1,1,52.0,110.4219741821289,0,1,2,0,0,2329.json,NotBuggy
5,0.15905943512916565,0.6666855679383606,1,1,2,2,2.99,0,1,31.0,119.08892822265625,0,2,0,0,0,649.json,NotBuggy
16,0.0326494462788105,0.02371225410028838,2,4,6,5,3.61,2,6,80.0,93.82630157470703,0,1,1,0,0,5662.json,NotBuggy
11,0.0015342022525146604,1.7850523007443462E-5,3,2,5,3,2.41,1,8,99.0,98.87593078613281,0,2,3,0,0,5580.json,NotBuggy
13,0.001438656821846962,4.4667718997276085E-7,1,1,2,2,1.9,0,14,120.0,95.1484603881836,0,2,4,0,0,1234.json,NotBuggy
3,0.6527135968208313,0.8137187716941575,0,0,0,1,1.89,0,1,16.0,131.60296630859375,0,0,0,0,0,419.json,NotBuggy
3,0.7301969528198242,0.9477380085514727,0,0,0,1,1.89,0,0,12.0,133.59722900390625,0,0,0,0,0,6332.json,NotBuggy
3,0.19935795664787292,0.6890083287639165,0,0,0,1,1.89,0,1,23.0,129.34671020507812,0,2,0,0,0,2196.json,NotBuggy
6,0.19672849774360657,0.10741945846034119,4,2,6,2,2.75,1,4,44.0,113.78789520263672,0,0,0,0,0,5610.json,NotBuggy
3,0.9080740213394165,0.9551075404027177,0,0,0,1,1.89,0,0,12.0,133.59722900390625,0,0,0,0,0,4175.json,NotBuggy
20,9.769665775820613E-4,8.86204904847397E-12,3,3,6,5,6.27,3,25,180.0,84.88775634765625,0,0,5,0,0,6983.json,NotBuggy
3,0.18496130406856537,0.7316796204244613,0,0,0,1,1.89,0,1,22.0,129.69032287597656,0,2,0,0,0,2247.json,NotBuggy
3,0.8474888801574707,0.9527147983653304,0,0,0,1,1.89,0,0,12.0,133.59722900390625,0,0,0,0,0,3483.json,NotBuggy
5,0.7209631204605103,0.5912369862661835,0,0,0,1,5.43,0,0,26.0,120.23355865478516,0,1,0,0,0,5282.json,NotBuggy
3,0.5479726791381836,0.9511359272390677,0,0,0,1,1.89,0,0,12.0,133.59722900390625,0,0,0,0,0,3604.json,NotBuggy
3,0.15296201407909393,0.8765362891366452,0,0,0,1,1.89,0,0,14.0,132.4454345703125,0,0,0,0,0,4109.json,NotBuggy
3,0.6827087998390198,0.9593898832433644,0,0,0,1,1.89,0,0,12.0,133.59722900390625,0,0,0,0,0,6497.json,NotBuggy
3,0.517524778842926,0.7526029277154087,0,0,0,1,1.89,0,1,20.0,130.30841064453125,0,1,0,0,0,89.json,NotBuggy
3,0.05722774565219879,0.8809400756530389,0,0,0,1,1.89,0,0,14.0,132.61029052734375,0,0,0,0,0,3894.json,NotBuggy
3,0.8407866954803467,0.9419687825952014,0,0,0,1,1.89,0,0,14.0,132.61029052734375,0,0,0,0,0,3631.json,NotBuggy
3,0.948209285736084,0.9713716977979465,0,0,0,1,1.89,0,0,12.0,133.59722900390625,0,0,0,0,0,838.json,NotBuggy
6,0.05176307260990143,0.04042191894944352,0,0,0,1,5.5,0,7,48.0,113.3419189453125,0,0,0,0,0,6651.json,NotBuggy
3,0.7446128129959106,0.9083179713915374,0,0,0,1,1.89,0,0,16.0,131.91592407226562,0,0,0,0,0,2718.json,NotBuggy
3,0.2903529107570648,0.8287546757044078,0,0,0,1,1.89,0,1,18.0,130.7338104248047,0,0,0,0,0,3054.json,NotBuggy
9,0.026951279491186142,0.0034243347806764603,1,1,2,2,2.67,1,4,67.0,104.5376968383789,0,3,2,0,0,5572.json,NotBuggy
8,0.05032018572092056,0.015629630276920374,6,2,8,3,2.83,0,6,63.0,106.9710464477539,0,2,1,0,0,1564.json,NotBuggy
3,0.7936520576477051,0.9866017101944858,0,0,0,1,1.89,0,1,14.0,132.79563903808594,0,0,0,0,0,5236.json,NotBuggy
3,6.068969960324466E-4,0.04101171586348273,1,1,2,2,1.89,0,5,43.0,125.19940948486328,0,2,0,0,0,968.json,NotBuggy
3,0.9829697608947754,0.932521677823094,0,0,0,1,2.0,0,0,15.0,132.25152587890625,1,0,0,0,0,406.json,NotBuggy
3,0.5922611951828003,0.9673171418046389,0,0,0,1,1.89,0,1,17.0,131.43582153320312,0,0,0,0,0,5144.json,NotBuggy
3,0.5996042490005493,0.9450724491684224,0,0,0,1,1.89,0,1,13.0,133.18099975585938,0,0,0,0,0,3092.json,NotBuggy
3,0.6449580788612366,0.8950413916126303,0,0,0,1,1.89,0,0,15.0,132.25152587890625,0,0,0,0,0,6218.json,NotBuggy
3,0.02674526534974575,0.27986461918803984,0,0,0,1,1.89,0,1,31.0,127.50450134277344,0,2,0,0,0,5157.json,NotBuggy
14,8.894169586710632E-4,0.0035416718963472973,2,1,3,3,3.81,2,6,83.0,95.99683380126953,0,1,5,0,0,6741.json,NotBuggy
3,0.7578322887420654,0.9558995130595308,0,0,0,1,1.89,0,0,12.0,133.59722900390625,0,0,0,0,0,3590.json,NotBuggy
3,0.34774330258369446,0.6578756462055596,0,0,0,1,1.89,0,1,22.0,129.47398376464844,0,2,0,0,0,1647.json,NotBuggy
3,0.19876061379909515,0.7189285752149839,0,0,0,1,1.89,0,1,22.0,129.69032287597656,0,2,0,0,0,2317.json,NotBuggy
3,0.2288329005241394,0.8889924664925885,0,0,0,1,1.89,0,0,14.0,132.4454345703125,0,0,0,0,0,3254.json,NotBuggy
5,0.04174776002764702,0.42800459656717954,2,1,3,2,2.99,1,3,35.0,118.20518493652344,0,1,0,0,0,287.json,NotBuggy
23,2.2746296599507332E-4,0.09485983230728004,17,16,33,7,2.46,1,21,146.0,84.35901641845703,1,2,0,0,0,5706.json,NotBuggy
3,0.9077809453010559,0.9650341474705374,0,0,0,1,1.89,0,0,12.0,133.59722900390625,0,0,0,0,0,3145.json,NotBuggy
3,0.9235283136367798,0.9750321231715673,0,0,0,1,1.89,0,1,13.0,133.18099975585938,0,0,0,0,0,2884.json,NotBuggy
3,0.12618444859981537,0.9486434727070029,0,0,0,1,1.89,0,0,12.0,133.59722900390625,0,0,0,0,0,4088.json,NotBuggy
3,0.8882124423980713,0.9545784056054647,0,0,0,1,1.89,0,0,12.0,133.59722900390625,0,0,0,0,0,5520.json,NotBuggy
7,0.01074728649109602,0.0037319882739371454,1,1,2,2,2.56,1,3,63.0,108.97013092041016,0,2,2,0,0,123.json,NotBuggy
3,0.28443020582199097,0.649609585591251,0,0,0,1,1.89,0,2,21.0,129.93223571777344,0,0,0,0,0,6219.json,NotBuggy
3,0.9130687713623047,0.8576593492986632,0,0,0,1,1.89,0,0,15.0,131.9385528564453,0,0,0,0,0,4777.json,NotBuggy
4,0.030348902568221092,0.5958856815335581,0,0,0,1,2.0,0,2,28.0,123.66336059570312,0,2,0,0,0,3403.json,NotBuggy
3,0.8832903504371643,0.8124107609663401,0,0,0,1,1.89,0,0,17.0,131.28770446777344,0,1,0,0,0,6815.json,Buggy
3,0.04069606959819794,0.36341755816114335,0,0,0,1,1.89,0,2,27.0,128.1388702392578,0,2,0,0,0,6403.json,NotBuggy
3,0.2949877679347992,0.9443710980713038,0,0,0,1,1.89,0,0,12.0,133.59722900390625,0,0,0,0,0,3841.json,NotBuggy
3,0.6911595463752747,0.9511950918326839,0,0,0,1,1.89,0,0,12.0,133.59722900390625,0,0,0,0,0,145.json,NotBuggy
3,0.3211002051830292,0.7887164401227008,0,0,0,1,1.89,0,1,18.0,130.7338104248047,0,0,0,0,0,3962.json,NotBuggy
5,0.2955821752548218,0.6818922456522933,1,1,2,2,2.99,1,3,27.0,119.80731201171875,0,1,0,0,0,3931.json,NotBuggy
3,0.5299237966537476,0.9330235310304269,0,0,0,1,1.89,0,0,12.0,133.59722900390625,0,0,0,0,0,4148.json,NotBuggy
6,0.9653850793838501,0.9398569173642483,0,0,0,1,5.5,0,0,26.0,117.59266662597656,0,0,0,0,0,5730.json,NotBuggy
3,0.27333828806877136,0.5227189803102225,0,0,0,1,1.89,0,2,25.0,128.8092498779297,0,2,0,0,0,1409.json,NotBuggy
20,9.878522250801325E-4,3.994828669022449E-5,2,4,6,5,3.46,1,12,125.0,87.7100830078125,0,2,2,0,0,897.json,NotBuggy
12,0.214272603392601,0.13280534669227537,3,2,5,4,3.83,1,4,61.0,100.03292846679688,0,2,1,0,0,5130.json,NotBuggy
3,0.460636705160141,0.9407259812460629,0,0,0,1,1.89,0,0,12.0,133.59722900390625,0,0,0,0,0,2915.json,NotBuggy
3,0.9670782685279846,0.9736585417058966,0,0,0,1,1.89,0,0,12.0,133.59722900390625,0,0,0,0,0,6496.json,NotBuggy
3,0.5922611951828003,0.9673171418046389,0,0,0,1,1.89,0,1,17.0,131.43582153320312,0,0,0,0,0,5235.json,NotBuggy
18,0.06060830131173134,0.0016505205097897648,4,4,8,7,3.58,2,10,102.0,90.14704132080078,0,2,2,0,0,1274.json,NotBuggy
8,0.05332694202661514,0.015032710363829738,6,2,8,3,2.83,0,6,63.0,106.9710464477539,0,2,1,0,0,1563.json,NotBuggy
3,0.6542012691497803,0.9507525715597052,0,0,0,1,1.89,0,1,15.0,132.25152587890625,0,0,0,0,0,313.json,NotBuggy
3,0.8516412377357483,0.9693437616288751,0,0,0,1,1.89,0,0,15.0,131.9385528564453,0,0,0,0,0,4727.json,NotBuggy
3,0.4378357231616974,0.816523526162488,0,0,0,1,1.89,0,1,18.0,130.7338104248047,0,0,0,0,0,786.json,NotBuggy
3,0.8175303936004639,0.7942105268217119,0,0,0,1,1.89,0,1,23.0,129.4591827392578,0,1,0,0,0,5146.json,NotBuggy
20,9.127127705141902E-4,3.792193642938462E-5,2,4,6,5,3.46,1,12,125.0,87.7100830078125,0,2,2,0,0,887.json,NotBuggy
15,0.005016231909394264,3.647768631236206E-4,2,3,5,4,3.52,1,9,100.0,93.80345153808594,0,2,2,0,0,879.json,NotBuggy
3,0.2917848825454712,0.8931200930855779,0,0,0,1,1.89,0,0,14.0,132.4454345703125,0,0,0,0,0,3517.json,NotBuggy
3,0.20216621458530426,0.7232167531973134,0,0,0,1,1.89,0,1,22.0,129.69032287597656,0,2,0,0,0,2318.json,NotBuggy
3,0.7653594017028809,0.7684588433422498,0,0,0,1,1.89,0,0,20.0,130.07347106933594,0,2,0,0,0,1910.json,NotBuggy
3,0.3678586184978485,0.8054687199161298,0,0,0,1,1.89,0,1,18.0,130.7338104248047,0,0,0,0,0,789.json,NotBuggy
9,0.3389681875705719,0.18175919788065706,3,2,5,3,4.26,2,2,50.0,106.15320587158203,0,1,1,0,0,100.json,NotBuggy
3,0.7578322887420654,0.9579598990807421,0,0,0,1,1.89,0,0,12.0,133.59722900390625,0,0,0,0,0,4864.json,NotBuggy
3,0.07977964729070663,0.48505705053420867,0,0,0,1,1.89,0,1,26.0,128.60531616210938,0,2,0,0,0,5128.json,NotBuggy
14,5.749081610701978E-4,1.4860247602591169E-5,3,2,5,5,3.92,2,11,106.0,94.02119445800781,0,1,3,0,0,6513.json,NotBuggy
3,0.41875824332237244,0.76769397460592,0,0,0,1,1.89,0,1,19.0,130.34019470214844,0,0,0,0,0,4159.json,NotBuggy
3,0.91008061170578,0.8121481247907635,0,0,0,1,1.89,0,0,21.0,130.05470275878906,0,1,0,0,0,554.json,NotBuggy
3,0.7525246143341064,0.22036759483843502,0,0,0,1,2.0,0,3,33.0,127.01653289794922,0,3,0,0,0,5705.json,NotBuggy
11,0.018773382529616356,0.012543061775024525,4,3,7,4,3.95,2,4,72.0,100.62635803222656,0,2,1,0,0,636.json,NotBuggy
10,0.41948726773262024,0.072406656394947,5,2,7,3,2.53,1,5,64.0,103.2171630859375,0,2,1,0,0,2052.json,NotBuggy
8,0.5499340891838074,0.001873364998306326,7,5,12,5,1.73,0,5,78.0,105.28892517089844,0,1,1,0,0,5746.json,NotBuggy
7,0.7861282825469971,0.012322246867393008,5,4,9,4,1.81,0,4,64.0,108.76529693603516,0,1,1,0,0,5720.json,NotBuggy
3,0.005118012893944979,0.4922307735849459,0,0,0,1,1.89,0,1,28.0,128.1235809326172,0,2,0,0,0,3561.json,NotBuggy
3,0.40753814578056335,0.7678699446598417,0,0,0,1,1.89,0,2,19.0,130.45266723632812,0,0,0,0,0,6.json,NotBuggy
3,0.9408955574035645,0.965106288670043,0,0,0,1,1.89,0,0,12.0,133.59722900390625,0,0,0,0,0,4548.json,NotBuggy
3,0.6945946216583252,0.8689561124408618,0,0,0,1,1.89,0,0,17.0,131.28770446777344,0,1,0,0,0,5521.json,NotBuggy
7,0.7089982628822327,0.2054425274601201,3,1,4,2,2.56,1,3,47.0,110.94767761230469,0,2,1,0,0,2102.json,NotBuggy
3,0.6709058284759521,0.8653271529481897,0,0,0,1,1.89,0,0,15.0,132.25152587890625,0,0,0,0,0,6488.json,NotBuggy
3,0.8663052916526794,0.9012401420230042,0,0,0,1,1.89,0,1,16.0,131.75106811523438,0,0,0,0,0,3468.json,NotBuggy
3,0.8704473972320557,0.8594922149024709,0,0,0,1,1.89,0,1,16.0,131.75106811523438,0,0,0,0,0,4143.json,NotBuggy
3,0.046457041054964066,0.9089662918888207,0,0,0,1,1.89,0,0,14.0,132.61029052734375,0,0,0,0,0,3024.json,NotBuggy
5,0.42727288603782654,0.6790668663967452,1,1,2,2,2.99,1,3,27.0,119.80731201171875,0,1,0,0,0,3921.json,NotBuggy
15,0.001922086114063859,3.8642808405349633E-5,3,4,7,5,3.52,1,12,113.0,92.93791961669922,0,2,2,0,0,861.json,NotBuggy
6,0.6554362773895264,0.7677433737076953,1,1,2,2,2.75,1,3,32.0,115.88042449951172,0,0,0,0,0,118.json,NotBuggy
3,0.8597406148910522,0.8774980809617768,0,0,0,1,2.0,0,1,18.0,130.7338104248047,1,0,0,0,0,2335.json,NotBuggy
3,0.8234120011329651,0.8221908585610924,0,0,0,1,1.89,0,2,19.0,130.57513427734375,0,1,0,0,0,2834.json,NotBuggy
3,0.005118012893944979,0.4922307735849459,0,0,0,1,1.89,0,1,28.0,128.1235809326172,0,2,0,0,0,3775.json,NotBuggy
16,0.14696961641311646,0.018699896856230285,1,2,3,5,11.57,3,5,74.0,94.18384552001953,0,1,2,0,0,5172.json,NotBuggy
3,0.09030022472143173,0.5729814773033065,0,0,0,1,1.89,0,1,26.0,128.60531616210938,0,1,0,0,0,562.json,NotBuggy
3,0.9364588260650635,0.9810414884448301,0,0,0,1,1.89,0,0,11.0,134.26058959960938,0,0,0,0,0,320.json,NotBuggy
3,0.002847453812137246,0.44749300052471164,0,0,0,1,1.89,0,2,27.0,128.31268310546875,0,2,0,0,0,3373.json,NotBuggy
3,0.7470922470092773,0.9607420052192033,0,0,0,1,1.89,0,0,12.0,133.59722900390625,0,0,0,0,0,6676.json,NotBuggy
6,0.04204365983605385,0.2449314275345134,0,0,0,2,2.75,1,4,41.0,114.35456085205078,0,1,1,0,0,5674.json,NotBuggy
3,0.047500818967819214,0.27469810477420253,0,0,0,1,1.89,0,2,28.0,127.87090301513672,0,1,0,0,0,6337.json,NotBuggy
15,0.0,8.759860105812827E-9,1,1,2,3,6.0,2,10,142.0,91.59345245361328,0,0,4,0,0,6511.json,NotBuggy
3,0.038123734295368195,0.3945755780757851,0,0,0,1,1.89,0,2,27.0,128.4090576171875,0,0,0,0,0,6836.json,NotBuggy
3,7.841764017939568E-4,0.037592206496046374,1,1,2,2,1.89,0,5,43.0,125.19940948486328,0,2,0,0,0,1011.json,NotBuggy
4,0.06145380809903145,0.3448975036509565,0,0,0,1,2.0,0,4,31.0,122.84404754638672,0,1,0,0,0,1144.json,NotBuggy
3,0.16085557639598846,0.6493437200325494,0,0,0,1,1.89,0,0,22.0,129.57785034179688,0,1,0,0,0,6621.json,NotBuggy
3,0.8196750283241272,0.7713377768246966,0,0,0,1,1.89,0,0,20.0,130.07347106933594,0,2,0,0,0,1841.json,NotBuggy
7,0.6202982664108276,0.7269423353740947,0,0,0,2,3.02,1,1,32.0,113.2991714477539,0,0,0,0,0,6882.json,NotBuggy
3,1.1062722478527576E-4,0.2001914615583875,0,0,0,1,1.89,0,1,35.0,126.78941345214844,0,2,0,0,0,699.json,NotBuggy
3,0.34008076786994934,0.7629700977801586,0,0,0,1,1.89,0,0,18.0,130.85629272460938,0,0,0,0,0,5627.json,NotBuggy
5,0.46554794907569885,0.5829873188282929,0,0,0,1,1.96,0,2,31.0,119.41529846191406,0,0,1,0,0,5631.json,NotBuggy
5,0.20778219401836395,0.6819492440947208,1,1,2,2,2.99,1,3,27.0,119.80731201171875,0,1,0,0,0,3647.json,NotBuggy
3,0.7615286111831665,0.8661193565467213,0,0,0,1,1.89,0,0,17.0,131.03103637695312,0,2,0,0,0,1269.json,NotBuggy
3,0.5299237966537476,0.9346264334071362,0,0,0,1,1.89,0,0,12.0,133.59722900390625,0,0,0,0,0,2751.json,NotBuggy
3,0.168015256524086,0.9430622785197992,0,0,0,1,1.89,0,0,12.0,133.59722900390625,0,0,0,0,0,3227.json,NotBuggy
3,0.9201376438140869,0.9419860468814283,0,0,0,1,1.89,0,0,15.0,132.25152587890625,0,0,0,0,0,400.json,NotBuggy
19,0.010857664048671722,0.002949455673060413,4,4,8,5,3.51,2,8,100.0,89.8341293334961,0,2,1,0,0,374.json,NotBuggy
21,0.0020138456020504236,1.7350644140102227E-7,5,5,10,5,2.85,2,10,142.0,85.68260192871094,0,2,6,0,0,421.json,NotBuggy
5,0.41711485385894775,0.45812197337480565,0,0,0,1,1.96,0,2,32.0,118.98002624511719,0,0,1,0,0,3300.json,NotBuggy
7,0.49323198199272156,0.5115800444100431,2,1,3,3,3.96,0,1,39.0,111.75090026855469,0,1,2,0,0,5155.json,NotBuggy
3,0.787403404712677,0.7890609980508808,0,0,0,1,1.89,0,0,17.0,131.28770446777344,0,1,0,0,0,4850.json,NotBuggy
3,0.7837258577346802,0.7643108389929872,0,0,0,1,1.89,0,0,20.0,130.07347106933594,0,2,0,0,0,1848.json,NotBuggy
3,0.6654987931251526,0.5284680229974787,0,0,0,1,1.89,0,3,24.0,128.92515563964844,0,0,0,0,0,2910.json,NotBuggy
7,0.01280806865543127,0.39599118520724497,2,1,3,2,3.02,1,0,39.0,112.11737823486328,0,1,0,0,0,4615.json,NotBuggy
3,0.7401084899902344,0.803508186952056,0,0,0,1,1.89,0,2,19.0,130.70933532714844,0,1,0,0,0,4994.json,NotBuggy
3,0.017342951148748398,0.4271842829617174,0,0,0,1,1.89,0,4,26.0,128.60531616210938,0,0,0,0,0,561.json,NotBuggy
3,0.0,1.46967580928252E-6,2,2,4,3,1.89,0,14,101.0,120.19263458251953,0,2,0,0,0,995.json,NotBuggy
7,0.5229750871658325,0.08129071462957803,0,0,0,2,3.17,1,6,55.0,109.7188720703125,0,0,0,0,0,6827.json,NotBuggy
3,0.7497696876525879,0.9684613914096334,0,0,0,1,1.89,0,0,12.0,133.59722900390625,0,0,0,0,0,4724.json,NotBuggy
8,0.6980816125869751,0.553869804366244,1,1,2,2,2.4,1,2,41.0,109.5576400756836,0,2,1,0,0,2381.json,NotBuggy
3,0.07806217670440674,0.6733279920440938,0,0,0,1,1.89,0,1,22.0,129.69032287597656,0,2,0,0,0,3394.json,NotBuggy
6,0.9713399410247803,0.9522123379505715,0,0,0,1,5.5,0,0,26.0,117.59266662597656,0,0,0,0,0,5738.json,NotBuggy
8,0.001683130394667387,0.07332783224648987,1,1,2,2,2.4,0,4,53.0,108.22269439697266,0,1,0,0,0,2870.json,NotBuggy
3,0.0031520037446171045,0.06062954324620639,0,0,0,1,1.89,0,4,40.0,125.87184143066406,0,2,0,0,0,1377.json,NotBuggy
3,0.43324026465415955,0.7687810673524943,0,0,0,1,1.89,0,1,19.0,130.34019470214844,0,0,0,0,0,4411.json,NotBuggy
3,0.5479726791381836,0.9456882250347172,0,0,0,1,1.89,0,0,12.0,133.59722900390625,0,0,0,0,0,773.json,NotBuggy
3,0.20251819491386414,0.6823681721824829,0,0,0,1,1.89,0,1,23.0,129.34671020507812,0,2,0,0,0,2148.json,NotBuggy
3,0.9381090402603149,0.9445223551057688,0,0,0,1,0.94,0,0,12.0,133.59722900390625,0,0,0,0,0,6265.json,NotBuggy
3,0.7661980390548706,0.9758143571452795,0,0,0,1,1.89,0,1,15.0,132.086669921875,0,0,0,0,0,116.json,NotBuggy
3,0.2188047617673874,0.7120899107481153,0,0,0,1,1.89,0,1,22.0,129.69032287597656,0,2,0,0,0,2254.json,NotBuggy
3,0.4632835388183594,0.8592266399861016,0,0,0,1,1.89,0,1,15.0,132.086669921875,0,0,0,0,0,141.json,NotBuggy
3,0.3677332103252411,0.6767253436694196,0,0,0,1,1.89,0,1,20.0,130.07347106933594,0,1,0,0,0,3271.json,NotBuggy
3,0.5853044390678406,0.9792694923562943,0,0,0,1,1.89,0,0,12.0,133.59722900390625,0,0,0,0,0,6200.json,NotBuggy
3,0.671998918056488,0.9100030805594377,0,0,0,1,1.89,0,1,15.0,132.25152587890625,0,0,0,0,0,6158.json,NotBuggy
15,0.06122033670544624,0.010824265967010686,5,4,9,5,3.54,2,5,81.0,94.71340942382812,0,2,3,0,0,5881.json,NotBuggy
3,0.14429956674575806,0.9147310120717622,0,0,0,1,1.89,0,0,12.0,133.59722900390625,0,0,0,0,0,4855.json,NotBuggy
3,0.35102134943008423,0.911483626922312,0,0,0,1,1.89,0,2,16.0,131.91592407226562,0,0,0,0,0,6724.json,NotBuggy
3,0.3407677710056305,0.7886082556665028,0,0,0,1,1.89,0,1,18.0,130.7338104248047,0,0,0,0,0,3063.json,NotBuggy
3,0.8521913290023804,0.6875513234739493,0,0,0,1,1.89,0,1,21.0,129.93223571777344,0,0,0,0,0,4799.json,NotBuggy
7,0.1277027130126953,0.10913485149366638,2,2,4,2,2.56,1,6,48.0,110.90117645263672,0,0,1,0,0,6658.json,NotBuggy
31,0.0,6.1155962018419255E-9,12,10,22,8,2.68,2,28,244.0,75.75154876708984,1,1,7,0,0,5727.json,NotBuggy
3,0.8430013656616211,0.9410570952219149,0,0,0,1,1.89,0,1,13.0,133.18099975585938,0,0,0,0,0,4783.json,NotBuggy
9,0.33519089221954346,0.7598259218554498,1,1,2,3,3.77,2,3,40.0,107.75867462158203,0,1,1,0,0,6500.json,NotBuggy
3,0.19935795664787292,0.6929524911977519,0,0,0,1,1.89,0,1,23.0,129.34671020507812,0,2,0,0,0,2221.json,NotBuggy
3,0.9374299645423889,0.952348391139944,0,0,0,1,1.89,0,0,13.0,132.9956512451172,0,0,0,0,0,4105.json,NotBuggy
10,0.02548394352197647,0.002928132707881267,2,2,4,3,3.49,1,6,75.0,102.14214324951172,0,2,2,0,0,860.json,NotBuggy
3,0.3826659619808197,0.9409587729541073,0,0,0,1,1.89,0,0,12.0,133.59722900390625,0,0,0,0,0,2735.json,NotBuggy
3,0.28312185406684875,0.9515791552590631,0,0,0,1,1.89,0,0,12.0,133.59722900390625,0,0,0,0,0,4038.json,NotBuggy
3,0.8824447989463806,0.9759602438768745,0,0,0,1,1.89,0,0,12.0,133.59722900390625,0,0,0,0,0,4725.json,NotBuggy
5,0.019359175115823746,0.04736265346189747,0,0,0,1,1.96,0,1,48.0,116.71849822998047,0,2,1,0,0,265.json,NotBuggy
3,0.07537709176540375,0.32851562673094536,0,0,0,1,3.77,0,2,26.0,128.50894165039062,0,2,0,0,0,1512.json,NotBuggy
3,0.6313822269439697,0.859168081492694,0,0,0,1,1.89,0,0,17.0,131.28770446777344,0,1,0,0,0,6211.json,NotBuggy
13,0.0020651132799685,1.289226769988419E-7,2,2,4,2,1.9,0,14,125.0,94.85538482666016,0,2,4,0,0,1241.json,NotBuggy
3,0.5035902857780457,0.8629535058563081,0,0,0,1,1.89,0,0,15.0,132.25152587890625,0,0,0,0,0,6291.json,NotBuggy
3,0.3714981973171234,0.8003841382172454,0,0,0,1,1.89,0,1,19.0,130.70933532714844,0,1,0,0,0,5511.json,NotBuggy
3,0.49853745102882385,0.947790324649326,0,0,0,1,1.89,0,0,12.0,133.59722900390625,0,0,0,0,0,6027.json,NotBuggy
3,0.3715718388557434,0.6907204909734678,0,0,0,1,1.89,0,1,20.0,130.07347106933594,0,1,0,0,0,4387.json,NotBuggy
3,9.110638056881726E-4,0.00826493037461544,1,1,2,2,1.89,0,8,49.0,124.18379211425781,0,0,0,0,0,4897.json,NotBuggy
4,0.27715185284614563,0.8601076260136533,0,0,0,1,2.0,0,0,20.0,125.64796447753906,0,1,0,0,0,60.json,NotBuggy
9,0.09223800897598267,0.45074092712329505,0,0,0,1,2.67,1,3,46.0,107.57077026367188,0,1,0,0,0,5366.json,NotBuggy
3,0.3691707253456116,0.6830586925061287,0,0,0,1,1.89,0,1,20.0,130.07347106933594,0,1,0,0,0,3248.json,NotBuggy
3,0.0,0.00277186184590097,0,0,0,1,1.89,0,6,60.0,123.69705200195312,0,2,0,0,0,1035.json,NotBuggy
17,0.0038972003385424614,2.2461249956218362E-6,5,4,9,5,6.3,4,5,128.0,89.99314880371094,0,2,7,0,0,5772.json,NotBuggy
3,0.46180251240730286,0.7949318223378611,0,0,0,1,1.89,0,0,19.0,130.34019470214844,0,2,0,0,0,1002.json,NotBuggy
3,0.23870010673999786,0.3164467837906342,0,0,0,1,1.89,0,6,31.0,127.59430694580078,0,1,0,0,0,5595.json,NotBuggy
3,0.856850802898407,0.8072776758826007,0,0,0,1,1.89,0,0,17.0,131.28770446777344,0,1,0,0,0,5568.json,NotBuggy
3,0.859735369682312,0.9785861914637684,0,0,0,1,1.89,0,0,12.0,133.59722900390625,0,0,0,0,0,127.json,NotBuggy
8,0.003834355855360627,0.06104863231787661,2,1,3,2,2.83,1,1,53.0,108.04276275634766,0,3,1,0,0,4798.json,NotBuggy
3,0.3198453187942505,0.8962258100443644,0,0,0,1,1.89,0,0,14.0,132.61029052734375,0,0,0,0,0,3186.json,NotBuggy
3,0.5045844912528992,0.7736912555701336,0,0,0,1,1.89,0,1,21.0,129.93223571777344,0,0,0,0,0,2704.json,NotBuggy
3,0.35773545503616333,0.6847482936318062,0,0,0,1,1.89,0,1,20.0,130.07347106933594,0,1,0,0,0,652.json,NotBuggy
3,1.059714995790273E-4,0.2828839427919332,0,0,0,1,1.89,0,1,33.0,127.17938995361328,0,2,0,0,0,713.json,NotBuggy
3,0.37253397703170776,0.6995612460394866,0,0,0,1,1.89,0,1,20.0,130.07347106933594,0,1,0,0,0,4053.json,NotBuggy
3,0.8977636694908142,0.9452035231680106,0,0,0,1,1.89,0,0,13.0,132.9956512451172,0,0,0,0,0,5356.json,NotBuggy
3,0.046457041054964066,0.9012454203738025,0,0,0,1,1.89,0,0,14.0,132.61029052734375,0,0,0,0,0,3028.json,NotBuggy
3,0.168015256524086,0.9496337210777747,0,0,0,1,1.89,0,0,12.0,133.59722900390625,0,0,0,0,0,4242.json,NotBuggy
3,0.354890376329422,0.6819158454485121,0,0,0,1,1.89,0,1,22.0,129.47398376464844,0,2,0,0,0,1699.json,NotBuggy
3,0.37079477310180664,0.6358674267890017,0,0,0,1,1.89,0,1,22.0,129.47398376464844,0,2,0,0,0,1708.json,NotBuggy
3,0.22849605977535248,0.6674476667445824,0,0,0,1,1.89,0,1,23.0,129.34671020507812,0,2,0,0,0,2139.json,NotBuggy
21,3.509853268042207E-4,1.1190463834755914E-6,4,4,8,5,3.59,2,14,136.0,86.25469207763672,0,4,2,0,0,7025.json,NotBuggy
8,0.055999673902988434,0.4417007472561463,1,1,2,2,2.83,1,5,41.0,109.76836395263672,0,0,1,0,0,6183.json,NotBuggy
3,0.035855941474437714,0.1550518767765407,0,0,0,1,1.89,0,5,34.0,126.78704833984375,0,1,0,0,0,5087.json,NotBuggy
7,0.037293318659067154,0.05997721682457447,0,0,0,2,2.56,1,2,50.0,110.50897216796875,0,1,2,0,0,5563.json,NotBuggy
9,0.2701483964920044,0.2341894348906451,2,3,5,4,2.67,2,0,54.0,105.96813201904297,0,1,0,0,0,5381.json,NotBuggy
18,0.224479079246521,0.0035991429692123892,2,2,4,3,3.06,2,10,95.0,91.26295471191406,0,0,4,0,0,3358.json,NotBuggy
7,0.02313830330967903,0.13639785701071577,0,0,0,1,4.12,0,1,47.0,111.11779022216797,0,2,0,0,0,5159.json,NotBuggy
7,0.7870790362358093,0.003223116483084514,6,5,11,5,1.81,0,4,72.0,107.8162612915039,0,1,1,0,0,5566.json,NotBuggy
3,0.2498190701007843,0.8841679977009517,0,0,0,1,1.89,0,0,14.0,132.4454345703125,0,0,0,0,0,4003.json,NotBuggy
5,0.10670778155326843,0.6654107181944491,1,1,2,2,2.99,1,3,27.0,119.80731201171875,0,1,0,0,0,3642.json,NotBuggy
7,0.8840819597244263,0.015206886026720082,4,4,8,4,1.81,0,4,64.0,108.76529693603516,0,1,1,0,0,5732.json,NotBuggy
3,0.7655320167541504,0.8065103829712578,0,0,0,1,1.89,0,0,20.0,130.07347106933594,0,2,0,0,0,1879.json,NotBuggy
3,0.2195884883403778,0.6704783487300537,0,0,0,1,1.89,0,1,23.0,129.34671020507812,0,2,0,0,0,2170.json,NotBuggy
3,0.9693504571914673,0.8262268202569492,0,0,0,1,1.89,0,1,19.0,130.70933532714844,0,0,0,0,0,6223.json,NotBuggy
3,0.026192855089902878,0.3291781018158509,0,0,0,1,1.89,0,2,30.0,127.67500305175781,0,2,0,0,0,1018.json,NotBuggy
3,0.7578468918800354,0.9576611595007876,0,0,0,1,1.89,0,0,12.0,133.59722900390625,0,0,0,0,0,6597.json,NotBuggy
3,0.30712100863456726,0.943357196623901,0,0,0,1,1.89,0,0,12.0,133.59722900390625,0,0,0,0,0,3877.json,NotBuggy
3,0.7969531416893005,0.9093686440303173,0,0,0,1,1.89,0,0,15.0,131.9385528564453,0,0,0,0,0,5292.json,NotBuggy
23,0.00513771828263998,4.212964872022256E-5,8,7,15,8,3.77,2,10,137.0,84.41201782226562,0,1,3,0,0,2989.json,NotBuggy
3,0.6637555956840515,0.918011342023558,0,0,0,1,1.89,0,0,14.0,132.61029052734375,0,0,0,0,0,774.json,NotBuggy
3,0.9509103894233704,0.8546146314743206,0,0,0,1,1.89,0,0,18.0,130.85629272460938,0,0,0,0,0,222.json,NotBuggy
3,0.0,2.2531511837630463E-4,1,1,2,2,1.89,0,9,70.0,122.32908630371094,0,2,0,0,0,997.json,NotBuggy
3,0.5881142616271973,0.695564838506873,0,0,0,1,3.77,0,1,19.0,130.57513427734375,0,1,0,0,0,5018.json,NotBuggy
3,0.28312185406684875,0.9471006197393629,0,0,0,1,1.89,0,0,12.0,133.59722900390625,0,0,0,0,0,3246.json,NotBuggy
5,0.5766302347183228,0.6877626460222329,0,0,0,1,1.96,0,2,31.0,119.41529846191406,0,0,1,0,0,5729.json,NotBuggy
3,0.4463455080986023,0.9349947978146601,0,0,0,1,1.89,0,0,12.0,133.59722900390625,0,0,0,0,0,3251.json,NotBuggy
3,0.859735369682312,0.9785861914637684,0,0,0,1,1.89,0,0,12.0,133.59722900390625,0,0,0,0,0,184.json,NotBuggy
3,0.005118012893944979,0.4922307735849459,0,0,0,1,1.89,0,1,28.0,128.1235809326172,0,2,0,0,0,4346.json,NotBuggy
3,0.529470682144165,0.7854448443303031,0,0,0,1,1.89,0,1,21.0,129.93223571777344,0,0,0,0,0,3595.json,NotBuggy
6,0.6554362773895264,0.7677433737076953,1,1,2,2,2.75,1,3,32.0,115.88042449951172,0,0,0,0,0,115.json,NotBuggy
3,0.3691707253456116,0.712136711665944,0,0,0,1,1.89,0,1,20.0,130.07347106933594,0,1,0,0,0,2847.json,NotBuggy
8,0.04343632981181145,0.0020711693477158764,1,1,2,2,2.83,1,8,66.0,106.44610595703125,0,1,1,0,0,3100.json,NotBuggy
3,0.21199169754981995,0.6770279931896903,0,0,0,1,1.89,0,1,23.0,129.34671020507812,0,2,0,0,0,2176.json,NotBuggy
7,0.013345278799533844,0.08575820765882099,1,1,2,2,3.02,1,3,48.0,110.90117645263672,0,0,1,0,0,6736.json,NotBuggy
3,0.9463393688201904,0.9704564398041274,0,0,0,1,1.89,0,0,12.0,133.59722900390625,0,0,0,0,0,2946.json,NotBuggy
3,0.9269015789031982,0.9600655524430767,0,0,0,1,1.89,0,0,12.0,133.59722900390625,0,0,0,0,0,4817.json,NotBuggy
3,0.8700183033943176,0.9607375832477426,0,0,0,1,1.89,0,0,12.0,133.59722900390625,0,0,0,0,0,3104.json,NotBuggy
3,2.0724025671370327E-4,0.0457976882947301,0,0,0,1,1.89,0,4,43.0,125.56587982177734,0,2,0,0,0,1359.json,NotBuggy
3,9.077202412299812E-4,0.25896695102450923,0,0,0,1,1.89,0,3,31.0,127.50450134277344,0,2,0,0,0,3377.json,Buggy
3,0.7709447145462036,0.7846180277041981,0,0,0,1,1.89,0,0,20.0,130.07347106933594,0,2,0,0,0,1851.json,NotBuggy
5,0.8572019934654236,0.91729836239865,0,0,0,1,5.43,0,0,21.0,121.77933502197266,0,0,0,0,0,6954.json,NotBuggy
3,0.36857765913009644,0.8882181366943157,0,0,0,1,1.89,0,0,14.0,132.4454345703125,0,0,0,0,0,3715.json,NotBuggy
3,0.0,1.3424267540745487E-5,1,1,2,2,1.89,0,11,88.0,121.13910675048828,0,2,0,0,0,979.json,NotBuggy
3,0.41724133491516113,0.8192006762449429,0,0,0,1,1.89,0,1,18.0,130.7338104248047,0,0,0,0,0,3664.json,NotBuggy
3,0.7698692083358765,0.7756276336209558,0,0,0,1,1.89,0,0,20.0,130.07347106933594,0,2,0,0,0,1912.json,NotBuggy
3,0.7578322887420654,0.9579598990807421,0,0,0,1,1.89,0,0,12.0,133.59722900390625,0,0,0,0,0,687.json,NotBuggy
3,0.44773393869400024,0.7333677301252822,0,0,0,1,1.89,0,1,19.0,130.34019470214844,0,0,0,0,0,3739.json,NotBuggy
3,0.7881513237953186,0.7761142952968959,0,0,0,1,1.89,0,0,20.0,130.07347106933594,0,2,0,0,0,1875.json,NotBuggy
3,0.8201553821563721,0.9706465654359767,0,0,0,1,1.89,0,1,15.0,132.25152587890625,0,0,0,0,0,5143.json,NotBuggy
3,0.2335854172706604,0.5194644864614756,0,0,0,1,1.89,0,1,23.0,129.14646911621094,0,1,0,0,0,5550.json,NotBuggy
6,0.21027672290802002,0.10969092000343846,3,1,4,2,2.75,0,3,45.0,113.6710433959961,0,2,1,0,0,1582.json,NotBuggy
3,0.8420994877815247,0.961805238337593,0,0,0,1,1.89,0,0,12.0,133.59722900390625,0,0,0,0,0,3004.json,NotBuggy
3,0.8929114937782288,0.9584403253479739,0,0,0,1,1.89,0,0,12.0,133.59722900390625,0,0,0,0,0,702.json,NotBuggy
3,0.792998731136322,0.9010901310530779,0,0,0,1,1.89,0,0,17.0,131.28770446777344,0,1,0,0,0,5278.json,NotBuggy
6,0.9718987345695496,0.10395293259522755,3,3,6,3,1.89,0,3,50.0,112.8931655883789,0,1,1,0,0,5633.json,NotBuggy
3,0.8172693848609924,0.7822165676256985,0,0,0,1,1.89,0,0,20.0,130.07347106933594,0,2,0,0,0,1844.json,NotBuggy
3,0.37580206990242004,0.9536369322205235,0,0,0,1,1.89,0,0,12.0,133.59722900390625,0,0,0,0,0,5754.json,NotBuggy
3,0.7033316493034363,0.9524653989048261,0,0,0,1,1.89,0,0,12.0,133.59722900390625,0,0,0,0,0,3622.json,NotBuggy
8,0.010460630990564823,0.05980875972185693,0,0,0,1,1.73,0,2,57.0,108.21082305908203,0,1,1,0,0,5684.json,NotBuggy
3,0.0013465909287333488,0.45416438586553726,0,0,0,1,1.89,0,1,30.0,127.76480865478516,0,3,0,0,0,92.json,NotBuggy
10,0.014721523970365524,0.0012657815669178665,9,3,12,4,2.8,0,9,81.0,101.70774841308594,0,2,1,0,0,1577.json,NotBuggy
6,0.06773130595684052,0.012692603318837729,0,0,0,1,1.89,0,8,57.0,112.3045883178711,0,3,1,0,0,7003.json,NotBuggy
3,0.01888847164809704,0.5740290831686332,0,0,0,1,1.89,0,2,25.0,128.8092498779297,0,2,0,0,0,1479.json,NotBuggy
3,0.9228911399841309,0.9642894861722606,0,0,0,1,1.89,0,0,12.0,133.59722900390625,0,0,0,0,0,6921.json,NotBuggy
3,0.5835428237915039,0.8488904970966439,0,0,0,1,1.89,0,1,16.0,131.75106811523438,0,0,0,0,0,6022.json,NotBuggy
5,0.36764565110206604,0.8168472644401603,0,0,0,2,2.99,0,2,27.0,120.0075454711914,0,0,1,0,0,2365.json,NotBuggy
3,0.9159477353096008,0.9522325051098808,0,0,0,1,1.89,0,1,16.0,131.91592407226562,0,0,0,0,0,398.json,NotBuggy
5,0.4480484127998352,0.7303562090358833,1,1,2,2,1.83,1,1,28.0,119.61820220947266,0,2,0,0,0,1518.json,NotBuggy
9,0.0023973709903657436,0.06660757150812445,1,1,2,2,2.27,0,4,56.0,105.96532440185547,0,1,0,0,0,3141.json,NotBuggy
3,0.671998918056488,0.9100030805594377,0,0,0,1,1.89,0,1,15.0,132.25152587890625,0,0,0,0,0,6278.json,NotBuggy
6,0.038499750196933746,0.07009075803847291,2,1,3,2,2.75,1,4,44.0,113.67094421386719,0,1,0,0,0,6693.json,NotBuggy
3,0.38395506143569946,0.8457716891627475,0,0,0,1,1.89,0,1,18.0,130.7338104248047,0,0,0,0,0,2374.json,NotBuggy
3,0.5371306538581848,0.7456531954521739,0,0,0,1,1.89,0,1,19.0,130.57513427734375,0,1,0,0,0,5392.json,NotBuggy
7,0.9387664794921875,0.010871300938117511,6,5,11,5,1.81,0,3,68.0,108.16557312011719,0,1,1,0,0,4752.json,NotBuggy
3,0.46994948387145996,0.7432937423484779,0,0,0,1,1.89,0,1,21.0,129.93223571777344,0,0,0,0,0,4455.json,NotBuggy
2,0.5494577288627625,0.8449934385934891,0,0,0,1,0.0,0,0,14.0,139.0139617919922,0,2,0,0,0,1477.json,NotBuggy
3,0.19082090258598328,0.7255545093540232,0,0,0,1,1.89,0,1,22.0,129.69032287597656,0,2,0,0,0,2237.json,NotBuggy
3,0.9269015789031982,0.9605572346047624,0,0,0,1,1.89,0,0,12.0,133.59722900390625,0,0,0,0,0,6596.json,NotBuggy
3,0.0,0.0021099055344661072,1,1,2,2,1.89,0,5,58.0,123.408935546875,0,2,0,0,0,989.json,NotBuggy
4,0.001988072181120515,0.28094222713953615,0,0,0,1,2.0,0,4,36.0,122.15628814697266,0,2,0,0,0,1452.json,NotBuggy
5,0.037622932344675064,0.11113541910850509,0,0,0,1,5.43,0,6,41.0,117.2788314819336,0,0,0,0,0,6673.json,NotBuggy
6,0.0,0.001763253026855493,0,0,0,1,1.89,0,10,70.0,111.54362487792969,0,2,0,0,0,1530.json,NotBuggy
8,0.01507040485739708,0.006416250144288656,2,1,3,3,3.87,2,5,62.0,106.66012573242188,0,2,1,0,0,6671.json,NotBuggy
11,4.6524079516530037E-4,6.464551348692712E-7,1,1,2,2,3.09,1,8,116.0,98.21355438232422,0,0,4,0,0,5992.json,NotBuggy
3,0.31558364629745483,0.93851918044996,0,0,0,1,1.89,0,0,12.0,133.59722900390625,0,0,0,0,0,5067.json,NotBuggy
3,0.7698692083358765,0.7794153762351539,0,0,0,1,1.89,0,0,20.0,130.07347106933594,0,2,0,0,0,1877.json,NotBuggy
3,1.059714995790273E-4,0.2828839427919332,0,0,0,1,1.89,0,1,33.0,127.17938995361328,0,2,0,0,0,3787.json,NotBuggy
3,0.6903481483459473,0.5659247083280663,0,0,0,1,1.89,0,2,21.0,129.81976318359375,0,1,0,0,0,4950.json,NotBuggy
3,0.02460828423500061,0.4133816564816662,0,0,0,1,1.89,0,2,28.0,128.1235809326172,0,2,0,0,0,1361.json,NotBuggy
3,0.4321424663066864,0.9463242806776749,0,0,0,1,1.89,0,0,12.0,133.59722900390625,0,0,0,0,0,4039.json,NotBuggy
6,0.011087572202086449,0.033331736553448704,1,1,2,2,2.75,1,7,50.0,113.00621032714844,0,1,0,0,0,5707.json,NotBuggy
3,0.4044148325920105,0.7532180961752764,0,0,0,1,1.89,0,1,19.0,130.34019470214844,0,0,0,0,0,626.json,NotBuggy
3,0.19176150858402252,0.733154275619316,0,0,0,1,1.89,0,1,22.0,129.69032287597656,0,2,0,0,0,2287.json,NotBuggy
3,0.726895809173584,0.7550548156892458,0,0,0,1,1.89,0,1,21.0,129.7158966064453,0,0,0,0,0,255.json,NotBuggy
3,0.8938114643096924,0.9555537811141144,0,0,0,1,1.89,0,0,12.0,133.59722900390625,0,0,0,0,0,4479.json,NotBuggy
3,0.5790004134178162,0.8622597145016718,0,0,0,1,1.89,0,1,16.0,131.75106811523438,0,0,0,0,0,6065.json,NotBuggy
3,0.940879762172699,0.9715290184627151,0,0,0,1,1.89,0,0,12.0,133.59722900390625,0,0,0,0,0,5363.json,NotBuggy
3,0.9236254692077637,0.8678155601465202,0,0,0,1,2.0,0,2,18.0,131.1385955810547,1,0,0,0,0,4620.json,NotBuggy
3,0.21199169754981995,0.6748971944571852,0,0,0,1,1.89,0,1,23.0,129.34671020507812,0,2,0,0,0,2171.json,NotBuggy
3,0.02119487337768078,0.27721507547480684,0,0,0,1,1.89,0,1,29.0,127.54407501220703,0,4,0,0,0,7000.json,NotBuggy
2,0.5133485794067383,0.8713073258110615,0,0,0,1,0.0,0,0,14.0,139.0139617919922,0,2,0,0,0,1461.json,NotBuggy
3,0.7653594017028809,0.7879001577643087,0,0,0,1,1.89,0,0,20.0,130.07347106933594,0,2,0,0,0,1862.json,NotBuggy
3,0.20306821167469025,0.9075142540595558,0,0,0,1,1.89,0,0,14.0,132.61029052734375,0,0,0,0,0,3880.json,NotBuggy
6,0.8549615740776062,0.7026337016065525,1,1,2,2,2.75,1,1,31.0,115.88265228271484,0,1,0,0,0,3317.json,NotBuggy
3,0.8884474635124207,0.8189900556758436,0,0,0,1,1.89,0,0,17.0,131.28770446777344,0,1,0,0,0,6641.json,NotBuggy
3,0.7293100953102112,0.8759282602366382,0,0,0,1,1.89,0,1,18.0,130.99049377441406,0,1,0,0,0,2332.json,NotBuggy
19,0.0010654767975211143,8.421167013165317E-9,2,2,4,5,3.73,2,8,148.0,87.01713562011719,0,1,3,0,0,6961.json,NotBuggy
3,0.3154667913913727,0.6784300301904451,0,0,0,1,1.89,0,1,20.0,130.07347106933594,0,1,0,0,0,4129.json,NotBuggy
3,0.7195490002632141,0.7423277005709991,0,0,0,1,1.89,0,1,21.0,129.7158966064453,0,1,0,0,0,4537.json,NotBuggy
3,0.31633132696151733,0.9360831313644133,0,0,0,1,1.89,0,0,12.0,133.59722900390625,0,0,0,0,0,4243.json,NotBuggy
3,0.5024158358573914,0.9276041505808527,0,0,0,1,1.89,0,0,14.0,132.61029052734375,0,0,0,0,0,3840.json,NotBuggy
41,0.0,2.20840718940529E-25,5,5,10,9,4.16,2,49,375.0,68.39131927490234,0,4,15,0,0,558.json,NotBuggy
3,0.33012592792510986,0.8987046257302668,0,0,0,1,1.89,0,0,14.0,132.61029052734375,0,0,0,0,0,3178.json,NotBuggy
3,0.19381311535835266,0.711716727604619,0,0,0,1,1.89,0,1,22.0,129.69032287597656,0,2,0,0,0,2271.json,NotBuggy
3,0.6151062846183777,0.8074100018769629,0,0,0,1,3.77,0,0,17.0,131.28770446777344,0,1,0,0,0,3309.json,Buggy
12,0.3414178490638733,0.09619116779978928,1,1,2,3,2.89,1,3,65.0,99.97862243652344,0,1,1,0,0,5119.json,NotBuggy
3,0.16553029417991638,0.6439377304486154,0,0,0,1,1.89,0,0,23.0,129.34671020507812,0,2,0,0,0,6203.json,NotBuggy
3,0.9463393688201904,0.9735349382127279,0,0,0,1,1.89,0,0,12.0,133.59722900390625,0,0,0,0,0,5404.json,NotBuggy
3,0.9269015789031982,0.9605572346047624,0,0,0,1,1.89,0,0,12.0,133.59722900390625,0,0,0,0,0,6857.json,NotBuggy
4,0.46803387999534607,0.8837428974131616,0,0,0,1,2.0,0,0,20.0,125.64796447753906,0,1,0,0,0,67.json,NotBuggy
3,0.0,0.004072954525470452,0,0,0,1,1.89,0,6,58.0,123.93971252441406,0,2,0,0,0,1365.json,NotBuggy
3,0.5336329936981201,0.9528874497407859,0,0,0,1,1.89,0,0,12.0,133.59722900390625,0,0,0,0,0,3992.json,NotBuggy
3,0.021461032330989838,0.4966979950072848,0,0,0,1,1.89,0,1,26.0,128.41912841796875,0,2,0,0,0,2373.json,NotBuggy
3,0.34889113903045654,0.6652994735598213,0,0,0,1,1.89,0,1,22.0,129.47398376464844,0,2,0,0,0,1653.json,NotBuggy
3,0.7423785328865051,0.8928130002254051,0,0,0,1,1.89,0,0,17.0,131.28770446777344,0,1,0,0,0,6494.json,NotBuggy
3,0.3826659619808197,0.9428364530900364,0,0,0,1,1.89,0,0,12.0,133.59722900390625,0,0,0,0,0,3867.json,NotBuggy
51,0.0,7.420632577108347E-17,19,24,43,16,3.85,4,48,330.0,64.44393920898438,0,3,3,0,0,5818.json,NotBuggy
3,2.5218879454769194E-4,0.030925883435163722,0,0,0,1,1.89,0,4,45.0,125.25936889648438,0,2,0,0,0,1021.json,NotBuggy
3,0.3998654782772064,0.6861657640214254,0,0,0,1,1.89,0,1,20.0,130.07347106933594,0,1,0,0,0,4425.json,NotBuggy
3,0.19344797730445862,0.88744098393515,0,0,0,1,1.89,0,0,14.0,132.4454345703125,0,0,0,0,0,4086.json,NotBuggy
3,0.3154696524143219,0.9210454154657691,0,0,0,1,1.89,0,0,15.0,132.25152587890625,0,0,0,0,0,6204.json,NotBuggy
2,0.4857828915119171,0.695427573101451,0,0,0,1,1.89,0,0,20.0,136.7544708251953,0,4,0,0,0,3117.json,NotBuggy
7,0.033412497490644455,0.07334419100259613,1,1,2,2,3.02,1,5,51.0,110.40599822998047,0,2,0,0,0,5645.json,NotBuggy
3,0.6945946216583252,0.8689561124408618,0,0,0,1,1.89,0,0,17.0,131.28770446777344,0,1,0,0,0,5537.json,NotBuggy
6,0.026319555938243866,0.011764936396162285,1,1,2,2,1.37,1,3,54.0,112.44955444335938,0,2,0,0,0,6439.json,NotBuggy
3,0.3421705365180969,0.8086060397122927,0,0,0,1,1.89,0,0,17.0,131.28770446777344,0,1,0,0,0,5637.json,NotBuggy
3,0.18359537422657013,0.718752540924553,0,0,0,1,1.89,0,2,20.0,130.18594360351562,0,0,0,0,0,5501.json,NotBuggy
16,3.9478461258113384E-4,1.197517745088545E-6,18,6,24,7,2.65,0,18,135.0,90.55158996582031,0,2,1,0,0,1548.json,NotBuggy
3,0.18512465059757233,0.6907055382461511,0,0,0,1,1.89,0,1,23.0,129.34671020507812,0,2,0,0,0,2186.json,NotBuggy
3,0.9579161405563354,0.970864449716194,0,0,0,1,1.89,0,0,12.0,133.59722900390625,0,0,0,0,0,3512.json,NotBuggy
3,0.8365623950958252,0.9518742671853534,0,0,0,1,1.89,0,0,12.0,133.59722900390625,0,0,0,0,0,3583.json,NotBuggy
10,0.014961696229875088,0.0014419844660932683,9,3,12,4,2.8,0,9,81.0,101.70774841308594,0,2,1,0,0,1544.json,NotBuggy
9,8.954167715273798E-4,0.023979299157498073,1,1,2,2,2.27,0,4,59.0,105.52252960205078,0,1,0,0,0,3243.json,NotBuggy
3,0.8529127240180969,0.7817287397077709,0,0,0,1,3.77,0,0,19.0,130.57513427734375,0,1,0,0,0,5016.json,Buggy
9,0.5266296863555908,0.9316067309547651,3,2,5,3,2.67,1,2,35.0,108.80207824707031,0,1,0,0,0,5385.json,Buggy
7,0.5222973823547363,0.6989248175899284,0,0,0,2,3.02,1,1,32.0,113.2991714477539,0,0,0,0,0,6889.json,NotBuggy
3,0.354890376329422,0.6474500152859176,0,0,0,1,1.89,0,1,22.0,129.47398376464844,0,2,0,0,0,1710.json,NotBuggy
3,0.354890376329422,0.6430432541400971,0,0,0,1,1.89,0,1,22.0,129.47398376464844,0,2,0,0,0,1665.json,NotBuggy
3,0.005118012893944979,0.4922307735849459,0,0,0,1,1.89,0,1,28.0,128.1235809326172,0,2,0,0,0,4402.json,NotBuggy
7,0.001416061888448894,0.04128064478669493,0,0,0,1,1.81,0,5,55.0,110.36031341552734,0,1,1,0,0,338.json,NotBuggy
27,0.0,1.0500035320057767E-13,3,2,5,5,3.65,3,16,217.0,79.05397033691406,0,5,9,0,0,6650.json,NotBuggy
7,0.9639129042625427,0.057430053385147624,5,4,9,4,1.81,0,3,58.0,109.3342514038086,0,1,1,0,0,6187.json,NotBuggy
3,0.32194820046424866,0.9030982199552648,0,0,0,1,1.89,0,0,14.0,132.4454345703125,0,0,0,0,0,3691.json,NotBuggy
22,0.0040060896426439285,3.6773109528200315E-9,7,6,13,7,3.35,2,17,170.0,83.72203826904297,0,2,4,0,0,1176.json,NotBuggy
3,0.15124920010566711,0.8833142281956969,0,0,0,1,1.89,0,0,14.0,132.4454345703125,0,0,0,0,0,2960.json,NotBuggy
3,0.5229171514511108,0.9214752859326889,0,0,0,1,1.89,0,0,14.0,132.4454345703125,0,0,0,0,0,6138.json,NotBuggy
3,0.9340141415596008,0.9710527919983024,0,0,0,1,1.89,0,0,12.0,133.59722900390625,0,0,0,0,0,5338.json,NotBuggy
3,0.5824978351593018,0.7513976631131113,0,0,0,1,1.89,0,1,21.0,129.93223571777344,0,0,0,0,0,3767.json,NotBuggy
3,0.8100385069847107,0.9594349121896119,0,0,0,1,1.89,0,0,12.0,133.59722900390625,0,0,0,0,0,4409.json,NotBuggy
3,0.9326223731040955,0.963911506773457,0,0,0,1,1.89,0,0,12.0,133.59722900390625,0,0,0,0,0,5341.json,NotBuggy
3,0.0,5.902100402101993E-9,1,1,2,2,1.89,0,15,130.0,118.92948150634766,0,2,0,0,0,963.json,NotBuggy
3,0.9127759337425232,0.9547216265494537,0,0,0,1,1.89,0,0,12.0,133.59722900390625,0,0,0,0,0,4377.json,NotBuggy
3,0.6542012691497803,0.9507525715597052,0,0,0,1,1.89,0,1,15.0,132.25152587890625,0,0,0,0,0,126.json,NotBuggy
6,0.3124980926513672,0.397309644558217,1,1,2,2,2.75,1,1,37.0,115.04146575927734,0,1,0,0,0,2887.json,NotBuggy
3,0.12765808403491974,0.26026764436503885,0,0,0,1,3.77,0,2,28.0,127.94976043701172,0,2,0,0,0,5021.json,Buggy
5,0.41253286600112915,0.6049369058418603,0,0,0,1,1.96,0,2,30.0,119.39962768554688,0,0,1,0,0,3299.json,NotBuggy
3,0.9124277830123901,0.697154249499859,0,0,0,1,1.89,0,0,19.0,130.45266723632812,0,1,0,0,0,5513.json,NotBuggy
3,0.1995874047279358,0.6764952103033504,0,0,0,1,1.89,0,1,23.0,129.34671020507812,0,2,0,0,0,2154.json,NotBuggy
3,0.18298213183879852,0.7257328592807848,0,0,0,1,1.89,0,1,22.0,129.69032287597656,0,2,0,0,0,2292.json,NotBuggy
3,0.37109309434890747,0.7961244185040803,0,0,0,1,1.89,0,2,19.0,130.70933532714844,0,0,0,0,0,6570.json,NotBuggy
6,0.018745187669992447,0.24542583594969736,2,1,3,2,2.75,1,4,42.0,114.30350494384766,0,2,0,0,0,3374.json,NotBuggy
3,0.37580206990242004,0.9536369322205235,0,0,0,1,1.89,0,0,12.0,133.59722900390625,0,0,0,0,0,5756.json,NotBuggy
3,0.9162718653678894,0.9626699246113465,0,0,0,1,1.89,0,0,12.0,133.59722900390625,0,0,0,0,0,4429.json,NotBuggy
3,0.7169037461280823,0.9113351217081215,0,0,0,1,1.89,0,1,16.0,131.60296630859375,0,0,0,0,0,4528.json,NotBuggy
3,0.3586059510707855,0.6450489634675355,0,0,0,1,1.89,0,1,22.0,129.47398376464844,0,2,0,0,0,1678.json,NotBuggy
3,0.07031142711639404,0.9020100571765953,0,0,0,1,1.89,0,0,14.0,132.61029052734375,0,0,0,0,0,3621.json,NotBuggy
8,0.05463326349854469,0.012451017281116738,6,2,8,3,2.83,0,6,63.0,106.91397857666016,0,2,1,0,0,1607.json,NotBuggy
3,0.34613385796546936,0.6648630596322039,0,0,0,1,1.89,0,1,22.0,129.47398376464844,0,2,0,0,0,1663.json,NotBuggy
7,0.8308566808700562,0.014020392934189236,5,4,9,4,1.81,0,4,64.0,108.76529693603516,0,1,1,0,0,5630.json,NotBuggy
12,0.003989439457654953,1.5321884592909326E-4,12,4,16,5,2.75,0,12,99.0,97.42855834960938,0,2,1,0,0,1549.json,NotBuggy
3,0.16284890472888947,0.7593618836805773,0,0,0,1,1.89,0,1,20.0,130.30841064453125,0,1,0,0,0,5638.json,NotBuggy
7,0.3528858721256256,0.34922611525280534,1,1,2,2,2.56,1,3,40.0,111.84925079345703,0,0,1,0,0,3340.json,NotBuggy
7,0.16421101987361908,0.007750678876013581,0,0,0,1,1.66,0,6,69.0,109.12120056152344,0,2,1,0,0,6320.json,NotBuggy
7,0.18050016462802887,0.32384183234434216,1,1,2,3,4.12,2,3,42.0,111.4319076538086,0,2,1,0,0,1510.json,NotBuggy
3,0.6280730366706848,0.8466724389681637,0,0,0,1,1.89,0,1,16.0,131.75106811523438,0,0,0,0,0,668.json,NotBuggy
3,0.0,0.0038160714468749557,0,0,0,1,1.89,0,6,58.0,123.93971252441406,0,2,0,0,0,1372.json,NotBuggy
3,0.6786988377571106,0.953776303284374,0,0,0,1,1.89,0,0,12.0,133.59722900390625,0,0,0,0,0,3732.json,NotBuggy
3,0.9408955574035645,0.965106288670043,0,0,0,1,1.89,0,0,12.0,133.59722900390625,0,0,0,0,0,4545.json,NotBuggy
8,0.09285682439804077,0.02250313007849031,1,1,2,3,2.83,1,5,60.0,107.16769409179688,0,1,1,0,0,6501.json,NotBuggy
7,0.880469799041748,0.01601569361016191,4,4,8,4,1.81,0,4,64.0,108.76529693603516,0,1,1,0,0,5724.json,NotBuggy
3,0.5128595232963562,0.9542025297430551,0,0,0,1,1.89,0,0,12.0,133.59722900390625,0,0,0,0,0,710.json,NotBuggy
3,0.7310441732406616,0.9201718309440386,0,0,0,1,1.89,0,0,15.0,131.9385528564453,0,0,0,0,0,362.json,NotBuggy
5,0.6378735899925232,0.16977264869479491,2,2,4,3,1.96,0,2,43.0,116.90475463867188,0,0,1,0,0,4603.json,NotBuggy
3,0.34413206577301025,0.7447408090605082,0,0,0,1,1.89,0,1,20.0,130.07347106933594,0,1,0,0,0,3521.json,NotBuggy
9,0.07666284590959549,0.05426752135817028,3,1,4,2,2.51,1,5,57.0,105.75633239746094,0,2,1,0,0,43.json,NotBuggy
3,0.7504523992538452,0.9506826016418934,0,0,0,1,1.89,0,0,12.0,133.59722900390625,0,0,0,0,0,369.json,NotBuggy
3,0.5336329936981201,0.9498537748292909,0,0,0,1,1.89,0,0,12.0,133.59722900390625,0,0,0,0,0,740.json,NotBuggy
15,0.005167676135897636,3.859566831859655E-4,2,3,5,4,3.52,1,9,100.0,93.80345153808594,0,2,2,0,0,901.json,NotBuggy
2,0.7206454873085022,0.8583445927800492,0,0,0,1,1.89,0,0,17.0,138.00436401367188,0,3,0,0,0,3131.json,NotBuggy
3,0.010004944168031216,0.13216598384815237,0,0,0,1,1.89,0,5,34.0,126.7169418334961,0,0,0,0,0,4862.json,NotBuggy
38,0.0,1.9628101194866565E-13,7,8,15,9,2.72,2,29,307.0,70.70972442626953,0,2,14,0,0,5574.json,NotBuggy
3,0.8365623950958252,0.9518742671853534,0,0,0,1,1.89,0,0,12.0,133.59722900390625,0,0,0,0,0,3461.json,NotBuggy
3,0.7537469267845154,0.9583244499592954,0,0,0,1,1.89,0,0,12.0,133.59722900390625,0,0,0,0,0,4547.json,NotBuggy
3,0.378140926361084,0.6442145284529968,0,0,0,1,1.89,0,1,22.0,129.47398376464844,0,2,0,0,0,1696.json,NotBuggy
3,0.751551628112793,0.8417457845609845,0,0,0,1,1.89,0,0,18.0,130.7338104248047,0,2,0,0,0,1914.json,NotBuggy
3,0.7832766771316528,0.8295957914611438,0,0,0,1,1.89,0,0,17.0,131.28770446777344,0,1,0,0,0,6883.json,Buggy
3,0.39102914929389954,0.7572575180752402,0,0,0,1,1.89,0,1,21.0,129.93223571777344,0,0,0,0,0,3008.json,NotBuggy
5,0.8419410586357117,0.9095426259296554,0,0,0,1,5.43,0,0,21.0,121.77933502197266,0,0,0,0,0,6044.json,NotBuggy
15,0.3371094763278961,0.10752369048643938,7,5,12,6,1.99,1,7,84.0,94.49009704589844,1,1,1,0,0,6625.json,NotBuggy
3,0.8892171382904053,0.9756468536185903,0,0,0,1,1.89,0,0,12.0,133.59722900390625,0,0,0,0,0,3364.json,NotBuggy
3,0.15581488609313965,0.7544009773225138,0,0,0,1,1.89,0,0,24.0,129.2378692626953,0,2,0,0,0,5373.json,NotBuggy
3,0.9831013679504395,0.6523457274769531,0,0,0,1,1.89,0,0,18.0,130.85629272460938,0,1,0,0,0,5279.json,NotBuggy
3,0.8365623950958252,0.9428257774118282,0,0,0,1,1.89,0,0,12.0,133.59722900390625,0,0,0,0,0,347.json,NotBuggy
3,0.21256059408187866,0.9062901870399644,0,0,0,1,1.89,0,0,14.0,132.61029052734375,0,0,0,0,0,3888.json,NotBuggy
3,0.18356336653232574,0.6746907189522688,0,0,0,1,1.89,0,1,23.0,129.34671020507812,0,2,0,0,0,2180.json,NotBuggy
3,0.3696505129337311,0.6959541986540089,0,0,0,1,1.89,0,1,20.0,130.07347106933594,0,1,0,0,0,3445.json,NotBuggy
10,0.024090314283967018,0.0030034594744404244,2,2,4,3,3.49,1,6,75.0,102.14214324951172,0,2,2,0,0,888.json,NotBuggy
3,0.589032769203186,0.9156493737619679,0,0,0,1,1.89,0,1,17.0,131.28770446777344,0,1,0,0,0,105.json,NotBuggy
9,0.10760669410228729,0.02563461735687446,2,2,4,3,2.67,2,6,64.0,105.10393524169922,0,0,1,0,0,4560.json,NotBuggy
3,0.630801260471344,0.934924699696738,0,0,0,1,1.89,0,0,12.0,133.59722900390625,0,0,0,0,0,6134.json,NotBuggy
6,0.698235273361206,0.8540831252910122,1,1,2,2,2.75,1,1,27.0,116.9500732421875,0,1,0,0,0,413.json,NotBuggy
3,0.4274996519088745,0.6299490240174543,0,0,0,1,1.89,0,1,22.0,129.47398376464844,0,2,0,0,0,1685.json,NotBuggy
3,0.671998918056488,0.9100030805594377,0,0,0,1,1.89,0,1,15.0,132.25152587890625,0,0,0,0,0,6082.json,NotBuggy
3,0.7398427128791809,0.8853560114487361,0,0,0,1,1.89,0,1,15.0,132.086669921875,0,0,0,0,0,6788.json,NotBuggy
3,0.19381311535835266,0.7290061763016737,0,0,0,1,1.89,0,1,22.0,129.69032287597656,0,2,0,0,0,2255.json,NotBuggy
3,0.9433680772781372,0.9685095500742903,0,0,0,1,1.89,0,0,15.0,131.9385528564453,0,0,0,0,0,85.json,NotBuggy
3,0.47389790415763855,0.78636388256239,0,0,0,1,1.89,0,0,19.0,130.34019470214844,0,2,0,0,0,987.json,NotBuggy
3,0.4021623432636261,0.8007344177192606,0,0,0,1,1.89,0,1,18.0,130.7338104248047,0,0,0,0,0,2740.json,NotBuggy
6,0.2284238487482071,0.10941357905882726,3,1,4,2,2.75,0,3,45.0,113.6710433959961,0,2,1,0,0,1583.json,NotBuggy
5,0.001832757145166397,0.09286768700578821,0,0,0,1,5.43,0,6,44.0,117.03448486328125,0,3,0,0,0,4914.json,NotBuggy
3,0.7682719230651855,0.9525474640454104,0,0,0,1,1.89,0,0,12.0,133.59722900390625,0,0,0,0,0,755.json,NotBuggy
15,4.767435311805457E-4,1.4862137119255064E-5,4,3,7,5,3.09,2,16,111.0,92.8322982788086,0,1,2,0,0,4908.json,NotBuggy
3,0.12132187187671661,0.9218369038783535,0,0,0,1,1.89,0,0,14.0,132.61029052734375,0,0,0,0,0,3038.json,NotBuggy
7,0.1211770698428154,0.661677529923456,1,1,2,2,3.02,1,5,36.0,112.77070617675781,0,1,0,0,0,6391.json,NotBuggy
4,0.002058037556707859,0.26424947092695145,0,0,0,1,2.0,0,4,36.0,122.15628814697266,0,2,0,0,0,1516.json,NotBuggy
2,0.5073065757751465,0.8681428881688984,0,0,0,1,0.0,0,0,14.0,139.0139617919922,0,2,0,0,0,1480.json,NotBuggy
3,0.2583025097846985,0.883050337327753,0,0,0,1,1.89,0,0,15.0,132.25152587890625,0,0,0,0,0,6160.json,NotBuggy
3,0.005118012893944979,0.4922307735849459,0,0,0,1,1.89,0,1,28.0,128.1235809326172,0,2,0,0,0,3499.json,NotBuggy
6,0.6016342639923096,0.3431109349896932,1,1,2,2,2.56,1,2,37.0,114.8182601928711,1,1,0,0,0,5798.json,NotBuggy
3,0.038123734295368195,0.3945755780757851,0,0,0,1,1.89,0,2,27.0,128.4090576171875,0,0,0,0,0,6609.json,NotBuggy
3,0.6203155517578125,0.8215887493332295,0,0,0,1,1.89,0,0,19.0,130.57513427734375,0,0,0,0,0,804.json,NotBuggy
3,0.23256288468837738,0.9048946942111507,0,0,0,1,1.89,0,0,14.0,132.4454345703125,0,1,0,0,0,5615.json,NotBuggy
20,3.5403433139435947E-4,2.596365175416789E-7,1,2,3,5,4.94,3,6,132.0,86.73597717285156,0,5,3,0,0,6346.json,NotBuggy
3,0.1927056610584259,0.7343234726525629,0,0,0,1,1.89,0,1,22.0,129.69032287597656,0,2,0,0,0,2241.json,NotBuggy
3,0.6754066944122314,0.944709439139769,0,0,0,1,1.89,0,0,12.0,133.59722900390625,0,0,0,0,0,3993.json,NotBuggy
3,0.020603453740477562,0.45929629900530244,0,0,0,1,1.89,0,4,26.0,128.60531616210938,0,0,0,0,0,564.json,NotBuggy
10,0.056009892374277115,0.2206072677948932,2,2,4,3,2.75,2,6,58.0,103.97534942626953,0,0,0,0,0,2727.json,NotBuggy
20,0.0,8.013554403587641E-9,24,8,32,9,2.56,0,24,171.0,85.1606674194336,0,2,1,0,0,1547.json,NotBuggy
9,0.38390010595321655,0.6528980856992064,2,2,4,3,2.67,1,3,43.0,107.83551025390625,0,0,0,0,0,4577.json,NotBuggy
3,0.7310261130332947,0.92960642628136,0,0,0,1,1.89,0,1,15.0,132.25152587890625,0,0,0,0,0,809.json,NotBuggy
5,0.15905943512916565,0.6666855679383606,1,1,2,2,2.99,0,1,31.0,119.08892822265625,0,2,0,0,0,708.json,NotBuggy
8,0.07473251968622208,0.012830725257545014,6,2,8,3,2.83,0,6,63.0,106.91397857666016,0,2,1,0,0,1597.json,NotBuggy
5,0.03426360711455345,0.1540599140335023,1,1,2,2,2.99,1,4,40.0,117.43657684326172,0,2,0,0,0,3407.json,NotBuggy
5,0.17138278484344482,0.8138594805420121,0,0,0,1,1.96,0,1,24.0,120.96249389648438,0,1,0,0,0,5068.json,NotBuggy
4,0.15154464542865753,0.861090979027505,0,0,0,1,2.0,0,0,20.0,125.64796447753906,0,1,0,0,0,5257.json,NotBuggy
3,0.7653594017028809,0.7745881518756297,0,0,0,1,1.89,0,0,20.0,130.07347106933594,0,2,0,0,0,1896.json,NotBuggy
3,0.7677077054977417,0.7915369045209122,0,0,0,1,1.89,0,0,20.0,130.07347106933594,0,2,0,0,0,1900.json,NotBuggy
2,0.9813528060913086,0.9132505277013188,0,0,0,1,0.0,0,0,14.0,139.0139617919922,0,2,0,0,0,376.json,NotBuggy
8,0.06158978492021561,0.013206832642159242,6,2,8,3,2.83,0,6,63.0,106.91397857666016,0,2,1,0,0,1543.json,NotBuggy
4,0.5726380944252014,0.8663058320663349,0,0,0,1,2.0,0,0,20.0,125.64796447753906,0,1,0,0,0,5265.json,NotBuggy
5,0.7661678791046143,0.8560094365330505,1,1,2,2,2.99,0,1,26.0,120.20379638671875,0,1,0,0,0,4214.json,NotBuggy
14,0.05078971013426781,0.09398054862420263,2,4,6,5,3.71,2,9,77.0,96.40178680419922,0,2,0,0,0,5655.json,NotBuggy
11,0.08049871772527695,0.09005337720797546,1,2,3,3,3.56,2,5,61.0,101.76632690429688,0,1,1,0,0,3363.json,NotBuggy
3,0.7587946057319641,0.8865786831210597,0,0,0,1,1.89,0,0,17.0,131.03103637695312,0,2,0,0,0,1257.json,NotBuggy
13,0.2135361135005951,0.004623858252421623,9,3,12,4,2.46,1,9,89.0,96.9676742553711,0,2,1,0,0,2089.json,NotBuggy
3,0.7525936961174011,0.8731280279629497,0,0,0,1,1.89,0,0,17.0,131.03103637695312,0,2,0,0,0,1283.json,NotBuggy
3,0.671998918056488,0.9100030805594377,0,0,0,1,1.89,0,1,15.0,132.25152587890625,0,0,0,0,0,6026.json,NotBuggy
10,0.07439693808555603,0.029974844263428863,1,2,3,3,3.6,2,6,63.0,103.19248962402344,0,2,1,0,0,358.json,NotBuggy
3,0.009776315651834011,0.9291906434928646,0,0,0,1,1.89,0,0,12.0,133.59722900390625,0,0,0,0,0,3893.json,NotBuggy
3,0.2482748180627823,0.6510607012350917,0,0,0,1,1.89,0,1,23.0,129.34671020507812,0,2,0,0,0,2197.json,NotBuggy
3,0.5205185413360596,0.8917951262892294,0,0,0,1,1.89,0,0,15.0,131.9385528564453,0,0,0,0,0,4583.json,NotBuggy
3,0.20701248943805695,0.6833788452971823,0,0,0,1,1.89,0,1,23.0,129.34671020507812,0,2,0,0,0,2168.json,NotBuggy
2,0.7206454873085022,0.8583445927800492,0,0,0,1,1.89,0,0,17.0,138.00436401367188,0,3,0,0,0,3123.json,NotBuggy
3,0.8035964369773865,0.7708295502589563,0,0,0,1,1.89,0,0,20.0,130.07347106933594,0,2,0,0,0,1839.json,NotBuggy
10,6.020429427735507E-4,0.0020241143249315526,2,1,3,2,4.08,1,6,74.0,102.31411743164062,0,3,1,0,0,4789.json,NotBuggy
6,0.7821729183197021,0.8392974845584154,1,1,2,2,2.75,1,1,32.0,115.97023010253906,0,1,0,0,0,36.json,NotBuggy
3,0.937526524066925,0.9754235679662452,0,0,0,1,1.89,0,0,11.0,134.26058959960938,0,0,0,0,0,138.json,NotBuggy
4,0.35162293910980225,0.07759944331165844,0,0,0,1,2.0,0,4,39.0,121.15380859375,0,1,1,0,0,6499.json,NotBuggy
8,0.08134403824806213,0.015608848047953448,6,2,8,3,2.83,0,6,63.0,106.9710464477539,0,2,1,0,0,1613.json,NotBuggy
3,0.188950315117836,0.7387758469436995,0,0,0,1,1.89,0,1,22.0,129.69032287597656,0,2,0,0,0,2261.json,NotBuggy
3,0.7300599217414856,0.9427476823553607,0,0,0,1,1.89,0,0,13.0,132.9956512451172,0,0,0,0,0,2901.json,NotBuggy
13,0.15364573895931244,0.004204001225770321,9,3,12,4,2.46,1,9,89.0,96.91558074951172,0,2,1,0,0,2049.json,NotBuggy
6,0.716597855091095,0.7994648500629091,1,1,2,2,2.75,1,0,26.0,117.14632415771484,0,0,0,0,0,5569.json,NotBuggy
3,0.6154264807701111,0.9494092183227741,0,0,0,1,1.89,0,0,12.0,133.59722900390625,0,0,0,0,0,3618.json,NotBuggy
8,0.3555399775505066,0.08931063480958994,1,1,2,2,2.4,1,2,50.0,108.34576416015625,0,1,2,0,0,6396.json,NotBuggy
3,0.19935795664787292,0.6958779728043615,0,0,0,1,1.89,0,1,23.0,129.34671020507812,0,2,0,0,0,2162.json,NotBuggy
15,0.0022718426771461964,3.646895266615508E-5,3,4,7,5,3.52,1,12,113.0,92.93791961669922,0,2,2,0,0,913.json,NotBuggy
3,0.4096806049346924,0.8135098651576358,0,0,0,1,1.89,0,1,18.0,130.7338104248047,0,0,0,0,0,3971.json,NotBuggy
12,0.0012886134209111333,6.422577299058569E-4,1,1,2,2,1.97,1,14,91.0,98.55670928955078,0,2,0,0,0,524.json,NotBuggy
3,0.19795648753643036,0.697815930453255,0,0,0,1,1.89,0,1,22.0,129.69032287597656,0,2,0,0,0,2293.json,NotBuggy
3,0.3762340247631073,0.7387813404802281,0,0,0,1,1.89,0,1,19.0,130.34019470214844,0,0,0,0,0,4245.json,NotBuggy
12,1.2985136709176004E-4,2.2698532405169511E-4,4,3,7,4,3.4,2,12,92.0,97.85195922851562,0,2,0,0,0,5750.json,NotBuggy
15,0.0021282858215272427,3.888109928422606E-5,3,4,7,5,3.52,1,12,113.0,92.93791961669922,0,2,2,0,0,902.json,NotBuggy
8,0.01898714154958725,0.09094323220405989,1,1,2,2,2.4,1,2,49.0,108.29435729980469,0,2,1,0,0,2345.json,NotBuggy
8,0.05699481815099716,0.01609713518945334,6,2,8,3,2.83,0,6,63.0,106.9710464477539,0,2,1,0,0,1598.json,NotBuggy
3,0.42369624972343445,0.8224444460611625,0,0,0,1,1.89,0,1,18.0,130.7338104248047,0,0,0,0,0,792.json,NotBuggy
3,0.4507136046886444,0.9113086285580306,0,0,0,1,1.89,0,0,14.0,132.4454345703125,0,0,0,0,0,4322.json,NotBuggy
3,0.4169309735298157,0.7889574033992066,0,0,0,1,1.89,0,0,18.0,130.85629272460938,0,0,0,0,0,6435.json,NotBuggy
3,0.9031774401664734,0.9301795961741546,0,0,0,1,1.89,0,1,14.0,132.61029052734375,0,0,0,0,0,4328.json,NotBuggy
19,9.538332815282047E-4,3.6714351533081585E-8,3,3,6,7,10.32,4,7,152.0,86.67899322509766,0,0,5,0,0,6191.json,NotBuggy
15,0.0,6.837908572162253E-8,0,0,0,1,1.36,0,12,154.0,92.29238891601562,0,1,1,0,0,7034.json,NotBuggy
3,0.0067391167394816875,0.5043417881464215,0,0,0,1,1.89,0,2,27.0,128.4090576171875,0,1,0,0,0,4597.json,NotBuggy
3,0.3701304495334625,0.7005749572725251,0,0,0,1,1.89,0,1,20.0,130.07347106933594,0,1,0,0,0,624.json,NotBuggy
10,0.010000303387641907,0.01694872854728983,6,3,9,4,5.08,3,8,65.0,102.70223236083984,0,2,1,0,0,5642.json,NotBuggy
4,0.544622004032135,0.7393688200339251,0,0,0,1,2.0,0,1,24.0,124.4649429321289,0,1,0,0,0,4062.json,NotBuggy
3,0.029134318232536316,0.3117998369296537,0,0,0,1,1.89,0,2,29.0,127.94110107421875,0,1,0,0,0,6232.json,NotBuggy
8,4.820890608243644E-4,8.094353476310199E-5,0,0,0,1,1.73,0,7,84.0,105.38506317138672,0,5,5,0,0,263.json,NotBuggy
3,0.4547838866710663,0.7581107588515759,0,0,0,1,1.89,0,1,19.0,130.34019470214844,0,0,0,0,0,725.json,NotBuggy
3,0.7738728523254395,0.9467080345416929,0,0,0,1,1.89,0,0,12.0,133.59722900390625,0,0,0,0,0,4260.json,NotBuggy
5,0.15905943512916565,0.6666855679383606,1,1,2,2,2.99,0,1,31.0,119.08892822265625,0,2,0,0,0,697.json,NotBuggy
3,0.6715607643127441,0.6406441368143521,0,0,0,1,1.89,0,0,21.0,129.7158966064453,0,2,0,0,0,5704.json,NotBuggy
7,0.9319049119949341,0.02199567225953737,2,4,6,5,1.81,0,1,63.0,108.56271362304688,0,1,1,0,0,5987.json,NotBuggy
3,0.0,1.1257427320440442E-8,3,3,6,4,1.89,0,19,129.0,118.64237976074219,0,2,0,0,0,1003.json,NotBuggy
3,0.005544569343328476,0.4860492397688915,0,0,0,1,1.89,0,0,30.0,127.76480865478516,0,2,0,0,0,5105.json,NotBuggy
6,0.4863966703414917,0.8826910664277712,1,1,2,2,2.75,1,0,24.0,117.77888488769531,0,0,0,0,0,4779.json,NotBuggy
3,0.5646008849143982,0.9313889335078064,0,0,0,1,1.89,0,0,12.0,133.59722900390625,0,0,0,0,0,4608.json,NotBuggy
3,0.0,1.0,0,0,0,1,0.49,0,0,15.0,132.25152587890625,1,0,0,0,0,5577.json,NotBuggy
3,0.7955019474029541,0.8729020699465083,0,0,0,1,1.89,0,0,17.0,131.28770446777344,0,1,0,0,0,6201.json,NotBuggy
3,0.0,0.003596472120941859,0,0,0,1,1.89,0,6,57.0,123.90080261230469,0,2,0,0,0,1023.json,NotBuggy
10,0.14523105323314667,0.03294263824316382,1,1,2,3,3.53,2,6,64.0,103.01285552978516,0,2,3,0,0,6477.json,NotBuggy
3,0.7792338132858276,0.7771399275765484,0,0,0,1,1.89,0,0,20.0,130.07347106933594,0,2,0,0,0,1834.json,NotBuggy
3,0.7873057723045349,0.7757280101949797,0,0,0,1,1.89,0,0,20.0,130.07347106933594,0,2,0,0,0,1869.json,NotBuggy
3,1.059714995790273E-4,0.2828839427919332,0,0,0,1,1.89,0,1,33.0,127.17938995361328,0,2,0,0,0,3535.json,NotBuggy
3,0.2879610061645508,0.6347503929695637,0,0,0,1,1.89,0,0,26.0,128.8216552734375,0,0,0,0,0,20.json,NotBuggy
3,0.9256318211555481,0.9899259504314489,0,0,0,1,1.89,0,0,11.0,134.26058959960938,0,0,0,0,0,408.json,NotBuggy
3,0.5945666432380676,0.7685540019007094,0,0,0,1,1.89,0,1,21.0,129.93223571777344,0,0,0,0,0,3429.json,NotBuggy
3,0.033814627677202225,0.6999630443501448,0,0,0,1,1.89,0,2,21.0,130.05470275878906,0,0,0,0,0,640.json,NotBuggy
8,0.07575003802776337,0.013222535212099155,6,2,8,3,2.83,0,6,63.0,106.91397857666016,0,2,1,0,0,1593.json,NotBuggy
5,0.5153948664665222,0.7108252392189457,1,1,2,2,2.99,1,3,27.0,119.80731201171875,0,1,0,0,0,3939.json,NotBuggy
3,0.025065286085009575,0.6563291164066847,0,0,0,1,1.89,0,2,21.0,129.93223571777344,0,0,0,0,0,2965.json,NotBuggy
6,0.9685251712799072,0.17742400550913462,3,3,6,3,1.89,0,3,50.0,112.8931655883789,0,1,1,0,0,125.json,NotBuggy
5,0.15905943512916565,0.6666855679383606,1,1,2,2,2.99,0,1,31.0,119.08892822265625,0,2,0,0,0,3838.json,NotBuggy
3,0.28001266717910767,0.8907432912928221,0,0,0,1,1.89,0,0,14.0,132.4454345703125,0,0,0,0,0,3990.json,NotBuggy
3,1.6988669813144952E-4,0.04537545075195858,0,0,0,1,1.89,0,4,43.0,125.56587982177734,0,2,0,0,0,1368.json,NotBuggy
3,0.37205275893211365,0.7185598673971604,0,0,0,1,1.89,0,1,20.0,130.07347106933594,0,1,0,0,0,3592.json,NotBuggy
3,0.7311244606971741,0.9485437949641358,0,0,0,1,1.89,0,1,14.0,132.79563903808594,0,0,0,0,0,5230.json,NotBuggy
3,0.0,1.5412048329470816E-6,2,2,4,3,1.89,0,14,101.0,120.19263458251953,0,2,0,0,0,964.json,NotBuggy
3,0.7319387197494507,0.9292962074224738,0,0,0,1,1.89,0,0,14.0,132.61029052734375,0,0,0,0,0,3850.json,NotBuggy
3,0.8157541751861572,0.7484198238019807,0,0,0,1,1.89,0,0,20.0,130.07347106933594,0,2,0,0,0,1886.json,NotBuggy
3,0.37081801891326904,0.7744734971140472,0,0,0,1,1.89,0,1,21.0,129.93223571777344,0,0,0,0,0,2970.json,NotBuggy
3,0.9050100445747375,0.9542854317508846,0,0,0,1,1.89,0,0,13.0,132.9956512451172,0,0,0,0,0,2719.json,NotBuggy
3,0.8884246349334717,0.9620762318094263,0,0,0,1,1.89,0,0,12.0,133.59722900390625,0,0,0,0,0,3789.json,NotBuggy
3,0.19344797730445862,0.8720195254795349,0,0,0,1,1.89,0,0,14.0,132.4454345703125,0,0,0,0,0,4025.json,NotBuggy
3,0.08398115634918213,0.9441497694814135,0,0,0,1,1.89,0,0,12.0,133.59722900390625,0,0,0,0,0,3012.json,NotBuggy
5,0.13417033851146698,0.41254265802985823,0,0,0,1,0.98,0,1,32.0,118.98002624511719,0,0,1,0,0,6939.json,NotBuggy
3,0.7341629266738892,0.9407425388124814,0,0,0,1,1.89,0,0,12.0,133.59722900390625,0,0,0,0,0,344.json,NotBuggy
11,0.013563256710767746,1.558616632708059E-4,0,0,0,1,3.45,0,16,99.0,99.37174224853516,0,0,3,0,0,6742.json,NotBuggy
3,0.937480628490448,0.9658560254134926,0,0,0,1,1.89,0,0,12.0,133.59722900390625,0,0,0,0,0,4552.json,NotBuggy
3,0.8729144930839539,0.9509218796641423,0,0,0,1,1.89,0,0,12.0,133.59722900390625,0,0,0,0,0,3630.json,NotBuggy
3,0.0,2.1793307469270855E-4,0,0,0,1,1.89,0,8,75.0,122.4737319946289,0,2,0,0,0,973.json,NotBuggy
8,0.004481788258999586,0.018566068819025044,0,0,0,1,1.73,0,4,66.0,107.5227279663086,0,0,1,0,0,192.json,NotBuggy
3,0.21805158257484436,0.7743040989531104,0,0,0,1,1.89,0,0,17.0,131.28770446777344,0,1,0,0,0,5794.json,NotBuggy
3,0.593930721282959,0.9380005884350783,0,0,0,1,1.89,0,0,12.0,133.59722900390625,0,0,0,0,0,4793.json,NotBuggy
10,0.016229698434472084,0.0016877650868997267,9,3,12,4,2.8,0,9,81.0,101.76222229003906,0,2,1,0,0,1575.json,NotBuggy
3,0.4256013035774231,0.7362133915368659,0,0,0,1,1.89,0,1,19.0,130.34019470214844,0,0,0,0,0,744.json,NotBuggy
3,0.907168447971344,0.9699647915393775,0,0,0,1,1.89,0,0,12.0,133.59722900390625,0,0,0,0,0,3809.json,NotBuggy
3,0.22559551894664764,0.9351589081186178,0,0,0,1,1.89,0,0,12.0,133.59722900390625,0,0,0,0,0,4619.json,NotBuggy
3,0.20880256593227386,0.6834988175707105,0,0,0,1,1.89,0,1,23.0,129.34671020507812,0,2,0,0,0,2178.json,NotBuggy
3,0.4076825976371765,0.952836297288647,0,0,0,1,1.89,0,0,12.0,133.59722900390625,0,0,0,0,0,4806.json,NotBuggy
3,0.8716419339179993,0.9654514620986203,0,0,0,1,1.89,0,0,12.0,133.59722900390625,0,0,0,0,0,5755.json,NotBuggy
3,0.07806217670440674,0.6733279920440938,0,0,0,1,1.89,0,1,22.0,129.69032287597656,0,2,0,0,0,3391.json,NotBuggy
3,0.2165539711713791,0.8971528764542525,0,0,0,1,1.89,0,0,14.0,132.4454345703125,0,0,0,0,0,3079.json,NotBuggy
3,0.005341689568012953,0.37165694842489827,0,0,0,1,1.89,0,1,30.0,127.67500305175781,0,2,0,0,0,4330.json,NotBuggy
6,0.01908366195857525,0.23148942290416633,2,1,3,2,2.75,1,4,42.0,114.30350494384766,0,2,0,0,0,3375.json,NotBuggy
7,0.7528141736984253,0.190405091134469,3,1,4,2,2.56,1,3,47.0,110.94767761230469,0,2,1,0,0,2081.json,NotBuggy
3,0.7820252180099487,0.8592103071311623,0,0,0,1,1.89,0,1,18.0,130.99049377441406,0,1,0,0,0,2366.json,NotBuggy
3,1.059714995790273E-4,0.2828839427919332,0,0,0,1,1.89,0,1,33.0,127.17938995361328,0,2,0,0,0,3721.json,NotBuggy
5,0.5230131149291992,0.6555701504642525,0,0,0,1,1.96,0,2,31.0,119.41529846191406,0,0,1,0,0,5432.json,NotBuggy
3,0.8892171382904053,0.9756468536185903,0,0,0,1,1.89,0,0,12.0,133.59722900390625,0,0,0,0,0,3357.json,NotBuggy
3,0.04324134811758995,0.6786527115327174,0,0,0,1,1.89,0,2,21.0,129.93223571777344,0,0,0,0,0,698.json,NotBuggy
3,0.8882124423980713,0.9545784056054647,0,0,0,1,1.89,0,0,12.0,133.59722900390625,0,0,0,0,0,5509.json,NotBuggy
3,0.39055725932121277,0.7777571554339151,0,0,0,1,1.89,0,1,18.0,130.7338104248047,0,0,0,0,0,5616.json,NotBuggy
3,0.3831503093242645,0.6542762894877753,0,0,0,1,1.89,0,1,22.0,129.47398376464844,0,2,0,0,0,1698.json,NotBuggy
3,0.352407842874527,0.831249746270923,0,0,0,1,1.89,0,1,18.0,130.7338104248047,0,0,0,0,0,5594.json,NotBuggy
3,0.4179493486881256,0.7675526556018369,0,0,0,1,1.89,0,1,18.0,130.7338104248047,0,0,0,0,0,6139.json,NotBuggy
3,0.7182751893997192,0.8886239353368546,0,0,0,1,1.89,0,0,15.0,131.9385528564453,0,0,0,0,0,3223.json,NotBuggy
6,0.6554362773895264,0.7677433737076953,1,1,2,2,2.75,1,3,32.0,115.88042449951172,0,0,0,0,0,113.json,NotBuggy
4,0.6720778346061707,0.8135096040713651,0,0,0,1,2.0,0,2,21.0,125.27178192138672,0,1,0,0,0,2399.json,NotBuggy
25,0.0,3.429820768786708E-8,4,7,11,8,3.41,1,21,176.0,81.58483123779297,0,2,2,0,0,929.json,NotBuggy
3,0.3826659619808197,0.9446579297660271,0,0,0,1,1.89,0,0,12.0,133.59722900390625,0,0,0,0,0,3612.json,NotBuggy
5,0.01005512848496437,0.08811462467321864,0,0,0,1,5.43,0,6,42.0,117.0964584350586,0,0,0,0,0,6679.json,NotBuggy
30,0.0,3.0319670146887646E-8,3,7,10,8,3.36,1,21,188.0,78.2486343383789,0,2,2,0,0,849.json,NotBuggy
3,0.8010284304618835,0.7730273018594509,0,0,0,1,1.89,0,0,20.0,130.07347106933594,0,2,0,0,0,1870.json,NotBuggy
6,0.0034440692979842424,0.008870157029160351,0,0,0,1,5.5,0,10,57.0,112.39840698242188,0,1,0,0,0,5744.json,NotBuggy
3,0.6348971128463745,0.5592119430881006,0,0,0,1,3.77,0,1,21.0,129.81976318359375,0,1,0,0,0,5022.json,Buggy
5,0.5766302347183228,0.6666442839126762,0,0,0,1,1.96,0,2,31.0,119.41529846191406,0,0,1,0,0,5737.json,NotBuggy
3,0.8010284304618835,0.7545099226079804,0,0,0,1,1.89,0,0,20.0,130.07347106933594,0,2,0,0,0,1878.json,NotBuggy
3,0.9463393688201904,0.9704564398041274,0,0,0,1,1.89,0,0,12.0,133.59722900390625,0,0,0,0,0,3221.json,NotBuggy
5,0.5231679081916809,0.7224780385196403,0,0,0,1,1.96,0,2,31.0,119.41529846191406,0,0,1,0,0,2882.json,NotBuggy
3,0.21991966664791107,0.8803234936043512,0,0,0,1,1.89,0,1,17.0,131.43582153320312,0,1,0,0,0,93.json,NotBuggy
9,0.0024152020923793316,0.06678728517391169,1,1,2,2,2.27,0,4,56.0,105.96532440185547,0,1,0,0,0,3241.json,NotBuggy
3,0.34287360310554504,0.739767488221136,0,0,0,1,1.89,0,1,19.0,130.34019470214844,0,0,0,0,0,4069.json,NotBuggy
3,0.35773247480392456,0.9177492386597028,0,0,0,1,0.94,0,0,12.0,133.59722900390625,0,0,0,0,0,6245.json,NotBuggy
5,0.2517542243003845,0.7419904548176839,1,1,2,2,2.99,1,3,27.0,119.80731201171875,0,1,0,0,0,3043.json,NotBuggy
7,0.5229750871658325,0.08129071462957803,0,0,0,2,3.17,1,6,55.0,109.7188720703125,0,0,0,0,0,6869.json,NotBuggy
6,0.7524362802505493,0.8773526597546212,1,1,2,2,2.75,1,1,27.0,116.9500732421875,0,0,0,0,0,4316.json,NotBuggy
5,0.47462520003318787,0.711678651510712,1,1,2,2,2.99,1,3,27.0,119.80731201171875,0,1,0,0,0,3912.json,NotBuggy
3,0.4652351438999176,0.6176754779533087,0,0,0,1,1.89,0,1,22.0,129.47398376464844,0,2,0,0,0,1669.json,NotBuggy
5,0.4176914393901825,0.7467836833638659,1,1,2,2,2.99,1,3,27.0,119.80731201171875,0,1,0,0,0,3649.json,NotBuggy
3,1.059714995790273E-4,0.2828839427919332,0,0,0,1,1.89,0,1,33.0,127.17938995361328,0,2,0,0,0,3422.json,NotBuggy
3,0.0,1.4083598940340091E-6,1,1,2,2,1.89,0,11,100.0,120.38055419921875,0,2,0,0,0,1005.json,NotBuggy
3,0.6715607643127441,0.6406441368143521,0,0,0,1,1.89,0,0,21.0,129.7158966064453,0,2,0,0,0,5709.json,NotBuggy
11,0.21723710000514984,0.11444644691889144,4,3,7,4,3.95,2,4,63.0,101.52503204345703,0,1,1,0,0,3728.json,NotBuggy
7,0.8788588643074036,0.001746413945063792,5,6,11,6,1.81,0,4,80.0,107.03838348388672,0,1,1,0,0,4602.json,NotBuggy
3,0.35799816250801086,0.8749806119925804,0,0,0,1,1.89,0,0,17.0,131.03103637695312,0,0,0,0,0,5271.json,NotBuggy
3,0.0,2.027709790359997E-5,2,2,4,3,1.89,0,12,86.0,121.07854461669922,0,2,0,0,0,1027.json,NotBuggy
3,0.7594935894012451,0.7830638089439866,0,0,0,1,1.89,0,0,20.0,130.07347106933594,0,2,0,0,0,1855.json,NotBuggy
3,0.3421705365180969,0.8086060397122927,0,0,0,1,1.89,0,0,17.0,131.28770446777344,0,1,0,0,0,5612.json,NotBuggy
5,0.7661678791046143,0.8560094365330505,1,1,2,2,2.99,0,1,26.0,120.20379638671875,0,1,0,0,0,4162.json,NotBuggy
3,0.5192573666572571,0.9553513733993312,0,0,0,1,1.89,0,0,12.0,133.59722900390625,0,0,0,0,0,6004.json,NotBuggy
7,0.9619698524475098,0.06150444832326779,5,4,9,4,1.81,0,3,58.0,109.3342514038086,0,1,1,0,0,6088.json,NotBuggy
18,0.0036061867140233517,3.249795424430694E-5,6,5,11,4,4.89,3,7,113.0,89.84736633300781,0,2,3,0,0,191.json,NotBuggy
3,0.3617204427719116,0.8267169528847189,0,0,0,1,1.89,0,1,18.0,130.7338104248047,0,0,0,0,0,3667.json,NotBuggy
9,0.1467013657093048,0.0945097151220607,2,1,3,3,3.66,2,3,52.0,105.89716339111328,0,1,1,0,0,4814.json,NotBuggy
6,0.21748663485050201,0.11981967782273999,3,1,4,2,2.75,0,3,45.0,113.6710433959961,0,2,1,0,0,1587.json,NotBuggy
3,0.6255166530609131,0.9485784741002395,0,0,0,1,1.89,0,0,12.0,133.59722900390625,0,0,0,0,0,53.json,NotBuggy
3,0.12618444859981537,0.9420533288054039,0,0,0,1,1.89,0,0,12.0,133.59722900390625,0,0,0,0,0,3259.json,NotBuggy
3,0.7578322887420654,0.9558995130595308,0,0,0,1,1.89,0,0,12.0,133.59722900390625,0,0,0,0,0,4397.json,NotBuggy
4,0.00498148612678051,0.06685179710950137,0,0,0,1,2.0,0,5,41.0,121.22734832763672,0,3,0,0,0,5056.json,NotBuggy
3,0.3740399181842804,0.8006081313502833,0,0,0,1,1.89,0,1,18.0,130.7338104248047,0,0,0,0,0,3061.json,NotBuggy
3,0.7796722054481506,0.7985883080126532,0,0,0,1,1.89,0,0,17.0,131.28770446777344,0,1,0,0,0,6791.json,NotBuggy
3,0.7082813382148743,0.9099793754197222,0,0,0,1,1.89,0,0,17.0,131.28770446777344,0,1,0,0,0,5345.json,NotBuggy
3,2.7327879797667265E-4,0.028697354590021568,0,0,0,1,1.89,0,4,45.0,125.25936889648438,0,2,0,0,0,947.json,NotBuggy
3,0.5112176537513733,0.9137000398267563,0,0,0,1,1.89,0,0,15.0,131.9385528564453,0,0,0,0,0,5682.json,NotBuggy
3,0.049129124730825424,0.25555958770497655,0,0,0,1,0.94,0,1,29.0,127.68843078613281,0,2,0,0,0,6433.json,NotBuggy
23,2.343396918149665E-4,1.6433414448104283E-4,5,6,11,7,3.25,1,13,120.0,85.07929992675781,0,1,1,0,0,6587.json,NotBuggy
3,0.9466171860694885,0.9601403280662176,0,0,0,1,1.89,0,0,12.0,133.59722900390625,0,0,0,0,0,6879.json,NotBuggy
3,0.3710911273956299,0.7051603540335286,0,0,0,1,1.89,0,1,20.0,130.07347106933594,0,1,0,0,0,3819.json,NotBuggy
3,0.8496992588043213,0.8121888553606169,0,0,0,1,1.89,0,0,18.0,130.99049377441406,0,1,0,0,0,390.json,NotBuggy
3,0.9587743878364563,0.9573748657462254,0,0,0,1,1.89,0,0,13.0,132.9956512451172,0,0,0,0,0,4072.json,NotBuggy
3,0.14100494980812073,0.8988194595172594,0,0,0,1,1.89,0,0,14.0,132.61029052734375,0,0,0,0,0,3876.json,NotBuggy
3,1.059714995790273E-4,0.2828839427919332,0,0,0,1,1.89,0,1,33.0,127.17938995361328,0,2,0,0,0,4009.json,NotBuggy
3,0.2973041236400604,0.8954908395329026,0,0,0,1,1.89,0,0,14.0,132.4454345703125,0,0,0,0,0,4077.json,NotBuggy
5,0.5766302347183228,0.6877626460222329,0,0,0,1,1.96,0,2,31.0,119.41529846191406,0,0,1,0,0,5605.json,NotBuggy
3,0.7687901854515076,0.783231015817751,0,0,0,1,1.89,0,0,20.0,130.07347106933594,0,2,0,0,0,1908.json,NotBuggy
3,0.36350783705711365,0.663395582786254,0,0,0,1,1.89,0,1,22.0,129.47398376464844,0,2,0,0,0,1729.json,NotBuggy
3,0.34287360310554504,0.7169131931647804,0,0,0,1,1.89,0,1,19.0,130.34019470214844,0,0,0,0,0,3212.json,NotBuggy
5,0.19246913492679596,0.6756452388922122,1,1,2,2,2.99,1,3,27.0,119.80731201171875,0,1,0,0,0,3046.json,NotBuggy
3,0.8017119765281677,0.9718088576211976,0,0,0,1,1.89,0,0,11.0,134.26058959960938,0,0,0,0,0,3413.json,NotBuggy
3,0.5703293681144714,0.7398752896322911,0,0,0,1,1.89,0,1,21.0,129.93223571777344,0,0,0,0,0,4097.json,NotBuggy
3,0.25955140590667725,0.9282783607929417,0,0,0,1,1.89,0,0,12.0,133.59722900390625,0,0,0,0,0,3269.json,NotBuggy
3,0.6131972074508667,0.8753144463882061,0,0,0,1,1.89,0,1,15.0,132.086669921875,0,0,0,0,0,6283.json,NotBuggy
3,2.0786444656550884E-4,0.04726904948119942,0,0,0,1,1.89,0,4,43.0,125.56587982177734,0,2,0,0,0,1393.json,NotBuggy
3,0.20911824703216553,0.9015606100931263,0,0,0,1,1.89,0,0,14.0,132.4454345703125,0,0,0,0,0,4195.json,NotBuggy
3,0.0,0.0024071307841149513,1,1,2,2,1.89,0,7,58.0,123.408935546875,0,2,0,0,0,949.json,NotBuggy
10,0.016804315149784088,0.0025917376528651215,1,1,2,4,5.08,3,5,73.0,101.92487335205078,0,1,2,0,0,5447.json,NotBuggy
4,0.3800216019153595,0.7248542450141936,0,0,0,1,2.0,0,1,25.0,124.05243682861328,0,1,0,0,0,593.json,NotBuggy
3,0.2288329005241394,0.8722743745662241,0,0,0,1,1.89,0,0,14.0,132.4454345703125,0,0,0,0,0,4436.json,NotBuggy
27,0.0,1.4700415762775295E-11,6,5,11,7,5.59,4,21,227.0,78.5103988647461,0,2,9,0,0,5581.json,NotBuggy
3,0.33012592792510986,0.9129221939296438,0,0,0,1,1.89,0,0,14.0,132.61029052734375,0,0,0,0,0,3896.json,NotBuggy
3,0.4560009837150574,0.7429825581263019,0,0,0,1,1.89,0,1,21.0,129.93223571777344,0,0,0,0,0,619.json,NotBuggy
3,0.2241792529821396,0.8830120347355014,0,0,0,1,1.89,0,0,14.0,132.4454345703125,0,0,0,0,0,4277.json,NotBuggy
8,3.935658896807581E-4,0.030202802972249216,1,1,2,2,2.4,0,4,56.0,107.75645446777344,0,1,0,0,0,2876.json,NotBuggy
3,0.7525845766067505,0.8879509754554715,0,0,0,1,1.89,0,0,15.0,132.25152587890625,0,0,0,0,0,5430.json,NotBuggy
3,1.1062722478527576E-4,0.2001914615583875,0,0,0,1,1.89,0,1,35.0,126.78941345214844,0,2,0,0,0,4329.json,NotBuggy
6,0.6235146522521973,0.3249781803824667,1,1,2,2,1.28,1,2,36.0,115.03083801269531,1,1,0,0,0,5859.json,NotBuggy
40,0.001128801959566772,2.4814274179234117E-11,8,6,14,7,5.88,4,16,220.0,72.15528869628906,0,1,4,0,0,6705.json,Buggy
5,0.7661678791046143,0.8560094365330505,1,1,2,2,2.99,0,1,26.0,120.20379638671875,0,1,0,0,0,601.json,NotBuggy
3,0.4256013035774231,0.7476049360558155,0,0,0,1,1.89,0,1,19.0,130.34019470214844,0,0,0,0,0,3995.json,NotBuggy
15,0.005616156384348869,3.4340394363659534E-4,2,3,5,4,3.52,1,9,100.0,93.80345153808594,0,2,2,0,0,894.json,NotBuggy
5,0.7661678791046143,0.8560094365330505,1,1,2,2,2.99,0,1,26.0,120.20379638671875,0,1,0,0,0,3552.json,NotBuggy
7,0.5229750871658325,0.08129071462957803,0,0,0,2,3.17,1,6,55.0,109.7188720703125,0,0,0,0,0,6805.json,NotBuggy
3,0.3691382110118866,0.9438744829319821,0,0,0,1,1.89,0,0,12.0,133.59722900390625,0,0,0,0,0,3165.json,NotBuggy
3,0.36467868089675903,0.6568254638509045,0,0,0,1,1.89,0,1,22.0,129.47398376464844,0,2,0,0,0,1668.json,NotBuggy
3,3.14861536026001E-4,0.031399585671704144,0,0,0,1,1.89,0,4,45.0,125.25936889648438,0,2,0,0,0,1004.json,NotBuggy
3,0.40522080659866333,0.7221044205274371,0,0,0,1,1.89,0,1,21.0,129.93223571777344,0,0,0,0,0,4499.json,NotBuggy
3,0.44052594900131226,0.7548558073618808,0,0,0,1,1.89,0,1,19.0,130.34019470214844,0,0,0,0,0,4426.json,NotBuggy
3,0.79537034034729,0.9076281759465128,0,0,0,1,1.89,0,1,15.0,132.086669921875,0,0,0,0,0,6647.json,NotBuggy
3,0.0,0.0023694034231451257,1,1,2,2,1.89,0,7,58.0,123.408935546875,0,2,0,0,0,1012.json,NotBuggy
6,0.07584834098815918,0.004120598748272609,0,0,0,2,2.75,1,4,61.0,111.55448150634766,0,2,3,0,0,5445.json,NotBuggy
3,0.7673765420913696,0.8870726916288083,0,0,0,1,1.89,0,0,17.0,131.03103637695312,0,2,0,0,0,2128.json,NotBuggy
3,0.6637555956840515,0.9180113420235583,0,0,0,1,1.89,0,0,14.0,132.61029052734375,0,0,0,0,0,3864.json,NotBuggy
3,0.22849605977535248,0.6725805284433315,0,0,0,1,1.89,0,1,23.0,129.34671020507812,0,2,0,0,0,2166.json,NotBuggy
3,0.8601391315460205,0.9373226691496938,0,0,0,1,1.89,0,1,13.0,133.18099975585938,0,0,0,0,0,5994.json,NotBuggy
6,0.19869406521320343,0.12095819225733292,3,1,4,2,2.75,0,3,45.0,113.6710433959961,0,2,1,0,0,1612.json,NotBuggy
3,0.0,0.00549102193354935,0,0,0,1,1.89,0,8,51.0,124.20576477050781,0,3,0,0,0,5506.json,NotBuggy
3,0.18802028894424438,0.7438793101131208,0,0,0,1,1.89,0,1,22.0,129.69032287597656,0,2,0,0,0,2262.json,NotBuggy
3,0.4979635775089264,0.4135625322618166,0,0,0,1,1.89,0,3,25.0,128.8092498779297,0,1,0,0,0,5494.json,NotBuggy
3,0.7474852204322815,0.8717305084593232,0,0,0,1,1.89,0,0,17.0,131.03103637695312,0,2,0,0,0,1260.json,NotBuggy
3,0.4401409327983856,0.7509734442964203,0,0,0,1,1.89,0,1,19.0,130.34019470214844,0,0,0,0,0,4491.json,NotBuggy
3,0.7033316493034363,0.9487818580819385,0,0,0,1,1.89,0,0,12.0,133.59722900390625,0,0,0,0,0,3847.json,NotBuggy
5,0.3878943920135498,0.6815351337962096,1,1,2,2,2.99,1,3,27.0,119.80731201171875,0,1,0,0,0,3920.json,NotBuggy
3,0.35729965567588806,0.669277732413433,0,0,0,1,1.89,0,1,20.0,130.30841064453125,0,1,0,0,0,547.json,NotBuggy
3,0.7353169322013855,0.5666861201595546,0,0,0,1,1.89,0,1,23.0,129.14646911621094,0,1,0,0,0,4782.json,NotBuggy
4,0.03094935603439808,0.5936961343638549,0,0,0,1,2.0,0,2,28.0,123.66336059570312,0,2,0,0,0,3402.json,NotBuggy
3,0.06876762211322784,0.9376040912221346,0,0,0,1,1.89,0,0,12.0,133.59722900390625,0,0,0,0,0,757.json,NotBuggy
11,4.903070512227714E-4,3.3459165950901275E-4,5,2,7,4,4.91,3,4,86.0,99.48902130126953,0,2,3,0,0,5790.json,NotBuggy
12,0.0029163097497075796,6.046371400437217E-4,2,1,3,3,3.82,2,5,87.0,98.24932098388672,0,2,3,0,0,5785.json,NotBuggy
3,2.5591396843083203E-4,0.043516654861371046,0,0,0,1,1.89,0,4,43.0,125.56587982177734,0,2,0,0,0,1383.json,NotBuggy
3,0.22289595007896423,0.6867243042499278,0,0,0,1,1.89,0,1,23.0,129.34671020507812,0,2,0,0,0,2213.json,NotBuggy
3,0.36821219325065613,0.6667403888677108,0,0,0,1,1.89,0,1,20.0,130.07347106933594,0,1,0,0,0,4244.json,NotBuggy
3,0.0,0.002566718662005682,1,1,2,2,1.89,0,7,58.0,123.408935546875,0,2,0,0,0,952.json,NotBuggy
10,0.017919717356562614,0.0014056022442963478,9,3,12,4,2.8,0,9,81.0,101.70774841308594,0,2,1,0,0,1594.json,NotBuggy
3,0.19747784733772278,0.6968128807491006,0,0,0,1,1.89,0,1,23.0,129.34671020507812,0,2,0,0,0,2151.json,NotBuggy
3,0.9147749543190002,0.7765558847870352,0,0,0,1,1.89,0,1,19.0,130.57513427734375,0,1,0,0,0,6100.json,NotBuggy
3,0.6054602861404419,0.9132596552323822,0,0,0,1,1.89,0,2,16.0,131.91592407226562,0,0,0,0,0,6723.json,NotBuggy
3,0.28507691621780396,0.33586407525569334,0,0,0,1,1.89,0,0,26.0,128.3351287841797,0,2,0,0,0,6274.json,NotBuggy
3,0.42207154631614685,0.8966791476965481,0,0,0,1,1.89,0,0,15.0,131.9385528564453,0,0,0,0,0,5006.json,NotBuggy
3,0.9486526846885681,0.9169917985479081,0,0,0,1,1.89,0,0,20.0,130.07347106933594,0,2,0,0,0,5647.json,NotBuggy
11,0.022442668676376343,0.00528911081016925,3,3,6,4,2.75,3,3,76.0,100.44295501708984,1,2,0,0,0,6533.json,NotBuggy
3,0.12831121683120728,0.5699065164685689,0,0,0,1,1.89,0,1,21.0,129.81976318359375,0,1,0,0,0,6764.json,NotBuggy
3,0.37205275893211365,0.7190320128416032,0,0,0,1,1.89,0,1,20.0,130.07347106933594,0,1,0,0,0,689.json,NotBuggy
29,0.009673587046563625,5.060013280575563E-6,9,9,18,10,3.7,2,11,158.0,79.2418441772461,0,1,3,0,0,2821.json,NotBuggy
8,0.7129043340682983,0.009739379740943958,7,5,12,5,1.73,0,4,72.0,105.7596206665039,0,1,1,0,0,4883.json,NotBuggy
4,0.660129725933075,0.9382246518293054,0,0,0,1,1.73,0,2,16.0,127.25547790527344,0,0,0,0,0,2698.json,NotBuggy
5,0.7661678791046143,0.8560094365330505,1,1,2,2,2.99,0,1,26.0,120.20379638671875,0,1,0,0,0,693.json,NotBuggy
3,0.25955140590667725,0.9289363313717013,0,0,0,1,1.89,0,0,12.0,133.59722900390625,0,0,0,0,0,4028.json,NotBuggy
24,0.0,4.740520242293111E-10,3,4,7,7,4.57,3,22,184.0,81.93087768554688,0,1,5,0,0,6116.json,Buggy
2,0.5096334218978882,0.8739308705468664,0,0,0,1,0.0,0,0,14.0,139.0139617919922,0,2,0,0,0,1464.json,NotBuggy
5,0.9440767168998718,0.95477408801056,0,0,0,1,5.43,0,0,21.0,121.77933502197266,0,0,0,0,0,5763.json,NotBuggy
3,0.3198453187942505,0.9065397997025135,0,0,0,1,1.89,0,0,14.0,132.61029052734375,0,0,0,0,0,3852.json,NotBuggy
3,0.859735369682312,0.9785861914637684,0,0,0,1,1.89,0,0,12.0,133.59722900390625,0,0,0,0,0,314.json,NotBuggy
3,0.4693710207939148,0.7861394077486347,0,0,0,1,1.89,0,0,19.0,130.34019470214844,0,2,0,0,0,955.json,NotBuggy
3,0.2633500397205353,0.8891230517956665,0,0,0,1,1.89,0,0,14.0,132.4454345703125,0,0,0,0,0,2748.json,NotBuggy
15,5.674956482835114E-4,4.596792690160732E-7,3,2,5,5,3.54,2,8,123.0,91.957275390625,0,3,4,0,0,3401.json,NotBuggy
8,0.1445261687040329,0.1779120924437141,1,1,2,2,2.83,1,3,46.0,108.72486877441406,0,2,1,0,0,6379.json,NotBuggy
5,0.46580997109413147,0.599499498133449,0,0,0,1,1.96,0,2,31.0,119.41529846191406,0,0,1,0,0,5559.json,NotBuggy
30,0.0,2.908445972819972E-9,4,8,12,9,3.36,1,24,201.0,77.67094421386719,0,2,2,0,0,919.json,NotBuggy
3,0.9057099223136902,0.9549657274890513,0,0,0,1,1.89,0,0,12.0,133.59722900390625,0,0,0,0,0,3606.json,NotBuggy
7,0.8875096440315247,0.01785325369620445,5,4,9,4,1.81,0,4,64.0,108.76529693603516,0,1,1,0,0,5617.json,NotBuggy
3,0.9326223731040955,0.9627542128495842,0,0,0,1,1.89,0,0,12.0,133.59722900390625,0,0,0,0,0,4164.json,NotBuggy
9,0.11695700883865356,1.718179427260907E-6,0,0,0,2,2.95,1,7,99.0,101.92621612548828,0,1,2,0,0,3116.json,NotBuggy
3,0.7578468918800354,0.9576611595007876,0,0,0,1,1.89,0,0,12.0,133.59722900390625,0,0,0,0,0,6922.json,NotBuggy
3,0.21558205783367157,0.45553207859788364,0,0,0,1,1.89,0,3,26.0,128.60531616210938,0,1,0,0,0,4788.json,NotBuggy
5,0.3391225039958954,0.6546001501041494,1,1,2,2,2.99,1,3,27.0,119.80731201171875,0,1,0,0,0,3169.json,NotBuggy
3,0.849617063999176,0.9547216265494537,0,0,0,1,1.89,0,0,12.0,133.59722900390625,0,0,0,0,0,5204.json,NotBuggy
3,0.5526325702667236,0.8474847896660784,0,0,0,1,1.89,0,2,17.0,131.28770446777344,0,0,0,0,0,5623.json,NotBuggy
3,0.371975302696228,0.6491153130493615,0,0,0,1,1.89,0,1,22.0,129.47398376464844,0,2,0,0,0,1681.json,NotBuggy
3,0.8882124423980713,0.9618181107724112,0,0,0,1,1.89,0,0,12.0,133.59722900390625,0,0,0,0,0,3334.json,NotBuggy
3,0.30294233560562134,0.7240437494626875,0,0,0,1,1.89,0,1,21.0,129.93223571777344,0,2,0,0,0,173.json,NotBuggy
3,0.3450623154640198,0.7233504007936044,0,0,0,1,1.89,0,1,20.0,130.07347106933594,0,1,0,0,0,3785.json,NotBuggy
10,0.01176722813397646,2.296664976490548E-4,3,2,5,3,3.6,2,3,85.0,101.2127914428711,0,1,3,0,0,302.json,NotBuggy
3,0.10387148708105087,0.8698909492342053,0,0,0,1,1.89,0,0,15.0,132.25152587890625,0,0,0,0,0,6683.json,NotBuggy
5,0.401671826839447,0.6975454614502405,1,1,2,2,2.99,1,3,27.0,119.80731201171875,0,1,0,0,0,3053.json,NotBuggy
3,0.021016161888837814,0.5522818358372312,0,0,0,1,1.89,0,2,25.0,128.8092498779297,0,2,0,0,0,1455.json,NotBuggy
7,0.7130506038665771,0.21232461457697663,3,1,4,2,2.56,1,3,47.0,110.94767761230469,0,2,1,0,0,2099.json,NotBuggy
3,0.7262526154518127,0.8847509539386812,0,0,0,1,1.89,0,1,15.0,132.086669921875,0,0,0,0,0,6293.json,NotBuggy
6,0.4099366068840027,0.4909045896498707,0,0,0,1,5.5,0,2,36.0,115.4979476928711,0,2,0,0,0,7019.json,NotBuggy
3,0.24812951683998108,0.8793209478135362,0,0,0,1,1.89,0,1,18.0,130.99049377441406,0,1,0,0,0,87.json,NotBuggy
17,0.03861481323838234,0.002627353321820432,6,5,11,6,3.87,2,7,100.0,91.50373077392578,0,1,2,0,0,2841.json,NotBuggy
3,0.22289595007896423,0.6930856528990434,0,0,0,1,1.89,0,1,23.0,129.34671020507812,0,2,0,0,0,2220.json,NotBuggy
3,0.9118064045906067,0.9778392231572819,0,0,0,1,1.89,0,0,12.0,133.59722900390625,0,0,0,0,0,6206.json,NotBuggy
15,0.005659772548824549,3.5596398947882455E-4,2,3,5,4,3.52,1,9,100.0,93.80345153808594,0,2,2,0,0,896.json,NotBuggy
3,0.20129819214344025,0.9136558122253814,0,0,0,1,1.89,0,2,15.0,132.43687438964844,0,0,0,0,0,7.json,NotBuggy
3,0.9031455516815186,0.9602306334238241,0,0,0,1,1.89,0,0,12.0,133.59722900390625,0,0,0,0,0,5287.json,NotBuggy
3,0.7756292223930359,0.8983164549270225,0,0,0,1,1.89,0,2,16.0,131.91592407226562,0,0,0,0,0,6720.json,NotBuggy
8,0.05597490817308426,0.34175016997922086,1,1,2,2,2.83,1,5,43.0,109.44644927978516,0,0,1,0,0,6081.json,NotBuggy
13,0.0637342780828476,0.031776431781618784,2,3,5,4,3.69,2,6,70.0,98.11442565917969,0,1,1,0,0,5663.json,NotBuggy
3,0.33658117055892944,0.7432497428084336,0,0,0,1,1.89,0,1,19.0,130.34019470214844,0,0,0,0,0,4282.json,NotBuggy
2,0.5035898685455322,0.862985419581362,0,0,0,1,0.0,0,0,14.0,139.0139617919922,0,2,0,0,0,1486.json,NotBuggy
3,0.4237048625946045,0.7622799297177504,0,0,0,1,1.89,0,0,18.0,130.85629272460938,0,0,0,0,0,6075.json,NotBuggy
3,0.342739075422287,0.7132719347801894,0,0,0,1,1.89,0,1,20.0,130.07347106933594,0,1,0,0,0,4460.json,NotBuggy
3,0.9463393688201904,0.9735349382127279,0,0,0,1,1.89,0,0,12.0,133.59722900390625,0,0,0,0,0,2940.json,NotBuggy
3,0.9275553226470947,0.9607224157962435,0,0,0,1,1.89,0,0,13.0,132.9956512451172,0,0,0,0,0,646.json,NotBuggy
4,0.616168737411499,0.9272712767747451,0,0,0,1,3.46,0,0,12.0,128.936767578125,0,0,0,0,0,6167.json,NotBuggy
5,0.3969619870185852,0.7128111192426488,1,1,2,2,2.99,1,3,27.0,119.80731201171875,0,1,0,0,0,780.json,NotBuggy
6,0.06813175231218338,0.01266630760920698,0,0,0,1,1.89,0,8,57.0,112.3045883178711,0,3,1,0,0,6998.json,NotBuggy
3,0.3341465890407562,0.7777969143726042,0,0,0,1,1.89,0,1,18.0,130.7338104248047,0,0,0,0,0,3968.json,NotBuggy
19,0.014586090110242367,0.0013346791000857507,6,5,11,6,3.28,2,6,102.0,89.3273696899414,0,2,1,0,0,2949.json,NotBuggy
6,0.787108838558197,0.8008409300453393,0,0,0,1,5.5,0,1,29.0,116.80848693847656,0,0,0,0,0,6784.json,NotBuggy
3,0.7629791498184204,0.9180866396433195,0,0,0,1,1.89,0,1,18.0,130.99049377441406,0,1,0,0,0,2334.json,NotBuggy
20,3.2842656946741045E-4,3.94835819683987E-6,3,5,8,6,3.46,1,15,138.0,86.9655990600586,0,2,2,0,0,914.json,NotBuggy
5,0.46580997109413147,0.599499498133449,0,0,0,1,1.96,0,2,31.0,119.41529846191406,0,0,1,0,0,5752.json,NotBuggy
6,0.02646748535335064,0.09594355492465616,0,0,0,1,1.89,0,4,46.0,113.91609191894531,0,0,1,0,0,5607.json,NotBuggy
3,0.6058749556541443,0.8038893866849491,0,0,0,1,1.89,0,0,19.0,130.34019470214844,0,2,0,0,0,1585.json,NotBuggy
3,0.28168484568595886,0.8218870754353922,0,0,0,1,1.89,0,1,17.0,131.28770446777344,0,0,0,0,0,4800.json,NotBuggy
3,0.4195725619792938,0.7097098291826784,0,0,0,1,1.89,0,1,21.0,129.93223571777344,0,0,0,0,0,3207.json,NotBuggy
6,0.03693706914782524,0.06957628560413401,2,1,3,2,2.75,1,4,44.0,113.67094421386719,0,1,0,0,0,6573.json,NotBuggy
3,0.7673048973083496,0.8829084830239133,0,0,0,1,1.89,0,0,15.0,131.9385528564453,0,0,0,0,0,3266.json,NotBuggy
5,0.004038525745272636,0.03358871843143904,0,0,0,1,4.38,0,5,48.0,116.402099609375,0,2,0,0,0,6733.json,NotBuggy
3,1.1062722478527576E-4,0.2001914615583875,0,0,0,1,1.89,0,1,35.0,126.78941345214844,0,2,0,0,0,3736.json,NotBuggy
14,1.6783182218205184E-4,5.248174612019738E-7,2,2,4,3,4.71,1,10,122.0,93.68944549560547,0,0,3,0,0,6510.json,NotBuggy
3,0.834412157535553,0.9384462605850644,0,0,0,1,1.89,0,0,14.0,132.61029052734375,0,0,0,0,0,3900.json,NotBuggy
8,0.1593327820301056,0.0017869123713291626,0,0,0,2,2.83,1,4,69.0,106.29283142089844,0,1,1,0,0,3110.json,NotBuggy
3,0.46259039640426636,0.7965612715318529,0,0,0,1,1.89,0,0,19.0,130.34019470214844,0,2,0,0,0,971.json,NotBuggy
3,0.5967007279396057,0.9339907222359496,0,0,0,1,1.89,0,0,14.0,132.61029052734375,0,0,0,0,0,3605.json,NotBuggy
3,0.5479726791381836,0.9462753434468322,0,0,0,1,1.89,0,0,12.0,133.59722900390625,0,0,0,0,0,2733.json,NotBuggy
3,0.46994948387145996,0.76407856786773,0,0,0,1,1.89,0,1,21.0,129.93223571777344,0,0,0,0,0,2444.json,NotBuggy
3,0.05436151847243309,0.8893336066631202,0,0,0,1,1.89,0,0,14.0,132.4454345703125,0,0,0,0,0,3497.json,NotBuggy
3,0.8880205154418945,0.8635006631804077,0,0,0,1,1.89,0,0,17.0,131.1535186767578,0,1,0,0,0,5712.json,NotBuggy
33,0.0,0.0014404783123128152,7,11,18,10,2.72,2,10,167.0,76.61681365966797,0,1,2,0,0,5659.json,NotBuggy
19,0.0,6.84634008495493E-8,7,5,12,6,7.16,5,7,150.0,87.00780487060547,0,1,7,0,0,5767.json,NotBuggy
3,0.028214432299137115,0.6681315936239861,0,0,0,1,1.89,0,2,21.0,129.93223571777344,0,0,0,0,0,4054.json,NotBuggy
3,0.7925102114677429,0.7487896584337191,0,0,0,1,1.89,0,0,20.0,130.07347106933594,0,2,0,0,0,1907.json,NotBuggy
3,0.22849605977535248,0.6487869984959067,0,0,0,1,1.89,0,1,23.0,129.34671020507812,0,2,0,0,0,2177.json,NotBuggy
3,0.5095325708389282,0.6254362514600064,0,0,0,1,1.89,0,1,22.0,129.69032287597656,0,1,0,0,0,5990.json,NotBuggy
3,0.5901814699172974,0.894417935706043,0,0,0,1,1.89,0,0,15.0,131.9385528564453,0,0,0,0,0,3142.json,NotBuggy
3,0.627572238445282,0.9389346823214435,0,0,0,1,1.89,0,0,12.0,133.59722900390625,0,0,0,0,0,3322.json,NotBuggy
6,0.9870863556861877,0.15688800631791147,3,3,6,3,1.89,0,3,50.0,112.8931655883789,0,1,1,0,0,5422.json,NotBuggy
24,5.707044620066881E-4,1.8853728393757745E-11,6,8,14,6,4.43,3,14,206.0,81.30644989013672,0,3,3,0,0,5123.json,NotBuggy
3,0.34180089831352234,0.6520742967100773,0,0,0,1,1.89,0,1,22.0,129.47398376464844,0,2,0,0,0,1714.json,NotBuggy
3,0.5052481293678284,0.8984595038624729,0,0,0,1,1.89,0,2,16.0,131.91592407226562,0,0,0,0,0,6726.json,NotBuggy
5,0.001163725508376956,0.008615589096678986,0,0,0,1,1.96,0,4,55.0,115.69420623779297,0,4,2,0,0,273.json,NotBuggy
10,0.02203783579170704,0.0030744279184622527,2,2,4,3,3.49,1,6,75.0,102.14214324951172,0,2,2,0,0,937.json,NotBuggy
3,0.8700183033943176,0.9578132538738254,0,0,0,1,1.89,0,0,12.0,133.59722900390625,0,0,0,0,0,6528.json,NotBuggy
3,0.35348859429359436,0.6851599941596216,0,0,0,1,1.89,0,1,20.0,130.07347106933594,0,1,0,0,0,4353.json,NotBuggy
7,0.7944819927215576,0.014262024137167505,5,4,9,4,1.81,0,4,64.0,108.76529693603516,0,1,1,0,0,5558.json,NotBuggy
7,0.06929796189069748,0.07013514525240168,0,0,0,2,2.56,1,2,49.0,110.61402893066406,0,0,2,0,0,6603.json,NotBuggy
5,0.7661678791046143,0.8560094365330505,1,1,2,2,2.99,0,1,26.0,120.20379638671875,0,1,0,0,0,4226.json,NotBuggy
3,0.27830174565315247,0.7901342045847668,0,0,0,1,1.89,0,1,18.0,130.7338104248047,0,0,0,0,0,3059.json,NotBuggy
3,1.059714995790273E-4,0.2828839427919332,0,0,0,1,1.89,0,1,33.0,127.17938995361328,0,2,0,0,0,655.json,NotBuggy
8,0.42967864871025085,0.8075447921303757,0,0,0,1,3.97,1,1,33.0,111.20594787597656,0,1,0,0,0,83.json,NotBuggy
3,0.3791716694831848,0.9430810090550845,0,0,0,1,1.89,0,0,12.0,133.59722900390625,0,0,0,0,0,3082.json,NotBuggy
3,0.35526135563850403,0.8932673419803249,0,0,0,1,1.89,0,0,14.0,132.4454345703125,0,0,0,0,0,3801.json,NotBuggy
3,0.28632640838623047,0.8906806561610031,0,0,0,1,1.89,0,0,14.0,132.4454345703125,0,0,0,0,0,4201.json,NotBuggy
3,0.3406641185283661,0.6706957664206783,0,0,0,1,1.89,0,1,22.0,129.47398376464844,0,2,0,0,0,1684.json,NotBuggy
3,0.4595363140106201,0.681231494326024,0,0,0,1,1.89,0,1,21.0,129.7158966064453,0,1,0,0,0,4812.json,NotBuggy
3,0.7504523992538452,0.9506826016418934,0,0,0,1,1.89,0,0,12.0,133.59722900390625,0,0,0,0,0,176.json,NotBuggy
9,0.10529132932424545,1.904300163469136E-4,9,6,15,6,1.66,0,9,96.0,102.0190200805664,0,1,1,0,0,4801.json,NotBuggy
3,0.8514294028282166,0.9467898620946317,0,0,0,1,1.89,0,0,12.0,133.59722900390625,0,0,0,0,0,6933.json,NotBuggy
3,0.3341465890407562,0.7627752625109282,0,0,0,1,1.89,0,1,18.0,130.7338104248047,0,0,0,0,0,3175.json,NotBuggy
3,0.5095325708389282,0.6254362514600064,0,0,0,1,1.89,0,1,22.0,129.69032287597656,0,1,0,0,0,6656.json,NotBuggy
3,0.2720508873462677,0.8832653837043511,0,0,0,1,1.89,0,0,14.0,132.4454345703125,0,0,0,0,0,4456.json,NotBuggy
3,0.7713698744773865,0.8747576785693816,0,0,0,1,1.89,0,0,16.0,131.46876525878906,0,0,0,0,0,253.json,NotBuggy
3,0.3825153410434723,0.8141193039014467,0,0,0,1,1.89,0,1,19.0,130.57513427734375,0,1,0,0,0,5389.json,NotBuggy
3,0.30712100863456726,0.9479566769468962,0,0,0,1,1.89,0,0,12.0,133.59722900390625,0,0,0,0,0,3033.json,NotBuggy
3,0.43426015973091125,0.7683961073177805,0,0,0,1,1.89,0,1,19.0,130.34019470214844,0,0,0,0,0,2348.json,NotBuggy
3,0.79537034034729,0.9076281759465128,0,0,0,1,1.89,0,1,15.0,132.086669921875,0,0,0,0,0,6675.json,NotBuggy
51,0.0,7.92500963228647E-27,5,15,20,11,3.0,3,36,396.0,63.93146896362305,0,4,8,0,0,278.json,Buggy
3,0.005544569343328476,0.4860492397688915,0,0,0,1,1.89,0,0,30.0,127.76480865478516,0,2,0,0,0,5163.json,NotBuggy
3,0.7796823978424072,0.9590902776336336,0,0,0,1,1.89,0,0,12.0,133.59722900390625,0,0,0,0,0,323.json,NotBuggy
3,1.1062722478527576E-4,0.2001914615583875,0,0,0,1,1.89,0,1,35.0,126.78941345214844,0,2,0,0,0,2351.json,NotBuggy
14,0.0,2.408294441588268E-7,1,5,6,6,1.4,0,15,144.0,92.75291442871094,0,2,1,0,0,6695.json,NotBuggy
10,0.4078632891178131,0.880138146902144,2,2,4,3,2.53,1,3,41.0,106.08629608154297,0,0,0,0,0,114.json,NotBuggy
3,0.37695249915122986,0.6447002463324549,0,0,0,1,1.89,0,1,22.0,129.47398376464844,0,2,0,0,0,1642.json,NotBuggy
3,0.3791716694831848,0.9334207279877809,0,0,0,1,1.89,0,0,12.0,133.59722900390625,0,0,0,0,0,3832.json,NotBuggy
3,0.35490167140960693,0.687264243801871,0,0,0,1,1.89,0,1,20.0,130.07347106933594,0,1,0,0,0,4281.json,NotBuggy
11,0.21627512574195862,0.09780981737304806,4,3,7,4,3.95,2,4,63.0,101.52503204345703,0,1,1,0,0,3239.json,NotBuggy
3,0.5455401539802551,0.9059714513780849,0,0,0,1,1.89,0,0,14.0,132.61029052734375,0,0,0,0,0,2736.json,NotBuggy
3,1.1062722478527576E-4,0.2001914615583875,0,0,0,1,1.89,0,1,35.0,126.78941345214844,0,2,0,0,0,3436.json,NotBuggy
3,0.04376200586557388,0.3145937574505947,0,0,0,1,1.89,0,2,30.0,127.67500305175781,0,2,0,0,0,991.json,NotBuggy
3,0.20226642489433289,0.2196323087939954,0,0,0,1,1.89,0,4,30.0,127.59099578857422,0,1,0,0,0,5584.json,NotBuggy
7,0.7470741868019104,0.20344545190696528,3,1,4,2,2.56,1,3,47.0,110.94767761230469,0,2,1,0,0,2098.json,NotBuggy
3,0.3831503093242645,0.6735814022599895,0,0,0,1,1.89,0,1,22.0,129.47398376464844,0,2,0,0,0,1718.json,NotBuggy
3,0.822249710559845,0.8291208076152686,0,0,0,1,1.89,0,2,19.0,130.57513427734375,0,1,0,0,0,2393.json,NotBuggy
3,0.7120627164840698,0.8942335867325405,0,0,0,1,1.89,0,0,15.0,131.9385528564453,0,0,0,0,0,5702.json,NotBuggy
3,0.6987584233283997,0.8029226652717406,0,0,0,1,1.89,0,0,17.0,131.28770446777344,0,1,0,0,0,6592.json,NotBuggy
3,0.34847506880760193,0.9205489633233298,0,0,0,1,1.89,0,0,15.0,132.25152587890625,0,0,0,0,0,6213.json,NotBuggy
3,0.6813008189201355,0.9470840033083493,0,0,0,1,1.89,0,0,14.0,132.4454345703125,0,0,0,0,0,106.json,NotBuggy
3,0.577975869178772,0.9114605425776753,0,0,0,1,1.89,0,2,16.0,131.91592407226562,0,0,0,0,0,6715.json,NotBuggy
3,0.7472834587097168,0.8244751329814954,0,0,0,1,1.89,0,1,18.0,130.85629272460938,0,1,0,0,0,4558.json,NotBuggy
19,2.869803283829242E-4,1.4734498994991942E-4,7,5,12,7,4.02,4,13,113.0,88.60585021972656,0,1,1,0,0,4822.json,NotBuggy
6,0.21747209131717682,0.113317318380565,3,1,4,2,2.75,0,3,45.0,113.6710433959961,0,2,1,0,0,1592.json,NotBuggy
3,0.19715480506420135,0.7341596851260758,0,0,0,1,1.89,0,1,22.0,129.69032287597656,0,2,0,0,0,2302.json,NotBuggy
5,0.15158867835998535,0.6214536085162707,0,0,0,1,1.96,0,1,29.0,119.49191284179688,0,1,0,0,0,5069.json,NotBuggy
3,0.16891063749790192,0.7182427232959079,0,0,0,1,1.89,0,1,22.0,129.69032287597656,0,2,0,0,0,2280.json,NotBuggy
3,0.3278326988220215,0.6401249018099406,0,0,0,1,1.89,0,1,22.0,129.47398376464844,0,2,0,0,0,1716.json,NotBuggy
3,0.3352888822555542,0.7465995310923791,0,0,0,1,1.89,0,0,18.0,130.85629272460938,0,0,0,0,0,6083.json,NotBuggy
3,0.35976994037628174,0.6440596487473627,0,0,0,1,1.89,0,1,22.0,129.47398376464844,0,2,0,0,0,1649.json,NotBuggy
3,0.5019701719284058,0.9021798413222231,0,0,0,1,1.89,0,2,19.0,130.70933532714844,0,0,0,0,0,6093.json,NotBuggy
3,0.28507691621780396,0.33586407525569334,0,0,0,1,1.89,0,0,26.0,128.3351287841797,0,2,0,0,0,6282.json,NotBuggy
3,0.37076669931411743,0.7758062233070864,0,0,0,1,1.89,0,1,19.0,130.34019470214844,0,0,0,0,0,3696.json,NotBuggy
3,0.6754066944122314,0.944709439139769,0,0,0,1,1.89,0,0,12.0,133.59722900390625,0,0,0,0,0,741.json,NotBuggy
3,0.8139974474906921,0.9567840846279396,0,0,0,1,1.89,0,0,12.0,133.59722900390625,0,0,0,0,0,4218.json,NotBuggy
3,0.03306517004966736,0.398755082625379,0,0,0,1,1.89,0,2,28.0,128.1235809326172,0,2,0,0,0,1400.json,NotBuggy
3,0.3328315019607544,0.8175277451822754,0,0,0,1,1.89,0,1,19.0,130.57513427734375,0,1,0,0,0,5418.json,NotBuggy
11,0.07797028869390488,0.0612356657562929,2,1,3,2,3.09,1,3,64.0,101.52503967285156,0,2,1,0,0,5049.json,NotBuggy
8,0.024703633040189743,0.3797428339854771,0,0,0,1,5.29,0,4,47.0,109.54084014892578,0,1,0,0,0,7020.json,NotBuggy
3,0.15100544691085815,0.44307029216113,0,0,0,1,1.89,0,2,27.0,128.31268310546875,0,2,0,0,0,1008.json,NotBuggy
6,0.5834493637084961,0.6250416134039872,2,1,3,3,4.27,0,1,34.0,115.0279541015625,0,1,1,0,0,5133.json,NotBuggy
5,0.0012024211464449763,0.0031756217745541205,0,0,0,1,4.38,0,7,59.0,115.03466033935547,0,2,0,0,0,930.json,NotBuggy
3,0.23922081291675568,0.7553130008846238,0,0,0,1,1.89,0,1,19.0,130.45266723632812,0,0,0,0,0,6066.json,NotBuggy
3,0.12619319558143616,0.9413462205156473,0,0,0,1,1.89,0,0,12.0,133.59722900390625,0,0,0,0,0,3869.json,NotBuggy
3,0.42140433192253113,0.8976201184581585,0,0,0,1,1.89,0,0,15.0,131.9385528564453,0,0,0,0,0,5628.json,NotBuggy
3,0.0,0.10637936455759511,0,0,0,1,1.89,0,2,38.0,126.28292083740234,0,2,0,0,0,6234.json,NotBuggy
3,0.7968025803565979,0.7805066104485143,0,0,0,1,1.89,0,0,20.0,130.07347106933594,0,2,0,0,0,1915.json,NotBuggy
3,0.005165050271898508,0.6283595474644935,0,0,0,1,1.89,0,4,23.0,129.2428436279297,0,0,0,0,0,2883.json,NotBuggy
3,0.19302423298358917,0.714775513049451,0,0,0,1,1.89,0,1,22.0,129.69032287597656,0,2,0,0,0,2289.json,NotBuggy
7,0.021356726065278053,0.0029330572741876173,1,1,2,2,3.96,1,4,64.0,108.9308090209961,0,2,0,0,0,6766.json,NotBuggy
4,0.003205536864697933,0.23039293479006517,0,0,0,1,2.0,0,4,36.0,122.15628814697266,0,2,0,0,0,1500.json,NotBuggy
6,0.2718706727027893,0.4081506852394667,1,1,2,2,2.75,0,2,37.0,114.75189208984375,0,1,1,0,0,5189.json,NotBuggy
3,0.2720508873462677,0.8861714605859661,0,0,0,1,1.89,0,0,14.0,132.4454345703125,0,0,0,0,0,2445.json,NotBuggy
25,1.2582838826347142E-4,3.929527911117754E-6,2,5,7,6,3.41,1,15,150.0,82.87604522705078,0,2,2,0,0,907.json,NotBuggy
3,0.5798224210739136,0.8962610291076796,0,0,0,1,1.89,0,1,15.0,132.25152587890625,0,0,0,0,0,6811.json,NotBuggy
3,0.671998918056488,0.9100030805594377,0,0,0,1,1.89,0,1,15.0,132.25152587890625,0,0,0,0,0,6063.json,NotBuggy
3,0.9100990891456604,0.971515090932943,0,0,0,1,1.89,0,0,12.0,133.59722900390625,0,0,0,0,0,599.json,NotBuggy
9,0.08356883376836777,0.20058200296787812,2,1,3,2,2.27,1,3,54.0,106.42813110351562,0,1,1,0,0,5766.json,NotBuggy
3,0.517038106918335,0.7695416195697512,0,0,0,1,1.89,0,1,21.0,129.93223571777344,0,0,0,0,0,3780.json,NotBuggy
3,0.671998918056488,0.9100030805594377,0,0,0,1,1.89,0,1,15.0,132.25152587890625,0,0,0,0,0,5989.json,NotBuggy
8,0.12995128333568573,0.2495663961465572,2,1,3,2,2.83,1,3,44.0,109.25679779052734,0,1,1,0,0,4872.json,NotBuggy
3,0.005118012893944979,0.4922307735849459,0,0,0,1,1.89,0,1,28.0,128.1235809326172,0,2,0,0,0,3423.json,NotBuggy
3,0.010921651497483253,0.2898734355283003,0,0,0,1,1.89,0,0,32.0,127.62944793701172,0,0,0,0,0,6654.json,NotBuggy
3,0.8178561925888062,0.9349226559371411,0,0,0,1,1.89,0,0,14.0,132.61029052734375,0,0,0,0,0,3902.json,NotBuggy
3,0.03441458195447922,0.9408126100877859,0,0,0,1,1.89,0,0,12.0,133.59722900390625,0,0,0,0,0,4111.json,NotBuggy
3,0.38510653376579285,0.8584407784898781,0,0,0,1,1.89,0,1,17.0,131.43582153320312,0,0,0,0,0,6014.json,NotBuggy
3,0.26262181997299194,0.7559366803223756,0,0,0,1,1.89,0,1,19.0,130.34019470214844,0,0,0,0,0,2783.json,NotBuggy
3,0.7837258577346802,0.7691779853427054,0,0,0,1,1.89,0,0,20.0,130.07347106933594,0,2,0,0,0,1895.json,NotBuggy
3,0.20216621458530426,0.7118261243388881,0,0,0,1,1.89,0,1,22.0,129.69032287597656,0,2,0,0,0,2231.json,NotBuggy
7,0.0,1.239663355056997E-6,2,1,3,2,2.56,1,5,107.0,106.02400207519531,0,6,2,0,0,27.json,NotBuggy
3,0.17857959866523743,0.48425494066403063,0,0,0,1,1.89,0,1,26.0,128.50894165039062,0,1,0,0,0,5193.json,NotBuggy
3,0.028531240299344063,0.10838743551144166,0,0,0,1,1.89,0,1,35.0,126.49983978271484,0,1,0,0,0,6976.json,NotBuggy
3,1.059714995790273E-4,0.2828839427919332,0,0,0,1,1.89,0,1,33.0,127.17938995361328,0,2,0,0,0,3797.json,NotBuggy
2,0.1908852756023407,0.9467903743323197,0,0,0,1,0.0,0,0,9.0,142.4026641845703,0,0,0,0,0,3290.json,NotBuggy
3,0.7429587841033936,0.766919170597,0,0,0,1,1.89,0,0,18.0,130.85629272460938,0,0,0,0,0,397.json,NotBuggy
23,0.01236801128834486,4.142928817205339E-5,8,7,15,8,3.77,2,10,137.0,84.41201782226562,0,1,3,0,0,2929.json,NotBuggy
3,0.11996175348758698,0.9446830735466173,0,0,0,1,1.89,0,0,12.0,133.59722900390625,0,0,0,0,0,3213.json,NotBuggy
8,0.2123366743326187,0.06060172503799256,1,1,2,2,2.83,1,4,50.0,108.1893081665039,0,1,1,0,0,5717.json,NotBuggy
4,0.005951302126049995,0.2799673094304137,0,0,0,1,1.66,0,1,32.0,122.5160903930664,0,3,0,0,0,5860.json,NotBuggy
3,0.3766007721424103,0.7647410386961693,0,0,0,1,1.89,0,1,19.0,130.34019470214844,0,0,0,0,0,4461.json,NotBuggy
3,0.7544645667076111,0.9210125890809593,0,0,0,1,1.89,0,1,14.0,132.61029052734375,0,0,0,0,0,3103.json,NotBuggy
5,0.7373964786529541,0.7625858706730357,0,0,0,1,1.96,0,0,29.0,119.76210021972656,0,1,1,0,0,5696.json,NotBuggy
3,0.38800784945487976,0.7839343597653347,0,0,0,1,1.89,0,1,18.0,130.7338104248047,0,0,0,0,0,2741.json,NotBuggy
3,0.1525040566921234,0.9474175219850749,0,0,0,1,1.89,0,0,12.0,133.59722900390625,0,0,0,0,0,4279.json,NotBuggy
3,0.005118012893944979,0.4922307735849459,0,0,0,1,1.89,0,1,28.0,128.1235809326172,0,2,0,0,0,4356.json,NotBuggy
3,0.19336415827274323,0.6913748925813141,0,0,0,1,1.89,0,1,23.0,129.34671020507812,0,2,0,0,0,2147.json,NotBuggy
6,0.0035568189341574907,0.1026203395431219,0,0,0,1,9.98,0,5,44.0,114.2916030883789,0,2,0,0,0,1113.json,NotBuggy
3,0.8039335012435913,0.8295844510226404,0,0,0,1,1.89,0,1,18.0,130.85629272460938,0,1,0,0,0,5658.json,NotBuggy
3,0.4237048625946045,0.7622799297177504,0,0,0,1,1.89,0,0,18.0,130.85629272460938,0,0,0,0,0,6838.json,NotBuggy
3,0.517038106918335,0.760498452015599,0,0,0,1,1.89,0,1,21.0,129.93223571777344,0,0,0,0,0,3690.json,NotBuggy
3,0.1326903998851776,0.9373868572546733,0,0,0,1,1.89,0,0,12.0,133.59722900390625,0,0,0,0,0,3891.json,NotBuggy
3,0.32382798194885254,0.7241288360909741,0,0,0,1,1.89,0,1,19.0,130.34019470214844,0,0,0,0,0,3234.json,NotBuggy
37,1.478084595873952E-4,1.1959194449220334E-12,11,17,28,12,3.53,3,23,236.0,72.18375396728516,0,2,4,0,0,348.json,NotBuggy
3,0.30866071581840515,0.781686884739733,0,0,0,1,1.89,0,1,18.0,130.7338104248047,0,0,0,0,0,3945.json,NotBuggy
6,0.9891849160194397,0.34420059205908915,1,2,3,3,1.89,0,0,44.0,113.55789947509766,0,1,1,0,0,5474.json,NotBuggy
3,0.3150222599506378,0.6654962059338686,0,0,0,1,1.89,0,1,20.0,130.07347106933594,0,1,0,0,0,4472.json,NotBuggy
3,0.7796823978424072,0.9604996572722813,0,0,0,1,1.89,0,0,12.0,133.59722900390625,0,0,0,0,0,412.json,NotBuggy
3,0.3819558322429657,0.6346912254415547,0,0,0,1,1.89,0,1,22.0,129.47398376464844,0,2,0,0,0,1695.json,NotBuggy
3,0.4451378881931305,0.8024309447776228,0,0,0,1,1.89,0,1,18.0,130.7338104248047,0,0,0,0,0,3965.json,NotBuggy
3,0.001572481938637793,0.4343656422992331,0,0,0,1,1.89,0,1,28.0,128.21994018554688,0,1,0,0,0,6361.json,NotBuggy
3,0.7464548945426941,0.881919356371408,0,0,0,1,1.89,0,0,17.0,131.03103637695312,0,2,0,0,0,1325.json,NotBuggy
9,0.007490368094295263,5.131329625889521E-4,0,0,0,1,4.66,0,8,78.0,103.82653045654297,0,3,0,0,0,7028.json,NotBuggy
5,0.1659884750843048,0.6313058019373917,0,0,0,1,1.96,0,4,31.0,119.41529846191406,0,1,0,0,0,2324.json,NotBuggy
3,0.8090255856513977,0.887122619510891,0,0,0,1,1.89,0,1,18.0,130.99049377441406,0,1,0,0,0,35.json,NotBuggy
9,0.0,0.999999999999994,1,2,3,3,0.82,1,5,57.0,105.64328002929688,0,1,0,0,0,5714.json,NotBuggy
3,0.49020493030548096,0.761546176869177,0,0,0,1,1.89,0,1,20.0,130.30841064453125,0,1,0,0,0,5452.json,NotBuggy
3,0.045731253921985626,0.9985502805211968,0,0,0,1,1.6,0,0,17.0,131.28770446777344,0,1,0,0,0,5654.json,NotBuggy
3,0.03054974414408207,0.3050471973773682,0,0,0,1,1.89,0,2,30.0,127.67500305175781,0,2,0,0,0,1016.json,NotBuggy
3,0.168015256524086,0.9430622785197992,0,0,0,1,1.89,0,0,12.0,133.59722900390625,0,0,0,0,0,3232.json,NotBuggy
6,0.2589133679866791,0.766224822820592,1,1,2,2,2.75,1,3,30.0,116.50606536865234,0,0,0,0,0,6272.json,NotBuggy
3,1.059714995790273E-4,0.2828839427919332,0,0,0,1,1.89,0,1,33.0,127.17938995361328,0,2,0,0,0,3480.json,NotBuggy
3,2.1121538884472102E-4,0.04361341514798119,0,0,0,1,1.89,0,4,43.0,125.56587982177734,0,2,0,0,0,1418.json,NotBuggy
6,0.9685251712799072,0.17742400550913462,3,3,6,3,1.89,0,3,50.0,112.8931655883789,0,1,1,0,0,312.json,NotBuggy
3,0.8265251517295837,0.836822311742831,0,0,0,1,1.89,0,0,18.0,130.99049377441406,0,1,0,0,0,384.json,NotBuggy
3,0.721656322479248,0.9520899377682142,0,0,0,1,1.89,0,0,12.0,133.59722900390625,0,0,0,0,0,2707.json,NotBuggy
3,0.22289595007896423,0.6785529153563643,0,0,0,1,1.89,0,1,23.0,129.34671020507812,0,2,0,0,0,2209.json,NotBuggy
3,1.059714995790273E-4,0.2828839427919332,0,0,0,1,1.89,0,1,33.0,127.17938995361328,0,2,0,0,0,3697.json,NotBuggy
4,0.3292638063430786,0.7666743003853866,0,0,0,1,2.0,0,2,23.0,124.7987289428711,0,1,0,0,0,3305.json,NotBuggy
3,0.07991565763950348,0.9419235466666928,0,0,0,1,1.89,0,0,12.0,133.59722900390625,0,0,0,0,0,4127.json,NotBuggy
3,0.5895786285400391,0.9006254265961062,0,0,0,1,1.89,0,1,15.0,132.25152587890625,0,0,0,0,0,4869.json,NotBuggy
3,0.0834478810429573,0.8979979161010867,0,0,0,1,1.89,0,0,14.0,132.4454345703125,0,0,0,0,0,3749.json,NotBuggy
3,0.021016161888837814,0.5644185867284877,0,0,0,1,1.89,0,2,25.0,128.8092498779297,0,2,0,0,0,1511.json,NotBuggy
12,7.605636492371559E-4,0.02822268196479723,2,2,4,3,2.31,1,4,69.0,99.87239074707031,0,1,0,0,0,2941.json,NotBuggy
16,0.09788073599338531,0.00127463009454295,11,4,15,5,2.4,1,11,106.0,92.36296081542969,0,2,1,0,0,2059.json,NotBuggy
3,0.9466171860694885,0.9601403280662176,0,0,0,1,1.89,0,0,12.0,133.59722900390625,0,0,0,0,0,6561.json,NotBuggy
6,0.9924193024635315,0.13918748468242073,3,3,6,3,1.89,0,2,51.0,112.6732406616211,0,1,1,0,0,5386.json,NotBuggy
3,0.8595505952835083,0.957655680222375,0,0,0,1,1.89,0,0,12.0,133.59722900390625,0,0,0,0,0,3770.json,NotBuggy
16,0.08440636098384857,6.34088137324939E-4,12,4,16,5,2.4,1,12,110.0,92.17034149169922,0,2,1,0,0,2076.json,Buggy
10,0.0,0.0011318778350253168,3,1,4,3,3.49,2,3,79.0,101.8719482421875,0,2,3,0,0,5793.json,NotBuggy
3,0.24352382123470306,0.6455908344730702,0,0,0,1,1.89,0,1,23.0,129.34671020507812,0,2,0,0,0,2188.json,NotBuggy
3,0.7578468918800354,0.95792425385371,0,0,0,1,1.89,0,0,12.0,133.59722900390625,0,0,0,0,0,6180.json,NotBuggy
3,0.3421705365180969,0.8086060397122927,0,0,0,1,1.89,0,0,17.0,131.28770446777344,0,1,0,0,0,5626.json,NotBuggy
3,0.022124169394373894,0.4249945391196259,0,0,0,1,1.89,0,2,28.0,128.1235809326172,0,2,0,0,0,1355.json,NotBuggy
3,7.42347096092999E-4,0.058358868501739235,0,0,0,1,1.89,0,3,42.0,125.68824005126953,0,2,0,0,0,1539.json,NotBuggy
8,0.07294102758169174,0.012410762987891476,6,2,8,3,2.83,0,6,63.0,106.9710464477539,0,2,1,0,0,1617.json,NotBuggy
3,0.36099931597709656,0.7984066779072874,0,0,0,1,1.89,0,1,18.0,130.7338104248047,0,0,0,0,0,3672.json,NotBuggy
7,0.6023374199867249,0.5670662714327104,1,1,2,2,2.56,1,1,36.0,112.60784912109375,0,1,1,0,0,5888.json,NotBuggy
10,0.022565165534615517,0.003149478037101648,2,2,4,3,3.49,1,6,75.0,102.14214324951172,0,2,2,0,0,910.json,NotBuggy
3,0.005341689568012953,0.37165694842489827,0,0,0,1,1.89,0,1,30.0,127.67500305175781,0,2,0,0,0,3437.json,NotBuggy
7,0.6023374199867249,0.5670662714327104,1,1,2,2,2.56,1,1,36.0,112.60784912109375,0,1,1,0,0,5873.json,NotBuggy
6,0.21208077669143677,0.1042748302464551,3,1,4,2,2.75,0,3,45.0,113.6710433959961,0,2,1,0,0,1570.json,NotBuggy
3,0.6542012691497803,0.9507525715597052,0,0,0,1,1.89,0,1,15.0,132.25152587890625,0,0,0,0,0,239.json,NotBuggy
8,0.0012344992719590664,5.116307401379699E-4,1,1,2,2,2.83,1,5,75.0,105.85924530029297,0,0,1,0,0,6225.json,NotBuggy
3,0.5962131023406982,0.9651645192789486,0,0,0,1,1.89,0,1,15.0,132.25152587890625,0,0,0,0,0,5150.json,NotBuggy
3,0.2380070686340332,0.9401268208785682,0,0,0,1,1.89,0,0,12.0,133.59722900390625,0,0,0,0,0,4067.json,NotBuggy
3,0.37349721789360046,0.7271368641658469,0,0,0,1,1.89,0,1,20.0,130.07347106933594,0,1,0,0,0,3478.json,NotBuggy
16,7.390302489511669E-4,5.19525856961508E-4,6,3,9,4,3.82,3,8,101.0,92.66361236572266,0,3,2,0,0,5804.json,NotBuggy
3,0.3997364938259125,0.879181037618772,0,0,0,1,1.89,0,1,17.0,131.1535186767578,0,0,0,0,0,5142.json,NotBuggy
3,0.9127759337425232,0.9580486579801012,0,0,0,1,1.89,0,0,12.0,133.59722900390625,0,0,0,0,0,5407.json,NotBuggy
6,0.2453775703907013,0.10035629402607633,1,2,3,2,2.75,1,1,45.0,113.61115264892578,0,1,0,0,0,5248.json,NotBuggy
5,0.7661678791046143,0.8560094365330505,1,1,2,2,2.99,0,1,26.0,120.20379638671875,0,1,0,0,0,2703.json,NotBuggy
12,0.00711272656917572,1.3808907948427743E-4,12,4,16,5,2.75,0,12,99.0,97.42855834960938,0,2,1,0,0,1542.json,NotBuggy
3,0.8100385069847107,0.9574108665937873,0,0,0,1,1.89,0,0,12.0,133.59722900390625,0,0,0,0,0,3591.json,NotBuggy
3,0.5835428237915039,0.8488904970966439,0,0,0,1,1.89,0,1,16.0,131.75106811523438,0,0,0,0,0,6276.json,NotBuggy
3,0.7571282386779785,0.8857163349614992,0,0,0,1,1.89,0,0,17.0,131.03103637695312,0,2,0,0,0,1291.json,NotBuggy
3,0.46174803376197815,0.7629521563366172,0,0,0,1,1.89,0,1,19.0,130.34019470214844,0,0,0,0,0,4400.json,NotBuggy
8,1.003956567728892E-4,2.8827637704657598E-5,0,0,0,1,1.73,0,7,89.0,105.04859161376953,0,6,5,0,0,261.json,NotBuggy
3,0.48752325773239136,0.8652433076385201,0,0,0,1,1.89,0,1,15.0,132.25152587890625,0,0,0,0,0,6032.json,NotBuggy
3,0.9611467719078064,0.9573117401579992,0,0,0,1,1.89,0,0,13.0,132.9956512451172,0,0,0,0,0,5358.json,NotBuggy
3,0.5895786285400391,0.9057143537297724,0,0,0,1,1.89,0,1,15.0,132.25152587890625,0,0,0,0,0,6089.json,NotBuggy
5,0.15905943512916565,0.6666855679383606,1,1,2,2,2.99,0,1,31.0,119.08892822265625,0,2,0,0,0,2732.json,NotBuggy
6,0.005956657696515322,0.018551799373474065,0,0,0,1,1.89,0,5,55.0,112.7406005859375,0,1,1,0,0,6504.json,NotBuggy
5,0.5224382281303406,0.7659022533826932,1,1,2,2,2.99,1,3,27.0,119.80731201171875,0,1,0,0,0,3640.json,NotBuggy
3,0.5256527066230774,0.766425569999733,0,0,0,1,1.89,0,0,18.0,130.85629272460938,0,0,0,0,0,6073.json,NotBuggy
3,0.5231350660324097,0.6783168240781356,0,0,0,1,1.89,0,1,21.0,129.61952209472656,0,2,0,0,0,530.json,NotBuggy
3,0.8565905690193176,0.8739670150502753,0,0,0,1,1.89,0,0,18.0,130.7338104248047,0,1,0,0,0,5124.json,NotBuggy
3,0.8111046552658081,0.8986610768997744,0,0,0,1,1.89,0,1,16.0,131.75106811523438,0,0,0,0,0,4320.json,NotBuggy
3,0.03672993183135986,0.6901660812503632,0,0,0,1,1.89,0,2,21.0,130.05470275878906,0,0,0,0,0,2829.json,NotBuggy
15,0.0035304902121424675,4.0974540574132177E-4,3,4,7,5,3.92,4,10,99.0,93.76374053955078,0,1,0,0,0,6916.json,NotBuggy
3,0.8356243371963501,0.9702111452568402,0,0,0,1,1.89,0,0,12.0,133.59722900390625,0,0,0,0,0,4749.json,NotBuggy
9,0.0015447031473740935,0.02196259425167223,1,1,2,2,2.27,0,4,59.0,105.52252960205078,0,1,0,0,0,3265.json,NotBuggy
6,0.9124277234077454,0.01961668688882619,3,3,6,3,1.89,0,3,58.0,111.949951171875,0,1,1,0,0,4860.json,NotBuggy
3,1.059714995790273E-4,0.2828839427919332,0,0,0,1,1.89,0,1,33.0,127.17938995361328,0,2,0,0,0,4042.json,NotBuggy
3,0.6131147742271423,0.7996709575893911,0,0,0,1,1.89,0,0,19.0,130.34019470214844,0,2,0,0,0,1546.json,NotBuggy
3,0.0,0.032262970757340456,0,0,0,1,1.89,0,3,44.0,125.30986022949219,0,2,0,0,0,1540.json,NotBuggy
7,0.9606507420539856,0.06488141989903104,5,4,9,4,1.81,0,3,58.0,109.3342514038086,0,1,1,0,0,4790.json,NotBuggy
11,0.280597448348999,0.10308156018456048,4,3,7,4,3.95,2,4,63.0,101.52503204345703,0,1,1,0,0,3017.json,NotBuggy
6,0.9699221253395081,0.9463631983512509,0,0,0,1,5.5,0,0,26.0,117.59266662597656,0,0,0,0,0,5734.json,NotBuggy
3,0.20475907623767853,0.9012762168260905,0,0,0,1,1.89,0,0,14.0,132.4454345703125,0,0,0,0,0,3150.json,NotBuggy
3,0.03586755692958832,0.30993064949256655,0,0,0,1,1.89,0,2,30.0,127.67500305175781,0,2,0,0,0,993.json,NotBuggy
3,0.3248808681964874,0.6523216708491969,0,0,0,1,1.89,0,1,20.0,130.07347106933594,0,1,0,0,0,4232.json,NotBuggy
3,0.791633665561676,0.9646830859923581,0,0,0,1,1.89,0,0,12.0,133.59722900390625,0,0,0,0,0,355.json,NotBuggy
3,0.18480709195137024,0.7251078097212476,0,0,0,1,1.89,0,1,22.0,129.69032287597656,0,2,0,0,0,2305.json,NotBuggy
8,0.05812259390950203,0.00828347456388815,1,1,2,2,2.04,1,6,67.0,106.57360076904297,0,2,2,0,0,6418.json,NotBuggy
3,0.05368375778198242,0.7006784221056134,0,0,0,1,1.89,0,1,22.0,129.57785034179688,0,2,0,0,0,3378.json,NotBuggy
3,0.5061506032943726,0.7302190914431589,0,0,0,1,1.89,0,1,21.0,129.93223571777344,0,0,0,0,0,3702.json,NotBuggy
9,0.0034483494237065315,0.06037568442922504,1,1,2,2,2.27,0,4,56.0,105.96532440185547,0,1,0,0,0,3742.json,NotBuggy
3,0.4507136046886444,0.908774463239836,0,0,0,1,1.89,0,0,14.0,132.4454345703125,0,0,0,0,0,753.json,NotBuggy
8,0.07850527763366699,1.2787963883917775E-4,0,0,0,2,2.83,1,6,79.0,105.30572509765625,0,1,1,0,0,3111.json,NotBuggy
3,0.10950316488742828,0.4401851816010348,0,0,0,1,1.89,0,1,28.0,128.21994018554688,0,0,0,0,0,2911.json,NotBuggy
5,0.3413262963294983,0.6657681370765276,1,1,2,2,2.99,1,3,27.0,119.80731201171875,0,1,0,0,0,3922.json,NotBuggy
5,0.29328516125679016,0.7348388079595121,1,1,2,2,2.99,1,3,27.0,119.80731201171875,0,1,0,0,0,779.json,NotBuggy
4,0.012427075766026974,0.0740924098173792,0,0,0,1,4.9,0,8,41.0,121.08299255371094,0,0,0,0,0,2422.json,NotBuggy
3,0.5155376195907593,0.9473300702254931,0,0,0,1,1.89,0,0,12.0,133.59722900390625,0,0,0,0,0,3444.json,NotBuggy
3,0.08465436100959778,0.5978349322028124,0,0,0,1,1.89,0,0,25.0,128.712890625,0,2,0,0,0,392.json,NotBuggy
3,0.34464436769485474,0.8481994760445095,0,0,0,1,1.89,0,1,18.0,130.7338104248047,0,0,0,0,0,2370.json,NotBuggy
4,0.656261682510376,0.8624454900054829,0,0,0,1,2.0,0,1,22.0,125.02987670898438,0,1,0,0,0,597.json,NotBuggy
15,0.004130708985030651,3.7986249030985046E-4,2,3,5,4,3.52,1,9,100.0,93.80345153808594,0,2,2,0,0,859.json,NotBuggy
3,0.027413690462708473,0.6820989300713947,0,0,0,1,1.89,0,2,21.0,129.93223571777344,0,0,0,0,0,2866.json,NotBuggy
3,0.36099931597709656,0.776343340512338,0,0,0,1,1.89,0,1,18.0,130.7338104248047,0,0,0,0,0,3176.json,NotBuggy
3,0.19375784695148468,0.7136667087482746,0,0,0,1,1.89,0,1,23.0,129.34671020507812,0,2,0,0,0,2181.json,NotBuggy
3,0.6321946978569031,0.9077822270819003,0,0,0,1,1.89,0,1,15.0,132.25152587890625,0,0,0,0,0,4791.json,NotBuggy
6,0.5338767766952515,0.7922340780144366,1,1,2,2,2.75,1,3,30.0,116.50606536865234,0,0,0,0,0,6657.json,NotBuggy
6,0.17176631093025208,0.11196496253864319,3,1,4,2,2.75,0,3,45.0,113.6710433959961,0,2,1,0,0,1590.json,NotBuggy
3,0.7314031720161438,0.8862470409871709,0,0,0,1,1.89,0,0,17.0,131.1535186767578,0,2,0,0,0,1169.json,NotBuggy
3,0.5790004134178162,0.8622597145016718,0,0,0,1,1.89,0,1,16.0,131.75106811523438,0,0,0,0,0,6144.json,NotBuggy
8,0.3123496174812317,0.09376316742357738,1,2,3,3,3.71,1,2,51.0,107.85633087158203,0,1,2,0,0,2361.json,NotBuggy
25,1.3562595995608717E-4,2.1596214548230883E-6,2,5,7,6,3.41,1,15,152.0,82.76756286621094,0,2,2,0,0,938.json,NotBuggy
3,0.8595601916313171,0.9596875487315142,0,0,0,1,1.89,0,0,12.0,133.59722900390625,0,0,0,0,0,147.json,NotBuggy
3,0.34751126170158386,0.6544313548157356,0,0,0,1,1.89,0,1,22.0,129.47398376464844,0,2,0,0,0,1711.json,NotBuggy
3,0.22849605977535248,0.679660082485266,0,0,0,1,1.89,0,1,23.0,129.34671020507812,0,2,0,0,0,2184.json,NotBuggy
3,0.7683041095733643,0.8668146788947252,0,0,0,1,1.89,0,1,16.0,131.75106811523438,0,0,0,0,0,2862.json,NotBuggy
3,0.7858321070671082,0.7198007942219943,0,0,0,1,1.89,0,1,20.0,130.07347106933594,0,1,0,0,0,5440.json,NotBuggy
3,0.3298358619213104,0.8335077179939792,0,0,0,1,1.89,0,1,19.0,130.34019470214844,0,0,0,0,0,5247.json,NotBuggy
3,0.8095110058784485,0.8338817719602796,0,0,0,1,1.89,0,0,17.0,131.1535186767578,0,0,0,0,0,4538.json,NotBuggy
3,0.5271716713905334,0.7961308659058564,0,0,0,1,3.77,0,1,15.0,132.25152587890625,0,0,0,0,0,808.json,NotBuggy
3,0.5526905655860901,0.6693885000468736,0,0,0,1,1.89,0,1,22.0,129.69032287597656,0,1,0,0,0,5296.json,NotBuggy
7,0.12028627842664719,0.08360006246346126,2,2,4,2,1.28,1,6,48.0,110.90117645263672,0,0,1,0,0,6637.json,NotBuggy
3,1.7931182810571045E-4,0.04972691999333437,0,0,0,1,1.89,0,4,43.0,125.56587982177734,0,2,0,0,0,1387.json,NotBuggy
3,0.43342888355255127,0.9266854760277226,0,0,0,1,1.89,0,0,14.0,132.61029052734375,0,0,0,0,0,3842.json,NotBuggy
3,0.6449580788612366,0.8950413916126303,0,0,0,1,1.89,0,0,15.0,132.25152587890625,0,0,0,0,0,6589.json,NotBuggy
7,0.9046916365623474,0.8759089614050786,0,0,0,1,5.42,0,0,33.0,113.63934326171875,0,0,0,0,0,6753.json,NotBuggy
3,0.9251136183738708,0.9493633987771578,0,0,0,1,1.89,0,0,13.0,132.9956512451172,0,0,0,0,0,4849.json,NotBuggy
3,0.6986069083213806,0.8628352689252621,0,0,0,1,1.89,0,1,16.0,131.75106811523438,0,0,0,0,0,735.json,NotBuggy
3,0.7761480212211609,0.42356041506403275,0,0,0,1,1.89,0,0,27.0,128.22288513183594,0,1,0,0,0,5564.json,NotBuggy
3,0.0,2.276918036360868E-6,2,2,4,3,1.89,0,14,99.0,120.34652709960938,0,2,0,0,0,1416.json,NotBuggy
7,0.4624212980270386,0.43023793376645436,2,2,4,2,3.02,1,3,39.0,112.1916275024414,0,2,0,0,0,5711.json,NotBuggy
3,0.43580177426338196,0.9485102986862286,0,0,0,1,1.89,0,0,12.0,133.59722900390625,0,0,0,0,0,765.json,NotBuggy
3,0.775556743144989,0.7888406528452819,0,0,0,1,1.89,0,0,20.0,130.07347106933594,0,2,0,0,0,1899.json,NotBuggy
3,0.56416255235672,0.8560018729883427,0,0,0,1,1.89,0,0,17.0,131.03103637695312,0,2,0,0,0,1384.json,NotBuggy
7,0.011666170321404934,0.06983043985371495,1,1,2,2,3.02,1,3,47.0,110.83072662353516,0,1,0,0,0,6503.json,NotBuggy
3,0.19398243725299835,0.6779661743066393,0,0,0,1,1.89,0,1,23.0,129.34671020507812,0,2,0,0,0,2153.json,NotBuggy
3,0.1742093712091446,0.7320435254414503,0,0,0,1,1.89,0,1,19.0,130.34019470214844,0,0,0,0,0,3579.json,NotBuggy
3,0.6879550814628601,0.7840904491590595,0,0,0,1,1.89,0,2,20.0,130.18594360351562,0,1,0,0,0,5692.json,NotBuggy
95,0.0,2.7237974943937272E-31,18,25,43,25,5.88,7,68,684.0,47.340763092041016,0,1,16,0,0,5743.json,NotBuggy
3,0.9436226487159729,0.9644062915285745,0,0,0,1,1.89,0,0,12.0,133.59722900390625,0,0,0,0,0,6859.json,NotBuggy
3,0.5346800088882446,0.7545430484811911,0,0,0,1,1.89,0,0,18.0,130.85629272460938,0,0,0,0,0,6074.json,NotBuggy
5,0.5243263840675354,0.6016166118462997,0,0,0,1,1.96,0,2,31.0,119.41529846191406,0,0,1,0,0,143.json,NotBuggy
5,0.0012024211464449763,0.0031756217745541205,0,0,0,1,4.38,0,7,59.0,115.03466033935547,0,2,0,0,0,931.json,NotBuggy
3,0.8979825377464294,0.9677933410930901,0,0,0,1,1.89,0,0,12.0,133.59722900390625,0,0,0,0,0,5405.json,NotBuggy
3,0.03846290335059166,0.9471551395207061,0,0,0,1,1.89,0,0,12.0,133.59722900390625,0,0,0,0,0,3029.json,NotBuggy
3,0.972295343875885,0.5479075334215161,0,0,0,1,1.89,0,1,26.0,128.70916748046875,0,0,0,0,0,4571.json,NotBuggy
9,0.0024241681676357985,0.06670475362593993,1,1,2,2,2.27,0,4,56.0,105.96532440185547,0,1,0,0,0,3283.json,NotBuggy
25,1.3506771938409656E-4,3.5946478726193144E-6,2,5,7,6,3.41,1,15,150.0,82.87604522705078,0,2,2,0,0,869.json,NotBuggy
10,0.004974781069904566,4.426781898908459E-4,0,0,0,3,3.6,2,8,78.0,101.59136199951172,0,2,2,0,0,6402.json,NotBuggy
23,0.0502895787358284,3.72523651528833E-4,7,7,14,8,3.77,2,8,121.0,84.92505645751953,0,1,2,0,0,2424.json,NotBuggy
3,0.5558788180351257,0.9482926831923857,0,0,0,1,1.89,0,0,12.0,133.59722900390625,0,0,0,0,0,822.json,NotBuggy
3,0.37003791332244873,0.753857312065809,0,0,0,1,1.89,0,1,19.0,130.34019470214844,0,0,0,0,0,3446.json,NotBuggy
16,0.10226952284574509,8.988650457580666E-4,12,4,16,5,2.4,1,12,110.0,92.2202377319336,0,2,1,0,0,2105.json,NotBuggy
3,0.9408955574035645,0.965106288670043,0,0,0,1,1.89,0,0,12.0,133.59722900390625,0,0,0,0,0,6754.json,NotBuggy
5,0.5766302347183228,0.6877626460222329,0,0,0,1,1.96,0,2,31.0,119.41529846191406,0,0,1,0,0,5619.json,NotBuggy
3,0.7881513237953186,0.7833820502991485,0,0,0,1,1.89,0,0,20.0,130.07347106933594,0,2,0,0,0,1888.json,NotBuggy
3,0.9466171860694885,0.9601403280662176,0,0,0,1,1.89,0,0,12.0,133.59722900390625,0,0,0,0,0,6529.json,NotBuggy
2,0.9975661039352417,0.9533091803598098,0,0,0,1,0.0,0,0,11.0,140.82913208007812,0,0,0,0,0,6972.json,NotBuggy
6,0.29757025837898254,0.7884387199333746,1,1,2,2,2.75,1,2,28.0,116.97730255126953,0,0,0,0,0,4574.json,NotBuggy
6,0.16412684321403503,0.10363501472767013,3,1,4,2,2.75,0,3,45.0,113.6710433959961,0,2,1,0,0,1600.json,NotBuggy
7,0.7177156209945679,0.20075533718565605,3,1,4,2,2.56,1,3,47.0,110.94767761230469,0,2,1,0,0,2082.json,NotBuggy
9,0.09104259312152863,0.1470099316681264,1,1,2,2,2.27,1,5,51.0,106.33470153808594,0,0,1,0,0,2327.json,NotBuggy
3,0.8622341752052307,0.872786898339607,0,0,0,1,1.89,0,1,16.0,131.75106811523438,0,0,0,0,0,4047.json,NotBuggy
3,0.3066597580909729,0.8997243653608692,0,0,0,1,1.89,0,0,14.0,132.4454345703125,0,0,0,0,0,3795.json,NotBuggy
7,0.013421260751783848,0.013906440098507696,1,1,2,2,3.02,1,4,58.0,109.68270874023438,0,2,0,0,0,6761.json,NotBuggy
3,0.7968025803565979,0.7722769562605564,0,0,0,1,1.89,0,0,20.0,130.07347106933594,0,2,0,0,0,1845.json,NotBuggy
5,0.7661678791046143,0.8560094365330505,1,1,2,2,2.99,0,1,26.0,120.20379638671875,0,1,0,0,0,3206.json,NotBuggy
5,0.0027728122659027576,2.9189952963126173E-4,0,0,0,1,1.96,0,6,70.0,114.10311126708984,0,1,2,0,0,6971.json,NotBuggy
3,0.5433351397514343,0.27609912369559136,0,0,0,1,3.77,0,2,25.0,128.53907775878906,0,1,0,0,0,4941.json,NotBuggy
3,0.005118012893944979,0.4922307735849459,0,0,0,1,1.89,0,1,28.0,128.1235809326172,0,2,0,0,0,4284.json,NotBuggy
11,0.0035962346009910107,0.0011708775791174032,0,0,0,1,5.98,1,8,81.0,100.57113647460938,0,0,2,0,0,4859.json,NotBuggy
5,0.15905943512916565,0.6666855679383606,1,1,2,2,2.99,0,1,31.0,119.08892822265625,0,2,0,0,0,2972.json,NotBuggy
3,0.7728284597396851,0.937612116544074,0,0,0,1,1.89,0,0,14.0,132.61029052734375,0,0,0,0,0,3858.json,NotBuggy
3,0.8147605657577515,0.7921095328319142,0,0,0,1,1.89,0,0,18.0,130.99049377441406,0,1,0,0,0,383.json,NotBuggy
3,0.4076825976371765,0.952836297288647,0,0,0,1,1.89,0,0,12.0,133.59722900390625,0,0,0,0,0,4819.json,NotBuggy
5,0.02923138067126274,0.6477593135795028,0,0,0,1,1.96,0,3,32.0,119.25020599365234,0,2,0,0,0,2341.json,NotBuggy
14,0.0021792349871248007,4.0265402295076776E-5,4,2,6,5,4.44,3,11,101.0,94.21172332763672,0,2,2,0,0,6404.json,NotBuggy
5,0.3878943920135498,0.679402064077324,1,1,2,2,2.99,1,3,27.0,119.80731201171875,0,1,0,0,0,3915.json,NotBuggy
3,0.9269015789031982,0.9632140599946025,0,0,0,1,1.89,0,0,12.0,133.59722900390625,0,0,0,0,0,6179.json,NotBuggy
3,0.3629727363586426,0.890601070222025,0,0,0,1,1.89,0,0,14.0,132.4454345703125,0,0,0,0,0,4421.json,NotBuggy
11,0.280597448348999,0.10308156018456048,4,3,7,4,3.95,2,4,63.0,101.52503204345703,0,1,1,0,0,2948.json,NotBuggy
3,0.14078593254089355,0.7081088106427885,0,0,0,1,1.89,0,0,23.0,129.34671020507812,0,2,0,0,0,386.json,NotBuggy
6,0.21861015260219574,0.11905231206410606,3,1,4,2,2.75,0,3,45.0,113.6710433959961,0,2,1,0,0,1608.json,NotBuggy
11,0.544660210609436,0.7290413910064494,2,3,5,4,3.95,2,2,47.0,103.3649673461914,0,1,0,0,0,3467.json,NotBuggy
3,0.9466171860694885,0.9601403280662176,0,0,0,1,1.89,0,0,12.0,133.59722900390625,0,0,0,0,0,6958.json,NotBuggy
3,0.46257954835891724,0.7545208518165253,0,0,0,1,1.89,0,1,21.0,129.93223571777344,0,0,0,0,0,3078.json,NotBuggy
3,0.7432991862297058,0.8944101564109803,0,0,0,1,1.89,0,0,17.0,131.28770446777344,0,1,0,0,0,5344.json,NotBuggy
3,0.3341465890407562,0.7575252116303143,0,0,0,1,1.89,0,1,18.0,130.7338104248047,0,0,0,0,0,3174.json,NotBuggy
3,0.21558205783367157,0.45553207859788364,0,0,0,1,1.89,0,3,26.0,128.60531616210938,0,1,0,0,0,4863.json,NotBuggy
3,0.3819558322429657,0.6376279140106798,0,0,0,1,1.89,0,1,22.0,129.47398376464844,0,2,0,0,0,1687.json,NotBuggy
3,0.0,0.9999999381701496,0,0,0,1,0.86,0,0,15.0,132.25152587890625,0,0,0,0,0,5576.json,NotBuggy
6,0.8314032554626465,0.29329707122753235,0,0,0,1,1.89,0,4,40.0,114.64286041259766,0,1,1,0,0,5156.json,NotBuggy
3,0.529470682144165,0.7471301359447663,0,0,0,1,1.89,0,1,21.0,129.93223571777344,0,0,0,0,0,3800.json,NotBuggy
3,0.4413505494594574,0.7399075101302031,0,0,0,1,1.89,0,1,21.0,129.93223571777344,0,0,0,0,0,4035.json,NotBuggy
3,0.8601391315460205,0.9373226691496938,0,0,0,1,1.89,0,1,13.0,133.18099975585938,0,0,0,0,0,6146.json,NotBuggy
6,0.8443732857704163,0.9043652483245812,0,0,0,1,5.5,0,0,26.0,117.59266662597656,0,0,0,0,0,4607.json,NotBuggy
8,0.14536304771900177,0.21176535481183092,1,1,2,2,3.12,1,3,44.0,109.12744903564453,0,0,1,0,0,6629.json,NotBuggy
17,0.003889774903655052,8.683113264438037E-5,6,5,11,6,3.87,2,7,113.0,90.63770294189453,0,2,2,0,0,2844.json,NotBuggy
19,0.1635613739490509,0.02219663427899611,6,6,12,7,4.66,3,5,90.0,89.87603759765625,0,1,1,0,0,4437.json,NotBuggy
3,0.27355703711509705,0.6366941429115597,0,0,0,1,1.89,0,1,21.0,129.81976318359375,0,1,0,0,0,5880.json,NotBuggy
3,0.8663784265518188,0.9546321098977464,0,0,0,1,1.89,0,0,12.0,133.59722900390625,0,0,0,0,0,796.json,NotBuggy
5,0.3789037764072418,0.693859735199155,1,1,2,2,2.99,1,3,27.0,119.80731201171875,0,1,0,0,0,3052.json,NotBuggy
3,0.2130669206380844,0.6728906245755757,0,0,0,1,1.89,0,1,23.0,129.34671020507812,0,2,0,0,0,2133.json,NotBuggy
25,0.0,3.5032763486818085E-7,3,6,9,7,3.41,1,18,163.0,82.2138442993164,0,2,2,0,0,851.json,NotBuggy
3,0.5192573666572571,0.9578132538738254,0,0,0,1,1.89,0,0,12.0,133.59722900390625,0,0,0,0,0,3519.json,NotBuggy
3,0.0,0.003623389973699342,0,0,0,1,1.89,0,6,57.0,123.90080261230469,0,2,0,0,0,954.json,NotBuggy
3,0.29529210925102234,0.902211340268733,0,0,0,1,1.89,0,0,14.0,132.61029052734375,0,0,0,0,0,3164.json,NotBuggy
3,0.20148257911205292,0.6764576176768567,0,0,0,1,1.89,0,1,23.0,129.34671020507812,0,2,0,0,0,2198.json,NotBuggy
8,0.1782151162624359,0.009663628278611867,0,0,0,1,1.73,0,8,67.0,107.11094665527344,0,3,2,0,0,7016.json,NotBuggy
7,0.2230043113231659,0.0923569427331227,3,2,5,3,3.96,0,2,49.0,110.5009765625,0,1,3,0,0,340.json,NotBuggy
3,0.9283223152160645,0.8862770091053133,0,0,0,1,0.94,0,0,14.0,132.4454345703125,0,1,0,0,0,6258.json,NotBuggy
20,8.285532821901143E-4,4.0325765368298006E-5,2,4,6,5,3.46,1,12,125.0,87.7100830078125,0,2,2,0,0,863.json,NotBuggy
7,0.9353842735290527,0.021630028349334102,5,4,9,4,1.81,0,4,64.0,108.76529693603516,0,1,1,0,0,5398.json,NotBuggy
13,0.006364793051034212,0.003881231777748026,2,4,6,5,2.79,4,3,81.0,97.17535400390625,0,1,0,0,0,6358.json,NotBuggy
6,0.7955876588821411,0.8839166867815915,0,0,0,1,5.5,0,0,26.0,117.59266662597656,0,0,0,0,0,6269.json,NotBuggy
3,0.7315788865089417,0.8808421521855062,0,0,0,1,1.89,0,0,17.0,131.1535186767578,0,2,0,0,0,1159.json,NotBuggy
3,0.7843244075775146,0.6587537076539379,0,0,0,1,1.89,0,1,22.0,129.69032287597656,0,1,0,0,0,5228.json,NotBuggy
11,0.012300634756684303,6.948320182407525E-4,4,3,7,3,2.41,1,3,79.0,100.04942321777344,0,2,1,0,0,4613.json,NotBuggy
2,0.7206454873085022,0.8583445927800492,0,0,0,1,1.89,0,0,17.0,138.00436401367188,0,3,0,0,0,3118.json,NotBuggy
3,0.7410337328910828,0.9421391245352428,0,0,0,1,1.89,0,0,14.0,132.61029052734375,0,0,0,0,0,3609.json,NotBuggy
3,3.1580880749970675E-4,0.04341700887889319,0,0,0,1,1.89,0,4,43.0,125.56587982177734,0,2,0,0,0,1373.json,NotBuggy
4,0.10883239656686783,0.8209030189745254,0,0,0,1,2.0,0,0,20.0,125.64796447753906,0,1,0,0,0,63.json,NotBuggy
3,0.09126061946153641,0.7324778797015353,0,0,0,1,1.89,0,1,19.0,130.57513427734375,0,0,0,0,0,6572.json,NotBuggy
3,0.43719977140426636,0.8863797631946732,0,0,0,1,1.89,0,0,15.0,132.25152587890625,0,0,0,0,0,6949.json,NotBuggy
3,0.021823285147547722,0.6891868239863919,0,0,0,1,1.89,0,2,21.0,129.93223571777344,0,0,0,0,0,2802.json,NotBuggy
5,0.05734580382704735,0.23333402907267278,0,0,0,2,2.99,0,2,39.0,117.3687744140625,0,2,1,0,0,2360.json,NotBuggy
10,0.04223281517624855,0.013273115844534004,1,1,2,3,2.38,2,6,64.0,102.8801040649414,0,2,0,0,0,6940.json,NotBuggy
3,0.0,0.10764643765665012,0,0,0,1,1.89,0,2,35.0,126.63631439208984,0,2,0,0,0,2376.json,NotBuggy
3,0.15960031747817993,0.9335558285108667,0,0,0,1,1.89,0,0,12.0,133.59722900390625,0,0,0,0,0,4503.json,NotBuggy
32,0.0,4.1460823140762345E-16,11,13,24,9,4.16,5,34,295.0,73.6238784790039,0,2,9,0,0,5716.json,NotBuggy
13,0.18825599551200867,0.006965483833983542,9,3,12,4,2.46,1,9,89.0,97.02214813232422,0,2,1,0,0,2100.json,NotBuggy
3,1.059714995790273E-4,0.2828839427919332,0,0,0,1,1.89,0,1,33.0,127.17938995361328,0,2,0,0,0,4492.json,NotBuggy
3,0.34338685870170593,0.6832911318339748,0,0,0,1,1.89,0,1,22.0,129.47398376464844,0,2,0,0,0,1693.json,NotBuggy
17,0.16519826650619507,0.026676609088946455,5,5,10,6,3.87,2,5,84.0,92.26665496826172,0,1,1,0,0,3529.json,NotBuggy
2,0.543465256690979,0.8417614048318043,0,0,0,1,0.0,0,0,14.0,139.0139617919922,0,2,0,0,0,1463.json,NotBuggy
3,0.8602171540260315,0.8521642993759142,0,0,0,1,1.89,0,1,16.0,131.60296630859375,0,0,0,0,0,4579.json,NotBuggy
31,0.0,0.6431939033740719,8,10,18,10,2.58,2,20,188.0,76.95298767089844,0,1,0,0,0,5723.json,NotBuggy
3,0.40627866983413696,0.8452936567454129,0,0,0,1,1.89,0,1,18.0,130.7338104248047,0,0,0,0,0,2372.json,NotBuggy
12,0.13829872012138367,0.2424980524603233,3,3,6,4,2.56,1,3,57.0,100.95228576660156,0,0,0,0,0,5283.json,NotBuggy
3,0.06876251846551895,0.9445635143760276,0,0,0,1,1.89,0,0,12.0,133.59722900390625,0,0,0,0,0,4502.json,NotBuggy
10,0.02179761417210102,0.0015785842331723463,9,3,12,4,2.8,0,9,81.0,101.70774841308594,0,2,1,0,0,1571.json,NotBuggy
3,0.8187982439994812,0.866528826376435,0,0,0,1,1.89,0,1,18.0,130.85629272460938,0,0,0,0,0,4852.json,NotBuggy
17,0.051821518689394,0.002391570933548363,4,4,8,7,3.65,2,10,99.0,91.32598876953125,0,2,2,0,0,1468.json,NotBuggy
3,0.04326483607292175,0.2727198849710206,0,0,0,1,1.89,0,2,28.0,127.87090301513672,0,2,0,0,0,5848.json,NotBuggy
3,0.6449580788612366,0.8950413916126303,0,0,0,1,1.89,0,0,15.0,132.25152587890625,0,0,0,0,0,6593.json,NotBuggy
3,0.23922081291675568,0.7553130008846238,0,0,0,1,1.89,0,1,19.0,130.45266723632812,0,0,0,0,0,6080.json,NotBuggy
5,0.4557037353515625,0.6568748030482412,1,1,2,2,2.99,1,3,27.0,119.80731201171875,0,1,0,0,0,3928.json,NotBuggy
3,0.7470922470092773,0.9607420052192033,0,0,0,1,1.89,0,0,12.0,133.59722900390625,0,0,0,0,0,6029.json,NotBuggy
3,0.8994002938270569,0.8242519247430203,0,0,0,1,1.89,0,0,17.0,131.28770446777344,0,1,0,0,0,6023.json,NotBuggy
3,0.354890376329422,0.6569587619496426,0,0,0,1,1.89,0,1,22.0,129.47398376464844,0,2,0,0,0,1705.json,NotBuggy
3,0.4309433400630951,0.8003549300644793,0,0,0,1,1.89,0,1,18.0,130.7338104248047,0,0,0,0,0,3949.json,NotBuggy
20,7.826663204468787E-4,3.9874763738123265E-5,2,4,6,5,3.46,1,12,125.0,87.7100830078125,0,2,2,0,0,928.json,NotBuggy
3,0.7994544506072998,0.9310200203896317,0,0,0,1,1.89,0,1,13.0,133.18099975585938,0,0,0,0,0,4784.json,NotBuggy
3,5.180707084946334E-4,0.06114600916532647,1,1,2,2,1.89,0,5,41.0,125.51344299316406,0,2,0,0,0,1367.json,NotBuggy
3,0.19876061379909515,0.7198448539829176,0,0,0,1,1.89,0,1,22.0,129.69032287597656,0,2,0,0,0,2266.json,NotBuggy
3,0.891324520111084,0.9337900055632955,0,0,0,1,1.89,0,1,14.0,132.61029052734375,0,0,0,0,0,3105.json,NotBuggy
3,0.43418389558792114,0.90343558622848,0,0,0,1,1.89,0,0,14.0,132.4454345703125,0,0,0,0,0,3430.json,NotBuggy
3,0.8365623950958252,0.9518742671853534,0,0,0,1,1.89,0,0,12.0,133.59722900390625,0,0,0,0,0,3425.json,NotBuggy
5,0.7661678791046143,0.8560094365330505,1,1,2,2,2.99,0,1,26.0,120.20379638671875,0,1,0,0,0,2729.json,NotBuggy
3,0.03476788103580475,0.3854223851380291,0,0,0,1,0.94,0,2,27.0,128.4090576171875,0,0,0,0,0,6250.json,NotBuggy
3,0.8832903504371643,0.8124107609663401,0,0,0,1,1.89,0,0,17.0,131.28770446777344,0,1,0,0,0,6640.json,NotBuggy
3,0.5716268420219421,0.8479348872127614,0,0,0,1,1.89,0,0,17.0,131.03103637695312,0,2,0,0,0,1401.json,NotBuggy
3,0.18258623778820038,0.948852175823621,0,0,0,1,1.89,0,0,12.0,133.59722900390625,0,0,0,0,0,2893.json,NotBuggy
7,0.044606924057006836,0.006079368747812084,2,1,3,2,2.56,1,5,61.0,109.31848907470703,0,1,2,0,0,6359.json,NotBuggy
3,0.36821219325065613,0.7116186585727955,0,0,0,1,1.89,0,1,20.0,130.07347106933594,0,1,0,0,0,2828.json,NotBuggy
3,0.7083455920219421,0.9006732873543022,0,0,0,1,3.77,0,1,15.0,132.086669921875,0,0,0,0,0,6334.json,NotBuggy
3,0.16599823534488678,0.932229364707391,0,0,0,1,1.89,0,0,12.0,133.59722900390625,0,0,0,0,0,4128.json,NotBuggy
3,0.1820748895406723,0.7282988913607832,0,0,0,1,1.89,0,1,22.0,129.69032287597656,0,2,0,0,0,2304.json,NotBuggy
7,0.8308037519454956,0.015973688142244175,5,4,9,4,1.81,0,4,64.0,108.76529693603516,0,1,1,0,0,5758.json,NotBuggy
3,0.7746476531028748,0.9083334808156639,0,0,0,1,1.89,0,0,18.0,130.99049377441406,0,1,0,0,0,78.json,NotBuggy
3,0.8297240138053894,0.7288550689037181,0,0,0,1,1.89,0,2,20.0,130.07347106933594,0,0,0,0,0,4559.json,NotBuggy
3,0.023663664236664772,0.929633918837631,0,0,0,1,1.89,0,0,12.0,133.59722900390625,0,0,0,0,0,2997.json,NotBuggy
3,0.7435352206230164,0.9476671185286788,0,0,0,1,1.89,0,1,15.0,132.25152587890625,0,0,0,0,0,5158.json,NotBuggy
3,0.31814098358154297,0.715157803224562,0,0,0,1,1.89,0,1,20.0,130.07347106933594,0,1,0,0,0,711.json,NotBuggy
3,0.8696622848510742,0.8822248071928005,0,0,0,1,1.89,0,1,16.0,131.75106811523438,0,0,0,0,0,3515.json,NotBuggy
3,0.2205108106136322,0.9284432226953455,0,0,0,1,1.89,0,0,14.0,132.61029052734375,0,0,0,0,0,3026.json,NotBuggy
3,0.8890359997749329,0.8506132437050989,0,0,0,1,1.89,0,1,16.0,131.75106811523438,0,0,0,0,0,2822.json,NotBuggy
5,0.7661678791046143,0.8560094365330505,1,1,2,2,2.99,0,1,26.0,120.20379638671875,0,1,0,0,0,3275.json,NotBuggy
3,0.5479726791381836,0.9489106976683579,0,0,0,1,1.89,0,0,12.0,133.59722900390625,0,0,0,0,0,3863.json,NotBuggy
3,0.0,2.509077599161811E-4,1,1,2,2,1.89,0,7,71.0,122.35730743408203,0,2,0,0,0,1362.json,NotBuggy
47,0.0,2.1157311943955163E-11,6,7,13,8,21.86,3,31,252.0,68.66046142578125,0,4,5,0,0,6407.json,NotBuggy
3,0.8682973384857178,0.5082666024146583,0,0,0,1,1.89,0,2,21.0,129.81976318359375,0,1,0,0,0,4946.json,NotBuggy
3,0.8002212047576904,0.7656619272072077,0,0,0,1,1.89,0,0,20.0,130.07347106933594,0,2,0,0,0,1887.json,NotBuggy
5,0.7661678791046143,0.8560094365330505,1,1,2,2,2.99,0,1,26.0,120.20379638671875,0,1,0,0,0,3594.json,NotBuggy
5,0.38121694326400757,0.6599050558833098,1,1,2,2,2.99,1,3,27.0,119.80731201171875,0,1,0,0,0,3933.json,NotBuggy
5,0.4865690767765045,0.709924096866077,1,1,2,2,2.99,1,3,27.0,119.80731201171875,0,1,0,0,0,3651.json,NotBuggy
3,0.6103717088699341,0.7793538380333004,0,0,0,1,1.89,0,0,19.0,130.57513427734375,0,0,0,0,0,803.json,NotBuggy
9,0.0014412433374673128,8.504461820351634E-5,1,1,2,2,2.67,1,9,85.0,103.11493682861328,0,2,1,0,0,6321.json,NotBuggy
3,0.003030360210686922,0.06003466603416113,0,0,0,1,1.89,0,4,40.0,125.87184143066406,0,2,0,0,0,1419.json,NotBuggy
3,0.0,2.711838451330618E-4,1,1,2,2,1.89,0,9,70.0,122.32908630371094,0,2,0,0,0,999.json,NotBuggy
5,0.5766302347183228,0.6666442839126762,0,0,0,1,1.96,0,2,31.0,119.41529846191406,0,0,1,0,0,5725.json,NotBuggy
3,0.3578256368637085,0.7137306206025147,0,0,0,1,1.89,0,1,21.0,129.93223571777344,0,0,0,0,0,4124.json,NotBuggy
3,0.907468855381012,0.96090701345747,0,0,0,1,1.89,0,0,12.0,133.59722900390625,0,0,0,0,0,3477.json,NotBuggy
3,0.8100385069847107,0.9574108665937873,0,0,0,1,1.89,0,0,12.0,133.59722900390625,0,0,0,0,0,4398.json,NotBuggy
3,0.3439716696739197,0.8865309264503496,0,0,0,1,1.89,0,2,16.0,131.91592407226562,0,0,0,0,0,6725.json,NotBuggy
5,0.020158296450972557,0.40215211316526905,0,0,0,1,1.96,0,2,36.0,118.2886962890625,0,1,1,0,0,552.json,NotBuggy
3,0.7837258577346802,0.7672924891325593,0,0,0,1,1.89,0,0,20.0,130.07347106933594,0,2,0,0,0,1868.json,NotBuggy
3,0.4478917121887207,0.7394982351028376,0,0,0,1,1.89,0,1,21.0,129.93223571777344,0,0,0,0,0,582.json,NotBuggy
3,0.476299911737442,0.9121285368343705,0,0,0,1,1.89,0,0,14.0,132.61029052734375,0,0,0,0,0,3860.json,NotBuggy
5,0.7661678791046143,0.8560094365330505,1,1,2,2,2.99,0,1,26.0,120.20379638671875,0,1,0,0,0,4107.json,NotBuggy
20,6.967915105633438E-4,4.129151282283471E-5,2,4,6,5,3.46,1,12,125.0,87.7100830078125,0,2,2,0,0,891.json,NotBuggy
3,0.9463393688201904,0.9681371254852748,0,0,0,1,1.89,0,0,12.0,133.59722900390625,0,0,0,0,0,5066.json,NotBuggy
9,1.7762988863978535E-4,1.9057674451830063E-4,4,2,6,3,2.67,1,9,87.0,103.22090911865234,0,4,0,0,0,5675.json,NotBuggy
5,0.3391225039958954,0.6546001501041494,1,1,2,2,2.99,1,3,27.0,119.80731201171875,0,1,0,0,0,3188.json,NotBuggy
6,0.20325765013694763,0.11413510694421342,3,1,4,2,2.75,0,3,45.0,113.6710433959961,0,2,1,0,0,1580.json,NotBuggy
3,0.0,2.753265624352245E-5,1,1,2,2,1.89,0,11,83.0,121.44329071044922,0,2,0,0,0,1345.json,NotBuggy
4,0.07263548672199249,0.6998886020465933,0,0,0,1,2.0,0,2,27.0,123.85247039794922,0,2,0,0,0,2336.json,Buggy
3,0.851422905921936,0.8614348222228599,0,0,0,1,1.89,0,1,16.0,131.75106811523438,0,0,0,0,0,4023.json,NotBuggy
20,8.447293075732887E-4,3.842698928542002E-5,2,4,6,5,3.46,1,12,125.0,87.7100830078125,0,2,2,0,0,881.json,NotBuggy
9,0.0022549638524651527,0.06444212010144401,1,1,2,2,2.27,0,4,56.0,105.96532440185547,0,1,0,0,0,3203.json,NotBuggy
3,0.7788463830947876,0.5278055310479324,0,0,0,1,1.89,0,1,24.0,129.12539672851562,0,1,0,0,0,5135.json,NotBuggy
3,0.4992780089378357,0.8895782119813738,0,0,0,1,0.94,0,0,14.0,132.4454345703125,0,0,0,0,0,6254.json,NotBuggy
3,0.5700660347938538,0.9515151933481827,0,0,0,1,1.89,0,0,12.0,133.59722900390625,0,0,0,0,0,623.json,NotBuggy
3,0.19795648753643036,0.7144715202186879,0,0,0,1,1.89,0,1,22.0,129.69032287597656,0,2,0,0,0,2285.json,NotBuggy
12,0.0,2.7102027982973132E-5,3,3,6,4,4.65,3,14,105.0,97.1220932006836,0,2,1,0,0,6468.json,NotBuggy
3,0.7149278521537781,0.9202939215329716,0,0,0,1,1.89,0,1,15.0,132.25152587890625,0,0,0,0,0,5414.json,NotBuggy
3,0.013618649914860725,0.9369558417324204,0,0,0,1,1.89,0,0,12.0,133.59722900390625,0,0,0,0,0,3620.json,NotBuggy
3,0.7578322887420654,0.9556197447687095,0,0,0,1,1.89,0,0,12.0,133.59722900390625,0,0,0,0,0,3544.json,NotBuggy
3,0.35715019702911377,0.8836348644563846,0,0,0,1,1.89,0,1,15.0,132.086669921875,0,0,0,0,0,6687.json,NotBuggy
3,0.14335529506206512,0.11197247412315411,0,0,0,1,1.89,0,5,36.0,126.72693634033203,0,0,0,0,0,6243.json,NotBuggy
3,0.21256059408187866,0.8966152335004085,0,0,0,1,1.89,0,0,14.0,132.61029052734375,0,0,0,0,0,758.json,NotBuggy
3,1.059714995790273E-4,0.2828839427919332,0,0,0,1,1.89,0,1,33.0,127.17938995361328,0,2,0,0,0,3523.json,NotBuggy
3,0.005390526261180639,0.21003665736478996,0,0,0,1,1.89,0,2,32.0,127.03218841552734,0,2,0,0,0,433.json,NotBuggy
3,0.15643538534641266,0.8699409573440345,0,0,0,1,1.89,0,0,14.0,132.4454345703125,0,0,0,0,0,670.json,NotBuggy
3,0.6432034969329834,0.787230601652264,0,0,0,1,1.89,0,0,17.0,131.28770446777344,0,1,0,0,0,6077.json,NotBuggy
3,0.35584506392478943,0.685565243538986,0,0,0,1,1.89,0,1,20.0,130.07347106933594,0,1,0,0,0,4185.json,NotBuggy
3,0.5446959137916565,0.6690193058844494,0,0,0,1,3.77,0,1,18.0,130.85629272460938,0,0,0,0,0,659.json,NotBuggy
3,0.25955140590667725,0.9353876093002713,0,0,0,1,1.89,0,0,12.0,133.59722900390625,0,0,0,0,0,4089.json,NotBuggy
3,0.4146752953529358,0.6447311928512405,0,0,0,1,1.89,0,1,22.0,129.47398376464844,0,2,0,0,0,1717.json,NotBuggy
3,1.059714995790273E-4,0.2828839427919332,0,0,0,1,1.89,0,1,33.0,127.17938995361328,0,2,0,0,0,4234.json,NotBuggy
3,0.3993714153766632,0.6971239980526843,0,0,0,1,1.89,0,1,20.0,130.07347106933594,0,1,0,0,0,608.json,NotBuggy
7,0.9662572741508484,0.01270130086941579,4,5,9,5,1.81,0,3,66.0,108.32080841064453,0,1,1,0,0,6377.json,NotBuggy
12,2.1816033404320478E-4,0.011192085274410422,2,2,4,3,2.31,1,4,72.0,99.49462890625,0,1,0,0,0,2943.json,NotBuggy
3,0.40096259117126465,0.8877159879144073,0,0,0,1,1.89,0,0,15.0,132.25152587890625,0,0,0,0,0,6946.json,NotBuggy
3,0.7687901854515076,0.7952579680259132,0,0,0,1,1.89,0,0,20.0,130.07347106933594,0,2,0,0,0,1923.json,NotBuggy
3,0.8715446591377258,0.9576601364258756,0,0,0,1,1.89,0,0,12.0,133.59722900390625,0,0,0,0,0,6755.json,NotBuggy
5,0.8636004328727722,0.9216302690400251,0,0,0,1,5.43,0,0,21.0,121.77933502197266,0,0,0,0,0,6875.json,NotBuggy
5,0.3391225039958954,0.6546001501041494,1,1,2,2,2.99,1,3,27.0,119.80731201171875,0,1,0,0,0,3192.json,NotBuggy
3,0.4401409327983856,0.7570496413564267,0,0,0,1,1.89,0,1,19.0,130.34019470214844,0,0,0,0,0,4388.json,NotBuggy
3,0.5209462642669678,0.7548155079528303,0,0,0,1,1.89,0,1,21.0,129.93223571777344,0,0,0,0,0,2757.json,NotBuggy
4,0.06415794789791107,0.25617385705718576,0,0,0,1,2.0,0,2,34.0,122.20084381103516,0,2,1,0,0,5025.json,NotBuggy
22,0.0028225844725966454,3.3455337043833656E-5,7,5,12,8,4.56,3,11,133.0,85.07283020019531,1,2,4,0,0,6036.json,NotBuggy
3,0.37580206990242004,0.9536369322205235,0,0,0,1,1.89,0,0,12.0,133.59722900390625,0,0,0,0,0,5561.json,NotBuggy
3,0.18933725357055664,0.8796737051531955,0,0,0,1,1.89,0,0,14.0,132.4454345703125,0,0,0,0,0,4349.json,NotBuggy
3,0.30712100863456726,0.9448284371667517,0,0,0,1,1.89,0,0,12.0,133.59722900390625,0,0,0,0,0,3859.json,NotBuggy
8,0.05317819118499756,0.04983990646206091,2,1,3,2,3.12,1,6,55.0,107.7956771850586,0,2,1,0,0,293.json,NotBuggy
3,0.7881513237953186,0.7532682818735309,0,0,0,1,1.89,0,0,20.0,130.07347106933594,0,2,0,0,0,1897.json,NotBuggy
3,0.964813768863678,0.9583848497986057,0,0,0,1,1.89,0,0,12.0,133.80813598632812,0,0,0,0,0,5286.json,NotBuggy
5,0.4865690767765045,0.721679996187247,1,1,2,2,2.99,1,3,27.0,119.80731201171875,0,1,0,0,0,3638.json,NotBuggy
6,0.0,0.0011552236880960527,0,0,0,1,1.89,0,11,73.0,111.38529205322266,0,2,0,0,0,1523.json,NotBuggy
3,0.342165470123291,0.8880389070134,0,0,0,1,1.89,0,0,14.0,132.4454345703125,0,0,0,0,0,685.json,NotBuggy
3,0.95562344789505,0.9525859894648455,0,0,0,1,1.89,0,0,14.0,132.61029052734375,0,1,0,0,0,140.json,NotBuggy
3,0.6174148917198181,0.7902204453198697,0,0,0,1,1.89,0,0,19.0,130.34019470214844,0,2,0,0,0,1558.json,NotBuggy
5,0.7661678791046143,0.8560094365330505,1,1,2,2,2.99,0,1,26.0,120.20379638671875,0,1,0,0,0,3827.json,NotBuggy
3,0.06668010354042053,0.7210384163721312,0,0,0,1,1.89,0,1,22.0,129.69032287597656,0,2,0,0,0,3397.json,NotBuggy
3,0.3262373208999634,0.7158352541624838,0,0,0,1,1.89,0,1,20.0,130.07347106933594,0,1,0,0,0,2964.json,NotBuggy
3,0.18802028894424438,0.7422840386642662,0,0,0,1,1.89,0,1,22.0,129.69032287597656,0,2,0,0,0,2250.json,NotBuggy
5,0.7661678791046143,0.8560094365330505,1,1,2,2,2.99,0,1,26.0,120.20379638671875,0,1,0,0,0,4179.json,NotBuggy
3,0.558075487613678,0.7434928447536644,0,0,0,1,1.89,0,1,21.0,129.93223571777344,0,0,0,0,0,3541.json,NotBuggy
3,0.847960352897644,0.9363566524250937,0,0,0,1,1.89,0,0,13.0,132.9956512451172,0,0,0,0,0,4567.json,NotBuggy
3,0.9503471255302429,0.9622471745605029,0,0,0,1,1.89,0,0,13.0,132.9956512451172,0,1,0,0,0,328.json,NotBuggy
11,0.14288319647312164,0.0011189889744469444,2,2,4,3,2.41,1,4,78.0,100.22673797607422,0,2,2,0,0,5866.json,NotBuggy
3,0.0,1.7185277562992858E-6,3,3,6,4,1.89,0,13,99.0,120.01878356933594,0,2,0,0,0,975.json,NotBuggy
5,0.15905943512916565,0.6666855679383606,1,1,2,2,2.99,0,1,31.0,119.08892822265625,0,2,0,0,0,4004.json,NotBuggy
5,0.4865690767765045,0.7267129488826526,1,1,2,2,2.99,1,3,27.0,119.80731201171875,0,1,0,0,0,3654.json,NotBuggy
8,0.5492154955863953,0.6411057297639627,0,0,0,1,3.97,1,2,38.0,110.3192367553711,0,1,0,0,0,3347.json,NotBuggy
3,0.596823513507843,0.6964528745054701,0,0,0,1,1.89,0,2,21.0,129.81976318359375,0,1,0,0,0,4944.json,NotBuggy
3,0.9386556148529053,0.9549700135201219,0,0,0,1,1.89,0,0,12.0,133.59722900390625,0,0,0,0,0,5294.json,NotBuggy
8,0.054476670920848846,6.622911858803946E-4,0,0,0,1,4.9,0,6,79.0,106.09059143066406,0,1,2,0,0,5450.json,NotBuggy
3,0.8175303936004639,0.7942105268217119,0,0,0,1,1.89,0,1,23.0,129.4591827392578,0,1,0,0,0,5127.json,NotBuggy
3,0.0,1.7396925348218877E-4,1,1,2,2,1.89,0,9,73.0,122.16075897216797,0,2,0,0,0,948.json,NotBuggy
5,0.15905943512916565,0.6666855679383606,1,1,2,2,2.99,0,1,31.0,119.08892822265625,0,2,0,0,0,820.json,NotBuggy
3,0.168026402592659,0.9413490761170549,0,0,0,1,1.89,0,0,12.0,133.59722900390625,0,0,0,0,0,3843.json,NotBuggy
3,0.029134318232536316,0.3117998369296537,0,0,0,1,1.89,0,2,29.0,127.94110107421875,0,1,0,0,0,6233.json,NotBuggy
11,0.5484792590141296,0.705795347058942,2,3,5,4,3.95,2,2,47.0,103.3649673461914,0,1,0,0,0,2861.json,NotBuggy
17,0.0055996146984398365,1.0220269040353157E-6,4,4,8,5,3.88,3,20,137.0,89.60617065429688,0,1,4,0,0,6344.json,NotBuggy
3,0.2241792529821396,0.8839144292321209,0,0,0,1,1.89,0,0,14.0,132.4454345703125,0,0,0,0,0,3236.json,NotBuggy
3,0.4549112617969513,0.8643641450962217,0,0,0,1,1.89,0,1,19.0,130.57513427734375,0,1,0,0,0,5208.json,NotBuggy
10,0.021808523684740067,0.003244657405370416,2,2,4,3,3.49,1,6,75.0,102.14214324951172,0,2,2,0,0,893.json,NotBuggy
8,0.07870274037122726,0.013317305871298013,6,2,8,3,2.83,0,6,63.0,106.9710464477539,0,2,1,0,0,1568.json,NotBuggy
3,0.0,2.4714736276131868E-6,2,2,4,3,1.89,0,14,99.0,120.34652709960938,0,2,0,0,0,1394.json,NotBuggy
12,0.00328154768794775,4.535199236506598E-6,3,2,5,3,2.31,1,12,108.0,96.97919464111328,0,1,3,0,0,298.json,NotBuggy
3,1.059714995790273E-4,0.2828839427919332,0,0,0,1,1.89,0,1,33.0,127.17938995361328,0,2,0,0,0,3774.json,NotBuggy
3,1.8489471403881907E-4,0.044304093145045485,0,0,0,1,1.89,0,4,43.0,125.56587982177734,0,2,0,0,0,1425.json,NotBuggy
3,0.9436226487159729,0.9644062915285745,0,0,0,1,1.89,0,0,12.0,133.59722900390625,0,0,0,0,0,6176.json,NotBuggy
3,0.4720412492752075,0.9010286022295794,0,0,0,1,1.89,0,1,15.0,132.25152587890625,0,0,0,0,0,5635.json,NotBuggy
3,0.19476652145385742,0.4323884532314829,0,0,0,1,1.89,0,2,27.0,128.31268310546875,0,2,0,0,0,1010.json,NotBuggy
3,0.6320021152496338,0.7634816246247771,0,0,0,1,1.89,0,0,19.0,130.57513427734375,0,0,0,0,0,401.json,NotBuggy
3,0.5307106375694275,0.9032580769884814,0,0,0,1,1.89,0,1,15.0,132.25152587890625,0,0,0,0,0,4551.json,NotBuggy
8,0.010989542119204998,0.03492670157660426,0,0,0,1,1.73,0,4,61.0,107.78804016113281,0,2,1,0,0,5556.json,NotBuggy
3,0.5984556674957275,0.7539594306639503,0,0,0,1,1.89,0,0,19.0,130.57513427734375,0,0,0,0,0,807.json,NotBuggy
3,0.45522594451904297,0.7228721357278581,0,0,0,1,1.89,0,1,21.0,129.93223571777344,0,0,0,0,0,4166.json,NotBuggy
3,0.9486761689186096,0.985028227774031,0,0,0,1,1.89,0,0,12.0,133.59722900390625,0,0,0,0,0,539.json,NotBuggy
11,0.24755965173244476,0.09819671170030203,4,3,7,4,3.95,2,4,63.0,101.52503204345703,0,1,1,0,0,617.json,NotBuggy
5,0.20940302312374115,0.6254135344676578,1,1,2,2,2.99,1,3,27.0,119.80731201171875,0,1,0,0,0,3934.json,NotBuggy
3,0.35631731152534485,0.7237829439025693,0,0,0,1,1.89,0,1,20.0,130.07347106933594,0,1,0,0,0,4205.json,NotBuggy
3,0.35976994037628174,0.6509562229277883,0,0,0,1,1.89,0,1,22.0,129.47398376464844,0,2,0,0,0,1721.json,NotBuggy
7,0.029072413221001625,0.04925076668591198,1,1,2,2,2.56,1,7,53.0,110.32292938232422,0,0,1,0,0,6787.json,NotBuggy
3,0.5461042523384094,0.9015994977964464,0,0,0,1,1.89,0,1,15.0,132.25152587890625,0,0,0,0,0,4802.json,NotBuggy
3,0.1958373785018921,0.7042389923071565,0,0,0,1,1.89,0,1,23.0,129.34671020507812,0,2,0,0,0,2187.json,NotBuggy
9,0.003997057676315308,0.01361471877495974,1,1,2,2,2.27,1,6,63.0,105.23589324951172,0,1,1,0,0,5522.json,NotBuggy
5,0.5227156281471252,0.24469671186929762,1,1,2,2,1.96,0,2,38.0,117.77754974365234,0,0,1,0,0,5567.json,NotBuggy
3,0.9463393688201904,0.9704564398041274,0,0,0,1,1.89,0,0,12.0,133.59722900390625,0,0,0,0,0,3240.json,NotBuggy
3,0.19381311535835266,0.7056506323202155,0,0,0,1,1.89,0,1,22.0,129.69032287597656,0,2,0,0,0,2242.json,NotBuggy
3,1.059714995790273E-4,0.2828839427919332,0,0,0,1,1.89,0,1,33.0,127.17938995361328,0,2,0,0,0,810.json,NotBuggy
17,0.009502341970801353,9.341134183458266E-5,6,5,11,6,3.87,2,7,113.0,90.63770294189453,0,2,2,0,0,4366.json,NotBuggy
8,0.08201124519109726,0.014729970581906225,6,2,8,3,2.83,0,6,63.0,106.9710464477539,0,2,1,0,0,1611.json,NotBuggy
5,2.1685590036213398E-4,0.0023697169464231872,0,0,0,1,1.96,0,1,62.0,115.01676940917969,0,5,1,0,0,270.json,NotBuggy
7,0.042007897049188614,1.0725861938301232E-4,1,1,2,2,2.56,1,8,76.0,107.70193481445312,0,2,1,0,0,5710.json,NotBuggy
3,0.36857765913009644,0.8847710942049684,0,0,0,1,1.89,0,0,14.0,132.4454345703125,0,0,0,0,0,4339.json,NotBuggy
5,0.7661678791046143,0.8560094365330505,1,1,2,2,2.99,0,1,26.0,120.20379638671875,0,1,0,0,0,4034.json,NotBuggy
5,0.15905943512916565,0.6666855679383606,1,1,2,2,2.99,0,1,31.0,119.08892822265625,0,2,0,0,0,4065.json,NotBuggy
3,0.4161020815372467,0.7837799364004674,0,0,0,1,1.89,0,1,18.0,130.7338104248047,0,0,0,0,0,3954.json,NotBuggy
3,0.5333688259124756,0.7687118817314271,0,0,0,1,1.89,0,1,21.0,129.93223571777344,0,0,0,0,0,3794.json,NotBuggy
3,0.7593258619308472,0.8671890169149181,0,0,0,1,1.89,0,0,17.0,131.03103637695312,0,2,0,0,0,2129.json,NotBuggy
17,0.5203476548194885,0.5246866997806008,0,0,0,1,3.43,1,4,71.0,94.54124450683594,0,0,1,0,0,5237.json,NotBuggy
3,0.37076669931411743,0.779517958777981,0,0,0,1,1.89,0,1,19.0,130.34019470214844,0,0,0,0,0,3786.json,NotBuggy
32,0.0,7.560205696686903E-24,4,4,8,8,3.9,2,44,342.0,73.1949462890625,0,4,12,0,0,339.json,NotBuggy
3,0.5632349848747253,0.22728865616957905,0,0,0,1,1.89,0,3,29.0,128.0374755859375,0,0,0,0,0,156.json,NotBuggy
3,0.006650072988122702,0.661532588625736,0,0,0,1,1.89,0,2,28.0,128.5587615966797,0,0,0,0,0,5295.json,NotBuggy
3,0.9523048996925354,0.9659135886290161,0,0,0,1,1.89,0,0,12.0,133.59722900390625,0,0,0,0,0,5475.json,NotBuggy
3,0.5336528420448303,0.9520586311338648,0,0,0,1,1.89,0,0,12.0,133.59722900390625,0,0,0,0,0,6854.json,NotBuggy
3,0.7577912211418152,0.9356438996671596,0,0,0,1,1.89,0,0,12.0,133.59722900390625,0,0,0,0,0,4796.json,NotBuggy
3,0.17138947546482086,0.649965906457506,0,0,0,1,1.89,0,2,21.0,129.93223571777344,0,0,0,0,0,6604.json,NotBuggy
3,0.9463393688201904,0.9735349382127279,0,0,0,1,1.89,0,0,12.0,133.59722900390625,0,0,0,0,0,4417.json,NotBuggy
5,0.1595524400472641,0.09486104269898613,0,0,0,1,1.96,0,3,41.0,117.40169525146484,0,2,2,0,0,5996.json,NotBuggy
15,0.0019591895397752523,3.7164430225888754E-5,3,4,7,5,3.52,1,12,113.0,92.93791961669922,0,2,2,0,0,909.json,NotBuggy
3,0.3359077274799347,0.6583059223355969,0,0,0,1,1.89,0,1,22.0,129.47398376464844,0,2,0,0,0,1709.json,NotBuggy
3,0.3706105649471283,0.6912615018258491,0,0,0,1,1.89,0,1,20.0,130.07347106933594,0,1,0,0,0,742.json,NotBuggy
5,0.4270360767841339,0.47100465904355965,0,0,0,2,2.99,0,2,34.0,118.28166961669922,0,1,1,0,0,2359.json,NotBuggy
5,0.46027037501335144,0.702442954905024,1,1,2,2,2.99,1,3,27.0,119.80731201171875,0,1,0,0,0,3923.json,NotBuggy
3,0.0,0.3508860082601214,0,0,0,1,1.89,0,1,31.0,127.50450134277344,0,1,0,0,0,9.json,NotBuggy
11,0.6239882707595825,0.7471665207937532,2,3,5,4,3.95,2,2,47.0,103.3649673461914,0,1,0,0,0,3988.json,NotBuggy
7,0.06228167563676834,0.037977978303423705,2,1,3,2,2.56,1,4,55.0,110.13031005859375,0,1,2,0,0,5557.json,NotBuggy
3,0.2350386381149292,0.6331902422053811,0,0,0,1,1.89,0,0,26.0,128.50894165039062,0,2,0,0,0,5164.json,NotBuggy
5,0.7661678791046143,0.8560094365330505,1,1,2,2,2.99,0,1,26.0,120.20379638671875,0,1,0,0,0,2969.json,NotBuggy
3,0.5835428237915039,0.8488904970966439,0,0,0,1,1.89,0,1,16.0,131.75106811523438,0,0,0,0,0,6172.json,NotBuggy
5,0.7661678791046143,0.8560094365330505,1,1,2,2,2.99,0,1,26.0,120.20379638671875,0,1,0,0,0,4484.json,NotBuggy
3,0.0,3.976657836571675E-10,1,1,2,2,1.89,0,19,145.0,118.32060241699219,0,2,0,0,0,996.json,NotBuggy
3,0.10270898789167404,0.6835264254145985,0,0,0,1,1.89,0,2,24.0,129.2378692626953,0,1,0,0,0,5693.json,NotBuggy
3,0.4474509656429291,0.7623141084975482,0,0,0,1,1.89,0,1,19.0,130.34019470214844,0,0,0,0,0,609.json,NotBuggy
4,0.8789785504341125,0.6148325291089188,0,0,0,1,2.0,0,1,26.0,124.04872131347656,0,1,1,0,0,4273.json,NotBuggy
3,0.2917848825454712,0.8833642423318859,0,0,0,1,1.89,0,0,14.0,132.4454345703125,0,0,0,0,0,2758.json,NotBuggy
3,0.5609195232391357,0.6664723965039753,0,0,0,1,1.89,0,1,22.0,129.69032287597656,0,1,0,0,0,5297.json,NotBuggy
3,0.8263209462165833,0.5480909615591381,0,0,0,1,1.89,0,1,24.0,129.12539672851562,0,1,0,0,0,5132.json,NotBuggy
3,0.38173648715019226,0.8040160990601649,0,0,0,1,1.89,0,1,18.0,130.7338104248047,0,0,0,0,0,3665.json,NotBuggy
3,0.20644237101078033,0.7072438455482213,0,0,0,1,1.89,0,1,22.0,129.69032287597656,0,2,0,0,0,2265.json,NotBuggy
3,0.7381834387779236,0.9225425137507888,0,0,0,1,1.89,0,0,17.0,131.28770446777344,0,1,0,0,0,5340.json,NotBuggy
3,0.40516766905784607,0.7576633772752017,0,0,0,1,1.89,0,1,19.0,130.34019470214844,0,0,0,0,0,3547.json,NotBuggy
3,0.996738851070404,0.896698723237026,0,0,0,1,1.89,0,0,20.0,130.07347106933594,0,2,0,0,0,6428.json,NotBuggy
5,0.7839081883430481,0.9088686072748433,0,0,0,1,5.43,0,0,21.0,121.77933502197266,0,0,0,0,0,6148.json,NotBuggy
3,0.9450896382331848,0.9549595135952591,0,0,0,1,1.89,0,0,13.0,132.9956512451172,0,0,0,0,0,694.json,NotBuggy
25,0.0,3.5751555661711186E-8,4,7,11,8,3.41,1,21,176.0,81.58483123779297,0,2,2,0,0,880.json,NotBuggy
3,0.2633500397205353,0.8858099515292206,0,0,0,1,1.89,0,0,14.0,132.4454345703125,0,0,0,0,0,4145.json,NotBuggy
