SLOCStandard,Readability,SimpleReadability,NVAR,NCOMP,Mcclure,McCabe,IndentSTD,MaximumBlockDepth,totalFanOut,Length,MaintainabilityIndex,SATD,Parameters,LocalVariables,ChangeAtMethodAge,CriticalEditDistances,file,Detection
11,0.48860079050064087,0.08338098451823281,1,1,2,3,7.9,2,3,56.0,102.31302642822266,0,0,0,0,0,104.json,NotBuggy
3,0.28196001052856445,0.867554128720155,0,0,0,1,3.77,0,2,13.0,133.39190673828125,0,0,0,0,0,761.json,NotBuggy
6,0.02076513133943081,0.8035974130225374,0,0,0,1,10.99,0,0,23.0,118.48686981201172,0,0,0,0,0,2260.json,NotBuggy
68,0.0,1.8463141560078502E-28,13,15,28,18,8.54,4,32,431.0,57.047630310058594,0,1,14,0,0,1843.json,NotBuggy
7,0.32979732751846313,0.00827710817346159,3,1,4,3,5.11,1,3,60.0,109.1744384765625,0,1,2,0,0,3173.json,NotBuggy
3,0.5652111768722534,0.8257743055376346,0,0,0,1,3.77,0,0,14.0,132.4454345703125,0,0,0,0,0,922.json,NotBuggy
3,0.6625103950500488,0.8340904089736839,0,0,0,1,3.77,0,0,17.0,131.28770446777344,0,1,0,0,0,274.json,NotBuggy
2,0.9942559003829956,0.8107561804618245,0,0,0,1,3.77,0,0,14.0,139.0139617919922,0,1,0,0,0,260.json,NotBuggy
26,0.0,1.5485648341457893E-17,5,5,10,6,9.61,3,16,255.0,78.48089599609375,0,3,7,0,0,2930.json,Buggy
5,0.6143253445625305,0.12476318037842368,1,1,2,2,3.92,0,3,39.0,117.49811553955078,0,1,1,0,0,2527.json,NotBuggy
17,0.003680378431454301,3.438169764985114E-5,4,4,8,9,6.1,4,7,111.0,90.08313751220703,0,1,6,0,0,3191.json,NotBuggy
1,0.9536150693893433,0.5345927547264895,0,0,0,1,0.0,0,0,18.0,148.41885375976562,0,0,0,0,0,26.json,NotBuggy
20,0.0,7.00183820098665E-11,7,7,14,5,6.44,2,7,186.0,85.35074615478516,0,4,3,0,0,326.json,NotBuggy
13,1.1091727355960757E-4,2.0983844383890314E-6,1,1,2,2,5.77,1,4,116.0,95.61141967773438,0,2,2,0,0,2812.json,Buggy
7,1.613221684237942E-4,2.0809716834470617E-4,3,2,5,3,5.11,0,8,81.0,107.5660400390625,0,2,1,0,0,2121.json,NotBuggy
3,0.5582119822502136,0.6834102371880516,0,0,0,1,3.77,0,1,18.0,130.7338104248047,0,0,0,0,0,2094.json,NotBuggy
1,0.0,0.638246665762917,0,0,0,1,0.0,0,0,17.0,149.08523559570312,0,2,0,0,0,88.json,NotBuggy
24,0.0020065654534846544,2.9392104630556344E-7,7,8,15,8,11.77,6,6,144.0,82.75666809082031,0,2,3,0,0,3156.json,Buggy
1,0.10622367262840271,0.7106338821410122,0,0,0,1,0.0,0,0,17.0,148.95103454589844,0,2,0,0,0,858.json,NotBuggy
3,0.6096163392066956,0.7822066305492521,0,0,0,1,3.77,0,0,18.0,130.7338104248047,0,2,0,0,0,1581.json,NotBuggy
17,0.005658093374222517,3.237824824201226E-5,8,7,15,6,6.69,2,11,103.0,90.76437377929688,0,1,3,0,0,194.json,NotBuggy
3,0.0,0.13309316110992386,0,0,0,1,3.77,0,4,33.0,127.01653289794922,0,1,0,0,0,839.json,NotBuggy
7,0.15170317888259888,0.1821498631930925,0,0,0,2,6.05,1,3,41.0,111.8573226928711,0,1,0,0,0,1871.json,NotBuggy
7,0.11043845117092133,0.1304243650365612,0,0,0,1,7.84,1,1,44.0,111.58363342285156,0,1,0,0,0,469.json,NotBuggy
7,0.005385085009038448,0.004137880097671944,0,0,0,1,3.61,0,1,61.0,109.54849243164062,0,1,2,0,0,632.json,NotBuggy
9,0.01991090178489685,4.754727707015276E-4,2,2,4,3,3.33,0,1,79.0,103.672607421875,0,0,2,0,0,2297.json,NotBuggy
18,0.0,2.1617606711562587E-10,4,5,9,5,9.19,4,12,165.0,87.50303649902344,0,5,1,0,0,1528.json,NotBuggy
37,0.0,4.9380034886431046E-33,0,0,0,1,6.95,0,46,446.0,70.97749328613281,0,5,19,0,0,1404.json,NotBuggy
21,0.0025521176867187023,3.877098588774873E-8,2,2,4,5,7.05,2,2,153.0,85.60858917236328,0,1,7,0,0,2739.json,Buggy
3,0.007972425781190395,0.009251693673122936,0,0,0,1,3.77,0,0,53.0,124.63170623779297,0,1,0,0,0,908.json,NotBuggy
5,0.003948974888771772,0.13993519212273442,0,0,0,1,3.92,0,3,38.0,117.93329620361328,0,2,0,0,0,2710.json,NotBuggy
10,0.1877197027206421,0.0043323679597782995,0,0,0,3,5.99,1,5,64.0,102.92267608642578,0,3,1,0,0,452.json,NotBuggy
1,0.004632729105651379,0.476315115794105,0,0,0,1,0.0,0,0,20.0,147.87098693847656,0,2,0,0,0,84.json,NotBuggy
1,0.9934852719306946,0.7533707423979649,0,0,0,1,0.0,0,0,14.0,150.24295043945312,0,1,0,0,0,855.json,NotBuggy
3,0.03822178393602371,0.47000308199188773,0,0,0,1,3.77,0,1,24.0,129.2378692626953,0,2,0,0,0,544.json,NotBuggy
4,0.6158702373504639,0.3225727844534337,1,1,2,2,4.0,0,2,31.0,122.80022430419922,0,1,0,0,0,1423.json,NotBuggy
6,0.0,5.187655514148457E-4,0,0,0,1,10.99,0,7,70.0,111.37998962402344,0,1,0,0,0,3127.json,NotBuggy
12,0.34687092900276184,8.678382808159051E-5,7,6,13,5,10.04,1,5,92.0,97.46047973632812,0,3,3,0,0,898.json,NotBuggy
3,0.01661730371415615,0.38135074452502565,0,0,0,1,3.77,0,1,27.0,128.31268310546875,0,2,0,0,0,574.json,NotBuggy
3,0.4361003339290619,0.8316081358273173,0,0,0,1,3.77,0,0,15.0,132.25152587890625,0,0,0,0,0,614.json,NotBuggy
4,0.9570810198783875,0.614522908142454,1,1,2,2,4.0,0,0,23.0,124.45625305175781,0,1,0,0,0,1556.json,NotBuggy
5,4.190635809209198E-4,0.006551245441467576,0,0,0,1,3.92,0,1,54.0,115.84668731689453,0,1,1,0,0,629.json,NotBuggy
3,0.7212831974029541,0.8745847405732539,0,0,0,1,3.77,0,1,15.0,132.25152587890625,0,0,0,0,0,1646.json,NotBuggy
3,0.0,0.24423359186791718,0,0,0,1,3.77,0,1,27.0,128.22288513183594,0,0,0,0,0,1402.json,NotBuggy
29,0.001277449424378574,1.4460350098813337E-10,9,13,22,13,8.04,3,11,197.0,76.88689422607422,0,2,6,0,0,884.json,NotBuggy
6,0.5626803636550903,0.3955713074498685,2,1,3,3,5.5,1,1,33.0,115.40640258789062,0,1,1,0,0,885.json,NotBuggy
3,0.5985299944877625,0.8185916115282609,0,0,0,1,3.77,0,1,18.0,130.99049377441406,0,1,0,0,0,1601.json,NotBuggy
10,0.39373543858528137,0.007948193939210637,1,1,2,3,5.6,1,3,66.0,102.85283660888672,0,2,3,0,0,681.json,NotBuggy
5,0.3033381998538971,0.021669821427712677,3,2,5,2,3.92,0,5,49.0,116.31117248535156,0,1,1,0,0,2850.json,NotBuggy
3,0.38403597474098206,0.7871611488079381,0,0,0,1,3.77,0,1,19.0,130.85745239257812,0,1,0,0,0,572.json,NotBuggy
4,0.32480692863464355,0.645932529806222,0,0,0,1,4.0,0,2,24.0,124.4649429321289,0,2,0,0,0,1790.json,NotBuggy
5,0.039896782487630844,0.03668335716452218,0,0,0,2,3.92,0,1,47.0,116.52787017822266,0,1,2,0,0,925.json,NotBuggy
10,0.03030349314212799,1.4131041527693452E-4,0,0,0,1,3.2,0,3,86.0,101.54364776611328,0,2,6,0,0,2906.json,NotBuggy
3,0.19306185841560364,0.6297332462048648,0,0,0,1,3.77,0,0,20.0,129.9696044921875,0,3,0,0,0,59.json,NotBuggy
7,0.16262485086917877,0.027668704072965646,0,0,0,2,6.24,1,2,50.0,110.40240478515625,0,2,1,0,0,1805.json,NotBuggy
5,0.008345769718289375,0.00495693668294355,1,1,2,2,3.92,0,4,55.0,115.4642105102539,0,2,1,0,0,876.json,NotBuggy
1,0.9761024117469788,0.83482023646407,0,0,0,1,0.0,0,0,12.0,151.39474487304688,0,0,0,0,0,30.json,NotBuggy
6,0.03728412836790085,0.005896198284567428,0,0,0,1,3.77,0,1,55.0,112.53628540039062,0,2,2,0,0,680.json,NotBuggy
3,0.5647849440574646,0.7618363354289024,0,0,0,1,3.77,0,1,19.0,130.70933532714844,0,1,0,0,0,549.json,NotBuggy
29,0.0,1.3370242891901858E-14,7,7,14,10,6.77,4,18,246.0,76.18558502197266,0,2,9,0,0,1150.json,NotBuggy
3,0.6885305643081665,0.8109273207000343,0,0,0,1,3.77,0,1,18.0,130.99049377441406,0,1,0,0,0,387.json,NotBuggy
5,0.0034194865729659796,0.1484646717866312,0,0,0,1,3.92,0,3,38.0,117.93329620361328,0,2,0,0,0,2635.json,NotBuggy
1,0.659740686416626,0.6887069711280466,0,0,0,1,0.0,0,0,16.0,149.2662811279297,0,1,0,0,0,95.json,NotBuggy
3,0.13615356385707855,0.44289538527536515,0,0,0,1,3.77,0,2,25.0,128.8092498779297,0,0,0,0,0,2224.json,NotBuggy
13,0.0024347470607608557,4.730559783268724E-4,4,4,8,4,7.44,2,5,87.0,96.93601989746094,0,2,2,0,0,1127.json,NotBuggy
3,0.6386324763298035,0.28713707482833123,0,0,0,1,3.77,0,1,28.0,128.0337677001953,0,1,0,0,0,1893.json,NotBuggy
51,0.0,9.632338906974184E-21,10,28,38,24,7.8,5,18,334.0,62.007694244384766,0,3,6,0,0,182.json,NotBuggy
10,0.9225186109542847,0.43383727876830974,0,0,0,2,5.06,1,1,41.0,105.8797378540039,0,0,0,0,0,163.json,NotBuggy
3,6.529204547405243E-4,0.1055632163590668,0,0,0,1,3.77,0,1,33.0,127.01653289794922,0,3,0,0,0,3027.json,NotBuggy
3,6.384774460457265E-4,0.021174450860245365,2,2,4,3,3.77,0,3,44.0,124.84986114501953,0,0,0,0,0,3197.json,NotBuggy
3,0.74069744348526,0.7604319109986791,0,0,0,1,3.77,0,1,18.0,130.85629272460938,0,1,0,0,0,2481.json,NotBuggy
1,0.9728955030441284,0.52525221351063,0,0,0,1,0.0,0,0,18.0,148.41885375976562,0,0,0,0,0,44.json,NotBuggy
3,0.2936658263206482,0.8398762431011708,0,0,0,1,3.77,0,0,13.0,132.9956512451172,0,0,0,0,0,767.json,NotBuggy
3,1.1205275222891942E-4,0.1103696386454077,0,0,0,1,3.77,0,1,35.0,126.96322631835938,0,3,0,0,0,553.json,NotBuggy
5,0.004864850081503391,0.1380692557902717,0,0,0,1,3.92,0,3,38.0,117.93329620361328,0,2,0,0,0,2714.json,NotBuggy
3,0.916508138179779,0.8835580850505734,0,0,0,1,1.89,0,0,16.0,131.91592407226562,0,0,0,0,0,481.json,NotBuggy
12,5.049689207226038E-4,3.0342717627278583E-7,1,2,3,3,2.98,0,3,121.0,96.2594223022461,0,3,5,0,0,2789.json,NotBuggy
6,0.007466692477464676,4.2945040161180774E-5,1,3,4,4,3.77,0,0,87.0,109.61153411865234,0,1,0,0,0,1239.json,NotBuggy
4,0.3313685953617096,0.25668658964508473,2,1,3,2,4.0,0,2,33.0,122.2889404296875,0,1,0,0,0,2321.json,Buggy
3,0.20273099839687347,0.5316553348566935,0,0,0,1,3.77,0,1,23.0,129.14646911621094,0,2,0,0,0,3211.json,NotBuggy
3,0.8881044983863831,0.8551676007234028,0,0,0,1,3.77,0,0,13.0,132.9956512451172,0,0,0,0,0,827.json,NotBuggy
2,0.8839116096496582,0.8861554124819839,0,0,0,1,0.0,0,0,11.0,140.82913208007812,0,1,0,0,0,3190.json,NotBuggy
4,0.01496422290802002,0.2372828303897985,0,0,0,1,4.0,0,2,33.0,122.5189437866211,0,2,0,0,0,2809.json,NotBuggy
3,0.8187670707702637,0.6051409980842111,0,0,0,1,3.77,0,0,16.0,131.46876525878906,0,0,0,0,0,2869.json,NotBuggy
7,0.7485623359680176,0.23715194035510181,1,1,2,3,6.05,1,1,41.0,111.42787170410156,0,1,2,0,0,703.json,NotBuggy
2,0.8931466937065125,0.8407274667710696,0,0,0,1,0.0,0,0,15.0,138.50709533691406,0,2,0,0,0,2344.json,NotBuggy
3,0.3345513939857483,0.8363801632012903,0,0,0,1,3.77,0,1,15.0,132.25152587890625,0,0,0,0,0,2994.json,NotBuggy
1,0.9894795417785645,0.78750173211648,0,0,0,1,0.0,0,0,13.0,150.7931671142578,0,0,0,0,0,18.json,NotBuggy
3,0.8298105597496033,0.7985783474666942,0,0,0,1,3.77,0,1,17.0,131.43582153320312,0,0,0,0,0,716.json,NotBuggy
12,0.17638340592384338,0.8942428020572168,1,1,2,2,5.5,1,7,35.0,104.71044158935547,0,1,0,0,0,226.json,NotBuggy
1,0.0,0.19110328211956162,0,0,0,1,0.0,0,0,28.0,145.9210968017578,0,2,0,0,0,47.json,NotBuggy
3,0.008826172910630703,0.17164767557465846,0,0,0,1,3.77,0,2,30.0,127.51214599609375,0,2,0,0,0,2140.json,NotBuggy
7,0.1581997573375702,0.32648552159358457,0,0,0,1,3.61,0,0,41.0,112.51061248779297,0,1,0,0,0,2579.json,NotBuggy
5,0.09489510208368301,0.05415118035700952,2,3,5,3,3.92,0,2,42.0,116.58198547363281,0,1,0,0,0,2803.json,NotBuggy
3,0.03927292674779892,0.6620432869836236,0,0,0,1,3.77,0,0,21.0,129.81976318359375,0,3,0,0,0,768.json,NotBuggy
5,0.5562070608139038,0.2456421120081934,2,1,3,2,3.92,0,2,35.0,118.36804962158203,0,1,1,0,0,2849.json,NotBuggy
3,0.8951210379600525,0.8855196848179254,0,0,0,1,3.77,0,0,13.0,132.9956512451172,0,0,0,0,0,65.json,NotBuggy
9,0.5930032730102539,0.10349164680072467,0,0,0,3,5.9,1,4,48.0,106.53690338134766,0,1,0,0,0,241.json,NotBuggy
3,0.05288292095065117,0.9171285094174876,0,0,0,1,3.77,0,0,12.0,133.59722900390625,0,0,0,0,0,306.json,NotBuggy
8,0.8499247431755066,0.0049287181212079876,4,4,8,4,4.8,1,2,61.0,106.69528198242188,0,1,2,0,0,899.json,NotBuggy
3,0.6434621214866638,0.39253476329679127,0,0,0,1,3.77,0,1,20.0,130.07347106933594,0,1,0,0,0,3019.json,NotBuggy
3,0.7510668039321899,0.7861419885859788,0,0,0,1,3.77,0,1,19.0,130.70933532714844,0,1,0,0,0,2103.json,NotBuggy
3,0.5300512909889221,0.4396840054373276,0,0,0,1,3.77,0,0,23.0,128.893798828125,0,2,0,0,0,1666.json,NotBuggy
3,0.40843087434768677,0.8330313838131532,0,0,0,1,3.77,0,0,14.0,132.4454345703125,0,0,0,0,0,2273.json,NotBuggy
3,0.8851081132888794,0.9183694420379162,0,0,0,1,3.77,0,0,12.0,133.59722900390625,0,0,0,0,0,2489.json,NotBuggy
3,0.705904483795166,0.8290888648088658,0,0,0,1,3.77,0,1,16.0,131.75106811523438,0,0,0,0,0,409.json,NotBuggy
4,0.8278191685676575,0.1423953701794436,1,1,2,2,4.0,0,2,33.0,121.91535949707031,0,1,1,0,0,634.json,NotBuggy
3,0.7485814094543457,0.8386995858859237,0,0,0,1,3.77,0,0,13.0,132.9956512451172,0,0,0,0,0,828.json,NotBuggy
3,0.9384248852729797,0.8094320138056958,0,0,0,1,3.77,0,0,13.0,132.9956512451172,0,0,0,0,0,3007.json,NotBuggy
20,0.0,1.2664761051748056E-11,7,7,14,5,6.44,2,7,192.0,85.0932388305664,0,4,3,0,0,327.json,NotBuggy
1,0.9010640382766724,0.834551056537162,0,0,0,1,0.0,0,0,12.0,151.39474487304688,0,0,0,0,0,8.json,NotBuggy
3,0.18026140332221985,0.8856787696597292,0,0,0,1,3.77,0,0,12.0,133.59722900390625,0,0,0,0,0,1712.json,NotBuggy
3,0.42622992396354675,0.8431068806728058,0,0,0,1,3.77,0,1,15.0,132.25152587890625,0,0,0,0,0,1644.json,NotBuggy
16,0.10264285653829575,2.622058784906518E-4,5,8,13,11,5.84,3,3,92.0,91.24625396728516,0,2,1,0,0,2750.json,NotBuggy
3,0.8855403661727905,0.931365933524068,0,0,0,1,3.77,0,0,12.0,133.59722900390625,0,0,0,0,0,1754.json,NotBuggy
13,0.0024347470607608557,4.730559783268724E-4,4,4,8,4,7.44,2,5,87.0,96.93601989746094,0,2,2,0,0,1129.json,NotBuggy
5,0.09334056079387665,0.15703994691693104,0,0,0,1,3.92,0,2,37.0,118.07197570800781,0,1,1,0,0,495.json,NotBuggy
3,0.8325928449630737,0.9129397034440292,0,0,0,1,3.77,0,0,12.0,133.59722900390625,0,0,0,0,0,1488.json,NotBuggy
3,0.9388042688369751,0.7410245754863152,0,0,0,1,3.77,0,1,18.0,130.85629272460938,0,1,0,0,0,1222.json,NotBuggy
11,0.017799505963921547,5.248879804572126E-4,0,0,0,2,5.73,1,5,78.0,100.38147735595703,0,2,1,0,0,463.json,NotBuggy
3,0.3133091330528259,0.44885407894960727,0,0,0,1,3.77,0,0,25.0,129.1480712890625,0,0,0,0,0,620.json,NotBuggy
5,0.00560402637347579,0.12534250782166664,0,0,0,1,3.92,0,3,38.0,117.93329620361328,0,2,0,0,0,2630.json,NotBuggy
3,0.26460713148117065,0.3301209084743143,0,0,0,1,3.77,0,1,24.0,128.92515563964844,0,1,0,0,0,1336.json,NotBuggy
7,0.0,3.1816359081736324E-4,0,0,0,1,9.28,0,2,73.0,108.52082061767578,0,2,2,0,0,2549.json,NotBuggy
2,0.8931466937065125,0.8407274667710696,0,0,0,1,0.0,0,0,15.0,138.50709533691406,0,2,0,0,0,2342.json,Buggy
5,0.17543143033981323,0.003161536819739218,0,0,0,1,3.92,0,3,55.0,115.587646484375,0,2,2,0,0,1342.json,NotBuggy
24,0.00176937784999609,3.012882728960674E-11,0,0,0,1,5.5,1,22,198.0,82.66241455078125,0,0,5,0,0,771.json,NotBuggy
5,0.6027339696884155,0.2650650883084109,1,1,2,2,3.92,0,1,33.0,118.51115417480469,0,1,0,0,0,1554.json,NotBuggy
3,0.3486766815185547,0.47663120277886517,0,0,0,1,3.77,0,2,23.0,129.14646911621094,0,1,0,0,0,2111.json,Buggy
19,0.08088910579681396,3.734765634752781E-4,6,9,15,12,8.91,4,4,99.0,87.95191955566406,0,3,1,0,0,1231.json,NotBuggy
3,0.5985299944877625,0.8185916115282609,0,0,0,1,3.77,0,1,18.0,130.99049377441406,0,1,0,0,0,1634.json,NotBuggy
13,0.008780411444604397,0.9990141678115688,5,4,9,6,5.9,1,6,2.0,124.46345520019531,0,2,4,0,0,1093.json,NotBuggy
5,0.004305122885853052,0.13972204056254897,0,0,0,1,3.92,0,3,38.0,117.93329620361328,0,2,0,0,0,2671.json,NotBuggy
6,0.06554408371448517,0.10274261629939373,2,1,3,2,5.5,1,3,43.0,113.97042083740234,0,2,0,0,0,2885.json,NotBuggy
9,0.24210062623023987,0.1259790244555098,0,0,0,2,5.9,1,3,49.0,106.78903198242188,0,2,0,0,0,2056.json,NotBuggy
3,0.9276754260063171,0.8547522771245888,0,0,0,1,3.77,0,1,14.0,132.61029052734375,0,0,0,0,0,783.json,NotBuggy
21,8.951830677688122E-4,7.251521180589915E-12,5,5,10,9,8.75,3,15,182.0,83.27059936523438,0,2,6,0,0,2730.json,NotBuggy
5,0.004571692086756229,0.13620791814765387,0,0,0,1,3.92,0,3,38.0,117.93329620361328,0,2,0,0,0,2631.json,NotBuggy
13,0.0010386088397353888,2.952871637125854E-6,1,1,2,4,9.09,3,3,108.0,95.35454559326172,0,1,2,0,0,3036.json,NotBuggy
5,0.0048453486524522305,0.13943577290840387,0,0,0,1,3.92,0,3,38.0,117.93329620361328,0,2,0,0,0,2717.json,NotBuggy
3,0.8063393235206604,0.8092571878274613,0,0,0,1,3.77,0,1,17.0,131.28770446777344,0,0,0,0,0,1589.json,NotBuggy
3,0.6418490409851074,0.7890897179955161,0,0,0,1,3.77,0,1,16.0,131.75106811523438,0,0,0,0,0,1603.json,NotBuggy
3,0.7203168869018555,0.3861547573584388,0,0,0,1,3.77,0,2,24.0,128.92515563964844,0,1,0,0,0,1264.json,NotBuggy
3,0.5474992990493774,0.887899413481767,0,0,0,1,3.77,0,0,12.0,133.59722900390625,0,0,0,0,0,1979.json,NotBuggy
5,0.005434918217360973,0.13095564915822508,0,0,0,1,3.92,0,3,38.0,117.93329620361328,0,2,0,0,0,2649.json,NotBuggy
3,0.6625103950500488,0.8340904089736839,0,0,0,1,3.77,0,0,17.0,131.28770446777344,0,1,0,0,0,134.json,NotBuggy
3,0.929142951965332,0.8317882535723065,0,0,0,1,3.77,0,0,13.0,132.9956512451172,0,0,0,0,0,2088.json,NotBuggy
8,0.07231183350086212,0.047016190894045524,1,1,2,3,5.9,1,3,52.0,107.80525207519531,1,1,1,0,0,1797.json,NotBuggy
5,0.004950946196913719,0.13776995793981697,0,0,0,1,3.92,0,3,38.0,117.93329620361328,0,2,0,0,0,2683.json,NotBuggy
3,0.5848249793052673,0.8351283090686441,0,0,0,1,3.77,0,1,16.0,131.75106811523438,0,0,0,0,0,405.json,NotBuggy
6,0.0517265647649765,0.06856552364581837,5,1,6,3,5.5,1,3,48.0,113.10543823242188,0,3,1,0,0,2192.json,NotBuggy
5,0.050169937312603,0.04760913802047254,1,1,2,3,3.92,0,1,47.0,116.2978744506836,0,0,2,0,0,760.json,NotBuggy
19,0.08088910579681396,3.734765634752781E-4,6,9,15,12,8.91,4,4,99.0,87.95191955566406,0,3,1,0,0,1232.json,NotBuggy
15,0.030001260340213776,1.963580478779405E-4,4,4,8,4,10.44,3,6,100.0,93.40572357177734,0,2,3,0,0,3057.json,NotBuggy
3,0.0,0.0543445500535487,0,0,0,1,3.77,0,1,39.0,125.75719451904297,0,4,0,0,0,868.json,NotBuggy
3,0.7459136247634888,0.897296613307331,0,0,0,1,3.77,0,0,12.0,133.59722900390625,0,0,0,0,0,300.json,NotBuggy
3,0.7962106466293335,0.8240789789011966,0,0,0,1,3.77,0,0,15.0,131.9385528564453,0,0,0,0,0,3181.json,NotBuggy
3,0.5944721698760986,0.7689567414351798,0,0,0,1,3.77,0,0,17.0,131.03103637695312,0,2,0,0,0,58.json,NotBuggy
9,0.00462746899574995,0.03431018442645108,0,0,0,1,3.33,0,7,55.0,106.2291259765625,0,1,1,0,0,1658.json,NotBuggy
3,0.8942108750343323,0.941663050510582,0,0,0,1,3.77,0,0,11.0,134.26058959960938,0,0,0,0,0,1551.json,NotBuggy
5,0.0043192896991968155,0.1343327352401011,0,0,0,1,3.92,0,3,38.0,117.93329620361328,0,2,0,0,0,2682.json,NotBuggy
3,0.582172155380249,0.8269320183736332,0,0,0,1,3.77,0,0,13.0,132.9956512451172,0,0,0,0,0,1853.json,NotBuggy
3,0.9204086065292358,0.7769895991635108,0,0,0,1,3.77,0,0,18.0,130.85629272460938,0,1,0,0,0,638.json,NotBuggy
3,0.5071667432785034,0.7818472885881633,0,0,0,1,3.77,0,0,20.0,130.30841064453125,0,1,0,0,0,296.json,NotBuggy
8,0.6814472675323486,0.14630373756035522,3,2,5,3,7.75,2,1,43.0,109.07997131347656,0,1,1,0,0,918.json,NotBuggy
7,0.7735774517059326,0.3344541771204082,0,0,0,2,6.05,1,2,32.0,113.22032165527344,0,1,0,0,0,439.json,NotBuggy
3,0.7868143916130066,0.88944553774328,0,0,0,1,3.77,0,0,13.0,132.9956512451172,0,0,0,0,0,2486.json,NotBuggy
1,0.6768507361412048,0.7593433344828551,0,0,0,1,0.0,0,0,15.0,149.736083984375,0,0,0,0,0,98.json,NotBuggy
3,0.8513932228088379,0.9268926155735461,0,0,0,1,3.77,0,0,12.0,133.59722900390625,0,0,0,0,0,1535.json,NotBuggy
3,0.0018316758796572685,0.2551737187459126,0,0,0,1,3.77,0,1,29.0,128.0374755859375,0,3,0,0,0,536.json,NotBuggy
12,0.0,8.181361383827744E-9,2,4,6,7,5.12,2,9,140.0,94.70973205566406,0,5,2,0,0,1913.json,NotBuggy
9,1.8003986042458564E-4,1.4746158677684728E-5,2,2,4,3,7.54,2,3,95.0,102.45233154296875,0,2,1,0,0,3041.json,NotBuggy
3,0.0,0.009958358823608784,0,0,0,1,3.77,0,0,52.0,124.57765197753906,0,5,0,0,0,625.json,NotBuggy
5,0.004957045428454876,0.14026130627652614,0,0,0,1,3.92,0,3,38.0,117.93329620361328,0,2,0,0,0,2633.json,NotBuggy
3,0.9308919906616211,0.8793585904632081,0,0,0,1,3.77,0,0,13.0,132.9956512451172,0,0,0,0,0,2010.json,NotBuggy
3,0.8339220285415649,0.7753616766644493,0,0,0,1,3.77,0,1,16.0,131.60296630859375,0,0,0,0,0,1866.json,NotBuggy
4,0.014127264730632305,0.012770990935574378,4,3,7,2,4.0,0,3,49.0,119.7967529296875,0,3,0,0,0,3146.json,Buggy
30,0.0,2.7693815587779543E-17,5,5,10,6,7.89,3,14,259.0,76.03617095947266,0,4,8,0,0,2925.json,Buggy
3,0.3621082007884979,0.6872259867372561,0,0,0,1,3.77,0,1,20.0,130.18594360351562,0,1,0,0,0,268.json,NotBuggy
5,0.53572678565979,0.7752020045127986,0,0,0,1,10.85,0,0,20.0,122.167236328125,0,0,0,0,0,1840.json,NotBuggy
3,0.23397386074066162,0.3705414658172391,0,0,0,1,3.77,0,0,24.0,128.83535766601562,0,0,0,0,0,2138.json,NotBuggy
4,0.01643017679452896,0.08753732164494149,0,1,1,2,4.0,0,2,37.0,121.38679504394531,0,1,0,0,0,177.json,NotBuggy
3,0.8874876499176025,0.730440225597473,0,0,0,1,3.77,0,0,18.0,130.85629272460938,0,0,0,0,0,1595.json,NotBuggy
1,0.6822415590286255,0.6471486636377839,0,0,0,1,0.0,0,0,16.0,149.2662811279297,0,0,0,0,0,34.json,NotBuggy
3,0.030463138595223427,0.4589935125255384,0,0,0,1,3.77,0,1,24.0,129.2378692626953,0,2,0,0,0,533.json,NotBuggy
3,0.8331523537635803,0.8118297023190042,0,0,0,1,3.77,0,1,15.0,132.086669921875,0,0,0,0,0,2075.json,NotBuggy
3,0.7463951706886292,0.7576039021830334,0,0,0,1,3.77,0,1,16.0,131.75106811523438,0,0,0,0,0,393.json,NotBuggy
7,0.10333763062953949,0.03594483431136119,1,1,2,2,6.05,1,3,50.0,110.56603240966797,0,1,0,0,0,1099.json,NotBuggy
3,0.04489993304014206,0.6780565045581882,0,0,0,1,3.77,0,1,17.0,131.1535186767578,0,0,0,0,0,1574.json,NotBuggy
6,0.40737247467041016,0.02306388455208052,1,2,3,3,3.77,0,4,50.0,113.02251434326172,0,1,1,0,0,2432.json,NotBuggy
3,0.2825562655925751,0.3734847121569872,0,0,0,1,3.77,0,1,24.0,128.7513427734375,0,0,0,0,0,921.json,NotBuggy
22,0.002346764085814357,1.6751940126709865E-10,8,8,16,9,6.1,2,11,179.0,82.56356048583984,0,5,5,0,0,1134.json,NotBuggy
5,0.0037384838797152042,0.14203735388046873,0,0,0,1,3.92,0,3,38.0,117.93329620361328,0,2,0,0,0,2689.json,NotBuggy
3,0.2322409600019455,0.1030994692880039,1,1,2,2,3.77,0,1,34.0,126.42057037353516,0,2,0,0,0,719.json,NotBuggy
3,0.0,0.23225108848518378,0,0,0,1,3.77,0,1,27.0,128.22288513183594,0,0,0,0,0,1371.json,NotBuggy
3,0.0,0.24843766042600723,0,0,0,1,3.77,0,1,27.0,128.22288513183594,0,0,0,0,0,2895.json,NotBuggy
22,0.005502679850906134,8.956104319970663E-11,6,11,17,10,6.63,2,8,184.0,82.53541564941406,0,0,7,0,0,998.json,NotBuggy
3,0.5496434569358826,0.3096589460320007,0,0,0,1,3.77,0,1,23.0,129.14646911621094,0,1,0,0,0,3018.json,NotBuggy
40,0.0,1.0440444323123411E-17,9,13,22,11,8.04,3,13,297.0,69.74726104736328,0,1,8,0,0,1889.json,NotBuggy
3,0.011850911192595959,0.3634671673533737,0,0,0,1,3.77,0,1,26.0,128.60531616210938,0,2,0,0,0,559.json,NotBuggy
4,1.620480907149613E-4,0.07494898943781375,0,0,0,1,4.0,0,2,39.0,121.56625366210938,0,4,0,0,0,940.json,NotBuggy
7,0.15833021700382233,0.028540299181868633,0,0,0,2,6.24,1,2,50.0,110.40240478515625,0,2,1,0,0,1804.json,NotBuggy
3,0.0022511661518365145,0.15544199722107505,0,0,0,1,3.77,0,1,30.0,127.76480865478516,0,3,0,0,0,3021.json,NotBuggy
3,0.009036721661686897,0.10653806049463077,0,0,0,1,3.77,0,2,36.0,126.81674194335938,0,1,0,0,0,2000.json,NotBuggy
3,0.011055073700845242,0.6580315771705019,0,0,0,1,3.77,0,0,19.0,130.34019470214844,0,0,0,0,0,1545.json,NotBuggy
8,0.07569245994091034,0.31284721994714815,1,1,2,2,6.63,1,3,41.0,109.76836395263672,0,0,0,0,0,1670.json,NotBuggy
9,0.07809490710496902,0.012444749274834051,0,0,0,3,7.54,2,3,57.0,105.27605438232422,0,2,1,0,0,704.json,NotBuggy
8,0.08829591423273087,0.2393091593067747,0,0,0,1,3.46,0,0,47.0,109.54084014892578,0,1,0,0,0,2593.json,NotBuggy
11,0.10551076382398605,0.0012667054454020526,4,4,8,5,4.82,1,6,84.0,99.5488052368164,0,1,2,0,0,886.json,NotBuggy
4,0.880675196647644,0.39093589041977284,1,1,2,2,4.0,0,1,27.0,123.24842071533203,0,1,0,0,0,1552.json,NotBuggy
17,0.004307537339627743,1.794116393448139E-5,2,1,3,6,6.28,2,6,115.0,90.22210693359375,0,3,0,0,0,3162.json,NotBuggy
5,0.0036318672355264425,0.13443570477622732,0,0,0,1,3.92,0,3,38.0,117.93329620361328,0,2,0,0,0,2687.json,NotBuggy
9,0.20280949771404266,0.03453723509449913,0,0,0,3,5.9,1,4,54.0,105.80747985839844,0,2,0,0,0,3010.json,NotBuggy
6,0.017317961901426315,0.007312549074378296,2,2,4,3,3.77,0,4,58.0,112.18435668945312,0,0,1,0,0,850.json,NotBuggy
9,0.03887768089771271,0.1479271977440662,0,0,0,1,3.33,0,0,53.0,106.91819763183594,0,1,0,0,0,2588.json,NotBuggy
5,0.003907555248588324,0.13135790412548604,0,0,0,1,3.92,0,3,38.0,117.93329620361328,0,2,0,0,0,2616.json,NotBuggy
3,0.22734417021274567,0.3013927800620319,0,0,0,1,3.77,0,1,26.0,128.50894165039062,0,1,0,0,0,509.json,NotBuggy
8,0.11665120720863342,0.01600863256947141,0,0,0,1,8.94,1,3,52.0,108.2153549194336,0,1,0,0,0,726.json,Buggy
7,0.5267526507377625,0.5717711671030585,0,0,0,2,6.05,1,2,32.0,113.3831787109375,0,1,0,0,0,2267.json,NotBuggy
3,0.5524441599845886,0.7150887290366954,0,0,0,1,3.77,0,1,18.0,130.7338104248047,0,0,0,0,0,422.json,NotBuggy
3,0.12976956367492676,0.51852324188489,0,0,0,1,3.77,0,1,21.0,129.7158966064453,0,0,0,0,0,499.json,NotBuggy
3,0.03132086992263794,0.4844529386413375,0,0,0,1,3.77,0,1,24.0,129.2378692626953,0,2,0,0,0,581.json,NotBuggy
3,0.09982670098543167,0.46932870415416067,0,0,0,1,3.77,0,1,24.0,129.0215301513672,0,2,0,0,0,394.json,NotBuggy
7,0.2713698148727417,6.049654607972644E-4,3,3,6,4,3.61,0,5,75.0,107.6034927368164,0,3,1,0,0,3130.json,NotBuggy
3,0.8339220285415649,0.7753616766644493,0,0,0,1,3.77,0,1,16.0,131.60296630859375,0,0,0,0,0,1885.json,NotBuggy
19,4.7028824337758124E-4,2.2986046932895198E-9,10,5,15,7,7.9,2,4,160.0,86.27397918701172,0,6,4,0,0,2194.json,NotBuggy
11,0.03492868319153786,0.0010932387510809566,2,4,6,3,10.44,1,0,85.0,100.09098052978516,0,3,0,0,0,3161.json,Buggy
3,0.6459032893180847,0.7742570277824646,0,0,0,1,3.77,0,0,18.0,130.7338104248047,0,2,0,0,0,1578.json,NotBuggy
4,0.8974820971488953,0.8563604146776026,0,0,0,1,4.0,0,2,18.0,126.64300537109375,0,1,0,0,0,165.json,NotBuggy
3,0.8439481854438782,0.9281627002423237,0,0,0,1,3.77,0,0,12.0,133.59722900390625,0,0,0,0,0,2991.json,NotBuggy
5,0.39838293194770813,0.05077209248553117,2,3,5,3,3.92,0,2,44.0,116.34008026123047,0,1,0,0,0,1338.json,NotBuggy
3,0.8454310894012451,0.8984793999550016,0,0,0,1,3.77,0,0,12.0,133.59722900390625,0,0,0,0,0,596.json,NotBuggy
19,2.5932080461643636E-4,3.748135351732958E-9,3,10,13,8,7.05,4,1,158.0,86.19019317626953,0,2,3,0,0,3089.json,NotBuggy
29,1.6336650878656656E-4,9.178131371956987E-16,5,6,11,8,6.48,2,21,238.0,76.67488861083984,0,1,6,0,0,961.json,NotBuggy
1,0.9836285710334778,0.8592941922512662,0,0,0,1,0.0,0,0,12.0,151.39474487304688,0,0,0,0,0,12.json,NotBuggy
6,0.0032022190280258656,0.004546136447793788,2,2,4,4,6.53,1,6,60.0,111.54366302490234,0,2,1,0,0,927.json,NotBuggy
3,0.9155058860778809,0.9132069083468398,0,0,0,1,3.77,0,0,12.0,133.59722900390625,0,0,0,0,0,1760.json,NotBuggy
9,0.21552865207195282,0.13454822560159505,0,0,0,2,5.9,1,3,49.0,106.78903198242188,0,2,0,0,0,2057.json,NotBuggy
7,3.0006683664396405E-4,0.001614488949734599,3,2,5,2,3.61,0,1,69.0,108.72756958007812,0,1,0,0,0,2597.json,NotBuggy
10,0.0,2.2101070353971404E-10,1,1,2,2,5.6,1,5,155.0,98.21780395507812,0,4,4,0,0,1788.json,NotBuggy
5,4.172299231868237E-4,0.0035718159626552622,1,1,2,2,5.99,1,1,57.0,115.07416534423828,0,6,0,0,0,2195.json,NotBuggy
1,0.9598771333694458,0.8387346431855075,0,0,0,1,0.0,0,0,12.0,151.39474487304688,0,0,0,0,0,10.json,NotBuggy
8,0.26157474517822266,0.05927578440583072,1,1,2,2,5.66,1,3,50.0,108.34576416015625,0,0,2,0,0,459.json,NotBuggy
3,3.4334740485064685E-4,0.15186227820650358,0,0,0,1,3.77,0,1,32.0,127.33940887451172,0,3,0,0,0,542.json,NotBuggy
10,0.6957694888114929,0.003395215718765167,6,5,11,4,8.16,2,3,68.0,102.37742614746094,0,1,3,0,0,903.json,NotBuggy
3,5.354435998015106E-4,0.12072700001912262,0,0,0,1,3.77,0,1,32.0,127.03218841552734,0,4,0,0,0,1997.json,NotBuggy
11,0.5308234691619873,0.0018524828610324662,2,2,4,4,4.82,1,4,73.0,100.42188262939453,0,1,4,0,0,2382.json,NotBuggy
3,0.01765112578868866,0.21956382211273962,0,0,0,1,3.77,0,2,27.0,128.31268310546875,0,1,0,0,0,776.json,NotBuggy
3,0.00802766252309084,0.18400357601746273,0,0,0,1,3.77,0,1,30.0,127.59099578857422,0,3,0,0,0,388.json,NotBuggy
6,0.013747889548540115,0.019288135791283644,4,2,6,4,5.5,2,1,52.0,112.28778839111328,0,2,1,0,0,2807.json,NotBuggy
3,0.3290040194988251,0.3644056209545548,0,0,0,1,3.77,0,0,25.0,128.62307739257812,0,1,0,0,0,2308.json,NotBuggy
3,0.43506330251693726,0.792514675476958,0,0,0,1,3.77,0,1,16.0,131.75106811523438,0,0,0,0,0,1596.json,NotBuggy
9,0.18734362721443176,0.3007119846426443,1,1,2,2,5.33,1,5,44.0,107.4930648803711,0,1,0,0,0,207.json,NotBuggy
3,0.8676535487174988,0.8700534999022244,0,0,0,1,3.77,0,0,13.0,132.9956512451172,0,0,0,0,0,1964.json,NotBuggy
3,0.7811890840530396,0.6405374385586685,0,0,0,1,3.77,0,1,21.0,129.81976318359375,0,1,0,0,0,399.json,NotBuggy
4,0.027641864493489265,0.20276099827789998,0,0,0,1,4.0,0,2,31.0,122.84404754638672,0,3,0,0,0,946.json,NotBuggy
16,0.001173642580397427,2.526231767153562E-6,3,4,7,4,4.8,2,9,115.0,91.43959045410156,0,3,3,0,0,1193.json,Buggy
5,0.00417504645884037,0.12894580313094758,0,0,0,1,3.92,0,3,38.0,117.93329620361328,0,2,0,0,0,2628.json,NotBuggy
39,0.0,2.9292713092521655E-15,0,0,0,1,6.05,1,19,270.0,72.89814758300781,0,0,5,0,0,734.json,NotBuggy
3,0.16276560723781586,0.7548480968367032,0,0,0,1,3.77,0,1,18.0,130.7338104248047,0,0,0,0,0,1061.json,NotBuggy
1,0.9907751679420471,0.8031184219578743,0,0,0,1,0.0,0,0,13.0,150.7931671142578,0,0,0,0,0,40.json,NotBuggy
3,0.9040652513504028,0.3178307837461699,1,1,2,2,3.77,0,1,27.0,127.90887451171875,0,0,0,0,0,1901.json,NotBuggy
23,0.0024286480620503426,9.792605020030938E-11,8,11,19,10,6.56,2,9,186.0,81.73216247558594,0,0,8,0,0,2961.json,NotBuggy
23,0.10404463112354279,2.870809578338837E-5,1,2,3,4,11.98,4,7,117.0,85.47086334228516,0,2,4,0,0,847.json,NotBuggy
3,0.6837415099143982,0.7883973672612068,0,0,0,1,3.77,0,0,14.0,132.4454345703125,0,0,0,0,0,2868.json,NotBuggy
5,0.004474147222936153,0.13610617277364676,0,0,0,1,3.92,0,3,38.0,117.93329620361328,0,2,0,0,0,2632.json,NotBuggy
3,0.011157467029988766,0.14152994926326576,0,0,0,1,3.77,0,1,32.0,126.9658203125,0,1,0,0,0,2958.json,NotBuggy
2,0.003944222815334797,0.44955958971673915,0,0,0,1,0.0,0,0,23.0,136.0277099609375,0,2,0,0,0,372.json,NotBuggy
3,0.7530973553657532,0.593435406865582,0,0,0,1,3.77,0,1,21.0,129.93223571777344,0,1,0,0,0,889.json,NotBuggy
2,0.8931466937065125,0.8407274667710696,0,0,0,1,0.0,0,0,15.0,138.50709533691406,0,2,0,0,0,2340.json,Buggy
5,0.9329968094825745,0.8309738894241653,0,0,0,1,3.92,0,3,21.0,121.91352844238281,0,1,0,0,0,168.json,NotBuggy
4,2.2498739417642355E-4,0.012035954211188365,0,0,0,1,4.0,0,3,49.0,119.90979766845703,0,1,1,0,0,841.json,NotBuggy
9,0.020969942212104797,0.0066372503550136625,3,2,5,3,5.33,1,4,70.0,104.77442932128906,0,3,0,0,0,843.json,NotBuggy
4,0.26099681854248047,0.05072578898507976,0,0,0,1,4.0,0,5,43.0,120.8353271484375,0,1,1,0,0,1220.json,NotBuggy
4,0.22387346625328064,0.4991232707277533,0,0,0,1,4.0,0,2,24.0,124.26470947265625,0,1,0,0,0,733.json,NotBuggy
3,0.6893863081932068,0.7274968904021012,0,0,0,1,3.77,0,0,20.0,130.30841064453125,0,1,0,0,0,375.json,NotBuggy
2,0.8931466937065125,0.8407274667710696,0,0,0,1,0.0,0,0,15.0,138.50709533691406,0,2,0,0,0,2331.json,Buggy
7,0.45302820205688477,0.20061269831487177,0,0,0,2,6.05,1,2,38.0,111.99311065673828,0,2,0,0,0,3097.json,NotBuggy
6,0.2501543462276459,0.45181450803973067,0,0,0,1,3.77,0,0,35.0,115.83061981201172,0,1,0,0,0,2595.json,NotBuggy
10,0.025486698374152184,0.0026987914295344274,1,1,2,2,5.06,1,5,71.0,102.75096130371094,0,1,3,0,0,3075.json,NotBuggy
8,0.7633561491966248,0.12255739225680637,1,1,2,3,6.24,1,3,45.0,108.78059387207031,0,1,1,0,0,784.json,NotBuggy
7,0.2266235649585724,2.4097622748707467E-4,2,2,4,4,3.61,0,5,76.0,107.45397186279297,0,1,3,0,0,2165.json,NotBuggy
16,0.2694041132926941,0.042891066292072684,1,3,4,5,5.57,2,6,68.0,94.77338409423828,0,1,0,0,0,189.json,NotBuggy
1,0.9728955030441284,0.52525221351063,0,0,0,1,0.0,0,0,18.0,148.41885375976562,0,0,0,0,0,24.json,NotBuggy
3,0.8661419153213501,0.9337932072698238,0,0,0,1,3.77,0,0,12.0,133.59722900390625,0,0,0,0,0,1536.json,NotBuggy
3,0.916508138179779,0.8835580850505734,0,0,0,1,1.89,0,0,16.0,131.91592407226562,0,0,0,0,0,468.json,Buggy
7,0.1718348264694214,0.036667033835871124,1,1,2,2,6.05,1,4,50.0,110.62592315673828,0,3,0,0,0,2268.json,NotBuggy
3,0.7630441784858704,0.9028124730354872,0,0,0,1,3.77,0,0,12.0,133.59722900390625,0,0,0,0,0,1978.json,NotBuggy
3,0.705904483795166,0.8290888648088658,0,0,0,1,3.77,0,1,16.0,131.75106811523438,0,0,0,0,0,1604.json,NotBuggy
9,0.4238237738609314,0.3610049854652119,0,0,0,3,5.9,1,1,40.0,107.68443298339844,0,0,0,0,0,288.json,NotBuggy
3,0.03184482827782631,0.3369662219587356,0,0,0,1,3.77,0,2,27.0,128.22288513183594,0,2,0,0,0,1244.json,NotBuggy
19,6.307306466624141E-4,1.0482364888509855E-15,13,9,22,8,5.39,1,19,231.0,83.96693420410156,0,1,10,0,0,2137.json,NotBuggy
3,0.5073965787887573,0.8484131867394752,0,0,0,1,3.77,0,1,15.0,132.25152587890625,0,0,0,0,0,2957.json,NotBuggy
3,0.0,0.0026874836362988106,0,0,0,1,3.77,0,6,51.0,124.20576477050781,0,1,0,0,0,1532.json,Buggy
3,0.6438217759132385,0.7881647809504231,0,0,0,1,3.77,0,0,17.0,131.28770446777344,0,1,0,0,0,272.json,NotBuggy
3,0.702085018157959,0.7834526474937903,0,0,0,1,3.77,0,1,17.0,131.28770446777344,0,0,0,0,0,644.json,NotBuggy
11,0.13627472519874573,1.0639519674412716E-6,6,6,12,7,3.09,0,10,124.0,96.9357681274414,0,2,4,0,0,2132.json,NotBuggy
1,0.038372304290533066,0.7494574703282179,0,0,0,1,0.0,0,0,14.0,150.40780639648438,0,2,0,0,0,97.json,NotBuggy
6,0.04139402136206627,0.01014842305589156,3,1,4,2,3.77,0,3,54.0,112.60601806640625,0,1,2,0,0,2496.json,NotBuggy
24,0.001257360097952187,6.235532575828723E-10,3,2,5,3,5.65,1,22,174.0,82.94761657714844,0,1,2,0,0,763.json,NotBuggy
3,0.38919201493263245,0.37334916408831353,0,0,0,1,3.77,0,0,26.0,128.41912841796875,0,2,0,0,0,801.json,NotBuggy
3,0.9351052045822144,0.7627957124687262,0,0,0,1,3.77,0,1,16.0,131.60296630859375,0,1,0,0,0,193.json,Buggy
3,0.7203930616378784,0.5215116173210846,0,0,0,1,3.77,0,0,22.0,129.47398376464844,0,0,0,0,0,1625.json,NotBuggy
3,0.8991129994392395,0.9094147922908564,0,0,0,1,3.77,0,0,12.0,133.59722900390625,0,0,0,0,0,852.json,NotBuggy
3,0.582172155380249,0.8269320183736332,0,0,0,1,3.77,0,0,13.0,132.9956512451172,0,0,0,0,0,1857.json,NotBuggy
8,0.6590569615364075,0.0731468738636209,3,3,6,6,5.66,1,1,56.0,107.08274841308594,0,1,2,0,0,639.json,NotBuggy
12,0.007086457684636116,4.172746941389691E-7,4,3,7,4,7.54,2,2,119.0,96.14688110351562,0,3,3,0,0,1789.json,NotBuggy
24,1.053516025422141E-4,2.977824377965761E-10,1,1,2,4,6.93,2,18,173.0,82.60582733154297,0,2,5,0,0,1659.json,NotBuggy
3,0.8653273582458496,0.868922909265754,0,0,0,1,3.77,0,0,13.0,132.9956512451172,0,0,0,0,0,960.json,NotBuggy
9,2.0302885968703777E-4,3.801446718203971E-4,3,2,5,2,3.33,0,1,81.0,103.72474670410156,0,1,0,0,0,2581.json,NotBuggy
3,3.519302699714899E-4,0.20350564177954672,0,0,0,1,3.77,0,1,31.0,127.59430694580078,0,3,0,0,0,560.json,NotBuggy
5,0.12537910044193268,0.0932331261063974,1,1,2,2,3.92,0,2,41.0,117.23806762695312,0,3,1,0,0,2164.json,NotBuggy
3,0.7328764796257019,0.7578166162021592,0,0,0,1,3.77,0,0,16.0,131.46876525878906,0,0,0,0,0,833.json,NotBuggy
3,0.5534851551055908,0.8122149653567717,0,0,0,1,3.77,0,1,16.0,131.75106811523438,0,0,0,0,0,802.json,NotBuggy
20,0.0,1.4354389541999112E-11,5,5,10,5,6.34,2,7,183.0,85.03722381591797,0,2,6,0,0,2788.json,NotBuggy
5,0.004313986748456955,0.13459660001982063,0,0,0,1,3.92,0,3,38.0,117.93329620361328,0,2,0,0,0,2661.json,NotBuggy
7,0.16015933454036713,0.1260159748595214,2,2,4,2,5.11,1,2,45.0,111.44750213623047,0,1,1,0,0,3077.json,NotBuggy
3,0.525231659412384,0.7131774279611425,0,0,0,1,3.77,0,1,20.0,130.30841064453125,0,1,0,0,0,2744.json,NotBuggy
20,0.011280314065515995,1.5342013855161714E-7,5,5,10,7,8.73,4,8,145.0,85.98117065429688,0,4,1,0,0,2193.json,NotBuggy
6,0.031202571466565132,0.045444627162864064,0,0,0,1,3.77,0,2,47.0,113.80426025390625,0,0,1,0,0,2450.json,NotBuggy
3,0.7570372223854065,0.7291670183461266,0,0,0,1,3.77,0,1,19.0,130.45266723632812,0,1,0,0,0,1864.json,NotBuggy
15,0.01871349662542343,3.0775208035623304E-5,2,2,4,4,7.04,2,6,110.0,93.14635467529297,0,2,4,0,0,2185.json,Buggy
11,0.019527973607182503,5.979832508103863E-4,2,1,3,3,8.61,2,6,77.0,100.25557708740234,0,1,3,0,0,2924.json,NotBuggy
1,0.8600843548774719,0.8727251349818685,0,0,0,1,0.0,0,0,12.0,151.39474487304688,0,0,0,0,0,856.json,NotBuggy
3,0.015583667904138565,0.07356870076035066,0,0,0,1,3.77,0,3,36.0,126.41971588134766,0,1,0,0,0,611.json,NotBuggy
3,0.0012271939776837826,0.38865800418832974,0,0,0,1,3.77,0,1,29.0,128.25381469726562,0,3,0,0,0,545.json,NotBuggy
3,0.44957399368286133,0.7711399229357443,0,0,0,1,3.77,0,1,17.0,131.43582153320312,0,1,0,0,0,1719.json,NotBuggy
3,0.22335542738437653,0.8657809902714133,0,0,0,1,3.77,0,1,15.0,132.25152587890625,0,0,0,0,0,990.json,NotBuggy
10,0.22021067142486572,0.0037134469678203053,1,1,2,3,8.2,2,2,65.0,102.7584457397461,0,1,1,0,0,1815.json,NotBuggy
3,0.9276317358016968,0.8360106828702891,0,0,0,1,3.77,0,0,14.0,132.4454345703125,0,0,0,0,0,2276.json,NotBuggy
13,0.002489830134436488,7.13193356586756E-6,4,3,7,4,7.44,2,10,106.0,95.58438873291016,0,1,3,0,0,1661.json,NotBuggy
3,0.7698116302490234,0.896687829321264,0,0,0,1,3.77,0,0,12.0,133.59722900390625,0,0,0,0,0,2095.json,NotBuggy
3,0.9163110852241516,0.7755303334153077,0,0,0,1,3.77,0,0,13.0,132.9956512451172,0,0,0,0,0,3006.json,NotBuggy
3,0.7608826160430908,0.8006615036337522,0,0,0,1,3.77,0,1,16.0,131.75106811523438,0,0,0,0,0,395.json,NotBuggy
6,0.44730710983276367,0.20218145397988482,1,1,2,2,5.5,1,1,38.0,114.90279388427734,0,1,0,0,0,1602.json,NotBuggy
4,0.2143586128950119,0.38993155025562387,0,0,0,1,4.0,0,2,29.0,123.19084167480469,0,2,0,0,0,1157.json,NotBuggy
3,0.08968711644411087,0.543258034549363,0,0,0,1,3.77,0,1,23.0,129.34671020507812,0,2,0,0,0,1650.json,NotBuggy
3,0.6779411435127258,0.8627978018679451,0,0,0,1,3.77,0,1,15.0,132.25152587890625,0,0,0,0,0,1648.json,NotBuggy
3,0.6459487080574036,0.8172733048745626,0,0,0,1,3.77,0,0,15.0,131.9385528564453,0,0,0,0,0,1891.json,NotBuggy
6,0.0032978933304548264,0.002181250859652827,0,0,0,1,3.33,0,2,67.0,111.37727355957031,0,5,3,0,0,462.json,NotBuggy
3,0.8598796725273132,0.8635427168950439,0,0,0,1,3.77,0,0,13.0,132.9956512451172,0,0,0,0,0,831.json,NotBuggy
3,0.5203226804733276,0.8765166295631431,0,0,0,1,3.77,0,0,13.0,132.9956512451172,0,0,0,0,0,2101.json,NotBuggy
3,0.7811890840530396,0.6405374385586685,0,0,0,1,3.77,0,1,21.0,129.81976318359375,0,1,0,0,0,1626.json,NotBuggy
7,0.8758722543716431,6.878952926818394E-4,6,5,11,6,3.61,0,3,79.0,106.91587829589844,0,2,1,0,0,3202.json,NotBuggy
7,0.004010400734841824,0.0020286750174391705,0,0,0,4,3.61,0,8,67.0,108.47261810302734,0,2,3,0,0,1586.json,NotBuggy
6,0.44730710983276367,0.20218145397988482,1,1,2,2,5.5,1,1,38.0,114.90279388427734,0,1,0,0,0,407.json,NotBuggy
5,0.18388819694519043,0.03430891426225891,0,0,0,1,3.92,0,3,45.0,116.85465240478516,0,2,2,0,0,352.json,NotBuggy
3,0.03227249160408974,0.2718916730303273,0,0,0,1,3.77,0,3,27.0,128.31268310546875,0,0,0,0,0,1882.json,NotBuggy
5,0.0020396914333105087,0.09254593978194225,0,0,0,1,3.92,0,3,40.0,117.59646606445312,0,2,0,0,0,2611.json,NotBuggy
5,0.8216944336891174,0.27929729570665185,3,2,5,3,3.92,0,3,39.0,117.4913330078125,0,1,0,0,0,738.json,Buggy
6,0.4500730335712433,0.7731269868354805,0,0,0,1,3.77,0,4,24.0,118.0088882446289,0,1,0,0,0,212.json,NotBuggy
3,0.011739573441445827,0.31828140230628343,0,0,0,1,3.77,0,1,27.0,128.31268310546875,0,2,0,0,0,532.json,NotBuggy
3,0.755419135093689,0.7536516827836389,0,0,0,1,3.77,0,0,16.0,131.46876525878906,0,0,0,0,0,834.json,NotBuggy
19,0.00801433902233839,5.875602842194784E-7,2,2,4,6,9.17,3,7,127.0,87.81427001953125,0,2,0,0,0,292.json,NotBuggy
5,0.15623445808887482,0.04647704884297228,1,2,3,3,3.92,0,0,47.0,116.2978744506836,0,1,0,0,0,1366.json,NotBuggy
11,0.023024801164865494,2.0952134953028623E-4,4,4,8,4,3.09,0,8,83.0,99.67365264892578,0,1,0,0,0,213.json,NotBuggy
3,0.0,0.1251402895353313,0,0,0,1,3.77,0,1,35.0,126.96322631835938,0,3,0,0,0,555.json,NotBuggy
5,0.003130804281681776,0.09638687713423702,0,0,0,1,3.92,0,3,40.0,117.59646606445312,0,2,0,0,0,2601.json,NotBuggy
7,0.2405899465084076,0.0038273723082300694,0,0,0,1,3.61,0,4,62.0,109.51382446289062,0,1,2,0,0,1657.json,NotBuggy
11,0.18749147653579712,6.995194236682627E-4,1,1,2,3,5.34,1,5,78.0,100.34996032714844,0,1,1,0,0,379.json,NotBuggy
5,0.40720334649086,0.048849597411098414,1,1,2,2,3.92,0,4,44.0,116.80448913574219,0,1,1,0,0,1343.json,NotBuggy
26,0.0,2.6279125406737835E-12,1,5,6,7,7.34,6,15,209.0,79.82975006103516,0,2,2,0,0,2299.json,Buggy
3,0.9611310958862305,0.9024181211013962,0,0,0,1,3.77,0,0,13.0,132.9956512451172,0,0,0,0,0,66.json,NotBuggy
31,0.0,6.609424080483746E-20,0,0,0,1,3.52,0,10,295.0,76.0715560913086,0,2,7,0,0,2518.json,NotBuggy
3,0.776401162147522,0.5828071893870629,0,0,0,1,3.77,0,1,19.0,130.45266723632812,0,1,0,0,0,604.json,NotBuggy
3,0.8439481854438782,0.9281627002423237,0,0,0,1,3.77,0,0,12.0,133.59722900390625,0,0,0,0,0,2995.json,NotBuggy
3,0.34380561113357544,0.40019463394275195,0,0,0,1,3.77,0,1,24.0,128.7513427734375,0,1,0,0,0,715.json,NotBuggy
7,0.6518838405609131,0.17841106498954384,2,2,4,4,5.11,1,0,44.0,110.89363861083984,0,1,1,0,0,682.json,NotBuggy
3,0.9319202303886414,0.8470365992859327,0,0,0,1,3.77,0,0,14.0,132.4454345703125,0,0,0,0,0,1412.json,NotBuggy
1,0.9873252511024475,0.7724922838583594,0,0,0,1,0.0,0,0,13.0,150.7931671142578,0,0,0,0,0,13.json,NotBuggy
7,0.022365227341651917,0.03650236930573634,1,1,2,2,6.05,1,3,51.0,110.65229797363281,0,2,0,0,0,2826.json,NotBuggy
4,0.0018692194717004895,0.0018038814619154274,0,0,0,1,4.0,0,5,56.0,118.96515655517578,0,2,1,0,0,1375.json,NotBuggy
59,0.0,7.647226773776832E-25,10,12,22,16,16.88,7,34,394.0,60.568721771240234,0,0,13,0,0,823.json,Buggy
14,0.09301687031984329,0.0037570979736446567,0,0,0,5,5.57,1,4,79.0,95.83328247070312,0,1,0,0,0,3086.json,Buggy
5,0.0034035397693514824,0.1336454135446602,0,0,0,1,3.92,0,3,38.0,117.93329620361328,0,2,0,0,0,2679.json,NotBuggy
3,0.9467278718948364,0.9746716979837934,0,0,0,1,1.89,0,0,16.0,131.75106811523438,0,0,0,0,0,410.json,NotBuggy
3,0.552712619304657,0.7323136551718847,0,0,0,1,3.77,0,1,19.0,130.70933532714844,0,1,0,0,0,551.json,NotBuggy
5,0.9287465214729309,0.8574472675823757,0,0,0,2,5.99,1,1,22.0,121.18495178222656,0,0,0,0,0,607.json,NotBuggy
3,0.002004980808123946,0.1492346121138809,0,0,0,1,3.77,0,1,30.0,127.76480865478516,0,3,0,0,0,3022.json,NotBuggy
10,0.19246715307235718,0.03348935218299498,1,2,3,3,5.06,1,2,57.0,103.81948852539062,0,1,1,0,0,1641.json,NotBuggy
1,0.8924710750579834,0.5972095126999649,0,0,0,1,0.0,0,0,16.0,149.2662811279297,0,0,0,0,0,19.json,NotBuggy
5,0.004767910111695528,0.1355372073589485,0,0,0,1,3.92,0,3,38.0,117.93329620361328,0,2,0,0,0,2711.json,NotBuggy
13,3.840853169094771E-4,7.15233762831809E-10,0,0,0,1,2.89,0,7,149.0,94.07317352294922,0,3,4,0,0,2568.json,NotBuggy
3,0.7921162843704224,0.75282522134377,0,0,0,1,3.77,0,1,18.0,130.85629272460938,0,0,0,0,0,103.json,NotBuggy
30,0.001514247851446271,2.5562803730734836E-10,4,5,9,6,11.28,4,14,182.0,78.04940795898438,0,0,6,0,0,846.json,Buggy
3,0.10047736763954163,0.1377796724129597,0,0,0,1,3.77,0,1,28.0,127.94976043701172,0,2,0,0,0,3023.json,NotBuggy
5,0.005915807094424963,0.13626476341017305,0,0,0,1,3.92,0,3,38.0,117.93329620361328,0,2,0,0,0,2647.json,NotBuggy
7,0.0826844722032547,0.010994368032417897,0,0,0,1,3.61,0,3,62.0,110.08989715576172,0,0,1,0,0,806.json,NotBuggy
13,0.055734917521476746,0.0014174049285731486,3,2,5,3,8.21,2,3,79.0,97.53486633300781,0,2,1,0,0,1969.json,NotBuggy
6,0.18289977312088013,0.0461513266809524,1,1,2,2,6.53,1,1,45.0,113.6710433959961,0,0,0,0,0,1968.json,NotBuggy
4,0.48036837577819824,0.04359212414881824,0,0,0,1,4.0,0,3,40.0,121.02215576171875,0,1,1,0,0,3049.json,NotBuggy
15,0.018543757498264313,1.6075840298363938E-6,0,0,0,2,4.59,1,14,119.0,92.93122863769531,0,1,2,0,0,747.json,NotBuggy
4,0.5906562209129333,0.3348536865750196,1,1,2,2,4.0,0,1,29.0,122.96084594726562,0,1,0,0,0,915.json,NotBuggy
5,0.001856671180576086,0.09277177199343703,0,0,0,1,3.92,0,3,40.0,117.59646606445312,0,2,0,0,0,2606.json,NotBuggy
5,0.5401316285133362,0.023184039654962203,2,2,4,3,3.92,0,1,46.0,116.10893249511719,0,1,0,0,0,1967.json,NotBuggy
3,0.34380561113357544,0.40019463394275195,0,0,0,1,3.77,0,1,24.0,128.7513427734375,0,1,0,0,0,712.json,NotBuggy
3,0.045487504452466965,0.08667538303609386,0,0,0,1,3.77,0,1,36.0,126.64292907714844,0,1,0,0,0,627.json,NotBuggy
3,0.09982670098543167,0.46932870415416067,0,0,0,1,3.77,0,1,24.0,129.0215301513672,0,2,0,0,0,1588.json,NotBuggy
1,0.1750425547361374,0.4788921769621712,0,0,0,1,0.0,0,0,19.0,148.03384399414062,0,1,0,0,0,76.json,NotBuggy
3,0.1603638082742691,0.7316537263172538,0,0,0,1,3.77,0,0,20.0,130.07347106933594,0,3,0,0,0,56.json,NotBuggy
15,0.03000563196837902,0.00627293849033759,1,9,10,11,4.13,2,2,77.0,93.50997924804688,0,1,0,0,0,1664.json,NotBuggy
3,0.005436872597783804,0.6468158171634726,0,0,0,1,3.77,0,1,21.0,129.93223571777344,0,2,0,0,0,2976.json,NotBuggy
8,0.357751727104187,0.01980163235498452,2,2,4,4,6.24,1,2,55.0,107.28358459472656,0,2,1,0,0,1293.json,NotBuggy
6,0.03735538572072983,0.052799250927647916,2,1,3,2,5.5,1,3,47.0,113.3850326538086,0,2,0,0,0,1391.json,NotBuggy
3,0.7246819138526917,0.6944805686041885,0,0,0,1,3.77,0,1,20.0,130.18594360351562,0,1,0,0,0,1652.json,NotBuggy
1,0.3097129464149475,0.34943259921673414,0,0,0,1,0.0,0,0,23.0,147.0403594970703,0,1,0,0,0,14.json,NotBuggy
3,0.001093745930120349,0.3195070880197915,0,0,0,1,3.77,0,1,29.0,128.14134216308594,0,3,0,0,0,546.json,NotBuggy
3,0.909091591835022,0.8087236142845646,0,0,0,1,3.77,0,0,14.0,132.4454345703125,0,0,0,0,0,829.json,NotBuggy
3,0.8153127431869507,0.8773824664523646,0,0,0,1,3.77,0,0,13.0,132.9956512451172,0,0,0,0,0,837.json,NotBuggy
3,0.6705822348594666,0.8713069195342608,0,0,0,1,3.77,0,1,15.0,132.25152587890625,0,0,0,0,0,1654.json,NotBuggy
10,0.22021067142486572,0.0037134469678203053,1,1,2,3,8.2,2,2,65.0,102.7584457397461,0,1,1,0,0,1821.json,NotBuggy
16,0.11331925541162491,9.614702892625571E-4,0,0,0,2,9.58,2,4,86.0,93.8407211303711,0,1,1,0,0,1883.json,NotBuggy
3,0.26771193742752075,0.8312725185691635,0,0,0,1,3.77,0,0,13.0,132.9956512451172,0,0,0,0,0,766.json,NotBuggy
4,0.22387346625328064,0.4991232707277533,0,0,0,1,4.0,0,2,24.0,124.26470947265625,0,1,0,0,0,732.json,NotBuggy
3,0.9485200047492981,0.9348773173896883,0,0,0,1,3.77,0,0,12.0,133.59722900390625,0,0,0,0,0,1534.json,NotBuggy
4,0.37119701504707336,0.1131311679661338,1,1,2,2,4.0,0,3,35.0,121.6757583618164,0,1,1,0,0,2158.json,NotBuggy
10,0.004591087810695171,5.914403526558542E-4,2,1,3,3,6.4,1,5,77.0,101.87747192382812,0,2,2,0,0,1119.json,NotBuggy
7,0.11043845117092133,0.1304243650365612,0,0,0,1,7.84,1,1,44.0,111.58363342285156,0,1,0,0,0,483.json,Buggy
19,0.0650942400097847,2.530612998101331E-4,6,9,15,12,8.91,4,4,100.0,87.83132934570312,0,3,1,0,0,1228.json,NotBuggy
3,0.1779593974351883,0.5564245200169224,0,0,0,1,3.77,0,1,23.0,129.14646911621094,0,2,0,0,0,3210.json,NotBuggy
11,0.003827415406703949,0.00695370828629239,0,0,0,2,5.59,1,7,78.0,100.45674133300781,1,0,4,0,0,866.json,NotBuggy
3,0.9471626281738281,0.8009770905643209,0,0,0,1,3.77,0,0,14.0,132.4454345703125,0,0,0,0,0,923.json,NotBuggy
5,0.0037812120281159878,0.13870247386538023,0,0,0,1,3.92,0,3,38.0,117.93329620361328,0,2,0,0,0,2699.json,NotBuggy
15,0.013369562104344368,1.345121763959994E-4,1,1,2,5,8.6,3,7,92.0,93.67178344726562,0,0,1,0,0,1992.json,NotBuggy
10,0.48741140961647034,0.005165500608464528,1,1,2,3,5.99,1,3,65.0,102.7584457397461,0,1,1,0,0,2070.json,NotBuggy
12,0.006753826513886452,1.8263799310045712E-6,2,9,11,10,2.89,0,1,121.0,94.88566589355469,0,1,0,0,0,647.json,NotBuggy
6,0.020423248410224915,3.132030202453435E-4,1,3,4,4,3.77,0,1,75.0,110.18751525878906,0,2,0,0,0,2842.json,NotBuggy
3,0.6412419080734253,0.41640254516590597,0,0,0,1,3.77,0,1,20.0,130.07347106933594,0,1,0,0,0,3020.json,NotBuggy
4,0.8150554895401001,0.2147087718044882,2,1,3,2,4.0,0,0,32.0,122.21184539794922,0,0,0,0,0,641.json,NotBuggy
3,0.8323208689689636,0.5324210297643903,1,1,2,2,3.77,0,1,22.0,129.24398803710938,0,0,0,0,0,505.json,NotBuggy
3,0.049786526709795,0.2496910533924313,0,0,0,1,3.77,0,1,29.0,127.61418151855469,0,2,0,0,0,867.json,NotBuggy
3,2.689043467398733E-4,0.10073290451991661,0,0,0,1,3.77,0,1,35.0,126.71056365966797,0,3,0,0,0,570.json,NotBuggy
8,0.09991735965013504,0.09047639756711107,1,1,2,2,5.66,1,3,48.0,108.67498779296875,0,2,1,0,0,926.json,NotBuggy
12,0.0,6.33933989702537E-10,0,0,0,1,2.98,0,5,152.0,95.50341796875,0,2,5,0,0,2860.json,NotBuggy
12,0.01904219388961792,1.4842141747007754E-7,4,4,8,6,5.77,2,7,118.0,95.58492279052734,0,2,4,0,0,1094.json,NotBuggy
3,0.1668674349784851,0.19951619883219485,0,0,0,1,3.77,0,0,30.0,127.59099578857422,0,1,0,0,0,679.json,NotBuggy
5,0.0037812120281159878,0.1357988104408885,0,0,0,1,3.92,0,3,38.0,117.93329620361328,0,2,0,0,0,2697.json,NotBuggy
8,0.3847576379776001,0.020238080357394862,2,2,4,4,6.24,1,2,55.0,107.28358459472656,0,2,1,0,0,1294.json,NotBuggy
11,5.223615444265306E-4,0.37375953298579495,1,1,2,3,5.34,1,13,42.0,103.86344909667969,0,0,3,0,0,504.json,NotBuggy
3,0.9541330337524414,0.9209146739817207,0,0,0,1,3.77,0,0,13.0,132.9956512451172,0,0,0,0,0,1631.json,NotBuggy
3,0.8658891916275024,0.8391290360755271,0,0,0,1,3.77,0,1,16.0,131.75106811523438,0,0,0,0,0,321.json,NotBuggy
3,0.9431036710739136,0.8844268663279388,0,0,0,1,3.77,0,0,13.0,132.9956512451172,0,0,0,0,0,2219.json,NotBuggy
13,0.0018208194524049759,1.3026776551745879E-5,2,2,4,4,5.29,1,8,101.0,95.64227294921875,0,2,2,0,0,101.json,NotBuggy
1,0.9873252511024475,0.7724922838583594,0,0,0,1,0.0,0,0,13.0,150.7931671142578,0,0,0,0,0,37.json,NotBuggy
3,0.014340309426188469,0.3142964985749094,0,0,0,1,3.77,0,1,27.0,128.31268310546875,0,2,0,0,0,569.json,NotBuggy
12,0.0462011881172657,0.9201079596237287,1,1,2,2,5.29,1,7,35.0,104.71044158935547,0,1,0,0,0,220.json,NotBuggy
5,0.047415394335985184,0.03740907374146638,0,0,0,1,3.92,0,7,47.0,116.6915054321289,0,1,2,0,0,1784.json,NotBuggy
8,0.09813719242811203,0.2247474986828485,0,0,0,1,3.46,0,0,47.0,109.54084014892578,0,1,0,0,0,2576.json,NotBuggy
5,0.5562070608139038,0.2456421120081934,2,1,3,2,3.92,0,2,35.0,118.36804962158203,0,1,1,0,0,1421.json,NotBuggy
5,0.004989863373339176,0.12800100029527292,0,0,0,1,3.92,0,3,38.0,117.93329620361328,0,2,0,0,0,2656.json,NotBuggy
10,0.2682466506958008,0.09379952916739392,1,1,2,2,5.99,1,8,54.0,104.57693481445312,0,1,1,0,0,210.json,NotBuggy
6,0.4755159020423889,0.5667795636193086,1,1,2,2,5.5,1,0,31.0,116.13532257080078,0,1,0,0,0,380.json,NotBuggy
3,0.025650016963481903,0.34347313070376023,0,0,0,1,3.77,0,2,27.0,128.22288513183594,0,2,0,0,0,501.json,NotBuggy
3,0.04613218083977699,0.5001324973275879,0,0,0,1,3.77,0,1,24.0,129.2378692626953,0,2,0,0,0,525.json,NotBuggy
7,0.0061455159448087215,0.0010845510398094743,4,2,6,4,5.11,2,4,67.0,108.14899444580078,0,2,2,0,0,1270.json,NotBuggy
16,0.24156178534030914,0.005843476569437459,0,0,0,1,7.42,1,3,81.0,94.27468872070312,0,2,0,0,0,448.json,Buggy
19,0.08033451437950134,0.001118336583438962,6,9,15,12,8.91,4,4,95.0,88.27745819091797,0,3,1,0,0,1229.json,NotBuggy
8,0.07485320419073105,0.21141915714233836,0,0,0,1,3.46,0,0,47.0,109.45103454589844,0,1,0,0,0,2580.json,NotBuggy
3,0.05461419001221657,0.20191031580800534,0,0,0,1,3.77,0,1,28.0,127.94976043701172,0,2,0,0,0,3025.json,NotBuggy
3,0.582172155380249,0.8269320183736332,0,0,0,1,3.77,0,0,13.0,132.9956512451172,0,0,0,0,0,1859.json,NotBuggy
3,5.288908141665161E-4,0.12145744624419615,0,0,0,1,3.77,0,1,32.0,127.03218841552734,0,4,0,0,0,1996.json,NotBuggy
9,0.0,5.925954228699822E-5,0,0,0,1,10.29,0,8,93.0,103.28422546386719,0,1,0,0,0,3119.json,NotBuggy
6,0.004359099548310041,0.07021099149192052,0,0,0,1,3.77,0,3,44.0,114.08087921142578,0,2,0,0,0,2702.json,NotBuggy
2,0.004377864301204681,0.3334712393412451,0,0,0,1,0.0,0,0,23.0,135.6251983642578,0,4,0,0,0,1524.json,NotBuggy
3,0.7640485167503357,0.8424926213449144,0,0,0,1,3.77,0,0,14.0,132.4454345703125,0,0,0,0,0,959.json,NotBuggy
4,0.14563429355621338,0.29908638220994616,1,1,2,2,4.0,0,2,31.0,122.80022430419922,0,0,0,0,0,1892.json,NotBuggy
3,0.0,0.005244543494271684,0,0,0,1,3.77,0,1,53.0,124.2791519165039,0,6,0,0,0,526.json,NotBuggy
4,0.33309677243232727,0.45733954945084565,1,1,2,2,4.0,0,1,28.0,123.23312377929688,0,1,0,0,0,1576.json,NotBuggy
9,6.311541656032205E-4,1.902588505420791E-5,3,3,6,2,5.9,1,6,92.0,102.77392578125,0,2,2,0,0,1300.json,NotBuggy
3,0.6050091981887817,0.8141519164601198,0,0,0,1,3.77,0,1,17.0,131.28770446777344,0,1,0,0,0,3187.json,NotBuggy
3,0.916508138179779,0.8835580850505734,0,0,0,1,1.89,0,0,16.0,131.91592407226562,0,0,0,0,0,467.json,NotBuggy
6,0.04898761212825775,9.422993293301315E-4,2,1,3,2,3.77,0,3,65.0,111.39163970947266,0,0,3,0,0,2069.json,NotBuggy
3,0.02780967392027378,0.5691625333503095,0,0,0,1,3.77,0,1,24.0,129.36033630371094,0,2,0,0,0,557.json,NotBuggy
11,0.005038978531956673,9.256442324546575E-5,1,4,5,5,3.09,0,5,103.0,98.98503875732422,0,1,1,0,0,111.json,NotBuggy
6,0.2206035852432251,0.6937281655452153,0,0,0,1,6.53,0,1,24.0,117.60636901855469,0,0,0,0,0,2097.json,NotBuggy
7,0.15170317888259888,0.1821498631930925,0,0,0,2,6.05,1,3,41.0,111.8573226928711,0,1,0,0,0,1874.json,NotBuggy
21,0.07958903163671494,5.374385720068931E-6,1,2,3,5,7.05,2,4,118.0,86.7491455078125,0,0,5,0,0,731.json,NotBuggy
15,0.03487177938222885,0.40815050799716407,1,3,4,5,4.95,2,1,55.0,97.03375244140625,0,0,1,0,0,824.json,NotBuggy
3,0.9091039299964905,0.8886098435136787,0,0,0,1,3.77,0,0,12.0,133.59722900390625,0,0,0,0,0,2172.json,NotBuggy
6,0.031202571466565132,0.045444627162864064,0,0,0,1,3.77,0,2,47.0,113.80426025390625,0,0,1,0,0,2449.json,NotBuggy
3,0.8046162128448486,0.6124631293157898,0,0,0,1,3.77,0,1,21.0,129.81976318359375,0,1,0,0,0,1624.json,NotBuggy
4,0.38718101382255554,0.2981231592705029,0,0,0,1,4.0,0,3,31.0,122.76004028320312,0,0,1,0,0,988.json,NotBuggy
3,0.7048373222351074,0.838214704136299,0,0,0,1,3.77,0,1,15.0,132.25152587890625,0,0,0,0,0,817.json,NotBuggy
3,0.9002764225006104,0.8336706689769642,0,0,0,1,3.77,0,0,14.0,132.4454345703125,0,0,0,0,0,2259.json,NotBuggy
3,0.8346812129020691,0.8771948372443401,0,0,0,1,3.77,0,0,12.0,133.59722900390625,0,0,0,0,0,1762.json,NotBuggy
5,0.00469709699973464,0.1342359240675875,0,0,0,1,3.92,0,3,38.0,117.93329620361328,0,2,0,0,0,2677.json,NotBuggy
7,0.039624471217393875,0.024427867538852024,0,0,0,1,8.24,1,2,50.0,110.68449401855469,0,0,0,0,0,1838.json,NotBuggy
8,0.2405233383178711,0.007704617162532031,2,1,3,3,7.75,2,6,59.0,107.00480651855469,0,0,1,0,0,109.json,NotBuggy
10,6.029336364008486E-4,3.844359803257014E-6,0,0,0,1,3.2,0,5,100.0,100.6950454711914,0,2,2,0,0,2886.json,NotBuggy
2,0.8931466937065125,0.8407274667710696,0,0,0,1,0.0,0,0,15.0,138.50709533691406,0,2,0,0,0,2333.json,Buggy
6,0.15661567449569702,0.014816987746430813,3,3,6,3,3.77,0,0,54.0,112.49296569824219,0,1,1,0,0,3170.json,NotBuggy
6,0.39747586846351624,0.4352870761998223,0,0,0,1,3.77,0,4,34.0,115.98135375976562,0,1,0,0,0,198.json,NotBuggy
11,0.02186376042664051,5.315148041630658E-5,1,1,2,4,5.34,1,7,89.0,99.2354507446289,0,2,1,0,0,519.json,NotBuggy
3,0.2821144759654999,0.6217913358438797,0,0,0,1,3.77,0,1,20.0,130.07347106933594,0,2,0,0,0,2141.json,NotBuggy
3,0.07158514857292175,0.5844250225154535,0,0,0,1,3.77,0,1,23.0,129.4591827392578,0,2,0,0,0,385.json,NotBuggy
3,0.9745934009552002,0.9617320407334691,0,0,0,1,3.77,0,0,11.0,134.26058959960938,0,0,0,0,0,416.json,NotBuggy
6,0.05559639260172844,0.00363128612946659,2,2,4,3,3.77,0,4,60.0,112.00807189941406,0,2,1,0,0,965.json,NotBuggy
5,0.2428974211215973,0.12543257832367577,0,0,0,1,3.92,0,4,38.0,117.79682159423828,0,2,1,0,0,1584.json,Buggy
1,0.9907751679420471,0.8031184219578743,0,0,0,1,0.0,0,0,13.0,150.7931671142578,0,0,0,0,0,21.json,NotBuggy
5,0.00463397242128849,0.13826191967837229,0,0,0,1,3.92,0,3,38.0,117.93329620361328,0,2,0,0,0,2684.json,NotBuggy
28,1.9256724044680595E-4,2.1987264099946812E-13,9,10,19,11,10.11,3,21,227.0,77.25334167480469,0,3,8,0,0,257.json,NotBuggy
3,0.5190245509147644,0.5289319665811947,0,0,0,1,3.77,0,2,22.0,129.57785034179688,0,1,0,0,0,245.json,NotBuggy
24,0.0,2.8632436176489987E-21,1,1,2,2,2.81,0,3,281.0,80.162109375,0,5,5,0,0,2933.json,Buggy
3,0.733362078666687,0.7509798548199482,0,0,0,1,3.77,0,1,18.0,130.85629272460938,0,1,0,0,0,1487.json,NotBuggy
1,0.9844805002212524,0.5529806551715517,0,0,0,1,0.0,0,0,18.0,148.41885375976562,0,1,0,0,0,81.json,NotBuggy
20,0.0,3.461934695796161E-10,7,7,14,5,6.44,2,6,181.0,85.5934066772461,0,4,3,0,0,325.json,NotBuggy
11,0.03276628255844116,7.94855441991914E-6,2,1,3,3,4.11,1,8,104.0,98.45628356933594,0,3,5,0,0,1235.json,NotBuggy
10,0.41504141688346863,0.011560169585153943,1,1,2,3,5.06,1,5,63.0,102.96199798583984,0,0,1,0,0,2071.json,NotBuggy
6,0.6171896457672119,0.09360153565166555,0,0,0,1,3.77,0,4,47.0,113.7378921508789,0,0,2,0,0,2244.json,Buggy
4,0.6808311939239502,0.8468439851859548,0,0,0,1,4.0,0,2,18.0,126.4781494140625,0,0,0,0,0,939.json,NotBuggy
9,0.007233332842588425,1.2032416847102967E-4,2,2,4,4,7.33,2,7,85.0,102.92391967773438,0,0,2,0,0,812.json,NotBuggy
5,0.004102387465536594,0.13130097827646167,0,0,0,1,3.92,0,3,38.0,117.93329620361328,0,2,0,0,0,2638.json,NotBuggy
13,0.02382826618850231,6.886900608419294E-5,0,0,0,4,4.92,1,6,101.0,95.90846252441406,0,2,4,0,0,1062.json,NotBuggy
5,0.017906611785292625,0.9756729813268937,0,0,0,1,3.92,0,5,2.0,141.09274291992188,0,1,2,0,0,1437.json,NotBuggy
3,0.8187670707702637,0.6051409980842111,0,0,0,1,3.77,0,0,16.0,131.46876525878906,0,0,0,0,0,1410.json,NotBuggy
9,0.4117337465286255,1.9356067979087876E-4,2,2,4,3,4.53,1,5,82.0,103.2175521850586,0,0,3,0,0,911.json,NotBuggy
13,0.0521017350256443,9.344171515699847E-8,9,7,16,7,4.44,1,14,134.0,93.64081573486328,0,0,4,0,0,2236.json,NotBuggy
4,0.9296532869338989,0.2572955843790466,1,1,2,2,4.0,0,2,30.0,122.54744720458984,0,1,1,0,0,465.json,NotBuggy
3,0.6192617416381836,0.9083720293822445,0,0,0,1,3.77,0,0,12.0,133.59722900390625,0,0,0,0,0,2300.json,NotBuggy
6,0.8396788835525513,0.07126225916755302,2,2,4,3,3.77,0,1,45.0,113.4410400390625,0,0,1,0,0,2968.json,NotBuggy
3,0.4971016049385071,0.7206432950325712,0,0,0,1,3.77,0,1,19.0,130.70933532714844,0,1,0,0,0,567.json,NotBuggy
12,0.008823061361908913,5.482967586512078E-4,1,1,2,4,6.8,2,6,83.0,98.38729095458984,0,0,3,0,0,2263.json,NotBuggy
56,0.0,4.912253582010931E-46,3,5,8,6,9.11,2,31,600.0,61.286842346191406,0,6,13,0,0,2892.json,Buggy
17,0.10001033544540405,1.3387448900057983E-4,5,4,9,5,12.0,4,4,98.0,91.1940689086914,0,3,2,0,0,2510.json,NotBuggy
4,0.5656004548072815,0.8289060880822692,0,0,0,1,4.0,0,1,21.0,125.39425659179688,0,1,0,0,0,432.json,NotBuggy
3,0.03227249160408974,0.2718916730303273,0,0,0,1,3.77,0,3,27.0,128.31268310546875,0,0,0,0,0,1873.json,NotBuggy
12,0.39923879504203796,1.727542873964611E-4,6,6,12,5,10.04,1,4,88.0,97.85311126708984,0,2,3,0,0,917.json,NotBuggy
5,0.00384268700145185,0.14235526148887365,0,0,0,1,3.92,0,3,38.0,117.93329620361328,0,2,0,0,0,2673.json,NotBuggy
24,0.0,2.8632436176489987E-21,1,1,2,2,2.81,0,3,281.0,80.162109375,0,5,5,0,0,2934.json,Buggy
16,0.00653779087588191,2.3159482154015039E-7,0,0,0,6,7.99,2,3,125.0,90.52099609375,0,3,3,0,0,1827.json,Buggy
3,0.005076696630567312,0.8056464138822051,0,0,0,1,3.77,0,1,17.0,131.28770446777344,0,1,0,0,0,137.json,NotBuggy
3,0.0,0.025788197707320056,0,0,0,1,3.77,0,3,41.0,125.67707061767578,0,3,0,0,0,2201.json,NotBuggy
3,0.9345476627349854,0.917527068019329,0,0,0,1,3.77,0,0,12.0,133.59722900390625,0,0,0,0,0,1902.json,NotBuggy
12,0.0,3.562083793696911E-8,0,0,0,1,6.91,0,3,132.0,96.32943725585938,0,3,3,0,0,2548.json,NotBuggy
3,0.8067782521247864,0.7478950000020007,0,0,0,1,3.77,0,1,18.0,130.99049377441406,0,0,0,0,0,2979.json,NotBuggy
3,0.047244843095541,0.4703095733422728,0,0,0,1,3.77,0,1,24.0,129.2378692626953,0,2,0,0,0,541.json,NotBuggy
3,0.018885890021920204,0.2610240058929404,0,0,0,1,3.77,0,1,27.0,128.31268310546875,0,2,0,0,0,584.json,NotBuggy
8,0.3419991731643677,0.6987374329844933,1,1,2,2,5.66,1,4,33.0,111.3499984741211,0,1,0,0,0,218.json,NotBuggy
11,0.0,1.60076157299842E-6,1,9,10,10,3.09,0,8,114.0,96.56813049316406,0,1,0,0,0,3183.json,NotBuggy
1,0.39582449197769165,0.5194232367229888,0,0,0,1,0.0,0,0,18.0,148.41885375976562,0,0,0,0,0,15.json,NotBuggy
5,0.004513582214713097,0.13529149482656253,0,0,0,1,3.92,0,3,38.0,117.93329620361328,0,2,0,0,0,2627.json,NotBuggy
3,0.013451800681650639,0.35760672821921824,0,0,0,1,3.77,0,1,27.0,128.22288513183594,0,2,0,0,0,575.json,NotBuggy
2,0.8931466937065125,0.8407274667710696,0,0,0,1,0.0,0,0,15.0,138.50709533691406,0,2,0,0,0,2352.json,Buggy
5,0.004184133373200893,0.13845878601628703,0,0,0,1,3.92,0,3,38.0,117.93329620361328,0,2,0,0,0,2674.json,NotBuggy
1,0.9594031572341919,0.8826928514033124,0,0,0,1,0.0,0,0,11.0,152.05810546875,0,1,0,0,0,96.json,NotBuggy
7,0.017362352460622787,0.002989954791025634,0,0,0,2,5.11,1,3,62.0,109.23393249511719,0,2,2,0,0,1331.json,NotBuggy
10,0.0036434701178222895,3.316062132885967E-4,0,0,0,1,3.2,0,8,78.0,102.1925048828125,0,1,1,0,0,332.json,NotBuggy
15,1.0775507689686492E-4,3.256310848885306E-9,0,0,0,1,4.95,1,10,147.0,92.03328704833984,0,2,4,0,0,336.json,NotBuggy
5,0.25195199251174927,0.06865203898644819,0,0,0,1,3.92,0,1,41.0,117.3387222290039,0,2,1,0,0,630.json,NotBuggy
8,0.07621994614601135,0.00205972991563,0,0,0,2,6.24,1,3,63.0,106.84949493408203,0,1,1,0,0,1818.json,NotBuggy
18,0.0027896135579794645,3.45335035900426E-8,4,5,9,6,5.2,2,6,134.0,88.2269515991211,0,3,4,0,0,2068.json,NotBuggy
3,0.9524603486061096,0.6933796821266803,0,0,0,1,3.77,0,0,18.0,130.85629272460938,0,0,0,0,0,642.json,NotBuggy
3,0.0,0.006432764386765529,0,0,0,1,3.77,0,0,54.0,124.45565032958984,0,4,0,0,0,516.json,NotBuggy
3,0.47154536843299866,0.4759046541005036,1,1,2,2,3.77,0,0,25.0,128.48287963867188,0,2,0,0,0,3044.json,NotBuggy
5,0.0018590257968753576,0.09573049726592411,0,0,0,1,3.92,0,3,40.0,117.59646606445312,0,2,0,0,0,2610.json,NotBuggy
3,0.0,6.425349590507737E-4,0,0,0,1,3.77,0,1,63.0,123.20893859863281,0,8,0,0,0,527.json,NotBuggy
40,0.0,6.45667495195878E-23,7,11,18,13,9.92,4,20,358.0,68.3158950805664,0,2,6,0,0,800.json,NotBuggy
3,0.9292370080947876,0.8296948723544222,0,0,0,1,3.77,0,0,14.0,132.4454345703125,0,0,0,0,0,706.json,NotBuggy
14,0.21053281426429749,0.0010596638718640555,4,3,7,5,7.67,2,3,79.0,95.6825942993164,0,1,3,0,0,491.json,NotBuggy
9,0.4116102457046509,7.519814665887022E-4,4,5,9,6,5.33,1,1,83.0,102.82775115966797,0,1,3,0,0,633.json,NotBuggy
3,0.3345513939857483,0.8363801632012903,0,0,0,1,3.77,0,1,15.0,132.25152587890625,0,0,0,0,0,2990.json,NotBuggy
3,0.72954922914505,0.8313074733177969,0,0,0,1,3.77,0,0,15.0,131.9385528564453,0,0,0,0,0,2488.json,NotBuggy
3,0.2358454167842865,0.897415575583991,0,0,0,1,3.77,0,0,12.0,133.59722900390625,0,0,0,0,0,2378.json,NotBuggy
10,0.45067375898361206,0.0916387566588344,0,0,0,4,5.77,1,3,54.0,103.87064361572266,0,1,0,0,0,3166.json,Buggy
5,0.1484212577342987,0.08961688578898501,1,1,2,2,3.92,0,2,41.0,117.23806762695312,0,3,1,0,0,2163.json,NotBuggy
129,0.0,5.566002764374475E-57,8,6,14,16,15.09,5,56,823.0,43.33112335205078,1,0,18,0,0,745.json,Buggy
3,9.921436430886388E-4,0.06941363194188402,0,0,0,1,3.77,0,1,35.0,126.37696838378906,0,3,0,0,0,1994.json,NotBuggy
55,0.0,1.1745755206727006E-24,4,11,15,15,11.11,5,6,396.0,62.00014877319336,0,1,15,0,0,2747.json,Buggy
3,0.11747106909751892,0.2547915570613089,0,0,0,1,3.77,0,5,30.0,127.67500305175781,0,1,0,0,0,490.json,NotBuggy
3,0.6700470447540283,0.8589944204576061,0,0,0,1,3.77,0,1,16.0,131.75106811523438,0,0,0,0,0,403.json,NotBuggy
3,0.8439481854438782,0.9281627002423237,0,0,0,1,3.77,0,0,12.0,133.59722900390625,0,0,0,0,0,1707.json,NotBuggy
3,0.049786526709795,0.2496910533924313,0,0,0,1,3.77,0,1,29.0,127.61418151855469,0,2,0,0,0,870.json,NotBuggy
3,0.6456501483917236,0.7971791857771178,0,0,0,1,3.77,0,0,14.0,132.4454345703125,0,0,0,0,0,1420.json,NotBuggy
3,0.8794270157814026,0.7474214160583745,0,0,0,1,3.77,0,1,18.0,130.85629272460938,0,1,0,0,0,906.json,NotBuggy
9,0.0279533714056015,3.364941142562336E-4,8,5,13,6,4.53,1,7,86.0,102.44731140136719,0,1,1,0,0,603.json,NotBuggy
5,0.0048453486524522305,0.13763302781887357,0,0,0,1,3.92,0,3,38.0,117.93329620361328,0,2,0,0,0,2716.json,NotBuggy
1,0.986268162727356,0.8357977822892302,0,0,0,1,0.0,0,0,12.0,151.39474487304688,0,0,0,0,0,90.json,NotBuggy
3,0.9338491559028625,0.6908790258309693,0,0,0,1,3.77,0,1,20.0,130.18594360351562,0,0,0,0,0,1627.json,NotBuggy
6,0.010214952751994133,0.0032705575671641536,2,1,3,2,3.77,0,3,59.0,111.94122314453125,0,2,2,0,0,1502.json,NotBuggy
11,0.3511449992656708,0.0024184825587432236,0,0,0,2,6.17,1,5,70.0,101.0590591430664,0,0,3,0,0,1697.json,Buggy
4,0.817909836769104,0.7510225392241016,0,0,0,1,4.0,0,1,20.0,125.64796447753906,0,1,0,0,0,503.json,NotBuggy
3,0.0256289504468441,0.6330864810171705,0,0,0,1,1.89,0,0,25.0,128.712890625,0,2,0,0,0,414.json,NotBuggy
9,0.22180555760860443,0.030561314520263286,1,1,2,3,4.53,1,1,56.0,105.51180267333984,0,1,3,0,0,2745.json,NotBuggy
3,0.6803593039512634,0.897250717440444,0,0,0,1,3.77,0,1,15.0,132.25152587890625,0,0,0,0,0,1643.json,NotBuggy
3,0.5848249793052673,0.8351283090686441,0,0,0,1,3.77,0,1,16.0,131.75106811523438,0,0,0,0,0,1599.json,NotBuggy
5,0.4580743610858917,0.608799684371719,0,0,0,1,3.92,0,0,29.0,119.97843933105469,0,1,0,0,0,2592.json,NotBuggy
8,0.06806556135416031,0.04068639855525121,2,2,4,2,4.8,1,1,53.0,108.0998306274414,0,1,2,0,0,2458.json,NotBuggy
4,0.0013062356738373637,0.013644745855657989,0,0,0,1,4.0,0,4,47.0,120.30642700195312,0,2,1,0,0,1459.json,NotBuggy
8,0.07621994614601135,0.00205972991563,0,0,0,2,6.24,1,3,63.0,106.84949493408203,0,1,1,0,0,1814.json,NotBuggy
3,0.9341842532157898,0.7341434593319579,0,0,0,1,3.77,0,1,17.0,131.28770446777344,0,1,0,0,0,1165.json,NotBuggy
3,0.12499062716960907,0.5176391235482443,0,0,0,1,3.77,0,1,22.0,129.47398376464844,0,1,0,0,0,1679.json,NotBuggy
3,0.5354204177856445,0.17113674109979332,0,0,0,1,3.77,0,0,33.0,127.26919555664062,0,1,0,0,0,920.json,NotBuggy
5,0.004046890884637833,0.13955414156703752,0,0,0,1,3.92,0,3,38.0,117.93329620361328,0,2,0,0,0,2644.json,NotBuggy
3,0.9365323185920715,0.6705150633311686,0,0,0,1,3.77,0,1,19.0,130.45266723632812,0,1,0,0,0,798.json,NotBuggy
3,0.07610098272562027,0.047327322419665106,0,0,0,1,3.77,0,3,35.0,126.31990814208984,0,1,0,0,0,349.json,NotBuggy
5,1.7009222938213497E-4,0.01445144064535952,0,0,0,1,5.99,0,2,51.0,115.88253784179688,0,2,1,0,0,2993.json,NotBuggy
1,0.9698320031166077,0.8750046711914434,0,0,0,1,0.0,0,0,12.0,151.39474487304688,0,1,0,0,0,1032.json,NotBuggy
5,0.016202522441744804,0.0292397877759869,0,0,0,1,3.92,0,2,45.0,116.85465240478516,0,2,1,0,0,3194.json,Buggy
19,0.005234319716691971,4.596567781055866E-7,2,2,4,6,9.17,3,7,128.0,87.74512481689453,0,2,0,0,0,291.json,NotBuggy
24,9.706757264211774E-4,8.207839577696403E-10,7,9,16,10,7.11,3,9,173.0,81.27095794677734,0,2,4,0,0,2516.json,NotBuggy
3,0.7507620453834534,0.7522957966009272,0,0,0,1,3.77,0,1,16.0,131.75106811523438,0,0,0,0,0,316.json,NotBuggy
3,0.09982670098543167,0.46932870415416067,0,0,0,1,3.77,0,1,24.0,129.0215301513672,0,2,0,0,0,1621.json,NotBuggy
5,0.004738487768918276,0.13531319580009643,0,0,0,1,3.92,0,3,38.0,117.93329620361328,0,2,0,0,0,2636.json,NotBuggy
3,0.03610459715127945,0.48773975589826074,0,0,0,1,3.77,0,0,22.0,129.37762451171875,0,1,0,0,0,266.json,NotBuggy
3,0.5572131276130676,0.8915731779778839,0,0,0,1,3.77,0,1,15.0,132.25152587890625,0,0,0,0,0,984.json,NotBuggy
5,0.7370061278343201,0.06026104929399454,1,1,2,2,3.92,0,2,40.0,117.23712158203125,0,0,1,0,0,1000.json,NotBuggy
20,0.0069453115575015545,0.012144875026839802,5,5,10,4,8.19,2,11,83.0,89.9134292602539,0,1,1,0,0,187.json,NotBuggy
3,0.0868489220738411,0.6441862405055411,0,0,0,1,3.77,0,0,19.0,130.57513427734375,0,0,0,0,0,764.json,NotBuggy
3,0.44554010033607483,0.3471490680623863,1,1,2,2,3.77,0,1,27.0,127.99288177490234,0,1,0,0,0,1753.json,NotBuggy
4,0.22387346625328064,0.4991232707277533,0,0,0,1,4.0,0,2,24.0,124.26470947265625,0,1,0,0,0,762.json,NotBuggy
1,0.6822415590286255,0.6471486636377839,0,0,0,1,0.0,0,0,16.0,149.2662811279297,0,0,0,0,0,41.json,NotBuggy
9,0.00105127168353647,7.903725379292782E-5,3,3,6,3,4.53,1,6,89.0,102.91480255126953,0,1,2,0,0,2149.json,NotBuggy
43,0.0,8.784937813722884E-26,6,6,12,9,9.22,4,13,372.0,67.60216522216797,0,4,9,0,0,3179.json,Buggy
1,0.9884302020072937,0.7840106832147623,0,0,0,1,0.0,0,0,13.0,150.7931671142578,0,0,0,0,0,16.json,NotBuggy
4,0.7657122015953064,0.21418755518147015,1,1,2,2,4.0,0,2,32.0,122.44895935058594,0,0,0,0,0,2966.json,NotBuggy
4,0.6701297163963318,0.18026441438895735,0,0,0,1,4.0,0,2,34.0,122.20084381103516,0,1,1,0,0,904.json,Buggy
3,0.660823404788971,0.9130421010109839,0,0,0,1,3.77,0,0,12.0,133.59722900390625,0,0,0,0,0,1494.json,NotBuggy
3,0.7115203738212585,0.7748834403643139,0,0,0,1,3.77,0,1,18.0,130.99049377441406,0,1,0,0,0,382.json,NotBuggy
3,0.16772083938121796,0.9112340095505468,0,0,0,1,3.77,0,0,12.0,133.59722900390625,0,0,0,0,0,304.json,NotBuggy
3,0.09389146417379379,0.3131366361760123,0,0,0,1,3.77,0,3,27.0,128.1388702392578,0,1,0,0,0,2782.json,NotBuggy
12,9.279589867219329E-4,1.840519791661608E-8,8,7,15,6,3.94,1,2,131.0,94.96266174316406,0,2,2,0,0,2843.json,NotBuggy
5,0.004046890884637833,0.14115303903219636,0,0,0,1,3.92,0,3,38.0,117.93329620361328,0,2,0,0,0,2645.json,NotBuggy
8,0.07829932123422623,0.21960957087771518,0,0,0,1,3.46,0,0,47.0,109.45103454589844,0,1,0,0,0,2577.json,NotBuggy
7,0.09892180562019348,7.118907338587593E-5,2,2,4,3,3.61,0,5,80.0,107.34197998046875,0,1,2,0,0,2832.json,NotBuggy
13,0.0,1.423636272837202E-6,1,2,3,3,7.23,1,3,117.0,95.26628112792969,1,5,2,0,0,2500.json,NotBuggy
19,0.012988478876650333,4.086386772625362E-6,2,2,4,5,6.55,2,8,122.0,88.34298706054688,0,3,3,0,0,508.json,NotBuggy
1,0.0,0.4435893553409189,0,0,0,1,0.0,0,0,21.0,147.61727905273438,0,4,0,0,0,1911.json,NotBuggy
3,0.042006783187389374,0.4785720971969893,0,0,0,1,3.77,0,1,23.0,129.34671020507812,0,2,0,0,0,1282.json,NotBuggy
7,0.009250810369849205,0.01703978728480804,1,1,2,2,5.11,1,5,51.0,110.35152435302734,0,1,0,0,0,1655.json,NotBuggy
9,0.28195858001708984,0.11796906812885195,0,0,0,2,5.9,1,3,49.0,106.78903198242188,0,2,0,0,0,2055.json,NotBuggy
1,0.6944853067398071,0.8815155750307718,0,0,0,1,0.0,0,0,12.0,151.39474487304688,0,0,0,0,0,77.json,NotBuggy
3,0.9333471655845642,0.9479320851505644,0,0,0,1,3.77,0,0,11.0,134.26058959960938,0,0,0,0,0,819.json,NotBuggy
5,0.004632072057574987,0.13539416184324735,0,0,0,1,3.92,0,3,38.0,117.93329620361328,0,2,0,0,0,2669.json,NotBuggy
3,0.0,0.0798149941130937,0,0,0,1,3.77,0,1,35.0,126.63631439208984,0,4,0,0,0,3030.json,NotBuggy
8,0.05734856426715851,0.0038124932422393893,3,2,5,4,6.24,1,4,63.0,106.52752685546875,0,2,2,0,0,1230.json,NotBuggy
30,0.0,2.8485453691496695E-18,10,11,21,8,8.76,3,11,269.0,75.39412689208984,0,3,5,0,0,956.json,NotBuggy
13,0.0880463644862175,0.0022957670968109614,4,2,6,4,7.44,2,5,75.0,97.53401947021484,0,2,3,0,0,2463.json,NotBuggy
16,1.8472582451067865E-4,2.729849282661687E-8,7,8,15,8,5.57,3,13,140.0,89.60311889648438,0,1,4,0,0,3201.json,Buggy
9,0.48932915925979614,0.0028628946449247125,3,3,6,4,3.33,0,1,74.0,103.56095886230469,0,2,3,0,0,2776.json,NotBuggy
1,0.9940911531448364,0.778070977501292,0,0,0,1,0.0,0,0,13.0,150.7931671142578,0,0,0,0,0,29.json,NotBuggy
8,0.004107631277292967,8.893979048047909E-4,3,2,5,3,4.8,1,5,70.0,105.98800659179688,0,3,2,0,0,2520.json,NotBuggy
3,0.9319202303886414,0.8470365992859327,0,0,0,1,3.77,0,0,14.0,132.4454345703125,0,0,0,0,0,2871.json,NotBuggy
1,0.9752580523490906,0.8080533148131525,0,0,0,1,0.0,0,0,12.0,151.39474487304688,0,0,0,0,0,853.json,NotBuggy
9,0.09075810015201569,0.3072557580032984,1,1,2,2,5.34,1,3,45.0,107.23184967041016,1,0,2,0,0,1955.json,NotBuggy
3,0.6983139514923096,0.7827441835270493,0,0,0,1,3.77,0,0,16.0,131.46876525878906,0,0,0,0,0,2175.json,NotBuggy
3,0.0,0.002660735402901156,1,1,2,2,3.77,0,2,58.0,123.46340942382812,0,1,0,0,0,1152.json,NotBuggy
2,0.9558829665184021,0.8440217821477306,0,0,0,1,0.0,0,0,12.0,140.16575622558594,0,0,0,0,0,149.json,NotBuggy
3,0.43654000759124756,0.3175249594919095,0,0,0,1,3.77,0,2,26.0,128.3351287841797,0,1,0,0,0,3094.json,NotBuggy
3,0.005570333916693926,0.7982556040561256,0,0,0,1,3.77,0,0,17.0,131.28770446777344,0,1,0,0,0,269.json,NotBuggy
5,0.004907708615064621,0.14058969629259888,0,0,0,1,3.92,0,3,38.0,117.93329620361328,0,2,0,0,0,2613.json,NotBuggy
20,1.0569042933639139E-4,8.03350683418007E-13,8,11,19,12,8.29,3,8,195.0,82.95304107666016,0,2,4,0,0,3196.json,NotBuggy
20,0.0,1.523810919210773E-7,0,0,0,1,11.48,0,20,146.0,87.59614562988281,0,1,4,0,0,3136.json,NotBuggy
3,0.7625190615653992,0.6334188128822221,0,0,0,1,3.77,0,1,18.0,130.7338104248047,0,1,0,0,0,107.json,NotBuggy
10,0.028252121061086655,0.0038199986122960687,1,1,2,3,8.2,2,6,65.0,102.71884155273438,0,1,1,0,0,3000.json,Buggy
9,0.19048629701137543,0.015254711999580447,0,0,0,3,5.9,1,4,58.0,105.38141632080078,0,2,0,0,0,1565.json,NotBuggy
3,0.6606557965278625,0.825169895835034,0,0,0,1,3.77,0,1,17.0,131.43582153320312,0,1,0,0,0,171.json,NotBuggy
3,0.6335212588310242,0.9164179182892168,0,0,0,1,3.77,0,0,12.0,133.59722900390625,0,0,0,0,0,2490.json,NotBuggy
3,0.903901219367981,0.9049423595616531,0,0,0,1,3.77,0,0,12.0,133.59722900390625,0,0,0,0,0,775.json,NotBuggy
3,0.5926840305328369,0.7606174928317846,0,0,0,1,3.77,0,1,17.0,131.28770446777344,0,0,0,0,0,1651.json,NotBuggy
35,0.0,2.0552618903316636E-28,5,5,10,6,4.61,2,11,367.0,71.49114227294922,0,3,9,0,0,2921.json,Buggy
6,0.012365985661745071,0.018860399769482634,1,1,2,2,3.77,0,5,53.0,112.7602767944336,0,1,2,0,0,2408.json,NotBuggy
3,0.7398160696029663,0.7844024089085193,0,0,0,1,3.77,0,1,16.0,131.75106811523438,0,0,0,0,0,315.json,NotBuggy
5,0.0027194228023290634,0.003778995135250833,1,1,2,2,3.92,0,2,57.0,115.0281982421875,0,1,1,0,0,2959.json,NotBuggy
40,0.0,1.381535262725246E-25,3,4,7,4,4.69,1,12,364.0,70.09616088867188,0,3,13,0,0,2894.json,NotBuggy
2,0.8931466937065125,0.8407274667710696,0,0,0,1,0.0,0,0,15.0,138.50709533691406,0,2,0,0,0,2330.json,NotBuggy
3,0.9438899755477905,0.9230061731172001,0,0,0,1,3.77,0,0,12.0,133.59722900390625,0,0,0,0,0,1903.json,NotBuggy
15,0.030555743724107742,0.006030585625998293,1,9,10,11,4.13,2,2,77.0,93.50997924804688,0,1,0,0,0,238.json,NotBuggy
3,6.772875203751028E-4,0.013067121198732518,0,0,0,1,3.77,0,4,46.0,124.8987808227539,0,1,0,0,0,3050.json,NotBuggy
5,0.00469709699973464,0.13430833254952568,0,0,0,1,3.92,0,3,38.0,117.93329620361328,0,2,0,0,0,2670.json,NotBuggy
3,0.8201348781585693,0.8251473825170691,0,0,0,1,3.77,0,0,14.0,132.4454345703125,0,0,0,0,0,836.json,NotBuggy
4,0.27615419030189514,0.15078392914073985,3,3,6,2,4.0,0,1,34.0,122.04969787597656,0,1,0,0,0,2975.json,NotBuggy
5,0.4590739607810974,0.56524852671301,0,0,0,1,3.92,0,0,29.0,119.97843933105469,0,1,0,0,0,2591.json,NotBuggy
3,0.2043117880821228,0.6423265340360584,0,0,0,1,3.77,0,0,20.0,130.07347106933594,0,3,0,0,0,70.json,NotBuggy
3,0.6680099368095398,0.7578073367902459,0,0,0,1,3.77,0,0,18.0,130.7338104248047,0,2,0,0,0,1579.json,NotBuggy
3,0.9490289092063904,0.69437294624104,0,0,0,1,3.77,0,1,17.0,131.28770446777344,0,1,0,0,0,895.json,NotBuggy
7,0.22898800671100616,0.3376853655195837,0,0,0,1,3.61,0,5,40.0,112.54264068603516,0,1,0,0,0,216.json,NotBuggy
3,0.8435026407241821,0.6598828397949538,0,0,0,1,3.77,0,1,19.0,130.45266723632812,0,1,0,0,0,2157.json,Buggy
10,0.376797616481781,0.006436496472982495,0,0,0,3,5.99,1,5,62.0,103.0877685546875,0,2,1,0,0,451.json,NotBuggy
8,0.5336930155754089,0.048231381396709024,0,0,0,3,5.9,1,2,47.0,108.33094787597656,1,1,0,0,0,450.json,NotBuggy
5,0.00417504645884037,0.12795053303796597,0,0,0,1,3.92,0,3,38.0,117.93329620361328,0,2,0,0,0,2706.json,NotBuggy
9,0.41997575759887695,0.004784190322035987,2,2,4,3,5.9,1,7,67.0,104.57923126220703,0,0,3,0,0,431.json,Buggy
38,0.0,1.6449948233537018E-21,8,9,17,11,6.54,2,24,309.0,70.02691650390625,0,1,10,0,0,924.json,Buggy
5,0.004559522494673729,0.13614218375362586,0,0,0,1,3.92,0,3,38.0,117.93329620361328,0,2,0,0,0,2676.json,NotBuggy
20,0.0,5.468348649462053E-9,3,3,6,5,5.59,2,15,154.0,86.18257904052734,0,2,3,0,0,2281.json,NotBuggy
3,0.0,0.18091705707597633,0,0,0,1,3.77,0,0,33.0,127.17938995361328,0,1,0,0,0,2839.json,Buggy
10,0.0,0.228842176119204,0,0,0,1,9.99,0,2,47.0,105.7520980834961,0,0,0,0,0,720.json,NotBuggy
3,3.5992221091873944E-4,0.12106633166908815,0,0,0,1,3.77,0,1,35.0,126.78941345214844,0,4,0,0,0,391.json,NotBuggy
3,0.03227249160408974,0.2718916730303273,0,0,0,1,3.77,0,3,27.0,128.31268310546875,0,0,0,0,0,1867.json,NotBuggy
3,0.42034631967544556,0.723717303983426,0,0,0,1,3.77,0,1,19.0,130.57513427734375,0,1,0,0,0,2763.json,NotBuggy
3,5.504608270712197E-4,0.028025115617451152,0,0,0,1,3.77,0,2,40.0,125.62554168701172,0,4,0,0,0,1920.json,NotBuggy
3,0.7563081383705139,0.8585197633953905,0,0,0,1,3.77,0,0,17.0,131.1535186767578,0,1,0,0,0,256.json,NotBuggy
5,0.005434918217360973,0.1289656655686857,0,0,0,1,3.92,0,3,38.0,117.93329620361328,0,2,0,0,0,2648.json,NotBuggy
3,0.7324837446212769,0.6712517316803482,0,0,0,1,3.77,0,1,20.0,130.18594360351562,0,1,0,0,0,1645.json,NotBuggy
8,0.1395542323589325,0.005219725295571459,3,2,5,3,4.8,1,0,66.0,106.51561737060547,0,1,2,0,0,2567.json,NotBuggy
18,3.789736074395478E-4,8.765351112812762E-11,4,4,8,4,4.53,1,16,173.0,87.40803527832031,0,2,5,0,0,2543.json,Buggy
3,0.2898426353931427,0.6114627509841657,0,0,0,1,3.77,0,1,20.0,130.07347106933594,0,2,0,0,0,2142.json,NotBuggy
9,0.007233332842588425,1.2032416847102967E-4,2,2,4,4,7.33,2,7,85.0,102.92391967773438,0,0,2,0,0,816.json,NotBuggy
3,0.9426886439323425,0.8600090730796808,0,0,0,1,3.77,0,0,14.0,132.4454345703125,0,0,0,0,0,739.json,NotBuggy
7,0.2097182273864746,0.054493346863313016,0,0,0,1,3.61,0,3,49.0,110.90109252929688,0,1,2,0,0,1541.json,NotBuggy
3,0.9161937832832336,0.8168878068980707,0,0,0,1,3.77,0,0,14.0,132.4454345703125,0,0,0,0,0,958.json,NotBuggy
1,0.9932100772857666,0.7967557441477874,0,0,0,1,0.0,0,0,13.0,150.7931671142578,0,0,0,0,0,42.json,NotBuggy
20,0.009997091256082058,3.1739503469076863E-10,4,4,8,6,6.13,2,14,169.0,85.19923400878906,0,0,8,0,0,848.json,NotBuggy
35,4.58560127299279E-4,4.959176522892151E-7,5,6,11,9,13.93,5,15,167.0,75.83287048339844,0,1,5,0,0,221.json,Buggy
14,9.262915118597448E-4,1.3236797519756117E-7,4,4,8,4,7.86,2,14,127.0,93.1930923461914,0,1,4,0,0,2217.json,Buggy
9,1.3953784946352243E-4,4.2741767518489094E-4,3,2,5,2,3.33,0,1,81.0,103.72474670410156,0,1,0,0,0,2589.json,NotBuggy
7,0.15170317888259888,0.1821498631930925,0,0,0,2,6.05,1,3,41.0,111.8573226928711,0,1,0,0,0,1884.json,NotBuggy
3,0.002930418821051717,0.15258926768401285,0,0,0,1,3.77,0,1,33.0,127.17938995361328,0,0,0,0,0,2278.json,NotBuggy
8,0.684903621673584,0.22300804990930762,0,0,0,2,6.24,1,3,40.0,109.68604278564453,0,0,1,0,0,1751.json,NotBuggy
1,0.9826054573059082,0.7749515096009827,0,0,0,1,0.0,0,0,14.0,150.24295043945312,0,1,0,0,0,94.json,NotBuggy
1,0.9144729971885681,0.7578848579763952,0,0,0,1,0.0,0,0,14.0,150.24295043945312,0,1,0,0,0,857.json,NotBuggy
6,0.11144579201936722,0.016505312298671304,1,3,4,4,3.77,0,0,57.0,112.2555160522461,0,0,0,0,0,977.json,NotBuggy
3,0.010445846244692802,0.9253186278402601,0,0,0,1,3.77,0,0,12.0,133.59722900390625,0,0,0,0,0,308.json,NotBuggy
5,0.28156039118766785,0.6759298727399244,0,0,0,1,3.92,0,3,25.0,120.63774108886719,0,1,0,0,0,204.json,NotBuggy
17,0.021093061193823814,8.575706121937488E-5,1,1,2,5,5.16,1,6,101.0,91.1588134765625,0,4,1,0,0,3067.json,NotBuggy
3,0.8603864908218384,0.841353140729196,0,0,0,1,3.77,0,0,13.0,132.9956512451172,0,0,0,0,0,2499.json,NotBuggy
7,0.021904269233345985,0.03791745061098986,0,0,0,3,6.05,2,4,48.0,110.436767578125,0,1,1,0,0,1725.json,NotBuggy
8,0.8359130620956421,0.3894273547058185,0,0,0,2,5.66,1,2,37.0,110.22791290283203,0,1,1,0,0,1656.json,NotBuggy
7,0.17012673616409302,0.2767984346322164,1,1,2,2,6.05,1,2,38.0,112.40554809570312,0,3,0,0,0,1476.json,NotBuggy
7,0.014826257713139057,0.011651635795209421,0,0,0,2,3.61,0,8,57.0,109.82762145996094,0,1,1,0,0,2245.json,Buggy
48,0.0,2.3841935339305197E-21,7,15,22,15,11.19,4,22,342.0,64.98375701904297,0,3,11,0,0,2152.json,Buggy
2,0.8931466937065125,0.8407274667710696,0,0,0,1,0.0,0,0,15.0,138.50709533691406,0,2,0,0,0,2337.json,Buggy
11,0.028022723272442818,0.003150320533902554,2,1,3,3,7.13,2,4,70.0,100.87010192871094,0,2,2,0,0,2453.json,NotBuggy
34,0.011477508582174778,6.921189652634486E-7,4,4,8,8,12.63,4,13,157.0,76.52604675292969,0,0,1,0,0,717.json,NotBuggy
1,0.16859659552574158,0.4463235335277785,0,0,0,1,0.0,0,0,21.0,147.51341247558594,0,0,0,0,0,854.json,NotBuggy
3,0.9106679558753967,0.879233867784909,0,0,0,1,3.77,0,1,14.0,132.61029052734375,0,0,0,0,0,531.json,NotBuggy
3,0.9384304881095886,0.7326919253092649,0,0,0,1,5.66,0,0,19.0,130.45266723632812,0,0,0,0,0,1639.json,NotBuggy
3,0.42957818508148193,0.8581012545386493,0,0,0,1,3.77,0,1,15.0,132.25152587890625,0,0,0,0,0,2240.json,NotBuggy
3,0.45853960514068604,0.6922970646519013,0,0,0,1,3.77,0,1,19.0,130.34019470214844,0,0,0,0,0,862.json,NotBuggy
8,0.3064730167388916,0.17090654965849075,0,0,0,2,5.66,1,2,42.0,109.19792175292969,0,2,1,0,0,1561.json,NotBuggy
22,4.57982299849391E-4,3.911275848525677E-8,5,5,10,6,7.45,3,12,160.0,84.42597198486328,0,2,4,0,0,1344.json,NotBuggy
3,0.005914814304560423,0.4396185969170103,0,0,0,1,3.77,0,1,26.0,128.70916748046875,0,2,0,0,0,565.json,NotBuggy
3,0.03227249160408974,0.2718916730303273,0,0,0,1,3.77,0,3,27.0,128.31268310546875,0,0,0,0,0,1876.json,NotBuggy
3,0.653750479221344,0.8191026619976339,0,0,0,1,3.77,0,0,17.0,131.28770446777344,0,1,0,0,0,135.json,NotBuggy
1,0.9889485836029053,0.8403287254092778,0,0,0,1,0.0,0,0,12.0,151.39474487304688,0,0,0,0,0,11.json,NotBuggy
1,0.9899802207946777,0.7812332564545552,0,0,0,1,0.0,0,0,15.0,149.736083984375,0,1,0,0,0,91.json,NotBuggy
7,0.01602894440293312,0.06641883855471663,2,1,3,2,6.05,1,3,45.0,111.1139144897461,0,2,0,0,0,2877.json,NotBuggy
16,0.05632762238383293,2.34949596359777E-4,1,1,2,5,8.23,2,6,95.0,92.56035614013672,0,1,1,0,0,1640.json,NotBuggy
12,0.005995885469019413,0.0044714813710762255,0,0,0,2,4.92,1,6,73.0,99.47229766845703,0,3,2,0,0,1562.json,NotBuggy
3,0.03184482827782631,0.3369662219587356,0,0,0,1,3.77,0,2,27.0,128.22288513183594,0,2,0,0,0,1242.json,NotBuggy
1,0.3173374831676483,0.5323606772496935,0,0,0,1,0.0,0,0,20.0,148.10594177246094,0,1,0,0,0,86.json,NotBuggy
3,0.23054590821266174,0.5060752666105947,0,0,0,1,3.77,0,0,26.0,128.70916748046875,0,1,0,0,0,297.json,NotBuggy
3,0.02517472207546234,0.5695110399345586,0,0,0,1,3.77,0,1,23.0,129.58164978027344,0,2,0,0,0,2161.json,NotBuggy
4,0.12808994948863983,0.20700794993626778,1,1,2,2,4.0,0,2,32.0,122.36495208740234,0,2,0,0,0,2063.json,NotBuggy
4,0.7397832870483398,0.18242774983623783,1,1,2,2,4.0,0,1,36.0,121.83648681640625,0,1,0,0,0,818.json,NotBuggy
5,0.016202522441744804,0.0292397877759869,0,0,0,1,3.92,0,2,45.0,116.85465240478516,0,2,1,0,0,3193.json,Buggy
5,0.0047160047106444836,0.13440500091782853,0,0,0,1,3.92,0,3,38.0,117.93329620361328,0,2,0,0,0,2619.json,NotBuggy
4,0.1212068498134613,0.34315993012289664,0,0,0,1,4.0,0,0,30.0,123.01455688476562,0,3,0,0,0,2590.json,NotBuggy
16,0.5145931243896484,0.0016158468335632711,2,1,3,2,7.42,1,0,88.0,93.72117614746094,0,0,1,0,0,643.json,NotBuggy
5,0.0029546695295721292,0.09422601805510926,0,0,0,1,3.92,0,3,40.0,117.59646606445312,0,2,0,0,0,2604.json,NotBuggy
3,0.8191684484481812,0.9008957346311257,0,0,0,1,3.77,0,0,12.0,133.59722900390625,0,0,0,0,0,502.json,NotBuggy
3,0.6877819299697876,0.79927349321664,0,0,0,1,3.77,0,1,18.0,130.99049377441406,0,1,0,0,0,381.json,NotBuggy
3,0.2709198594093323,0.2021055129731944,1,1,2,2,3.77,0,0,32.0,127.02539825439453,0,1,0,0,0,2306.json,NotBuggy
7,0.20701052248477936,0.461756137089087,0,0,0,2,5.33,1,1,36.0,112.60784912109375,0,2,0,0,0,957.json,Buggy
3,0.38563743233680725,0.7287621150751643,0,0,0,1,3.77,0,1,18.0,130.7338104248047,0,0,0,0,0,1060.json,NotBuggy
7,0.5008504986763,0.4599287881397157,0,0,0,2,6.24,1,1,33.0,112.9860610961914,0,2,0,0,0,3157.json,Buggy
4,0.22387346625328064,0.4991232707277533,0,0,0,1,4.0,0,2,24.0,124.26470947265625,0,1,0,0,0,727.json,NotBuggy
8,0.029318874701857567,0.021755306865759244,0,0,0,1,3.46,0,7,53.0,108.27276611328125,0,1,0,0,0,729.json,NotBuggy
3,0.3688918352127075,0.831915773295142,0,0,0,1,3.77,0,0,14.0,132.4454345703125,0,0,0,0,0,1906.json,NotBuggy
1,0.005515662953257561,0.3289441032377016,0,0,0,1,0.0,0,0,23.0,146.94398498535156,0,2,0,0,0,82.json,NotBuggy
16,6.344776484183967E-4,3.906717499358574E-11,4,7,11,6,4.0,1,7,175.0,88.90277099609375,0,1,5,0,0,3058.json,NotBuggy
7,0.15833021700382233,0.028540299181868633,0,0,0,2,6.24,1,2,50.0,110.40240478515625,0,2,1,0,0,1800.json,NotBuggy
10,0.011119993403553963,4.531151415603526E-4,3,2,5,3,5.06,1,0,86.0,101.68074798583984,0,2,3,0,0,2461.json,NotBuggy
41,0.0,5.556506575293996E-26,4,13,17,14,10.76,6,31,377.0,67.2768783569336,0,5,5,0,0,1526.json,NotBuggy
19,0.0,2.3028381699173E-16,2,2,4,2,5.33,0,20,237.0,85.14940643310547,0,3,8,0,0,1376.json,NotBuggy
3,0.01417604461312294,0.38947715891991314,0,0,0,1,3.77,0,1,27.0,128.31268310546875,0,2,0,0,0,573.json,NotBuggy
5,0.501323401927948,0.2268426809459455,1,1,2,2,3.92,0,2,34.0,118.28166961669922,0,0,1,0,0,254.json,NotBuggy
3,0.0,0.06530489756697043,0,0,0,1,3.77,0,1,37.0,126.42160034179688,0,2,0,0,0,2815.json,NotBuggy
15,0.5765286684036255,0.010274789402503036,1,4,5,5,5.07,1,3,90.0,94.41580963134766,0,2,0,0,0,1829.json,NotBuggy
16,0.09314385056495667,3.2167547360192585E-4,5,8,13,11,5.84,3,3,92.0,91.3125228881836,0,2,1,0,0,2753.json,NotBuggy
7,0.2097182273864746,0.054493346863313016,0,0,0,1,3.61,0,3,49.0,110.90109252929688,0,1,2,0,0,962.json,NotBuggy
8,0.36035841703414917,0.6854957089394896,1,1,2,2,5.66,1,4,33.0,111.3499984741211,0,1,0,0,0,215.json,NotBuggy
21,0.0018155855359509587,7.656971444904968E-10,1,1,2,3,6.81,2,11,163.0,85.22393798828125,0,0,9,0,0,1683.json,Buggy
3,0.6905496716499329,0.8662303803368279,0,0,0,1,3.77,0,0,13.0,132.9956512451172,0,0,0,0,0,64.json,NotBuggy
6,0.14226360619068146,0.03234708983878668,0,0,0,1,3.77,0,3,47.0,113.40150451660156,0,2,2,0,0,1706.json,NotBuggy
10,0.22021067142486572,0.0037134469678203053,1,1,2,3,8.2,2,2,65.0,102.7584457397461,0,1,1,0,0,1819.json,NotBuggy
3,0.9020195603370667,0.8987617048215583,0,0,0,1,3.77,0,0,12.0,133.59722900390625,0,0,0,0,0,1761.json,NotBuggy
3,0.04843166097998619,0.30513488799533617,0,0,0,1,3.77,0,3,28.0,128.21994018554688,0,2,0,0,0,1925.json,NotBuggy
40,0.0,1.94230116917012E-20,4,6,10,8,10.41,5,29,295.0,70.1538314819336,0,2,11,0,0,1660.json,NotBuggy
6,0.4989362359046936,0.023605485988413454,2,2,4,2,3.77,0,4,51.0,112.9603042602539,0,1,2,0,0,157.json,NotBuggy
34,0.002217724686488509,3.191473798384658E-14,8,6,14,7,6.77,2,11,239.0,74.4488525390625,0,1,10,0,0,2077.json,NotBuggy
8,0.13009081780910492,0.15519455156728615,1,1,2,2,4.8,1,4,47.0,108.98391723632812,0,1,1,0,0,1960.json,NotBuggy
3,0.9431036710739136,0.8844268663279388,0,0,0,1,3.77,0,0,13.0,132.9956512451172,0,0,0,0,0,2215.json,NotBuggy
7,0.0,6.225080630696977E-4,0,0,0,1,8.81,0,7,83.0,107.94705963134766,0,1,0,0,0,3114.json,NotBuggy
3,0.9406588077545166,0.7250489053248416,0,0,0,1,3.77,0,1,18.0,130.85629272460938,0,1,0,0,0,2722.json,NotBuggy
27,0.0,1.6829914956209434E-28,3,5,8,5,4.78,1,33,373.0,76.18611907958984,0,5,12,0,0,1415.json,NotBuggy
7,0.15170317888259888,0.1821498631930925,0,0,0,2,6.05,1,3,41.0,111.8573226928711,0,1,0,0,0,1865.json,NotBuggy
3,0.39755669236183167,0.265887492792411,0,0,0,1,3.77,0,1,27.0,128.1388702392578,0,1,0,0,0,345.json,NotBuggy
3,0.969905436038971,0.6430962776318807,0,0,0,1,3.77,0,0,21.0,129.93223571777344,0,0,0,0,0,2143.json,NotBuggy
3,0.005535823758691549,0.09088952311483073,0,0,0,1,3.77,0,0,37.0,126.58445739746094,0,2,0,0,0,622.json,NotBuggy
21,0.0,3.6128993559944E-13,7,4,11,7,16.65,6,12,204.0,83.31425476074219,0,2,7,0,0,3039.json,NotBuggy
16,2.0015555492136627E-4,2.1815609766542024E-9,4,2,6,4,9.33,3,13,147.0,90.08969116210938,0,1,4,0,0,2999.json,Buggy
3,0.8851081132888794,0.9183694420379162,0,0,0,1,3.77,0,0,12.0,133.59722900390625,0,0,0,0,0,1493.json,NotBuggy
10,0.14119955897331238,0.016268357795041637,0,0,0,4,5.77,1,3,64.0,102.88059997558594,0,3,0,0,0,3168.json,Buggy
5,0.004984778817743063,0.12950886872010808,0,0,0,1,3.92,0,3,38.0,117.93329620361328,0,2,0,0,0,2650.json,NotBuggy
4,0.0018692194717004895,0.0018038814619154274,0,0,0,1,4.0,0,5,56.0,118.96515655517578,0,2,1,0,0,1374.json,NotBuggy
3,0.9289195537567139,0.9113660383079585,0,0,0,1,3.77,0,0,13.0,132.9956512451172,0,0,0,0,0,3214.json,NotBuggy
26,0.0,8.740605829344598E-17,5,5,10,6,9.61,3,11,247.0,78.66231536865234,0,4,7,0,0,2932.json,NotBuggy
3,0.5848249793052673,0.8351283090686441,0,0,0,1,3.77,0,1,16.0,131.75106811523438,0,0,0,0,0,1632.json,NotBuggy
3,0.03617507219314575,0.24769156213215693,0,0,0,1,3.77,0,1,29.0,127.61418151855469,0,2,0,0,0,1227.json,NotBuggy
5,0.0013134534237906337,0.010772193540440822,1,1,2,3,3.92,0,0,50.0,115.5255126953125,0,0,2,0,0,3096.json,NotBuggy
7,0.3133435845375061,0.49039447902107636,0,0,0,2,6.05,1,1,32.0,113.22032165527344,0,1,0,0,0,3095.json,Buggy
10,0.0026028205174952745,3.053396178418103E-5,0,0,0,1,3.2,0,6,99.0,100.91576385498047,0,3,5,0,0,418.json,NotBuggy
2,0.03878873586654663,0.49820222929749636,0,0,0,1,0.0,0,0,20.0,136.5381317138672,0,3,0,0,0,2505.json,NotBuggy
6,0.4184860289096832,0.022189377875994013,1,2,3,3,3.77,0,4,50.0,113.02251434326172,0,1,1,0,0,1091.json,NotBuggy
35,1.5462863666471094E-4,4.561955862846329E-11,5,8,13,11,8.42,3,14,209.0,74.01738739013672,0,1,6,0,0,1991.json,NotBuggy
2,0.8511033058166504,0.9010074793429564,0,0,0,1,0.0,0,0,11.0,140.82913208007812,0,1,0,0,0,3184.json,NotBuggy
3,0.8730339407920837,0.7893534599955816,0,0,0,1,3.77,0,2,17.0,131.28770446777344,0,0,0,0,0,1623.json,NotBuggy
5,0.004656068980693817,0.1358644103430895,0,0,0,1,3.92,0,3,38.0,117.93329620361328,0,2,0,0,0,2643.json,NotBuggy
3,0.6118188500404358,0.7581657285727834,0,0,0,1,3.77,0,1,18.0,130.99049377441406,0,1,0,0,0,606.json,NotBuggy
3,0.43506330251693726,0.792514675476958,0,0,0,1,3.77,0,1,16.0,131.75106811523438,0,0,0,0,0,402.json,NotBuggy
8,0.0,8.846521620478293E-8,0,0,0,1,6.93,0,1,120.0,103.45985412597656,0,1,2,0,0,2819.json,Buggy
3,0.9224199652671814,0.8846022029598353,0,0,0,1,3.77,0,0,13.0,132.9956512451172,0,0,0,0,0,142.json,NotBuggy
25,0.004440355580300093,1.3623286006760816E-9,0,0,0,1,6.68,1,13,177.0,82.472412109375,0,0,4,0,0,728.json,NotBuggy
3,0.6389315128326416,0.8328833246139448,0,0,0,1,3.77,0,1,15.0,132.25152587890625,0,0,0,0,0,985.json,NotBuggy
3,0.685455322265625,0.8110360876502635,0,0,0,1,3.77,0,0,17.0,131.28770446777344,0,1,0,0,0,275.json,NotBuggy
9,0.004894971381872892,0.0010821984198174867,3,3,6,4,5.33,1,7,76.0,103.80038452148438,0,1,1,0,0,1927.json,NotBuggy
3,0.7145503759384155,0.8360180349502712,0,0,0,1,3.77,0,1,16.0,131.75106811523438,0,0,0,0,0,404.json,NotBuggy
5,0.004565142095088959,0.13473261271901996,0,0,0,1,3.92,0,3,38.0,117.93329620361328,0,2,0,0,0,2695.json,NotBuggy
4,0.3313685953617096,0.25668658964508473,2,1,3,2,4.0,0,2,33.0,122.2889404296875,0,1,0,0,0,1766.json,Buggy
3,0.1040327325463295,0.5332826003962937,0,0,0,1,3.77,0,1,23.0,129.2428436279297,0,2,0,0,0,2908.json,NotBuggy
3,0.256610244512558,0.19041406412531425,0,0,0,1,3.77,0,0,32.0,127.52558135986328,0,1,0,0,0,621.json,NotBuggy
34,0.0,1.820208661813028E-15,17,18,35,16,8.65,4,14,247.0,72.13377380371094,0,2,9,0,0,2974.json,NotBuggy
7,0.02966933138668537,0.00846995288349969,4,3,7,3,6.05,1,5,57.0,109.393310546875,0,2,2,0,0,1533.json,NotBuggy
3,0.683349609375,0.8094215759277111,0,0,0,1,3.77,0,0,15.0,131.9385528564453,0,0,0,0,0,144.json,NotBuggy
3,0.017340390011668205,0.28931252842433913,0,0,0,1,3.77,0,1,27.0,128.4090576171875,0,2,0,0,0,568.json,NotBuggy
3,0.8063393235206604,0.8092571878274613,0,0,0,1,3.77,0,1,17.0,131.28770446777344,0,0,0,0,0,1622.json,NotBuggy
3,0.0,0.057593486678835674,0,0,0,1,3.77,0,1,40.0,126.01619720458984,0,4,0,0,0,535.json,NotBuggy
3,0.1577889621257782,0.403931039561088,0,0,0,1,3.77,0,1,24.0,129.12539672851562,0,1,0,0,0,583.json,NotBuggy
3,0.7649551630020142,0.8163849249279247,0,0,0,1,3.77,0,0,16.0,131.60296630859375,0,1,0,0,0,445.json,NotBuggy
18,0.06505400687456131,9.9192869353934E-6,4,3,7,6,10.73,4,6,119.0,88.94558715820312,0,1,4,0,0,1812.json,NotBuggy
7,0.0037295508664101362,0.026044995967259014,0,0,0,2,6.05,1,4,51.0,110.40599822998047,0,0,0,0,0,2504.json,NotBuggy
3,0.18489481508731842,0.8093436794979207,0,0,0,1,3.77,0,0,14.0,132.4454345703125,0,0,0,0,0,2872.json,NotBuggy
5,0.6985116600990295,0.018214751270330946,0,0,0,1,3.92,0,3,47.0,116.45709991455078,0,1,2,0,0,905.json,Buggy
5,0.005120372865349054,0.14613646442139228,0,0,0,1,3.92,0,3,38.0,117.93329620361328,0,2,0,0,0,2624.json,NotBuggy
13,0.0024347470607608557,4.730559783268724E-4,4,4,8,4,7.44,2,5,87.0,96.93601989746094,0,2,2,0,0,1128.json,NotBuggy
1,0.7353456020355225,0.6701339472338549,0,0,0,1,0.0,0,0,15.0,149.736083984375,0,0,0,0,0,32.json,NotBuggy
3,0.6615986227989197,0.7205852582284249,0,0,0,1,3.77,0,0,19.0,130.34019470214844,0,1,0,0,0,3035.json,NotBuggy
34,1.6783327737357467E-4,2.575915230719921E-17,10,11,21,13,5.49,3,13,261.0,72.25992584228516,0,6,7,0,0,2532.json,Buggy
3,0.7487736344337463,0.9159204135839695,0,0,0,1,3.77,0,0,12.0,133.59722900390625,0,0,0,0,0,2144.json,NotBuggy
7,0.2713698148727417,6.049654607972644E-4,3,3,6,4,3.61,0,5,75.0,107.6034927368164,0,3,1,0,0,3132.json,NotBuggy
3,0.07947542518377304,0.18007643136000112,0,0,0,1,3.77,0,3,29.0,127.8512954711914,0,1,0,0,0,2891.json,NotBuggy
5,0.6805321574211121,0.6423875745099525,0,0,0,1,3.92,0,3,25.0,120.63774108886719,0,2,0,0,0,169.json,NotBuggy
2,0.8931466937065125,0.8407274667710696,0,0,0,1,0.0,0,0,15.0,138.50709533691406,0,2,0,0,0,2339.json,NotBuggy
3,0.5433981418609619,0.775167340565113,0,0,0,1,3.77,0,0,17.0,131.03103637695312,0,0,0,0,0,460.json,NotBuggy
4,0.22387346625328064,0.4991232707277533,0,0,0,1,4.0,0,2,24.0,124.26470947265625,0,1,0,0,0,743.json,NotBuggy
3,0.629548192024231,0.8270809866908255,0,0,0,1,3.77,0,1,15.0,132.25152587890625,0,0,0,0,0,986.json,NotBuggy
3,0.5238128304481506,0.7604467433449552,0,0,0,1,3.77,0,1,18.0,130.85629272460938,0,1,0,0,0,155.json,NotBuggy
4,0.22387346625328064,0.4991232707277533,0,0,0,1,4.0,0,2,24.0,124.26470947265625,0,1,0,0,0,770.json,NotBuggy
9,0.8337064981460571,0.5182476716373515,1,1,2,2,5.33,1,5,40.0,107.98867797851562,0,1,0,0,0,159.json,NotBuggy
1,0.9907751679420471,0.8031184219578743,0,0,0,1,0.0,0,0,13.0,150.7931671142578,0,0,0,0,0,33.json,NotBuggy
5,0.0025627349968999624,0.08241113397333258,0,0,0,1,3.92,0,3,40.0,117.59646606445312,0,2,0,0,0,2600.json,NotBuggy
11,0.011816228739917278,7.165342604165299E-6,2,1,3,4,6.0,1,4,98.0,98.59776306152344,0,3,2,0,0,240.json,NotBuggy
4,0.49223053455352783,0.09899679273239484,1,1,2,2,4.0,0,3,35.0,121.60939025878906,0,1,1,0,0,2159.json,NotBuggy
3,0.9197437167167664,0.9066096626508378,0,0,0,1,3.77,0,0,12.0,133.59722900390625,0,0,0,0,0,2483.json,NotBuggy
15,0.002156308852136135,1.9773194790396082E-5,2,1,3,6,6.52,2,7,110.0,92.48089599609375,0,4,0,0,0,3163.json,NotBuggy
7,0.004832599312067032,0.0051504399685884834,0,0,0,1,3.61,0,4,65.0,109.76532745361328,0,0,1,0,0,805.json,NotBuggy
15,0.005441914778202772,1.981288252323379E-6,4,5,9,8,8.5,2,3,117.0,91.76441192626953,0,4,1,0,0,3072.json,NotBuggy
5,0.4230489432811737,0.20458481295466435,2,2,4,3,3.92,0,0,39.0,117.66514587402344,0,2,0,0,0,1909.json,NotBuggy
8,0.684903621673584,0.22300804990930762,0,0,0,2,6.24,1,3,40.0,109.68604278564453,0,0,1,0,0,1752.json,NotBuggy
3,0.005133659113198519,0.0608708726998807,0,0,0,1,3.77,0,0,37.0,126.21087646484375,0,2,0,0,0,1667.json,Buggy
4,0.00755434250459075,0.01211804266501709,0,0,0,1,4.0,0,3,47.0,120.01993560791016,0,3,1,0,0,3064.json,NotBuggy
5,0.0034035397693514824,0.13510991099926448,0,0,0,1,3.92,0,3,38.0,117.93329620361328,0,2,0,0,0,2680.json,NotBuggy
3,0.8339220285415649,0.7753616766644493,0,0,0,1,3.77,0,1,16.0,131.60296630859375,0,0,0,0,0,1872.json,NotBuggy
3,0.5209070444107056,0.7794472607636624,0,0,0,1,3.77,0,0,17.0,131.28770446777344,0,1,0,0,0,277.json,NotBuggy
3,0.011566628701984882,0.2929107217140487,0,0,0,1,1.89,0,2,30.0,127.67500305175781,0,1,0,0,0,1.json,NotBuggy
24,0.012766419909894466,5.2283091535910505E-5,4,5,9,7,7.02,2,10,132.0,83.89422607421875,0,1,4,0,0,196.json,NotBuggy
5,0.431034117937088,0.01710194255017935,1,1,2,2,3.92,0,3,48.0,116.0655288696289,0,1,2,0,0,294.json,NotBuggy
5,0.003953841980546713,0.13844732346061772,0,0,0,1,3.92,0,3,38.0,117.93329620361328,0,2,0,0,0,2654.json,NotBuggy
5,0.003976777195930481,0.12176176068155382,0,0,0,1,3.92,0,3,38.0,117.93329620361328,0,2,0,0,0,2672.json,NotBuggy
3,0.34380561113357544,0.40019463394275195,0,0,0,1,3.77,0,1,24.0,128.7513427734375,0,1,0,0,0,709.json,NotBuggy
3,0.9276317358016968,0.8360106828702891,0,0,0,1,3.77,0,0,14.0,132.4454345703125,0,0,0,0,0,2272.json,NotBuggy
10,0.037007398903369904,5.846629859194146E-5,2,2,4,3,5.6,1,1,91.0,100.96918487548828,0,4,2,0,0,2544.json,NotBuggy
3,0.4786609709262848,0.7897380832566528,0,0,0,1,3.77,0,1,19.0,130.70933532714844,0,1,0,0,0,2746.json,NotBuggy
10,0.017648084089159966,0.09170615053893481,0,0,0,1,3.2,0,0,59.0,104.56967163085938,0,1,0,0,0,2594.json,NotBuggy
5,0.09577625244855881,0.1469209864140821,1,1,2,2,3.92,0,2,36.0,117.91434478759766,0,1,1,0,0,974.json,NotBuggy
64,0.0,4.834423387724405E-51,0,0,0,1,6.56,0,37,682.0,59.73908996582031,0,4,15,0,0,2902.json,Buggy
3,0.5747004151344299,0.7316555894943415,0,0,0,1,3.77,0,1,19.0,130.70933532714844,0,1,0,0,0,556.json,NotBuggy
3,0.665779173374176,0.795252794786535,0,0,0,1,3.77,0,0,15.0,131.9385528564453,0,0,0,0,0,446.json,NotBuggy
3,0.003402737667784095,0.18711510097315437,0,0,0,1,3.77,0,1,31.0,127.34163665771484,0,3,0,0,0,2781.json,NotBuggy
16,0.005788333714008331,1.1465727528708923E-8,9,10,19,9,7.94,2,4,148.0,89.30032348632812,0,2,4,0,0,2973.json,NotBuggy
8,0.0,3.824747147856735E-6,1,2,3,3,10.54,0,9,97.0,104.07267761230469,0,6,3,0,0,1506.json,Buggy
8,0.14711704850196838,0.002869550822390861,2,1,3,2,4.8,1,2,65.0,106.82501220703125,0,1,3,0,0,678.json,NotBuggy
3,0.5778324007987976,0.7072081836169776,0,0,0,1,3.77,0,1,19.0,130.57513427734375,0,1,0,0,0,587.json,NotBuggy
9,0.12467534840106964,0.002654560949198779,4,3,7,5,4.53,1,0,69.0,103.82256317138672,0,2,2,0,0,983.json,NotBuggy
2,0.8637487888336182,0.9136002254163804,0,0,0,1,0.0,0,0,9.0,142.4026641845703,0,0,0,0,0,68.json,NotBuggy
26,0.001097418018616736,1.0490878677717641E-12,7,11,18,9,6.72,2,5,200.0,79.10200500488281,0,2,4,0,0,3151.json,Buggy
7,0.06883412599563599,0.048095262445441496,1,1,2,2,6.05,1,2,51.0,110.72240447998047,0,1,0,0,0,1098.json,NotBuggy
3,0.006176551338285208,0.3309859295080835,0,0,0,1,3.77,0,1,27.0,128.4090576171875,0,2,0,0,0,579.json,NotBuggy
11,4.001750494353473E-4,3.999217597681228E-5,3,3,6,3,5.34,1,14,92.0,99.36832427978516,0,1,1,0,0,249.json,NotBuggy
9,0.0017822399968281388,0.00212448531804647,0,0,0,1,3.33,0,6,66.0,104.97371673583984,0,0,1,0,0,329.json,NotBuggy
3,0.13921596109867096,0.8883409087111375,0,0,0,1,3.77,0,0,12.0,133.59722900390625,0,0,0,0,0,305.json,NotBuggy
3,0.6845276951789856,0.7642360606222162,0,0,0,1,3.77,0,1,19.0,130.57513427734375,0,1,0,0,0,588.json,NotBuggy
14,0.7373010516166687,0.07752930505385802,1,1,2,3,5.11,1,3,60.0,97.80742645263672,0,1,1,0,0,164.json,NotBuggy
5,0.0037878877483308315,0.13089808637554082,0,0,0,1,3.92,0,3,38.0,117.93329620361328,0,2,0,0,0,2668.json,NotBuggy
2,0.8931466937065125,0.8407274667710696,0,0,0,1,0.0,0,0,15.0,138.50709533691406,0,2,0,0,0,2338.json,NotBuggy
3,0.9109325408935547,0.8028567480344871,0,0,0,1,3.77,0,0,14.0,132.4454345703125,0,0,0,0,0,707.json,NotBuggy
3,0.07398276776075363,0.48668213820769646,0,0,0,1,3.77,0,1,23.0,129.34671020507812,0,2,0,0,0,2720.json,NotBuggy
5,0.003948974888771772,0.13841336199529436,0,0,0,1,3.92,0,3,38.0,117.93329620361328,0,2,0,0,0,2709.json,NotBuggy
3,0.4350544512271881,0.7054162945237598,0,0,0,1,3.77,0,1,19.0,130.70933532714844,0,1,0,0,0,576.json,NotBuggy
11,0.03276628255844116,7.94855441991914E-6,2,1,3,3,4.11,1,8,104.0,98.45628356933594,0,3,5,0,0,1236.json,Buggy
13,0.027282003313302994,4.520533065094814E-6,3,5,8,5,7.38,3,6,107.0,95.20460510253906,0,1,2,0,0,435.json,Buggy
3,0.6463699340820312,0.6920437736450994,0,0,0,1,3.77,0,2,18.0,130.99049377441406,0,1,0,0,0,3189.json,NotBuggy
15,0.0,4.856996728436086E-9,3,2,5,5,11.26,3,15,142.0,91.18408203125,0,2,4,0,0,1484.json,NotBuggy
7,0.030044613406062126,0.009200778690469301,3,2,5,4,5.11,1,4,58.0,109.22270965576172,0,1,1,0,0,2207.json,NotBuggy
12,0.017336826771497726,6.551413632873948E-4,1,1,2,2,7.66,2,3,84.0,98.7850112915039,0,3,2,0,0,2083.json,NotBuggy
7,0.0,9.369423634271927E-5,1,1,2,2,6.05,1,6,81.0,107.70586395263672,0,4,0,0,0,2898.json,NotBuggy
3,0.6919441223144531,0.8029024064827852,0,0,0,1,3.77,0,1,16.0,131.60296630859375,0,0,0,0,0,1006.json,NotBuggy
7,0.005265859421342611,1.0761287503428932E-4,4,2,6,3,3.61,0,4,78.0,107.54889678955078,0,1,1,0,0,1369.json,NotBuggy
9,0.21267418563365936,0.02265871482011312,1,1,2,2,5.33,1,4,56.0,105.74180603027344,0,1,2,0,0,2130.json,NotBuggy
3,0.3321710228919983,0.7096463776190821,0,0,0,1,3.77,0,0,19.0,130.34019470214844,0,0,0,0,0,487.json,NotBuggy
3,0.46855515241622925,0.8288550071528974,0,0,0,1,3.77,0,1,16.0,131.75106811523438,0,0,0,0,0,864.json,NotBuggy
3,0.9101637005805969,0.8128750675699563,0,0,0,1,3.77,0,0,14.0,132.4454345703125,0,0,0,0,0,1905.json,NotBuggy
3,0.8339220285415649,0.7753616766644493,0,0,0,1,3.77,0,1,16.0,131.60296630859375,0,0,0,0,0,1881.json,NotBuggy
4,0.8699138760566711,0.20170140273656076,1,1,2,2,4.0,0,1,30.0,122.62169647216797,0,1,1,0,0,1831.json,NotBuggy
21,0.0020729785319417715,9.993947639810889E-11,5,4,9,5,5.03,1,11,170.0,84.46710205078125,0,2,9,0,0,3084.json,NotBuggy
21,0.0477573499083519,8.844488164944695E-4,3,4,7,7,5.22,1,9,104.0,87.22435760498047,0,1,3,0,0,179.json,NotBuggy
10,0.02198665775358677,8.082545519160643E-6,2,1,3,3,8.91,2,5,99.0,100.41995239257812,0,1,3,0,0,518.json,NotBuggy
7,0.16510169208049774,0.1503694044672965,0,0,0,2,6.24,1,2,45.0,110.95027923583984,0,3,0,0,0,3093.json,NotBuggy
1,0.9907751679420471,0.8031184219578743,0,0,0,1,0.0,0,0,13.0,150.7931671142578,0,0,0,0,0,45.json,NotBuggy
7,0.007179091218858957,0.0042622348029697716,0,0,0,1,3.61,0,1,61.0,109.54849243164062,0,1,2,0,0,631.json,NotBuggy
7,0.030828872695565224,0.03295195573822399,0,0,0,2,6.05,1,2,49.0,110.61402893066406,0,3,0,0,0,3009.json,NotBuggy
13,0.0,1.2072532849694142E-6,1,1,2,2,5.57,1,4,119.0,95.44283294677734,0,2,2,0,0,2813.json,NotBuggy
9,0.5151970386505127,0.022110809408476755,1,1,2,3,5.33,1,3,55.0,105.55561065673828,0,1,3,0,0,677.json,NotBuggy
5,0.2211105227470398,0.035552092299689184,0,0,0,1,3.92,0,3,45.0,116.85465240478516,0,2,2,0,0,354.json,NotBuggy
18,1.3715789827983826E-4,1.9372603080662267E-7,2,1,3,4,10.85,3,11,131.0,88.82911682128906,0,2,7,0,0,3087.json,NotBuggy
10,0.0037596907932311296,3.345298038047815E-4,0,0,0,1,3.2,0,8,78.0,102.1925048828125,0,1,1,0,0,331.json,NotBuggy
1,0.9979323148727417,0.5771222730658262,0,0,0,1,0.0,0,0,16.0,149.2662811279297,0,1,0,0,0,79.json,NotBuggy
5,0.004984761122614145,0.13188856797379803,0,0,0,1,3.92,0,3,38.0,117.93329620361328,0,2,0,0,0,2653.json,NotBuggy
3,0.017052890732884407,0.5170983135486463,0,0,0,1,3.77,0,0,24.0,129.0215301513672,0,0,0,0,0,55.json,NotBuggy
7,0.0,7.809302969692096E-4,1,1,2,2,6.05,1,6,70.0,108.65274810791016,0,3,0,0,0,1302.json,NotBuggy
7,0.002037342172116041,3.13231478956547E-4,5,2,7,4,5.11,2,2,73.0,107.588134765625,0,2,2,0,0,3076.json,NotBuggy
15,7.110654842108488E-4,1.233147886438964E-10,6,6,12,9,5.69,1,6,161.0,89.61107635498047,0,2,4,0,0,1089.json,NotBuggy
3,0.46796151995658875,0.8219785028064209,0,0,0,1,3.77,0,0,15.0,131.9385528564453,0,0,0,0,0,279.json,NotBuggy
5,0.004780241288244724,0.13592698353409438,0,0,0,1,3.92,0,3,38.0,117.93329620361328,0,2,0,0,0,2700.json,NotBuggy
3,0.8963260650634766,0.8987320709018078,0,0,0,1,3.77,0,0,12.0,133.59722900390625,0,0,0,0,0,602.json,NotBuggy
3,0.02657325193285942,0.5614646504807701,0,0,0,1,3.77,0,1,24.0,129.2378692626953,0,2,0,0,0,563.json,NotBuggy
11,0.31712859869003296,0.12492814358746364,1,1,2,3,5.73,1,2,54.0,102.5566177368164,0,0,1,0,0,1559.json,NotBuggy
3,0.7364542484283447,0.8486649631021203,0,0,0,1,3.77,0,0,15.0,131.9385528564453,0,0,0,0,0,1713.json,NotBuggy
9,0.03464886173605919,6.385758764370913E-4,4,2,6,4,5.9,1,5,73.0,103.63170623779297,0,2,3,0,0,2752.json,NotBuggy
3,0.9385874271392822,0.9144230781094045,0,0,0,1,3.77,0,0,13.0,132.9956512451172,0,0,0,0,0,1630.json,NotBuggy
3,0.9649801850318909,0.9202080794817368,0,0,0,1,3.77,0,0,12.0,133.59722900390625,0,0,0,0,0,976.json,NotBuggy
17,0.22463864088058472,0.002941325751904433,0,0,0,2,9.2,2,6,89.0,92.68030548095703,0,0,0,0,0,615.json,NotBuggy
5,0.004656068980693817,0.13410536183571284,0,0,0,1,3.92,0,3,38.0,117.93329620361328,0,2,0,0,0,2612.json,NotBuggy
6,0.10007249563932419,0.034451488249496065,2,1,3,3,5.5,1,2,49.0,112.88126373291016,0,3,1,0,0,2190.json,NotBuggy
3,0.7770175337791443,0.7934450266263352,0,0,0,1,3.77,0,0,15.0,131.9385528564453,0,0,0,0,0,1492.json,NotBuggy
3,0.03837556764483452,0.503391811952188,0,0,0,1,3.77,0,1,24.0,129.2378692626953,0,2,0,0,0,571.json,NotBuggy
15,0.04350907355546951,0.0035178529386845204,5,3,8,5,6.17,2,3,77.0,94.88997650146484,0,2,2,0,0,492.json,NotBuggy
3,0.6477773189544678,0.8857499685402762,0,0,0,1,3.77,0,0,13.0,132.9956512451172,0,0,0,0,0,2174.json,NotBuggy
2,0.8931466937065125,0.8407274667710696,0,0,0,1,0.0,0,0,15.0,138.50709533691406,0,2,0,0,0,2343.json,NotBuggy
10,0.440772145986557,0.061310576446433646,0,0,0,3,5.5,1,3,57.0,103.71292114257812,0,1,1,0,0,1673.json,NotBuggy
7,7.54636712372303E-4,0.006975065832665514,0,0,0,1,3.61,0,3,61.0,109.70494842529297,0,2,1,0,0,3204.json,NotBuggy
3,0.2792109549045563,0.9028492337433557,0,0,0,1,3.77,0,0,12.0,133.59722900390625,0,0,0,0,0,54.json,NotBuggy
10,0.0,1.6944324137138265E-4,0,0,0,3,7.2,2,5,86.0,101.34369659423828,0,3,3,0,0,842.json,NotBuggy
5,0.004822361283004284,0.13905028203563916,0,0,0,1,3.92,0,3,38.0,117.93329620361328,0,2,0,0,0,2617.json,NotBuggy
5,0.0037812120281159878,0.1341289630418701,0,0,0,1,3.92,0,3,38.0,117.93329620361328,0,2,0,0,0,2696.json,NotBuggy
19,0.006322979927062988,1.6281342114922903E-6,1,1,2,5,6.52,2,7,122.0,88.22477722167969,0,2,3,0,0,2824.json,NotBuggy
3,0.013964934274554253,0.3037963017221329,0,0,0,1,3.77,0,1,27.0,128.31268310546875,0,2,0,0,0,580.json,NotBuggy
3,0.8046162128448486,0.6124631293157898,0,0,0,1,3.77,0,1,21.0,129.81976318359375,0,1,0,0,0,1591.json,NotBuggy
3,0.1305905431509018,0.7985758738501836,0,0,0,1,3.77,0,0,16.0,131.60296630859375,0,0,0,0,0,69.json,NotBuggy
13,2.2922977223061025E-4,1.1581632919815745E-7,3,2,5,5,6.15,2,11,123.0,94.38754272460938,0,1,3,0,0,1771.json,NotBuggy
5,0.003942013718187809,0.13196859282943152,0,0,0,1,3.92,0,3,38.0,117.93329620361328,0,2,0,0,0,2615.json,NotBuggy
3,0.836740255355835,0.8725279856413835,0,0,0,1,3.77,0,0,14.0,132.4454345703125,0,0,0,0,0,2127.json,NotBuggy
5,0.00469709699973464,0.13145972161811098,0,0,0,1,3.92,0,3,38.0,117.93329620361328,0,2,0,0,0,2618.json,NotBuggy
3,0.40843087434768677,0.8330313838131532,0,0,0,1,3.77,0,0,14.0,132.4454345703125,0,0,0,0,0,2277.json,NotBuggy
7,8.621347951702774E-4,9.65662660542678E-4,5,3,8,4,5.11,1,13,74.0,108.12730407714844,0,1,0,0,0,811.json,NotBuggy
36,0.018026404082775116,0.011327110412016164,4,10,14,11,6.13,4,1,125.0,76.727294921875,0,1,0,0,0,175.json,NotBuggy
3,0.0,2.2830607728641485E-4,0,0,0,1,3.77,0,1,68.0,122.7098159790039,0,9,0,0,0,528.json,NotBuggy
3,0.5103752613067627,0.8084078844794957,0,0,0,1,3.77,0,1,16.0,131.75106811523438,0,0,0,0,0,1633.json,NotBuggy
3,0.8090813755989075,0.9077096513287828,0,0,0,1,3.77,0,0,12.0,133.59722900390625,0,0,0,0,0,2484.json,NotBuggy
46,0.005882070865482092,9.751726472989285E-4,3,4,7,10,7.16,4,21,132.0,71.84010314941406,0,1,8,0,0,233.json,Buggy
5,0.028258252888917923,0.005812672869930217,0,0,0,2,3.92,0,2,55.0,115.40973663330078,0,1,2,0,0,628.json,NotBuggy
3,0.0,0.014438320926138356,0,0,0,1,3.77,0,0,48.0,124.9938735961914,0,3,0,0,0,517.json,NotBuggy
5,0.0036318672355264425,0.13260497526774473,0,0,0,1,3.92,0,3,38.0,117.93329620361328,0,2,0,0,0,2686.json,NotBuggy
4,0.49760085344314575,0.1805762778811368,1,1,2,2,4.0,0,0,33.0,122.12608337402344,0,2,0,0,0,1825.json,NotBuggy
5,0.004022229462862015,0.13396414706063658,0,0,0,1,3.92,0,3,38.0,117.93329620361328,0,2,0,0,0,2713.json,NotBuggy
7,0.0,2.791421141326075E-5,2,2,4,3,3.61,0,2,89.0,107.03030395507812,0,1,2,0,0,635.json,NotBuggy
14,1.2126905494369566E-4,1.0418532259804748E-4,1,3,4,4,5.39,1,3,109.0,94.51721954345703,0,1,2,0,0,2731.json,Buggy
10,0.10638057440519333,0.004564200731252207,1,1,2,3,6.25,1,3,68.0,102.60742950439453,0,1,2,0,0,3090.json,NotBuggy
8,0.23021437227725983,0.008123161418465459,2,1,3,3,9.59,1,4,60.0,107.01123046875,0,1,2,0,0,701.json,NotBuggy
2,0.8931466937065125,0.8407274667710696,0,0,0,1,0.0,0,0,15.0,138.50709533691406,0,2,0,0,0,2346.json,Buggy
5,0.6366498470306396,0.3096947639968625,1,1,2,2,3.92,0,1,32.0,118.7500228881836,0,1,0,0,0,1555.json,NotBuggy
14,0.0,7.565878224098427E-7,0,0,0,1,11.99,0,15,129.0,94.33120727539062,0,1,0,0,0,3124.json,Buggy
12,0.016407672315835953,5.46887218852971E-7,4,3,7,4,3.94,1,10,119.0,96.0286636352539,0,3,5,0,0,2728.json,NotBuggy
15,0.0,5.1065998165937175E-9,3,2,5,5,11.26,3,15,142.0,91.18408203125,0,2,4,0,0,2478.json,NotBuggy
9,0.0,3.697549402180306E-6,2,1,3,2,4.53,1,2,104.0,102.25126647949219,0,3,2,0,0,2460.json,NotBuggy
21,0.0,3.6349038448987947E-13,6,5,11,6,3.49,1,21,203.0,83.41329193115234,0,2,6,0,0,2078.json,NotBuggy
1,0.0,0.20882117514319182,0,0,0,1,0.0,0,0,28.0,145.74728393554688,0,1,0,0,0,17.json,NotBuggy
6,0.004218622110784054,5.045234609337967E-4,0,0,0,3,3.77,0,6,71.0,110.65830993652344,0,0,3,0,0,2998.json,NotBuggy
5,0.0034650068264454603,0.14032132174298803,0,0,0,1,3.92,0,3,38.0,117.93329620361328,0,2,0,0,0,2693.json,NotBuggy
1,0.6822415590286255,0.6471486636377839,0,0,0,1,0.0,0,0,16.0,149.2662811279297,0,0,0,0,0,22.json,NotBuggy
3,0.847789466381073,0.9149744059424466,0,0,0,1,3.77,0,0,14.0,132.4454345703125,0,0,0,0,0,1550.json,NotBuggy
61,0.0,3.576356657971369E-28,5,7,12,15,7.86,3,36,426.0,59.718570709228516,0,2,8,0,0,718.json,Buggy
11,4.889398696832359E-4,3.7972115433196464E-5,1,1,2,2,5.34,1,1,97.0,99.17736053466797,0,3,1,0,0,3155.json,NotBuggy
28,0.0,4.615562825815831E-19,2,2,4,2,5.01,0,15,270.0,78.0361328125,0,2,9,0,0,2878.json,NotBuggy
4,0.004333768505603075,0.02351832022424853,1,1,2,2,4.0,0,3,46.0,120.18826293945312,0,2,0,0,0,2762.json,NotBuggy
14,0.6331273913383484,4.7037156353777387E-4,5,7,12,5,4.75,1,5,89.0,95.17388916015625,0,1,1,0,0,162.json,NotBuggy
3,0.9109325408935547,0.8028567480344871,0,0,0,1,3.77,0,0,14.0,132.4454345703125,0,0,0,0,0,714.json,NotBuggy
3,0.3853079676628113,0.2499686538787326,0,0,0,1,3.77,0,0,27.0,128.1388702392578,0,1,0,0,0,1286.json,NotBuggy
3,0.7606987357139587,0.7591843118719442,0,0,0,1,3.77,0,2,18.0,130.99049377441406,0,1,0,0,0,128.json,NotBuggy
3,0.012843867763876915,0.16498283492610044,0,0,0,1,3.77,0,1,30.0,127.36779022216797,0,2,0,0,0,1501.json,NotBuggy
5,0.005915807094424963,0.13457541615933943,0,0,0,1,3.92,0,3,38.0,117.93329620361328,0,2,0,0,0,2646.json,NotBuggy
3,0.44255831837654114,0.7459549426472404,0,0,0,1,3.77,0,1,19.0,130.85745239257812,0,1,0,0,0,592.json,NotBuggy
3,0.9258890151977539,0.8529958694524339,0,0,0,1,3.77,0,0,15.0,131.9385528564453,0,1,0,0,0,57.json,NotBuggy
4,1.1864371481351554E-4,0.08195634825100677,0,0,0,1,4.0,0,2,39.0,121.56625366210938,0,4,0,0,0,950.json,NotBuggy
4,0.1954069286584854,0.459127126118723,0,0,0,1,4.0,0,2,26.0,123.94486236572266,0,2,0,0,0,951.json,NotBuggy
3,0.8302572965621948,0.8041034049454766,0,0,0,1,3.77,0,0,14.0,132.4454345703125,0,0,0,0,0,830.json,NotBuggy
13,0.002337113255634904,1.4135291879350482E-5,1,1,2,3,5.29,1,12,105.0,95.93649291992188,0,1,3,0,0,1662.json,NotBuggy
8,0.05475396290421486,0.14213883379519357,3,2,5,2,6.24,1,2,47.0,108.98391723632812,0,1,1,0,0,170.json,NotBuggy
6,0.8870264887809753,0.05177751790727733,4,3,7,3,5.5,1,1,44.0,113.44094848632812,0,1,1,0,0,900.json,NotBuggy
3,0.9106335639953613,0.9182468755481679,0,0,0,1,3.77,0,0,12.0,133.59722900390625,0,0,0,0,0,1537.json,NotBuggy
5,0.004583520814776421,0.12865647731089142,0,0,0,1,3.92,0,3,38.0,117.93329620361328,0,2,0,0,0,2662.json,NotBuggy
5,0.003769588889554143,0.13864674742561975,0,0,0,1,3.92,0,3,38.0,117.93329620361328,0,2,0,0,0,2641.json,NotBuggy
2,0.9412986040115356,0.8579603319567075,0,0,0,1,0.0,0,0,12.0,140.16575622558594,0,1,0,0,0,1557.json,NotBuggy
5,0.004047222901135683,0.13368255000615617,0,0,0,1,3.92,0,3,38.0,117.93329620361328,0,2,0,0,0,2625.json,NotBuggy
3,0.8265067338943481,0.8187052056588822,0,0,0,1,3.77,0,1,16.0,131.75106811523438,0,0,0,0,0,322.json,NotBuggy
2,0.02197667397558689,0.6187722383284776,0,0,0,1,0.0,0,0,20.0,136.876953125,0,2,0,0,0,373.json,NotBuggy
3,5.64253015909344E-4,0.02759855070673763,0,0,0,1,3.77,0,2,40.0,125.62554168701172,0,4,0,0,0,1919.json,NotBuggy
2,0.0,0.12803655423788476,0,0,0,1,0.0,0,0,32.0,133.5343475341797,0,3,0,0,0,2988.json,NotBuggy
1,0.9398360252380371,0.49812729259443367,0,0,0,1,0.0,0,0,18.0,148.41885375976562,0,0,0,0,0,38.json,NotBuggy
3,0.013245617039501667,0.5449154007555472,0,0,0,1,3.77,0,1,21.0,129.61952209472656,0,0,0,0,0,3133.json,NotBuggy
3,0.7496811747550964,0.664448830447033,0,0,0,1,3.77,0,0,16.0,131.46876525878906,0,0,0,0,0,1411.json,NotBuggy
28,0.0,3.276079360271348E-20,3,2,5,3,8.2,2,14,292.0,77.34679412841797,0,3,3,0,0,1922.json,NotBuggy
3,0.8241544961929321,0.881468713534722,0,0,0,1,3.77,0,0,14.0,132.4454345703125,0,0,0,0,0,637.json,NotBuggy
24,0.014942314475774765,9.615472563968282E-10,1,1,2,3,8.62,2,12,168.0,82.90361785888672,0,2,4,0,0,616.json,NotBuggy
3,0.0010129355359822512,0.07253378885077517,0,0,0,1,3.77,0,2,35.0,126.43685913085938,0,3,0,0,0,1917.json,NotBuggy
4,0.024686535820364952,0.3340243536976369,0,0,0,1,4.0,0,2,30.0,123.01455688476562,0,2,0,0,0,2705.json,NotBuggy
5,0.6311637163162231,0.3403530214330145,0,0,0,1,3.92,0,3,30.0,119.23677062988281,0,1,1,0,0,330.json,NotBuggy
5,0.004313971381634474,0.1332895985051349,0,0,0,1,3.92,0,3,38.0,117.93329620361328,0,2,0,0,0,2665.json,NotBuggy
3,0.46855515241622925,0.8288550071528974,0,0,0,1,3.77,0,1,16.0,131.75106811523438,0,0,0,0,0,871.json,NotBuggy
12,1.9136385526508093E-4,7.638768515026653E-6,3,2,5,4,7.63,2,9,103.0,97.0303726196289,0,2,4,0,0,3037.json,NotBuggy
3,0.705904483795166,0.8290888648088658,0,0,0,1,3.77,0,1,16.0,131.75106811523438,0,0,0,0,0,1637.json,NotBuggy
4,0.4165901243686676,0.28901409345998325,0,0,0,1,4.0,0,3,31.0,122.76004028320312,0,1,1,0,0,978.json,NotBuggy
22,0.002652906347066164,2.6924855494602168E-6,2,9,11,11,7.02,3,8,130.0,84.19701385498047,0,2,0,0,0,1090.json,NotBuggy
3,0.43690913915634155,0.2573047381459831,0,0,0,1,3.77,0,1,27.0,128.1388702392578,0,1,0,0,0,346.json,NotBuggy
3,0.5884162783622742,0.6860269840742437,0,0,0,1,3.77,0,1,19.0,130.70933532714844,0,1,0,0,0,591.json,NotBuggy
5,0.004066530615091324,0.1286669725699632,0,0,0,1,3.92,0,3,38.0,117.93329620361328,0,2,0,0,0,2639.json,NotBuggy
50,0.0,6.687517721195112E-30,6,8,14,9,3.7,1,37,421.0,64.38134765625,0,2,10,0,0,3085.json,NotBuggy
5,0.009160998277366161,0.06882818724664533,0,0,0,1,3.92,0,2,42.0,117.2763900756836,0,2,1,0,0,496.json,NotBuggy
1,0.9660148620605469,0.8897868949059841,0,0,0,1,0.0,0,0,11.0,152.05810546875,0,1,0,0,0,75.json,NotBuggy
5,0.003942013718187809,0.12709229875401742,0,0,0,1,3.92,0,3,38.0,117.93329620361328,0,2,0,0,0,2715.json,NotBuggy
9,0.36984822154045105,0.006894788351301406,1,1,2,3,5.33,1,3,61.0,104.87916564941406,0,1,1,0,0,102.json,NotBuggy
7,0.15170317888259888,0.1821498631930925,0,0,0,2,6.05,1,3,41.0,111.8573226928711,0,1,0,0,0,1880.json,NotBuggy
5,0.415208101272583,0.5348837247732745,0,0,0,1,3.92,0,3,27.0,120.03731536865234,0,1,0,0,0,219.json,NotBuggy
3,0.9525594711303711,0.9561175820674934,0,0,0,1,3.77,0,0,18.0,130.99049377441406,0,1,0,0,0,411.json,NotBuggy
6,0.7271270155906677,0.20415924440037636,0,1,1,3,6.05,1,1,36.0,114.7307357788086,0,2,0,0,0,3069.json,NotBuggy
7,0.3682861328125,0.14243548048478671,1,1,2,3,5.11,2,3,42.0,111.4319076538086,0,1,2,0,0,3182.json,NotBuggy
16,0.1918743997812271,2.912141384018238E-6,6,4,10,4,6.91,2,9,113.0,91.6947250366211,0,1,5,0,0,2122.json,NotBuggy
5,0.6693885326385498,0.10536501373489554,0,0,0,1,3.92,0,2,38.0,117.86318969726562,0,1,2,0,0,353.json,NotBuggy
10,0.13826622068881989,0.016644653171116623,0,0,0,4,5.77,1,3,64.0,102.88059997558594,0,3,0,0,0,3167.json,Buggy
3,1.5050196088850498E-4,0.04099653004509455,0,0,0,1,3.77,0,1,38.0,125.89226531982422,0,4,0,0,0,1995.json,NotBuggy
9,0.5930032730102539,0.10349164680072467,0,0,0,3,5.9,1,4,48.0,106.53690338134766,0,1,0,0,0,438.json,NotBuggy
20,0.002718523144721985,1.7275683465086738E-10,4,3,7,7,7.79,3,15,165.0,85.07240295410156,0,2,6,0,0,1332.json,NotBuggy
3,0.8603864908218384,0.841353140729196,0,0,0,1,3.77,0,0,13.0,132.9956512451172,0,0,0,0,0,2498.json,NotBuggy
5,0.004102387465536594,0.13082794260737424,0,0,0,1,3.92,0,3,38.0,117.93329620361328,0,2,0,0,0,2708.json,NotBuggy
3,0.8991129994392395,0.9094147922908564,0,0,0,1,3.77,0,0,12.0,133.59722900390625,0,0,0,0,0,721.json,NotBuggy
5,0.0038466365076601505,0.13390373943781306,0,0,0,1,3.92,0,3,38.0,117.93329620361328,0,2,0,0,0,2691.json,NotBuggy
3,0.42141082882881165,0.7653880965366164,0,0,0,1,3.77,0,1,16.0,131.75106811523438,0,1,0,0,0,3137.json,NotBuggy
14,0.1695699393749237,2.1478102292587148E-4,6,5,11,5,7.23,2,6,89.0,94.96186065673828,0,2,3,0,0,160.json,NotBuggy
3,0.3819645345211029,0.7183573585401238,0,0,0,1,3.77,0,1,18.0,130.7338104248047,0,0,0,0,0,429.json,NotBuggy
8,0.5434070229530334,0.12944959276071202,0,0,0,2,5.66,1,2,45.0,108.95069885253906,0,1,1,0,0,1560.json,NotBuggy
36,1.2483946920838207E-4,1.0002744624480875E-22,5,3,8,7,10.71,4,23,322.0,71.67689514160156,0,2,14,0,0,1240.json,Buggy
19,0.0,4.836470139978962E-14,2,2,4,3,5.12,2,9,201.0,85.6587905883789,0,3,4,0,0,2447.json,NotBuggy
1,0.9916658401489258,0.7620444967204846,0,0,0,1,0.0,0,0,13.0,150.7931671142578,0,0,0,0,0,39.json,NotBuggy
3,0.0,0.006076674386480848,0,0,0,1,3.77,0,6,53.0,124.63170623779297,0,0,0,0,0,515.json,NotBuggy
9,0.0,3.697549402180306E-6,2,1,3,2,4.53,1,2,104.0,102.25126647949219,0,3,2,0,0,2457.json,NotBuggy
3,0.016164448112249374,0.5345413233037997,0,0,0,1,3.77,0,1,21.0,129.7158966064453,0,0,0,0,0,594.json,NotBuggy
5,0.06972086429595947,0.02675957920910938,2,2,4,3,3.92,0,4,50.0,115.90975189208984,0,1,0,0,0,2316.json,Buggy
3,0.0,0.24423359186791718,0,0,0,1,3.77,0,1,27.0,128.22288513183594,0,0,0,0,0,2899.json,NotBuggy
3,0.6220933198928833,0.8203165906101796,0,0,0,1,3.77,0,0,17.0,131.28770446777344,0,1,0,0,0,271.json,NotBuggy
3,0.0886586531996727,0.08371882751736806,0,0,0,1,3.77,0,2,35.0,126.71056365966797,0,0,0,0,0,967.json,NotBuggy
3,0.0058935461565852165,0.3535701512558776,0,0,0,1,3.77,0,1,27.0,128.1388702392578,0,2,0,0,0,3153.json,NotBuggy
3,0.8612938523292542,0.6913235244224397,0,0,0,1,3.77,0,0,20.0,130.18594360351562,0,1,0,0,0,482.json,Buggy
13,0.00994598027318716,0.0645907037964062,3,3,6,3,5.57,2,8,64.0,99.21316528320312,0,1,0,0,0,200.json,NotBuggy
3,0.9371830821037292,0.7464367672387142,0,0,0,1,3.77,0,1,17.0,131.28770446777344,0,1,0,0,0,2524.json,NotBuggy
3,0.002930418821051717,0.15258926768401285,0,0,0,1,3.77,0,1,33.0,127.17938995361328,0,0,0,0,0,2274.json,NotBuggy
4,0.6267104744911194,0.6966896274241479,0,0,0,1,4.0,0,2,22.0,125.15235137939453,0,2,0,0,0,166.json,NotBuggy
4,0.18014578521251678,0.5050427360700126,0,0,0,1,4.0,0,2,26.0,124.04872131347656,0,2,0,0,0,945.json,NotBuggy
10,0.3930511772632599,0.02294927517677472,4,5,9,4,3.2,0,6,66.0,102.88421630859375,0,1,2,0,0,2307.json,NotBuggy
1,0.6822415590286255,0.6471486636377839,0,0,0,1,0.0,0,0,16.0,149.2662811279297,0,0,0,0,0,46.json,NotBuggy
10,0.23019789159297943,0.052635859229143205,1,1,2,3,5.06,1,3,58.0,103.67457580566406,0,1,3,0,0,759.json,NotBuggy
5,0.004989863373339176,0.12940828094677773,0,0,0,1,3.92,0,3,38.0,117.93329620361328,0,2,0,0,0,2657.json,NotBuggy
5,0.19161920249462128,0.012301270797769827,1,2,3,3,3.92,0,1,51.0,115.62684631347656,0,1,0,0,0,645.json,NotBuggy
7,3.0006683664396405E-4,0.0015995918777416663,3,2,5,2,3.61,0,1,69.0,108.72756958007812,0,1,0,0,0,2598.json,NotBuggy
7,0.5164292454719543,0.002686449550750214,2,2,4,3,3.61,0,2,64.0,108.61720275878906,0,2,2,0,0,1337.json,NotBuggy
5,0.0025183132383972406,0.09057849741491206,0,0,0,1,3.92,0,3,40.0,117.59646606445312,0,2,0,0,0,2605.json,NotBuggy
3,0.04769802838563919,0.5182173025190555,0,0,0,1,3.77,0,1,24.0,129.12539672851562,0,2,0,0,0,1225.json,NotBuggy
4,0.03731333091855049,0.08209786648777874,0,1,1,2,4.0,0,2,37.0,121.38679504394531,0,1,0,0,0,178.json,NotBuggy
13,0.32354846596717834,0.0050677316416954344,1,1,2,3,4.92,1,5,72.0,98.10411071777344,0,1,1,0,0,1780.json,NotBuggy
3,0.18489481508731842,0.8093436794979207,0,0,0,1,3.77,0,0,14.0,132.4454345703125,0,0,0,0,0,1413.json,NotBuggy
5,0.0043274336494505405,0.131126464391898,0,0,0,1,3.92,0,3,38.0,117.93329620361328,0,2,0,0,0,2614.json,NotBuggy
13,0.004998673684895039,9.691100259509375E-6,5,4,9,7,9.68,3,8,109.0,94.52676391601562,0,4,2,0,0,815.json,NotBuggy
4,0.0,0.034211923552881725,0,0,0,1,4.0,0,2,46.0,120.55474090576172,0,6,0,0,0,944.json,NotBuggy
3,0.6834841966629028,0.5899032148319392,1,1,2,2,3.77,0,0,21.0,129.3895263671875,0,1,0,0,0,2545.json,NotBuggy
6,0.03767973929643631,0.04954465057934273,2,1,3,2,5.5,1,3,47.0,113.3850326538086,0,2,0,0,0,1392.json,NotBuggy
3,0.8827106952667236,0.9345825789227072,0,0,0,1,3.77,0,0,12.0,133.59722900390625,0,0,0,0,0,301.json,NotBuggy
3,0.6797040700912476,0.819742031952565,0,0,0,1,3.77,0,1,16.0,131.75106811523438,0,0,0,0,0,396.json,NotBuggy
6,0.14936980605125427,0.4547390677828925,0,0,0,1,3.77,0,4,32.0,116.29660034179688,0,0,0,0,0,746.json,NotBuggy
15,0.03571728989481926,0.0022570624888696767,5,3,8,5,6.17,2,3,79.0,94.71559143066406,0,2,2,0,0,420.json,NotBuggy
9,0.0020613207016140223,1.1282655877929231E-4,3,2,5,3,5.33,1,5,82.0,103.14228820800781,0,3,1,0,0,1921.json,NotBuggy
5,0.004313986748456955,0.133184383747724,0,0,0,1,3.92,0,3,38.0,117.93329620361328,0,2,0,0,0,2660.json,NotBuggy
7,0.3430052399635315,0.11566327677251013,1,1,2,3,5.11,2,4,43.0,111.3095474243164,0,1,2,0,0,3185.json,NotBuggy
2,0.8931466937065125,0.8407274667710696,0,0,0,1,0.0,0,0,15.0,138.50709533691406,0,2,0,0,0,2329.json,Buggy
9,3.611432621255517E-4,2.2428618098595004E-5,1,1,2,2,3.33,0,5,96.0,102.7510986328125,0,3,2,0,0,649.json,NotBuggy
4,0.004941614344716072,0.020932144102283133,1,1,2,2,4.0,0,3,46.0,120.12528228759766,0,2,0,0,0,1234.json,NotBuggy
19,0.22670942544937134,2.4584888169707126E-4,4,3,7,6,7.29,2,3,95.0,89.35301208496094,0,1,3,0,0,419.json,NotBuggy
11,0.009465686045587063,0.007776775255975365,1,1,2,3,5.34,1,9,64.0,101.3360824584961,0,3,3,0,0,1156.json,NotBuggy
15,0.0777212530374527,1.6287009112500893E-5,8,6,14,7,7.62,3,6,114.0,92.27062225341797,0,3,3,0,0,2196.json,NotBuggy
3,0.9430080056190491,0.9094322246606582,0,0,0,1,3.77,0,0,13.0,132.9956512451172,0,0,0,0,0,444.json,NotBuggy
1,0.05550996586680412,0.5692768207919615,0,0,0,1,0.0,0,0,17.0,148.8285675048828,0,0,0,0,0,89.json,NotBuggy
3,0.9275566339492798,0.8614163653534349,0,0,0,1,3.77,0,0,13.0,132.9956512451172,0,0,0,0,0,838.json,NotBuggy
9,0.022164588794112206,0.001248813904241555,1,1,2,3,5.06,1,4,71.0,103.89129638671875,1,4,1,0,0,3054.json,NotBuggy
15,4.2983784805983305E-4,6.064286922625563E-9,6,4,10,6,8.6,2,14,136.0,90.92648315429688,0,1,3,0,0,2222.json,NotBuggy
3,0.686437726020813,0.8702834514808697,0,0,0,1,3.77,0,0,17.0,131.28770446777344,0,1,0,0,0,968.json,NotBuggy
3,0.5103752613067627,0.8084078844794957,0,0,0,1,3.77,0,1,16.0,131.75106811523438,0,0,0,0,0,406.json,NotBuggy
11,0.005803836975246668,4.222262908456497E-5,0,0,0,2,6.07,1,5,95.0,99.187744140625,0,3,3,0,0,3092.json,NotBuggy
3,0.8874876499176025,0.730440225597473,0,0,0,1,3.77,0,0,18.0,130.85629272460938,0,0,0,0,0,1628.json,NotBuggy
3,0.3027569353580475,0.8357621107490645,0,0,0,1,3.77,0,1,15.0,132.25152587890625,0,0,0,0,0,1647.json,NotBuggy
3,0.8216233849525452,0.4705045392994262,0,0,0,1,3.77,0,0,24.0,128.83535766601562,0,1,0,0,0,243.json,NotBuggy
6,0.0,6.289812376384459E-6,1,1,2,2,3.77,0,6,98.0,109.25662231445312,0,1,2,0,0,287.json,NotBuggy
4,0.11170368641614914,0.1763121154855779,1,1,2,2,4.0,0,1,34.0,122.04969787597656,0,2,0,0,0,3145.json,Buggy
6,0.06574365496635437,0.10765552169217579,2,1,3,2,5.5,1,3,43.0,113.97042083740234,0,2,0,0,0,2884.json,NotBuggy
1,0.2500612735748291,0.524705702123651,0,0,0,1,0.0,0,0,20.0,148.10594177246094,0,1,0,0,0,80.json,NotBuggy
7,0.06374718248844147,0.6120353483006223,1,1,2,2,6.05,1,1,35.0,113.10337829589844,0,1,0,0,0,123.json,NotBuggy
3,0.0,0.06167060941215602,0,0,0,1,3.77,0,1,38.0,126.07219696044922,0,3,0,0,0,2112.json,NotBuggy
3,0.7575315833091736,0.7591594698554601,0,0,0,1,3.77,0,1,17.0,131.1535186767578,0,0,0,0,0,145.json,NotBuggy
5,0.004011846147477627,0.12887379295616497,0,0,0,1,3.92,0,3,38.0,117.93329620361328,0,2,0,0,0,2637.json,NotBuggy
3,0.6837415099143982,0.7883973672612068,0,0,0,1,3.77,0,0,14.0,132.4454345703125,0,0,0,0,0,1409.json,NotBuggy
7,0.6482811570167542,0.031018772525312915,1,2,3,3,6.05,1,2,48.0,110.38468170166016,0,1,1,0,0,466.json,NotBuggy
13,0.4808821380138397,3.965492539243321E-5,7,6,13,6,7.28,2,6,99.0,95.5524673461914,0,2,4,0,0,897.json,NotBuggy
5,0.002082135295495391,0.09556903974444954,0,0,0,1,3.92,0,3,40.0,117.59646606445312,0,2,0,0,0,2608.json,NotBuggy
11,0.34114575386047363,0.37017248047843476,1,3,4,5,5.34,2,1,41.0,103.84516143798828,0,0,0,0,0,840.json,NotBuggy
37,0.002858842723071575,7.925142769365527E-14,8,7,15,9,11.18,4,11,231.0,72.57376098632812,0,2,9,0,0,887.json,Buggy
35,0.0,2.2676276716494403E-12,3,5,8,7,7.35,3,20,223.0,74.60023498535156,0,3,6,0,0,1910.json,NotBuggy
22,0.02913201041519642,9.517592526136514E-8,2,3,5,5,9.24,3,7,139.0,84.9455795288086,0,3,5,0,0,100.json,NotBuggy
3,0.8428893089294434,0.8024004015917469,0,0,0,1,3.77,0,0,15.0,131.9385528564453,0,0,0,0,0,636.json,NotBuggy
10,0.11470432579517365,0.05347204062564311,3,2,5,3,5.99,1,4,58.0,103.78611755371094,0,3,0,0,0,2102.json,NotBuggy
3,0.8272318840026855,0.8922814963054071,0,0,0,1,3.77,0,1,14.0,132.61029052734375,0,0,0,0,0,577.json,NotBuggy
3,0.004406530410051346,0.06573498838175418,0,0,0,1,3.77,0,1,33.0,126.9422836303711,0,3,0,0,0,3024.json,NotBuggy
10,1.0823683987837285E-4,4.617583841300102E-6,0,0,0,2,5.99,1,5,97.0,100.50521850585938,0,3,3,0,0,861.json,NotBuggy
2,0.8931466937065125,0.8407274667710696,0,0,0,1,0.0,0,0,15.0,138.50709533691406,0,2,0,0,0,2335.json,Buggy
7,0.0011362259974703193,1.249746582673474E-4,2,2,4,3,5.11,1,6,76.0,107.60871124267578,0,1,2,0,0,337.json,NotBuggy
3,0.03627238795161247,0.5744280309670297,0,0,0,1,3.77,0,1,24.0,129.36033630371094,0,2,0,0,0,562.json,NotBuggy
11,0.16883228719234467,4.948436640971347E-5,3,4,7,4,4.82,1,3,92.0,98.83387756347656,0,3,3,0,0,2419.json,NotBuggy
24,0.0012842474970966578,2.409833034630021E-10,6,9,15,10,7.11,3,9,177.0,81.10696411132812,0,2,4,0,0,1144.json,NotBuggy
20,0.12704408168792725,1.1110378442160166E-7,1,2,3,5,4.8,2,7,132.0,86.59207153320312,0,1,3,0,0,1841.json,NotBuggy
6,0.0,0.0019322458978697826,0,0,0,1,10.99,0,7,63.0,111.9799575805664,0,1,0,0,0,3126.json,Buggy
16,0.20104168355464935,0.004371733932550094,5,8,13,11,5.84,3,3,81.0,92.20110321044922,0,2,1,0,0,2751.json,NotBuggy
3,0.6958509087562561,0.738778890902721,0,0,0,1,3.77,0,1,18.0,130.85629272460938,0,0,0,0,0,400.json,NotBuggy
13,0.0013431758852675557,2.7970633423832435E-8,10,9,19,10,2.89,0,20,149.0,92.80607604980469,0,1,1,0,0,199.json,NotBuggy
2,0.023598218336701393,0.6370996694336823,0,0,0,1,0.0,0,0,20.0,136.876953125,0,2,0,0,0,374.json,NotBuggy
3,0.995490312576294,0.7792330398368935,0,0,0,1,3.77,0,0,17.0,131.28770446777344,0,1,0,0,0,421.json,NotBuggy
3,0.9195261597633362,0.8475543598153231,0,0,0,1,3.77,0,0,13.0,132.9956512451172,0,0,0,0,0,2087.json,NotBuggy
10,0.09903598576784134,4.559350328281854E-4,1,1,2,3,5.06,1,5,80.0,101.63911437988281,0,2,3,0,0,1309.json,NotBuggy
3,0.013859889470040798,0.334936556778092,0,0,0,1,3.77,0,1,27.0,128.31268310546875,0,2,0,0,0,538.json,NotBuggy
3,0.03314431756734848,0.5480306516314155,0,0,0,1,3.77,0,1,24.0,129.2378692626953,0,2,0,0,0,561.json,NotBuggy
3,0.28111231327056885,0.2866792124810122,0,0,0,1,3.77,0,1,26.0,128.18202209472656,0,1,0,0,0,995.json,NotBuggy
3,0.6641761660575867,0.21702225347054566,0,0,0,1,3.77,0,3,29.0,127.68843078613281,0,0,0,0,0,447.json,Buggy
3,0.0,0.043537046624664684,1,1,2,2,3.77,0,2,36.0,126.06037139892578,0,1,0,0,0,511.json,NotBuggy
4,0.9603834748268127,0.45713633355221717,1,1,2,2,4.0,0,0,28.0,123.23312377929688,0,1,0,0,0,2381.json,NotBuggy
6,0.0,0.0016417953785054962,0,0,0,1,3.77,0,2,68.0,111.75424194335938,0,2,1,0,0,2427.json,NotBuggy
7,0.7764837145805359,0.08017207718167389,2,2,4,3,6.05,1,1,46.0,110.89248657226562,0,1,1,0,0,506.json,NotBuggy
3,0.7496811747550964,0.664448830447033,0,0,0,1,3.77,0,0,16.0,131.46876525878906,0,0,0,0,0,2870.json,NotBuggy
9,0.0,8.214876012002535E-10,1,4,5,5,3.33,0,15,150.0,99.4051513671875,0,5,3,0,0,1377.json,Buggy
1,0.9916658401489258,0.7894236771025767,0,0,0,1,0.0,0,0,13.0,150.7931671142578,0,0,0,0,0,25.json,NotBuggy
3,0.03523196280002594,0.5631220217990557,0,0,0,1,3.77,0,1,24.0,129.2378692626953,0,2,0,0,0,537.json,NotBuggy
22,1.2486705963965505E-4,5.764413905995088E-11,4,4,8,6,9.43,3,12,184.0,83.32718658447266,0,1,7,0,0,2148.json,NotBuggy
3,0.15552712976932526,0.7729326831484868,0,0,0,1,3.77,0,0,14.0,132.4454345703125,0,0,0,0,0,116.json,NotBuggy
3,0.5066537261009216,0.1967500238282085,0,0,0,1,4.0,0,1,32.0,126.90283966064453,0,3,0,0,0,2556.json,NotBuggy
14,3.3685361267998815E-4,6.05324791971799E-9,5,4,9,5,4.28,1,12,145.0,92.16742706298828,0,3,2,0,0,141.json,Buggy
5,0.7930392622947693,0.06654825497433033,1,1,2,2,3.92,0,1,41.0,116.99176788330078,0,1,2,0,0,2535.json,NotBuggy
5,0.004313971381634474,0.13564713470480383,0,0,0,1,3.92,0,3,38.0,117.93329620361328,0,2,0,0,0,2667.json,NotBuggy
5,0.0037384838797152042,0.14033595724000122,0,0,0,1,3.92,0,3,38.0,117.93329620361328,0,2,0,0,0,2688.json,NotBuggy
4,0.7667614221572876,0.6863249071757965,0,0,0,1,4.0,0,2,21.0,125.39425659179688,0,1,0,0,0,943.json,NotBuggy
4,0.2050592303276062,0.4457782615328588,0,0,0,1,4.0,0,2,26.0,123.94486236572266,0,2,0,0,0,942.json,NotBuggy
3,0.046449512243270874,0.47424297887057243,0,0,0,1,3.77,0,1,25.0,128.712890625,0,2,0,0,0,860.json,Buggy
33,0.0,4.820576939367097E-17,10,9,19,12,8.75,3,17,270.0,73.22801208496094,0,1,8,0,0,265.json,NotBuggy
20,0.021302564069628716,4.906389141052888E-7,2,2,4,5,6.44,2,8,136.0,86.94713592529297,0,3,3,0,0,244.json,NotBuggy
3,0.2749488651752472,0.7037077002405946,0,0,0,1,3.77,0,0,18.0,130.7338104248047,0,2,0,0,0,60.json,NotBuggy
7,0.3682861328125,0.14243548048478671,1,1,2,3,5.11,2,3,42.0,111.4319076538086,0,1,2,0,0,3186.json,NotBuggy
5,0.0040238830260932446,0.13662781365668505,0,0,0,1,3.92,0,3,38.0,117.93329620361328,0,2,0,0,0,2704.json,NotBuggy
3,0.9292370080947876,0.8296948723544222,0,0,0,1,3.77,0,0,14.0,132.4454345703125,0,0,0,0,0,713.json,NotBuggy
3,0.97023606300354,0.7080090088616148,0,0,0,1,3.77,0,0,18.0,130.7338104248047,0,0,0,0,0,1966.json,NotBuggy
3,0.0,0.0742657775743013,0,0,0,1,3.77,0,1,35.0,126.63631439208984,0,4,0,0,0,3028.json,NotBuggy
3,0.11100322008132935,0.9242851981713264,0,0,0,1,3.77,0,0,12.0,133.59722900390625,0,0,0,0,0,1708.json,NotBuggy
3,0.6075640320777893,0.9382398742169906,0,0,0,1,3.77,0,0,12.0,133.59722900390625,0,0,0,0,0,2139.json,NotBuggy
7,0.019830023869872093,0.001975643820903026,2,1,3,2,3.61,0,6,67.0,108.9326171875,0,1,1,0,0,2319.json,Buggy
8,0.056189049035310745,0.003701142168809211,3,2,5,4,6.24,1,4,63.0,106.52752685546875,0,2,2,0,0,1123.json,NotBuggy
5,0.004583520814776421,0.1300750196175286,0,0,0,1,3.92,0,3,38.0,117.93329620361328,0,2,0,0,0,2663.json,NotBuggy
3,0.03227249160408974,0.2718916730303273,0,0,0,1,3.77,0,3,27.0,128.31268310546875,0,0,0,0,0,1879.json,NotBuggy
3,0.8448966145515442,0.7944598934562339,0,0,0,1,3.77,0,0,17.0,131.1535186767578,0,1,0,0,0,133.json,NotBuggy
8,0.047546081244945526,6.163920406737388E-5,2,2,4,3,4.8,1,5,87.0,104.81785583496094,0,3,2,0,0,1184.json,NotBuggy
3,0.843167781829834,0.9109618527676111,0,0,0,1,3.77,0,0,12.0,133.59722900390625,0,0,0,0,0,1963.json,NotBuggy
3,0.09197282791137695,0.08655019854905868,0,0,0,1,3.77,0,2,35.0,126.71056365966797,0,0,0,0,0,2989.json,NotBuggy
3,0.8015251159667969,0.78881400340376,0,0,0,1,3.77,0,1,15.0,132.086669921875,0,0,0,0,0,774.json,NotBuggy
8,0.18753303587436676,0.17964390067907715,0,0,0,1,3.46,0,6,45.0,109.59314727783203,0,1,0,0,0,222.json,NotBuggy
6,0.08193593472242355,0.013644484801998258,1,3,4,4,3.77,0,3,60.0,112.0676498413086,0,0,0,0,0,997.json,NotBuggy
12,0.008697503246366978,0.044639108408591845,1,1,2,2,4.62,1,7,58.0,100.84898376464844,0,1,0,0,0,184.json,NotBuggy
3,0.5433981418609619,0.775167340565113,0,0,0,1,3.77,0,0,17.0,131.03103637695312,0,0,0,0,0,473.json,NotBuggy
3,0.2956562936306,0.337244071536711,0,0,0,1,3.77,0,1,24.0,128.83535766601562,0,0,0,0,0,115.json,NotBuggy
14,0.03766725957393646,0.0025418349914043416,0,0,0,5,5.57,1,4,82.0,95.68051147460938,0,2,0,0,0,3100.json,Buggy
38,0.0,2.0170367609858998E-14,14,10,24,12,8.47,3,12,248.0,71.11357879638672,1,3,9,0,0,1811.json,NotBuggy
7,0.14318518340587616,5.570705522904289E-5,2,2,4,3,3.61,0,6,80.0,107.3061752319336,0,1,2,0,0,1359.json,NotBuggy
3,0.6350942254066467,0.5530217921833793,0,0,0,1,3.77,0,1,19.0,130.34019470214844,0,1,0,0,0,2086.json,NotBuggy
3,0.582172155380249,0.8269320183736332,0,0,0,1,3.77,0,0,13.0,132.9956512451172,0,0,0,0,0,1851.json,NotBuggy
12,0.01505118329077959,1.4300645319344675E-5,5,5,10,7,7.38,2,6,102.0,96.32278442382812,0,2,2,0,0,1275.json,NotBuggy
3,0.7303335070610046,0.8910884346855807,0,0,0,1,3.77,0,1,14.0,132.79563903808594,0,0,0,0,0,979.json,NotBuggy
8,0.22494661808013916,0.5351741163789758,0,0,0,2,6.24,1,1,33.0,110.8970947265625,0,0,0,0,0,687.json,NotBuggy
3,0.8339220285415649,0.7753616766644493,0,0,0,1,3.77,0,1,16.0,131.60296630859375,0,0,0,0,0,1875.json,NotBuggy
5,0.004022229462862015,0.13195349479618873,0,0,0,1,3.92,0,3,38.0,117.93329620361328,0,2,0,0,0,2712.json,NotBuggy
3,0.3838198781013489,0.4683087677358199,0,0,0,1,3.77,0,2,23.0,129.2428436279297,0,2,0,0,0,1582.json,NotBuggy
4,0.5004720687866211,0.12592540218501277,1,1,2,2,4.0,0,1,37.0,121.61000061035156,0,1,0,0,0,2008.json,NotBuggy
9,0.15709014236927032,0.004171784543884949,1,1,2,3,5.33,1,3,65.0,104.63906860351562,0,0,4,0,0,702.json,NotBuggy
11,0.019670700654387474,2.1647680486287053E-4,1,2,3,3,5.34,1,5,80.0,99.91568756103516,0,3,2,0,0,1844.json,NotBuggy
3,0.8216233849525452,0.4705045392994262,0,0,0,1,3.77,0,0,24.0,128.83535766601562,0,1,0,0,0,1823.json,NotBuggy
1,0.9576709866523743,0.8309384840371983,0,0,0,1,0.0,0,0,14.0,150.40780639648438,0,1,0,0,0,92.json,NotBuggy
3,0.598893940448761,0.7748298531198604,0,0,0,1,3.77,0,0,18.0,130.7338104248047,0,2,0,0,0,1577.json,NotBuggy
3,0.0040291002951562405,0.2407082238548968,0,0,0,1,3.77,0,1,27.0,128.1388702392578,0,2,0,0,0,3016.json,NotBuggy
3,0.6772986054420471,0.7060698131097946,0,0,0,1,3.77,0,1,18.0,130.85629272460938,0,0,0,0,0,398.json,NotBuggy
9,0.0,7.990876015147578E-6,0,0,0,1,9.32,0,6,97.0,102.8436050415039,0,1,3,0,0,3141.json,NotBuggy
3,0.7305464148521423,0.7864103334250008,0,0,0,1,3.77,0,1,18.0,130.99049377441406,0,1,0,0,0,989.json,NotBuggy
13,2.9527139849960804E-4,6.355877927947194E-8,1,1,2,2,4.44,1,12,131.0,94.5126724243164,0,2,5,0,0,1452.json,Buggy
7,0.15170317888259888,0.1821498631930925,0,0,0,2,6.05,1,3,41.0,111.8573226928711,0,1,0,0,0,1877.json,NotBuggy
6,0.0,0.0016417953785054962,0,0,0,1,3.77,0,2,68.0,111.75424194335938,0,2,1,0,0,2464.json,NotBuggy
12,0.0,1.1527842422348868E-8,1,1,2,2,2.98,0,1,132.0,95.94953918457031,0,7,2,0,0,626.json,NotBuggy
3,0.9253246188163757,0.8368833790689302,0,0,0,1,3.77,0,0,15.0,131.9385528564453,0,0,0,0,0,2287.json,NotBuggy
22,3.288133011665195E-4,2.0637340843390153E-10,4,5,9,8,9.31,3,17,176.0,83.19964599609375,0,1,6,0,0,290.json,NotBuggy
3,0.9155058860778809,0.8984717817199939,0,0,0,1,3.77,0,0,12.0,133.59722900390625,0,0,0,0,0,255.json,NotBuggy
3,0.7951148748397827,0.8180435831076747,0,0,0,1,3.77,0,0,15.0,131.9385528564453,0,0,0,0,0,2171.json,NotBuggy
3,0.3368246555328369,0.4907819255410907,0,0,0,1,3.77,0,1,24.0,128.83535766601562,0,1,0,0,0,578.json,NotBuggy
8,0.0011401122901588678,6.876833019956707E-4,0,0,0,1,10.39,0,7,72.0,106.42933654785156,0,2,1,0,0,3138.json,NotBuggy
3,0.015445402823388577,0.1399791519280217,1,1,2,2,3.77,0,1,33.0,126.78652954101562,0,2,0,0,0,1461.json,NotBuggy
3,0.23045213520526886,0.6861723057846097,0,0,0,1,3.77,0,1,18.0,130.85629272460938,0,0,0,0,0,514.json,NotBuggy
2,0.8931466937065125,0.8407274667710696,0,0,0,1,0.0,0,0,15.0,138.50709533691406,0,2,0,0,0,2332.json,Buggy
3,2.6936238282360137E-4,0.22571009708694403,0,0,0,1,3.77,0,1,31.0,127.59430694580078,0,3,0,0,0,558.json,NotBuggy
16,0.0013876158045604825,5.636857545171993E-6,5,4,9,7,11.91,4,4,115.0,91.10687255859375,0,2,3,0,0,3178.json,NotBuggy
5,0.08017849177122116,0.01234160298569308,0,0,0,1,8.76,0,5,48.0,116.24563598632812,0,1,1,0,0,2271.json,NotBuggy
3,0.2749488651752472,0.7037077002405946,0,0,0,1,3.77,0,0,18.0,130.7338104248047,0,2,0,0,0,67.json,NotBuggy
3,0.7848415374755859,0.8422349909093616,0,0,0,1,3.77,0,1,15.0,132.25152587890625,0,0,0,0,0,1653.json,NotBuggy
3,0.4777383506298065,0.884442598148731,0,0,0,1,3.77,0,0,12.0,133.59722900390625,0,0,0,0,0,1980.json,NotBuggy
5,0.005594164133071899,0.1373001550138936,0,0,0,1,3.92,0,3,38.0,117.93329620361328,0,2,0,0,0,2675.json,NotBuggy
3,2.2302083380054682E-4,0.5696322636988725,0,0,0,1,3.77,0,0,22.0,129.47398376464844,0,1,0,0,0,1544.json,NotBuggy
3,0.8439481854438782,0.9281627002423237,0,0,0,1,3.77,0,0,12.0,133.59722900390625,0,0,0,0,0,1710.json,NotBuggy
3,0.13615356385707855,0.44289538527536515,0,0,0,1,3.77,0,2,25.0,128.8092498779297,0,0,0,0,0,1665.json,NotBuggy
12,0.08875036239624023,2.777912351026086E-4,0,0,0,1,5.5,1,5,84.0,98.74602508544922,0,2,4,0,0,338.json,NotBuggy
3,0.6418490409851074,0.7890897179955161,0,0,0,1,3.77,0,1,16.0,131.75106811523438,0,0,0,0,0,1636.json,NotBuggy
9,0.018002530559897423,0.014662155826487095,1,1,2,2,5.33,1,7,60.0,105.54666900634766,0,1,2,0,0,1176.json,NotBuggy
7,0.07918782532215118,0.003763870353109084,1,4,5,5,3.61,0,0,72.0,108.16912841796875,0,0,0,0,0,2960.json,NotBuggy
30,0.0,2.7693815587779543E-17,5,5,10,6,7.89,3,14,259.0,76.03617095947266,0,4,8,0,0,2923.json,Buggy
3,0.021249311044812202,0.3826892601601885,0,0,0,1,3.77,0,1,24.0,128.92515563964844,0,1,0,0,0,281.json,NotBuggy
3,0.09939389675855637,0.4223193080307178,0,0,0,1,3.77,0,2,25.0,128.8092498779297,0,2,0,0,0,963.json,NotBuggy
7,0.08231478184461594,0.5346208032901147,1,1,2,2,6.05,1,1,35.0,113.10337829589844,0,1,0,0,0,126.json,NotBuggy
61,0.0,5.0941647621333025E-30,7,34,41,28,8.62,3,17,463.0,56.38728713989258,0,4,6,0,0,2154.json,Buggy
7,0.1581997573375702,0.33345610525714414,0,0,0,1,3.61,0,0,41.0,112.51061248779297,0,1,0,0,0,2578.json,NotBuggy
13,0.005241035018116236,5.172125362397703E-6,2,2,4,3,7.44,2,7,105.0,95.70024108886719,0,1,6,0,0,3088.json,NotBuggy
3,0.43506330251693726,0.792514675476958,0,0,0,1,3.77,0,1,16.0,131.75106811523438,0,0,0,0,0,1629.json,NotBuggy
3,0.1302543431520462,0.47999352264017053,0,0,0,1,3.77,0,1,22.0,129.47398376464844,0,1,0,0,0,1678.json,NotBuggy
9,0.05107571557164192,0.37782618041536375,3,2,5,3,5.33,1,7,39.0,107.81608581542969,0,2,1,0,0,1663.json,NotBuggy
15,0.002349704271182418,2.2067124266946144E-6,2,2,4,4,7.08,2,7,116.0,92.66472625732422,0,1,4,0,0,1924.json,NotBuggy
8,0.3871552348136902,0.007587216872415,2,1,3,3,5.66,1,5,60.0,107.01123046875,0,1,2,0,0,785.json,NotBuggy
3,0.03265335038304329,0.8159419428957312,0,0,0,1,3.77,0,0,15.0,131.9385528564453,0,0,0,0,0,1549.json,NotBuggy
6,0.44730710983276367,0.20218145397988482,1,1,2,2,5.5,1,1,38.0,114.90279388427734,0,1,0,0,0,1635.json,NotBuggy
3,0.9292370080947876,0.8296948723544222,0,0,0,1,3.77,0,0,14.0,132.4454345703125,0,0,0,0,0,710.json,NotBuggy
1,0.0,0.19110328211956162,0,0,0,1,0.0,0,0,28.0,145.9210968017578,0,2,0,0,0,43.json,NotBuggy
5,0.8216944336891174,0.27929729570665185,3,2,5,3,3.92,0,3,39.0,117.4913330078125,0,1,0,0,0,740.json,Buggy
22,8.540882845409214E-4,8.482027432921456E-10,2,2,4,4,7.09,2,9,164.0,84.40997314453125,0,1,5,0,0,1926.json,NotBuggy
8,0.004033488221466541,5.188510043302145E-4,2,1,3,2,3.46,0,8,77.0,105.99392700195312,0,1,1,0,0,2313.json,Buggy
10,0.7175730466842651,0.003142210457012564,6,5,11,4,8.16,2,3,68.0,102.37742614746094,0,1,3,0,0,901.json,NotBuggy
3,0.013245617039501667,0.5449154007555472,0,0,0,1,3.77,0,1,21.0,129.61952209472656,0,0,0,0,0,3131.json,NotBuggy
15,0.02322550304234028,9.201051085327721E-5,7,7,14,3,5.44,1,3,102.0,93.80725860595703,0,1,3,0,0,172.json,NotBuggy
6,0.048919036984443665,0.06575026942349935,2,1,3,3,5.5,1,1,45.0,113.4410400390625,0,2,1,0,0,1130.json,NotBuggy
1,0.0,0.4435893553409189,0,0,0,1,0.0,0,0,21.0,147.61727905273438,0,4,0,0,0,1914.json,NotBuggy
4,0.16015185415744781,0.5195235127548498,0,0,0,1,4.0,0,2,26.0,124.04872131347656,0,2,0,0,0,936.json,NotBuggy
9,0.17975230515003204,0.0066466302157212765,4,3,7,5,4.53,1,0,65.0,104.17906951904297,0,2,2,0,0,2950.json,NotBuggy
4,0.8848924040794373,0.3422666311588469,0,0,0,1,4.0,0,2,27.0,123.56243133544922,0,1,1,0,0,347.json,NotBuggy
22,0.02581668458878994,1.2342637990102007E-6,2,2,4,4,11.73,3,7,133.0,85.603271484375,0,1,3,0,0,105.json,NotBuggy
4,0.01331259310245514,0.026696901546881816,0,0,0,1,4.0,0,4,45.0,120.46957397460938,0,2,1,0,0,1158.json,NotBuggy
4,0.49927017092704773,0.2411457086515508,1,1,2,2,4.0,0,1,34.0,122.04969787597656,0,2,0,0,0,2557.json,NotBuggy
3,0.3402167558670044,0.5244865783201283,0,0,0,1,3.77,0,1,22.0,129.47398376464844,0,1,0,0,0,1074.json,NotBuggy
8,0.11505338549613953,0.12215849055910048,1,1,2,2,3.12,1,3,51.0,108.18831634521484,0,1,1,0,0,413.json,NotBuggy
1,0.9717037677764893,0.9282094124627959,0,0,0,1,0.0,0,0,9.0,153.63165283203125,0,0,0,0,0,85.json,NotBuggy
3,0.640668511390686,0.8795598150649884,0,0,0,1,3.77,0,1,15.0,132.25152587890625,0,0,0,0,0,987.json,NotBuggy
5,0.0,0.013714575508635798,1,1,2,2,5.99,0,0,53.0,115.77377319335938,0,1,0,0,0,2536.json,NotBuggy
6,0.5324898362159729,0.3157262646736918,0,0,0,2,5.5,1,2,37.0,114.8182601928711,0,2,1,0,0,1583.json,NotBuggy
1,0.9842399954795837,0.836115350147924,0,0,0,1,0.0,0,0,12.0,151.39474487304688,0,0,0,0,0,31.json,NotBuggy
32,0.0,6.995137580311209E-10,5,5,10,9,12.06,5,20,189.0,76.35772705078125,0,2,8,0,0,3038.json,NotBuggy
5,0.0043192896991968155,0.1328894793112121,0,0,0,1,3.92,0,3,38.0,117.93329620361328,0,2,0,0,0,2681.json,NotBuggy
7,0.032904718071222305,0.04003089948544019,0,0,0,2,5.11,1,1,52.0,110.55132293701172,0,1,2,0,0,804.json,NotBuggy
3,0.7334878444671631,0.7476879732301212,0,0,0,1,3.77,0,0,16.0,131.46876525878906,0,0,0,0,0,832.json,NotBuggy
10,0.24959240853786469,9.055875443049028E-4,5,3,8,4,5.6,1,1,76.0,101.67584228515625,0,3,2,0,0,150.json,NotBuggy
3,0.5520692467689514,0.7387778276178918,0,0,0,1,3.77,0,1,19.0,130.70933532714844,0,1,0,0,0,564.json,NotBuggy
6,0.27162230014801025,0.4594522080202342,0,0,0,1,3.77,0,0,35.0,115.83061981201172,0,1,0,0,0,2596.json,NotBuggy
3,0.2975151836872101,0.23502930256532148,0,0,0,1,3.77,0,2,27.0,128.1388702392578,0,1,0,0,0,809.json,NotBuggy
3,0.6913940906524658,0.5453088802939355,0,0,0,1,3.77,0,1,21.0,129.61952209472656,0,0,0,0,0,708.json,NotBuggy
3,0.9385874271392822,0.9144230781094045,0,0,0,1,3.77,0,0,13.0,132.9956512451172,0,0,0,0,0,1597.json,NotBuggy
4,0.1748797446489334,0.32183987054488583,0,0,0,1,4.0,0,2,31.0,122.93385314941406,0,2,0,0,0,1096.json,NotBuggy
3,0.6327618956565857,0.9161375647723194,0,0,0,1,3.77,0,0,12.0,133.59722900390625,0,0,0,0,0,1900.json,NotBuggy
3,0.6760035157203674,0.7032429392292526,0,0,0,1,3.77,0,0,20.0,130.30841064453125,0,1,0,0,0,376.json,NotBuggy
3,0.7562230229377747,0.7209769334004753,0,0,0,1,3.77,0,1,18.0,130.85629272460938,0,1,0,0,0,1543.json,NotBuggy
9,0.11727359890937805,0.03486944222527701,0,0,0,2,6.29,1,2,54.0,105.93091583251953,0,2,1,0,0,3071.json,NotBuggy
2,0.8931466937065125,0.8407274667710696,0,0,0,1,0.0,0,0,15.0,138.50709533691406,0,2,0,0,0,2347.json,Buggy
3,0.020890841260552406,0.2418289659189097,0,0,0,1,3.77,0,1,25.0,128.53907775878906,0,0,0,0,0,2089.json,NotBuggy
24,0.0037653499748557806,7.53214115463349E-12,7,7,14,8,9.93,3,16,188.0,81.16873168945312,0,2,6,0,0,358.json,NotBuggy
3,0.41806116700172424,0.848086214288911,0,0,0,1,3.77,0,0,14.0,132.4454345703125,0,0,0,0,0,52.json,NotBuggy
3,0.9472160935401917,0.8596195794506203,0,0,0,1,3.77,0,0,17.0,131.03103637695312,0,1,0,0,0,2426.json,Buggy
15,0.12863589823246002,0.0010311922867015494,2,2,4,4,8.72,3,4,88.0,94.30670166015625,0,1,4,0,0,3091.json,NotBuggy
7,9.525151690468192E-4,3.189137241350332E-4,2,2,4,3,3.61,0,7,76.0,107.94522094726562,0,2,1,0,0,2168.json,NotBuggy
7,1.0257495887344703E-4,0.007812690039307398,0,0,0,1,13.81,0,6,58.0,110.08413696289062,0,1,0,0,0,3123.json,Buggy
3,0.9237889051437378,0.8284140530249663,0,0,0,1,3.77,0,0,14.0,132.4454345703125,0,0,0,0,0,1839.json,NotBuggy
1,0.9927506446838379,0.7578609187665754,0,0,0,1,0.0,0,0,13.0,150.7931671142578,0,0,0,0,0,36.json,NotBuggy
34,0.0045158411376178265,1.6786140316547654E-8,4,6,10,8,8.32,4,9,170.0,76.11237335205078,0,4,5,0,0,1785.json,Buggy
3,0.0048399860970675945,0.12470911688748552,0,0,0,1,3.77,0,1,31.0,127.13091278076172,0,3,0,0,0,2519.json,NotBuggy
3,0.2770616412162781,0.4020150733606453,0,0,0,1,3.77,0,1,24.0,128.83535766601562,0,0,0,0,0,2261.json,NotBuggy
5,0.0034650068264454603,0.13903450242448193,0,0,0,1,3.92,0,3,38.0,117.93329620361328,0,2,0,0,0,2692.json,NotBuggy
3,0.023035084828734398,0.5822594080478899,0,0,0,1,3.77,0,1,23.0,129.58164978027344,0,2,0,0,0,2162.json,NotBuggy
5,0.06270015239715576,0.04479441734550891,0,0,0,1,3.92,0,6,43.0,117.03116607666016,0,2,1,0,0,913.json,NotBuggy
3,3.2365997321903706E-4,0.10706873102579005,0,0,0,1,3.77,0,1,35.0,126.78941345214844,0,3,0,0,0,524.json,NotBuggy
7,0.5706104040145874,0.1912223643499109,0,0,0,2,6.05,1,1,37.0,112.07471466064453,0,2,0,0,0,453.json,NotBuggy
5,0.0038327649235725403,0.1456301163215671,0,0,0,1,3.92,0,3,38.0,117.93329620361328,0,2,0,0,0,2701.json,NotBuggy
3,0.7070464491844177,0.7805510660406753,0,0,0,1,3.77,0,1,16.0,131.75106811523438,0,0,0,0,0,2009.json,NotBuggy
6,0.85956871509552,0.05402908335575051,4,3,7,3,5.5,1,1,44.0,113.49800872802734,0,1,1,0,0,902.json,NotBuggy
2,0.8931466937065125,0.8407274667710696,0,0,0,1,0.0,0,0,15.0,138.50709533691406,0,2,0,0,0,2345.json,Buggy
3,0.6160776615142822,0.142983201769467,0,0,0,1,3.77,0,0,35.0,126.71056365966797,0,1,0,0,0,2811.json,NotBuggy
3,0.9541330337524414,0.9209146739817207,0,0,0,1,3.77,0,0,13.0,132.9956512451172,0,0,0,0,0,1598.json,NotBuggy
19,0.004463531542569399,2.0453813797164894E-8,4,4,8,6,13.27,4,10,148.0,86.81046295166016,0,2,4,0,0,1296.json,Buggy
8,0.336391806602478,0.41531326567569077,0,0,0,1,3.46,0,7,40.0,110.37943267822266,0,1,1,0,0,211.json,NotBuggy
3,0.0,0.020666662983238174,0,0,0,1,3.77,0,0,47.0,125.17760467529297,0,4,0,0,0,624.json,NotBuggy
5,0.003953841980546713,0.13977772013633666,0,0,0,1,3.92,0,3,38.0,117.93329620361328,0,2,0,0,0,2655.json,NotBuggy
30,2.5750507484190166E-4,1.4433475218742706E-9,10,8,18,12,8.88,4,12,180.0,77.01310729980469,0,2,7,0,0,2494.json,NotBuggy
3,0.9665676951408386,0.534767168736129,1,1,2,2,3.77,0,1,22.0,129.24398803710938,0,1,0,0,0,1834.json,NotBuggy
3,0.8339220285415649,0.7753616766644493,0,0,0,1,3.77,0,1,16.0,131.60296630859375,0,0,0,0,0,1869.json,NotBuggy
1,0.9928018450737,0.8033645731286488,0,0,0,1,0.0,0,0,13.0,150.7931671142578,0,0,0,0,0,20.json,NotBuggy
3,0.6418490409851074,0.7890897179955161,0,0,0,1,3.77,0,1,16.0,131.75106811523438,0,0,0,0,0,408.json,NotBuggy
3,0.8011801242828369,0.7500666540213622,0,0,0,1,3.77,0,0,17.0,131.03103637695312,0,0,0,0,0,640.json,NotBuggy
3,0.7811890840530396,0.6405374385586685,0,0,0,1,3.77,0,1,21.0,129.81976318359375,0,1,0,0,0,1593.json,NotBuggy
5,0.8441445231437683,0.0626073039220581,1,1,2,2,3.92,0,3,41.0,117.10871887207031,0,0,1,0,0,2965.json,NotBuggy
3,0.7814111113548279,0.7522885763275761,0,0,0,1,3.77,0,2,18.0,130.99049377441406,0,1,0,0,0,125.json,NotBuggy
5,0.3300597071647644,0.22062112118620916,0,0,0,1,3.92,0,2,35.0,118.43518829345703,0,2,1,0,0,1368.json,NotBuggy
3,0.010731358081102371,0.4156310817811217,0,0,0,1,3.77,0,1,24.0,129.0215301513672,0,2,0,0,0,2065.json,NotBuggy
7,0.2432532012462616,0.0415847364763894,0,0,0,1,3.61,0,3,49.0,110.90109252929688,0,1,2,0,0,964.json,NotBuggy
9,0.31250661611557007,0.03712426042591827,0,0,0,2,3.33,0,5,52.0,106.23372650146484,0,1,1,0,0,234.json,NotBuggy
3,0.03227249160408974,0.2718916730303273,0,0,0,1,3.77,0,3,27.0,128.31268310546875,0,0,0,0,0,1886.json,NotBuggy
3,0.8330552577972412,0.47461139258648,0,0,0,1,3.77,0,0,24.0,128.83535766601562,0,1,0,0,0,3012.json,NotBuggy
3,0.995490312576294,0.7792330398368935,0,0,0,1,3.77,0,0,17.0,131.28770446777344,0,1,0,0,0,493.json,NotBuggy
4,0.07665398716926575,0.26195135262007024,1,1,2,2,4.0,0,1,33.0,122.2889404296875,0,1,0,0,0,973.json,NotBuggy
4,0.0,0.0639246608345935,0,0,0,1,4.0,0,2,41.0,121.22734832763672,0,5,0,0,0,935.json,NotBuggy
5,0.006298973690718412,0.12844961386728815,0,0,0,1,3.92,0,3,38.0,117.93329620361328,0,2,0,0,0,2621.json,NotBuggy
3,0.08056043088436127,0.2135853852067988,0,0,0,1,3.77,0,1,28.0,128.0337677001953,0,1,0,0,0,1335.json,NotBuggy
9,0.13358962535858154,0.04735440132296324,1,1,2,3,4.53,1,1,56.0,105.51180267333984,0,1,3,0,0,2749.json,Buggy
7,0.16262485086917877,0.027668704072965646,0,0,0,2,6.24,1,2,50.0,110.40240478515625,0,2,1,0,0,1801.json,NotBuggy
3,0.730492353439331,0.8187957246032892,0,0,0,1,3.77,0,0,15.0,131.9385528564453,0,0,0,0,0,1575.json,NotBuggy
4,0.22387346625328064,0.4991232707277533,0,0,0,1,4.0,0,2,24.0,124.26470947265625,0,1,0,0,0,744.json,NotBuggy
7,0.2521211802959442,0.0030757128920314044,5,4,9,4,5.11,1,2,64.0,108.42823791503906,0,2,1,0,0,3147.json,NotBuggy
16,0.0,1.2516406091053855E-12,13,8,21,7,5.63,1,11,180.0,88.1535415649414,0,3,5,0,0,3079.json,NotBuggy
8,0.04543301463127136,0.009044006235339472,0,0,0,2,4.8,1,8,63.0,107.32391357421875,0,0,2,0,0,2081.json,NotBuggy
5,0.005594184156507254,0.13514916271603236,0,0,0,1,3.92,0,3,38.0,117.93329620361328,0,2,0,0,0,2685.json,NotBuggy
37,0.0,0.9999999882516145,6,7,13,8,3.79,1,24,14.0,96.94003295898438,0,1,5,0,0,181.json,NotBuggy
3,0.578815758228302,0.8036778675734588,0,0,0,1,3.77,0,0,17.0,131.03103637695312,0,2,0,0,0,62.json,NotBuggy
17,0.012045757845044136,5.644097958729571E-6,4,3,7,7,7.32,2,8,117.0,89.62837982177734,0,2,3,0,0,1698.json,Buggy
10,0.00876542180776596,8.965227932308063E-5,0,0,0,1,3.2,0,3,93.0,101.2050552368164,0,2,6,0,0,2904.json,NotBuggy
6,0.003058681031689048,0.0010133969194504597,3,6,9,3,3.77,0,8,72.0,111.05999755859375,0,1,0,0,0,113.json,NotBuggy
5,0.04033616557717323,0.1323648139075118,0,0,0,1,3.92,0,2,37.0,117.93550109863281,0,2,1,0,0,929.json,Buggy
3,0.8565030097961426,0.9287985673791251,0,0,0,1,3.77,0,0,12.0,133.59722900390625,0,0,0,0,0,849.json,NotBuggy
3,0.03227249160408974,0.2718916730303273,0,0,0,1,3.77,0,3,27.0,128.31268310546875,0,0,0,0,0,1870.json,NotBuggy
3,0.8339220285415649,0.7753616766644493,0,0,0,1,3.77,0,1,16.0,131.60296630859375,0,0,0,0,0,1878.json,NotBuggy
1,0.9734963178634644,0.8214516368514903,0,0,0,1,0.0,0,0,14.0,150.24295043945312,0,1,0,0,0,93.json,NotBuggy
3,0.6501025557518005,0.8726198288169084,0,0,0,1,3.77,0,0,15.0,132.25152587890625,0,1,0,0,0,3043.json,Buggy
3,0.36281487345695496,0.5943090727134288,0,0,0,1,3.77,0,1,20.0,130.18594360351562,0,0,0,0,0,826.json,NotBuggy
3,0.005133659113198519,0.0608708726998807,0,0,0,1,3.77,0,0,37.0,126.21087646484375,0,2,0,0,0,1669.json,Buggy
6,0.16788432002067566,0.0038280439464857437,2,2,4,3,3.77,0,2,59.0,111.71122741699219,0,0,1,0,0,1005.json,NotBuggy
3,0.582172155380249,0.8269320183736332,0,0,0,1,3.77,0,0,13.0,132.9956512451172,0,0,0,0,0,1855.json,NotBuggy
3,0.6975881457328796,0.7487721882389408,0,0,0,1,3.77,0,1,18.0,130.85629272460938,0,1,0,0,0,205.json,NotBuggy
3,0.434270977973938,0.9113824797261073,0,0,0,1,3.77,0,0,12.0,133.59722900390625,0,0,0,0,0,53.json,NotBuggy
4,0.19180551171302795,0.4274376865167271,0,0,0,1,4.0,0,2,26.0,123.94486236572266,0,2,0,0,0,947.json,NotBuggy
3,0.6456501483917236,0.7971791857771178,0,0,0,1,3.77,0,0,14.0,132.4454345703125,0,0,0,0,0,2848.json,NotBuggy
5,0.004066530615091324,0.13865777083939848,0,0,0,1,3.92,0,3,38.0,117.93329620361328,0,2,0,0,0,2659.json,NotBuggy
3,0.007797365542501211,0.23487746361948003,0,0,0,1,3.77,0,1,30.0,127.67500305175781,0,3,0,0,0,390.json,NotBuggy
23,7.057948387227952E-4,6.127589493981267E-6,3,3,6,5,10.57,2,12,153.0,83.70413208007812,0,1,3,0,0,1908.json,NotBuggy
6,0.5507224798202515,0.20801051562786393,1,1,2,2,3.77,0,3,43.0,114.03678894042969,0,2,1,0,0,3212.json,NotBuggy
7,0.0,3.967312962598497E-6,0,0,0,1,3.61,0,8,96.0,106.78340911865234,0,3,3,0,0,1393.json,NotBuggy
4,7.687514880672097E-4,0.125310954175769,0,0,0,1,4.0,0,2,36.0,122.06648254394531,0,4,0,0,0,949.json,NotBuggy
3,0.9995390772819519,0.7134765784948205,0,0,0,1,3.77,0,1,17.0,131.1535186767578,0,0,0,0,0,593.json,NotBuggy
9,0.12114044278860092,0.11205865610324546,1,1,2,2,5.33,1,5,50.0,106.68397521972656,0,1,2,0,0,2534.json,NotBuggy
3,0.9105615615844727,0.8638951196607204,0,0,0,1,3.77,0,0,13.0,132.9956512451172,0,0,0,0,0,1962.json,NotBuggy
14,0.05036957934498787,3.091956142843226E-6,5,4,9,5,8.65,3,4,113.0,93.72035217285156,0,2,2,0,0,619.json,NotBuggy
19,0.0,7.664914838429722E-10,0,0,0,1,2.46,0,4,163.0,87.63818359375,0,1,4,0,0,2876.json,NotBuggy
3,0.9617029428482056,0.6560410873343892,0,0,0,1,3.77,0,1,17.0,131.28770446777344,0,1,0,0,0,894.json,NotBuggy
10,0.4439137279987335,0.08892488541746235,0,0,0,4,5.77,1,3,54.0,103.87064361572266,0,1,0,0,0,3165.json,Buggy
8,0.07569245994091034,0.31284721994714815,1,1,2,2,6.63,1,3,41.0,109.76836395263672,0,0,0,0,0,1668.json,NotBuggy
5,0.7501750588417053,0.05452739625974132,1,1,2,2,3.92,0,2,40.0,117.23712158203125,0,0,1,0,0,1004.json,NotBuggy
7,0.0628814771771431,0.08856252209331926,0,0,0,2,6.05,1,5,45.0,111.1139144897461,0,0,0,0,0,613.json,NotBuggy
4,0.44592174887657166,0.19343264588999307,1,1,2,2,4.0,0,2,31.0,122.30683135986328,0,0,1,0,0,1496.json,NotBuggy
3,0.5803313255310059,0.9047939610541194,0,0,0,1,3.77,0,0,12.0,133.59722900390625,0,0,0,0,0,2128.json,NotBuggy
10,0.037734732031822205,0.00422178537565749,1,2,3,3,5.6,2,3,73.0,102.4784927368164,0,1,1,0,0,2482.json,NotBuggy
4,0.376588374376297,0.10417352844954869,1,1,2,2,4.0,0,3,35.0,121.6757583618164,0,1,1,0,0,2166.json,NotBuggy
34,0.007346822880208492,1.2600391467260757E-10,5,5,10,8,6.69,2,13,205.0,75.0361557006836,0,1,4,0,0,2262.json,NotBuggy
3,0.011566628701984882,0.2929107217140487,0,0,0,1,1.89,0,2,30.0,127.67500305175781,0,1,0,0,0,4.json,NotBuggy
3,0.5880813002586365,0.7134476304589759,0,0,0,1,3.77,0,1,19.0,130.70933532714844,0,1,0,0,0,547.json,NotBuggy
3,0.6995492577552795,0.7336020830075436,0,0,0,1,3.77,0,1,19.0,130.57513427734375,0,1,0,0,0,589.json,NotBuggy
14,0.008635317906737328,3.25592980736054E-6,1,1,2,3,8.65,2,8,104.0,94.28231811523438,0,2,3,0,0,2213.json,Buggy
5,0.002215093234553933,0.08899049620871118,0,0,0,1,3.92,0,3,40.0,117.59646606445312,0,2,0,0,0,2602.json,NotBuggy
3,0.0,0.03217908649065256,0,0,0,1,3.77,0,1,43.0,125.49577331542969,0,5,0,0,0,952.json,NotBuggy
3,0.9338491559028625,0.6908790258309693,0,0,0,1,3.77,0,1,20.0,130.18594360351562,0,0,0,0,0,1594.json,NotBuggy
7,0.048801228404045105,0.04641334116328257,0,0,0,2,6.05,1,3,48.0,110.83819580078125,0,3,0,0,0,2151.json,NotBuggy
6,6.499207229353487E-4,8.076972607245362E-4,0,0,0,1,3.77,0,0,70.0,111.43208312988281,0,2,1,0,0,2821.json,Buggy
5,0.0037812120281159878,0.1372516558520205,0,0,0,1,3.92,0,3,38.0,117.93329620361328,0,2,0,0,0,2698.json,NotBuggy
11,0.013443516567349434,8.910035707964891E-6,1,1,2,2,4.62,1,13,107.0,98.47933959960938,1,3,4,0,0,1464.json,Buggy
11,0.0026424634270370007,1.2612938330483652E-4,3,3,6,3,5.34,2,9,92.0,99.58171844482422,0,1,1,0,0,314.json,Buggy
3,0.0,0.03353176506835495,0,0,0,1,3.77,0,1,43.0,125.49577331542969,0,5,0,0,0,955.json,NotBuggy
1,0.9476698040962219,0.48956321665134994,0,0,0,1,0.0,0,0,18.0,148.41885375976562,0,0,0,0,0,28.json,NotBuggy
5,0.001856671180576086,0.09391911592393665,0,0,0,1,3.92,0,3,40.0,117.59646606445312,0,2,0,0,0,2607.json,NotBuggy
4,0.44592174887657166,0.19343264588999307,1,1,2,2,4.0,0,2,31.0,122.30683135986328,0,0,1,0,0,2492.json,NotBuggy
8,0.7501168847084045,0.003562070908341012,4,4,8,4,4.8,1,2,63.0,106.5774154663086,0,1,2,0,0,919.json,NotBuggy
3,0.40784621238708496,0.6059994701235955,0,0,0,1,3.77,0,0,21.0,130.05470275878906,0,0,0,0,0,3169.json,NotBuggy
12,0.21720632910728455,0.008118641580484195,0,0,0,3,5.96,1,3,66.0,99.72544860839844,0,2,2,0,0,1681.json,NotBuggy
5,0.004799481946974993,0.13881708498414122,0,0,0,1,3.92,0,3,38.0,117.93329620361328,0,2,0,0,0,2642.json,NotBuggy
3,0.045320142060518265,0.9170160166132502,0,0,0,1,3.77,0,0,12.0,133.59722900390625,0,0,0,0,0,302.json,NotBuggy
3,0.8109332919120789,0.6626809227707253,0,0,0,1,3.77,0,1,18.0,130.85629272460938,0,1,0,0,0,310.json,NotBuggy
1,0.9914493560791016,0.7604884000029537,0,0,0,1,0.0,0,0,15.0,149.736083984375,0,1,0,0,0,87.json,NotBuggy
6,0.0673488974571228,0.00965784965331843,1,3,4,4,3.77,0,0,60.0,111.84443664550781,0,1,0,0,0,2841.json,NotBuggy
13,0.5309014916419983,3.442691340983372E-5,6,6,12,6,7.28,2,5,100.0,95.50020599365234,0,2,4,0,0,896.json,NotBuggy
1,0.9849317073822021,0.7428067152917607,0,0,0,1,0.0,0,0,15.0,149.736083984375,0,1,0,0,0,7.json,NotBuggy
9,0.0033766762353479862,2.639327416576435E-4,2,3,5,4,6.29,1,5,81.0,103.21878051757812,0,0,0,0,0,2074.json,NotBuggy
5,0.0018590257968753576,0.09456817278897162,0,0,0,1,3.92,0,3,40.0,117.59646606445312,0,2,0,0,0,2609.json,NotBuggy
16,0.007049094885587692,9.128111754600935E-5,4,3,7,4,7.48,2,4,102.0,92.53173065185547,0,3,3,0,0,317.json,NotBuggy
3,0.7036271691322327,0.7392210968735733,0,0,0,1,3.77,0,1,17.0,131.28770446777344,0,0,0,0,0,646.json,NotBuggy
17,0.0015206809621304274,5.244305968322809E-13,10,10,20,11,6.79,2,12,194.0,85.92230987548828,0,4,5,0,0,2124.json,NotBuggy
5,0.43960168957710266,0.5931566929725955,0,0,0,1,3.92,0,0,29.0,119.97843933105469,0,1,0,0,0,2586.json,NotBuggy
3,0.3211479187011719,0.4402418796419546,0,0,0,1,3.77,0,1,23.0,129.14646911621094,0,1,0,0,0,2495.json,NotBuggy
5,0.030846642330288887,0.0170329916348063,0,0,0,2,3.92,0,1,51.0,116.03678131103516,0,1,2,0,0,610.json,NotBuggy
2,0.8931466937065125,0.8407274667710696,0,0,0,1,0.0,0,0,15.0,138.50709533691406,0,2,0,0,0,2334.json,NotBuggy
37,0.0,8.460512320186981E-20,3,3,6,5,4.37,2,11,278.0,72.23107147216797,0,3,13,0,0,2533.json,Buggy
5,0.003976777195930481,0.13287858394500063,0,0,0,1,3.92,0,3,38.0,117.93329620361328,0,2,0,0,0,2694.json,NotBuggy
4,0.12886998057365417,0.019947006856259657,0,0,0,1,4.0,0,5,46.0,120.35528564453125,0,2,1,0,0,914.json,NotBuggy
5,0.39700037240982056,0.30757137112219735,0,0,0,1,3.92,0,4,32.0,119.06403350830078,0,2,0,0,0,1585.json,NotBuggy
6,0.4602246880531311,0.43550044317073294,0,0,0,1,3.77,0,4,34.0,115.98135375976562,0,1,0,0,0,228.json,NotBuggy
5,0.0040115169249475,0.14383738001469235,0,0,0,1,3.92,0,3,38.0,117.93329620361328,0,2,0,0,0,2620.json,NotBuggy
57,0.0,2.0040784278319024E-25,1,1,2,2,11.41,0,70,424.0,64.1915512084961,0,2,5,0,0,3110.json,Buggy
3,0.2758454978466034,0.3733845242678172,0,0,0,1,3.77,0,1,24.0,128.83535766601562,0,0,0,0,0,1907.json,NotBuggy
11,2.1971504611428827E-4,3.382763516725888E-5,0,0,0,1,9.92,0,8,96.0,99.73023223876953,0,1,2,0,0,3142.json,NotBuggy
3,0.25372788310050964,0.8586389814198787,0,0,0,1,3.77,0,0,15.0,131.9385528564453,0,0,0,0,0,1714.json,NotBuggy
3,0.5306996703147888,0.823561999999443,0,0,0,1,3.77,0,0,17.0,131.28770446777344,0,1,0,0,0,273.json,NotBuggy
4,6.095404969528317E-4,0.1631579519786192,0,0,0,1,4.0,0,2,36.0,122.06648254394531,0,4,0,0,0,937.json,NotBuggy
8,0.4461839199066162,0.26966200813017344,2,2,4,2,5.9,1,3,40.0,109.68604278564453,0,1,0,0,0,934.json,NotBuggy
35,0.0026525710709393024,1.3201263499743593E-12,9,8,17,11,7.92,3,6,226.0,73.33110046386719,0,2,11,0,0,3059.json,NotBuggy
1,2.3693191178608686E-4,0.13447470100809894,0,0,0,1,0.0,0,0,30.0,145.38851928710938,0,3,0,0,0,83.json,NotBuggy
10,0.33081701397895813,0.0019435360098239579,0,1,1,4,5.99,1,5,71.0,102.24311065673828,0,1,0,0,0,512.json,NotBuggy
22,4.2580324225127697E-4,6.926194237359021E-7,0,0,0,4,7.81,2,11,141.0,85.50968933105469,0,2,5,0,0,1684.json,NotBuggy
22,0.9217182397842407,2.539660085359808E-7,6,6,12,5,6.27,2,15,138.0,85.18136596679688,0,1,5,0,0,176.json,NotBuggy
3,0.0,0.23225108848518378,0,0,0,1,3.77,0,1,27.0,128.22288513183594,0,0,0,0,0,2873.json,NotBuggy
8,0.08849430084228516,0.001443820089769554,2,1,3,2,4.8,1,5,69.0,106.3764419555664,0,0,3,0,0,1154.json,NotBuggy
14,2.1249450219329447E-4,2.203686420646204E-6,5,5,10,8,5.11,1,6,115.0,93.1128921508789,0,1,1,0,0,1674.json,Buggy
3,0.7894046306610107,0.8565448937855722,0,0,0,1,3.77,0,1,15.0,132.25152587890625,0,0,0,0,0,612.json,NotBuggy
4,0.8212429881095886,0.3003397216392998,1,1,2,2,4.0,0,2,31.0,122.61405181884766,0,1,0,0,0,136.json,NotBuggy
3,0.037620171904563904,0.4496119129460145,0,0,0,1,3.77,0,1,24.0,129.2378692626953,0,2,0,0,0,534.json,NotBuggy
3,0.07852564007043839,0.4783678713433932,0,0,0,1,3.77,0,1,25.0,128.8092498779297,0,1,0,0,0,253.json,NotBuggy
3,0.0032101620454341173,0.22486518400768155,0,0,0,1,3.77,0,2,32.0,127.17654418945312,0,1,0,0,0,3033.json,NotBuggy
8,0.1892911046743393,0.003653415294302182,1,1,2,3,6.24,1,5,62.0,106.66012573242188,0,0,2,0,0,1757.json,NotBuggy
4,0.49927017092704773,0.2411457086515508,1,1,2,2,4.0,0,1,34.0,122.04969787597656,0,2,0,0,0,1198.json,NotBuggy
7,0.03247596696019173,0.2630798387422638,1,1,2,2,10.35,0,1,36.0,112.60784912109375,0,1,0,0,0,278.json,NotBuggy
14,0.03154049441218376,5.173159533112332E-5,1,1,2,4,5.83,1,5,93.0,94.84170532226562,0,1,2,0,0,323.json,NotBuggy
2,0.8931466937065125,0.8407274667710696,0,0,0,1,0.0,0,0,15.0,138.50709533691406,0,2,0,0,0,2351.json,Buggy
3,0.9284385442733765,0.8122674551927082,0,0,0,1,3.77,0,0,14.0,132.4454345703125,0,0,0,0,0,114.json,NotBuggy
14,0.017232391983270645,1.5640677834494375E-6,3,3,6,5,10.84,3,8,116.0,93.58409881591797,0,3,3,0,0,1354.json,Buggy
11,0.0077155171893537045,1.1206448436034834E-5,2,2,4,2,5.34,1,5,100.0,99.0894775390625,0,3,2,0,0,1998.json,NotBuggy
3,0.31650984287261963,0.6058600106666892,0,0,0,1,3.77,0,2,21.0,130.05470275878906,0,0,0,0,0,1642.json,NotBuggy
3,0.8927947282791138,0.924605080551121,0,0,0,1,3.77,0,0,12.0,133.59722900390625,0,0,0,0,0,1490.json,NotBuggy
32,0.0,5.591071594993267E-24,10,9,19,10,9.99,3,23,324.0,72.87706756591797,0,3,14,0,0,1114.json,Buggy
3,0.09746630489826202,0.5558162708533447,0,0,0,1,3.77,0,3,23.0,129.34671020507812,0,0,0,0,0,1095.json,NotBuggy
77,0.0,1.5138566573920154E-29,6,9,15,14,12.98,4,28,449.0,55.63230514526367,1,0,14,0,0,106.json,Buggy
5,0.004984778817743063,0.13100089467481743,0,0,0,1,3.92,0,3,38.0,117.93329620361328,0,2,0,0,0,2651.json,NotBuggy
3,0.7203930616378784,0.5215116173210846,0,0,0,1,3.77,0,0,22.0,129.47398376464844,0,0,0,0,0,1592.json,NotBuggy
3,0.4854678511619568,0.8752704785918164,0,0,0,1,3.77,0,1,15.0,132.25152587890625,0,0,0,0,0,1649.json,NotBuggy
3,0.0,0.008130239671133174,0,0,0,1,3.77,0,1,53.0,124.40850067138672,0,5,0,0,0,930.json,NotBuggy
16,0.0050360760651528835,3.012137060505367E-5,2,3,5,4,8.01,3,5,108.0,92.1234359741211,0,3,2,0,0,2084.json,NotBuggy
27,2.1084399486426264E-4,5.853245165283662E-15,7,6,13,8,6.09,2,17,226.0,78.02186584472656,0,3,7,0,0,1474.json,NotBuggy
5,0.004313971381634474,0.1318685021127008,0,0,0,1,3.92,0,3,38.0,117.93329620361328,0,2,0,0,0,2664.json,NotBuggy
30,0.0,1.9223265183572012E-9,8,8,16,12,8.88,4,12,180.0,77.06139373779297,0,2,7,0,0,1500.json,NotBuggy
3,0.7492452263832092,0.5609410617528436,0,0,0,1,3.77,0,2,22.0,129.47398376464844,0,1,0,0,0,907.json,NotBuggy
1,0.9673996567726135,0.8785709457178499,0,0,0,1,0.0,0,0,12.0,151.39474487304688,0,1,0,0,0,1726.json,NotBuggy
6,0.5635499358177185,0.30370192779920113,0,0,0,1,3.77,0,5,36.0,115.4979476928711,0,1,1,0,0,209.json,NotBuggy
19,0.0018894956447184086,1.4574156076402522E-9,8,6,14,8,11.35,4,11,155.0,85.95697784423828,0,1,6,0,0,2783.json,NotBuggy
5,0.004066530615091324,0.1364586215754404,0,0,0,1,3.92,0,3,38.0,117.93329620361328,0,2,0,0,0,2658.json,NotBuggy
1,0.9921860098838806,0.7552892159402415,0,0,0,1,0.0,0,0,13.0,150.7931671142578,0,0,0,0,0,27.json,NotBuggy
21,0.005977225489914417,2.238994261231759E-7,2,2,4,6,6.35,2,11,139.0,85.61426544189453,0,4,1,0,0,3068.json,Buggy
3,0.8046162128448486,0.6124631293157898,0,0,0,1,3.77,0,1,21.0,129.81976318359375,0,1,0,0,0,397.json,NotBuggy
8,0.07621994614601135,0.00205972991563,0,0,0,2,6.24,1,3,63.0,106.84949493408203,0,1,1,0,0,1820.json,NotBuggy
14,0.008791716769337654,2.816491768217417E-7,5,4,9,3,7.04,2,13,128.0,93.4397964477539,0,3,3,0,0,2120.json,NotBuggy
4,0.05868275463581085,0.11912698845686875,0,0,0,1,9.8,0,1,36.0,121.75926971435547,0,2,0,0,0,2147.json,NotBuggy
4,0.44355136156082153,0.5470296922560437,0,0,0,1,4.0,0,1,26.0,123.8484878540039,0,1,0,0,0,3099.json,NotBuggy
16,0.13629378378391266,3.0402740126195216E-5,1,2,3,3,7.33,2,4,99.0,92.55503845214844,0,1,5,0,0,348.json,NotBuggy
15,0.0,0.6960967575986199,2,1,3,2,6.56,3,2,87.0,94.78913116455078,1,1,1,0,0,412.json,NotBuggy
3,0.897944450378418,0.6544451687510536,0,0,0,1,3.77,0,2,18.0,130.99049377441406,0,1,0,0,0,1778.json,NotBuggy
7,0.00968844536691904,0.035131616388626614,1,1,2,2,6.05,1,3,51.0,110.65229797363281,0,2,0,0,0,1325.json,NotBuggy
4,0.3313685953617096,0.25668658964508473,2,1,3,2,4.0,0,2,33.0,122.2889404296875,0,1,0,0,0,2324.json,Buggy
1,0.0,0.19110328211956162,0,0,0,1,0.0,0,0,28.0,145.9210968017578,0,2,0,0,0,35.json,NotBuggy
3,0.9745934009552002,0.9617320407334691,0,0,0,1,3.77,0,0,11.0,134.26058959960938,0,0,0,0,0,424.json,NotBuggy
5,0.5525158047676086,0.13012536585691498,1,1,2,2,3.92,0,1,38.0,117.63319396972656,0,1,1,0,0,1281.json,NotBuggy
3,0.8109332919120789,0.6626809227707253,0,0,0,1,3.77,0,1,18.0,130.85629272460938,0,1,0,0,0,312.json,NotBuggy
3,0.10252390801906586,0.5248388621914716,0,0,0,1,3.77,0,1,23.0,129.34671020507812,0,2,0,0,0,384.json,NotBuggy
5,0.004435055423527956,0.13697627291252898,0,0,0,1,3.92,0,3,38.0,117.93329620361328,0,2,0,0,0,2707.json,NotBuggy
5,0.41020461916923523,0.19888363383595664,0,0,0,1,3.92,0,2,38.0,117.93329620361328,0,1,1,0,0,2209.json,NotBuggy
11,0.6958426237106323,0.008003913179475158,3,2,5,4,4.82,1,2,66.0,100.86542510986328,0,0,1,0,0,158.json,NotBuggy
7,0.03178201988339424,0.0026275216636778053,3,2,5,2,7.41,0,5,64.0,108.97502136230469,0,2,1,0,0,286.json,NotBuggy
6,0.0,0.0016417953785054962,0,0,0,1,3.77,0,2,68.0,111.75424194335938,0,2,1,0,0,2560.json,NotBuggy
9,1.765157503541559E-4,3.880969790372534E-4,3,2,5,2,3.33,0,1,81.0,103.72474670410156,0,1,0,0,0,2582.json,NotBuggy
7,0.09867112338542938,0.05897446655516589,0,0,0,2,6.05,1,2,46.0,110.94255828857422,0,3,0,0,0,3098.json,NotBuggy
5,0.40262529253959656,0.29999207600645317,0,0,0,1,3.92,0,2,33.0,118.74115753173828,0,0,2,0,0,2076.json,NotBuggy
5,0.004879268351942301,0.12875337834923625,0,0,0,1,3.92,0,3,38.0,117.93329620361328,0,2,0,0,0,2678.json,NotBuggy
14,0.017232391983270645,1.5640677834494375E-6,3,3,6,5,10.84,3,8,116.0,93.58409881591797,0,3,3,0,0,1355.json,Buggy
8,0.0,4.44089798669283E-5,2,2,4,2,5.66,1,6,87.0,105.08746337890625,0,4,1,0,0,2451.json,NotBuggy
3,0.8498698472976685,0.6686135992247054,0,0,0,1,3.77,0,2,18.0,130.85629272460938,0,0,0,0,0,910.json,NotBuggy
4,0.7564367055892944,0.7334148095712762,0,0,0,1,4.0,0,2,21.0,125.39425659179688,0,1,0,0,0,941.json,NotBuggy
7,0.04144677892327309,0.032307907691417725,0,0,0,2,6.05,1,2,49.0,110.67108917236328,0,3,0,0,0,239.json,NotBuggy
5,0.645392894744873,0.07721298690413526,1,1,2,2,3.92,0,3,42.0,116.98341369628906,0,2,1,0,0,1299.json,NotBuggy
5,0.0044529130682349205,0.12875647921057942,0,0,0,1,3.92,0,3,38.0,117.93329620361328,0,2,0,0,0,2703.json,NotBuggy
4,0.750074028968811,0.47025250563226306,0,1,1,2,4.0,0,1,25.0,123.91880798339844,0,1,0,0,0,2073.json,NotBuggy
4,0.08881215751171112,0.24044047289409445,0,0,0,1,4.0,0,2,32.0,122.5949478149414,0,2,1,0,0,1542.json,NotBuggy
5,0.004994562361389399,0.13057256308418919,0,0,0,1,3.92,0,3,38.0,117.93329620361328,0,2,0,0,0,2622.json,NotBuggy
5,0.0038466365076601505,0.1320708588248662,0,0,0,1,3.92,0,3,38.0,117.93329620361328,0,2,0,0,0,2690.json,NotBuggy
3,0.0013329880312085152,0.28283606484923995,0,0,0,1,3.77,0,1,29.0,128.14134216308594,0,3,0,0,0,530.json,NotBuggy
7,2.9080623062327504E-4,0.0028450335614360243,1,1,2,2,6.05,1,6,63.0,109.30718994140625,0,2,0,0,0,1301.json,NotBuggy
11,0.0,2.6500019962467806E-5,0,0,0,1,3.09,0,2,99.0,99.57022094726562,0,4,3,0,0,2541.json,NotBuggy
3,0.8756402730941772,0.5247884765274515,1,1,2,2,3.77,0,1,24.0,128.69515991210938,0,1,0,0,0,2829.json,NotBuggy
3,0.5433981418609619,0.775167340565113,0,0,0,1,3.77,0,0,17.0,131.03103637695312,0,0,0,0,0,425.json,NotBuggy
3,0.8629409074783325,0.9109046785891828,0,0,0,1,3.77,0,0,12.0,133.59722900390625,0,0,0,0,0,1489.json,NotBuggy
3,0.005357719492167234,0.2082263165273313,0,0,0,1,3.77,0,1,27.0,128.1388702392578,0,2,0,0,0,3017.json,NotBuggy
16,0.09871701151132584,3.827748853147445E-5,1,2,3,3,7.42,2,5,99.0,92.61251831054688,0,1,4,0,0,355.json,NotBuggy
9,0.48932915925979614,0.0028628946449247125,3,3,6,4,3.33,0,1,74.0,103.56095886230469,0,2,3,0,0,2778.json,NotBuggy
5,0.004066530615091324,0.13086685364295966,0,0,0,1,3.92,0,3,38.0,117.93329620361328,0,2,0,0,0,2626.json,NotBuggy
36,1.7543917056173086E-4,7.760389273589264E-13,1,1,2,5,18.98,5,16,224.0,74.22843170166016,0,1,3,0,0,753.json,Buggy
8,0.08327589184045792,4.140761962756914E-4,4,4,8,5,4.8,1,4,74.0,105.36686706542969,0,0,2,0,0,3111.json,NotBuggy
4,0.9451224207878113,0.8245411877146412,0,0,0,1,4.0,0,2,18.0,126.4781494140625,0,1,0,0,0,167.json,NotBuggy
5,0.004250735510140657,0.1379767750321949,0,0,0,1,3.92,0,3,38.0,117.93329620361328,0,2,0,0,0,2640.json,NotBuggy
3,0.7676008343696594,0.7251370466893545,0,0,0,1,3.77,0,1,16.0,131.75106811523438,0,0,0,0,0,392.json,NotBuggy
3,0.04026142880320549,0.5027675381446436,0,0,0,1,3.77,0,1,25.0,128.712890625,0,2,0,0,0,859.json,Buggy
3,0.8985810279846191,0.906701514020855,0,0,0,1,3.77,0,0,12.0,133.59722900390625,0,0,0,0,0,2181.json,NotBuggy
6,0.2917352616786957,0.4953854925885684,0,0,0,1,3.77,0,0,35.0,115.93447875976562,0,1,0,0,0,2583.json,NotBuggy
3,0.042927335947752,0.4453892595042498,0,0,0,1,3.77,0,1,26.0,128.50894165039062,0,1,0,0,0,586.json,NotBuggy
3,0.7110981345176697,0.9922485189048393,0,0,0,1,3.09,0,0,17.0,131.03103637695312,0,1,0,0,0,2540.json,Buggy
3,0.8730339407920837,0.7893534599955816,0,0,0,1,3.77,0,2,17.0,131.28770446777344,0,0,0,0,0,1590.json,NotBuggy
7,0.057780295610427856,4.1382643113938315E-4,3,3,6,4,3.61,0,4,72.0,107.85833740234375,0,1,1,0,0,1169.json,NotBuggy
4,0.17576976120471954,0.5218257906385071,0,0,0,1,4.0,0,2,26.0,124.04872131347656,0,2,0,0,0,938.json,NotBuggy
3,0.11100322008132935,0.9242851981713264,0,0,0,1,3.77,0,0,12.0,133.59722900390625,0,0,0,0,0,1711.json,NotBuggy
3,0.189265638589859,0.9067053935481798,0,0,0,1,3.77,0,0,12.0,133.59722900390625,0,0,0,0,0,2184.json,NotBuggy
3,0.20833845436573029,0.9384859007362744,0,0,0,1,3.77,0,0,12.0,133.59722900390625,0,0,0,0,0,303.json,NotBuggy
3,0.8216233849525452,0.4705045392994262,0,0,0,1,3.77,0,0,24.0,128.83535766601562,0,1,0,0,0,458.json,NotBuggy
5,0.005127715412527323,0.1409008451295547,0,0,0,1,3.92,0,3,38.0,117.93329620361328,0,2,0,0,0,2623.json,NotBuggy
15,0.035845495760440826,0.0016083228583765416,0,0,0,4,6.17,2,5,84.0,94.71009063720703,0,0,4,0,0,808.json,Buggy
3,0.0,0.24843766042600723,0,0,0,1,3.77,0,1,27.0,128.22288513183594,0,0,0,0,0,1387.json,NotBuggy
3,0.021039394661784172,0.2773067113313796,0,0,0,1,3.77,0,1,29.0,127.68843078613281,0,2,0,0,0,1226.json,NotBuggy
15,0.00212002731859684,3.965332476295871E-6,0,0,0,1,2.72,0,4,127.0,93.1273422241211,0,0,3,0,0,735.json,NotBuggy
5,0.6272860765457153,0.5182677545345138,0,0,0,1,3.92,0,3,29.0,119.76210021972656,0,1,0,0,0,208.json,NotBuggy
3,0.041873589158058167,0.6319701357947527,0,0,0,1,3.77,0,0,21.0,129.81976318359375,0,3,0,0,0,765.json,NotBuggy
3,0.9345476627349854,0.917527068019329,0,0,0,1,3.77,0,0,12.0,133.59722900390625,0,0,0,0,0,1899.json,NotBuggy
53,0.0,1.9335440963178463E-24,7,15,22,15,13.64,5,24,378.0,62.72331619262695,0,0,12,0,0,2153.json,Buggy
3,0.005627933423966169,0.18404838352701428,0,0,0,1,3.77,0,1,31.0,127.19728088378906,0,3,0,0,0,1069.json,NotBuggy
3,0.77904212474823,0.8326885013856324,0,0,0,1,3.77,0,0,16.0,131.60296630859375,0,1,0,0,0,143.json,NotBuggy
11,0.001349958823993802,9.273290494648385E-6,0,0,0,1,6.67,1,3,105.0,99.02996063232422,0,1,3,0,0,931.json,NotBuggy
3,9.758646483533084E-4,0.1691011724265795,0,0,0,1,3.77,0,1,30.0,127.59099578857422,0,3,0,0,0,3029.json,NotBuggy
3,0.8369751572608948,0.7797149275665686,0,0,0,1,3.77,0,0,17.0,131.1535186767578,0,1,0,0,0,132.json,NotBuggy
11,0.3482224643230438,7.071125300763104E-4,1,2,3,4,6.0,1,3,76.0,100.02073669433594,0,0,2,0,0,869.json,NotBuggy
12,9.340238175354898E-4,5.5422727863821096E-8,6,4,10,7,5.77,1,5,125.0,95.08287811279297,0,2,4,0,0,2429.json,NotBuggy
8,0.031135188415646553,0.0012522176532226395,1,2,3,3,3.46,0,6,75.0,106.12429809570312,0,0,2,0,0,822.json,NotBuggy
5,0.0021027959883213043,5.910897112578295E-4,1,1,2,2,3.92,0,5,64.0,114.42587280273438,0,2,1,0,0,2105.json,NotBuggy
3,0.5103752613067627,0.8084078844794957,0,0,0,1,3.77,0,1,16.0,131.75106811523438,0,0,0,0,0,1600.json,NotBuggy
5,0.0267714262008667,0.007618310944255987,0,0,0,2,3.92,0,4,53.0,115.55025482177734,0,1,2,0,0,2327.json,Buggy
7,0.5267526507377625,0.5717711671030585,0,0,0,2,6.05,1,2,32.0,113.3831787109375,0,1,0,0,0,1845.json,NotBuggy
4,0.5296180248260498,0.21742374171972434,1,1,2,2,4.0,0,1,30.0,122.54744720458984,0,1,0,0,0,3206.json,NotBuggy
8,0.3455606698989868,0.6705927167279264,1,1,2,2,5.66,1,4,33.0,111.3499984741211,0,1,0,0,0,214.json,NotBuggy
1,0.0,0.19110328211956162,0,0,0,1,0.0,0,0,28.0,145.9210968017578,0,2,0,0,0,23.json,NotBuggy
3,0.0,0.03545038734295887,0,0,0,1,3.77,0,1,41.0,125.61409759521484,0,3,0,0,0,2117.json,NotBuggy
3,0.0,0.02609494825940782,0,0,0,1,3.77,0,1,41.0,125.49713897705078,0,4,0,0,0,383.json,NotBuggy
2,0.8931466937065125,0.8407274667710696,0,0,0,1,0.0,0,0,15.0,138.50709533691406,0,2,0,0,0,2341.json,Buggy
13,0.04762939363718033,0.017149304351907525,2,2,4,4,4.92,2,7,71.0,97.90263366699219,0,1,3,0,0,3198.json,NotBuggy
3,0.0,0.2022703703431166,0,0,0,1,3.77,0,1,33.0,127.36557006835938,0,4,0,0,0,461.json,NotBuggy
3,0.9649801850318909,0.9202080794817368,0,0,0,1,3.77,0,0,12.0,133.59722900390625,0,0,0,0,0,2948.json,NotBuggy
3,0.03199426829814911,0.4427674568291331,0,0,0,1,3.77,0,1,26.0,128.50894165039062,0,2,0,0,0,386.json,NotBuggy
5,0.7728939056396484,0.28324788547101143,1,1,2,2,3.92,0,1,33.0,118.51115417480469,0,1,1,0,0,236.json,NotBuggy
26,2.1963610197417438E-4,3.214253877308649E-15,7,7,14,7,9.94,3,13,219.0,79.04228973388672,0,3,8,0,0,3078.json,NotBuggy
15,0.0047752526588737965,6.522141752979265E-5,2,1,3,6,6.52,2,7,104.0,92.80424499511719,0,3,0,0,0,3164.json,NotBuggy
5,0.0034194865729659796,0.14749812151883687,0,0,0,1,3.92,0,3,38.0,117.93329620361328,0,2,0,0,0,2634.json,NotBuggy
3,0.4260384738445282,0.666875680048234,0,0,0,1,3.77,0,1,19.0,130.34019470214844,0,0,0,0,0,863.json,NotBuggy
3,0.5747004151344299,0.7438840882450529,0,0,0,1,3.77,0,1,19.0,130.70933532714844,0,1,0,0,0,550.json,NotBuggy
4,0.01331259310245514,0.026696901546881816,0,0,0,1,4.0,0,4,45.0,120.46957397460938,0,2,1,0,0,1159.json,NotBuggy
3,0.8113207221031189,0.7662333504219537,0,0,0,1,3.77,0,0,18.0,130.99049377441406,0,1,0,0,0,1824.json,NotBuggy
2,0.9044138193130493,0.900923248748925,0,0,0,1,0.0,0,0,11.0,140.82913208007812,0,1,0,0,0,63.json,NotBuggy
3,0.749906063079834,0.7626970873160509,0,0,0,1,3.77,0,0,16.0,131.46876525878906,0,0,0,0,0,835.json,NotBuggy
9,0.039756763726472855,0.1462220046237968,0,0,0,1,3.33,0,0,53.0,106.91819763183594,0,1,0,0,0,2585.json,NotBuggy
12,0.045313168317079544,2.0969078061191677E-4,1,2,3,3,5.12,1,4,84.0,98.28602600097656,0,1,4,0,0,928.json,Buggy
5,0.032230570912361145,0.001616356951866257,1,2,3,3,3.92,0,1,62.0,114.31675720214844,0,2,0,0,0,1367.json,NotBuggy
7,0.34725475311279297,0.202445961077292,0,0,0,2,6.05,1,4,40.0,111.98572540283203,0,1,0,0,0,1779.json,NotBuggy
4,0.35830914974212646,0.420089650094857,0,0,0,1,9.8,0,2,25.0,124.1488037109375,0,0,0,0,0,2266.json,NotBuggy
4,0.11990262567996979,0.212746722105664,1,1,2,2,4.0,0,2,32.0,122.36495208740234,0,2,0,0,0,2064.json,NotBuggy
8,0.0,8.846521620478293E-8,0,0,0,1,6.93,0,1,120.0,103.45985412597656,0,1,2,0,0,2820.json,Buggy
10,7.318567950278521E-4,8.98530759362418E-9,6,5,11,4,3.2,0,11,133.0,98.43225860595703,0,3,5,0,0,2729.json,NotBuggy
82,0.0,3.5401308319092706E-86,4,7,11,8,6.03,1,33,1001.0,51.616825103759766,0,7,31,0,0,2893.json,NotBuggy
28,0.0,6.160763795477946E-14,4,5,9,6,9.47,1,13,213.0,78.3142318725586,0,1,11,0,0,2304.json,Buggy
16,0.004704887513071299,8.997697129138582E-9,4,3,7,3,4.44,1,16,147.0,90.41860961914062,0,1,5,0,0,1183.json,Buggy
1,0.8371816277503967,0.7496290629120854,0,0,0,1,0.0,0,0,14.0,150.24295043945312,0,0,0,0,0,78.json,NotBuggy
3,0.7364542484283447,0.8486649631021203,0,0,0,1,3.77,0,0,15.0,131.9385528564453,0,0,0,0,0,2997.json,NotBuggy
3,0.9109325408935547,0.8028567480344871,0,0,0,1,3.77,0,0,14.0,132.4454345703125,0,0,0,0,0,711.json,NotBuggy
28,0.0017677738796919584,0.7258586425440168,3,4,7,5,5.83,2,13,77.0,85.11573791503906,0,1,0,0,0,223.json,NotBuggy
3,5.978837143629789E-4,0.18383961731910667,0,0,0,1,3.77,0,1,28.0,127.94976043701172,0,2,0,0,0,3026.json,NotBuggy
3,0.9629026651382446,0.9227459623358577,0,0,0,1,3.77,0,0,12.0,133.59722900390625,0,0,0,0,0,2126.json,NotBuggy
9,0.3839426636695862,0.011555750258944208,1,1,2,3,5.33,1,3,58.0,105.23158264160156,0,0,1,0,0,2090.json,NotBuggy
6,0.5830491185188293,0.012597158409449478,2,2,4,3,3.77,0,5,55.0,112.33766174316406,0,0,1,0,0,803.json,NotBuggy
3,3.518247976899147E-4,0.08903616138749786,0,0,0,1,3.77,0,1,35.0,126.63631439208984,0,4,0,0,0,389.json,NotBuggy
12,6.505412748083472E-4,1.583373916846443E-8,5,4,9,7,5.77,1,6,130.0,94.85130310058594,0,2,4,0,0,1088.json,NotBuggy
5,0.004864850081503391,0.13638018325674062,0,0,0,1,3.92,0,3,38.0,117.93329620361328,0,2,0,0,0,2629.json,NotBuggy
3,0.03946078196167946,0.5393483305348827,0,0,0,1,3.77,0,1,24.0,129.36033630371094,0,2,0,0,0,552.json,NotBuggy
7,0.15170317888259888,0.1821498631930925,0,0,0,2,6.05,1,3,41.0,111.8573226928711,0,1,0,0,0,1868.json,NotBuggy
3,0.5804435610771179,0.6337030258847309,0,0,0,1,3.77,0,1,19.0,130.57513427734375,0,1,0,0,0,582.json,NotBuggy
3,4.415710282046348E-4,0.028477542122695883,0,0,0,1,3.77,0,2,40.0,125.62554168701172,0,4,0,0,0,1918.json,NotBuggy
3,0.8938033580780029,0.8967284415530006,0,0,0,1,3.77,0,0,14.0,132.4454345703125,0,1,0,0,0,61.json,NotBuggy
9,0.15481902658939362,8.127935938664402E-4,0,0,0,2,5.33,1,5,69.0,104.2698745727539,0,1,2,0,0,891.json,NotBuggy
8,0.8343416452407837,0.34596804161075023,1,1,2,3,5.66,1,0,39.0,109.79841613769531,0,0,0,0,0,2058.json,NotBuggy
2,0.7994391918182373,0.8871489827549186,0,0,0,1,0.0,0,0,11.0,140.82913208007812,0,1,0,0,0,3188.json,NotBuggy
3,0.6581928133964539,0.7424247135093764,0,0,0,1,3.77,0,0,18.0,130.7338104248047,0,2,0,0,0,1580.json,NotBuggy
2,0.8931466937065125,0.8407274667710696,0,0,0,1,0.0,0,0,15.0,138.50709533691406,0,2,0,0,0,2336.json,NotBuggy
7,7.54636712372303E-4,0.006975065832665514,0,0,0,1,3.61,0,3,61.0,109.70494842529297,0,2,1,0,0,3203.json,NotBuggy
3,0.0,0.04531808925231686,0,0,0,1,3.77,0,0,42.0,125.84133911132812,0,3,0,0,0,623.json,NotBuggy
3,0.32423239946365356,0.6875839203695295,0,0,0,1,3.77,0,0,17.0,131.1535186767578,0,0,0,0,0,299.json,NotBuggy
6,0.0072320606559515,0.003147415690116338,0,0,0,1,3.33,0,2,65.0,111.53485870361328,0,5,3,0,0,427.json,NotBuggy
13,1.8116302089765668E-4,4.5280947888165726E-11,9,8,17,9,3.79,5,21,173.0,91.88716125488281,0,1,1,0,0,190.json,NotBuggy
36,1.8755067139863968E-4,2.5959596721822173E-12,1,1,2,5,18.98,5,16,218.0,74.36961364746094,0,0,3,0,0,758.json,Buggy
15,0.00630401074886322,1.0150943769221561E-4,3,2,5,4,11.49,3,8,102.0,93.57725524902344,0,2,3,0,0,2918.json,Buggy
3,0.9514853954315186,0.40876661319826574,0,0,0,1,3.77,0,1,21.0,129.7158966064453,0,1,0,0,0,433.json,NotBuggy
25,0.0038164707366377115,1.378023375712828E-8,2,2,4,5,11.56,4,13,157.0,82.38652801513672,0,2,1,0,0,608.json,NotBuggy
3,0.8109332919120789,0.6626809227707253,0,0,0,1,3.77,0,1,18.0,130.85629272460938,0,1,0,0,0,311.json,NotBuggy
33,0.0,2.5085657998509526E-26,3,2,5,3,6.24,2,14,356.0,73.49879455566406,0,2,12,0,0,2943.json,Buggy
3,0.015665479004383087,0.04078546483381609,0,0,0,1,3.77,0,4,39.0,125.81426239013672,0,1,0,0,0,1923.json,NotBuggy
47,0.0,3.97999301994278E-34,10,10,20,8,8.91,2,10,457.0,65.17465209960938,1,4,8,0,0,3192.json,Buggy
7,0.6482811570167542,0.031018772525312915,1,2,3,3,6.05,1,2,48.0,110.38468170166016,0,1,1,0,0,464.json,NotBuggy
7,0.5695747137069702,0.5554032984145486,0,0,0,2,6.05,1,2,32.0,113.3831787109375,0,1,0,0,0,293.json,NotBuggy
7,0.0900840014219284,0.09256656212859155,0,0,0,2,6.05,1,4,43.0,111.41020202636719,0,0,0,0,0,1523.json,NotBuggy
27,0.0,7.199597522994765E-20,7,11,18,12,5.33,4,11,278.0,76.10469818115234,0,3,6,0,0,685.json,Buggy
26,0.021639389917254448,2.2144477066581867E-5,6,4,10,6,7.33,2,7,137.0,82.56139373779297,0,2,5,0,0,140.json,NotBuggy
3,0.9870679974555969,0.5621350441208598,1,1,2,2,3.77,0,0,24.0,129.13034057617188,0,0,0,0,0,1155.json,NotBuggy
3,0.3470372259616852,0.8122977240147627,0,0,0,1,3.77,0,0,13.0,132.9956512451172,0,0,0,0,0,1830.json,NotBuggy
5,0.004984761122614145,0.13051370440858193,0,0,0,1,3.92,0,3,38.0,117.93329620361328,0,2,0,0,0,2652.json,NotBuggy
5,0.004313971381634474,0.1343815815207749,0,0,0,1,3.92,0,3,38.0,117.93329620361328,0,2,0,0,0,2666.json,NotBuggy
12,0.004319183062762022,0.027233670096629182,0,0,0,1,2.98,0,0,71.0,100.5002212524414,0,1,0,0,0,2587.json,NotBuggy
4,0.17576976120471954,0.5108170139576654,0,0,0,1,4.0,0,2,26.0,124.04872131347656,0,2,0,0,0,948.json,NotBuggy
3,0.7936905026435852,0.8947671230121048,0,0,0,1,3.77,0,0,12.0,133.59722900390625,0,0,0,0,0,820.json,NotBuggy
20,0.04195212200284004,2.5645061953312043E-9,3,3,6,4,8.15,3,4,164.0,86.11378479003906,0,2,8,0,0,893.json,NotBuggy
7,0.0,4.889285869763788E-7,1,2,3,3,3.61,0,9,108.0,105.64466857910156,0,5,3,0,0,1394.json,Buggy
7,4.873570869676769E-4,8.657000472787334E-6,3,3,6,4,3.61,0,4,94.0,106.3486557006836,0,5,1,0,0,298.json,NotBuggy
6,0.26189008355140686,0.4461580739797669,0,0,0,1,3.77,0,0,35.0,115.93447875976562,0,1,0,0,0,2584.json,NotBuggy
9,0.0,5.532297525935297E-10,1,4,5,5,3.33,0,15,150.0,99.4051513671875,0,5,3,0,0,1425.json,Buggy
3,0.6616185903549194,0.7237642816660328,0,0,0,1,3.77,0,1,18.0,130.85629272460938,0,0,0,0,0,401.json,NotBuggy
7,8.621347951702774E-4,9.65662660542678E-4,5,3,8,4,5.11,1,13,74.0,108.12730407714844,0,1,0,0,0,807.json,NotBuggy
3,0.8603864908218384,0.841353140729196,0,0,0,1,3.77,0,0,13.0,132.9956512451172,0,0,0,0,0,2479.json,NotBuggy
18,0.004577208776026964,2.7860656736112242E-8,4,5,9,7,8.21,2,8,136.0,87.84990692138672,0,2,4,0,0,617.json,NotBuggy
19,0.007075914181768894,1.6134017847657038E-8,1,1,2,4,4.69,1,10,148.0,87.3956298828125,0,3,4,0,0,2085.json,NotBuggy
3,0.6739068031311035,0.8445033394501658,0,0,0,1,3.77,0,1,15.0,132.25152587890625,0,0,0,0,0,2242.json,NotBuggy
5,0.6440306901931763,0.6533154635085917,0,0,0,1,8.76,0,1,21.0,121.34414672851562,0,0,0,0,0,2096.json,NotBuggy
11,0.1902085244655609,2.2200435197175424E-5,3,4,7,4,4.82,1,3,94.0,98.66455841064453,0,3,3,0,0,1079.json,NotBuggy
7,8.621347951702774E-4,9.65662660542678E-4,5,3,8,4,5.11,1,13,74.0,108.12730407714844,0,1,0,0,0,810.json,NotBuggy
3,0.6114229559898376,0.761028468257745,0,0,0,1,3.77,0,0,17.0,131.28770446777344,0,1,0,0,0,270.json,NotBuggy
12,0.0893639549612999,2.7639968411925873E-4,0,0,0,1,5.5,1,5,84.0,98.74602508544922,0,2,4,0,0,339.json,NotBuggy
5,0.05844106897711754,0.0876604621733596,1,1,2,2,3.92,0,2,42.0,117.11275482177734,0,2,1,0,0,156.json,NotBuggy
3,0.7811660766601562,0.6829347098024088,0,0,0,1,3.77,0,2,18.0,130.99049377441406,0,0,0,0,0,909.json,NotBuggy
4,0.22387346625328064,0.4991232707277533,0,0,0,1,4.0,0,2,24.0,124.26470947265625,0,1,0,0,0,742.json,NotBuggy
5,0.0026084568817168474,0.09630754691403524,0,0,0,1,3.92,0,3,40.0,117.59646606445312,0,2,0,0,0,2599.json,NotBuggy
1,0.987027645111084,0.8347150609792362,0,0,0,1,0.0,0,0,12.0,151.39474487304688,0,0,0,0,0,9.json,NotBuggy
41,0.0,1.0412723962736234E-53,5,7,12,11,6.02,1,60,635.0,64.70217895507812,0,3,22,0,0,1151.json,Buggy
13,0.00170199666172266,2.892435311108071E-5,3,4,7,4,5.29,2,8,97.0,95.85240173339844,0,3,2,0,0,2552.json,Buggy
3,0.5446746349334717,0.8742996585751843,0,0,0,1,3.77,0,0,12.0,133.59722900390625,0,0,0,0,0,307.json,NotBuggy
3,0.6793079972267151,0.8722146359515565,0,0,0,1,3.77,0,0,13.0,132.9956512451172,0,0,0,0,0,2485.json,NotBuggy
3,0.7436466813087463,0.8198269791061408,0,0,0,1,3.77,0,0,15.0,131.9385528564453,0,0,0,0,0,2969.json,NotBuggy
5,0.010739083401858807,0.008642353322969441,1,1,2,2,3.92,0,2,53.0,115.5003662109375,0,1,1,0,0,996.json,NotBuggy
3,0.8908434510231018,0.9160400214357861,0,0,0,1,3.77,0,0,12.0,133.59722900390625,0,0,0,0,0,609.json,NotBuggy
9,0.003978952299803495,4.759697750280576E-4,4,4,8,8,10.52,6,3,81.0,102.3926010131836,0,1,3,0,0,2978.json,Buggy
5,0.06894288212060928,0.40522451979191865,0,0,0,1,3.92,0,3,31.0,119.31893157958984,0,1,0,0,0,185.json,NotBuggy
5,0.002215093234553933,0.09036357170997113,0,0,0,1,3.92,0,3,40.0,117.59646606445312,0,2,0,0,0,2603.json,NotBuggy
11,0.024684058502316475,2.115745265858525E-4,1,2,3,3,5.34,1,5,80.0,99.91568756103516,0,3,2,0,0,2265.json,NotBuggy
20,0.0,3.354218868800955E-11,0,0,0,1,2.35,0,6,191.0,86.16544342041016,0,2,8,0,0,2542.json,NotBuggy
