SLOCStandard,Readability,McCabe,totalFanOut,MaintainabilityIndex,file,Detection
8,0.0097630200907588,2,6,105.95664978027344,104.json,NotBuggy
11,1.7259114247281104E-4,1,14,100.85372161865234,21852.json,NotBuggy
3,0.5941070318222046,1,0,132.9956512451172,20823.json,NotBuggy
4,0.7119079828262329,1,0,125.27178192138672,21746.json,NotBuggy
4,0.6370430588722229,1,0,125.64796447753906,9640.json,NotBuggy
3,0.0,1,1,127.42049407958984,761.json,NotBuggy
12,0.001534141250886023,3,14,97.61248016357422,20080.json,NotBuggy
3,0.6709057688713074,1,0,132.4454345703125,14843.json,NotBuggy
12,0.0,1,16,97.20513153076172,7760.json,NotBuggy
3,0.693448007106781,1,0,131.9385528564453,4953.json,NotBuggy
3,0.12270952016115189,1,5,127.42049407958984,13448.json,NotBuggy
5,2.58967891568318E-4,1,8,114.74969482421875,7289.json,NotBuggy
3,0.18274641036987305,1,0,129.2378692626953,6599.json,NotBuggy
4,0.3173161745071411,1,0,125.64796447753906,10470.json,NotBuggy
5,0.13795621693134308,1,1,119.31562042236328,17071.json,NotBuggy
9,0.06338099390268326,1,7,106.72349548339844,20426.json,NotBuggy
10,0.0,1,21,100.03260040283203,3678.json,NotBuggy
10,0.7461551427841187,3,3,104.4138412475586,16005.json,NotBuggy
5,0.9493109583854675,1,0,121.18380737304688,13847.json,NotBuggy
7,0.11889147013425827,2,3,110.68890380859375,2810.json,NotBuggy
5,0.006325305439531803,1,2,116.85465240478516,2294.json,NotBuggy
3,0.08055282384157181,1,0,133.59722900390625,1843.json,NotBuggy
13,0.0021672670263797045,2,18,95.84281921386719,3815.json,NotBuggy
5,0.05194992199540138,1,4,118.99201202392578,5277.json,NotBuggy
17,0.01276578102260828,1,15,91.09235382080078,4587.json,NotBuggy
4,0.624666154384613,1,1,126.33003997802734,474.json,NotBuggy
3,0.8763893246650696,1,0,131.9385528564453,15594.json,NotBuggy
3,0.546362578868866,1,1,131.75106811523438,5916.json,NotBuggy
6,0.7184242606163025,2,1,116.13201141357422,18965.json,Buggy
3,0.09223374724388123,1,0,131.28770446777344,6394.json,NotBuggy
25,7.120888330973685E-4,6,19,80.64424896240234,8517.json,NotBuggy
3,0.6851436495780945,1,1,132.086669921875,922.json,NotBuggy
3,0.7399449348449707,1,0,131.9385528564453,13704.json,NotBuggy
8,0.08101017028093338,1,5,110.67463684082031,3848.json,NotBuggy
4,0.5014236569404602,1,0,125.27178192138672,4535.json,NotBuggy
8,0.17887258529663086,2,3,109.62306213378906,6177.json,NotBuggy
3,0.8893284201622009,1,0,133.59722900390625,19690.json,NotBuggy
3,0.8152434825897217,1,0,133.59722900390625,21211.json,NotBuggy
3,0.10382591187953949,1,2,128.50894165039062,12836.json,NotBuggy
3,0.9921855926513672,1,0,130.07347106933594,19018.json,NotBuggy
6,0.11201164871454239,1,3,116.4616928100586,9750.json,NotBuggy
11,0.0,1,15,100.47718048095703,22468.json,NotBuggy
7,0.023506004363298416,2,4,110.25054931640625,10899.json,NotBuggy
4,0.7256754636764526,1,0,125.27178192138672,21510.json,NotBuggy
7,0.005459776148200035,1,1,114.899169921875,3599.json,NotBuggy
4,0.733392059803009,1,0,125.64796447753906,7920.json,NotBuggy
3,0.6252561211585999,1,0,131.9385528564453,15933.json,NotBuggy
7,0.13916067779064178,1,5,113.06318664550781,5181.json,NotBuggy
20,5.829086876474321E-4,2,21,85.49784088134766,3511.json,NotBuggy
12,0.058492545038461685,2,13,97.26787567138672,15918.json,NotBuggy
3,0.9381090402603149,1,0,133.59722900390625,3985.json,NotBuggy
6,0.004280957859009504,1,12,109.1288070678711,2930.json,NotBuggy
7,0.6829153299331665,3,2,110.72028350830078,18919.json,NotBuggy
9,0.04706978425383568,2,3,104.97286224365234,11064.json,NotBuggy
3,4.883294459432364E-4,1,2,126.56407165527344,17016.json,NotBuggy
3,0.9558944702148438,1,0,133.59722900390625,23461.json,NotBuggy
4,0.19605393707752228,1,1,122.85169219970703,8103.json,NotBuggy
10,0.09210582077503204,2,7,102.49763488769531,2527.json,NotBuggy
3,0.793246865272522,1,0,133.59722900390625,21521.json,NotBuggy
8,0.6097385287284851,1,3,108.76246643066406,9731.json,NotBuggy
3,0.8273010849952698,1,0,133.59722900390625,11138.json,NotBuggy
8,0.021852754056453705,2,6,105.92904663085938,3466.json,NotBuggy
8,0.06632420420646667,2,2,107.45475769042969,17848.json,NotBuggy
9,0.0072502391412854195,2,9,103.98135375976562,794.json,NotBuggy
7,0.546004593372345,2,2,111.00237274169922,20412.json,NotBuggy
8,0.00484077725559473,1,10,108.65271759033203,3191.json,NotBuggy
3,0.8814632296562195,1,0,133.59722900390625,11590.json,NotBuggy
4,0.005462044384330511,1,4,120.53255462646484,12805.json,NotBuggy
9,0.9424360990524292,2,5,106.2907943725586,26.json,NotBuggy
3,0.3156687915325165,1,1,130.7338104248047,15807.json,NotBuggy
3,0.9558944702148438,1,0,133.59722900390625,23338.json,NotBuggy
8,0.08553723990917206,3,6,108.94000244140625,20134.json,NotBuggy
4,0.815125048160553,1,0,125.5254898071289,326.json,Buggy
4,0.5121709704399109,1,0,125.64796447753906,21242.json,NotBuggy
4,0.4979834258556366,1,2,126.33003997802734,15187.json,NotBuggy
12,0.0,2,18,97.57537841796875,5045.json,NotBuggy
3,0.9197396636009216,1,0,133.59722900390625,19558.json,NotBuggy
4,0.0,1,8,118.39262390136719,3686.json,NotBuggy
3,0.843033492565155,1,0,133.59722900390625,1454.json,NotBuggy
3,0.3535715639591217,1,2,129.34671020507812,10336.json,NotBuggy
5,0.17752864956855774,1,4,119.06403350830078,4180.json,NotBuggy
3,0.9333877563476562,1,0,133.59722900390625,2013.json,NotBuggy
3,0.5103937387466431,1,2,129.57785034179688,4795.json,NotBuggy
6,0.23384536802768707,2,2,116.231689453125,16315.json,NotBuggy
6,0.30203625559806824,2,1,115.79641723632812,1731.json,NotBuggy
4,0.7119079828262329,1,0,125.27178192138672,2546.json,NotBuggy
3,0.06380819529294968,1,2,127.59099578857422,11685.json,NotBuggy
3,0.9621713757514954,1,0,133.59722900390625,22714.json,NotBuggy
3,0.9188364744186401,1,0,133.59722900390625,8473.json,NotBuggy
3,0.001080712885595858,1,1,127.42049407958984,20567.json,NotBuggy
6,0.43421670794487,2,2,116.30582427978516,19092.json,NotBuggy
4,0.8170756101608276,1,0,123.94486236572266,5570.json,NotBuggy
4,0.4859175980091095,1,0,125.64796447753906,22768.json,NotBuggy
15,0.0,1,31,91.8543930053711,16469.json,NotBuggy
4,0.4859175980091095,1,0,125.64796447753906,2953.json,NotBuggy
7,0.026628535240888596,1,6,111.88787078857422,2942.json,NotBuggy
3,0.0,1,8,124.6273193359375,10234.json,NotBuggy
3,0.9704420566558838,1,0,132.9956512451172,9290.json,NotBuggy
3,0.6941432356834412,1,1,130.99049377441406,8464.json,NotBuggy
3,0.8152434825897217,1,0,133.59722900390625,21231.json,NotBuggy
22,0.012431039474904537,8,7,84.73043060302734,7870.json,NotBuggy
3,0.6405757069587708,1,0,131.28770446777344,18638.json,NotBuggy
3,0.7240781188011169,1,0,131.9385528564453,22101.json,NotBuggy
4,0.43762966990470886,1,0,125.27178192138672,18293.json,NotBuggy
3,0.9558944702148438,1,0,133.59722900390625,21026.json,NotBuggy
5,0.24787625670433044,1,4,117.93550109863281,4376.json,NotBuggy
10,0.39610961079597473,2,3,106.47431182861328,13220.json,NotBuggy
10,7.658064714632928E-4,1,12,103.19448852539062,20871.json,NotBuggy
4,0.007106349803507328,1,2,122.05010986328125,12122.json,NotBuggy
33,0.0137940039858222,8,11,78.3182144165039,20289.json,NotBuggy
5,0.4842820167541504,1,1,122.4339599609375,2742.json,NotBuggy
4,0.8333073854446411,2,1,121.74586486816406,9125.json,NotBuggy
6,0.4043341279029846,2,2,116.3923110961914,14755.json,NotBuggy
4,0.7256754636764526,1,0,125.27178192138672,22044.json,NotBuggy
3,0.9252370595932007,1,0,133.59722900390625,18132.json,NotBuggy
4,0.6958103179931641,1,1,125.64796447753906,11890.json,NotBuggy
8,0.03591076284646988,1,8,107.24725341796875,12814.json,NotBuggy
6,1.7933646449819207E-4,2,4,112.56766510009766,14130.json,NotBuggy
5,0.3279244899749756,1,0,119.48943328857422,22239.json,NotBuggy
4,0.6617034077644348,1,0,125.27178192138672,23482.json,NotBuggy
4,0.43883344531059265,1,0,125.64796447753906,12011.json,NotBuggy
15,1.5887690824456513E-4,1,14,94.38423156738281,8351.json,NotBuggy
3,0.898770809173584,1,0,133.59722900390625,12806.json,NotBuggy
3,0.6028742790222168,1,1,130.99049377441406,1747.json,NotBuggy
3,0.3807618021965027,1,0,130.30841064453125,16900.json,NotBuggy
3,0.9153783321380615,1,0,133.59722900390625,23160.json,NotBuggy
3,0.1536109745502472,1,2,129.93223571777344,19292.json,NotBuggy
3,0.7240781188011169,1,0,131.9385528564453,22869.json,NotBuggy
3,0.5317887663841248,1,0,130.07347106933594,16713.json,NotBuggy
5,0.31226444244384766,1,2,119.58580780029297,14399.json,NotBuggy
3,0.6337805390357971,1,1,130.85629272460938,18486.json,NotBuggy
15,0.0,3,25,90.65760040283203,3743.json,NotBuggy
11,0.008220256306231022,3,9,99.75465393066406,1268.json,NotBuggy
3,0.9621713757514954,1,0,133.59722900390625,22873.json,NotBuggy
4,0.24647453427314758,1,0,125.64796447753906,17858.json,NotBuggy
4,0.4859175980091095,1,0,125.64796447753906,23450.json,NotBuggy
10,0.7445864677429199,3,3,104.4138412475586,469.json,NotBuggy
3,0.09755022823810577,1,1,128.712890625,5395.json,NotBuggy
23,6.122113554738462E-4,1,14,86.54108428955078,3881.json,NotBuggy
4,0.8603442311286926,1,2,125.91468811035156,15673.json,NotBuggy
14,0.006862558890134096,7,7,95.72708129882812,15126.json,NotBuggy
3,0.9496043920516968,1,0,129.7158966064453,16777.json,NotBuggy
3,0.6553760766983032,1,2,131.28770446777344,15168.json,NotBuggy
9,0.011866757646203041,2,5,105.94206237792969,14119.json,NotBuggy
5,0.9392282962799072,2,0,120.8413314819336,20253.json,NotBuggy
12,0.0018066258635371923,3,10,97.346923828125,20042.json,NotBuggy
6,0.5491778254508972,1,6,114.85902404785156,7842.json,NotBuggy
3,0.08429254591464996,1,3,128.31268310546875,15011.json,NotBuggy
3,0.2239486128091812,1,1,132.25152587890625,5846.json,NotBuggy
4,0.006022301502525806,1,2,124.05243682861328,632.json,NotBuggy
7,0.8805047273635864,2,2,114.45283508300781,821.json,NotBuggy
16,0.0,1,28,89.99274444580078,7758.json,NotBuggy
5,0.35631799697875977,1,2,118.99201202392578,8813.json,NotBuggy
16,8.045371505431831E-4,2,13,91.25277709960938,5029.json,NotBuggy
3,0.333894819021225,1,2,129.69032287597656,13865.json,NotBuggy
3,0.8331366777420044,1,1,129.58164978027344,18450.json,NotBuggy
3,0.8767094016075134,1,0,133.59722900390625,7903.json,NotBuggy
3,0.6405757069587708,1,0,131.28770446777344,3986.json,NotBuggy
14,0.0025551829021424055,4,7,96.12568664550781,2297.json,NotBuggy
12,0.00227365898899734,3,5,97.92047882080078,14224.json,NotBuggy
3,0.9320460557937622,1,0,132.9956512451172,14176.json,NotBuggy
3,0.8763893246650696,1,0,131.9385528564453,15624.json,NotBuggy
3,0.6499581933021545,1,1,132.25152587890625,9171.json,NotBuggy
10,0.015266172587871552,3,7,102.09911346435547,1404.json,NotBuggy
3,0.8767094016075134,1,0,133.59722900390625,21179.json,NotBuggy
3,0.7399770617485046,1,0,132.4454345703125,5126.json,NotBuggy
3,0.46643489599227905,1,1,130.45266723632812,15995.json,NotBuggy
3,0.28265491127967834,1,0,133.59722900390625,6951.json,NotBuggy
10,0.1250893771648407,2,5,103.24285125732422,12391.json,NotBuggy
7,0.0021185404621064663,2,3,108.94036102294922,5034.json,NotBuggy
3,0.9621713757514954,1,0,133.59722900390625,23072.json,NotBuggy
3,0.5759628415107727,1,0,133.59722900390625,9775.json,NotBuggy
5,0.013295273296535015,1,7,115.60050964355469,8312.json,NotBuggy
4,0.14450611174106598,1,3,123.28064727783203,11425.json,NotBuggy
2,0.9977049231529236,1,0,142.4026641845703,8154.json,NotBuggy
4,0.6298688650131226,1,0,125.64796447753906,9891.json,NotBuggy
4,0.8459386825561523,1,0,125.15930938720703,10582.json,NotBuggy
6,0.20999982953071594,1,4,116.4460220336914,4685.json,NotBuggy
9,0.34976378083229065,4,2,106.41126251220703,14918.json,NotBuggy
3,0.07386159896850586,1,1,129.0215301513672,5517.json,NotBuggy
3,0.9476040005683899,1,0,133.59722900390625,13195.json,NotBuggy
10,0.6788656711578369,3,2,104.4138412475586,129.json,NotBuggy
3,0.6779335737228394,1,1,132.25152587890625,18849.json,NotBuggy
3,0.0,1,1,126.41971588134766,17303.json,NotBuggy
3,0.009424391202628613,1,1,129.57785034179688,14247.json,NotBuggy
3,0.9437941908836365,1,0,133.59722900390625,18323.json,NotBuggy
4,0.7119079828262329,1,0,125.27178192138672,4550.json,NotBuggy
3,0.8463761806488037,1,0,133.59722900390625,22641.json,NotBuggy
5,0.2099124789237976,1,2,116.68047332763672,8864.json,NotBuggy
9,0.055463142693042755,2,3,105.64405822753906,8581.json,NotBuggy
6,0.1623253971338272,1,4,114.13744354248047,12130.json,NotBuggy
3,0.2756005525588989,1,1,131.43582153320312,14302.json,NotBuggy
9,1.562103134347126E-4,1,16,101.97089385986328,3418.json,NotBuggy
3,0.8353855013847351,1,0,133.59722900390625,2710.json,NotBuggy
10,0.0015364406863227487,2,8,102.61293029785156,13740.json,NotBuggy
10,0.0442136786878109,2,6,103.98506927490234,9206.json,NotBuggy
3,0.9621713757514954,1,0,133.59722900390625,5280.json,NotBuggy
3,0.8347640037536621,1,1,132.086669921875,8593.json,NotBuggy
8,0.8781969547271729,2,4,109.010498046875,799.json,NotBuggy
7,0.072675421833992,2,4,110.67108917236328,10368.json,NotBuggy
3,0.7313869595527649,1,1,130.85629272460938,152.json,NotBuggy
3,0.022851387038826942,1,1,128.22288513183594,19427.json,NotBuggy
3,0.8241609930992126,1,0,132.4454345703125,10723.json,NotBuggy
3,0.029354941099882126,1,2,126.78704833984375,12114.json,NotBuggy
14,2.446846920065582E-4,5,1,94.80695343017578,14487.json,NotBuggy
3,7.431305130012333E-4,1,3,127.25540161132812,3846.json,NotBuggy
7,5.340384668670595E-4,1,6,108.39300537109375,84.json,NotBuggy
15,0.003006537212058902,2,8,93.0515365600586,3976.json,NotBuggy
4,0.6622490286827087,2,1,122.87435913085938,6162.json,NotBuggy
3,0.9491051435470581,1,0,129.7158966064453,16721.json,NotBuggy
3,0.7990738153457642,1,0,133.59722900390625,544.json,NotBuggy
4,0.4859175980091095,1,0,125.64796447753906,21730.json,NotBuggy
6,0.11201164871454239,1,3,116.4616928100586,11772.json,NotBuggy
6,0.1802625209093094,1,3,114.7745132446289,7989.json,NotBuggy
3,0.043101999908685684,1,0,128.60531616210938,6120.json,NotBuggy
4,0.8453633189201355,1,0,125.15930938720703,9134.json,NotBuggy
4,0.7119079828262329,1,0,125.27178192138672,22114.json,NotBuggy
9,0.00577896973118186,3,7,104.68692779541016,17576.json,NotBuggy
8,8.713121642358601E-4,2,3,105.99979400634766,17639.json,NotBuggy
3,0.9294750690460205,1,0,133.59722900390625,3045.json,NotBuggy
17,0.01276578102260828,1,15,91.09235382080078,4586.json,NotBuggy
3,0.4468255341053009,1,1,130.07347106933594,1423.json,NotBuggy
3,0.898770809173584,1,0,133.59722900390625,23611.json,NotBuggy
3,0.23916126787662506,1,0,131.03103637695312,4052.json,NotBuggy
8,0.05751625820994377,2,6,108.613037109375,3127.json,NotBuggy
3,0.10087551921606064,1,1,127.87090301513672,8698.json,NotBuggy
14,0.038678646087646484,4,10,96.12226104736328,898.json,NotBuggy
4,0.873764157295227,1,0,126.62725830078125,6617.json,NotBuggy
3,0.9058902859687805,1,0,134.26058959960938,5686.json,NotBuggy
4,0.20629329979419708,1,3,123.8484878540039,574.json,NotBuggy
3,0.9294750690460205,1,0,133.59722900390625,2191.json,NotBuggy
4,0.13463595509529114,1,2,122.14535522460938,10256.json,NotBuggy
15,0.038728978484869,1,13,96.09255981445312,4898.json,NotBuggy
3,0.8681479096412659,1,1,131.60296630859375,15696.json,NotBuggy
3,0.7990559339523315,1,0,133.59722900390625,1075.json,NotBuggy
3,0.9654834866523743,1,0,133.59722900390625,16518.json,NotBuggy
3,0.0,1,1,125.37183380126953,614.json,NotBuggy
17,0.0,3,20,88.3498764038086,6712.json,NotBuggy
3,0.9402101635932922,1,0,133.59722900390625,13196.json,NotBuggy
4,8.343862136825919E-4,1,2,122.12896728515625,10073.json,NotBuggy
5,8.466136059723794E-4,2,3,116.01688385009766,8722.json,NotBuggy
3,0.8814632296562195,1,0,133.59722900390625,12366.json,NotBuggy
3,0.8568799495697021,1,0,131.28770446777344,13938.json,NotBuggy
4,0.5121709704399109,1,0,125.64796447753906,21891.json,NotBuggy
3,0.22403806447982788,1,2,128.712890625,21560.json,NotBuggy
4,0.5163715481758118,1,0,125.27178192138672,23514.json,NotBuggy
3,0.4927545189857483,1,0,133.59722900390625,9822.json,NotBuggy
3,0.9294750690460205,1,0,133.59722900390625,23575.json,NotBuggy
7,0.026690538972616196,2,7,109.6711654663086,16645.json,NotBuggy
3,0.8767094016075134,1,0,133.59722900390625,20885.json,NotBuggy
3,0.9558944702148438,1,0,133.59722900390625,23280.json,NotBuggy
3,0.8763893246650696,1,0,131.9385528564453,5053.json,NotBuggy
3,0.8763893246650696,1,0,131.9385528564453,15582.json,NotBuggy
7,0.48343437910079956,2,5,109.7632064819336,20394.json,NotBuggy
4,0.7119079828262329,1,0,125.27178192138672,23005.json,NotBuggy
4,0.6844751834869385,1,0,126.19583892822266,16872.json,NotBuggy
8,0.05302600562572479,1,3,108.68081665039062,629.json,NotBuggy
3,0.9650386571884155,1,0,132.9956512451172,16585.json,NotBuggy
4,0.6786850690841675,1,0,125.64796447753906,5661.json,NotBuggy
3,0.9320460557937622,1,0,132.9956512451172,14655.json,NotBuggy
4,0.6564434766769409,1,1,125.5254898071289,7815.json,NotBuggy
4,1.529875153210014E-4,1,5,120.469482421875,3711.json,NotBuggy
3,0.8537255525588989,1,0,133.59722900390625,21892.json,NotBuggy
5,0.018832705914974213,1,3,117.53888702392578,5249.json,NotBuggy
3,0.7274614572525024,1,0,133.59722900390625,18134.json,NotBuggy
3,0.8703395128250122,1,0,133.59722900390625,16307.json,NotBuggy
8,0.041342370212078094,2,2,107.63104248046875,1646.json,NotBuggy
4,0.5543003678321838,1,0,125.64796447753906,16023.json,NotBuggy
3,0.9128878116607666,1,0,133.59722900390625,7280.json,NotBuggy
16,0.0030983593314886093,2,11,92.81339263916016,3729.json,NotBuggy
3,0.5296120643615723,1,3,128.8092498779297,3793.json,NotBuggy
4,0.4125102758407593,1,0,125.64796447753906,19713.json,NotBuggy
4,0.7151249647140503,1,0,125.27178192138672,20886.json,NotBuggy
18,9.116868604905903E-4,7,14,88.59821319580078,14783.json,NotBuggy
3,0.9381090402603149,1,0,133.59722900390625,23360.json,NotBuggy
4,0.026221822947263718,1,5,121.21139526367188,7313.json,NotBuggy
5,0.021708091720938683,1,4,117.22039794921875,8157.json,NotBuggy
3,0.9038982391357422,1,0,133.59722900390625,21882.json,NotBuggy
8,0.551701545715332,3,1,110.36112976074219,1402.json,NotBuggy
3,0.6903934478759766,1,1,132.25152587890625,884.json,NotBuggy
3,0.9153783321380615,1,0,133.59722900390625,21009.json,NotBuggy
4,0.5919245481491089,1,0,125.64796447753906,10090.json,NotBuggy
35,0.014768963679671288,8,10,75.30713653564453,885.json,NotBuggy
5,0.038739390671253204,1,2,118.82000732421875,15941.json,NotBuggy
8,0.05809839814901352,1,6,108.68147277832031,9896.json,NotBuggy
3,0.48096638917922974,1,1,129.93223571777344,12225.json,NotBuggy
3,0.9296151399612427,1,0,133.59722900390625,17584.json,NotBuggy
3,0.9104548692703247,1,0,133.59722900390625,10484.json,NotBuggy
4,0.7256754636764526,1,0,125.27178192138672,23327.json,NotBuggy
3,0.9402769804000854,1,0,133.59722900390625,17333.json,NotBuggy
15,0.18303300440311432,5,6,94.95795440673828,681.json,NotBuggy
5,0.25854721665382385,1,1,120.03731536865234,10860.json,NotBuggy
4,0.8381872773170471,1,0,125.5254898071289,19583.json,NotBuggy
3,0.03695978596806526,1,3,129.12539672851562,16001.json,NotBuggy
8,0.12290654331445694,2,6,107.41751861572266,2850.json,NotBuggy
3,0.8353855013847351,1,0,133.59722900390625,20961.json,NotBuggy
3,0.09662923216819763,1,1,129.2428436279297,15038.json,NotBuggy
6,0.11201164871454239,1,3,116.4616928100586,12201.json,NotBuggy
3,0.0,1,2,127.94976043701172,3537.json,NotBuggy
7,0.18734541535377502,2,4,111.11923217773438,8187.json,NotBuggy
13,0.018410535529255867,4,7,97.34744262695312,3661.json,NotBuggy
10,0.1240193098783493,2,7,103.36197662353516,8167.json,NotBuggy
3,0.0,1,1,127.51214599609375,18945.json,NotBuggy
16,0.17456035315990448,3,6,93.27986145019531,19043.json,NotBuggy
6,0.10207168757915497,2,3,113.61647033691406,13190.json,NotBuggy
3,0.8585995435714722,1,0,133.59722900390625,6185.json,NotBuggy
3,0.8353855013847351,1,0,133.59722900390625,21507.json,NotBuggy
3,0.9381090402603149,1,0,133.59722900390625,14689.json,NotBuggy
3,0.05323382839560509,1,2,128.712890625,7267.json,NotBuggy
4,0.4755558669567108,1,2,125.27178192138672,16954.json,NotBuggy
23,0.0023141654673963785,1,20,87.130615234375,4350.json,NotBuggy
7,0.13824652135372162,1,6,112.0172119140625,23114.json,NotBuggy
4,0.9419066905975342,1,2,123.1068344116211,16815.json,NotBuggy
3,0.8152434825897217,1,0,133.59722900390625,21886.json,NotBuggy
6,0.2810710072517395,1,4,115.95040893554688,10016.json,NotBuggy
4,0.11936789005994797,2,2,121.39991760253906,572.json,Buggy
21,0.0,7,20,85.40496063232422,8335.json,NotBuggy
4,0.4859175980091095,1,0,125.64796447753906,22774.json,NotBuggy
4,0.30608609318733215,1,0,125.64796447753906,3625.json,NotBuggy
6,0.0082469517365098,2,3,113.8475570678711,5669.json,NotBuggy
4,0.8180371522903442,1,0,125.15930938720703,9608.json,NotBuggy
6,0.017500078305602074,2,4,113.91724395751953,19987.json,NotBuggy
4,0.5193105936050415,1,0,125.64796447753906,22380.json,NotBuggy
3,0.6722716689109802,1,1,131.60296630859375,754.json,NotBuggy
3,0.9340493083000183,1,0,133.59722900390625,17819.json,NotBuggy
3,0.7710278034210205,1,2,129.81976318359375,1790.json,NotBuggy
3,0.11649832874536514,1,1,129.37762451171875,20287.json,NotBuggy
3,0.9621713757514954,1,0,133.59722900390625,21981.json,NotBuggy
4,0.7119079828262329,1,0,125.27178192138672,23460.json,NotBuggy
3,0.9125012159347534,1,0,131.75106811523438,1136.json,NotBuggy
3,0.9558944702148438,1,0,133.59722900390625,21227.json,NotBuggy
3,0.45880135893821716,1,2,129.47398376464844,18409.json,NotBuggy
3,0.9320460557937622,1,0,132.9956512451172,15211.json,NotBuggy
16,0.004864976275712252,5,18,90.05143737792969,13651.json,NotBuggy
3,0.6249666213989258,1,1,131.28770446777344,8721.json,NotBuggy
3,0.8537255525588989,1,0,133.59722900390625,14986.json,NotBuggy
4,0.4755558669567108,1,2,125.27178192138672,16951.json,NotBuggy
3,0.9294750690460205,1,0,133.59722900390625,3776.json,NotBuggy
12,0.014906487427651882,3,8,97.28143310546875,5187.json,NotBuggy
3,0.08208578079938889,2,1,127.31407928466797,4979.json,NotBuggy
12,0.0041125258430838585,1,8,100.03021240234375,3559.json,NotBuggy
16,0.0,6,12,91.84573364257812,4102.json,NotBuggy
10,0.16966205835342407,4,3,105.32622528076172,6762.json,NotBuggy
3,0.8152434825897217,1,0,133.59722900390625,2944.json,NotBuggy
6,0.00643693283200264,2,3,112.16841125488281,6562.json,NotBuggy
8,0.1493663191795349,1,3,108.26847839355469,3991.json,NotBuggy
3,0.4199468791484833,1,1,129.7158966064453,19303.json,NotBuggy
3,0.7845202088356018,1,2,128.92515563964844,12286.json,NotBuggy
7,0.09084036946296692,2,2,110.94255828857422,11215.json,NotBuggy
7,0.4955917298793793,3,0,110.8470230102539,3823.json,NotBuggy
11,1.3844631030224264E-4,3,12,99.54071807861328,16176.json,NotBuggy
4,0.4859175980091095,1,0,125.64796447753906,21702.json,NotBuggy
4,0.4859175980091095,1,0,125.64796447753906,23307.json,NotBuggy
3,0.3078157901763916,1,1,129.81976318359375,8547.json,NotBuggy
3,0.5177040100097656,1,1,131.75106811523438,9098.json,NotBuggy
8,0.004543814808130264,1,10,106.57305145263672,10251.json,NotBuggy
3,0.6614851355552673,1,0,133.59722900390625,21661.json,NotBuggy
17,0.02278275415301323,9,1,91.81858825683594,16164.json,NotBuggy
8,0.27071207761764526,3,3,108.84556579589844,18871.json,NotBuggy
3,0.007830256596207619,1,1,127.76728820800781,9352.json,NotBuggy
7,0.02609587274491787,1,8,110.2795181274414,3255.json,NotBuggy
3,0.8164383769035339,1,0,133.59722900390625,925.json,NotBuggy
6,0.005105714779347181,1,4,113.55796813964844,2906.json,NotBuggy
17,0.0057976203970611095,3,13,91.33662414550781,12947.json,NotBuggy
9,0.003644254058599472,1,12,104.72808837890625,3821.json,NotBuggy
5,7.851666887290776E-4,1,1,116.91962432861328,17129.json,NotBuggy
11,0.0010212539928033948,3,12,98.42634582519531,59.json,NotBuggy
3,0.749021053314209,1,0,131.9385528564453,23535.json,NotBuggy
3,0.4104769229888916,1,1,130.7338104248047,18235.json,NotBuggy
6,0.056724488735198975,2,3,114.34648895263672,1805.json,NotBuggy
8,0.0024601146578788757,2,7,106.72502899169922,8379.json,NotBuggy
3,0.9346750378608704,1,0,133.59722900390625,21515.json,NotBuggy
3,0.8178226947784424,1,0,133.59722900390625,10996.json,NotBuggy
11,0.0,1,18,99.06546020507812,8248.json,NotBuggy
3,0.08294406533241272,1,2,130.18594360351562,9293.json,NotBuggy
3,0.7695571780204773,1,0,131.28770446777344,12281.json,NotBuggy
22,4.6575875603593886E-4,5,15,84.0941390991211,20797.json,NotBuggy
3,0.8763893246650696,1,0,131.9385528564453,3235.json,NotBuggy
4,0.27423012256622314,1,3,124.26470947265625,9233.json,NotBuggy
3,0.8381479382514954,1,0,133.59722900390625,5644.json,NotBuggy
4,0.8236529231071472,1,0,125.5254898071289,10389.json,NotBuggy
4,0.5967966914176941,1,0,125.27178192138672,23211.json,NotBuggy
9,8.701984770596027E-4,3,4,105.08909606933594,14431.json,NotBuggy
15,0.018328029662370682,4,4,95.00800323486328,2963.json,NotBuggy
3,0.9457477331161499,1,0,133.59722900390625,21511.json,NotBuggy
3,0.874036967754364,1,0,134.26058959960938,3395.json,NotBuggy
2,0.9977049231529236,1,0,142.4026641845703,7990.json,NotBuggy
16,1.344709744444117E-4,2,17,90.56185913085938,14462.json,NotBuggy
3,0.08630920201539993,1,2,128.712890625,5213.json,NotBuggy
3,0.7753226161003113,1,0,134.26058959960938,7118.json,NotBuggy
3,0.5802271962165833,1,2,128.62307739257812,10553.json,NotBuggy
6,0.06142235919833183,1,5,114.90958404541016,23092.json,NotBuggy
4,0.703388512134552,1,0,125.64796447753906,12097.json,NotBuggy
3,0.7711441516876221,1,0,133.59722900390625,10594.json,NotBuggy
6,0.036510612815618515,1,3,114.48999786376953,14776.json,NotBuggy
7,0.021249189972877502,2,4,111.3536376953125,14723.json,NotBuggy
4,0.6683686971664429,1,0,124.91740417480469,6507.json,NotBuggy
3,0.8832547664642334,1,0,131.91592407226562,2971.json,NotBuggy
4,0.6202085018157959,1,1,124.48601531982422,16369.json,NotBuggy
7,0.06944409757852554,2,3,111.65786743164062,969.json,NotBuggy
6,0.001781334402039647,2,5,112.84876251220703,19921.json,NotBuggy
6,0.15337902307510376,2,4,113.55408477783203,5586.json,NotBuggy
3,0.8723846077919006,1,0,133.59722900390625,7272.json,NotBuggy
4,0.5485867857933044,1,0,125.64796447753906,16302.json,NotBuggy
3,0.1546880006790161,1,1,128.91311645507812,9291.json,NotBuggy
3,0.7876409292221069,1,1,130.7338104248047,20545.json,NotBuggy
2,0.9961547255516052,1,0,139.56419372558594,8860.json,NotBuggy
10,0.05487911403179169,4,5,103.39248657226562,10657.json,NotBuggy
6,0.09946472942829132,1,3,116.2755126953125,4939.json,NotBuggy
3,0.8973609209060669,1,1,132.61029052734375,651.json,NotBuggy
3,0.4592962861061096,2,0,127.62129211425781,13843.json,NotBuggy
3,0.9041517972946167,1,0,134.26058959960938,5152.json,NotBuggy
3,0.9446148872375488,1,0,132.9956512451172,20834.json,NotBuggy
3,0.9621713757514954,1,0,133.59722900390625,21991.json,NotBuggy
5,0.43985188007354736,1,2,120.74615478515625,20746.json,NotBuggy
3,0.8853198885917664,1,0,133.59722900390625,13513.json,NotBuggy
4,0.5155070424079895,2,2,121.6757583618164,18086.json,NotBuggy
3,0.8152434825897217,1,0,133.59722900390625,10358.json,NotBuggy
5,0.1240319162607193,1,6,117.59877014160156,9258.json,NotBuggy
5,0.5111437439918518,2,2,119.80731201171875,5602.json,NotBuggy
4,0.8000592589378357,1,0,125.5254898071289,10319.json,NotBuggy
3,0.4476262331008911,1,2,130.30841064453125,16401.json,NotBuggy
16,0.0030355288181453943,4,15,90.58080291748047,14355.json,NotBuggy
3,0.02944045141339302,1,2,127.26738739013672,12749.json,NotBuggy
3,0.9214380979537964,1,0,133.59722900390625,18175.json,NotBuggy
12,0.7624891996383667,3,5,100.57998657226562,30.json,NotBuggy
4,0.7151249647140503,1,0,125.27178192138672,20968.json,NotBuggy
4,0.5363498330116272,1,0,125.64796447753906,13165.json,NotBuggy
28,5.842256941832602E-4,13,10,78.6611328125,16160.json,NotBuggy
3,0.7817840576171875,1,1,130.85629272460938,5039.json,NotBuggy
4,0.5060411095619202,1,0,125.64796447753906,6669.json,NotBuggy
3,0.5375378727912903,1,1,130.18594360351562,4643.json,NotBuggy
3,0.7693724036216736,1,0,133.59722900390625,23010.json,NotBuggy
7,0.015582773834466934,3,6,108.00053405761719,4115.json,NotBuggy
3,0.9413626194000244,1,0,133.59722900390625,14944.json,NotBuggy
3,0.3460206687450409,1,2,128.3351287841797,12378.json,NotBuggy
3,0.52474445104599,1,0,130.34019470214844,12227.json,NotBuggy
4,0.7256754636764526,1,0,125.27178192138672,20964.json,NotBuggy
3,0.8480919003486633,1,1,129.81976318359375,12946.json,NotBuggy
15,0.0,3,24,90.08394622802734,16293.json,NotBuggy
7,0.010466130450367928,1,7,108.78500366210938,6374.json,NotBuggy
3,0.9089693427085876,1,0,133.59722900390625,17065.json,NotBuggy
3,0.06589245051145554,1,1,129.4591827392578,8462.json,NotBuggy
14,0.4015180766582489,4,8,97.16659545898438,13799.json,NotBuggy
5,0.021826185286045074,1,5,117.21340942382812,14886.json,NotBuggy
4,0.6540771722793579,1,1,125.02987670898438,7934.json,NotBuggy
4,0.04585594683885574,1,2,123.10436248779297,2816.json,NotBuggy
4,0.6144620776176453,1,1,124.48601531982422,15991.json,NotBuggy
3,0.5489321351051331,1,1,131.75106811523438,5852.json,NotBuggy
3,0.9038982391357422,1,0,133.59722900390625,21953.json,NotBuggy
3,0.0,1,4,124.90390014648438,3225.json,NotBuggy
11,0.5898045301437378,4,0,103.27735137939453,680.json,NotBuggy
3,0.3496861457824707,1,1,130.30841064453125,8285.json,NotBuggy
11,0.7489241361618042,1,10,102.8667221069336,16143.json,NotBuggy
5,0.8962138891220093,1,4,118.90116882324219,13216.json,NotBuggy
3,0.29217153787612915,1,0,129.12539672851562,19334.json,NotBuggy
4,0.4003612995147705,1,1,124.361083984375,13761.json,NotBuggy
7,0.0,1,11,108.17632293701172,5094.json,NotBuggy
3,0.90879225730896,1,0,133.59722900390625,23595.json,NotBuggy
4,0.5250394344329834,1,0,125.27178192138672,11258.json,NotBuggy
3,0.6920579075813293,1,0,133.59722900390625,2785.json,NotBuggy
3,0.5827007293701172,1,2,128.1388702392578,4393.json,NotBuggy
10,9.121734765358269E-4,1,12,103.13742065429688,21840.json,NotBuggy
4,0.03566243126988411,1,0,123.47842407226562,4568.json,NotBuggy
3,0.9198765158653259,1,0,133.59722900390625,16554.json,NotBuggy
3,0.7810970544815063,1,0,131.9385528564453,549.json,NotBuggy
8,0.7637455463409424,2,2,111.64537811279297,18862.json,NotBuggy
3,0.9440844058990479,1,0,133.59722900390625,7287.json,NotBuggy
8,0.023053869605064392,2,3,108.00263214111328,1460.json,NotBuggy
3,0.7936729192733765,1,1,130.7338104248047,20474.json,NotBuggy
4,0.625913679599762,1,0,125.64796447753906,21895.json,NotBuggy
3,0.7042097449302673,1,0,133.59722900390625,22073.json,NotBuggy
4,0.7256754636764526,1,0,125.27178192138672,22989.json,NotBuggy
3,0.9621713757514954,1,0,133.59722900390625,22865.json,NotBuggy
4,0.04182937741279602,1,2,122.44184875488281,6509.json,NotBuggy
3,0.8983809351921082,1,0,133.59722900390625,21795.json,NotBuggy
8,0.039879024028778076,3,4,108.46711730957031,20266.json,NotBuggy
3,0.7693724036216736,1,0,133.59722900390625,22771.json,NotBuggy
3,0.5980063080787659,1,0,131.28770446777344,10538.json,NotBuggy
3,0.9346576929092407,1,0,133.59722900390625,5660.json,NotBuggy
3,0.467617392539978,1,1,130.05470275878906,9507.json,NotBuggy
3,0.005401889327913523,1,2,127.76728820800781,3453.json,NotBuggy
3,0.7634681463241577,1,0,130.85629272460938,1150.json,NotBuggy
3,0.8794088959693909,1,0,131.91592407226562,11238.json,NotBuggy
3,0.9009784460067749,1,0,133.59722900390625,14949.json,NotBuggy
4,0.4886346757411957,1,0,125.64796447753906,18160.json,NotBuggy
3,0.3937174677848816,1,0,131.03103637695312,14028.json,NotBuggy
3,0.7782541513442993,1,0,131.9385528564453,1051.json,NotBuggy
4,0.0017390913562849164,1,4,121.0166244506836,2635.json,NotBuggy
4,0.731308102607727,1,1,125.41301727294922,3055.json,NotBuggy
31,0.0,8,18,76.4788818359375,14189.json,Buggy
6,9.771158220246434E-4,3,4,112.5666732788086,1813.json,NotBuggy
3,0.02604307048022747,1,2,127.42049407958984,12387.json,NotBuggy
3,0.8983809351921082,1,0,133.59722900390625,21337.json,NotBuggy
5,0.011465663090348244,2,5,117.04638671875,5699.json,NotBuggy
3,0.26709815859794617,1,2,128.3351287841797,12604.json,NotBuggy
3,0.8912534713745117,1,0,133.59722900390625,10471.json,NotBuggy
4,0.5193794369697571,1,2,125.52845764160156,6051.json,NotBuggy
3,0.9381090402603149,1,0,133.59722900390625,23571.json,NotBuggy
4,0.7117648720741272,1,0,125.64796447753906,23079.json,NotBuggy
9,0.4432848393917084,2,3,105.50943756103516,8314.json,NotBuggy
4,0.5935518145561218,1,0,125.64796447753906,3901.json,NotBuggy
4,0.5016545057296753,1,0,124.58238983154297,3957.json,NotBuggy
4,0.4859175980091095,1,0,125.64796447753906,21806.json,NotBuggy
4,0.4193715751171112,1,0,124.58238983154297,23534.json,NotBuggy
3,0.07415185123682022,1,1,128.92515563964844,5331.json,NotBuggy
4,0.07196561247110367,1,1,124.1488037109375,19706.json,NotBuggy
6,0.0783611461520195,1,3,115.35547637939453,19513.json,Buggy
5,0.3479205071926117,1,1,120.3299331665039,6194.json,NotBuggy
3,0.9294750690460205,1,0,133.59722900390625,7023.json,NotBuggy
3,0.8537255525588989,1,0,133.59722900390625,21725.json,NotBuggy
3,0.925599992275238,1,0,133.59722900390625,4957.json,NotBuggy
3,0.401393860578537,1,1,130.18594360351562,4769.json,NotBuggy
3,0.10881473124027252,1,1,129.2428436279297,15037.json,NotBuggy
3,0.831972599029541,1,0,133.59722900390625,20087.json,NotBuggy
3,0.7401793599128723,1,0,131.28770446777344,18384.json,NotBuggy
7,0.0011728624813258648,1,6,110.13679504394531,17981.json,NotBuggy
3,0.0,1,1,128.70916748046875,19003.json,NotBuggy
3,0.014449535869061947,1,4,127.02415466308594,2801.json,NotBuggy
3,0.9346750378608704,1,0,133.59722900390625,8448.json,NotBuggy
18,0.0,1,1,93.27580261230469,20020.json,NotBuggy
3,0.546362578868866,1,1,131.75106811523438,5937.json,NotBuggy
3,0.6694389581680298,1,1,132.25152587890625,20058.json,NotBuggy
14,0.0,4,19,90.98883819580078,8872.json,NotBuggy
4,0.6617034077644348,1,0,125.27178192138672,20902.json,NotBuggy
3,0.8171843886375427,1,0,131.9385528564453,5149.json,NotBuggy
3,0.6614851355552673,1,0,133.59722900390625,22702.json,NotBuggy
3,0.9294750690460205,1,0,133.59722900390625,22387.json,NotBuggy
8,0.074036605656147,2,5,107.5079574584961,20166.json,NotBuggy
4,0.843995213508606,1,0,125.5254898071289,7810.json,NotBuggy
3,0.4115963578224182,1,1,131.9385528564453,19955.json,NotBuggy
3,0.09182120859622955,1,2,126.71056365966797,7155.json,NotBuggy
3,0.6501836180686951,1,0,131.91592407226562,7951.json,NotBuggy
3,0.6920579075813293,1,0,133.59722900390625,10598.json,NotBuggy
3,0.07000335305929184,1,3,129.2378692626953,17601.json,NotBuggy
3,0.42615267634391785,1,1,130.30841064453125,12392.json,NotBuggy
7,0.34775403141975403,2,1,111.17379760742188,1109.json,NotBuggy
4,0.6065338850021362,1,1,124.48601531982422,16375.json,NotBuggy
7,0.016576306894421577,1,5,112.77066802978516,18140.json,NotBuggy
20,4.00392193114385E-4,7,22,84.8825454711914,17636.json,NotBuggy
3,0.37262359261512756,1,0,130.57513427734375,95.json,NotBuggy
3,0.6612904667854309,1,0,133.59722900390625,120.json,NotBuggy
7,0.8185737729072571,2,0,112.32101440429688,1127.json,NotBuggy
4,0.6536984443664551,1,1,124.48601531982422,15733.json,NotBuggy
3,0.8189057111740112,1,0,133.59722900390625,22887.json,NotBuggy
4,0.6006459593772888,1,0,125.64796447753906,19337.json,NotBuggy
5,0.7178240418434143,1,3,121.18380737304688,17408.json,NotBuggy
3,0.7212031483650208,1,1,132.25152587890625,13991.json,NotBuggy
4,0.606551468372345,1,0,125.64796447753906,22331.json,NotBuggy
4,0.7119079828262329,1,0,125.27178192138672,22173.json,NotBuggy
3,0.7693724036216736,1,0,133.59722900390625,22819.json,NotBuggy
3,0.7338250279426575,1,2,129.81976318359375,3802.json,NotBuggy
3,0.90879225730896,1,0,133.59722900390625,16103.json,NotBuggy
3,0.7911027073860168,1,0,134.26058959960938,5120.json,NotBuggy
3,0.7669491171836853,1,0,133.59722900390625,18411.json,NotBuggy
4,0.4859175980091095,1,0,125.64796447753906,4671.json,NotBuggy
4,0.5533046722412109,1,0,125.64796447753906,19551.json,NotBuggy
9,0.0812632292509079,2,5,106.55463409423828,3027.json,NotBuggy
4,0.623573899269104,1,0,125.64796447753906,22080.json,NotBuggy
15,0.009259533137083054,4,5,94.67790222167969,18838.json,NotBuggy
3,0.45699262619018555,1,2,131.75106811523438,8240.json,NotBuggy
4,0.4859175980091095,1,0,125.64796447753906,3197.json,NotBuggy
3,0.7811756134033203,1,0,133.59722900390625,10322.json,NotBuggy
20,5.98201819229871E-4,3,13,87.27275848388672,4344.json,NotBuggy
3,0.9554144740104675,1,0,129.7158966064453,16711.json,NotBuggy
3,0.614356517791748,1,1,131.75106811523438,5858.json,NotBuggy
3,0.2825459837913513,1,2,129.69032287597656,12849.json,NotBuggy
4,0.8738048076629639,1,0,125.5254898071289,18351.json,NotBuggy
4,0.39298194646835327,1,0,125.64796447753906,21672.json,NotBuggy
14,1.7091054178308696E-4,1,17,94.472412109375,2481.json,NotBuggy
8,0.21177799999713898,2,5,108.0998306274414,44.json,NotBuggy
4,0.1505841761827469,1,1,123.96263122558594,19205.json,NotBuggy
4,0.6502766013145447,1,0,125.64796447753906,10480.json,NotBuggy
4,0.4974503815174103,1,0,125.64796447753906,12620.json,NotBuggy
3,0.3376464247703552,1,1,130.7338104248047,14365.json,NotBuggy
3,0.8152434825897217,1,0,133.59722900390625,22678.json,NotBuggy
3,0.5445436239242554,1,0,128.22288513183594,16952.json,NotBuggy
3,0.5905125141143799,1,0,131.9385528564453,4367.json,NotBuggy
6,0.0050443061627447605,3,9,111.20760345458984,16163.json,NotBuggy
6,0.0062559074722230434,1,5,113.78408813476562,13982.json,NotBuggy
7,0.037213392555713654,1,4,110.04309844970703,2566.json,NotBuggy
4,0.4517636001110077,1,0,125.64796447753906,17176.json,NotBuggy
3,0.7188014984130859,1,0,133.59722900390625,18036.json,NotBuggy
4,0.5622464418411255,1,0,125.64796447753906,10581.json,NotBuggy
4,0.6889839172363281,1,0,124.1749038696289,9107.json,NotBuggy
6,0.5511566996574402,2,1,115.25157928466797,767.json,NotBuggy
6,0.34593942761421204,1,3,116.04021453857422,10367.json,NotBuggy
4,0.7643980979919434,1,0,125.64796447753906,12852.json,NotBuggy
3,0.511796236038208,1,1,129.93223571777344,12569.json,NotBuggy
4,0.13143359124660492,1,6,121.47811889648438,8718.json,NotBuggy
3,0.8763893246650696,1,0,131.9385528564453,2714.json,NotBuggy
3,0.9227803349494934,1,0,133.59722900390625,8994.json,NotBuggy
3,0.8537255525588989,1,0,133.59722900390625,21685.json,NotBuggy
3,0.9294750690460205,1,0,133.59722900390625,13851.json,NotBuggy
3,0.8828085660934448,1,0,133.59722900390625,481.json,NotBuggy
3,0.775612473487854,1,0,132.4454345703125,9925.json,NotBuggy
12,0.0,1,23,95.23787689208984,5052.json,NotBuggy
3,0.7936847805976868,1,0,133.59722900390625,2789.json,NotBuggy
2,0.9139416217803955,1,0,140.82913208007812,1239.json,NotBuggy
3,0.40444356203079224,1,1,130.30841064453125,11052.json,NotBuggy
3,0.8519220948219299,1,0,131.91592407226562,6398.json,NotBuggy
4,0.5937210917472839,1,0,125.64796447753906,22392.json,NotBuggy
22,0.06590624898672104,5,10,86.44373321533203,6757.json,NotBuggy
4,0.6292893290519714,1,0,125.64796447753906,21218.json,NotBuggy
4,0.3949650228023529,2,2,122.87683868408203,19881.json,NotBuggy
3,0.8537255525588989,1,0,133.59722900390625,21809.json,NotBuggy
5,0.37538665533065796,2,2,119.9036865234375,14493.json,NotBuggy
3,0.8681479096412659,1,1,131.60296630859375,15694.json,NotBuggy
3,0.006458980962634087,1,3,127.51214599609375,5625.json,NotBuggy
3,0.7096803784370422,1,0,131.9385528564453,21050.json,NotBuggy
3,0.26811784505844116,1,0,131.28770446777344,12342.json,NotBuggy
4,0.621963620185852,1,0,125.27178192138672,5109.json,NotBuggy
3,0.9476040005683899,1,0,133.59722900390625,3765.json,NotBuggy
4,0.13041001558303833,1,3,121.02215576171875,12605.json,NotBuggy
3,0.3493717908859253,1,2,128.3351287841797,12492.json,NotBuggy
3,0.7731448411941528,1,0,133.59722900390625,19952.json,NotBuggy
10,0.061928920447826385,4,2,103.620361328125,14507.json,NotBuggy
3,0.5530579686164856,1,0,131.9385528564453,18332.json,NotBuggy
4,0.013962357304990292,1,5,120.95364379882812,13381.json,NotBuggy
20,0.0,4,24,84.49861145019531,2321.json,NotBuggy
5,0.4839909076690674,1,3,120.23355865478516,22465.json,NotBuggy
3,0.7972366809844971,1,0,133.59722900390625,21880.json,NotBuggy
7,1.802831538952887E-4,3,11,107.87606811523438,14505.json,Buggy
3,0.936884880065918,1,0,133.59722900390625,3211.json,NotBuggy
3,0.37407511472702026,1,0,131.91592407226562,3296.json,NotBuggy
3,0.0,1,6,125.18699645996094,20491.json,NotBuggy
9,0.02259647287428379,2,13,104.29249572753906,20618.json,Buggy
3,0.08758789300918579,1,4,127.43789672851562,15224.json,NotBuggy
3,0.6191012859344482,1,0,131.28770446777344,1046.json,NotBuggy
8,0.02371721900999546,1,8,108.78804016113281,4440.json,NotBuggy
3,0.6920527815818787,1,0,131.28770446777344,827.json,NotBuggy
5,0.5422212481498718,1,2,119.2291259765625,18083.json,NotBuggy
5,0.03413372486829758,1,4,115.68251037597656,8667.json,NotBuggy
3,0.6242420077323914,1,0,130.57513427734375,18927.json,NotBuggy
3,0.8087215423583984,1,0,133.59722900390625,16195.json,NotBuggy
3,0.8965196013450623,1,0,133.59722900390625,23499.json,NotBuggy
3,0.9437941908836365,1,0,133.59722900390625,9645.json,NotBuggy
3,0.7693724036216736,1,0,133.59722900390625,22751.json,NotBuggy
3,0.5998548865318298,1,0,131.28770446777344,11022.json,NotBuggy
3,0.7320783138275146,1,2,130.18594360351562,16613.json,NotBuggy
12,0.002689455635845661,4,6,98.32501220703125,19951.json,NotBuggy
3,0.7300571203231812,1,0,133.59722900390625,12594.json,NotBuggy
4,0.5760636925697327,1,0,125.27178192138672,11484.json,NotBuggy
4,0.606551468372345,1,0,125.64796447753906,21168.json,NotBuggy
4,0.7119079828262329,1,0,125.27178192138672,4970.json,NotBuggy
3,0.8612320423126221,1,0,130.70933532714844,18852.json,NotBuggy
3,0.014847546815872192,1,5,127.50450134277344,16843.json,NotBuggy
4,0.8019937872886658,2,2,122.21184539794922,18089.json,NotBuggy
8,0.35374975204467773,2,4,108.613037109375,15928.json,NotBuggy
3,0.7602279186248779,1,1,130.99049377441406,17196.json,NotBuggy
7,0.07559109479188919,2,5,110.04951477050781,14340.json,NotBuggy
3,0.8152434825897217,1,0,133.59722900390625,22817.json,NotBuggy
12,0.0,1,38,95.92283630371094,7777.json,NotBuggy
6,0.16405032575130463,2,1,117.56661224365234,16040.json,NotBuggy
4,0.2851771116256714,1,1,124.05243682861328,11247.json,NotBuggy
3,0.8675491213798523,1,0,133.59722900390625,12471.json,NotBuggy
4,0.805252194404602,1,0,125.5254898071289,7811.json,NotBuggy
3,0.9381090402603149,1,0,133.59722900390625,19491.json,NotBuggy
3,0.9320460557937622,1,0,132.9956512451172,14557.json,NotBuggy
22,0.0018834819784387946,3,9,85.12898254394531,4838.json,Buggy
11,0.046485159546136856,3,7,100.22673797607422,2551.json,NotBuggy
13,0.0,1,18,96.6250991821289,21858.json,NotBuggy
4,0.5199292302131653,1,0,125.64796447753906,13169.json,NotBuggy
3,0.6187730431556702,1,1,130.99049377441406,9367.json,NotBuggy
6,0.7264410257339478,2,2,115.03083801269531,4875.json,NotBuggy
3,0.8828085660934448,1,0,133.59722900390625,11094.json,NotBuggy
3,0.7451337575912476,1,1,131.60296630859375,5007.json,NotBuggy
3,0.9634411931037903,1,0,132.9956512451172,20688.json,NotBuggy
7,0.022604433819651604,1,8,111.8255386352539,3190.json,NotBuggy
4,0.7256754636764526,1,0,125.27178192138672,23127.json,NotBuggy
3,0.3808501064777374,1,1,132.25152587890625,5903.json,NotBuggy
30,1.0703330190153793E-4,2,30,77.41675567626953,4891.json,NotBuggy
13,0.0,5,17,94.77099609375,14503.json,NotBuggy
3,0.5379011631011963,1,2,129.93223571777344,1431.json,NotBuggy
3,0.925599992275238,1,0,133.59722900390625,9176.json,NotBuggy
6,6.83690479490906E-4,2,2,113.57426452636719,359.json,NotBuggy
5,1.959140063263476E-4,1,6,115.15579986572266,2809.json,NotBuggy
4,0.4725574254989624,1,0,125.27178192138672,9267.json,NotBuggy
18,0.002566352253779769,3,14,90.10957336425781,5701.json,NotBuggy
3,0.788870096206665,1,0,130.70933532714844,7089.json,NotBuggy
4,0.7256754636764526,1,0,125.27178192138672,11296.json,NotBuggy
22,0.0306243933737278,7,3,86.551025390625,1066.json,NotBuggy
3,5.226862849667668E-4,1,3,128.712890625,16719.json,NotBuggy
3,0.8853198885917664,1,0,133.59722900390625,22767.json,NotBuggy
3,0.898770809173584,1,0,133.59722900390625,485.json,NotBuggy
5,0.2047405242919922,1,4,117.93550109863281,21016.json,NotBuggy
3,0.9038982391357422,1,0,133.59722900390625,11015.json,NotBuggy
3,0.8555160164833069,1,0,133.59722900390625,11552.json,NotBuggy
8,0.179421067237854,2,4,108.18831634521484,13424.json,NotBuggy
6,0.008976313285529613,2,6,113.64437103271484,2869.json,NotBuggy
4,0.662977933883667,1,0,125.64796447753906,10274.json,NotBuggy
3,0.8853198885917664,1,0,133.59722900390625,22827.json,NotBuggy
3,0.988135814666748,1,0,129.58164978027344,17069.json,NotBuggy
5,0.009736818261444569,1,2,118.92190551757812,13823.json,NotBuggy
12,0.0055108824744820595,1,14,98.80830383300781,3257.json,NotBuggy
3,0.8763893246650696,1,0,131.9385528564453,23186.json,NotBuggy
3,0.1647692769765854,1,2,129.2428436279297,3587.json,NotBuggy
3,0.9621713757514954,1,0,133.59722900390625,22761.json,NotBuggy
4,0.5932446718215942,1,2,125.15930938720703,19923.json,NotBuggy
3,0.886161744594574,1,0,132.4454345703125,19173.json,NotBuggy
6,0.026716936379671097,2,2,113.22821807861328,7219.json,NotBuggy
14,0.0010999873047694564,2,13,94.66236877441406,3849.json,NotBuggy
2,0.736174464225769,1,0,137.59957885742188,13858.json,NotBuggy
3,0.649011492729187,1,1,130.45266723632812,20519.json,NotBuggy
3,0.8794088959693909,1,0,131.91592407226562,13129.json,NotBuggy
3,0.9446657299995422,1,0,133.59722900390625,6990.json,NotBuggy
3,0.4133913815021515,1,2,129.69032287597656,12116.json,NotBuggy
3,0.9381090402603149,1,0,133.59722900390625,19683.json,NotBuggy
3,0.5752658247947693,1,0,133.59722900390625,18835.json,NotBuggy
3,0.7526711225509644,1,2,130.18594360351562,1730.json,NotBuggy
3,0.8767094016075134,1,0,133.59722900390625,21713.json,NotBuggy
3,0.8537454605102539,1,0,132.9956512451172,16313.json,NotBuggy
21,0.0019290646305307746,4,11,86.67301177978516,124.json,NotBuggy
3,0.9533982276916504,1,0,133.59722900390625,21527.json,NotBuggy
4,0.4859175980091095,1,0,125.64796447753906,4657.json,NotBuggy
3,0.921220064163208,1,0,133.59722900390625,5643.json,NotBuggy
3,0.43882250785827637,1,1,129.93223571777344,12232.json,NotBuggy
3,0.8353855013847351,1,0,133.59722900390625,21513.json,NotBuggy
3,0.6708594560623169,1,1,132.79563903808594,6492.json,NotBuggy
7,3.5493503673933446E-4,2,4,109.35380554199219,6069.json,NotBuggy
6,0.8680171370506287,1,1,117.39641571044922,14019.json,NotBuggy
3,0.9320460557937622,1,0,132.9956512451172,14638.json,NotBuggy
4,0.7044928669929504,1,0,125.27178192138672,23552.json,NotBuggy
7,0.20851920545101166,1,5,111.28950500488281,16467.json,NotBuggy
6,0.01648564264178276,2,5,113.11192321777344,3872.json,NotBuggy
9,3.804219013545662E-4,1,13,104.59398651123047,16487.json,NotBuggy
5,0.6812896132469177,1,1,120.54627227783203,6370.json,NotBuggy
7,7.671461207792163E-4,1,10,108.14397430419922,9195.json,NotBuggy
8,0.01414937898516655,2,7,106.85778045654297,2994.json,NotBuggy
10,0.3322347402572632,2,4,102.71894836425781,20288.json,NotBuggy
6,0.016524778679013252,2,5,113.11192321777344,3871.json,NotBuggy
3,0.10110367834568024,1,0,133.59722900390625,18.json,NotBuggy
4,0.01135189551860094,1,1,122.93054962158203,16867.json,NotBuggy
7,0.027989832684397697,1,4,110.08689880371094,4770.json,NotBuggy
4,0.6018595099449158,1,1,124.48601531982422,13794.json,NotBuggy
3,0.24153302609920502,1,2,129.57785034179688,12916.json,NotBuggy
14,2.19187350012362E-4,3,11,93.6469955444336,9894.json,NotBuggy
4,0.08974425494670868,1,3,121.47811889648438,9237.json,NotBuggy
8,0.02017446979880333,1,8,108.48876953125,21187.json,NotBuggy
3,0.9346268773078918,1,0,131.1535186767578,4858.json,NotBuggy
15,0.0,3,30,91.58717346191406,21844.json,NotBuggy
3,0.9435219764709473,1,0,132.9956512451172,20727.json,NotBuggy
8,0.00253852060995996,1,4,109.36701965332031,6039.json,NotBuggy
26,0.0,5,18,81.35496520996094,9993.json,NotBuggy
4,0.10713710635900497,1,3,123.74861145019531,6493.json,NotBuggy
4,0.3276124596595764,1,0,125.64796447753906,10299.json,NotBuggy
5,0.06097964569926262,1,6,117.53888702392578,6518.json,NotBuggy
6,0.0023447119165211916,2,2,113.96991729736328,4382.json,NotBuggy
9,0.00280553987249732,1,10,105.75060272216797,21294.json,NotBuggy
3,0.08472200483083725,1,1,129.2428436279297,15046.json,NotBuggy
4,0.0367145761847496,1,2,122.3560791015625,16402.json,NotBuggy
3,0.8409727811813354,1,0,133.59722900390625,11818.json,NotBuggy
3,0.9381090402603149,1,0,133.59722900390625,11132.json,NotBuggy
3,0.5718041658401489,1,0,132.9956512451172,8942.json,NotBuggy
6,0.23037968575954437,1,6,114.20042419433594,7994.json,NotBuggy
3,0.546362578868866,1,1,131.75106811523438,5933.json,NotBuggy
3,0.6216880679130554,1,0,129.93223571777344,5040.json,NotBuggy
3,0.9486316442489624,1,0,133.59722900390625,20700.json,NotBuggy
13,0.0013650031760334969,4,13,95.02935791015625,47.json,NotBuggy
5,0.006875443272292614,1,7,115.30602264404297,13649.json,NotBuggy
3,0.7589190602302551,1,0,133.59722900390625,1049.json,NotBuggy
12,0.0,1,16,98.8962631225586,20975.json,NotBuggy
4,0.8628110289573669,1,2,124.1488037109375,18073.json,NotBuggy
3,0.7832996249198914,1,1,132.25152587890625,1315.json,NotBuggy
3,0.755716860294342,1,1,130.45266723632812,14422.json,NotBuggy
18,2.670885296538472E-4,2,19,88.71490478515625,2579.json,NotBuggy
3,0.9346750378608704,1,0,133.59722900390625,1736.json,NotBuggy
10,0.05365503579378128,2,7,102.19924926757812,3639.json,NotBuggy
7,0.21906493604183197,2,3,111.23076629638672,5406.json,NotBuggy
3,0.3927883207798004,1,0,131.28770446777344,12320.json,NotBuggy
32,0.0,5,11,76.98849487304688,16874.json,NotBuggy
3,0.8537255525588989,1,0,133.59722900390625,22350.json,NotBuggy
3,0.8544600009918213,1,0,133.59722900390625,972.json,NotBuggy
8,0.008562698028981686,1,9,106.18881225585938,19776.json,NotBuggy
3,0.9346750378608704,1,0,133.59722900390625,9856.json,NotBuggy
5,0.45573458075523376,1,2,120.74615478515625,20737.json,NotBuggy
3,0.9346750378608704,1,0,133.59722900390625,16000.json,NotBuggy
3,0.8853198885917664,1,0,133.59722900390625,22057.json,NotBuggy
21,0.0030422706622630358,5,12,86.39630126953125,7055.json,NotBuggy
3,0.9558944702148438,1,0,133.59722900390625,22994.json,NotBuggy
3,0.9226217269897461,1,0,134.26058959960938,4773.json,NotBuggy
3,0.6599941253662109,1,0,131.28770446777344,10223.json,NotBuggy
3,0.4677806794643402,1,2,129.69032287597656,10919.json,NotBuggy
8,0.0,2,7,105.00959014892578,3660.json,NotBuggy
10,8.811871521174908E-4,1,6,102.86830139160156,3409.json,NotBuggy
3,0.9153783321380615,1,0,133.59722900390625,14733.json,NotBuggy
3,0.9381090402603149,1,0,133.59722900390625,23148.json,NotBuggy
3,0.7701306939125061,1,1,132.086669921875,8602.json,NotBuggy
4,0.8158302307128906,1,0,125.5254898071289,19580.json,NotBuggy
3,0.034546349197626114,1,2,128.70916748046875,11689.json,NotBuggy
5,0.00240474846214056,1,3,116.91162109375,14931.json,NotBuggy
4,0.623573899269104,1,0,125.64796447753906,23169.json,NotBuggy
19,0.004664870444685221,3,12,88.62857818603516,768.json,NotBuggy
3,0.3307260572910309,1,2,129.37762451171875,4823.json,NotBuggy
4,0.3235010802745819,1,0,125.64796447753906,8455.json,NotBuggy
4,0.8503367900848389,1,0,125.52845764160156,65.json,NotBuggy
8,0.06316067278385162,2,3,107.74124908447266,1326.json,NotBuggy
3,0.8582584857940674,1,0,133.59722900390625,4530.json,NotBuggy
3,0.7626618146896362,1,0,133.59722900390625,12329.json,NotBuggy
15,0.03165159374475479,7,0,94.81722259521484,13736.json,NotBuggy
3,0.925599992275238,1,0,133.59722900390625,22813.json,NotBuggy
3,0.013226578012108803,1,0,128.0337677001953,7179.json,NotBuggy
3,0.803116500377655,1,0,133.59722900390625,4485.json,NotBuggy
3,0.9320460557937622,1,0,132.9956512451172,14350.json,NotBuggy
3,0.7141339182853699,1,1,131.43582153320312,1772.json,NotBuggy
3,0.6823559999465942,1,1,130.236328125,6413.json,NotBuggy
20,3.1267033773474395E-4,5,18,86.03467559814453,20595.json,NotBuggy
12,0.005650396458804607,1,5,97.71064758300781,12764.json,NotBuggy
3,0.8152434825897217,1,0,133.59722900390625,21304.json,NotBuggy
20,0.0027915965765714645,4,5,87.35213470458984,18904.json,NotBuggy
4,0.8713417053222656,1,0,124.91740417480469,12486.json,NotBuggy
5,0.10433591157197952,2,3,116.22709655761719,4927.json,NotBuggy
3,0.5937595963478088,1,0,133.59722900390625,23607.json,NotBuggy
3,0.542396605014801,1,1,132.25152587890625,7830.json,NotBuggy
3,0.8537255525588989,1,0,133.59722900390625,21721.json,NotBuggy
6,0.20744487643241882,1,4,116.36201477050781,5117.json,NotBuggy
3,0.8537255525588989,1,0,133.59722900390625,1028.json,NotBuggy
3,0.24419377744197845,1,2,129.34671020507812,16374.json,NotBuggy
4,0.7648202776908875,1,0,125.64796447753906,23101.json,NotBuggy
3,0.2910487949848175,1,1,128.8092498779297,449.json,NotBuggy
3,0.8721758723258972,1,1,131.75106811523438,13716.json,NotBuggy
3,0.9165305495262146,1,0,133.59722900390625,10623.json,NotBuggy
3,0.7392309904098511,1,1,132.25152587890625,15756.json,NotBuggy
3,0.9199551939964294,1,0,134.26058959960938,3650.json,NotBuggy
43,0.0,11,37,67.79833221435547,2503.json,NotBuggy
3,0.008984679356217384,1,3,129.58164978027344,8836.json,NotBuggy
3,0.6933736801147461,1,0,131.9385528564453,14900.json,NotBuggy
3,0.8682249188423157,1,0,133.59722900390625,17582.json,NotBuggy
4,0.6039813756942749,1,0,125.27178192138672,22141.json,NotBuggy
4,0.33543410897254944,1,0,126.19583892822266,17648.json,NotBuggy
4,0.6452637314796448,1,0,125.27178192138672,10364.json,NotBuggy
7,0.1276269108057022,1,4,111.18028259277344,11221.json,NotBuggy
3,0.8979276418685913,1,0,132.4454345703125,899.json,NotBuggy
3,0.9381090402603149,1,0,133.59722900390625,17512.json,NotBuggy
10,0.0,2,10,98.87611389160156,16239.json,NotBuggy
4,0.4967324435710907,1,2,125.02987670898438,10079.json,NotBuggy
3,0.4442391097545624,1,1,131.43582153320312,5907.json,NotBuggy
3,0.8788079023361206,1,0,133.59722900390625,8828.json,NotBuggy
3,0.8853198885917664,1,0,133.59722900390625,12178.json,NotBuggy
3,0.006538622546941042,1,2,127.42049407958984,10161.json,NotBuggy
16,0.2702823579311371,3,4,93.18721771240234,18846.json,NotBuggy
3,0.8983809351921082,1,0,133.59722900390625,22649.json,NotBuggy
4,0.7651572823524475,2,2,122.21184539794922,8071.json,NotBuggy
4,0.7119079828262329,1,0,125.27178192138672,22991.json,NotBuggy
7,0.03125135973095894,1,12,109.81072998046875,15930.json,NotBuggy
3,0.2382749766111374,1,1,130.7338104248047,12034.json,NotBuggy
7,0.7472590804100037,2,3,110.78609466552734,1904.json,Buggy
3,0.8991098403930664,1,0,133.59722900390625,11136.json,NotBuggy
3,0.8814632296562195,1,0,133.59722900390625,9744.json,NotBuggy
9,0.5042746663093567,2,3,105.34918212890625,14240.json,NotBuggy
12,0.006383671425282955,2,7,99.69051361083984,5668.json,NotBuggy
3,0.8537255525588989,1,0,133.59722900390625,12596.json,NotBuggy
11,0.027534890919923782,3,4,101.25546264648438,14833.json,NotBuggy
7,0.10899896919727325,2,5,110.7552719116211,5218.json,NotBuggy
3,0.07898776978254318,1,2,128.712890625,5214.json,NotBuggy
4,0.6386594176292419,1,0,127.94984436035156,16619.json,Buggy
3,0.8788789510726929,1,0,133.59722900390625,12323.json,NotBuggy
3,0.8853198885917664,1,0,133.59722900390625,22949.json,NotBuggy
3,0.29406869411468506,1,2,129.69032287597656,12689.json,NotBuggy
10,0.0014617416309192777,1,9,102.97288513183594,6393.json,NotBuggy
3,0.9503944516181946,1,0,133.59722900390625,8709.json,NotBuggy
3,0.6709057688713074,1,0,132.4454345703125,13279.json,NotBuggy
20,0.0,2,27,85.676025390625,5622.json,NotBuggy
3,0.7693724036216736,1,0,133.59722900390625,22793.json,NotBuggy
4,0.6768307089805603,1,0,126.04888916015625,16568.json,NotBuggy
3,0.832577645778656,1,0,133.59722900390625,17826.json,NotBuggy
3,0.9282410740852356,1,0,133.59722900390625,3019.json,NotBuggy
13,0.08000483363866806,1,9,99.676513671875,3996.json,NotBuggy
4,0.6988435983657837,1,0,125.27178192138672,22673.json,NotBuggy
7,0.010701470077037811,1,6,109.16081237792969,5451.json,NotBuggy
2,0.9977049231529236,1,0,142.4026641845703,4189.json,NotBuggy
3,0.6235760450363159,1,1,131.60296630859375,12032.json,NotBuggy
4,0.18862459063529968,1,2,123.28064727783203,5980.json,NotBuggy
3,0.08297627419233322,1,3,128.1235809326172,4756.json,NotBuggy
6,0.48588529229164124,2,2,114.96073150634766,5598.json,NotBuggy
4,0.5546274781227112,1,0,125.64796447753906,16303.json,NotBuggy
11,0.00997109804302454,1,5,100.67857360839844,14183.json,NotBuggy
6,0.1287824809551239,1,3,116.62230682373047,18295.json,NotBuggy
7,0.30299562215805054,2,3,110.0542984008789,1666.json,NotBuggy
8,6.535645225085318E-4,2,7,106.36874389648438,14179.json,NotBuggy
3,0.884536862373352,1,2,129.2428436279297,3487.json,NotBuggy
3,0.7178653478622437,1,1,131.75106811523438,8042.json,NotBuggy
22,0.00149917125236243,5,19,84.74903106689453,14104.json,NotBuggy
3,0.8087215423583984,1,0,133.59722900390625,18214.json,NotBuggy
3,0.017987322062253952,1,2,126.28292083740234,6390.json,NotBuggy
12,0.04588992893695831,3,8,98.94037628173828,7206.json,NotBuggy
5,0.19791702926158905,1,1,118.98002624511719,12516.json,NotBuggy
12,0.6118507981300354,3,2,100.02534484863281,1054.json,NotBuggy
4,0.4142889380455017,1,0,124.58238983154297,6744.json,NotBuggy
8,0.4722888469696045,2,4,109.88406372070312,6763.json,NotBuggy
3,0.8099141120910645,1,2,131.75106811523438,12226.json,NotBuggy
6,0.00891078170388937,1,4,113.69478607177734,6220.json,NotBuggy
23,0.0,4,27,83.8836669921875,4347.json,NotBuggy
3,0.14019793272018433,1,3,128.712890625,6765.json,NotBuggy
3,0.7747441530227661,1,0,131.9385528564453,23533.json,NotBuggy
4,0.625913679599762,1,0,125.64796447753906,21670.json,NotBuggy
3,0.8114331364631653,1,1,131.60296630859375,16255.json,NotBuggy
3,0.41127875447273254,1,1,129.37762451171875,4871.json,NotBuggy
2,0.9988059401512146,1,0,142.4026641845703,19956.json,NotBuggy
3,0.9558944702148438,1,0,133.59722900390625,21018.json,NotBuggy
23,0.007038683630526066,2,18,84.24992370605469,2489.json,NotBuggy
3,0.28052085638046265,1,1,130.45266723632812,15921.json,NotBuggy
3,0.8152434825897217,1,0,133.59722900390625,22957.json,NotBuggy
3,0.011301425285637379,1,3,129.58164978027344,8835.json,NotBuggy
3,0.20103853940963745,1,1,129.37762451171875,9505.json,NotBuggy
6,0.26131513714790344,1,3,116.36201477050781,20711.json,NotBuggy
4,0.4859175980091095,1,0,125.64796447753906,21782.json,NotBuggy
8,6.785141304135323E-4,3,8,106.5818099975586,5442.json,NotBuggy
7,0.7446817755699158,2,1,112.9860610961914,634.json,NotBuggy
2,0.9960320591926575,1,0,140.82913208007812,828.json,NotBuggy
18,0.0,1,29,88.56965637207031,17112.json,NotBuggy
7,0.042371902614831924,2,3,110.67108917236328,3366.json,NotBuggy
4,0.7106652855873108,1,0,125.64796447753906,11839.json,NotBuggy
3,0.9691274166107178,1,0,133.59722900390625,14983.json,NotBuggy
3,0.002459341660141945,1,4,127.01653289794922,11214.json,NotBuggy
9,0.1003572940826416,3,4,104.96511840820312,20010.json,NotBuggy
4,0.7119079828262329,1,0,125.27178192138672,23341.json,NotBuggy
3,0.07219690829515457,1,2,127.51214599609375,10705.json,NotBuggy
3,0.801215648651123,1,0,133.59722900390625,11802.json,NotBuggy
3,0.8403804898262024,1,0,133.59722900390625,3007.json,NotBuggy
3,0.9165305495262146,1,0,133.59722900390625,8.json,NotBuggy
3,0.013330807909369469,1,2,128.712890625,1064.json,NotBuggy
3,0.811374306678772,1,0,133.59722900390625,11251.json,NotBuggy
10,0.0015748575096949935,3,9,101.49334716796875,6585.json,NotBuggy
3,0.6907506585121155,1,0,133.59722900390625,23406.json,NotBuggy
10,4.3529042159207165E-4,1,13,101.05972290039062,14589.json,NotBuggy
3,0.6819671392440796,1,1,132.25152587890625,1135.json,NotBuggy
26,0.0010552621679380536,8,22,79.61315155029297,18314.json,NotBuggy
3,0.20830987393856049,1,1,132.25152587890625,16417.json,NotBuggy
3,0.7281681299209595,1,1,130.99049377441406,19497.json,NotBuggy
10,0.014353228732943535,3,12,100.49420166015625,14467.json,NotBuggy
4,0.7827232480049133,1,0,125.64796447753906,22504.json,NotBuggy
5,0.2138671875,1,1,120.03731536865234,10856.json,NotBuggy
3,0.38825470209121704,1,0,133.59722900390625,18141.json,NotBuggy
9,0.04127051308751106,3,3,104.35145568847656,1644.json,NotBuggy
5,5.711903213523328E-4,2,6,114.67469024658203,5175.json,NotBuggy
4,0.623573899269104,1,0,125.64796447753906,23205.json,NotBuggy
5,0.5950003862380981,1,1,122.4339599609375,4157.json,NotBuggy
16,0.006798881571739912,3,11,92.32718658447266,9317.json,NotBuggy
10,7.5344811193645E-4,1,13,101.97071075439453,3312.json,NotBuggy
3,0.05172969028353691,1,2,128.1235809326172,12773.json,NotBuggy
7,0.02558986097574234,2,3,109.9588851928711,1754.json,NotBuggy
3,0.6292929649353027,1,1,131.60296630859375,1129.json,NotBuggy
12,0.027598878368735313,3,8,98.13003540039062,16756.json,NotBuggy
3,0.6715021729469299,1,0,131.28770446777344,495.json,NotBuggy
5,0.8102580904960632,1,2,121.08496856689453,13771.json,NotBuggy
3,0.14547663927078247,1,1,129.9696044921875,15242.json,NotBuggy
3,0.7788476347923279,1,1,130.57513427734375,1488.json,NotBuggy
4,0.4374768137931824,1,0,125.27178192138672,11566.json,NotBuggy
3,0.8218858242034912,1,0,133.59722900390625,10824.json,NotBuggy
7,0.14909012615680695,2,0,113.2231674194336,1390.json,NotBuggy
3,0.8537255525588989,1,0,133.59722900390625,14690.json,NotBuggy
3,0.8359728455543518,1,0,133.59722900390625,22300.json,NotBuggy
4,0.09965798258781433,1,2,122.14535522460938,10246.json,NotBuggy
4,0.879089891910553,1,0,125.64796447753906,22402.json,NotBuggy
4,0.7256754636764526,1,0,125.27178192138672,22920.json,NotBuggy
4,0.4979834258556366,1,2,126.33003997802734,14913.json,NotBuggy
3,0.003075146581977606,1,2,128.3351287841797,12270.json,NotBuggy
8,0.5287781953811646,2,3,109.30997467041016,8753.json,NotBuggy
15,0.0,1,14,94.38423156738281,8350.json,NotBuggy
17,3.1250895699486136E-4,4,16,89.0508041381836,14469.json,NotBuggy
3,0.7048301100730896,1,1,132.25152587890625,8954.json,NotBuggy
3,0.9153783321380615,1,0,133.59722900390625,20901.json,NotBuggy
3,0.03879345580935478,1,2,129.0215301513672,71.json,NotBuggy
3,0.7443475723266602,1,0,131.28770446777344,8944.json,NotBuggy
4,0.590962827205658,1,1,123.8484878540039,13595.json,NotBuggy
3,0.9060057401657104,1,0,133.59722900390625,13107.json,NotBuggy
10,0.005433566402643919,2,4,102.64412689208984,620.json,NotBuggy
8,0.00742028933018446,3,6,105.15117645263672,4386.json,NotBuggy
3,0.8152434825897217,1,0,133.59722900390625,4580.json,NotBuggy
3,0.8152434825897217,1,0,133.59722900390625,21715.json,NotBuggy
3,0.9558944702148438,1,0,133.59722900390625,23318.json,NotBuggy
6,0.009148620069026947,1,3,115.19073486328125,2630.json,NotBuggy
4,0.7432239055633545,1,0,125.27178192138672,16306.json,NotBuggy
5,0.2915016710758209,2,2,119.61820220947266,16059.json,NotBuggy
3,0.9457278847694397,1,0,133.59722900390625,13026.json,NotBuggy
3,0.801215648651123,1,0,133.59722900390625,12577.json,NotBuggy
3,0.4859426021575928,1,1,130.45266723632812,15725.json,NotBuggy
4,0.7462953925132751,1,0,125.64796447753906,9280.json,NotBuggy
11,3.4490536199882627E-4,2,12,99.61743927001953,14461.json,NotBuggy
3,0.8537255525588989,1,0,133.59722900390625,10111.json,NotBuggy
9,0.00629068911075592,3,7,104.73681640625,7873.json,NotBuggy
4,0.6988435983657837,1,0,125.27178192138672,22179.json,NotBuggy
8,0.4049503803253174,3,3,108.60641479492188,12779.json,NotBuggy
3,0.9038982391357422,1,0,133.59722900390625,16552.json,NotBuggy
3,0.013095646165311337,1,3,126.7169418334961,9722.json,NotBuggy
4,0.5466792583465576,1,0,125.64796447753906,10731.json,NotBuggy
8,0.2871280312538147,3,3,108.84556579589844,18870.json,NotBuggy
3,0.8328831791877747,1,0,133.59722900390625,15228.json,NotBuggy
3,0.9596510529518127,1,0,132.9956512451172,16584.json,NotBuggy
3,0.7955824136734009,1,0,133.59722900390625,17995.json,NotBuggy
3,0.16477610170841217,1,3,128.1388702392578,13427.json,NotBuggy
4,0.7256754636764526,1,0,125.27178192138672,4958.json,NotBuggy
5,0.509972095489502,1,2,119.41529846191406,19352.json,NotBuggy
3,0.8537255525588989,1,0,133.59722900390625,21653.json,NotBuggy
2,0.7093778252601624,1,0,137.59957885742188,13707.json,NotBuggy
3,0.9294750690460205,1,0,133.59722900390625,21701.json,NotBuggy
5,0.8931971192359924,1,0,121.07132720947266,13292.json,NotBuggy
7,0.0,3,0,109.11225128173828,15209.json,NotBuggy
3,0.5404261946678162,1,0,133.59722900390625,11931.json,NotBuggy
5,0.025146393105387688,1,1,122.4339599609375,17454.json,NotBuggy
4,0.5967966914176941,1,0,125.27178192138672,21867.json,NotBuggy
3,0.8853198885917664,1,0,133.59722900390625,18284.json,NotBuggy
4,0.48880141973495483,1,0,125.64796447753906,10771.json,NotBuggy
4,0.7119079828262329,1,0,125.27178192138672,4074.json,NotBuggy
3,0.7687385082244873,1,0,131.9385528564453,5001.json,NotBuggy
16,0.0,7,1,92.8558120727539,19790.json,Buggy
4,0.5639936923980713,1,1,124.58238983154297,5375.json,NotBuggy
3,0.027259526774287224,1,5,126.7169418334961,2502.json,NotBuggy
4,0.13614098727703094,1,3,123.01455688476562,11426.json,NotBuggy
5,0.0012073765974491835,2,4,115.55155944824219,4114.json,NotBuggy
4,0.3595866858959198,1,2,125.15930938720703,4913.json,NotBuggy
3,0.47015857696533203,1,1,129.2428436279297,13832.json,NotBuggy
3,0.3313303291797638,1,1,130.99049377441406,6247.json,NotBuggy
13,0.011983542703092098,3,9,95.6852035522461,12229.json,NotBuggy
3,0.8763893246650696,1,0,131.9385528564453,15580.json,NotBuggy
3,0.2026159167289734,1,2,129.81280517578125,16267.json,NotBuggy
14,0.0,3,18,95.06752014160156,4644.json,NotBuggy
3,0.9547010064125061,1,0,132.9956512451172,7181.json,NotBuggy
3,0.9558944702148438,1,0,133.59722900390625,23178.json,NotBuggy
10,0.38516825437545776,1,10,104.17292785644531,5044.json,NotBuggy
3,0.26346907019615173,1,2,129.81280517578125,8016.json,NotBuggy
2,0.9977049231529236,1,0,142.4026641845703,8502.json,NotBuggy
7,0.05300787836313248,2,3,111.80625915527344,7134.json,NotBuggy
3,0.015997527167201042,1,1,128.50894165039062,9355.json,NotBuggy
6,0.26927533745765686,1,2,116.71211242675781,4937.json,NotBuggy
3,0.9317474365234375,1,0,133.59722900390625,1890.json,NotBuggy
5,0.1972479373216629,1,4,119.25020599365234,2354.json,NotBuggy
5,0.015029639936983585,2,3,116.80116271972656,2430.json,NotBuggy
11,0.00392101239413023,2,10,98.23251342773438,2303.json,NotBuggy
3,0.8767094016075134,1,0,133.59722900390625,21169.json,NotBuggy
3,0.012644574977457523,1,1,128.31268310546875,17926.json,NotBuggy
21,0.002193920314311981,7,13,85.43401336669922,20553.json,NotBuggy
5,0.10162536054849625,1,1,118.5140380859375,1298.json,NotBuggy
3,0.8353855013847351,1,0,133.59722900390625,15873.json,NotBuggy
6,2.2766792972106487E-4,1,7,111.79608154296875,2342.json,NotBuggy
4,0.502638578414917,1,0,125.64796447753906,23081.json,NotBuggy
3,0.7889029383659363,1,0,131.9385528564453,18950.json,NotBuggy
2,0.9818103909492493,1,0,140.82913208007812,9193.json,NotBuggy
3,0.13399919867515564,1,2,128.50894165039062,10131.json,NotBuggy
3,0.9173840284347534,1,0,133.59722900390625,1342.json,NotBuggy
18,0.005027735140174627,3,10,88.90312194824219,17936.json,NotBuggy
3,0.8763893246650696,1,0,131.9385528564453,2917.json,NotBuggy
4,0.823269248008728,1,0,125.5254898071289,10580.json,NotBuggy
3,0.5823855996131897,1,0,133.59722900390625,22055.json,NotBuggy
3,0.7212031483650208,1,1,132.25152587890625,15876.json,NotBuggy
3,0.6225265264511108,1,1,131.43582153320312,17130.json,NotBuggy
3,0.9181838035583496,1,0,133.59722900390625,4063.json,NotBuggy
3,0.925599992275238,1,0,133.59722900390625,23248.json,NotBuggy
4,0.7119079828262329,1,0,125.27178192138672,2723.json,NotBuggy
4,9.2104118084535E-4,1,8,118.87312316894531,10338.json,NotBuggy
3,0.8537255525588989,1,0,133.59722900390625,21681.json,NotBuggy
4,0.4742943048477173,1,0,126.19583892822266,19811.json,NotBuggy
3,0.1013660579919815,1,0,133.59722900390625,225.json,NotBuggy
6,8.975102682597935E-4,2,8,111.68331909179688,14475.json,NotBuggy
3,0.8273885846138,1,0,133.59722900390625,11770.json,NotBuggy
3,0.8043912053108215,1,0,131.9385528564453,5101.json,NotBuggy
5,0.01668190211057663,1,2,118.4515609741211,6795.json,NotBuggy
21,0.060566648840904236,7,5,88.42408752441406,771.json,NotBuggy
3,0.9165305495262146,1,0,133.59722900390625,20587.json,NotBuggy
4,0.5499911904335022,1,0,125.27178192138672,12582.json,NotBuggy
4,0.3561820387840271,1,0,125.64796447753906,22906.json,NotBuggy
5,0.8340842723846436,1,2,122.86322021484375,19795.json,NotBuggy
3,0.3011954128742218,1,1,132.25152587890625,17421.json,NotBuggy
15,0.0558982715010643,5,4,94.7818374633789,18853.json,NotBuggy
7,0.8652117848396301,2,1,114.75294494628906,18436.json,NotBuggy
3,0.9383752942085266,1,0,132.9956512451172,20822.json,NotBuggy
11,5.415981286205351E-4,3,11,99.82633209228516,1554.json,NotBuggy
3,0.5691649317741394,1,1,129.81280517578125,6286.json,NotBuggy
6,0.6479339003562927,1,4,116.62230682373047,22377.json,NotBuggy
3,0.8152434825897217,1,0,133.59722900390625,23601.json,NotBuggy
4,0.6072773337364197,1,0,125.64796447753906,19565.json,NotBuggy
9,0.0019400928867980838,1,10,105.60616302490234,22739.json,NotBuggy
4,0.42532312870025635,1,0,125.64796447753906,19698.json,NotBuggy
4,0.7119079828262329,1,0,125.27178192138672,22345.json,NotBuggy
3,0.7520658373832703,1,0,133.59722900390625,9673.json,NotBuggy
7,0.581198513507843,2,2,111.53256225585938,6553.json,NotBuggy
3,2.072907518595457E-4,1,6,125.24687957763672,4888.json,NotBuggy
3,0.5887930989265442,1,1,132.086669921875,17418.json,NotBuggy
3,0.9468187093734741,1,1,132.43687438964844,18902.json,NotBuggy
3,0.7849682569503784,1,1,131.60296630859375,14320.json,NotBuggy
4,0.7119079828262329,1,0,125.27178192138672,23025.json,NotBuggy
3,0.18692919611930847,1,1,129.14646911621094,14321.json,NotBuggy
4,0.015523253008723259,1,2,123.48088836669922,19715.json,NotBuggy
3,0.9166231751441956,1,0,133.59722900390625,10040.json,NotBuggy
3,0.5863845944404602,1,0,134.26058959960938,2111.json,NotBuggy
3,0.8458295464515686,1,0,133.59722900390625,13836.json,NotBuggy
5,0.004699732642620802,1,4,117.40169525146484,10536.json,NotBuggy
7,0.015899620950222015,1,5,110.69306182861328,8397.json,NotBuggy
3,0.6781010627746582,1,1,130.99049377441406,5861.json,NotBuggy
4,0.7920400500297546,1,2,123.8484878540039,6868.json,NotBuggy
3,0.31921863555908203,1,1,130.18594360351562,20864.json,NotBuggy
4,0.501011312007904,1,0,125.64796447753906,23105.json,NotBuggy
4,0.3370789587497711,1,1,124.05243682861328,2912.json,NotBuggy
3,0.8677947521209717,1,0,133.59722900390625,9892.json,NotBuggy
3,0.8304920792579651,2,0,130.9235076904297,14651.json,NotBuggy
3,0.06404446065425873,1,2,129.4591827392578,1231.json,NotBuggy
12,0.016513532027602196,3,6,97.83617401123047,13521.json,NotBuggy
3,0.680118203163147,1,1,130.34019470214844,1634.json,NotBuggy
3,0.08225265145301819,1,1,128.8092498779297,14100.json,NotBuggy
10,1.2945862545166165E-4,2,10,102.47553253173828,17577.json,NotBuggy
3,0.7780125737190247,1,0,131.91592407226562,1093.json,NotBuggy
3,0.7401793599128723,1,0,131.28770446777344,10611.json,NotBuggy
3,0.23708686232566833,1,1,130.85629272460938,6060.json,NotBuggy
15,0.0019339752616360784,3,16,92.73043823242188,6249.json,NotBuggy
3,0.6958874464035034,1,0,128.436279296875,17637.json,NotBuggy
4,8.805444231256843E-4,1,5,120.01993560791016,2671.json,NotBuggy
3,0.4954425096511841,1,0,131.9385528564453,10025.json,NotBuggy
5,0.012112661264836788,1,4,116.91162109375,13614.json,NotBuggy
13,5.725186783820391E-4,3,10,95.15019989013672,8852.json,NotBuggy
3,0.6704766750335693,1,1,132.25152587890625,18851.json,NotBuggy
3,0.06406936049461365,1,3,128.1388702392578,8396.json,NotBuggy
4,0.6413531303405762,1,0,125.27178192138672,23037.json,NotBuggy
3,0.9346750378608704,1,0,133.59722900390625,11023.json,NotBuggy
7,0.0,1,2,114.7100601196289,13500.json,NotBuggy
6,0.628061056137085,1,4,116.36201477050781,21490.json,NotBuggy
7,1.656987878959626E-4,2,7,108.96711730957031,8134.json,NotBuggy
6,0.068899966776371,1,4,116.11042022705078,3999.json,NotBuggy
17,0.001856466056779027,8,9,90.70114135742188,14664.json,NotBuggy
4,0.7119079828262329,1,0,125.27178192138672,4706.json,NotBuggy
10,0.06479952484369278,3,9,102.34036254882812,4031.json,NotBuggy
26,0.014540174044668674,3,19,83.25885772705078,6317.json,NotBuggy
4,0.22645938396453857,1,3,122.85169219970703,10541.json,NotBuggy
3,0.048279017210006714,1,1,129.34671020507812,9366.json,NotBuggy
3,0.45278415083885193,1,2,129.47398376464844,12890.json,NotBuggy
10,7.087263511493802E-4,1,11,101.16722869873047,8699.json,NotBuggy
9,0.2926686406135559,2,4,105.19512176513672,5978.json,Buggy
9,0.12529972195625305,2,5,106.55463409423828,3598.json,NotBuggy
3,0.546362578868866,1,1,131.75106811523438,5914.json,NotBuggy
4,0.24016572535037994,1,3,123.65223693847656,11618.json,NotBuggy
4,0.6213737726211548,1,1,124.48601531982422,16367.json,NotBuggy
6,0.032598741352558136,1,6,113.6697998046875,6519.json,NotBuggy
3,0.8537255525588989,1,0,133.59722900390625,21655.json,NotBuggy
3,7.818093290552497E-4,1,1,127.26738739013672,17133.json,NotBuggy
5,0.4397788643836975,1,1,119.2291259765625,17188.json,NotBuggy
3,0.9457477331161499,1,0,133.59722900390625,19546.json,NotBuggy
3,0.9707642197608948,1,0,132.61029052734375,16873.json,NotBuggy
3,0.3863365054130554,1,2,128.41912841796875,10903.json,NotBuggy
12,0.02676442451775074,3,8,98.13003540039062,16715.json,Buggy
3,0.9425045847892761,1,0,132.9956512451172,20160.json,NotBuggy
4,0.879089891910553,1,0,125.64796447753906,22414.json,NotBuggy
3,0.8372023701667786,1,1,131.9385528564453,5667.json,NotBuggy
2,0.9977049231529236,1,0,142.4026641845703,10492.json,NotBuggy
3,0.6773489117622375,1,0,133.59722900390625,16197.json,NotBuggy
4,0.5621199011802673,2,4,120.48138427734375,5243.json,NotBuggy
6,0.02768387831747532,1,9,113.72686004638672,6261.json,NotBuggy
7,0.012851299718022346,2,2,112.32101440429688,4844.json,NotBuggy
10,0.10829886049032211,2,5,102.87189483642578,6157.json,NotBuggy
3,0.7669491171836853,1,0,133.59722900390625,18406.json,NotBuggy
3,0.8794088959693909,1,0,131.91592407226562,9178.json,NotBuggy
8,0.02859516441822052,2,6,108.15971374511719,8045.json,NotBuggy
7,0.013301078230142593,1,8,111.35248565673828,4163.json,NotBuggy
6,0.002533155493438244,1,8,112.53628540039062,4007.json,NotBuggy
4,0.8541891574859619,1,0,125.5254898071289,18009.json,NotBuggy
3,0.7056117057800293,1,0,132.4454345703125,7243.json,NotBuggy
4,0.8702237606048584,1,0,125.5254898071289,12211.json,NotBuggy
4,0.3900202512741089,1,0,125.64796447753906,9126.json,NotBuggy
4,0.5968576073646545,1,0,125.64796447753906,10727.json,NotBuggy
3,0.16065602004528046,1,0,129.57785034179688,17006.json,NotBuggy
30,0.0010141042293980718,13,9,78.32744598388672,3798.json,NotBuggy
15,2.557160041760653E-4,2,25,91.52913665771484,14376.json,NotBuggy
3,0.8769404292106628,1,0,133.59722900390625,17595.json,NotBuggy
4,0.6075529456138611,1,0,125.64796447753906,9578.json,NotBuggy
3,0.8763893246650696,1,0,131.9385528564453,15576.json,NotBuggy
3,0.4029526710510254,1,0,133.59722900390625,8001.json,NotBuggy
4,0.6355168223381042,1,1,124.81353759765625,15951.json,NotBuggy
4,0.5725067853927612,1,0,125.64796447753906,11909.json,NotBuggy
3,0.7508682012557983,1,0,131.28770446777344,11163.json,NotBuggy
10,0.06440732628107071,2,3,105.69454193115234,15170.json,NotBuggy
3,0.31921863555908203,1,1,130.18594360351562,20862.json,NotBuggy
4,0.4024190902709961,1,0,124.26470947265625,15623.json,NotBuggy
4,0.6224256157875061,1,1,124.48601531982422,16397.json,NotBuggy
4,0.7266837358474731,1,0,125.64796447753906,9715.json,NotBuggy
4,0.7151249647140503,1,0,125.27178192138672,22060.json,NotBuggy
3,0.20976974070072174,1,1,130.99049377441406,18012.json,NotBuggy
20,0.001747766975313425,2,19,86.74173736572266,9051.json,Buggy
4,0.7969650626182556,1,0,125.15930938720703,10584.json,NotBuggy
5,0.23059020936489105,1,5,118.0864028930664,12606.json,NotBuggy
3,0.793246865272522,1,0,133.59722900390625,12015.json,NotBuggy
3,0.9215299487113953,1,0,133.59722900390625,21496.json,NotBuggy
12,0.005510970018804073,3,4,98.62091064453125,20479.json,NotBuggy
4,0.03459693118929863,1,4,121.69290161132812,8019.json,NotBuggy
4,0.29869645833969116,1,0,124.58238983154297,22490.json,NotBuggy
4,0.6988435983657837,1,0,125.27178192138672,20892.json,NotBuggy
4,0.7119079828262329,1,0,125.27178192138672,23221.json,NotBuggy
3,3.5165861481800675E-4,1,2,126.50045013427734,10145.json,NotBuggy
3,0.9280931949615479,1,0,133.59722900390625,2631.json,NotBuggy
3,0.9320460557937622,1,0,132.9956512451172,13750.json,NotBuggy
3,0.8632093667984009,1,0,130.70933532714844,14827.json,NotBuggy
3,0.7166237235069275,1,0,132.4454345703125,19727.json,NotBuggy
9,0.008632364682853222,2,7,104.98204040527344,9156.json,NotBuggy
11,0.010276940651237965,3,6,99.37154388427734,14489.json,NotBuggy
3,0.6631836295127869,1,0,131.91592407226562,7913.json,NotBuggy
3,0.8359728455543518,1,0,133.59722900390625,23418.json,NotBuggy
15,0.04339250922203064,7,3,94.42938232421875,7958.json,NotBuggy
18,0.00343917915597558,2,17,90.29576110839844,14512.json,NotBuggy
3,0.7324844598770142,1,0,133.59722900390625,10998.json,NotBuggy
5,1.2779822282027453E-4,2,2,115.58116149902344,146.json,NotBuggy
4,0.6747313141822815,1,2,124.361083984375,8857.json,NotBuggy
3,0.941373884677887,1,0,133.59722900390625,11556.json,NotBuggy
3,0.785537600517273,1,0,133.59722900390625,17989.json,NotBuggy
4,0.5612213611602783,1,0,125.64796447753906,19553.json,NotBuggy
3,0.22011429071426392,1,2,128.62307739257812,6244.json,NotBuggy
3,0.783658504486084,1,1,132.25152587890625,14200.json,NotBuggy
10,1.5617971075698733E-4,1,14,102.42108154296875,3036.json,NotBuggy
3,0.47157278656959534,1,1,130.07347106933594,15992.json,NotBuggy
4,0.010686107911169529,2,5,119.21434020996094,9158.json,Buggy
4,0.4603380858898163,1,0,125.64796447753906,11555.json,NotBuggy
7,0.012109311297535896,1,5,111.9620132446289,4348.json,NotBuggy
21,0.0010098580969497561,1,13,89.0244369506836,4174.json,NotBuggy
3,0.934410035610199,1,0,133.59722900390625,23436.json,NotBuggy
3,0.6819671392440796,1,1,132.25152587890625,1137.json,NotBuggy
3,0.8579599857330322,1,0,133.59722900390625,9783.json,NotBuggy
4,0.7044928669929504,1,0,125.27178192138672,23355.json,NotBuggy
3,0.8353855013847351,1,0,133.59722900390625,22005.json,NotBuggy
4,0.7119079828262329,1,0,125.27178192138672,2717.json,NotBuggy
3,0.9523852467536926,1,0,133.59722900390625,14005.json,NotBuggy
3,0.03529644384980202,1,2,127.26738739013672,12767.json,NotBuggy
3,0.7860099077224731,1,0,133.59722900390625,1589.json,NotBuggy
4,0.7025190591812134,1,0,125.64796447753906,22384.json,NotBuggy
9,0.01883993297815323,2,7,103.68096923828125,2996.json,NotBuggy
17,0.0,1,26,89.4341049194336,8206.json,NotBuggy
3,0.21960024535655975,1,1,130.85629272460938,4354.json,NotBuggy
4,0.20006640255451202,1,0,125.64796447753906,9749.json,NotBuggy
3,0.9402101635932922,1,0,133.59722900390625,16581.json,NotBuggy
5,0.8987878561019897,1,1,119.86349487304688,1264.json,Buggy
4,0.7151249647140503,1,0,125.27178192138672,23263.json,NotBuggy
3,0.5341992378234863,1,0,131.91592407226562,14739.json,NotBuggy
3,0.03787291422486305,1,1,127.19728088378906,17128.json,NotBuggy
3,0.0,1,1,126.48982238769531,11600.json,NotBuggy
3,0.9563508033752441,1,0,129.7158966064453,16757.json,NotBuggy
3,0.5295370817184448,1,1,132.79563903808594,5355.json,NotBuggy
3,0.9038982391357422,1,0,133.59722900390625,10834.json,NotBuggy
4,0.4859175980091095,1,0,125.64796447753906,21031.json,NotBuggy
3,0.0014103824505582452,1,5,125.74249267578125,20475.json,NotBuggy
4,0.08902404457330704,1,6,120.76844787597656,4390.json,NotBuggy
3,0.39653363823890686,1,1,130.7338104248047,134.json,NotBuggy
3,0.47178414463996887,1,1,129.93223571777344,10202.json,NotBuggy
5,0.006395051721483469,1,6,116.91962432861328,14552.json,NotBuggy
3,0.9621713757514954,1,0,133.59722900390625,22403.json,NotBuggy
3,0.011345584876835346,1,2,128.22288513183594,4438.json,NotBuggy
3,0.7048301100730896,1,1,132.25152587890625,8227.json,NotBuggy
4,0.4859175980091095,1,0,125.64796447753906,23019.json,NotBuggy
4,0.7499582767486572,1,0,125.64796447753906,11133.json,NotBuggy
6,0.2591400444507599,2,2,115.72040557861328,2088.json,NotBuggy
3,0.011684232391417027,1,2,127.34163665771484,12940.json,NotBuggy
11,1.852824934758246E-4,1,21,98.50305938720703,7784.json,NotBuggy
3,0.9189645051956177,1,1,132.9956512451172,8597.json,NotBuggy
6,0.4741618037223816,2,1,116.30582427978516,16030.json,NotBuggy
3,0.8537255525588989,1,0,133.59722900390625,10318.json,NotBuggy
3,0.8353855013847351,1,0,133.59722900390625,23208.json,NotBuggy
5,0.0038239576388150454,2,6,116.87085723876953,20801.json,NotBuggy
3,0.6878052353858948,1,1,132.25152587890625,20867.json,NotBuggy
10,0.006372543983161449,2,11,101.12391662597656,9503.json,NotBuggy
4,0.6297064423561096,1,0,125.64796447753906,10793.json,NotBuggy
6,0.016720298677682877,1,4,112.39840698242188,9923.json,NotBuggy
4,0.4859175980091095,1,0,125.64796447753906,21814.json,NotBuggy
11,0.16299067437648773,3,4,101.67168426513672,1797.json,NotBuggy
3,0.7279387712478638,1,1,130.85629272460938,20071.json,NotBuggy
3,0.8463761806488037,1,0,133.59722900390625,22843.json,NotBuggy
16,0.07101764529943466,4,12,94.18499755859375,16795.json,Buggy
4,0.7119079828262329,1,0,125.27178192138672,2683.json,NotBuggy
4,0.7119079828262329,1,0,125.27178192138672,2192.json,NotBuggy
3,0.9320460557937622,1,0,132.9956512451172,14445.json,NotBuggy
4,0.606551468372345,1,0,125.64796447753906,3107.json,NotBuggy
3,0.10586044937372208,1,2,129.12539672851562,6797.json,NotBuggy
3,0.21061518788337708,1,0,133.59722900390625,1620.json,NotBuggy
5,0.8064820766448975,1,2,120.03731536865234,19054.json,NotBuggy
14,0.0928870141506195,7,1,95.45689392089844,7855.json,NotBuggy
4,0.7151249647140503,1,0,125.27178192138672,22118.json,NotBuggy
2,0.5135068297386169,1,0,135.6251983642578,8912.json,NotBuggy
7,0.08408339321613312,1,4,110.42845916748047,6257.json,NotBuggy
3,0.898770809173584,1,0,133.59722900390625,22103.json,NotBuggy
3,0.9381090402603149,1,0,133.59722900390625,12195.json,NotBuggy
3,0.5445436239242554,1,0,128.22288513183594,16955.json,NotBuggy
15,0.0,4,35,90.49909973144531,22658.json,NotBuggy
8,1.8599230679683387E-4,2,6,106.14424896240234,6411.json,NotBuggy
12,0.005704366602003574,3,10,97.48444366455078,14770.json,NotBuggy
6,0.8793633580207825,1,1,116.912353515625,14012.json,NotBuggy
19,0.0,1,20,89.58954620361328,4902.json,NotBuggy
3,0.4480002820491791,1,2,129.47398376464844,12835.json,NotBuggy
3,0.006182469893246889,1,4,126.63631439208984,10193.json,NotBuggy
3,0.9558944702148438,1,0,133.59722900390625,23326.json,NotBuggy
16,0.021649787202477455,1,11,92.8374252319336,4510.json,NotBuggy
3,0.8763893246650696,1,0,131.9385528564453,5055.json,NotBuggy
3,0.010071860626339912,1,3,128.1235809326172,4325.json,NotBuggy
3,0.6081629395484924,1,0,133.59722900390625,8021.json,NotBuggy
3,0.07262858748435974,1,1,129.14646911621094,760.json,NotBuggy
3,0.9165305495262146,1,0,133.59722900390625,6598.json,NotBuggy
4,0.7119079828262329,1,0,125.27178192138672,3294.json,NotBuggy
3,0.6920579075813293,1,0,133.59722900390625,7027.json,NotBuggy
3,0.06111867353320122,1,2,128.41912841796875,20245.json,NotBuggy
4,0.5959079265594482,1,0,125.27178192138672,9276.json,NotBuggy
3,0.8832547664642334,1,0,131.91592407226562,17664.json,NotBuggy
5,0.021826185286045074,1,5,117.21340942382812,14887.json,NotBuggy
3,0.8984513878822327,1,0,133.59722900390625,20108.json,NotBuggy
19,4.331179370637983E-4,3,13,88.24748992919922,14226.json,NotBuggy
4,0.7119079828262329,1,0,125.27178192138672,4078.json,NotBuggy
4,0.35461533069610596,1,0,124.58238983154297,22868.json,NotBuggy
4,0.0,1,6,119.61869812011719,1614.json,NotBuggy
2,0.9977049231529236,1,0,142.4026641845703,6178.json,NotBuggy
3,0.15500587224960327,1,2,128.3351287841797,13151.json,NotBuggy
3,0.7955495715141296,1,0,133.59722900390625,9818.json,NotBuggy
3,0.6668411493301392,1,2,131.91592407226562,18348.json,Buggy
4,0.027375757694244385,1,3,123.10436248779297,3338.json,NotBuggy
3,0.7443475723266602,1,0,131.28770446777344,9336.json,NotBuggy
3,0.42839521169662476,1,1,130.18594360351562,8533.json,NotBuggy
3,0.771950900554657,1,0,131.43582153320312,14518.json,NotBuggy
3,0.9457477331161499,1,0,133.59722900390625,23120.json,NotBuggy
3,0.9614282846450806,1,0,133.59722900390625,13106.json,NotBuggy
3,0.010653768666088581,1,2,128.22288513183594,20449.json,NotBuggy
29,0.0,1,2,83.06288146972656,20291.json,NotBuggy
8,0.053490638732910156,1,7,109.85306549072266,7114.json,NotBuggy
3,0.793246865272522,1,0,133.59722900390625,18341.json,NotBuggy
3,0.8152434825897217,1,0,133.59722900390625,3231.json,NotBuggy
3,0.7300571203231812,1,0,133.59722900390625,15770.json,NotBuggy
3,0.9410580396652222,1,0,131.9385528564453,868.json,NotBuggy
7,0.13358263671398163,3,3,109.62689971923828,3062.json,NotBuggy
4,0.4843546748161316,1,2,126.33003997802734,15173.json,NotBuggy
6,0.001942322705872357,1,6,113.39833068847656,19487.json,NotBuggy
6,0.027776114642620087,1,1,118.35266876220703,3181.json,NotBuggy
4,0.792687714099884,1,0,125.5254898071289,7973.json,NotBuggy
3,0.7029319405555725,1,0,133.59722900390625,9777.json,NotBuggy
3,0.5980063080787659,1,0,131.28770446777344,10767.json,NotBuggy
24,0.0,10,12,83.33301544189453,14666.json,NotBuggy
4,0.7119079828262329,1,0,125.27178192138672,22993.json,NotBuggy
3,0.5901020765304565,1,1,130.34019470214844,1426.json,NotBuggy
4,0.606551468372345,1,0,125.64796447753906,23329.json,NotBuggy
13,0.001328774611465633,4,14,94.86474609375,58.json,NotBuggy
10,0.22951973974704742,2,6,102.9090576171875,14853.json,NotBuggy
4,0.4859175980091095,1,0,125.64796447753906,4521.json,NotBuggy
4,0.5945317149162292,1,1,124.91740417480469,598.json,NotBuggy
3,0.1776607632637024,1,3,127.94976043701172,8768.json,NotBuggy
4,0.48518189787864685,1,0,125.27178192138672,13769.json,NotBuggy
3,0.8353855013847351,1,0,133.59722900390625,20903.json,NotBuggy
4,0.8800022006034851,1,1,126.33003997802734,19927.json,NotBuggy
3,0.9558944702148438,1,0,133.59722900390625,20983.json,NotBuggy
3,0.987678587436676,1,1,129.4591827392578,18443.json,NotBuggy
9,0.027179008349776268,3,4,105.29060363769531,13821.json,NotBuggy
3,0.9307858943939209,1,0,133.59722900390625,1084.json,NotBuggy
3,0.8353855013847351,1,0,133.59722900390625,22023.json,NotBuggy
3,0.9117950201034546,1,0,133.59722900390625,16204.json,NotBuggy
3,0.0012997790472581983,1,4,125.80547332763672,12760.json,NotBuggy
3,0.6314375400543213,1,1,132.25152587890625,18336.json,NotBuggy
19,0.0,2,26,86.57011413574219,4846.json,NotBuggy
3,0.384431928396225,1,2,130.30841064453125,17396.json,NotBuggy
3,0.6880627870559692,1,0,129.81976318359375,13378.json,NotBuggy
10,0.7525479197502136,3,3,104.4138412475586,8939.json,NotBuggy
4,0.41170236468315125,1,1,124.361083984375,13768.json,NotBuggy
6,0.5054230093955994,2,1,117.45413208007812,18368.json,NotBuggy
3,0.4370094835758209,1,1,130.7338104248047,10721.json,NotBuggy
3,0.8537255525588989,1,0,133.59722900390625,22182.json,NotBuggy
7,0.02907290868461132,1,7,110.80828094482422,7845.json,NotBuggy
5,0.1923513263463974,1,5,119.67438507080078,6524.json,NotBuggy
3,0.2301306128501892,1,1,130.45266723632812,13395.json,NotBuggy
19,0.0,1,14,86.85771942138672,5242.json,NotBuggy
3,0.04402993619441986,1,0,127.96504974365234,3695.json,NotBuggy
3,0.926612377166748,1,0,133.59722900390625,7282.json,NotBuggy
4,0.49984920024871826,1,1,125.02987670898438,19809.json,NotBuggy
10,0.10937552899122238,2,5,103.00464630126953,14147.json,NotBuggy
3,0.7401793599128723,1,0,131.28770446777344,12283.json,NotBuggy
7,0.5408260226249695,2,2,111.91561889648438,6568.json,NotBuggy
3,0.004207293502986431,1,4,125.74343872070312,12935.json,NotBuggy
4,0.00784351583570242,1,3,120.95767974853516,10058.json,NotBuggy
3,0.08876077085733414,1,2,129.14646911621094,8832.json,NotBuggy
4,0.7044928669929504,1,0,125.27178192138672,21652.json,NotBuggy
3,0.6996334195137024,1,0,133.59722900390625,17987.json,NotBuggy
3,0.7693724036216736,1,0,133.59722900390625,21253.json,NotBuggy
3,0.0016551504377275705,1,1,127.94110107421875,19284.json,NotBuggy
19,0.2575737535953522,6,5,92.2680892944336,19264.json,Buggy
6,0.01175900548696518,2,4,113.55674743652344,16064.json,NotBuggy
4,0.6077145338058472,1,1,124.48601531982422,16387.json,NotBuggy
3,0.6773489117622375,1,0,133.59722900390625,19176.json,NotBuggy
5,0.17772164940834045,1,3,118.00186920166016,8600.json,NotBuggy
3,0.10691723227500916,1,2,128.8092498779297,6911.json,NotBuggy
3,0.7860099077224731,1,0,133.59722900390625,1610.json,NotBuggy
3,0.9361321926116943,1,0,133.59722900390625,8556.json,NotBuggy
3,0.8353855013847351,1,0,133.59722900390625,10110.json,NotBuggy
3,0.8582584857940674,1,0,133.59722900390625,4651.json,NotBuggy
6,0.0,2,6,110.66024780273438,5147.json,NotBuggy
5,0.0,2,5,114.90518188476562,2358.json,NotBuggy
16,2.91147647658363E-4,1,15,93.79789733886719,4895.json,NotBuggy
30,0.0,1,29,81.10447692871094,4334.json,NotBuggy
3,0.7193005681037903,1,1,130.99049377441406,1442.json,NotBuggy
16,0.008967423811554909,4,8,93.8170166015625,4407.json,Buggy
3,0.8901255130767822,1,0,133.59722900390625,20129.json,NotBuggy
3,0.9500806331634521,1,1,133.18099975585938,15912.json,NotBuggy
6,0.2570285499095917,1,1,114.19991302490234,14270.json,NotBuggy
3,0.64143967628479,1,0,132.4454345703125,16892.json,NotBuggy
3,0.80967116355896,1,0,133.59722900390625,19019.json,NotBuggy
3,0.898770809173584,1,0,133.59722900390625,16341.json,NotBuggy
8,0.03927481546998024,2,3,108.3597412109375,6681.json,NotBuggy
4,0.964055061340332,1,0,126.62725830078125,18842.json,NotBuggy
3,0.9106181859970093,1,0,133.59722900390625,1246.json,NotBuggy
3,0.8320537805557251,1,0,131.9385528564453,3769.json,NotBuggy
6,0.002336425706744194,1,4,113.96401977539062,1551.json,NotBuggy
3,0.9038982391357422,1,0,133.59722900390625,22439.json,NotBuggy
3,0.8772554993629456,1,0,134.26058959960938,5681.json,NotBuggy
3,0.9533982276916504,1,0,133.59722900390625,22726.json,NotBuggy
4,0.6988435983657837,1,0,125.27178192138672,2682.json,NotBuggy
3,0.9457477331161499,1,0,133.59722900390625,22893.json,NotBuggy
3,0.0024130158126354218,1,4,124.36593627929688,2119.json,NotBuggy
4,0.6448121666908264,1,0,125.5254898071289,9857.json,NotBuggy
9,0.003983890637755394,2,3,104.73219299316406,5.json,NotBuggy
4,0.40152525901794434,1,0,125.27178192138672,8457.json,NotBuggy
4,0.7044928669929504,1,0,125.27178192138672,21057.json,NotBuggy
2,0.99614018201828,1,0,142.4026641845703,8866.json,NotBuggy
4,0.41271451115608215,1,4,125.05540466308594,20133.json,NotBuggy
6,0.6759741306304932,1,0,117.59266662597656,15246.json,NotBuggy
3,0.8555160164833069,1,0,133.59722900390625,11666.json,NotBuggy
4,0.522832453250885,1,1,125.79222106933594,14273.json,NotBuggy
4,0.7027341723442078,1,0,125.27178192138672,9882.json,NotBuggy
6,0.003911538049578667,2,8,110.80469512939453,4866.json,Buggy
4,0.4755558669567108,1,2,125.27178192138672,16947.json,NotBuggy
6,0.06331801414489746,2,1,115.48116302490234,8018.json,NotBuggy
4,0.6067095398902893,1,0,125.64796447753906,23596.json,NotBuggy
3,0.615815281867981,1,1,131.43582153320312,5877.json,NotBuggy
4,0.6988435983657837,1,0,125.27178192138672,20921.json,NotBuggy
3,0.5498535633087158,1,2,130.07347106933594,22322.json,NotBuggy
4,0.7044928669929504,1,0,125.27178192138672,21875.json,NotBuggy
3,0.0,1,3,126.41971588134766,14701.json,NotBuggy
3,0.5149543285369873,1,1,130.07347106933594,8282.json,NotBuggy
4,0.6116352081298828,1,0,125.5254898071289,11145.json,NotBuggy
3,0.8062766790390015,1,0,132.9956512451172,638.json,NotBuggy
22,0.006784701254218817,6,7,85.06641387939453,296.json,NotBuggy
3,0.44246992468833923,1,1,131.75106811523438,5854.json,NotBuggy
3,0.7204157114028931,1,2,130.18594360351562,1417.json,NotBuggy
4,0.8219833970069885,1,2,125.78216552734375,17221.json,NotBuggy
5,0.24865876138210297,2,2,118.0586929321289,19960.json,Buggy
4,0.6283544301986694,1,1,124.48601531982422,16385.json,NotBuggy
4,0.7438863515853882,1,0,125.64796447753906,11476.json,NotBuggy
6,1.816623698687181E-4,1,5,114.37045288085938,12883.json,NotBuggy
3,0.7348232269287109,1,0,133.59722900390625,19687.json,NotBuggy
3,0.9093931913375854,1,1,132.61029052734375,9327.json,NotBuggy
31,1.2316365609876812E-4,3,26,76.73474884033203,4335.json,NotBuggy
4,0.7119079828262329,1,0,125.27178192138672,23175.json,NotBuggy
3,0.7300571203231812,1,0,133.59722900390625,15752.json,NotBuggy
3,0.9381090402603149,1,0,133.59722900390625,4516.json,NotBuggy
9,0.17417322099208832,3,1,105.7994155883789,11605.json,NotBuggy
4,0.3402443826198578,1,1,124.05243682861328,6440.json,NotBuggy
20,4.7221514978446066E-4,3,25,85.02647399902344,16207.json,NotBuggy
4,0.6281953454017639,1,0,125.64796447753906,11673.json,NotBuggy
3,0.9317474365234375,1,0,133.59722900390625,2786.json,NotBuggy
3,0.9193012118339539,1,0,133.59722900390625,18224.json,NotBuggy
20,1.2662635708693415E-4,6,15,86.74882507324219,13824.json,NotBuggy
3,0.003403265029191971,1,1,128.92515563964844,10867.json,NotBuggy
5,0.7203434109687805,2,2,120.09993743896484,439.json,NotBuggy
7,0.12577493488788605,1,10,109.76200866699219,12503.json,NotBuggy
3,0.9000744223594666,1,0,133.59722900390625,14934.json,NotBuggy
15,0.22028017044067383,4,4,96.5118179321289,6354.json,NotBuggy
8,0.29913440346717834,2,0,110.9945297241211,18266.json,Buggy
3,0.7522050142288208,1,0,132.9956512451172,11579.json,NotBuggy
3,0.8023896217346191,1,0,133.59722900390625,12573.json,NotBuggy
14,0.0278144683688879,2,10,95.57966613769531,12960.json,NotBuggy
7,0.015160067938268185,2,4,109.57734680175781,98.json,NotBuggy
3,0.793246865272522,1,0,133.59722900390625,11873.json,NotBuggy
9,3.3425321453250945E-4,1,11,104.43447875976562,2371.json,NotBuggy
3,0.8634930849075317,1,0,133.59722900390625,1233.json,NotBuggy
4,0.7151249647140503,1,0,125.27178192138672,22784.json,NotBuggy
3,0.7551659345626831,1,0,131.28770446777344,11886.json,NotBuggy
3,0.42004042863845825,1,1,130.45266723632812,20577.json,NotBuggy
3,0.041721850633621216,1,0,132.4454345703125,1535.json,NotBuggy
7,4.6841861330904067E-4,1,11,109.56591796875,3563.json,NotBuggy
3,0.23913456499576569,1,1,129.0215301513672,11619.json,NotBuggy
2,0.9988059401512146,1,0,142.4026641845703,8268.json,NotBuggy
3,0.5350146293640137,1,2,130.99049377441406,8237.json,NotBuggy
4,0.5137973427772522,1,0,125.64796447753906,500.json,NotBuggy
4,0.004298980347812176,1,4,122.05648803710938,14148.json,NotBuggy
4,0.45646217465400696,1,0,125.64796447753906,10787.json,NotBuggy
3,0.7217890620231628,1,2,128.50894165039062,13382.json,NotBuggy
3,0.716774046421051,1,1,130.85629272460938,17444.json,NotBuggy
3,0.26126033067703247,1,0,133.59722900390625,14846.json,NotBuggy
4,0.9201586246490479,2,2,122.62169647216797,18088.json,NotBuggy
3,0.10753035545349121,1,2,128.50894165039062,16902.json,NotBuggy
3,0.6954773664474487,1,0,131.03103637695312,536.json,NotBuggy
3,0.8505144715309143,1,0,133.59722900390625,6745.json,NotBuggy
3,0.8910459876060486,1,0,133.59722900390625,3041.json,NotBuggy
3,0.06902442872524261,1,3,128.50894165039062,16966.json,NotBuggy
8,0.0036940290592610836,1,6,107.00715637207031,7212.json,NotBuggy
2,0.736174464225769,1,0,137.59957885742188,13705.json,NotBuggy
3,0.01816399395465851,1,2,126.56620788574219,10237.json,NotBuggy
3,0.8353855013847351,1,0,133.59722900390625,23216.json,NotBuggy
4,0.0,1,6,119.61869812011719,2845.json,NotBuggy
3,0.7047314643859863,1,0,131.9385528564453,19449.json,NotBuggy
4,0.683106541633606,1,0,125.64796447753906,9582.json,NotBuggy
9,0.03735813498497009,1,6,105.51528930664062,7724.json,NotBuggy
20,0.0,1,21,86.17723846435547,4091.json,NotBuggy
6,0.13741956651210785,1,5,116.11265563964844,14473.json,NotBuggy
3,0.40935832262039185,1,0,133.59722900390625,11148.json,NotBuggy
6,0.026249853894114494,1,5,114.44808959960938,2110.json,NotBuggy
5,0.03803057596087456,2,1,119.71456909179688,8767.json,NotBuggy
4,0.7651470899581909,1,0,125.64796447753906,21863.json,NotBuggy
4,0.6734119653701782,1,0,126.19583892822266,17652.json,NotBuggy
9,0.02440369315445423,2,6,104.99755096435547,14585.json,NotBuggy
3,0.8189057111740112,1,0,133.59722900390625,22945.json,NotBuggy
3,0.0,1,8,125.37622833251953,20841.json,NotBuggy
3,0.9346750378608704,1,0,133.59722900390625,9277.json,NotBuggy
3,0.9002268314361572,1,0,133.59722900390625,6608.json,NotBuggy
3,0.307489812374115,1,2,128.3351287841797,11753.json,NotBuggy
4,0.7119079828262329,1,0,125.27178192138672,4527.json,NotBuggy
3,0.9346750378608704,1,0,133.59722900390625,14217.json,NotBuggy
3,0.9294750690460205,1,0,133.59722900390625,23469.json,NotBuggy
7,0.002423091558739543,1,7,109.58658599853516,4295.json,NotBuggy
21,0.02614128775894642,6,11,85.76609802246094,9220.json,NotBuggy
3,0.7951578497886658,1,0,131.9385528564453,1974.json,NotBuggy
18,0.2972085773944855,4,10,89.70153045654297,20011.json,NotBuggy
3,0.8341918587684631,1,0,131.1535186767578,5683.json,NotBuggy
3,0.7693724036216736,1,0,133.59722900390625,10770.json,NotBuggy
4,0.26770904660224915,1,0,125.02987670898438,12051.json,NotBuggy
5,0.011742557398974895,2,1,117.63319396972656,5116.json,NotBuggy
15,0.008983189240098,1,8,96.44168090820312,2633.json,NotBuggy
11,0.14701159298419952,1,7,101.79608154296875,4786.json,Buggy
4,0.6985381245613098,1,0,125.64796447753906,19615.json,NotBuggy
4,0.6336238980293274,1,1,124.81353759765625,17154.json,NotBuggy
3,0.8561406135559082,1,0,134.26058959960938,2010.json,NotBuggy
4,0.0,1,1,119.29798126220703,14452.json,NotBuggy
3,0.5341992378234863,1,0,131.91592407226562,13993.json,NotBuggy
4,0.5121709704399109,1,0,125.64796447753906,22349.json,NotBuggy
3,0.8229102492332458,1,0,133.59722900390625,1866.json,NotBuggy
3,0.10898490995168686,1,2,129.12539672851562,6793.json,NotBuggy
6,0.07993621379137039,2,1,113.05679321289062,3479.json,NotBuggy
7,0.4763314723968506,1,5,112.36882781982422,5043.json,NotBuggy
6,1.1778358020819724E-4,1,9,113.34867095947266,14463.json,NotBuggy
3,0.9457477331161499,1,0,133.59722900390625,21556.json,NotBuggy
4,0.4297468662261963,1,0,125.27178192138672,4964.json,NotBuggy
3,0.8794088959693909,1,0,131.91592407226562,18182.json,NotBuggy
4,0.4902793765068054,1,0,124.26470947265625,16321.json,NotBuggy
3,0.7985398769378662,1,0,131.9385528564453,5554.json,NotBuggy
13,0.0010908469557762146,1,17,97.27793884277344,3258.json,NotBuggy
3,0.006675721611827612,1,1,127.76728820800781,12937.json,NotBuggy
3,0.0,1,1,127.19728088378906,18944.json,NotBuggy
4,0.5563730597496033,1,1,124.25267028808594,9868.json,NotBuggy
12,0.0011736255837604403,4,10,98.02435302734375,15545.json,NotBuggy
10,0.0,2,19,100.14956665039062,16433.json,NotBuggy
4,0.4974503815174103,1,0,125.64796447753906,12706.json,NotBuggy
8,8.141003199853003E-4,1,5,106.66495513916016,3371.json,NotBuggy
4,0.6184122562408447,1,1,125.02987670898438,10664.json,NotBuggy
4,0.3756771683692932,1,0,125.64796447753906,11805.json,NotBuggy
4,0.06996505707502365,1,3,122.85169219970703,13615.json,NotBuggy
10,0.0012370087206363678,2,5,102.18025207519531,16878.json,NotBuggy
3,0.30073636770248413,1,2,128.3351287841797,10249.json,NotBuggy
8,0.0018260604701936245,1,11,107.10490417480469,2007.json,NotBuggy
3,0.7775694727897644,1,0,133.59722900390625,14195.json,NotBuggy
3,8.265540236607194E-4,1,3,127.59099578857422,13460.json,NotBuggy
3,0.9457477331161499,1,0,133.59722900390625,18360.json,NotBuggy
9,0.04674866795539856,3,2,106.86624908447266,1840.json,NotBuggy
3,0.44994035363197327,1,2,130.99049377441406,22217.json,NotBuggy
3,0.39237210154533386,1,2,130.30841064453125,8249.json,NotBuggy
3,0.9445914626121521,1,0,133.59722900390625,20787.json,NotBuggy
3,0.8101958632469177,1,0,133.59722900390625,13094.json,NotBuggy
4,0.8282327651977539,1,2,125.78216552734375,17224.json,NotBuggy
5,0.6414552927017212,3,2,116.7109603881836,2138.json,NotBuggy
7,0.0023590042255818844,2,4,108.9308090209961,16826.json,NotBuggy
4,0.625913679599762,1,0,125.64796447753906,21214.json,NotBuggy
4,0.5265992283821106,1,3,122.05648803710938,16648.json,NotBuggy
3,0.8767094016075134,1,0,133.59722900390625,22047.json,NotBuggy
10,0.03953437879681587,1,5,104.37152862548828,12952.json,NotBuggy
3,0.0,1,1,125.42940521240234,9361.json,NotBuggy
3,0.41292765736579895,1,2,131.75106811523438,8241.json,NotBuggy
3,0.9621713757514954,1,0,133.59722900390625,20981.json,NotBuggy
9,0.010506127029657364,1,9,104.5072021484375,4829.json,NotBuggy
11,0.03149833157658577,4,7,98.95892333984375,1140.json,Buggy
6,0.4660549461841583,2,0,116.48211669921875,13060.json,NotBuggy
3,0.0,1,1,125.19499969482422,5402.json,NotBuggy
6,0.12060964107513428,1,4,116.40045928955078,6602.json,NotBuggy
3,0.7972015738487244,1,0,132.4454345703125,177.json,NotBuggy
4,0.6039813756942749,1,0,125.27178192138672,22006.json,NotBuggy
3,0.4298362731933594,1,0,133.59722900390625,1295.json,NotBuggy
5,0.030024006962776184,1,4,118.6647720336914,6409.json,NotBuggy
3,0.2942567765712738,1,2,129.69032287597656,13146.json,NotBuggy
3,0.8476487994194031,1,0,133.59722900390625,9087.json,NotBuggy
3,0.9056892395019531,1,1,130.05470275878906,4797.json,NotBuggy
4,0.15217185020446777,1,2,123.8484878540039,1595.json,NotBuggy
3,0.8814632296562195,1,0,133.59722900390625,20508.json,NotBuggy
4,0.7603489756584167,1,1,124.91740417480469,11658.json,NotBuggy
6,0.45531898736953735,2,1,117.77888488769531,8798.json,NotBuggy
3,0.2827382981777191,1,0,132.086669921875,1572.json,NotBuggy
3,0.47673073410987854,1,1,130.45266723632812,15724.json,NotBuggy
17,0.14602036774158478,3,8,92.07244873046875,8298.json,NotBuggy
3,0.0,1,1,126.41971588134766,17135.json,NotBuggy
7,9.398078545928001E-4,2,4,108.83063507080078,5343.json,NotBuggy
3,0.8152434825897217,1,0,133.59722900390625,10567.json,NotBuggy
4,0.5504084825515747,1,0,126.04888916015625,16573.json,NotBuggy
4,0.10132833570241928,2,3,120.42691040039062,6648.json,NotBuggy
3,0.03799036145210266,1,2,127.42049407958984,17017.json,NotBuggy
3,0.952775776386261,2,1,129.8434600830078,19774.json,NotBuggy
3,0.27019521594047546,1,1,130.57513427734375,13417.json,NotBuggy
5,0.4236011207103729,1,4,117.86318969726562,20224.json,NotBuggy
8,0.002258970635011792,1,1,110.61101531982422,17493.json,NotBuggy
3,0.730299174785614,1,1,132.61029052734375,5477.json,NotBuggy
12,0.02686428464949131,3,8,98.35652923583984,16736.json,NotBuggy
3,0.8153252005577087,1,0,132.4454345703125,12096.json,NotBuggy
6,0.72733074426651,2,2,115.32806396484375,4032.json,NotBuggy
3,0.803116500377655,1,0,133.59722900390625,4582.json,NotBuggy
4,0.38508594036102295,1,2,124.7987289428711,19172.json,NotBuggy
3,0.4503607749938965,1,1,131.1535186767578,17385.json,NotBuggy
3,0.3473002016544342,1,0,133.59722900390625,9812.json,NotBuggy
3,0.4805193245410919,1,1,129.93223571777344,1398.json,NotBuggy
11,0.013670950196683407,3,7,99.68075561523438,7725.json,NotBuggy
3,0.9153783321380615,1,0,133.59722900390625,21509.json,NotBuggy
13,0.6945812106132507,2,4,99.3399429321289,34.json,NotBuggy
5,0.6928192377090454,1,5,118.98002624511719,533.json,NotBuggy
5,0.27197447419166565,1,2,117.22039794921875,23426.json,NotBuggy
15,0.001053085783496499,3,8,93.99088287353516,14171.json,NotBuggy
4,0.5856777429580688,1,0,125.64796447753906,12369.json,NotBuggy
3,0.9357526898384094,1,0,131.28770446777344,6102.json,NotBuggy
3,0.36107978224754333,1,0,131.03103637695312,17174.json,NotBuggy
3,0.7972366809844971,1,0,133.59722900390625,21791.json,NotBuggy
4,0.7063385844230652,1,0,125.5254898071289,13091.json,NotBuggy
13,0.03018895722925663,1,11,99.15265655517578,17973.json,NotBuggy
3,0.9549081921577454,1,0,129.7158966064453,16732.json,NotBuggy
4,0.625913679599762,1,0,125.64796447753906,23241.json,NotBuggy
4,0.699305534362793,1,0,125.27178192138672,13057.json,NotBuggy
7,0.08707646280527115,2,6,110.04951477050781,7991.json,NotBuggy
3,0.9381090402603149,1,0,133.59722900390625,20959.json,NotBuggy
16,0.0644247978925705,9,5,93.82843780517578,15125.json,NotBuggy
3,0.9486316442489624,1,0,133.59722900390625,22011.json,NotBuggy
10,1.450804847991094E-4,2,18,101.14234924316406,17189.json,NotBuggy
8,0.07871292531490326,1,9,108.23262786865234,22970.json,NotBuggy
7,0.004073942545801401,1,4,110.52162170410156,18297.json,NotBuggy
4,0.7256754636764526,1,0,125.27178192138672,20931.json,NotBuggy
3,0.9537525773048401,1,0,129.7158966064453,16753.json,NotBuggy
4,0.7256754636764526,1,0,125.27178192138672,20958.json,NotBuggy
3,0.4681950509548187,1,0,133.59722900390625,13278.json,NotBuggy
3,0.4199468791484833,1,1,129.7158966064453,19301.json,NotBuggy
8,2.353558229515329E-4,1,15,104.67382049560547,8176.json,NotBuggy
4,0.8603372573852539,1,3,123.56243133544922,797.json,NotBuggy
15,0.001053085783496499,3,8,93.99088287353516,13990.json,NotBuggy
6,7.60627503041178E-4,2,6,112.3624267578125,15236.json,NotBuggy
3,0.7104029655456543,1,1,132.25152587890625,1099.json,NotBuggy
4,0.4783523976802826,1,1,124.4649429321289,15946.json,Buggy
3,0.0562719851732254,1,3,126.87217712402344,3143.json,NotBuggy
4,0.6484460830688477,1,2,122.68119049072266,16109.json,NotBuggy
3,0.9294750690460205,1,0,133.59722900390625,23453.json,NotBuggy
4,0.48658016324043274,1,0,125.27178192138672,11950.json,NotBuggy
8,0.0011275564320385456,2,7,106.30162048339844,3539.json,NotBuggy
3,0.08931383490562439,1,1,128.41912841796875,2123.json,NotBuggy
7,0.6468595266342163,3,3,109.25691223144531,5976.json,NotBuggy
24,0.031632110476493835,5,11,84.28883361816406,18817.json,NotBuggy
3,0.8703395128250122,1,0,133.59722900390625,11820.json,NotBuggy
6,0.0032063100952655077,1,7,113.1817398071289,7229.json,NotBuggy
3,0.6663821935653687,1,1,130.45266723632812,11444.json,NotBuggy
3,0.7424274682998657,1,0,133.59722900390625,11127.json,NotBuggy
4,0.8067750334739685,1,1,124.4649429321289,6981.json,NotBuggy
5,0.3418591618537903,1,3,117.22176361083984,4155.json,NotBuggy
34,0.0,8,39,74.24152374267578,3870.json,NotBuggy
4,0.6765648722648621,1,0,125.64796447753906,1574.json,NotBuggy
4,0.11603522300720215,1,2,125.78216552734375,10084.json,NotBuggy
5,0.6567052602767944,1,0,119.48943328857422,3975.json,NotBuggy
8,0.8176407814025879,2,2,110.9759521484375,14319.json,NotBuggy
9,0.04279128834605217,3,6,103.79096221923828,9201.json,NotBuggy
7,0.012793166562914848,1,8,111.48896026611328,10192.json,NotBuggy
3,0.39106979966163635,1,1,131.43582153320312,13690.json,NotBuggy
3,0.04484930634498596,1,1,130.45266723632812,18230.json,NotBuggy
35,2.7042636065743864E-4,5,20,74.671142578125,2356.json,NotBuggy
3,0.9457477331161499,1,0,133.59722900390625,21038.json,NotBuggy
3,0.0019850910175591707,1,2,126.63631439208984,10155.json,NotBuggy
4,0.1612306535243988,1,3,123.65223693847656,8337.json,NotBuggy
3,0.3927731513977051,1,0,131.03103637695312,7216.json,NotBuggy
4,0.33487868309020996,1,0,125.64796447753906,12601.json,NotBuggy
3,0.9165305495262146,1,0,133.59722900390625,1290.json,NotBuggy
3,0.7373513579368591,1,0,132.4454345703125,9916.json,NotBuggy
4,0.7827232480049133,1,0,125.64796447753906,23279.json,NotBuggy
3,0.31607598066329956,1,1,131.1535186767578,921.json,NotBuggy
17,8.281139889732003E-4,2,17,90.6259765625,5360.json,NotBuggy
3,0.9125012159347534,1,0,131.75106811523438,1134.json,NotBuggy
5,0.03479180857539177,1,5,117.46711730957031,3398.json,NotBuggy
4,0.7358794212341309,1,0,125.64796447753906,11093.json,NotBuggy
3,0.658657968044281,1,0,131.28770446777344,11016.json,NotBuggy
3,0.13399919867515564,1,2,128.50894165039062,10130.json,NotBuggy
14,0.02661709114909172,2,9,96.27840423583984,9897.json,NotBuggy
3,0.8478386998176575,1,0,133.59722900390625,17887.json,NotBuggy
4,0.3562364876270294,1,0,125.64796447753906,21897.json,NotBuggy
3,0.8551300764083862,1,0,133.59722900390625,17844.json,NotBuggy
4,0.5094456076622009,1,0,125.64796447753906,7949.json,NotBuggy
3,0.4270312488079071,1,0,132.086669921875,17897.json,NotBuggy
4,0.4996728003025055,1,0,125.64796447753906,23207.json,NotBuggy
3,0.7379462718963623,1,1,132.61029052734375,8126.json,NotBuggy
18,0.0024806028231978416,5,15,88.24435424804688,20748.json,NotBuggy
7,6.873849197290838E-4,2,8,108.86097717285156,2896.json,NotBuggy
3,0.6636878848075867,1,0,133.59722900390625,1619.json,NotBuggy
2,0.9961547255516052,1,0,139.56419372558594,4730.json,NotBuggy
6,0.2083038091659546,2,5,115.26795196533203,1371.json,NotBuggy
3,0.9155157804489136,1,0,133.59722900390625,12591.json,NotBuggy
7,8.165563922375441E-4,2,7,109.50642395019531,3713.json,NotBuggy
4,0.6359474062919617,1,0,125.27178192138672,16331.json,NotBuggy
3,0.0011421539820730686,1,3,127.09538269042969,4451.json,NotBuggy
4,0.45369312167167664,1,1,124.05243682861328,6663.json,NotBuggy
7,1.8889937200583518E-4,2,4,108.6926040649414,17927.json,NotBuggy
3,0.9019280672073364,1,0,133.59722900390625,3989.json,NotBuggy
5,0.0015997686423361301,1,8,116.14391326904297,2895.json,NotBuggy
3,0.7930861115455627,1,0,133.59722900390625,998.json,NotBuggy
3,0.2925539016723633,1,2,129.69032287597656,10917.json,NotBuggy
4,0.7119079828262329,1,0,125.27178192138672,3018.json,NotBuggy
3,0.6156464219093323,1,1,132.79563903808594,17118.json,NotBuggy
9,0.09515514224767685,1,6,106.04339599609375,20257.json,Buggy
3,0.8697108626365662,1,0,130.44261169433594,7875.json,NotBuggy
4,0.002823270158842206,1,4,121.14502716064453,15932.json,NotBuggy
3,0.24364981055259705,1,1,129.93223571777344,8840.json,NotBuggy
4,0.6988435983657837,1,0,125.27178192138672,20872.json,NotBuggy
4,0.5779730677604675,1,2,126.33003997802734,15163.json,NotBuggy
7,2.3391522699967027E-4,2,9,108.3367919921875,3717.json,NotBuggy
4,0.49658364057540894,1,0,125.64796447753906,12710.json,NotBuggy
13,0.01214362308382988,5,8,96.57327270507812,7869.json,NotBuggy
5,0.12373463809490204,1,3,118.43518829345703,13588.json,NotBuggy
4,0.7016574740409851,1,0,124.1749038696289,9115.json,NotBuggy
11,0.0734231248497963,3,4,101.63391876220703,19422.json,NotBuggy
3,0.8767094016075134,1,0,133.59722900390625,22690.json,NotBuggy
3,0.002500502858310938,1,1,128.91311645507812,19285.json,NotBuggy
8,0.004226270131766796,2,6,106.40617370605469,6862.json,NotBuggy
3,0.7839915752410889,1,0,133.59722900390625,10346.json,NotBuggy
4,0.05257726460695267,1,1,123.85247039794922,17650.json,NotBuggy
3,0.3225904405117035,1,0,131.1535186767578,20566.json,NotBuggy
3,0.8093346953392029,1,0,132.9956512451172,9710.json,NotBuggy
3,0.7738465070724487,1,0,131.9385528564453,17079.json,NotBuggy
3,0.010906941257417202,1,1,128.4090576171875,6382.json,NotBuggy
3,0.680118203163147,1,1,130.34019470214844,1553.json,NotBuggy
2,0.9807905554771423,1,0,138.03729248046875,2517.json,NotBuggy
4,0.6079330444335938,1,0,125.27178192138672,18017.json,NotBuggy
10,0.09630758315324783,1,5,103.3606948852539,19198.json,NotBuggy
21,0.0,1,1,90.03941345214844,17492.json,NotBuggy
8,0.0015343884006142616,1,10,106.92430114746094,4921.json,NotBuggy
4,0.3855867087841034,1,0,125.64796447753906,3276.json,NotBuggy
3,0.8389381766319275,1,0,133.59722900390625,13844.json,NotBuggy
6,0.09636135399341583,1,3,116.62230682373047,12101.json,NotBuggy
12,2.1938991267234087E-4,2,14,98.4262466430664,4380.json,NotBuggy
7,0.008545643649995327,1,7,110.3785629272461,4877.json,NotBuggy
3,0.7938129901885986,1,1,130.99049377441406,5879.json,NotBuggy
3,0.6490694880485535,1,1,130.99049377441406,6773.json,Buggy
3,0.6796339154243469,1,0,133.59722900390625,23170.json,NotBuggy
4,0.1516398787498474,1,0,125.64796447753906,14498.json,NotBuggy
3,0.9294750690460205,1,0,133.59722900390625,4170.json,NotBuggy
3,0.9457477331161499,1,0,133.59722900390625,3773.json,NotBuggy
30,0.00108668627217412,6,18,104.40187072753906,3367.json,NotBuggy
7,0.09939862787723541,2,4,111.59553527832031,8509.json,NotBuggy
3,0.19106285274028778,1,0,131.1535186767578,2328.json,NotBuggy
3,0.30738088488578796,1,2,131.75106811523438,8245.json,NotBuggy
31,0.0,4,31,78.42417907714844,4694.json,NotBuggy
13,0.0029666677583009005,3,8,96.27570343017578,20324.json,NotBuggy
3,0.5904871821403503,1,0,131.28770446777344,18382.json,NotBuggy
3,0.3674751818180084,1,1,132.79563903808594,5515.json,NotBuggy
6,0.4581831395626068,1,4,116.4460220336914,23057.json,NotBuggy
5,0.11763840913772583,1,1,119.0662612915039,15945.json,NotBuggy
6,0.09945344179868698,2,2,115.10508728027344,1804.json,NotBuggy
3,0.8240823149681091,1,0,133.59722900390625,19544.json,NotBuggy
3,0.8682175278663635,1,0,133.59722900390625,3021.json,NotBuggy
9,0.16097134351730347,1,4,106.98943328857422,12928.json,NotBuggy
9,0.0012382209533825517,1,3,103.95201110839844,12844.json,NotBuggy
3,0.4421909749507904,1,1,130.30841064453125,11461.json,NotBuggy
3,0.8607810735702515,1,0,133.59722900390625,12801.json,NotBuggy
3,0.4613402187824249,1,1,133.18099975585938,16618.json,NotBuggy
13,4.7856627497822046E-4,4,6,94.38020324707031,18929.json,NotBuggy
4,0.45341747999191284,1,0,125.64796447753906,23518.json,NotBuggy
18,0.01858449913561344,7,6,88.52140808105469,7814.json,NotBuggy
3,0.8537255525588989,1,0,133.59722900390625,21739.json,NotBuggy
7,0.030950607731938362,2,4,110.50746154785156,99.json,NotBuggy
3,0.589981734752655,1,0,133.59722900390625,9794.json,NotBuggy
3,0.7860099077224731,1,0,133.59722900390625,1545.json,NotBuggy
4,0.7119079828262329,1,0,125.27178192138672,2954.json,NotBuggy
3,0.23840755224227905,2,2,127.53728485107422,7928.json,NotBuggy
6,0.9457026720046997,1,0,117.0948257446289,16499.json,NotBuggy
3,0.07690326124429703,1,0,133.59722900390625,6952.json,NotBuggy
3,0.03342980146408081,1,1,128.1235809326172,5842.json,NotBuggy
3,0.41529563069343567,1,0,133.59722900390625,6770.json,NotBuggy
13,0.0,1,31,116.74876403808594,371.json,NotBuggy
6,0.8225203156471252,2,1,117.35027313232422,6925.json,NotBuggy
3,0.8763893246650696,1,0,131.9385528564453,3237.json,NotBuggy
3,0.3087262213230133,1,2,128.3351287841797,10887.json,NotBuggy
26,4.536692867986858E-4,1,26,83.48849487304688,4848.json,NotBuggy
4,0.7280825972557068,1,0,125.27178192138672,18187.json,NotBuggy
27,0.0,8,22,78.90076446533203,15010.json,NotBuggy
17,0.013813240453600883,3,12,91.06765747070312,2593.json,NotBuggy
3,0.943039059638977,1,0,133.59722900390625,7271.json,NotBuggy
3,0.07393757253885269,1,1,129.2428436279297,14096.json,NotBuggy
3,0.06792401522397995,1,1,129.2428436279297,19278.json,NotBuggy
6,0.3477456569671631,2,3,115.4832992553711,3865.json,NotBuggy
10,0.0,1,15,102.22232818603516,21285.json,NotBuggy
29,0.011658021248877048,7,10,79.31019592285156,886.json,Buggy
3,0.9445914626121521,1,0,133.59722900390625,20780.json,NotBuggy
5,0.26623547077178955,1,2,118.07797241210938,9199.json,NotBuggy
3,0.8888755440711975,1,2,131.75106811523438,1188.json,NotBuggy
4,0.7383454442024231,1,2,126.33003997802734,1552.json,NotBuggy
3,0.6709057688713074,1,0,132.4454345703125,13846.json,NotBuggy
4,0.6027202010154724,1,0,125.64796447753906,10725.json,NotBuggy
3,0.08609755337238312,2,1,127.64090728759766,11955.json,NotBuggy
4,0.6116352081298828,1,0,125.5254898071289,11147.json,NotBuggy
3,0.9457477331161499,1,0,133.59722900390625,20991.json,NotBuggy
3,0.7243145704269409,1,1,130.99049377441406,1389.json,NotBuggy
9,0.1382424384355545,1,4,106.56111145019531,12933.json,NotBuggy
27,0.0,7,23,79.52033233642578,8684.json,NotBuggy
7,0.6260001063346863,2,0,112.25464630126953,21588.json,NotBuggy
8,0.7543877959251404,3,1,109.61721801757812,4368.json,NotBuggy
4,0.2609843611717224,1,0,125.64796447753906,9878.json,NotBuggy
3,0.6355441212654114,1,0,131.28770446777344,11888.json,NotBuggy
8,0.009427263401448727,1,9,106.60643768310547,5274.json,NotBuggy
3,0.6395712494850159,1,0,132.086669921875,9078.json,NotBuggy
3,0.2549543082714081,1,0,131.1535186767578,16476.json,NotBuggy
3,0.9038982391357422,1,0,133.59722900390625,11588.json,NotBuggy
4,0.8257052302360535,1,0,125.15930938720703,9610.json,NotBuggy
3,0.2323169857263565,1,1,130.07347106933594,1694.json,NotBuggy
3,0.9533563256263733,1,0,129.7158966064453,16773.json,NotBuggy
3,0.7441888451576233,1,0,134.26058959960938,6397.json,NotBuggy
4,0.6350731253623962,1,0,125.27178192138672,3010.json,NotBuggy
10,0.2566867470741272,1,5,104.97481536865234,12955.json,NotBuggy
7,0.18315544724464417,2,4,111.66191101074219,16057.json,NotBuggy
3,0.7608081102371216,1,0,133.59722900390625,18799.json,NotBuggy
7,0.02934117056429386,2,2,110.94255828857422,18096.json,NotBuggy
3,0.6662728190422058,1,0,130.85629272460938,9694.json,NotBuggy
3,0.9413626194000244,1,0,133.59722900390625,14937.json,NotBuggy
14,0.04120651260018349,2,11,95.1082534790039,5530.json,NotBuggy
4,0.7044928669929504,1,0,125.27178192138672,20960.json,NotBuggy
5,7.926684338599443E-4,2,3,116.11762237548828,2588.json,NotBuggy
11,0.29672279953956604,3,2,101.85227966308594,16497.json,NotBuggy
8,0.5360066890716553,2,3,110.15780639648438,18894.json,NotBuggy
3,0.843033492565155,1,0,133.59722900390625,20588.json,NotBuggy
7,0.01625765673816204,2,3,110.0542984008789,6043.json,NotBuggy
3,0.9691274166107178,1,0,133.59722900390625,14840.json,NotBuggy
9,0.017642389982938766,3,3,105.67543029785156,3937.json,Buggy
3,0.7334105372428894,1,0,133.59722900390625,11908.json,NotBuggy
19,0.001258591073565185,1,18,90.01734924316406,4509.json,NotBuggy
4,0.8073152303695679,1,0,125.15930938720703,12882.json,NotBuggy
3,0.9443341493606567,1,0,133.59722900390625,8468.json,NotBuggy
3,0.5764144062995911,1,0,133.59722900390625,23030.json,NotBuggy
3,0.49104270339012146,1,0,131.1535186767578,509.json,NotBuggy
3,0.9009784460067749,1,0,133.59722900390625,8523.json,NotBuggy
3,0.9320460557937622,1,0,132.9956512451172,14631.json,NotBuggy
3,0.9346750378608704,1,0,133.59722900390625,10563.json,NotBuggy
3,0.8537255525588989,1,0,133.59722900390625,23605.json,NotBuggy
3,0.06990749388933182,1,0,130.07347106933594,726.json,NotBuggy
3,0.5445436239242554,1,0,128.22288513183594,16949.json,NotBuggy
3,0.9294750690460205,1,0,133.59722900390625,21805.json,NotBuggy
12,0.008357390761375427,3,5,98.34830474853516,20175.json,Buggy
7,5.131761427037418E-4,1,1,114.899169921875,1837.json,NotBuggy
3,0.8152434825897217,1,0,133.59722900390625,21894.json,NotBuggy
3,0.8353855013847351,1,0,133.59722900390625,5656.json,NotBuggy
3,0.7220399975776672,1,1,132.086669921875,8431.json,NotBuggy
12,0.0,1,17,97.72151947021484,5578.json,NotBuggy
3,0.35440829396247864,1,2,129.57785034179688,17309.json,NotBuggy
10,8.918384555727243E-4,1,12,103.13742065429688,22981.json,NotBuggy
5,0.003915139939635992,2,6,116.87085723876953,20747.json,NotBuggy
4,0.49658364057540894,1,0,125.64796447753906,12724.json,NotBuggy
3,0.440513014793396,1,1,129.7158966064453,16989.json,NotBuggy
3,0.2866484820842743,1,0,133.59722900390625,16912.json,NotBuggy
5,0.2266150861978531,1,3,120.53388214111328,20327.json,NotBuggy
3,0.9153783321380615,1,0,133.59722900390625,21367.json,NotBuggy
15,0.0,3,1,92.78910064697266,20024.json,NotBuggy
3,0.05873887240886688,1,5,127.25540161132812,20476.json,NotBuggy
11,0.014389581978321075,2,6,99.15872192382812,3464.json,NotBuggy
4,0.08124040812253952,1,2,121.83938598632812,11205.json,NotBuggy
4,0.4180580973625183,1,0,125.64796447753906,22818.json,NotBuggy
3,0.39106979966163635,1,1,131.43582153320312,13855.json,NotBuggy
7,0.026018332690000534,2,6,110.3637466430664,9246.json,NotBuggy
16,0.1883249580860138,5,4,94.24948120117188,6600.json,NotBuggy
5,0.0011498366948217154,2,4,115.59941864013672,4112.json,NotBuggy
3,0.7385110855102539,1,2,131.91592407226562,19725.json,NotBuggy
3,0.8832547664642334,1,0,131.91592407226562,5106.json,NotBuggy
4,0.4859175980091095,1,0,125.64796447753906,21662.json,NotBuggy
4,0.49658364057540894,1,0,125.64796447753906,11845.json,NotBuggy
4,0.4663817584514618,1,1,125.91468811035156,20762.json,NotBuggy
13,0.06974554061889648,2,13,96.79756927490234,4161.json,NotBuggy
4,0.5311431884765625,1,0,125.64796447753906,5657.json,NotBuggy
9,0.48914504051208496,2,4,108.64674377441406,18899.json,NotBuggy
3,0.898770809173584,1,0,133.59722900390625,9684.json,NotBuggy
5,0.054578568786382675,1,2,118.21444702148438,17260.json,NotBuggy
9,0.3241007924079895,2,3,106.70701599121094,17572.json,NotBuggy
3,0.8350536227226257,2,2,127.80377197265625,20547.json,NotBuggy
3,0.8120880126953125,1,0,133.59722900390625,4250.json,NotBuggy
3,0.9486316442489624,1,0,133.59722900390625,20957.json,NotBuggy
3,0.9327496886253357,1,0,133.59722900390625,9294.json,NotBuggy
4,0.2847760319709778,1,2,123.01455688476562,4389.json,NotBuggy
3,0.6653285622596741,1,3,131.60067749023438,19064.json,NotBuggy
15,4.3126795208081603E-4,1,25,90.89601135253906,3302.json,NotBuggy
4,0.5342698097229004,1,0,125.64796447753906,499.json,NotBuggy
3,0.19948354363441467,1,1,128.7513427734375,5063.json,NotBuggy
3,0.4172530472278595,1,1,129.93223571777344,13079.json,NotBuggy
3,0.8016048669815063,1,1,130.85629272460938,8783.json,NotBuggy
3,0.09171164780855179,1,1,129.05665588378906,7882.json,NotBuggy
3,0.04252002015709877,1,2,128.4090576171875,10921.json,NotBuggy
4,0.8067244291305542,1,2,125.78216552734375,17222.json,NotBuggy
9,0.595152735710144,1,4,107.28118896484375,11544.json,NotBuggy
15,0.001053085783496499,3,8,93.99088287353516,14013.json,NotBuggy
3,0.9668390154838562,1,0,130.99049377441406,8296.json,NotBuggy
3,0.33089444041252136,1,0,133.59722900390625,10801.json,NotBuggy
3,0.01364737655967474,1,3,127.8512954711914,7004.json,NotBuggy
8,0.014673946425318718,1,6,106.92776489257812,20752.json,NotBuggy
5,0.4842820167541504,1,1,122.4339599609375,3542.json,NotBuggy
9,0.04765167459845543,1,6,106.10328674316406,10032.json,NotBuggy
6,0.167418971657753,2,1,116.13201141357422,1327.json,NotBuggy
7,0.1790517419576645,3,3,110.94380187988281,5600.json,NotBuggy
4,0.7151249647140503,1,0,125.27178192138672,22116.json,NotBuggy
6,0.2768651247024536,2,3,115.32806396484375,20140.json,Buggy
11,0.0626382902264595,4,5,102.31743621826172,20620.json,NotBuggy
3,0.6789786219596863,1,0,133.59722900390625,23381.json,NotBuggy
8,1.4829172869212925E-4,1,12,105.75306701660156,8203.json,NotBuggy
3,0.6635552048683167,1,0,131.9385528564453,9070.json,NotBuggy
3,0.6710903644561768,1,1,131.75106811523438,19898.json,NotBuggy
3,0.8152434825897217,1,0,133.59722900390625,21703.json,NotBuggy
3,0.9294750690460205,1,0,133.59722900390625,20883.json,NotBuggy
5,0.08484140038490295,1,5,118.3609390258789,8580.json,NotBuggy
7,0.2390463948249817,3,6,110.6285400390625,8919.json,NotBuggy
3,0.26598355174064636,2,2,128.1891326904297,3471.json,NotBuggy
4,0.17303062975406647,1,2,122.05648803710938,20417.json,Buggy
3,0.8225110769271851,1,0,133.59722900390625,22666.json,NotBuggy
4,0.7256754636764526,1,0,125.27178192138672,23602.json,NotBuggy
4,0.5788782238960266,1,1,124.81353759765625,15915.json,NotBuggy
3,0.7634551525115967,1,0,131.28770446777344,13027.json,NotBuggy
8,0.2005184143781662,1,6,109.10444641113281,4420.json,NotBuggy
3,0.7591853141784668,1,2,131.75106811523438,1013.json,NotBuggy
4,0.4859175980091095,1,0,125.64796447753906,21021.json,NotBuggy
8,0.001724495436064899,2,5,106.44578552246094,3714.json,NotBuggy
6,0.003596020396798849,1,5,112.82664489746094,12669.json,NotBuggy
6,0.06100618466734886,1,3,116.4594497680664,17325.json,NotBuggy
5,0.9455273151397705,1,2,120.63774108886719,394.json,NotBuggy
4,0.7339552044868469,2,2,122.70054626464844,6729.json,NotBuggy
3,0.6773489117622375,1,0,133.59722900390625,19272.json,NotBuggy
19,0.0,2,21,86.36102294921875,5367.json,Buggy
3,0.8983809351921082,1,0,133.59722900390625,22348.json,NotBuggy
6,0.20999982953071594,1,4,116.4460220336914,4688.json,NotBuggy
3,0.9621713757514954,1,0,133.59722900390625,22777.json,NotBuggy
4,0.8000592589378357,1,0,125.5254898071289,10267.json,NotBuggy
3,0.47651100158691406,1,2,129.7158966064453,16107.json,NotBuggy
3,0.6714767813682556,1,0,131.1535186767578,18408.json,NotBuggy
7,0.01574990339577198,1,7,110.42845916748047,5270.json,NotBuggy
9,5.007478757761419E-4,2,7,104.24259948730469,6560.json,NotBuggy
3,0.043514687567949295,1,2,127.51214599609375,12142.json,NotBuggy
8,0.01472425740212202,2,4,107.87340545654297,3682.json,NotBuggy
3,0.9294750690460205,1,0,133.59722900390625,20891.json,NotBuggy
23,0.0,7,14,82.28421783447266,890.json,Buggy
10,0.044660549610853195,1,9,104.12303161621094,3601.json,NotBuggy
4,0.16692405939102173,1,4,122.60694122314453,17500.json,NotBuggy
3,0.8353855013847351,1,0,133.59722900390625,8565.json,NotBuggy
4,0.6988435983657837,1,0,125.27178192138672,20935.json,NotBuggy
19,4.177858354523778E-4,4,18,86.33538055419922,3530.json,NotBuggy
3,0.7143145799636841,1,0,133.59722900390625,14678.json,NotBuggy
3,0.736996054649353,1,1,130.85629272460938,8693.json,NotBuggy
8,0.4526672065258026,2,2,109.62306213378906,19676.json,NotBuggy
3,0.010571299120783806,1,2,128.22288513183594,4439.json,NotBuggy
3,0.9533982276916504,1,0,133.59722900390625,21533.json,NotBuggy
3,0.9153783321380615,1,0,133.59722900390625,4396.json,NotBuggy
4,0.30348068475723267,1,0,124.58238983154297,4565.json,NotBuggy
3,0.6920579075813293,1,0,133.59722900390625,11978.json,NotBuggy
3,0.15077070891857147,1,3,128.91311645507812,11778.json,NotBuggy
4,0.7119079828262329,1,0,125.27178192138672,2194.json,NotBuggy
3,0.7285370230674744,1,1,132.25152587890625,17914.json,NotBuggy
4,0.5720139145851135,1,0,125.64796447753906,22084.json,NotBuggy
17,0.0,3,17,88.80032348632812,5023.json,NotBuggy
5,0.8105112314224243,2,1,120.6200180053711,16050.json,NotBuggy
4,0.24549631774425507,1,3,123.46312713623047,19505.json,NotBuggy
9,0.06290315836668015,1,7,105.66513061523438,8488.json,NotBuggy
5,0.9315668940544128,2,1,123.09530639648438,1675.json,NotBuggy
4,0.07396532595157623,1,3,124.04872131347656,8405.json,NotBuggy
5,0.5372055768966675,1,3,120.03731536865234,6512.json,NotBuggy
3,0.9294750690460205,1,0,133.59722900390625,4588.json,NotBuggy
4,0.7119079828262329,1,0,125.27178192138672,22159.json,NotBuggy
3,0.08847276866436005,1,1,130.70933532714844,1578.json,NotBuggy
3,0.5090178847312927,1,1,130.7338104248047,7283.json,NotBuggy
4,0.6100437641143799,1,2,124.58238983154297,15192.json,NotBuggy
3,0.614356517791748,1,1,131.75106811523438,5875.json,NotBuggy
3,0.9533982276916504,1,0,133.59722900390625,15348.json,NotBuggy
5,0.05875767767429352,1,4,117.53009796142578,20670.json,NotBuggy
4,0.5422448515892029,1,0,125.64796447753906,22008.json,NotBuggy
3,0.15375889837741852,1,3,129.12539672851562,8098.json,NotBuggy
3,0.8431631922721863,1,0,133.59722900390625,10669.json,NotBuggy
3,0.8131758570671082,1,0,131.9385528564453,13534.json,NotBuggy
3,0.662705659866333,1,0,131.91592407226562,11455.json,NotBuggy
4,0.4012397527694702,1,0,126.19583892822266,16895.json,NotBuggy
4,0.7736948728561401,1,0,125.64796447753906,15347.json,NotBuggy
3,0.9346750378608704,1,0,133.59722900390625,22299.json,NotBuggy
4,0.39545223116874695,1,0,124.26470947265625,5004.json,NotBuggy
6,0.6166042685508728,2,1,116.48211669921875,3315.json,NotBuggy
3,0.7517451047897339,1,1,132.086669921875,8595.json,NotBuggy
10,0.08691442012786865,1,5,103.3606948852539,19196.json,NotBuggy
3,0.4148500859737396,1,1,128.22288513183594,8026.json,NotBuggy
13,0.06169921159744263,2,4,97.95441436767578,11578.json,NotBuggy
4,0.4755558669567108,1,2,125.27178192138672,16945.json,NotBuggy
3,0.6359079480171204,1,2,129.0215301513672,17105.json,NotBuggy
11,0.0,1,32,98.11109161376953,7775.json,NotBuggy
9,0.04467522352933884,3,3,105.27605438232422,20222.json,NotBuggy
37,0.0,1,105,71.11962890625,7785.json,NotBuggy
3,0.6354067325592041,1,2,130.45266723632812,20075.json,NotBuggy
10,5.640461458824575E-4,3,9,101.47245025634766,4043.json,NotBuggy
3,0.7330922484397888,1,0,131.9385528564453,15940.json,NotBuggy
4,0.8686437606811523,1,0,125.15930938720703,13762.json,NotBuggy
5,0.4785408079624176,2,1,120.0035629272461,17985.json,NotBuggy
3,0.06234172731637955,1,2,129.2378692626953,3354.json,NotBuggy
13,0.0024227346293628216,4,4,97.56507110595703,1067.json,NotBuggy
3,0.753322184085846,1,0,130.85629272460938,165.json,NotBuggy
4,0.7028769254684448,1,0,125.5254898071289,22234.json,NotBuggy
3,0.007857928983867168,1,0,127.01653289794922,3771.json,NotBuggy
4,0.2743520736694336,1,0,125.64796447753906,23029.json,NotBuggy
6,0.0,1,5,113.65766906738281,9036.json,NotBuggy
4,0.7119079828262329,1,0,125.27178192138672,22018.json,NotBuggy
7,0.0022877887822687626,1,7,109.58658599853516,4293.json,NotBuggy
4,0.44550052285194397,1,0,125.64796447753906,12587.json,NotBuggy
5,0.19107535481452942,2,2,120.73249816894531,14368.json,NotBuggy
13,0.02205897681415081,4,5,98.36714172363281,19021.json,NotBuggy
19,6.130572292022407E-4,4,18,86.4504165649414,17199.json,NotBuggy
3,0.3018370568752289,1,0,131.1535186767578,1732.json,NotBuggy
3,0.13399919867515564,1,2,128.50894165039062,10129.json,NotBuggy
3,0.7537158131599426,1,0,131.28770446777344,18324.json,NotBuggy
4,0.2207546830177307,1,3,124.25267028808594,3851.json,NotBuggy
3,0.7628742456436157,1,1,131.28770446777344,19281.json,NotBuggy
4,0.6847578883171082,1,1,123.65223693847656,13602.json,NotBuggy
5,0.002835294231772423,1,5,117.7408218383789,16181.json,NotBuggy
3,0.8983021378517151,1,0,134.26058959960938,3393.json,NotBuggy
4,0.00876183994114399,1,4,121.0166244506836,4212.json,NotBuggy
13,0.048496395349502563,2,8,100.10187530517578,4306.json,NotBuggy
9,1.2451723159756511E-4,3,9,103.24309539794922,6279.json,NotBuggy
3,0.8983809351921082,1,0,133.59722900390625,22332.json,NotBuggy
3,0.06288294494152069,1,1,129.2428436279297,19274.json,NotBuggy
12,0.013408561237156391,1,9,100.1854476928711,16790.json,NotBuggy
3,0.8389381766319275,1,0,133.59722900390625,16541.json,NotBuggy
4,0.8113564252853394,1,0,125.5254898071289,16335.json,NotBuggy
3,0.9381090402603149,1,0,133.59722900390625,11840.json,NotBuggy
18,0.0,1,29,88.56965637207031,17111.json,NotBuggy
31,0.0,6,26,76.7801513671875,2991.json,NotBuggy
4,0.6617034077644348,1,0,125.27178192138672,21996.json,NotBuggy
4,0.07423649728298187,1,2,123.19084167480469,19755.json,NotBuggy
8,0.8751479387283325,1,0,109.43135833740234,10865.json,NotBuggy
4,0.48880141973495483,1,0,125.64796447753906,10620.json,NotBuggy
3,0.8582584857940674,1,0,133.59722900390625,4578.json,NotBuggy
3,0.1934923380613327,1,1,128.92515563964844,4448.json,NotBuggy
6,0.1537909209728241,1,4,115.30660247802734,6381.json,NotBuggy
3,0.35903599858283997,1,0,130.57513427734375,4149.json,NotBuggy
3,0.9621713757514954,1,0,133.59722900390625,23463.json,NotBuggy
14,0.4015180766582489,4,8,97.16659545898438,13800.json,NotBuggy
9,0.18874238431453705,3,2,106.060791015625,777.json,NotBuggy
17,0.003589049680158496,1,16,92.85681915283203,3548.json,NotBuggy
3,0.7542890310287476,1,0,133.59722900390625,1173.json,NotBuggy
11,0.10828550904989243,3,3,100.78900909423828,8661.json,NotBuggy
12,0.27376407384872437,1,4,100.32888793945312,18825.json,NotBuggy
5,0.2326618731021881,1,2,118.74115753173828,12044.json,NotBuggy
12,0.13920360803604126,4,0,101.73868560791016,8786.json,NotBuggy
3,0.5488622784614563,1,2,129.57785034179688,16392.json,NotBuggy
11,0.0,3,15,98.89442443847656,16765.json,NotBuggy
3,0.8582584857940674,1,0,133.59722900390625,4497.json,NotBuggy
7,0.011944694444537163,1,7,111.19754791259766,23295.json,NotBuggy
3,0.09423460811376572,1,0,133.59722900390625,9795.json,NotBuggy
4,0.7119079828262329,1,0,125.27178192138672,4642.json,NotBuggy
7,0.03184371069073677,2,5,110.50897216796875,20237.json,NotBuggy
4,0.09078897535800934,1,1,123.55950164794922,596.json,NotBuggy
4,0.5068174004554749,1,0,125.27178192138672,12429.json,NotBuggy
3,0.9621713757514954,1,0,133.59722900390625,23004.json,NotBuggy
3,0.0446552112698555,1,3,127.42049407958984,11735.json,NotBuggy
3,0.8610372543334961,1,0,133.59722900390625,19556.json,NotBuggy
14,0.0021320900414139032,5,2,95.36347961425781,8637.json,NotBuggy
7,0.011977248825132847,1,7,111.28950500488281,2367.json,NotBuggy
3,0.8703395128250122,1,0,133.59722900390625,10570.json,NotBuggy
3,0.7711441516876221,1,0,133.59722900390625,12.json,NotBuggy
3,0.9294750690460205,1,0,133.59722900390625,21044.json,NotBuggy
10,2.141962613677606E-4,2,11,101.57369232177734,3140.json,NotBuggy
4,0.606551468372345,1,0,125.64796447753906,22838.json,NotBuggy
3,0.7208871841430664,1,0,131.75106811523438,12040.json,NotBuggy
2,0.997035026550293,1,0,139.0139617919922,16614.json,NotBuggy
4,0.6988435983657837,1,0,125.27178192138672,21994.json,NotBuggy
3,0.9294750690460205,1,0,133.59722900390625,23312.json,NotBuggy
12,0.0374344177544117,3,6,97.92726135253906,6153.json,NotBuggy
3,0.9381090402603149,1,0,133.59722900390625,22947.json,NotBuggy
3,0.8784159421920776,1,0,133.59722900390625,9287.json,NotBuggy
8,0.05979542434215546,2,5,107.78910827636719,15538.json,NotBuggy
3,0.04484930634498596,1,1,130.45266723632812,18236.json,NotBuggy
6,0.9347177147865295,1,0,116.7360610961914,11543.json,NotBuggy
3,0.9124325513839722,1,0,133.59722900390625,927.json,NotBuggy
4,0.1758137047290802,1,1,123.19084167480469,18955.json,NotBuggy
3,0.9691274166107178,1,0,133.59722900390625,11830.json,NotBuggy
4,0.7044928669929504,1,0,125.27178192138672,21976.json,NotBuggy
4,0.7119079828262329,1,0,125.27178192138672,23003.json,NotBuggy
21,0.08565923571586609,2,6,89.59601593017578,4122.json,NotBuggy
3,0.8353855013847351,1,0,133.59722900390625,21058.json,NotBuggy
4,0.46998441219329834,1,0,125.27178192138672,3903.json,NotBuggy
4,0.6964671015739441,1,1,126.19583892822266,15178.json,NotBuggy
4,0.606551468372345,1,0,125.64796447753906,22707.json,NotBuggy
5,0.09681160002946854,1,5,118.00186920166016,8578.json,NotBuggy
3,0.8537255525588989,1,0,133.59722900390625,8705.json,NotBuggy
3,0.8163384199142456,1,0,133.59722900390625,16185.json,NotBuggy
3,0.18692919611930847,1,1,129.14646911621094,14313.json,NotBuggy
3,0.8650782704353333,1,0,132.9956512451172,9005.json,NotBuggy
3,0.8721758723258972,1,1,131.75106811523438,13713.json,NotBuggy
18,0.0,3,30,87.06389617919922,14699.json,Buggy
10,0.10762528330087662,3,6,102.48894500732422,15757.json,NotBuggy
3,0.8458192348480225,1,0,133.59722900390625,13695.json,NotBuggy
6,0.1537909209728241,1,4,115.30660247802734,6384.json,NotBuggy
4,0.31102344393730164,1,1,125.15235137939453,19622.json,NotBuggy
10,0.12260410189628601,2,5,102.76151275634766,1760.json,NotBuggy
3,0.7269238233566284,1,1,130.85629272460938,17999.json,NotBuggy
4,0.008836192078888416,1,2,123.20073699951172,18617.json,NotBuggy
5,0.2577572464942932,1,6,115.59233856201172,4270.json,NotBuggy
3,0.8247790336608887,1,1,131.1535186767578,21573.json,NotBuggy
10,0.012934385798871517,4,4,101.74471282958984,2024.json,NotBuggy
3,0.9558944702148438,1,0,133.59722900390625,20116.json,NotBuggy
7,2.3891429009381682E-4,2,7,107.94458770751953,2830.json,NotBuggy
3,0.9558944702148438,1,0,133.59722900390625,22346.json,NotBuggy
5,8.737004245631397E-4,1,3,118.5980453491211,10554.json,NotBuggy
3,0.8727014660835266,1,0,133.59722900390625,18460.json,NotBuggy
5,0.0,2,7,114.63693237304688,14110.json,NotBuggy
3,0.0035359205212444067,1,6,126.2368392944336,17618.json,NotBuggy
3,0.7336458563804626,1,1,131.28770446777344,13838.json,NotBuggy
3,0.8152434825897217,1,0,133.59722900390625,21663.json,NotBuggy
4,0.4845001995563507,1,0,125.64796447753906,21198.json,NotBuggy
4,0.001052653300575912,1,7,119.75027465820312,2597.json,NotBuggy
3,0.7542361617088318,1,1,130.45266723632812,1788.json,NotBuggy
13,0.015223315916955471,4,6,96.76830291748047,6024.json,NotBuggy
3,0.3266444206237793,1,0,134.26058959960938,3270.json,NotBuggy
3,0.9457477331161499,1,0,133.59722900390625,19748.json,NotBuggy
6,0.009460192173719406,1,7,113.01594543457031,16530.json,NotBuggy
3,0.9040838479995728,1,0,133.59722900390625,11534.json,NotBuggy
3,0.911153256893158,1,0,130.99049377441406,1363.json,NotBuggy
4,0.5199355483055115,1,0,125.27178192138672,18015.json,NotBuggy
6,0.9152209758758545,1,0,117.59266662597656,14009.json,NotBuggy
3,0.25429585576057434,1,2,129.69032287597656,12771.json,NotBuggy
4,0.7264310717582703,1,0,125.02987670898438,12468.json,NotBuggy
3,0.9109471440315247,1,0,133.59722900390625,12242.json,NotBuggy
3,0.9320460557937622,1,0,132.9956512451172,14543.json,NotBuggy
3,0.7972366809844971,1,0,133.59722900390625,23513.json,NotBuggy
3,0.8794088959693909,1,0,131.91592407226562,10658.json,NotBuggy
11,5.134718376211822E-4,1,14,99.06116485595703,9045.json,Buggy
7,0.5076001882553101,2,2,113.31297302246094,16139.json,NotBuggy
4,0.8488924503326416,1,1,127.59107971191406,20250.json,NotBuggy
3,0.5281462073326111,1,0,133.59722900390625,19573.json,NotBuggy
3,0.7965443134307861,1,0,133.59722900390625,10631.json,NotBuggy
4,0.7119079828262329,1,0,125.27178192138672,22882.json,NotBuggy
3,0.5404261946678162,1,0,133.59722900390625,21217.json,NotBuggy
4,0.435345321893692,1,1,125.02987670898438,20531.json,NotBuggy
3,0.3969334363937378,1,1,130.7338104248047,1143.json,NotBuggy
3,0.8628933429718018,1,1,130.85629272460938,1399.json,NotBuggy
3,0.8794088959693909,1,0,131.91592407226562,10811.json,NotBuggy
3,0.9038982391357422,1,0,133.59722900390625,23108.json,NotBuggy
8,0.36270609498023987,3,2,110.15101623535156,883.json,NotBuggy
3,0.28546103835105896,1,0,131.9385528564453,18920.json,NotBuggy
8,0.12689678370952606,2,4,108.83641052246094,9996.json,NotBuggy
6,4.952937015332282E-4,1,5,112.99028015136719,3349.json,NotBuggy
3,0.027325663715600967,1,0,130.30841064453125,18201.json,NotBuggy
4,0.6988435983657837,1,0,125.27178192138672,23058.json,NotBuggy
3,0.9340493083000183,1,0,133.59722900390625,18245.json,NotBuggy
3,0.8537255525588989,1,0,133.59722900390625,23212.json,NotBuggy
7,0.0014922019327059388,2,2,109.56089782714844,10356.json,NotBuggy
8,0.03797786682844162,2,6,107.55213928222656,5670.json,NotBuggy
7,1.1480545799713582E-4,1,1,114.899169921875,14710.json,NotBuggy
3,0.18768562376499176,1,0,130.30841064453125,17668.json,NotBuggy
3,0.9402101635932922,1,0,133.59722900390625,2195.json,NotBuggy
4,0.6292893290519714,1,0,125.64796447753906,22733.json,NotBuggy
3,0.7628113031387329,1,0,133.59722900390625,10.json,NotBuggy
4,0.710839569568634,1,0,125.27178192138672,13813.json,NotBuggy
2,0.9975274205207825,1,0,142.4026641845703,6758.json,NotBuggy
3,0.17445887625217438,1,0,133.59722900390625,7048.json,NotBuggy
3,0.8537255525588989,1,0,133.59722900390625,21695.json,NotBuggy
3,0.8682084083557129,1,0,133.59722900390625,4711.json,NotBuggy
6,0.006345159839838743,1,4,114.86405181884766,14647.json,NotBuggy
4,0.7280825972557068,1,0,125.27178192138672,7169.json,NotBuggy
6,0.05630135536193848,1,6,114.91886901855469,16261.json,NotBuggy
5,0.33179283142089844,2,2,116.92352294921875,6490.json,NotBuggy
4,0.6873812079429626,1,0,125.64796447753906,21004.json,NotBuggy
3,0.8989652395248413,1,0,133.59722900390625,11451.json,NotBuggy
22,0.0,1,21,85.58027648925781,9719.json,Buggy
3,0.9165305495262146,1,0,133.59722900390625,1285.json,NotBuggy
3,0.6920579075813293,1,0,133.59722900390625,12570.json,NotBuggy
12,0.02044980600476265,5,0,99.9686508178711,4311.json,NotBuggy
3,0.9557621479034424,1,0,132.9956512451172,6892.json,Buggy
8,0.00936734490096569,2,3,108.03524780273438,542.json,NotBuggy
4,0.47992143034935,1,0,125.64796447753906,21954.json,NotBuggy
7,0.39518553018569946,2,2,110.61402893066406,16853.json,NotBuggy
9,0.13216081261634827,1,10,104.278564453125,3586.json,NotBuggy
6,0.06349047273397446,2,5,112.41690063476562,6012.json,NotBuggy
10,0.0030714652966707945,3,9,101.36347198486328,9245.json,NotBuggy
4,0.01494479551911354,1,3,123.10436248779297,15897.json,NotBuggy
4,0.7499582767486572,1,0,125.64796447753906,11083.json,NotBuggy
3,0.001637953333556652,1,3,126.21087646484375,16277.json,NotBuggy
12,0.635356068611145,2,2,100.34869384765625,1022.json,NotBuggy
3,0.2375272959470749,1,2,129.47398376464844,5171.json,NotBuggy
3,0.5904289484024048,1,0,133.59722900390625,13114.json,NotBuggy
11,0.029107721522450447,2,8,100.7259750366211,8481.json,NotBuggy
3,0.6720109581947327,1,0,133.59722900390625,21263.json,NotBuggy
4,0.7256754636764526,1,0,125.27178192138672,22719.json,NotBuggy
4,2.4398208188358694E-4,1,9,118.47857666015625,13648.json,NotBuggy
8,0.0,2,8,106.0568618774414,8635.json,NotBuggy
3,0.7693724036216736,1,0,133.59722900390625,23032.json,NotBuggy
3,0.793246865272522,1,0,133.59722900390625,12043.json,NotBuggy
4,0.5087435841560364,1,0,125.64796447753906,22396.json,NotBuggy
9,0.16782887279987335,1,7,106.25830078125,4739.json,NotBuggy
4,0.5140860080718994,1,0,125.64796447753906,11880.json,NotBuggy
3,0.6097896695137024,1,1,131.75106811523438,903.json,NotBuggy
18,1.0984507389366627E-4,1,15,91.25685119628906,4553.json,NotBuggy
3,0.7571610808372498,1,0,131.9385528564453,16320.json,NotBuggy
4,0.4859175980091095,1,0,125.64796447753906,22687.json,NotBuggy
3,0.7872003316879272,1,0,130.57513427734375,20706.json,NotBuggy
2,0.9804085493087769,1,0,139.56419372558594,19108.json,NotBuggy
9,0.013520684093236923,3,2,105.06708526611328,1403.json,NotBuggy
8,0.18314513564109802,2,3,108.45081329345703,16234.json,Buggy
5,0.001268841908313334,2,4,115.59941864013672,4113.json,NotBuggy
3,0.4211409389972687,1,2,130.18594360351562,1997.json,NotBuggy
5,0.31479841470718384,2,1,119.7175064086914,14910.json,NotBuggy
3,0.6547163724899292,1,1,132.25152587890625,6129.json,NotBuggy
3,0.9621713757514954,1,0,133.59722900390625,23354.json,NotBuggy
5,0.15637466311454773,2,2,118.51115417480469,12414.json,NotBuggy
7,0.025413556024432182,1,7,109.28333282470703,14380.json,NotBuggy
3,0.8353855013847351,1,0,133.59722900390625,22444.json,NotBuggy
8,0.0402907133102417,2,5,106.8936996459961,8494.json,NotBuggy
3,0.910320520401001,1,0,133.59722900390625,2134.json,NotBuggy
3,0.8853198885917664,1,0,133.59722900390625,22156.json,NotBuggy
3,0.5860450863838196,1,1,130.7338104248047,6891.json,NotBuggy
31,0.0,5,32,77.73297882080078,7217.json,NotBuggy
3,0.015766585245728493,1,1,127.87090301513672,5453.json,NotBuggy
3,0.4764012098312378,1,1,130.05470275878906,9846.json,NotBuggy
9,0.14192314445972443,2,3,106.1782455444336,6030.json,NotBuggy
3,0.2338838130235672,1,2,129.57785034179688,17951.json,NotBuggy
3,0.005723226815462112,1,2,129.0215301513672,17956.json,NotBuggy
17,0.002985745668411255,5,15,89.53572082519531,20201.json,NotBuggy
7,8.269853424280882E-4,3,6,108.38556671142578,6871.json,NotBuggy
3,0.8983809351921082,1,0,133.59722900390625,22708.json,NotBuggy
4,0.38509395718574524,1,1,125.91468811035156,9265.json,NotBuggy
7,0.07002907991409302,2,4,111.42000579833984,14698.json,NotBuggy
9,0.0061000254936516285,3,4,104.16353607177734,19985.json,Buggy
5,0.6720572710037231,1,3,120.3299331665039,4682.json,NotBuggy
5,0.5260879993438721,1,4,120.03731536865234,20098.json,NotBuggy
5,0.6072567105293274,2,2,118.6711654663086,3936.json,NotBuggy
4,0.6067095398902893,1,0,125.64796447753906,22010.json,NotBuggy
3,0.0974535122513771,1,0,133.59722900390625,19918.json,NotBuggy
12,0.2151656597852707,5,3,101.10120391845703,19448.json,NotBuggy
7,0.07514046132564545,1,4,110.3785629272461,8309.json,NotBuggy
4,0.6254704594612122,1,0,125.27178192138672,22890.json,NotBuggy
10,0.12092216312885284,1,8,104.84103393554688,9998.json,NotBuggy
7,0.2190067172050476,2,2,112.46537017822266,776.json,NotBuggy
3,0.19111478328704834,1,2,128.92515563964844,18241.json,NotBuggy
3,0.9381090402603149,1,0,133.59722900390625,8933.json,NotBuggy
3,0.8152434825897217,1,0,133.59722900390625,21647.json,NotBuggy
3,0.7048301100730896,1,1,132.25152587890625,8940.json,NotBuggy
3,0.7912090420722961,1,1,131.1535186767578,14781.json,NotBuggy
8,0.23362192511558533,2,2,109.82251739501953,5562.json,NotBuggy
3,0.8809243440628052,1,0,133.59722900390625,10804.json,NotBuggy
4,0.7256754636764526,1,0,125.27178192138672,4716.json,NotBuggy
3,0.8446570634841919,1,0,131.9385528564453,3943.json,NotBuggy
3,0.4718824625015259,1,2,130.85629272460938,8594.json,NotBuggy
3,0.8537255525588989,1,0,133.59722900390625,22913.json,NotBuggy
3,0.7438251972198486,1,2,130.85745239257812,14881.json,NotBuggy
6,0.007520526647567749,2,3,112.16841125488281,8655.json,NotBuggy
7,0.07300040870904922,1,5,112.98433685302734,3228.json,NotBuggy
3,0.45177438855171204,1,0,131.03103637695312,9200.json,NotBuggy
3,0.9294750690460205,1,0,133.59722900390625,14705.json,NotBuggy
3,0.39521753787994385,1,1,129.37762451171875,4854.json,NotBuggy
4,0.7530750632286072,1,1,125.5254898071289,19053.json,NotBuggy
13,0.046345267444849014,2,9,96.94379425048828,16432.json,NotBuggy
15,0.0,1,28,90.8131103515625,8215.json,NotBuggy
3,0.9153783321380615,1,0,133.59722900390625,20114.json,NotBuggy
11,0.8316304087638855,2,1,102.73143768310547,1034.json,NotBuggy
15,0.003977282904088497,1,16,93.46406555175781,2807.json,Buggy
3,0.10881473124027252,1,1,129.2428436279297,15002.json,NotBuggy
8,0.24102257192134857,2,4,108.29129028320312,17501.json,NotBuggy
3,0.9402769804000854,1,0,133.59722900390625,17332.json,NotBuggy
3,0.013992341235280037,1,3,128.0337677001953,2308.json,NotBuggy
3,0.8353855013847351,1,0,133.59722900390625,8002.json,NotBuggy
3,0.4088570475578308,1,2,131.75106811523438,8243.json,NotBuggy
3,0.8105218410491943,1,1,130.85629272460938,16394.json,NotBuggy
4,0.05631101876497269,1,3,122.93054962158203,4305.json,NotBuggy
3,0.8237720727920532,1,0,133.59722900390625,22142.json,NotBuggy
4,0.356935054063797,1,1,123.87862396240234,15103.json,NotBuggy
3,0.0,1,1,126.41971588134766,5390.json,NotBuggy
4,0.15638095140457153,1,3,122.3560791015625,3282.json,NotBuggy
3,0.9621713757514954,1,0,133.59722900390625,23256.json,NotBuggy
4,0.6527667045593262,1,0,125.27178192138672,9642.json,NotBuggy
4,0.20600928366184235,1,0,125.64796447753906,3994.json,NotBuggy
3,0.785537600517273,1,0,133.59722900390625,18028.json,NotBuggy
3,0.8274908065795898,1,0,131.9385528564453,4048.json,NotBuggy
3,0.9320460557937622,1,0,132.9956512451172,14382.json,NotBuggy
3,0.9165305495262146,1,0,133.59722900390625,6806.json,NotBuggy
5,0.09146444499492645,1,1,122.4339599609375,16482.json,NotBuggy
3,0.9078042507171631,1,0,132.4454345703125,19185.json,NotBuggy
3,0.7695571780204773,1,0,131.28770446777344,13025.json,NotBuggy
3,0.44284096360206604,1,2,129.69032287597656,11742.json,NotBuggy
11,0.005632948130369186,2,5,100.9029541015625,16146.json,NotBuggy
2,0.9569815993309021,1,0,140.82913208007812,13962.json,NotBuggy
3,0.002214436186477542,1,7,125.3664321899414,10341.json,NotBuggy
3,0.8914176821708679,1,0,133.59722900390625,10222.json,NotBuggy
8,0.07871292531490326,1,9,108.23262786865234,22357.json,NotBuggy
12,0.40810492634773254,6,4,100.30713653564453,16443.json,NotBuggy
3,0.5633074641227722,1,0,134.26058959960938,23424.json,NotBuggy
3,0.05130910128355026,1,0,129.14646911621094,6607.json,NotBuggy
3,0.9402101635932922,1,0,133.59722900390625,20599.json,NotBuggy
3,0.8463761806488037,1,0,133.59722900390625,12333.json,NotBuggy
5,0.6249285936355591,1,2,120.74615478515625,18840.json,NotBuggy
10,0.10550408065319061,4,4,104.45076751708984,20619.json,NotBuggy
15,0.001053085783496499,3,8,93.99088287353516,14245.json,NotBuggy
3,0.17777730524539948,1,2,127.76480865478516,7807.json,NotBuggy
3,0.8152434825897217,1,0,133.59722900390625,21731.json,NotBuggy
7,0.6829153299331665,3,2,110.72028350830078,18916.json,NotBuggy
10,5.943442229181528E-4,2,12,102.51585388183594,1964.json,Buggy
3,0.941373884677887,1,0,133.59722900390625,399.json,NotBuggy
3,0.6740603446960449,1,0,133.59722900390625,1203.json,NotBuggy
3,0.9558944702148438,1,0,133.59722900390625,21503.json,NotBuggy
6,0.33890631794929504,2,1,117.56661224365234,16043.json,NotBuggy
4,0.5596092939376831,1,0,125.64796447753906,18159.json,NotBuggy
3,0.07096255570650101,1,2,128.4090576171875,10850.json,NotBuggy
13,0.8682704567909241,4,2,99.45613861083984,19034.json,NotBuggy
3,0.7269524931907654,1,1,130.85629272460938,946.json,NotBuggy
3,0.09479130059480667,1,3,127.43789672851562,12268.json,NotBuggy
3,0.002378452103585005,2,1,125.98087310791016,363.json,Buggy
4,0.606551468372345,1,0,125.64796447753906,22648.json,NotBuggy
3,0.8232475519180298,2,1,129.58975219726562,17629.json,NotBuggy
6,0.0024687843397259712,1,4,114.14724731445312,5225.json,NotBuggy
8,0.21377761662006378,2,4,108.55803680419922,1200.json,NotBuggy
3,0.024037422612309456,1,0,133.59722900390625,17831.json,NotBuggy
3,0.9182339310646057,1,0,133.59722900390625,19571.json,NotBuggy
4,0.8135294914245605,1,0,125.15930938720703,1193.json,NotBuggy
14,0.0,3,15,93.66898345947266,3919.json,NotBuggy
4,0.7256754636764526,1,0,125.27178192138672,21027.json,NotBuggy
6,0.3251528739929199,2,3,114.88836669921875,4302.json,NotBuggy
3,0.8853198885917664,1,0,133.59722900390625,3953.json,NotBuggy
3,0.44337454438209534,1,1,130.44261169433594,11744.json,NotBuggy
5,0.14833632111549377,1,4,119.15383911132812,11961.json,NotBuggy
7,0.015616991557180882,1,4,111.53314208984375,2628.json,NotBuggy
4,0.8105666041374207,1,0,125.15930938720703,9122.json,NotBuggy
3,0.11934797465801239,1,3,128.8092498779297,15976.json,NotBuggy
3,0.8386132717132568,1,0,132.4454345703125,734.json,NotBuggy
3,0.8508948087692261,1,0,133.59722900390625,18115.json,NotBuggy
3,0.8245010375976562,2,1,129.4603271484375,19494.json,NotBuggy
3,0.5860450863838196,1,1,130.7338104248047,20310.json,NotBuggy
3,0.8828085660934448,1,0,133.59722900390625,12056.json,NotBuggy
3,0.7877442240715027,1,0,131.9385528564453,18260.json,NotBuggy
3,0.42934030294418335,1,1,130.70933532714844,14742.json,NotBuggy
8,0.0038657954428344965,2,4,106.30162048339844,17083.json,NotBuggy
4,0.7151249647140503,1,0,125.27178192138672,22098.json,NotBuggy
4,0.7119079828262329,1,0,125.27178192138672,22335.json,NotBuggy
3,0.898770809173584,1,0,133.59722900390625,10108.json,NotBuggy
16,8.349952986463904E-4,2,15,91.94642639160156,4336.json,NotBuggy
3,0.632936954498291,1,0,131.9385528564453,4059.json,NotBuggy
3,0.8730796575546265,1,0,133.59722900390625,21030.json,NotBuggy
3,0.1679689884185791,1,2,128.712890625,17037.json,NotBuggy
3,0.7736914157867432,1,0,133.59722900390625,7242.json,NotBuggy
4,0.7151249647140503,1,0,125.27178192138672,23227.json,NotBuggy
12,0.30379346013069153,2,8,99.0183334350586,20089.json,NotBuggy
3,0.4474892318248749,1,1,129.7158966064453,174.json,NotBuggy
9,0.04540134593844414,3,3,102.75785064697266,20430.json,NotBuggy
11,0.14416758716106415,1,8,101.43896484375,5293.json,NotBuggy
2,0.9967727065086365,1,0,140.82913208007812,17198.json,NotBuggy
6,0.010531098581850529,2,6,112.38192749023438,6901.json,NotBuggy
3,0.591493546962738,1,2,130.57513427734375,14049.json,NotBuggy
4,0.7119079828262329,1,0,125.27178192138672,15609.json,NotBuggy
3,0.14639566838741302,1,4,126.94014739990234,20151.json,NotBuggy
7,0.03564568981528282,1,5,113.0444107055664,20401.json,NotBuggy
7,0.2504188120365143,1,6,110.73896789550781,40.json,NotBuggy
4,0.18983271718025208,1,0,124.36514282226562,14790.json,NotBuggy
4,0.20905135571956635,1,1,124.1488037109375,2353.json,NotBuggy
3,0.7137724757194519,1,1,130.99049377441406,19641.json,NotBuggy
27,0.0,4,28,78.59642791748047,19850.json,NotBuggy
3,0.8814632296562195,1,0,133.59722900390625,9665.json,NotBuggy
3,0.8788553476333618,1,0,131.1535186767578,17592.json,NotBuggy
4,6.736996583640575E-4,1,0,125.64796447753906,22149.json,NotBuggy
8,0.7536200881004333,2,2,111.64537811279297,18860.json,NotBuggy
13,0.0013954655732959509,1,11,97.97203063964844,4836.json,NotBuggy
10,0.004377300851047039,2,8,101.33523559570312,3645.json,NotBuggy
8,0.03889933228492737,3,3,108.32803344726562,18673.json,NotBuggy
5,0.5891040563583374,2,4,118.9991226196289,14237.json,NotBuggy
3,0.7308516502380371,1,0,131.91592407226562,13001.json,NotBuggy
4,0.2193523496389389,1,1,125.27178192138672,11661.json,NotBuggy
7,0.05044294893741608,2,3,111.7208480834961,4051.json,NotBuggy
7,0.2870548963546753,2,4,111.23076629638672,14691.json,NotBuggy
3,0.9009784460067749,1,0,133.59722900390625,7295.json,NotBuggy
12,0.18572692573070526,1,3,101.18096923828125,8874.json,NotBuggy
3,0.644447386264801,1,0,131.28770446777344,10225.json,NotBuggy
4,0.7119079828262329,1,0,125.27178192138672,3249.json,NotBuggy
3,0.6299808621406555,1,0,134.26058959960938,16136.json,NotBuggy
3,0.8794088959693909,1,0,131.91592407226562,10361.json,NotBuggy
3,0.014595763757824898,1,0,129.69032287597656,6738.json,NotBuggy
4,0.41362082958221436,1,0,125.02987670898438,14964.json,NotBuggy
5,0.11515603959560394,1,4,117.03448486328125,14567.json,NotBuggy
3,0.8983809351921082,1,0,133.59722900390625,23545.json,NotBuggy
7,0.21493662893772125,2,3,111.1139144897461,20034.json,NotBuggy
4,0.4859175980091095,1,0,125.64796447753906,15587.json,NotBuggy
5,0.011896388605237007,1,3,116.62340545654297,21192.json,NotBuggy
4,0.6316621899604797,1,0,125.64796447753906,21952.json,NotBuggy
21,0.004315320868045092,3,20,85.12712097167969,4887.json,NotBuggy
5,0.6197230815887451,2,2,118.6711654663086,3935.json,Buggy
3,0.8116694092750549,1,0,131.91592407226562,20709.json,NotBuggy
3,0.7240781188011169,1,0,131.9385528564453,22925.json,NotBuggy
3,0.7216347455978394,1,2,130.45266723632812,20076.json,NotBuggy
4,0.6988435983657837,1,0,125.27178192138672,23506.json,NotBuggy
3,0.19084696471691132,1,2,129.0215301513672,7907.json,NotBuggy
3,0.6314983367919922,1,2,129.93223571777344,1901.json,NotBuggy
3,0.9691274166107178,1,0,133.59722900390625,9854.json,NotBuggy
3,0.8537255525588989,1,0,133.59722900390625,22083.json,NotBuggy
10,0.5763977766036987,3,1,105.11434936523438,2961.json,NotBuggy
4,0.4859175980091095,1,0,125.64796447753906,21885.json,NotBuggy
10,0.1728733628988266,3,6,105.10376739501953,20271.json,NotBuggy
4,0.011003796011209488,1,3,122.4349365234375,3808.json,NotBuggy
4,0.913433849811554,1,2,123.94486236572266,847.json,NotBuggy
13,0.10955888032913208,3,6,98.07835388183594,17699.json,NotBuggy
4,0.5402058959007263,1,0,125.64796447753906,12880.json,NotBuggy
3,2.470060717314482E-4,1,4,126.94014739990234,13073.json,NotBuggy
7,0.14475181698799133,2,4,110.88778686523438,2868.json,NotBuggy
3,0.05259398743510246,1,1,129.93223571777344,19282.json,NotBuggy
9,0.04418011009693146,2,6,106.03748321533203,3416.json,NotBuggy
3,0.25066494941711426,1,2,128.3351287841797,11776.json,NotBuggy
3,0.749021053314209,1,0,131.9385528564453,22911.json,NotBuggy
3,0.9427401423454285,1,1,132.086669921875,5139.json,NotBuggy
4,0.11830005794763565,1,1,122.85169219970703,13795.json,NotBuggy
3,0.9021269083023071,1,0,133.59722900390625,18259.json,Buggy
3,0.5854716897010803,1,1,132.25152587890625,19507.json,NotBuggy
2,0.9940195083618164,1,0,140.82913208007812,8883.json,NotBuggy
3,0.9381090402603149,1,0,133.59722900390625,2632.json,NotBuggy
4,0.3596816062927246,1,2,122.4349365234375,12679.json,NotBuggy
3,0.3342065215110779,1,2,131.75106811523438,17388.json,NotBuggy
3,0.9662848711013794,1,0,133.59722900390625,14762.json,NotBuggy
8,0.002487013814970851,1,6,107.4669189453125,16650.json,NotBuggy
10,0.002192501677200198,1,11,102.55911254882812,14404.json,NotBuggy
11,0.00863549206405878,2,10,99.92851257324219,3805.json,NotBuggy
4,0.6254518628120422,1,0,125.27178192138672,2958.json,NotBuggy
3,0.5001721978187561,1,1,132.25152587890625,9380.json,NotBuggy
4,0.7119079828262329,1,0,125.27178192138672,22705.json,NotBuggy
3,0.2197493016719818,1,2,128.712890625,1765.json,NotBuggy
9,0.020936239510774612,2,8,103.99220275878906,8702.json,NotBuggy
4,0.34647566080093384,1,0,125.64796447753906,21780.json,NotBuggy
3,0.9381090402603149,1,0,133.59722900390625,22383.json,NotBuggy
3,0.9034404754638672,1,0,133.59722900390625,372.json,NotBuggy
20,0.010218801908195019,3,13,87.72750091552734,8971.json,NotBuggy
4,0.5110961198806763,1,1,125.64796447753906,11940.json,NotBuggy
5,0.0016722633736208081,1,5,117.36475372314453,15981.json,NotBuggy
7,4.452849680092186E-4,2,8,109.67784881591797,19632.json,NotBuggy
32,0.0,7,20,75.30042266845703,889.json,NotBuggy
5,0.5398655533790588,1,3,118.0075454711914,15128.json,NotBuggy
3,0.2979017496109009,1,1,130.18890380859375,14927.json,NotBuggy
11,0.0035438931081444025,2,5,100.51371765136719,12112.json,NotBuggy
11,0.006413387134671211,2,9,100.55792236328125,18347.json,Buggy
3,0.8688722848892212,1,0,133.59722900390625,12321.json,NotBuggy
3,0.9197396636009216,1,0,133.59722900390625,7901.json,NotBuggy
3,0.8152434825897217,1,0,133.59722900390625,4594.json,NotBuggy
3,0.8353855013847351,1,0,133.59722900390625,10790.json,NotBuggy
9,0.14266297221183777,1,5,105.8958969116211,750.json,NotBuggy
3,0.4125204384326935,1,0,130.44261169433594,1424.json,NotBuggy
3,0.5525928139686584,1,0,130.18594360351562,18124.json,NotBuggy
4,0.10639401525259018,1,1,124.1488037109375,2340.json,NotBuggy
3,0.9623391628265381,1,0,130.45266723632812,168.json,NotBuggy
5,0.0057907672598958015,1,5,117.03448486328125,5207.json,NotBuggy
5,0.0318477600812912,2,2,116.51036071777344,19039.json,NotBuggy
3,0.36638501286506653,1,0,132.9956512451172,843.json,NotBuggy
4,0.5554463267326355,1,1,125.64796447753906,11675.json,NotBuggy
3,0.010069519281387329,1,4,128.50894165039062,9932.json,NotBuggy
4,0.7256754636764526,1,0,125.27178192138672,4954.json,NotBuggy
4,0.330746054649353,1,1,124.361083984375,8923.json,NotBuggy
3,0.6843900084495544,1,1,132.79563903808594,21579.json,NotBuggy
4,0.8177101016044617,1,0,125.15930938720703,7936.json,NotBuggy
8,0.034769207239151,2,5,107.36992645263672,15207.json,NotBuggy
3,0.9380925893783569,1,0,133.59722900390625,15937.json,NotBuggy
3,0.8853198885917664,1,0,133.59722900390625,11910.json,NotBuggy
7,0.547945499420166,2,3,112.25244903564453,1795.json,NotBuggy
6,0.009301590733230114,1,6,113.39833068847656,6880.json,NotBuggy
3,0.8983809351921082,1,0,133.59722900390625,21275.json,NotBuggy
3,0.7834433913230896,1,0,133.59722900390625,733.json,NotBuggy
4,0.623573899269104,1,0,125.64796447753906,21966.json,NotBuggy
4,0.7044928669929504,1,0,125.27178192138672,23201.json,NotBuggy
3,0.0,1,6,126.09505462646484,12942.json,NotBuggy
3,0.9035932421684265,1,0,133.59722900390625,375.json,NotBuggy
8,0.010314273647964,1,4,108.06900024414062,20292.json,NotBuggy
3,0.33048543334007263,1,1,130.7338104248047,19651.json,NotBuggy
11,2.3881545348558575E-4,4,4,100.42707061767578,14418.json,NotBuggy
3,0.24900440871715546,1,2,127.43789672851562,4392.json,NotBuggy
3,0.37485212087631226,1,0,131.9385528564453,18911.json,NotBuggy
3,0.7916558384895325,1,0,132.4454345703125,8818.json,NotBuggy
3,0.7503963708877563,1,0,133.59722900390625,2331.json,NotBuggy
3,0.9294750690460205,1,0,133.59722900390625,3097.json,NotBuggy
25,1.574214402353391E-4,4,20,81.8199462890625,2595.json,NotBuggy
11,0.05888200178742409,2,2,100.32508850097656,20007.json,NotBuggy
3,0.9173840284347534,1,0,133.59722900390625,1573.json,NotBuggy
13,0.014693362638354301,1,9,95.84552764892578,2456.json,NotBuggy
7,0.19575358927249908,1,5,110.33877563476562,6429.json,NotBuggy
5,0.6783605217933655,1,1,119.76210021972656,16988.json,NotBuggy
8,0.2529718577861786,2,5,108.03524780273438,16115.json,NotBuggy
6,0.36408573389053345,2,5,115.03083801269531,7822.json,NotBuggy
3,0.6448487639427185,1,1,131.60296630859375,15960.json,NotBuggy
7,0.6097436547279358,2,1,110.88778686523438,17859.json,NotBuggy
7,0.1542695313692093,1,3,113.77827453613281,19893.json,NotBuggy
3,0.8792628049850464,1,0,133.59722900390625,12247.json,NotBuggy
11,0.0,1,15,100.22689819335938,21854.json,NotBuggy
3,0.19913455843925476,1,1,129.7158966064453,3494.json,NotBuggy
11,0.0056385137140750885,2,7,98.95270538330078,20040.json,NotBuggy
4,0.6297064423561096,1,0,125.64796447753906,10478.json,NotBuggy
3,0.8814632296562195,1,0,133.59722900390625,11828.json,NotBuggy
14,0.011081596836447716,1,11,97.31491088867188,5289.json,NotBuggy
4,0.1284923553466797,1,2,122.14535522460938,10248.json,NotBuggy
13,0.046345267444849014,2,9,96.94379425048828,16430.json,NotBuggy
3,0.7217891216278076,1,0,131.28770446777344,12277.json,NotBuggy
3,0.14376039803028107,1,1,130.7338104248047,8508.json,NotBuggy
4,0.1502925157546997,1,1,123.21045684814453,3242.json,NotBuggy
3,0.9425492882728577,1,0,132.9956512451172,17612.json,NotBuggy
3,0.0032285102643072605,1,3,128.22288513183594,8916.json,NotBuggy
3,0.898770809173584,1,0,133.59722900390625,15353.json,NotBuggy
14,3.2222396112047136E-4,1,20,95.19245147705078,14952.json,NotBuggy
13,9.323831764049828E-4,1,14,95.96639251708984,6962.json,NotBuggy
4,0.0835970863699913,2,2,120.68061828613281,15753.json,NotBuggy
3,4.017485480289906E-4,1,1,127.09538269042969,8125.json,NotBuggy
4,0.50617516040802,1,1,124.7987289428711,9716.json,NotBuggy
4,0.0019090682035312057,2,6,119.26423645019531,2165.json,NotBuggy
4,0.7119079828262329,1,0,125.27178192138672,23125.json,NotBuggy
3,0.5331717729568481,1,1,130.07347106933594,7277.json,NotBuggy
4,0.07037323713302612,1,1,122.84404754638672,6737.json,NotBuggy
4,0.8201460242271423,1,0,125.5254898071289,10178.json,NotBuggy
5,0.07103005051612854,1,2,119.41529846191406,7978.json,NotBuggy
3,0.9318479895591736,1,0,133.59722900390625,2067.json,NotBuggy
3,0.03695978596806526,1,3,129.12539672851562,9734.json,NotBuggy
22,0.002884766086935997,4,10,85.43409729003906,12263.json,NotBuggy
3,0.039252959191799164,1,0,128.60531616210938,189.json,NotBuggy
4,0.4690820574760437,1,0,125.64796447753906,8454.json,NotBuggy
5,0.5438732504844666,2,1,120.11770629882812,4702.json,NotBuggy
3,0.8152434825897217,1,0,133.59722900390625,9875.json,NotBuggy
19,8.220654563046992E-4,3,18,86.54569244384766,15924.json,NotBuggy
6,0.15335680544376373,2,4,116.231689453125,14791.json,NotBuggy
3,0.762042224407196,1,1,131.60296630859375,19201.json,NotBuggy
3,0.9381090402603149,1,0,133.59722900390625,21302.json,NotBuggy
4,0.84886634349823,1,0,125.5254898071289,10781.json,NotBuggy
7,0.019571520388126373,2,4,109.6711654663086,3002.json,NotBuggy
3,0.793246865272522,1,0,133.59722900390625,11668.json,NotBuggy
3,0.8403804898262024,1,0,133.59722900390625,2384.json,NotBuggy
3,0.6462109684944153,1,0,131.9385528564453,2951.json,NotBuggy
3,0.8828085660934448,1,0,133.59722900390625,18255.json,NotBuggy
4,0.015309435315430164,1,2,123.96495056152344,19704.json,NotBuggy
7,0.2229892760515213,2,3,112.83319091796875,20156.json,NotBuggy
3,0.2538515627384186,1,0,128.70916748046875,24.json,NotBuggy
4,5.465924623422325E-4,1,3,120.52654266357422,6620.json,NotBuggy
4,0.25831887125968933,1,2,123.28931427001953,18480.json,NotBuggy
7,0.02828746661543846,2,4,108.6475830078125,468.json,NotBuggy
19,0.00254352786578238,4,4,88.25654602050781,1680.json,NotBuggy
3,0.9035932421684265,1,0,133.59722900390625,20592.json,NotBuggy
8,0.02244492992758751,1,8,106.87438201904297,6887.json,NotBuggy
3,0.8763893246650696,1,0,131.9385528564453,15558.json,NotBuggy
3,0.8763893246650696,1,0,131.9385528564453,3081.json,NotBuggy
3,0.8152434825897217,1,0,133.59722900390625,20942.json,NotBuggy
7,0.4001525938510895,2,2,112.25244903564453,14546.json,NotBuggy
3,0.979080855846405,1,0,130.18594360351562,6813.json,NotBuggy
3,0.5888892412185669,1,2,129.57785034179688,3926.json,NotBuggy
8,0.004858688917011023,1,10,108.45269775390625,15929.json,NotBuggy
7,1.380961766699329E-4,1,6,108.91870880126953,20718.json,Buggy
3,0.1523142158985138,1,3,128.91311645507812,10342.json,NotBuggy
5,0.4155381917953491,1,3,120.03731536865234,4931.json,NotBuggy
4,0.21578146517276764,1,2,122.60694122314453,112.json,NotBuggy
3,0.007835183292627335,1,2,127.8512954711914,2805.json,NotBuggy
20,0.0,3,23,85.71125793457031,20596.json,NotBuggy
7,0.009917961433529854,2,8,108.34161376953125,14826.json,NotBuggy
4,0.24470917880535126,1,2,124.7987289428711,8673.json,NotBuggy
3,0.16267992556095123,1,1,128.712890625,11246.json,NotBuggy
5,0.20815962553024292,1,2,117.53009796142578,16095.json,NotBuggy
3,0.04853293299674988,1,2,128.70916748046875,9725.json,NotBuggy
3,0.8703395128250122,1,0,133.59722900390625,23172.json,NotBuggy
3,0.771950900554657,1,0,131.43582153320312,14538.json,NotBuggy
8,3.107869124505669E-4,1,6,109.32414245605469,13320.json,NotBuggy
3,0.8794088959693909,1,0,131.91592407226562,11804.json,NotBuggy
3,0.4341633915901184,1,2,129.69032287597656,12691.json,NotBuggy
4,0.7256754636764526,1,0,125.27178192138672,23452.json,NotBuggy
4,0.7256754636764526,1,0,125.27178192138672,22926.json,NotBuggy
8,0.08744838088750839,1,5,108.68147277832031,14615.json,NotBuggy
3,0.6017619371414185,1,1,132.25152587890625,5482.json,NotBuggy
3,1.4015866327099502E-4,1,4,124.30774688720703,5891.json,NotBuggy
8,0.01730639860033989,1,8,108.5897445678711,21069.json,NotBuggy
12,0.03895256295800209,1,8,101.18096923828125,4475.json,NotBuggy
4,0.4769105315208435,1,0,125.27178192138672,18003.json,NotBuggy
10,0.9643822908401489,3,3,104.4138412475586,13575.json,NotBuggy
4,0.38144612312316895,1,0,124.58238983154297,22100.json,NotBuggy
4,0.11603522300720215,1,2,125.78216552734375,11640.json,NotBuggy
3,0.6709057688713074,1,0,132.4454345703125,13933.json,NotBuggy
4,0.7746999263763428,1,0,125.5254898071289,11333.json,NotBuggy
3,0.8537255525588989,1,0,133.59722900390625,12534.json,NotBuggy
4,0.5535731911659241,1,0,125.64796447753906,11855.json,NotBuggy
3,0.41295960545539856,1,1,129.93223571777344,11637.json,NotBuggy
6,0.6748798489570618,2,2,116.13201141357422,1244.json,NotBuggy
3,0.5870209336280823,1,0,131.9385528564453,19471.json,NotBuggy
3,0.518322229385376,1,1,130.85629272460938,6556.json,NotBuggy
4,0.6988435983657837,1,0,125.27178192138672,4589.json,NotBuggy
3,0.31825339794158936,1,0,133.59722900390625,10809.json,NotBuggy
4,0.7256754636764526,1,0,125.27178192138672,22892.json,NotBuggy
4,0.7044928669929504,1,0,125.27178192138672,21776.json,NotBuggy
19,0.0010618589585646987,3,15,87.24715423583984,8319.json,NotBuggy
3,0.9402101635932922,1,0,133.59722900390625,6988.json,NotBuggy
3,0.90879225730896,1,0,133.59722900390625,23078.json,NotBuggy
3,0.813624382019043,1,0,133.59722900390625,10576.json,NotBuggy
3,0.3706369698047638,1,0,133.59722900390625,16913.json,NotBuggy
3,0.9986441135406494,1,1,131.1535186767578,19447.json,NotBuggy
7,0.005925287026911974,2,7,108.97013092041016,14001.json,NotBuggy
3,0.9257471561431885,1,0,133.59722900390625,4969.json,NotBuggy
26,0.0,6,25,80.00334930419922,8419.json,Buggy
14,0.01709306426346302,1,9,98.03912353515625,4504.json,NotBuggy
16,0.5027866363525391,6,4,93.17237854003906,2137.json,NotBuggy
4,0.7119079828262329,1,0,125.27178192138672,2957.json,NotBuggy
6,0.0017430195584893227,1,10,111.95191192626953,5547.json,NotBuggy
8,0.03380319103598595,2,6,105.60499572753906,14158.json,NotBuggy
3,0.7638742923736572,1,0,133.59722900390625,1446.json,NotBuggy
4,0.7256754636764526,1,0,125.27178192138672,21802.json,NotBuggy
4,0.7499582767486572,1,0,125.64796447753906,12716.json,NotBuggy
3,0.8200512528419495,1,1,132.25152587890625,14483.json,NotBuggy
7,0.581198513507843,2,2,111.53256225585938,6552.json,NotBuggy
10,0.0,2,19,98.35711669921875,2977.json,NotBuggy
8,0.006751618348062038,2,7,106.71731567382812,8159.json,NotBuggy
3,0.7491850256919861,1,0,131.46876525878906,15030.json,NotBuggy
3,0.7820137739181519,1,0,131.28770446777344,9859.json,NotBuggy
4,0.6295679211616516,1,2,126.1969985961914,644.json,NotBuggy
23,6.122113554738462E-4,1,14,86.54108428955078,3807.json,NotBuggy
7,0.04267006739974022,2,3,109.7188720703125,16990.json,NotBuggy
3,0.8353855013847351,1,0,133.59722900390625,21955.json,NotBuggy
11,0.003453351091593504,2,5,100.51371765136719,12134.json,NotBuggy
3,0.6274651288986206,1,1,131.43582153320312,13964.json,NotBuggy
20,0.02033301629126072,4,11,87.3416519165039,13996.json,Buggy
3,0.18827587366104126,1,0,129.4591827392578,2132.json,NotBuggy
3,0.9666857123374939,1,0,133.59722900390625,20607.json,NotBuggy
4,0.5389944314956665,1,0,125.64796447753906,10561.json,NotBuggy
17,0.006516843568533659,4,11,90.22693634033203,343.json,NotBuggy
3,0.589981734752655,1,0,133.59722900390625,9798.json,NotBuggy
3,0.9294750690460205,1,0,133.59722900390625,23449.json,NotBuggy
4,0.44550052285194397,1,0,125.64796447753906,12572.json,NotBuggy
3,0.8582584857940674,1,0,133.59722900390625,4590.json,NotBuggy
3,0.9584336280822754,1,0,133.59722900390625,97.json,NotBuggy
3,0.5896602272987366,1,2,130.18594360351562,16257.json,NotBuggy
9,0.035543639212846756,1,11,103.25157928466797,6711.json,NotBuggy
11,3.0246132519096136E-4,1,14,99.89532470703125,14401.json,NotBuggy
3,0.06198350712656975,1,2,128.70916748046875,10851.json,NotBuggy
5,0.0435531809926033,2,1,120.0075454711914,8766.json,NotBuggy
3,0.7444998621940613,1,0,131.03103637695312,7307.json,NotBuggy
4,0.7527374029159546,1,0,125.64796447753906,9130.json,NotBuggy
4,0.8653095364570618,1,0,125.5254898071289,10317.json,NotBuggy
19,0.004589468240737915,7,15,87.68536376953125,7827.json,NotBuggy
2,0.9804085493087769,1,0,139.56419372558594,19109.json,NotBuggy
4,0.6056467890739441,1,0,125.64796447753906,17583.json,NotBuggy
3,0.8636916279792786,1,0,133.59722900390625,13096.json,NotBuggy
3,0.001557626761496067,1,2,127.51214599609375,15977.json,NotBuggy
2,0.9645639061927795,1,0,139.1788330078125,17473.json,NotBuggy
3,0.9060057401657104,1,0,133.59722900390625,10728.json,NotBuggy
3,0.5180854201316833,1,2,128.92515563964844,2496.json,NotBuggy
6,0.019415507093071938,1,1,118.35266876220703,4146.json,NotBuggy
11,0.03997991234064102,2,6,101.8582992553711,4345.json,NotBuggy
13,0.005832842085510492,3,12,95.19641876220703,8228.json,NotBuggy
7,0.7743344902992249,2,1,112.11597442626953,15194.json,NotBuggy
5,0.001706769922748208,1,2,118.2250747680664,763.json,NotBuggy
10,0.010149020701646805,1,7,102.40544891357422,10055.json,NotBuggy
13,0.0083329938352108,3,7,97.30001831054688,8229.json,NotBuggy
8,0.058930572122335434,1,7,109.2575454711914,10037.json,NotBuggy
7,0.003367707598954439,1,6,108.91719055175781,14381.json,NotBuggy
3,0.915346086025238,1,0,131.9385528564453,17350.json,NotBuggy
3,0.9457477331161499,1,0,133.59722900390625,20059.json,NotBuggy
3,0.48429933190345764,1,3,128.50894165039062,15100.json,NotBuggy
4,0.002954445779323578,1,4,121.27667999267578,3675.json,NotBuggy
4,0.45179614424705505,1,0,125.64796447753906,21220.json,NotBuggy
3,0.9294750690460205,1,0,133.59722900390625,3195.json,NotBuggy
3,0.9457477331161499,1,0,133.59722900390625,22741.json,NotBuggy
3,0.7676066756248474,1,0,131.9385528564453,5982.json,NotBuggy
3,0.5860450863838196,1,1,130.7338104248047,20413.json,NotBuggy
15,0.3154831528663635,4,3,96.73506164550781,801.json,Buggy
3,0.6219747066497803,1,1,132.25152587890625,5876.json,NotBuggy
7,0.04552716016769409,2,4,111.93157196044922,20255.json,NotBuggy
6,0.3310755789279938,2,1,115.4832992553711,6929.json,NotBuggy
3,0.7906191945075989,1,0,133.59722900390625,18379.json,NotBuggy
12,0.0,3,13,97.09806823730469,3941.json,NotBuggy
11,0.05137040466070175,1,7,101.79608154296875,4176.json,NotBuggy
4,0.6039813756942749,1,0,125.27178192138672,21998.json,NotBuggy
7,0.10613687336444855,1,7,111.52324676513672,4177.json,NotBuggy
4,0.1284484565258026,1,2,122.93054962158203,9173.json,NotBuggy
3,0.24401026964187622,1,2,129.69032287597656,12758.json,NotBuggy
3,0.8017294406890869,1,1,129.0215301513672,16612.json,NotBuggy
3,0.9060057401657104,1,0,133.59722900390625,22158.json,NotBuggy
3,2.445683639962226E-4,1,0,126.78941345214844,14325.json,NotBuggy
3,0.3510900139808655,1,1,131.43582153320312,13971.json,NotBuggy
3,0.9153783321380615,1,0,133.59722900390625,21034.json,NotBuggy
4,0.7044928669929504,1,0,125.27178192138672,21372.json,NotBuggy
4,0.4859175980091095,1,0,125.64796447753906,23321.json,NotBuggy
2,0.9839801788330078,1,0,140.82913208007812,8914.json,NotBuggy
3,0.8463761806488037,1,0,133.59722900390625,22065.json,NotBuggy
17,0.0,2,25,86.97152709960938,3677.json,NotBuggy
2,0.8893262147903442,1,0,140.82913208007812,20014.json,NotBuggy
9,0.1043228954076767,2,4,106.59980010986328,5666.json,NotBuggy
7,6.629585986956954E-4,1,6,108.53746032714844,74.json,NotBuggy
7,0.8652117848396301,2,1,114.75294494628906,18437.json,NotBuggy
3,0.6290282011032104,1,1,130.70933532714844,1625.json,NotBuggy
5,0.07259567081928253,1,5,119.00056457519531,14196.json,NotBuggy
5,0.011567468754947186,1,3,119.40796661376953,13441.json,NotBuggy
3,0.6614851355552673,1,0,133.59722900390625,11953.json,NotBuggy
4,0.12294624745845795,1,5,121.97586059570312,9222.json,NotBuggy
7,0.5345811247825623,2,1,112.32101440429688,15273.json,Buggy
4,0.5061523914337158,1,2,123.96263122558594,7858.json,NotBuggy
3,0.8814632296562195,1,0,133.59722900390625,11170.json,NotBuggy
7,0.5827844142913818,1,1,113.70298767089844,1857.json,NotBuggy
3,0.5270373821258545,1,0,132.4454345703125,639.json,NotBuggy
4,4.492294101510197E-4,1,6,120.18356323242188,11470.json,NotBuggy
29,1.333142863586545E-4,7,18,77.6816635131836,20802.json,NotBuggy
12,0.02644255943596363,3,8,98.13003540039062,16710.json,NotBuggy
6,0.12030936032533646,1,4,115.33509063720703,8330.json,NotBuggy
7,0.02430696412920952,2,5,110.94767761230469,3139.json,NotBuggy
3,0.9173840284347534,1,0,133.59722900390625,13032.json,NotBuggy
6,0.19344820082187653,1,3,114.78617095947266,16809.json,NotBuggy
4,0.4177333116531372,1,0,124.91740417480469,5010.json,NotBuggy
3,0.898770809173584,1,0,133.59722900390625,22871.json,NotBuggy
4,0.8283978700637817,1,0,125.15930938720703,7972.json,NotBuggy
3,0.2811085283756256,1,3,130.18594360351562,18301.json,NotBuggy
3,0.5980063080787659,1,0,131.28770446777344,9840.json,NotBuggy
3,0.7244839668273926,1,0,133.59722900390625,8707.json,NotBuggy
3,0.9066013693809509,1,0,133.59722900390625,17958.json,NotBuggy
3,0.7183710336685181,1,1,130.70933532714844,1789.json,NotBuggy
3,0.6696256995201111,1,0,133.59722900390625,10097.json,NotBuggy
16,2.8736001695506275E-4,3,12,91.44168090820312,15134.json,NotBuggy
7,0.01188821904361248,2,5,109.66938018798828,110.json,NotBuggy
7,0.32395103573799133,1,4,113.77827453613281,11172.json,NotBuggy
3,0.4824482500553131,1,0,130.07347106933594,16764.json,NotBuggy
5,0.014378370717167854,1,4,116.97151184082031,5093.json,NotBuggy
3,0.8814632296562195,1,0,133.59722900390625,12621.json,NotBuggy
3,0.77610844373703,1,0,131.28770446777344,18322.json,NotBuggy
13,0.0705055296421051,2,10,95.07706451416016,16266.json,NotBuggy
4,0.02369563840329647,1,6,120.82833862304688,8512.json,NotBuggy
3,0.17777730524539948,1,2,127.76480865478516,7805.json,NotBuggy
4,0.4154313802719116,1,0,125.64796447753906,11973.json,NotBuggy
6,0.6941961050033569,2,0,137.9091339111328,1659.json,NotBuggy
5,6.970921531319618E-4,3,4,114.33958435058594,5078.json,NotBuggy
3,0.029354941099882126,1,2,126.78704833984375,12107.json,NotBuggy
9,3.373542276676744E-4,1,11,105.12582397460938,21845.json,NotBuggy
8,0.15977413952350616,2,2,109.3763427734375,9707.json,NotBuggy
3,0.7449002265930176,1,1,130.85629272460938,19777.json,NotBuggy
7,0.09970279783010483,3,1,112.37784576416016,8761.json,NotBuggy
3,0.8983809351921082,1,0,133.59722900390625,22342.json,NotBuggy
4,0.49658364057540894,1,0,125.64796447753906,12726.json,NotBuggy
3,0.8537255525588989,1,0,133.59722900390625,16470.json,NotBuggy
3,2.6689833612181246E-4,1,2,127.11396026611328,11688.json,NotBuggy
3,0.6311799883842468,1,1,130.85629272460938,16586.json,NotBuggy
3,0.9213751554489136,1,0,133.59722900390625,14018.json,NotBuggy
4,0.6413531303405762,1,0,125.27178192138672,21522.json,NotBuggy
3,0.9621713757514954,1,0,133.59722900390625,22485.json,NotBuggy
3,0.7955495715141296,1,0,133.59722900390625,9809.json,NotBuggy
3,0.2440575808286667,1,1,128.7513427734375,14077.json,NotBuggy
4,0.8290437459945679,1,0,125.15930938720703,11809.json,NotBuggy
3,0.9381090402603149,1,0,133.59722900390625,12715.json,NotBuggy
3,0.5149349570274353,1,0,130.30841064453125,18627.json,NotBuggy
16,4.6683018445037305E-4,5,11,91.25296783447266,5718.json,NotBuggy
4,0.7119079828262329,1,0,125.27178192138672,4169.json,NotBuggy
3,0.9381090402603149,1,0,133.59722900390625,18364.json,NotBuggy
3,0.936884880065918,1,0,133.59722900390625,13194.json,NotBuggy
4,0.8224947452545166,1,0,125.5254898071289,19477.json,NotBuggy
3,0.1504436731338501,1,1,131.43582153320312,5849.json,NotBuggy
3,0.8562331795692444,1,0,133.59722900390625,12537.json,NotBuggy
6,0.012819761410355568,1,4,114.53350067138672,471.json,NotBuggy
4,0.6988435983657837,1,0,125.27178192138672,23361.json,NotBuggy
4,0.558607280254364,1,0,125.64796447753906,11771.json,NotBuggy
5,0.7626940011978149,1,5,118.90401458740234,18216.json,NotBuggy
3,0.6994918584823608,1,1,131.1385955810547,8515.json,NotBuggy
3,0.832716703414917,1,0,133.59722900390625,8855.json,NotBuggy
5,0.004844458773732185,2,6,116.87085723876953,20810.json,NotBuggy
5,0.8685777187347412,2,2,120.52021789550781,8520.json,NotBuggy
6,0.0015522034373134375,1,6,111.83011627197266,3836.json,NotBuggy
5,0.0026890768203884363,1,3,115.37191772460938,19348.json,NotBuggy
3,0.9320460557937622,1,0,132.9956512451172,14586.json,NotBuggy
7,0.48261207342147827,2,3,112.40554809570312,13737.json,NotBuggy
3,0.9437941908836365,1,0,133.59722900390625,11678.json,NotBuggy
7,0.5102194547653198,2,2,112.04727172851562,16606.json,NotBuggy
6,0.4201067388057709,2,2,116.30582427978516,19091.json,NotBuggy
9,0.43527698516845703,3,3,106.70935821533203,14121.json,NotBuggy
3,0.7936847805976868,1,0,133.59722900390625,10642.json,NotBuggy
3,0.43621543049812317,1,0,133.59722900390625,23414.json,NotBuggy
9,0.009497002698481083,3,5,104.17994689941406,2581.json,NotBuggy
4,0.41199806332588196,1,0,125.64796447753906,23488.json,NotBuggy
3,0.5349060297012329,1,1,130.07347106933594,17578.json,NotBuggy
3,0.13921180367469788,1,0,133.59722900390625,6950.json,NotBuggy
6,0.027226291596889496,1,4,112.26011657714844,8846.json,NotBuggy
3,0.9558944702148438,1,0,133.59722900390625,21989.json,NotBuggy
3,0.9381090402603149,1,0,133.59722900390625,12193.json,NotBuggy
7,0.7743344902992249,2,1,112.11597442626953,15208.json,NotBuggy
3,0.2527303397655487,1,2,129.69032287597656,12123.json,NotBuggy
13,0.028575163334608078,1,8,97.20059204101562,4469.json,Buggy
4,0.4859175980091095,1,0,125.64796447753906,22746.json,NotBuggy
9,0.21151258051395416,1,2,106.93701934814453,18823.json,NotBuggy
3,0.7042818069458008,1,1,132.25152587890625,18387.json,NotBuggy
10,0.0,1,15,101.37291717529297,4867.json,NotBuggy
3,0.8726048469543457,1,0,133.59722900390625,10744.json,NotBuggy
11,0.3609999716281891,2,5,102.13217163085938,833.json,NotBuggy
12,0.7294438481330872,1,0,100.72471618652344,11495.json,NotBuggy
4,0.8624811768531799,1,0,124.58238983154297,12482.json,NotBuggy
5,0.06211794167757034,1,5,116.18830871582031,4332.json,NotBuggy
3,0.5322441458702087,1,0,131.28770446777344,20530.json,NotBuggy
3,0.7274393439292908,1,1,130.85629272460938,20234.json,NotBuggy
4,0.49933406710624695,1,0,125.64796447753906,7971.json,NotBuggy
5,0.042793575674295425,1,5,118.29083251953125,8395.json,NotBuggy
4,0.6988435983657837,1,0,125.27178192138672,23339.json,NotBuggy
8,0.009017974138259888,2,6,106.52397918701172,6864.json,NotBuggy
3,0.3565114140510559,1,0,132.25152587890625,20642.json,NotBuggy
3,0.9381090402603149,1,0,133.59722900390625,11885.json,NotBuggy
6,0.7819700241088867,2,2,116.48211669921875,5555.json,NotBuggy
3,0.541959285736084,1,0,133.59722900390625,10633.json,NotBuggy
3,0.5177040100097656,1,1,131.75106811523438,16398.json,NotBuggy
4,0.6079330444335938,1,0,125.27178192138672,18016.json,NotBuggy
3,0.39859771728515625,1,1,130.7338104248047,20464.json,NotBuggy
5,0.7078276872634888,2,1,121.4268569946289,1267.json,NotBuggy
3,0.7906191945075989,1,0,133.59722900390625,22312.json,NotBuggy
4,0.623573899269104,1,0,125.64796447753906,23608.json,NotBuggy
8,0.0024985196068882942,2,11,106.77715301513672,7035.json,NotBuggy
3,0.9294750690460205,1,0,133.59722900390625,3102.json,NotBuggy
7,0.024600131437182426,1,4,109.67398071289062,6424.json,NotBuggy
3,0.615339457988739,1,1,130.621337890625,15672.json,NotBuggy
3,0.9558944702148438,1,0,133.59722900390625,22324.json,NotBuggy
3,0.9389488697052002,1,0,133.59722900390625,6414.json,NotBuggy
3,0.6517322659492493,1,0,133.59722900390625,19620.json,NotBuggy
3,0.4807669520378113,1,1,129.7158966064453,17125.json,NotBuggy
10,1.2269310536794364E-4,2,6,99.32686614990234,4319.json,NotBuggy
3,0.29406869411468506,1,2,129.69032287597656,12688.json,NotBuggy
4,0.24718210101127625,1,1,123.56243133544922,1482.json,NotBuggy
4,0.7256754636764526,1,0,125.27178192138672,22096.json,NotBuggy
19,0.0,1,25,87.17666625976562,8421.json,NotBuggy
4,0.7256754636764526,1,0,125.27178192138672,21816.json,NotBuggy
7,0.0,1,10,110.17445373535156,3882.json,NotBuggy
5,0.00793178379535675,2,1,117.30009460449219,802.json,NotBuggy
3,0.4765940308570862,1,1,131.75106811523438,5862.json,NotBuggy
3,0.8794088959693909,1,0,131.91592407226562,10272.json,NotBuggy
6,0.15335680544376373,2,4,116.231689453125,14808.json,NotBuggy
3,0.6296048164367676,2,0,130.1101837158203,2788.json,NotBuggy
3,0.07018154859542847,1,2,128.70916748046875,1701.json,NotBuggy
37,0.001495481003075838,8,5,74.0881118774414,1743.json,NotBuggy
3,0.5713052749633789,1,0,133.59722900390625,6438.json,NotBuggy
3,0.546473503112793,1,1,130.99049377441406,15203.json,NotBuggy
6,0.5858451128005981,1,4,116.36201477050781,21015.json,NotBuggy
3,0.9533982276916504,1,0,133.59722900390625,22441.json,NotBuggy
21,3.6093793460167944E-4,4,21,84.60443115234375,17186.json,NotBuggy
17,0.06554669141769409,2,14,90.42903137207031,4675.json,NotBuggy
6,0.2306993007659912,2,3,115.17733001708984,18890.json,NotBuggy
3,0.068672314286232,1,1,129.14646911621094,756.json,NotBuggy
4,0.5967966914176941,1,0,125.27178192138672,21648.json,NotBuggy
9,0.021852431818842888,2,5,106.2907943725586,4333.json,NotBuggy
4,0.8290437459945679,1,0,125.15930938720703,11261.json,NotBuggy
4,0.7012175917625427,1,1,122.28182983398438,6297.json,NotBuggy
3,0.9621713757514954,1,0,133.59722900390625,22407.json,NotBuggy
3,0.8965196013450623,1,0,133.59722900390625,9609.json,NotBuggy
3,0.3757327198982239,1,2,129.34671020507812,13157.json,NotBuggy
3,0.8249063491821289,1,0,134.26058959960938,8546.json,NotBuggy
3,0.07881849259138107,1,2,128.4090576171875,10144.json,NotBuggy
10,0.11164088547229767,4,4,104.45076751708984,20541.json,NotBuggy
3,0.8353855013847351,1,0,133.59722900390625,11084.json,NotBuggy
3,0.8389381766319275,1,0,133.59722900390625,4576.json,NotBuggy
3,0.0691947415471077,1,1,128.8092498779297,1776.json,NotBuggy
3,0.8937052488327026,1,0,130.70933532714844,19467.json,NotBuggy
3,0.7748129367828369,1,0,133.59722900390625,23408.json,NotBuggy
3,0.895313024520874,1,0,133.59722900390625,18276.json,NotBuggy
3,0.7570729851722717,1,1,129.93223571777344,19089.json,NotBuggy
17,0.002881963038817048,3,13,92.299560546875,14377.json,NotBuggy
3,0.9070456027984619,1,0,133.59722900390625,2193.json,NotBuggy
4,0.6434285044670105,1,1,125.5254898071289,6649.json,NotBuggy
3,0.9294750690460205,1,0,133.59722900390625,2450.json,NotBuggy
3,0.7391932606697083,1,0,133.59722900390625,1019.json,NotBuggy
4,0.7256754636764526,1,0,125.27178192138672,21990.json,NotBuggy
4,0.5094456076622009,1,0,125.64796447753906,7935.json,NotBuggy
4,0.44834452867507935,1,0,125.64796447753906,9666.json,NotBuggy
8,0.0339667946100235,1,7,108.32982635498047,7094.json,NotBuggy
12,0.0,1,16,98.78671264648438,21848.json,NotBuggy
3,5.739352782256901E-4,1,6,125.74249267578125,2364.json,NotBuggy
3,0.4440942704677582,1,1,129.7158966064453,20158.json,NotBuggy
3,0.04663370922207832,1,3,129.12539672851562,19880.json,NotBuggy
4,0.13238032162189484,1,1,124.1488037109375,6514.json,NotBuggy
3,0.6754899621009827,1,0,132.4454345703125,15172.json,NotBuggy
4,1.2715997581835836E-4,1,8,119.75027465820312,2924.json,NotBuggy
4,0.010582133196294308,1,3,121.54822540283203,10690.json,NotBuggy
6,0.016010407358407974,2,2,113.3575668334961,590.json,NotBuggy
4,0.7095631957054138,1,0,125.64796447753906,11472.json,NotBuggy
7,0.13065101206302643,1,2,114.60889434814453,17328.json,NotBuggy
3,0.9346750378608704,1,0,133.59722900390625,10592.json,NotBuggy
3,0.8582584857940674,1,0,133.59722900390625,4592.json,NotBuggy
4,0.056997478008270264,1,3,121.21369934082031,5203.json,NotBuggy
3,0.9346750378608704,1,0,133.59722900390625,15167.json,NotBuggy
3,0.9558944702148438,1,0,133.59722900390625,21267.json,NotBuggy
8,0.0702095478773117,2,3,109.25679779052734,14106.json,NotBuggy
7,0.006165484897792339,1,9,111.41885375976562,6881.json,NotBuggy
3,0.8703395128250122,1,0,133.59722900390625,22885.json,NotBuggy
3,0.8152434825897217,1,0,133.59722900390625,21271.json,NotBuggy
8,0.09996217489242554,2,3,108.08633422851562,14105.json,NotBuggy
8,0.013313381001353264,2,8,106.04083251953125,2036.json,Buggy
6,0.706793487071991,1,0,117.59266662597656,13451.json,NotBuggy
3,0.5670709013938904,1,1,131.1385955810547,1750.json,NotBuggy
3,0.32824885845184326,1,1,130.57513427734375,3352.json,NotBuggy
3,0.5223527550697327,1,0,133.59722900390625,23404.json,NotBuggy
3,0.9437941908836365,1,0,133.59722900390625,18358.json,NotBuggy
4,0.625913679599762,1,0,125.64796447753906,21810.json,NotBuggy
4,0.6983623504638672,1,1,125.27178192138672,18117.json,NotBuggy
3,0.5177040100097656,1,1,131.75106811523438,16785.json,NotBuggy
3,1.2047259224345908E-4,1,2,125.3664321899414,611.json,NotBuggy
15,2.7549342485144734E-4,4,12,90.69190979003906,4395.json,Buggy
9,0.0030532865785062313,3,7,104.83882141113281,7820.json,NotBuggy
7,0.1939263641834259,2,5,111.3536376953125,3412.json,NotBuggy
3,0.9621713757514954,1,0,133.59722900390625,23479.json,NotBuggy
4,0.09942957013845444,1,4,122.36370849609375,545.json,NotBuggy
7,0.06722810864448547,2,2,110.94255828857422,10873.json,NotBuggy
3,0.5958145260810852,1,0,131.28770446777344,1126.json,NotBuggy
3,0.7133750915527344,1,0,131.9385528564453,11336.json,NotBuggy
4,0.20679190754890442,1,0,123.96263122558594,17178.json,NotBuggy
3,0.9328379034996033,1,0,131.1535186767578,5186.json,NotBuggy
48,0.0,1,137,65.3921127319336,7801.json,NotBuggy
3,0.9346750378608704,1,0,133.59722900390625,10539.json,NotBuggy
4,0.7044928669929504,1,0,125.27178192138672,21734.json,NotBuggy
3,0.9489667415618896,1,0,132.9956512451172,13692.json,NotBuggy
3,0.17654457688331604,1,1,132.25152587890625,16418.json,NotBuggy
3,0.8023896217346191,1,0,133.59722900390625,12571.json,NotBuggy
3,0.930927038192749,1,0,133.59722900390625,6288.json,NotBuggy
4,0.4837489426136017,1,0,125.64796447753906,12285.json,NotBuggy
4,0.606551468372345,1,0,125.64796447753906,23283.json,NotBuggy
3,4.813758423551917E-4,1,1,128.1235809326172,752.json,NotBuggy
8,0.5430732369422913,2,2,110.74185943603516,18873.json,NotBuggy
4,0.623573899269104,1,0,125.64796447753906,22737.json,NotBuggy
6,0.23756255209445953,1,4,116.4460220336914,4684.json,NotBuggy
3,0.771950900554657,1,0,131.43582153320312,14091.json,NotBuggy
3,0.023452188819646835,1,0,129.12539672851562,990.json,NotBuggy
3,0.28164806962013245,1,2,127.94110107421875,6150.json,NotBuggy
3,0.7357240915298462,1,0,132.4454345703125,12245.json,NotBuggy
3,0.8814632296562195,1,0,133.59722900390625,12623.json,NotBuggy
3,0.38093262910842896,1,1,130.99049377441406,5867.json,NotBuggy
7,0.6823720932006836,2,1,111.59553527832031,17861.json,NotBuggy
6,0.04414423927664757,1,4,114.3227767944336,9324.json,NotBuggy
3,0.35236185789108276,1,0,131.03103637695312,16893.json,NotBuggy
3,0.9558944702148438,1,0,133.59722900390625,15600.json,NotBuggy
3,0.635097086429596,1,1,130.99049377441406,5853.json,NotBuggy
11,0.0,2,19,99.11299896240234,22033.json,NotBuggy
3,0.038003478199243546,1,2,128.22288513183594,4563.json,NotBuggy
3,0.03203348070383072,1,1,128.31268310546875,17010.json,NotBuggy
16,0.007125162985175848,2,13,91.2609634399414,3503.json,Buggy
9,0.04179741069674492,3,4,105.56389617919922,1815.json,NotBuggy
7,0.3259710669517517,1,4,113.94878387451172,3180.json,NotBuggy
5,0.2111944556236267,1,4,118.0075454711914,10712.json,NotBuggy
24,4.1220340062864125E-4,4,23,82.91545104980469,15917.json,NotBuggy
5,0.008269824087619781,1,6,117.1008529663086,12135.json,NotBuggy
3,0.8206738233566284,1,1,130.45266723632812,4120.json,NotBuggy
14,0.0,3,20,94.72491455078125,4508.json,NotBuggy
4,0.7256754636764526,1,0,125.27178192138672,22760.json,NotBuggy
5,0.013859428465366364,1,2,118.14434051513672,548.json,NotBuggy
8,0.001097478554584086,2,5,107.5999984741211,19949.json,NotBuggy
3,0.772769570350647,1,0,133.59722900390625,20312.json,NotBuggy
11,0.01394926942884922,3,7,99.11072540283203,6351.json,NotBuggy
3,1.2287904974073172E-4,1,4,126.07360076904297,4352.json,NotBuggy
9,0.032283369451761246,3,3,104.80158233642578,4408.json,NotBuggy
3,0.9558547139167786,1,0,129.7158966064453,16733.json,NotBuggy
7,0.35959160327911377,1,5,111.79435729980469,4845.json,NotBuggy
3,0.6269990801811218,1,1,132.25152587890625,1314.json,NotBuggy
3,0.8806297183036804,1,0,133.59722900390625,4526.json,NotBuggy
4,0.024846449494361877,1,3,122.85169219970703,1832.json,NotBuggy
8,0.1243518516421318,2,8,106.74562072753906,14778.json,NotBuggy
3,0.3898792862892151,1,1,131.60296630859375,1661.json,NotBuggy
3,0.030159976333379745,1,1,128.62307739257812,2095.json,NotBuggy
3,0.8353855013847351,1,0,133.59722900390625,15230.json,NotBuggy
3,0.5426989197731018,1,1,132.086669921875,12514.json,NotBuggy
21,4.916226607747376E-4,7,24,84.72296905517578,3372.json,Buggy
3,0.8767094016075134,1,0,133.59722900390625,21829.json,NotBuggy
3,0.5177040100097656,1,1,131.75106811523438,16825.json,NotBuggy
5,0.41945144534111023,1,5,118.51167297363281,8135.json,NotBuggy
4,0.7394610047340393,1,0,125.27178192138672,3006.json,NotBuggy
4,0.0,1,4,120.97968292236328,3810.json,NotBuggy
3,0.03704800456762314,1,2,127.51214599609375,12932.json,NotBuggy
5,1.1662080942187458E-4,1,7,116.58202362060547,22224.json,NotBuggy
11,2.2018620802555233E-4,1,0,106.78307342529297,3428.json,NotBuggy
4,0.6532393097877502,1,0,125.64796447753906,9672.json,NotBuggy
3,0.8519220948219299,1,0,131.91592407226562,9172.json,NotBuggy
14,0.07640530914068222,2,9,96.08928680419922,3998.json,NotBuggy
7,0.3850814998149872,2,6,110.14856719970703,5542.json,NotBuggy
11,1.4901149552315474E-4,3,18,97.87460327148438,6682.json,NotBuggy
3,0.6407419443130493,1,2,130.45266723632812,19538.json,NotBuggy
13,5.932308849878609E-4,4,9,95.90325927734375,14419.json,NotBuggy
11,0.0027831289917230606,4,8,98.35804748535156,16159.json,NotBuggy
4,0.502638578414917,1,0,125.64796447753906,22400.json,NotBuggy
8,0.006478085648268461,1,8,108.31733703613281,3723.json,NotBuggy
3,0.9153783321380615,1,0,133.59722900390625,20936.json,NotBuggy
8,0.61713045835495,2,2,109.02564239501953,8292.json,NotBuggy
3,0.9009784460067749,1,0,133.59722900390625,17441.json,NotBuggy
3,0.9153783321380615,1,0,133.59722900390625,23250.json,NotBuggy
4,0.7119079828262329,1,0,125.27178192138672,5114.json,NotBuggy
13,0.012521824799478054,2,9,96.61753845214844,16596.json,NotBuggy
4,0.44550052285194397,1,0,125.64796447753906,12580.json,NotBuggy
7,0.011440981179475784,1,11,109.3259048461914,3674.json,NotBuggy
16,0.0,2,19,89.51549530029297,9870.json,Buggy
3,0.13399919867515564,1,2,128.50894165039062,10143.json,NotBuggy
6,0.33505678176879883,1,3,116.990966796875,6406.json,NotBuggy
3,0.8983809351921082,1,0,133.59722900390625,21693.json,NotBuggy
3,0.9320460557937622,1,0,132.9956512451172,14383.json,NotBuggy
3,0.32443690299987793,1,2,129.47398376464844,1650.json,NotBuggy
3,0.9198706150054932,1,0,133.59722900390625,7915.json,NotBuggy
13,0.3509722054004669,4,2,98.42039489746094,6313.json,NotBuggy
26,0.0,3,24,81.5265121459961,8901.json,Buggy
4,0.023082058876752853,1,4,121.4874496459961,11428.json,NotBuggy
4,0.7980777621269226,1,0,125.15930938720703,18004.json,NotBuggy
3,0.9165305495262146,1,0,133.59722900390625,1278.json,NotBuggy
10,0.019498666748404503,4,7,102.27090454101562,5671.json,NotBuggy
3,0.7889029383659363,1,0,131.9385528564453,6653.json,NotBuggy
7,0.5001499056816101,2,2,112.68008422851562,18127.json,NotBuggy
7,0.7867622971534729,2,1,114.55669403076172,6048.json,NotBuggy
10,0.0041289241053164005,3,7,102.3102035522461,6899.json,Buggy
5,0.3625071942806244,1,1,119.2291259765625,1648.json,NotBuggy
3,0.9558944702148438,1,0,133.59722900390625,22645.json,NotBuggy
4,0.018481146544218063,1,2,123.48088836669922,1891.json,NotBuggy
3,0.9294750690460205,1,0,133.59722900390625,13028.json,NotBuggy
12,0.0,1,16,98.78671264648438,21849.json,NotBuggy
5,0.06544528156518936,2,4,118.0586929321289,15029.json,NotBuggy
3,0.0028424302581697702,1,1,127.01653289794922,667.json,NotBuggy
3,0.9153783321380615,1,0,133.59722900390625,11836.json,NotBuggy
3,0.9381090402603149,1,0,133.59722900390625,16015.json,NotBuggy
3,0.7180041074752808,1,0,129.93223571777344,13758.json,NotBuggy
4,0.6547123193740845,1,0,125.64796447753906,9658.json,NotBuggy
23,0.00296476436778903,13,1,85.6539535522461,5251.json,NotBuggy
3,0.8353855013847351,1,0,133.59722900390625,12048.json,NotBuggy
3,0.9318479895591736,1,0,133.59722900390625,462.json,NotBuggy
3,0.22079095244407654,1,1,128.7513427734375,5062.json,NotBuggy
3,0.5212575793266296,1,0,133.59722900390625,3983.json,NotBuggy
3,0.0019066791282966733,1,1,127.59099578857422,18936.json,NotBuggy
3,0.9181838035583496,1,0,133.59722900390625,5099.json,NotBuggy
7,0.026082515716552734,2,3,110.25054931640625,18394.json,NotBuggy
5,0.22260445356369019,1,1,119.1451187133789,1626.json,NotBuggy
4,0.7256754636764526,1,0,125.27178192138672,22163.json,NotBuggy
17,0.009328563697636127,5,6,90.95684814453125,4385.json,NotBuggy
22,6.60497578792274E-4,1,31,84.28863525390625,4896.json,NotBuggy
5,0.4842820167541504,1,1,122.4339599609375,5264.json,NotBuggy
3,0.9381090402603149,1,0,133.59722900390625,20879.json,NotBuggy
6,0.1033649742603302,1,5,114.97969055175781,20915.json,NotBuggy
5,0.5571138262748718,2,1,119.61820220947266,8017.json,NotBuggy
3,0.8519220948219299,1,0,131.91592407226562,22229.json,NotBuggy
14,0.0,2,19,93.73563385009766,4556.json,NotBuggy
4,0.8359969854354858,1,0,125.5254898071289,7853.json,NotBuggy
3,0.015332881361246109,1,2,128.31268310546875,19826.json,NotBuggy
6,0.19126318395137787,1,4,116.80848693847656,22216.json,NotBuggy
10,0.6788656711578369,3,2,104.4138412475586,131.json,NotBuggy
4,0.5479529500007629,1,2,123.96263122558594,1586.json,NotBuggy
5,0.6355903744697571,1,3,123.51065063476562,6033.json,NotBuggy
4,0.7119079828262329,1,0,125.27178192138672,2173.json,NotBuggy
3,0.3473002016544342,1,0,133.59722900390625,9815.json,NotBuggy
7,0.04767126962542534,1,5,110.36031341552734,2404.json,NotBuggy
5,0.22451519966125488,1,2,120.0484390258789,6441.json,NotBuggy
8,3.0912275542505085E-4,1,9,107.92668914794922,3337.json,NotBuggy
3,0.4833996593952179,1,1,132.25152587890625,5394.json,NotBuggy
3,0.8861064910888672,1,0,133.59722900390625,19184.json,NotBuggy
4,0.7167089581489563,1,1,127.25547790527344,21566.json,NotBuggy
8,0.012084067799150944,2,8,106.72502899169922,2935.json,NotBuggy
3,0.6070188283920288,1,1,130.7338104248047,18615.json,NotBuggy
4,0.8366686701774597,1,0,125.5254898071289,19587.json,NotBuggy
3,0.7839915752410889,1,0,133.59722900390625,12881.json,NotBuggy
3,0.9320460557937622,1,0,132.9956512451172,14597.json,NotBuggy
4,0.6261868476867676,1,1,124.81353759765625,16391.json,NotBuggy
3,0.9691274166107178,1,0,133.59722900390625,13272.json,NotBuggy
3,0.7774288654327393,1,0,133.59722900390625,10612.json,NotBuggy
3,0.7877547740936279,1,0,133.59722900390625,13483.json,NotBuggy
3,0.8537255525588989,1,0,133.59722900390625,23286.json,NotBuggy
4,0.546974241733551,1,0,125.64796447753906,11141.json,NotBuggy
4,0.4755558669567108,1,2,125.27178192138672,16965.json,NotBuggy
9,0.5705839991569519,3,3,106.52942657470703,6003.json,NotBuggy
8,0.7080529928207397,2,1,110.09143829345703,407.json,NotBuggy
3,0.8879194855690002,1,1,133.18099975585938,19065.json,NotBuggy
3,0.9381090402603149,1,0,133.59722900390625,23278.json,NotBuggy
6,0.0032063100952655077,1,7,113.1817398071289,7226.json,NotBuggy
3,0.08257508277893066,1,2,129.12539672851562,19638.json,NotBuggy
6,0.02361517958343029,2,4,113.32796478271484,7265.json,NotBuggy
3,0.9108030200004578,1,0,133.59722900390625,21048.json,NotBuggy
3,0.9457477331161499,1,0,133.59722900390625,19490.json,NotBuggy
3,0.9320460557937622,1,0,132.9956512451172,14623.json,NotBuggy
4,0.009529352188110352,1,2,122.76004028320312,19298.json,NotBuggy
4,0.5426532030105591,1,0,125.27178192138672,13118.json,NotBuggy
3,0.5863170623779297,1,0,131.91592407226562,19489.json,Buggy
3,0.7811756134033203,1,0,133.59722900390625,12092.json,NotBuggy
4,0.5578411221504211,1,0,125.64796447753906,12334.json,NotBuggy
3,0.3752402365207672,1,2,131.75106811523438,17387.json,NotBuggy
3,0.5767243504524231,1,0,133.59722900390625,23401.json,NotBuggy
3,1.5567165974061936E-4,1,2,127.8512954711914,352.json,NotBuggy
3,0.8214255571365356,1,0,131.9385528564453,428.json,NotBuggy
4,0.606551468372345,1,0,125.64796447753906,21029.json,NotBuggy
3,0.9261336326599121,1,1,133.18099975585938,17710.json,NotBuggy
11,0.043047722429037094,1,7,102.73546600341797,4523.json,NotBuggy
3,0.8409727811813354,1,0,133.59722900390625,13098.json,NotBuggy
18,0.0045522102154791355,6,13,89.1943359375,9933.json,NotBuggy
20,0.0,3,5,89.51543426513672,5697.json,NotBuggy
23,0.0,5,25,82.48191833496094,16177.json,Buggy
5,0.4848572909832001,1,0,119.31562042236328,3944.json,NotBuggy
3,0.2677645683288574,1,3,129.69032287597656,8491.json,NotBuggy
5,0.7886098027229309,1,2,121.6568603515625,1266.json,NotBuggy
3,0.8703395128250122,1,0,133.59722900390625,16196.json,NotBuggy
3,0.8793336153030396,1,0,133.59722900390625,4951.json,NotBuggy
4,0.48171645402908325,1,0,125.64796447753906,11099.json,NotBuggy
7,0.06341317296028137,2,5,111.68390655517578,10713.json,NotBuggy
16,0.002904298948124051,1,13,91.29322814941406,3670.json,NotBuggy
5,0.01917685940861702,1,6,116.7376937866211,16821.json,NotBuggy
3,0.9294750690460205,1,0,133.59722900390625,11295.json,NotBuggy
3,0.831851065158844,1,0,133.59722900390625,11125.json,NotBuggy
3,0.9294273257255554,1,1,133.80813598632812,9349.json,NotBuggy
3,0.9635108709335327,1,0,133.59722900390625,10839.json,NotBuggy
3,0.6166980862617493,1,0,132.4454345703125,16304.json,NotBuggy
3,0.8209561705589294,1,0,133.59722900390625,12082.json,NotBuggy
11,0.0,1,25,98.21495056152344,7791.json,NotBuggy
3,0.9414917826652527,1,0,133.59722900390625,16471.json,NotBuggy
3,0.945713460445404,1,0,133.59722900390625,8708.json,NotBuggy
6,0.141341894865036,1,4,114.13744354248047,10258.json,NotBuggy
3,0.8353855013847351,1,0,133.59722900390625,23262.json,NotBuggy
6,0.3651524484157562,2,1,115.55754852294922,6931.json,NotBuggy
4,0.38180676102638245,1,0,124.58238983154297,4966.json,NotBuggy
13,0.013554013334214687,4,4,96.76830291748047,992.json,NotBuggy
10,0.014187230728566647,2,11,102.19924926757812,3671.json,NotBuggy
8,0.12364295870065689,2,3,108.34425354003906,3914.json,NotBuggy
4,0.5545178055763245,1,3,123.21045684814453,6554.json,NotBuggy
3,0.2549543082714081,1,0,131.1535186767578,15864.json,NotBuggy
5,0.025960614904761314,1,4,118.82691955566406,13992.json,NotBuggy
3,0.3396665155887604,1,1,130.99049377441406,6094.json,NotBuggy
3,0.8953244686126709,1,0,131.9385528564453,18403.json,NotBuggy
4,0.5140405893325806,1,1,124.7987289428711,11926.json,NotBuggy
3,0.7452892661094666,1,0,130.99049377441406,17307.json,NotBuggy
9,0.45563021302223206,1,4,106.16036987304688,9205.json,NotBuggy
3,0.5156380534172058,1,2,131.75106811523438,8244.json,NotBuggy
6,0.5669150352478027,2,1,116.85369873046875,15258.json,NotBuggy
11,0.025943011045455933,2,10,100.78390502929688,5014.json,NotBuggy
3,0.34661492705345154,1,1,130.7338104248047,10295.json,NotBuggy
3,0.8465445637702942,1,0,132.4454345703125,738.json,NotBuggy
4,0.11140390485525131,1,2,123.85247039794922,13770.json,NotBuggy
6,0.7991847395896912,2,1,118.72991943359375,2131.json,NotBuggy
3,0.0,1,1,126.00922393798828,10750.json,NotBuggy
4,0.3344246745109558,1,0,125.64796447753906,22151.json,NotBuggy
3,0.9294750690460205,1,0,133.59722900390625,18179.json,NotBuggy
3,0.8463761806488037,1,0,133.59722900390625,22395.json,NotBuggy
9,0.0013495469465851784,2,14,102.99400329589844,3727.json,NotBuggy
4,0.7151249647140503,1,0,125.27178192138672,21551.json,NotBuggy
6,0.16101758182048798,1,5,114.71296691894531,532.json,NotBuggy
8,0.03254680335521698,2,6,107.41751861572266,3684.json,NotBuggy
3,0.9153783321380615,1,0,133.59722900390625,21967.json,NotBuggy
8,0.3579701781272888,2,3,108.45081329345703,20216.json,NotBuggy
11,0.3609999716281891,2,5,102.13217163085938,834.json,NotBuggy
4,0.487735390663147,1,1,123.96263122558594,18244.json,NotBuggy
3,0.811374306678772,1,0,133.59722900390625,11800.json,NotBuggy
4,0.795229971408844,1,2,125.78216552734375,17227.json,NotBuggy
14,0.0,2,20,93.39718627929688,3806.json,NotBuggy
9,0.05083354562520981,3,4,105.4358901977539,17587.json,NotBuggy
3,0.03673243522644043,1,3,128.31268310546875,8878.json,NotBuggy
4,0.662977933883667,1,0,125.64796447753906,10363.json,NotBuggy
6,0.15665875375270844,2,3,114.96261596679688,13248.json,NotBuggy
12,0.0017189575592055917,5,10,98.18518829345703,8691.json,NotBuggy
4,0.7642381191253662,2,2,122.05183410644531,6164.json,NotBuggy
4,0.49933406710624695,1,0,125.64796447753906,7930.json,NotBuggy
3,0.0024109529331326485,1,0,126.9422836303711,15199.json,NotBuggy
6,0.7110618352890015,2,2,117.45413208007812,8881.json,NotBuggy
15,0.0,2,20,93.42943572998047,20660.json,NotBuggy
4,0.04023875668644905,1,2,122.93054962158203,10993.json,NotBuggy
18,1.278053387068212E-4,3,12,87.96241760253906,4792.json,NotBuggy
11,0.0064016240648925304,3,7,100.1604995727539,20044.json,NotBuggy
3,0.2532314956188202,1,0,131.28770446777344,17481.json,NotBuggy
3,0.5398940443992615,1,0,131.91592407226562,15947.json,NotBuggy
3,0.793246865272522,1,0,133.59722900390625,12212.json,NotBuggy
3,0.25365522503852844,1,2,129.69032287597656,10922.json,NotBuggy
16,5.355940666049719E-4,3,14,91.55126953125,3662.json,NotBuggy
3,0.7440394759178162,1,0,133.59722900390625,17591.json,NotBuggy
3,0.7032473683357239,1,1,129.2428436279297,1366.json,NotBuggy
13,0.010949044488370419,1,6,97.91422271728516,16406.json,NotBuggy
5,0.5139546394348145,1,2,119.41529846191406,17053.json,NotBuggy
4,0.5054808855056763,1,0,125.64796447753906,22912.json,NotBuggy
3,0.8763893246650696,1,0,131.9385528564453,15578.json,NotBuggy
4,0.002829601988196373,1,0,125.27178192138672,17870.json,NotBuggy
5,0.02571384608745575,1,6,116.9740982055664,6520.json,NotBuggy
12,9.377929964102805E-4,1,14,98.34347534179688,4938.json,NotBuggy
3,0.029850943014025688,1,3,128.4090576171875,10197.json,NotBuggy
5,0.005523638799786568,1,9,115.78962707519531,8166.json,NotBuggy
4,0.7119079828262329,1,0,125.27178192138672,21228.json,NotBuggy
4,0.8343069553375244,1,2,125.78216552734375,17225.json,NotBuggy
3,0.8152434825897217,1,0,133.59722900390625,21022.json,NotBuggy
6,0.14186829328536987,1,5,116.02641296386719,3424.json,NotBuggy
3,0.6654505133628845,1,0,132.4454345703125,14027.json,NotBuggy
3,0.07672026753425598,1,1,128.4090576171875,5396.json,NotBuggy
12,0.0026478602085262537,3,8,98.34639739990234,16875.json,NotBuggy
9,0.06267111748456955,4,1,106.95881652832031,8747.json,NotBuggy
4,0.7119079828262329,1,0,125.27178192138672,22052.json,NotBuggy
3,0.9457477331161499,1,0,133.59722900390625,21548.json,NotBuggy
3,0.4174900949001312,1,2,128.41912841796875,12557.json,NotBuggy
3,0.6110129952430725,1,1,130.621337890625,16265.json,NotBuggy
11,0.0,2,18,97.91868591308594,4924.json,NotBuggy
4,0.25473880767822266,1,1,124.4649429321289,21569.json,NotBuggy
12,2.252560661872849E-4,1,18,97.427001953125,555.json,NotBuggy
3,0.9381090402603149,1,0,133.59722900390625,10475.json,NotBuggy
3,0.7138606309890747,1,1,132.61029052734375,8898.json,NotBuggy
4,0.5402058959007263,1,0,125.64796447753906,10636.json,NotBuggy
4,0.7676396369934082,2,2,122.05183410644531,18085.json,NotBuggy
12,0.02400805428624153,3,8,98.13003540039062,16776.json,NotBuggy
2,0.9977049231529236,1,0,142.4026641845703,13989.json,NotBuggy
3,0.9457477331161499,1,0,133.59722900390625,13747.json,NotBuggy
5,0.009406602010130882,1,3,116.85455322265625,20707.json,NotBuggy
4,0.04762006551027298,1,3,121.08299255371094,8180.json,NotBuggy
24,0.0,2,33,82.25304412841797,2601.json,NotBuggy
3,0.48853689432144165,1,1,130.45266723632812,15721.json,NotBuggy
7,0.0076002622954547405,1,7,111.19754791259766,23091.json,NotBuggy
7,0.7591719627380371,2,1,111.84925079345703,1657.json,NotBuggy
3,0.7419270277023315,1,0,133.59722900390625,20603.json,NotBuggy
3,0.6720109581947327,1,0,133.59722900390625,21259.json,NotBuggy
3,0.8763893246650696,1,0,131.9385528564453,15550.json,NotBuggy
3,0.6091933250427246,1,1,132.25152587890625,5393.json,NotBuggy
3,0.8152434825897217,1,0,133.59722900390625,21687.json,NotBuggy
4,0.861762523651123,1,0,125.5254898071289,379.json,NotBuggy
3,0.8763893246650696,1,0,131.9385528564453,3083.json,NotBuggy
7,0.1222001165151596,1,4,113.6131820678711,4268.json,NotBuggy
3,0.9320460557937622,1,0,132.9956512451172,14604.json,NotBuggy
12,0.08483180403709412,3,8,99.2344970703125,20264.json,Buggy
6,0.425432026386261,2,4,114.61461639404297,4211.json,NotBuggy
3,0.5508080720901489,1,0,131.28770446777344,18380.json,NotBuggy
10,0.001763665582984686,6,4,99.62899017333984,16992.json,NotBuggy
6,0.4009944796562195,1,4,115.95040893554688,10013.json,NotBuggy
4,0.0394539013504982,2,3,120.50012969970703,3607.json,NotBuggy
9,0.17682591080665588,1,4,108.1444320678711,10134.json,NotBuggy
3,0.9662848711013794,1,0,133.59722900390625,14750.json,NotBuggy
4,0.7034780979156494,1,0,125.5254898071289,12784.json,NotBuggy
4,0.7256754636764526,1,0,125.27178192138672,4546.json,NotBuggy
3,0.30356284976005554,1,2,129.69032287597656,13147.json,NotBuggy
3,0.2735599875450134,1,1,130.57513427734375,3350.json,NotBuggy
4,0.1505841761827469,1,1,123.96263122558594,19204.json,NotBuggy
18,0.01654452458024025,8,1,90.5307846069336,1847.json,NotBuggy
3,0.933254599571228,1,0,133.59722900390625,18001.json,NotBuggy
6,0.43773096799850464,1,4,116.71211242675781,22467.json,NotBuggy
6,0.0049050431698560715,1,3,114.78721618652344,12597.json,NotBuggy
4,0.7646454572677612,2,2,122.21184539794922,8067.json,NotBuggy
6,0.2784731984138489,2,2,115.10722351074219,6360.json,NotBuggy
3,0.005447759758681059,1,0,128.91311645507812,15206.json,NotBuggy
3,0.9089693427085876,1,0,133.59722900390625,16933.json,NotBuggy
3,0.6462036967277527,1,1,132.25152587890625,8192.json,NotBuggy
12,0.15878866612911224,2,6,99.9554443359375,17107.json,NotBuggy
3,0.8993077874183655,1,0,130.85629272460938,12513.json,NotBuggy
4,0.7120482325553894,1,0,125.27178192138672,3627.json,NotBuggy
8,0.31202274560928345,3,2,109.464111328125,17214.json,NotBuggy
3,0.6854478120803833,1,0,131.28770446777344,1343.json,NotBuggy
5,0.4669962227344513,1,2,119.41529846191406,14903.json,NotBuggy
6,0.2993329167366028,2,3,114.96073150634766,5672.json,NotBuggy
4,0.6413531303405762,1,0,125.27178192138672,21528.json,NotBuggy
3,0.8848848342895508,1,0,133.59722900390625,12331.json,NotBuggy
6,0.09705932438373566,2,3,114.55721282958984,6170.json,NotBuggy
7,0.0,1,13,106.71087646484375,3676.json,NotBuggy
3,0.7482753992080688,1,0,133.59722900390625,10653.json,NotBuggy
8,0.1339510679244995,1,3,109.18070220947266,14613.json,NotBuggy
3,0.8580641746520996,1,0,133.59722900390625,7273.json,NotBuggy
9,0.32040926814079285,1,1,107.63188934326172,18816.json,NotBuggy
3,0.811374306678772,1,0,133.59722900390625,17645.json,NotBuggy
4,0.694137454032898,1,0,125.64796447753906,22382.json,NotBuggy
3,0.5651757717132568,1,0,131.43582153320312,16400.json,NotBuggy
3,0.6603851914405823,1,0,133.59722900390625,66.json,NotBuggy
3,0.8162899017333984,1,1,132.61029052734375,9867.json,NotBuggy
3,0.8324922323226929,1,0,133.59722900390625,12266.json,NotBuggy
4,0.4180580973625183,1,0,125.64796447753906,22810.json,NotBuggy
3,0.9457477331161499,1,0,133.59722900390625,10316.json,NotBuggy
4,0.15366943180561066,1,4,120.82833862304688,5195.json,NotBuggy
5,0.7929854393005371,1,2,120.96249389648438,13656.json,NotBuggy
3,0.7811756134033203,1,0,133.59722900390625,12008.json,NotBuggy
19,0.0,1,17,87.52713012695312,16590.json,NotBuggy
3,0.8304715752601624,1,1,131.60296630859375,15984.json,NotBuggy
3,0.41964855790138245,1,2,128.1235809326172,14264.json,NotBuggy
4,0.6988435983657837,1,0,125.27178192138672,23249.json,NotBuggy
3,0.9294750690460205,1,0,133.59722900390625,22389.json,NotBuggy
3,0.10795266181230545,1,2,128.91311645507812,19567.json,NotBuggy
3,0.8501201272010803,1,0,132.9956512451172,6932.json,NotBuggy
6,0.30390089750289917,1,2,116.29660034179688,18263.json,NotBuggy
12,0.0,3,14,96.75685119628906,20554.json,NotBuggy
4,0.07899226993322372,1,3,122.85169219970703,13613.json,NotBuggy
3,0.008223987184464931,1,1,128.0337677001953,6259.json,NotBuggy
3,0.6640090346336365,1,0,133.59722900390625,18246.json,NotBuggy
3,0.8034446239471436,1,0,130.70933532714844,19025.json,NotBuggy
4,0.7256754636764526,1,0,125.27178192138672,3215.json,NotBuggy
6,0.08233509212732315,1,4,115.35547637939453,19623.json,NotBuggy
4,0.44834452867507935,1,0,125.64796447753906,11591.json,NotBuggy
3,0.6428966522216797,1,1,130.85629272460938,18484.json,NotBuggy
3,0.7972366809844971,1,0,133.59722900390625,11158.json,NotBuggy
6,0.0473872609436512,2,2,114.28445434570312,16140.json,NotBuggy
2,0.9977049231529236,1,0,142.4026641845703,9202.json,NotBuggy
3,0.8431631922721863,1,0,133.59722900390625,13052.json,NotBuggy
13,0.0031238626688718796,1,11,98.63610076904297,2518.json,NotBuggy
3,0.8748795390129089,1,0,130.70933532714844,5495.json,NotBuggy
3,0.038729503750801086,1,1,128.8092498779297,604.json,NotBuggy
4,0.6988435983657837,1,0,125.27178192138672,4480.json,NotBuggy
3,0.8763893246650696,1,0,131.9385528564453,15556.json,NotBuggy
3,0.8180720210075378,1,1,132.086669921875,19007.json,NotBuggy
3,0.6914164423942566,1,0,133.59722900390625,5122.json,NotBuggy
15,0.007211875170469284,3,16,93.58397674560547,2995.json,NotBuggy
3,0.28760918974876404,1,1,130.45266723632812,20157.json,NotBuggy
3,0.8327063322067261,1,0,133.59722900390625,18497.json,NotBuggy
4,0.027188647538423538,1,3,120.64608764648438,10158.json,NotBuggy
3,0.8430312871932983,1,0,129.81280517578125,21156.json,NotBuggy
4,0.7311235666275024,1,3,124.58238983154297,1817.json,NotBuggy
3,0.009658370167016983,1,1,127.8512954711914,15205.json,NotBuggy
2,0.9953492283821106,1,0,140.82913208007812,17471.json,NotBuggy
3,0.6773918867111206,1,2,129.93223571777344,1428.json,NotBuggy
4,0.747893750667572,1,0,125.5254898071289,1149.json,NotBuggy
3,0.7886760830879211,1,2,130.57513427734375,4918.json,NotBuggy
3,0.7285370230674744,1,1,132.25152587890625,470.json,NotBuggy
3,0.6614851355552673,1,0,133.59722900390625,22686.json,NotBuggy
3,0.9320460557937622,1,0,132.9956512451172,14330.json,NotBuggy
5,0.5955431461334229,2,3,118.92383575439453,18844.json,NotBuggy
3,0.8763893246650696,1,0,131.9385528564453,2913.json,NotBuggy
3,0.8910459876060486,1,0,133.59722900390625,22833.json,NotBuggy
5,0.35950398445129395,1,3,118.51167297363281,16193.json,NotBuggy
3,0.7493515014648438,1,1,132.25152587890625,14636.json,NotBuggy
3,0.9402101635932922,1,0,133.59722900390625,2383.json,NotBuggy
3,0.9381090402603149,1,0,133.59722900390625,22051.json,NotBuggy
9,0.024197278544306755,1,6,105.21562194824219,12812.json,NotBuggy
13,0.002216913038864732,2,10,95.94282531738281,3359.json,NotBuggy
3,0.8050504922866821,1,1,132.086669921875,18339.json,NotBuggy
3,0.07569827139377594,1,3,129.4591827392578,14777.json,NotBuggy
6,0.8858940005302429,1,1,115.2608413696289,682.json,NotBuggy
3,0.46062663197517395,1,0,133.59722900390625,17998.json,NotBuggy
3,0.03656787425279617,1,0,133.59722900390625,8287.json,NotBuggy
3,0.9153783321380615,1,0,133.59722900390625,14675.json,NotBuggy
4,0.7727560997009277,1,0,125.64796447753906,22412.json,NotBuggy
3,0.47674986720085144,1,1,132.25152587890625,19267.json,NotBuggy
13,0.07543113827705383,2,3,98.77918243408203,5721.json,NotBuggy
3,0.22009453177452087,1,1,129.34671020507812,1412.json,NotBuggy
11,0.004709318280220032,3,12,98.57280731201172,14002.json,Buggy
5,0.009537347592413425,1,5,117.2763900756836,3115.json,NotBuggy
3,0.7503963708877563,1,0,133.59722900390625,18029.json,NotBuggy
6,0.25265324115753174,2,3,116.13201141357422,17272.json,NotBuggy
7,0.012312933802604675,1,2,111.02395629882812,13.json,NotBuggy
3,0.7774600982666016,1,0,130.57513427734375,20726.json,NotBuggy
4,0.606551468372345,1,0,125.64796447753906,4656.json,NotBuggy
4,0.016284475103020668,1,3,122.93054962158203,5332.json,NotBuggy
5,1.1267919762758538E-4,2,7,114.76934051513672,2826.json,Buggy
3,0.9294750690460205,1,0,133.59722900390625,22807.json,NotBuggy
6,0.12177833169698715,2,4,115.25157928466797,19425.json,NotBuggy
8,0.07797258347272873,2,6,106.29283142089844,3501.json,NotBuggy
3,0.9457477331161499,1,0,133.59722900390625,10534.json,NotBuggy
3,0.6793675422668457,1,0,129.81976318359375,1375.json,NotBuggy
9,0.006680353078991175,1,7,103.5973129272461,10491.json,NotBuggy
8,0.008047915063798428,1,8,108.31733703613281,3718.json,NotBuggy
3,0.08000960201025009,1,4,127.59430694580078,1182.json,NotBuggy
3,0.7381459474563599,1,0,131.91592407226562,6182.json,NotBuggy
7,0.79386305809021,2,2,113.3831787109375,823.json,NotBuggy
5,0.3279244899749756,1,0,119.48943328857422,22238.json,NotBuggy
3,0.8403804898262024,1,0,133.59722900390625,2859.json,NotBuggy
3,0.8152434825897217,1,0,133.59722900390625,21032.json,NotBuggy
4,0.4755558669567108,1,2,125.27178192138672,16940.json,NotBuggy
10,0.9116240739822388,1,0,105.70053100585938,7824.json,NotBuggy
2,0.9915090203285217,1,0,142.4026641845703,5479.json,NotBuggy
6,0.9383251070976257,1,0,117.0948257446289,14950.json,NotBuggy
13,0.0,1,26,94.53933715820312,8278.json,NotBuggy
3,0.7943225502967834,1,1,131.60296630859375,19696.json,NotBuggy
4,0.7119079828262329,1,0,125.27178192138672,3086.json,NotBuggy
7,0.01658150926232338,1,8,111.35248565673828,4536.json,NotBuggy
3,0.9558944702148438,1,0,133.59722900390625,20113.json,NotBuggy
6,0.0036290264688432217,2,6,113.12316131591797,15238.json,NotBuggy
3,0.8264687061309814,1,0,133.59722900390625,2679.json,NotBuggy
4,0.2522842586040497,1,4,122.05648803710938,11434.json,NotBuggy
4,0.3626030683517456,1,0,125.64796447753906,22048.json,NotBuggy
3,0.8152434825897217,1,0,133.59722900390625,23348.json,NotBuggy
3,1.7132158973254263E-4,1,2,125.74249267578125,10875.json,NotBuggy
3,0.9662848711013794,1,0,133.59722900390625,14767.json,NotBuggy
16,0.007626909296959639,1,16,94.07072448730469,2433.json,NotBuggy
3,0.6249343156814575,1,0,132.61029052734375,3267.json,NotBuggy
4,0.4859175980091095,1,0,125.64796447753906,21714.json,NotBuggy
4,0.6988435983657837,1,0,125.27178192138672,22806.json,NotBuggy
14,0.009060065262019634,3,11,95.20390319824219,2423.json,NotBuggy
3,0.8922615051269531,1,0,130.7338104248047,10221.json,NotBuggy
3,0.8798078298568726,1,1,129.7158966064453,14379.json,NotBuggy
8,0.02015705034136772,1,7,108.69271850585938,8274.json,NotBuggy
3,0.8509601354598999,1,0,131.9385528564453,3709.json,NotBuggy
12,0.006237948313355446,1,5,97.89982604980469,12682.json,NotBuggy
3,0.0,1,1,126.9422836303711,607.json,NotBuggy
7,0.04189110919833183,1,6,111.24065399169922,9730.json,NotBuggy
4,0.4363728165626526,1,0,125.27178192138672,6748.json,NotBuggy
3,0.7617850303649902,1,0,132.4454345703125,15229.json,NotBuggy
7,0.6107156276702881,2,3,112.25244903564453,1103.json,NotBuggy
4,0.07832679897546768,1,0,126.19583892822266,16939.json,NotBuggy
7,0.08889457583427429,1,6,111.76256561279297,23586.json,NotBuggy
3,0.9346750378608704,1,0,133.59722900390625,6205.json,NotBuggy
3,0.0058987196534872055,1,2,126.86129760742188,10370.json,NotBuggy
3,0.762042224407196,1,1,131.60296630859375,19202.json,NotBuggy
3,0.1470319777727127,1,4,127.67500305175781,9912.json,NotBuggy
8,0.14414241909980774,2,5,108.15971374511719,4743.json,NotBuggy
4,0.7119079828262329,1,0,125.27178192138672,3022.json,NotBuggy
13,0.0,5,25,93.83397674560547,20621.json,NotBuggy
3,0.44061923027038574,1,0,131.03103637695312,22311.json,NotBuggy
4,0.7370027899742126,1,0,125.5254898071289,18210.json,NotBuggy
4,0.43605974316596985,1,0,124.26470947265625,16323.json,NotBuggy
3,0.531822144985199,1,0,130.57513427734375,16071.json,NotBuggy
3,0.7520659565925598,1,1,130.45266723632812,19141.json,NotBuggy
3,0.831851065158844,1,0,133.59722900390625,1641.json,NotBuggy
3,0.5214322209358215,1,0,133.59722900390625,722.json,NotBuggy
8,0.002462195698171854,2,7,107.14398193359375,16750.json,NotBuggy
3,0.8473782539367676,1,1,129.14646911621094,16300.json,NotBuggy
7,0.016712937504053116,1,4,111.46076965332031,20805.json,NotBuggy
4,0.4859175980091095,1,0,125.64796447753906,21075.json,NotBuggy
4,0.07233653962612152,1,1,125.64796447753906,19.json,NotBuggy
6,2.9709225054830313E-4,1,8,110.6412124633789,3861.json,NotBuggy
4,0.7843666076660156,2,2,122.05183410644531,8077.json,NotBuggy
3,0.8219833970069885,1,0,133.59722900390625,18800.json,NotBuggy
6,0.0,1,11,109.30146789550781,6635.json,NotBuggy
4,0.7044928669929504,1,0,125.27178192138672,21680.json,NotBuggy
3,0.7911167144775391,1,0,133.59722900390625,18343.json,NotBuggy
4,0.8485561609268188,1,0,125.15930938720703,9602.json,NotBuggy
5,0.24936434626579285,2,1,118.69190979003906,8649.json,NotBuggy
3,0.4337606132030487,1,2,130.30841064453125,8145.json,NotBuggy
3,0.1979498267173767,1,3,128.60531616210938,10706.json,NotBuggy
7,0.20082975924015045,2,1,133.303466796875,16919.json,NotBuggy
11,0.013192394748330116,2,11,101.21749114990234,13672.json,NotBuggy
3,0.056955598294734955,1,0,133.59722900390625,10826.json,NotBuggy
3,0.8763893246650696,1,0,131.9385528564453,2711.json,NotBuggy
5,2.2841672762297094E-4,1,6,115.2137222290039,2568.json,NotBuggy
3,0.9621713757514954,1,0,133.59722900390625,21793.json,NotBuggy
4,0.2986239492893219,1,4,122.4349365234375,5719.json,NotBuggy
3,0.5388292670249939,1,0,130.57513427734375,5649.json,NotBuggy
7,0.00544574623927474,2,4,109.71534729003906,103.json,NotBuggy
4,0.06978747993707657,1,5,121.41315460205078,13801.json,NotBuggy
3,0.37485212087631226,1,0,131.9385528564453,18923.json,NotBuggy
4,0.028343822807073593,1,3,122.4349365234375,13604.json,NotBuggy
3,0.9075794219970703,1,0,133.59722900390625,18985.json,NotBuggy
19,0.009362808428704739,1,16,89.92849731445312,3023.json,NotBuggy
4,0.4859175980091095,1,0,125.64796447753906,22449.json,NotBuggy
3,0.47113707661628723,1,0,131.28770446777344,11948.json,NotBuggy
3,0.801215648651123,1,0,133.59722900390625,12574.json,NotBuggy
3,0.9002125263214111,1,0,133.59722900390625,23246.json,NotBuggy
4,0.22671467065811157,1,0,124.05243682861328,16575.json,NotBuggy
7,0.5600802302360535,2,1,113.2991714477539,18854.json,NotBuggy
3,0.572693407535553,1,1,130.57513427734375,5895.json,NotBuggy
5,0.6165268421173096,3,2,116.90475463867188,5412.json,NotBuggy
3,0.9294750690460205,1,0,133.59722900390625,13030.json,NotBuggy
3,0.03862704709172249,1,2,128.22288513183594,11596.json,NotBuggy
3,0.6611177325248718,1,0,131.28770446777344,17596.json,NotBuggy
3,0.6796339154243469,1,0,133.59722900390625,23174.json,NotBuggy
4,0.7274847626686096,1,0,125.64796447753906,11679.json,NotBuggy
4,0.7405927777290344,1,0,125.64796447753906,11815.json,NotBuggy
3,0.8353855013847351,1,0,133.59722900390625,16301.json,NotBuggy
3,0.8353855013847351,1,0,133.59722900390625,23226.json,NotBuggy
4,0.28650954365730286,1,1,123.47842407226562,806.json,NotBuggy
3,0.7366976141929626,1,2,130.30841064453125,19642.json,NotBuggy
3,0.546362578868866,1,1,131.75106811523438,5940.json,NotBuggy
4,0.7119079828262329,1,0,125.27178192138672,4591.json,NotBuggy
4,0.6001535058021545,1,0,125.64796447753906,13099.json,NotBuggy
3,0.08144919574260712,1,2,127.67500305175781,15101.json,NotBuggy
3,0.6424807906150818,1,1,130.99049377441406,5921.json,NotBuggy
3,0.9402101635932922,1,0,133.59722900390625,13486.json,NotBuggy
4,0.6988435983657837,1,0,125.27178192138672,23213.json,NotBuggy
3,0.0285471323877573,1,1,127.36779022216797,8668.json,NotBuggy
3,0.5450243353843689,1,0,131.28770446777344,11944.json,NotBuggy
4,0.7119079828262329,1,0,125.27178192138672,23546.json,NotBuggy
3,0.8152434825897217,1,0,133.59722900390625,22809.json,NotBuggy
4,0.009529352188110352,1,2,122.76004028320312,19299.json,NotBuggy
5,0.44561997056007385,1,5,117.34275817871094,8040.json,NotBuggy
6,0.9103912711143494,1,0,117.0948257446289,14706.json,NotBuggy
3,0.2978431284427643,1,1,131.43582153320312,6091.json,NotBuggy
5,0.00683383084833622,1,6,116.0323715209961,14578.json,Buggy
3,0.8794088959693909,1,0,131.91592407226562,10101.json,NotBuggy
15,0.0,3,20,92.89459991455078,15284.json,NotBuggy
4,0.7151249647140503,1,0,125.27178192138672,23470.json,NotBuggy
3,0.7404794096946716,1,2,129.93223571777344,17032.json,NotBuggy
12,0.33576568961143494,3,2,98.99183654785156,14205.json,Buggy
3,0.03862972557544708,1,2,126.9422836303711,11056.json,NotBuggy
19,0.0038857038598507643,3,12,88.44828796386719,19207.json,NotBuggy
4,0.7464866638183594,1,0,126.04888916015625,6613.json,NotBuggy
4,0.6355789303779602,1,0,125.27178192138672,12332.json,NotBuggy
3,0.9490091800689697,1,1,133.18099975585938,15983.json,NotBuggy
5,0.2342720329761505,2,1,119.34591674804688,1969.json,NotBuggy
6,0.0355999581515789,1,5,113.90094757080078,15926.json,NotBuggy
5,0.3644629716873169,2,1,119.26190948486328,1968.json,NotBuggy
4,0.016159724444150925,1,5,120.46957397460938,5196.json,NotBuggy
9,0.5489166975021362,3,2,105.96174621582031,5834.json,NotBuggy
4,0.7119079828262329,1,0,125.27178192138672,3049.json,NotBuggy
13,0.009722821414470673,3,6,97.16602325439453,12910.json,NotBuggy
7,5.30908175278455E-4,1,10,110.10730743408203,3513.json,NotBuggy
10,1.5308885485865176E-4,2,10,102.32910919189453,12751.json,NotBuggy
3,0.8937569856643677,1,0,133.59722900390625,12477.json,NotBuggy
4,3.8669767673127353E-4,2,4,119.21727752685547,20582.json,NotBuggy
8,0.0258872602134943,2,5,106.14013671875,8823.json,NotBuggy
2,0.8949863314628601,1,0,137.7220458984375,8725.json,NotBuggy
4,0.8652510643005371,1,0,124.91740417480469,12472.json,NotBuggy
14,8.303169743157923E-4,2,6,94.28742980957031,11178.json,NotBuggy
3,0.8794088959693909,1,0,131.91592407226562,19802.json,NotBuggy
3,0.0049065700732171535,1,1,127.8512954711914,15978.json,NotBuggy
17,0.0031541038770228624,2,18,90.07398986816406,16282.json,NotBuggy
9,0.14266297221183777,1,5,105.8958969116211,747.json,NotBuggy
3,0.6090872883796692,1,0,131.28770446777344,11563.json,NotBuggy
12,0.02466660924255848,3,8,98.13003540039062,16726.json,NotBuggy
3,0.9558944702148438,1,0,133.59722900390625,22021.json,NotBuggy
3,0.5071704387664795,1,0,133.59722900390625,9803.json,NotBuggy
5,0.07008234411478043,1,4,118.0864028930664,11062.json,NotBuggy
12,0.21250781416893005,4,4,99.33735656738281,18391.json,NotBuggy
4,0.6988435983657837,1,0,125.27178192138672,23143.json,NotBuggy
3,0.6907506585121155,1,0,133.59722900390625,23368.json,NotBuggy
3,0.8495352268218994,1,0,133.59722900390625,10838.json,NotBuggy
17,0.0724073275923729,3,16,89.81531524658203,13839.json,NotBuggy
3,7.818093290552497E-4,1,1,127.26738739013672,5387.json,NotBuggy
3,0.4616132080554962,1,1,130.44261169433594,9883.json,NotBuggy
3,0.7738749384880066,1,2,130.30841064453125,1388.json,NotBuggy
4,0.8480784893035889,1,2,124.1488037109375,18072.json,NotBuggy
3,0.4035923182964325,1,0,133.59722900390625,17867.json,NotBuggy
3,0.0055384584702551365,1,1,128.51292419433594,16973.json,NotBuggy
3,0.9153783321380615,1,0,133.59722900390625,14676.json,NotBuggy
5,0.0012211337452754378,1,3,118.5980453491211,10559.json,NotBuggy
3,0.6281305551528931,1,1,131.60296630859375,7059.json,NotBuggy
3,0.9346750378608704,1,0,133.59722900390625,14193.json,NotBuggy
24,0.0,1,17,84.85675811767578,5041.json,NotBuggy
3,0.3142513036727905,1,0,129.2428436279297,20194.json,NotBuggy
3,0.9697022438049316,1,0,132.61029052734375,5549.json,NotBuggy
3,0.00600404804572463,1,0,127.59099578857422,7083.json,NotBuggy
9,0.15955768525600433,3,4,105.18561553955078,17147.json,NotBuggy
15,0.136989563703537,2,6,96.07559204101562,6054.json,NotBuggy
10,0.06080638989806175,2,3,103.72828674316406,5618.json,NotBuggy
4,0.6413531303405762,1,0,125.27178192138672,22721.json,NotBuggy
3,0.9425492882728577,1,0,132.9956512451172,17622.json,NotBuggy
7,0.5397641062736511,2,1,112.39112091064453,19203.json,NotBuggy
4,0.04121628776192665,1,2,122.21172332763672,12352.json,NotBuggy
3,0.8641186952590942,1,0,132.43687438964844,16566.json,NotBuggy
3,0.5445436239242554,1,0,128.22288513183594,16977.json,NotBuggy
3,0.25770658254623413,1,1,130.7338104248047,13643.json,NotBuggy
12,0.007565892767161131,2,11,98.25006103515625,17116.json,NotBuggy
3,0.3674158453941345,1,3,128.31268310546875,2477.json,NotBuggy
3,0.9294750690460205,1,0,133.59722900390625,20875.json,NotBuggy
6,0.007135388907045126,1,7,112.70396423339844,6866.json,NotBuggy
3,0.048492178320884705,1,3,128.8092498779297,6558.json,NotBuggy
7,0.2609969973564148,2,2,112.46537017822266,772.json,NotBuggy
3,0.9320460557937622,1,0,132.9956512451172,14491.json,NotBuggy
9,4.1595930815674365E-4,1,11,105.12582397460938,21859.json,NotBuggy
3,0.5523589849472046,1,1,132.25152587890625,18337.json,NotBuggy
5,0.19118916988372803,1,1,120.03731536865234,10858.json,NotBuggy
4,0.7119079828262329,1,0,125.27178192138672,22092.json,NotBuggy
3,0.949524998664856,1,0,131.60296630859375,1744.json,NotBuggy
4,0.9419066905975342,1,2,123.1068344116211,16818.json,NotBuggy
3,0.6953817009925842,1,1,131.43582153320312,20301.json,NotBuggy
5,0.012229942716658115,2,4,116.56475830078125,6149.json,NotBuggy
3,0.03695978596806526,1,3,129.12539672851562,12853.json,NotBuggy
4,0.8447002172470093,1,0,125.5254898071289,10789.json,NotBuggy
4,0.12805821001529694,1,4,121.41315460205078,6557.json,NotBuggy
3,0.4040051996707916,1,1,130.57513427734375,1967.json,NotBuggy
3,0.5404261946678162,1,0,133.59722900390625,10296.json,NotBuggy
4,0.4949648082256317,1,0,124.26470947265625,15973.json,NotBuggy
3,0.4772834777832031,1,1,132.25152587890625,6124.json,NotBuggy
3,0.8582584857940674,1,0,133.59722900390625,4625.json,NotBuggy
2,0.99712735414505,1,0,140.82913208007812,5438.json,NotBuggy
3,0.6307891011238098,1,1,131.28770446777344,8740.json,NotBuggy
3,0.4662010967731476,1,1,131.28770446777344,662.json,NotBuggy
4,0.625913679599762,1,0,125.64796447753906,23524.json,NotBuggy
3,0.07200875878334045,1,2,131.75106811523438,8246.json,NotBuggy
11,3.1781618599779904E-4,1,14,100.73782348632812,22378.json,NotBuggy
3,0.04015030711889267,1,2,128.70916748046875,11687.json,NotBuggy
7,3.277471987530589E-4,1,7,108.57849884033203,18200.json,NotBuggy
6,0.41837742924690247,1,1,116.80848693847656,3956.json,NotBuggy
5,0.22563371062278748,1,3,117.53009796142578,7817.json,NotBuggy
3,0.9155958294868469,1,0,132.4454345703125,14392.json,NotBuggy
4,0.5960946083068848,1,2,126.33003997802734,14911.json,NotBuggy
3,0.10120370984077454,1,0,131.1535186767578,1588.json,NotBuggy
8,0.0027832139749079943,2,4,105.63968658447266,76.json,NotBuggy
8,0.050198525190353394,2,11,105.56468200683594,56.json,NotBuggy
3,0.546362578868866,1,1,131.75106811523438,5874.json,NotBuggy
3,0.2732764780521393,1,0,133.59722900390625,5981.json,NotBuggy
3,0.797960638999939,1,0,132.4454345703125,1124.json,NotBuggy
3,0.12487978488206863,1,2,128.50894165039062,12929.json,NotBuggy
5,0.21610642969608307,1,3,120.14375305175781,20916.json,NotBuggy
3,0.9257150888442993,1,0,133.59722900390625,9576.json,NotBuggy
3,0.43684619665145874,1,1,129.93223571777344,11181.json,NotBuggy
3,0.5737951397895813,1,0,131.28770446777344,11894.json,NotBuggy
4,0.625626802444458,1,0,125.27178192138672,10739.json,NotBuggy
10,0.09492509067058563,1,7,105.5657730102539,3904.json,NotBuggy
3,0.9707642197608948,1,0,132.61029052734375,16931.json,NotBuggy
5,0.011896388605237007,1,3,116.62340545654297,21193.json,NotBuggy
3,0.8761618733406067,1,0,133.59722900390625,17923.json,NotBuggy
6,0.0012028699275106192,1,5,113.13323974609375,19488.json,Buggy
3,1.9244087161496282E-4,1,4,125.94194793701172,13465.json,NotBuggy
6,0.19321656227111816,1,5,114.64286041259766,15920.json,NotBuggy
7,0.32573699951171875,2,3,110.61402893066406,18076.json,NotBuggy
5,0.7517188191413879,2,1,121.30742645263672,19928.json,NotBuggy
3,0.8934712409973145,1,1,131.60296630859375,13954.json,NotBuggy
3,0.9413626194000244,1,0,133.59722900390625,14101.json,NotBuggy
3,0.9038982391357422,1,0,133.59722900390625,23084.json,NotBuggy
11,0.026439374312758446,1,9,101.22618103027344,20868.json,NotBuggy
4,0.4859175980091095,1,0,125.64796447753906,21893.json,NotBuggy
4,0.6870712041854858,1,1,126.33003997802734,13109.json,NotBuggy
6,0.015775781124830246,2,3,113.87049102783203,7196.json,NotBuggy
3,0.6920527815818787,1,0,131.28770446777344,825.json,NotBuggy
4,0.6432029008865356,1,0,125.27178192138672,1485.json,NotBuggy
4,0.7119079828262329,1,0,125.27178192138672,3216.json,NotBuggy
5,0.06301189213991165,1,3,118.5140380859375,13606.json,NotBuggy
3,0.8170841336250305,2,1,129.48590087890625,12033.json,NotBuggy
5,0.8120695352554321,1,0,121.18380737304688,13884.json,NotBuggy
8,0.003626299789175391,3,12,105.64694213867188,7837.json,NotBuggy
3,0.10659439861774445,1,1,129.81976318359375,6564.json,NotBuggy
11,0.0,2,22,98.27098083496094,8413.json,Buggy
10,0.2883951961994171,1,6,104.40418243408203,4719.json,NotBuggy
3,0.26859650015830994,1,1,132.25152587890625,17428.json,NotBuggy
10,0.005304248072206974,2,13,101.59248352050781,4014.json,Buggy
7,0.6191737055778503,2,1,112.39712524414062,1664.json,NotBuggy
3,0.8392617106437683,1,0,131.91592407226562,2976.json,NotBuggy
3,0.23121322691440582,1,2,128.712890625,21574.json,NotBuggy
4,0.08923456817865372,1,1,123.74861145019531,19059.json,NotBuggy
4,0.31973767280578613,1,1,124.05243682861328,6993.json,NotBuggy
5,0.01191940251737833,2,1,117.63319396972656,4338.json,NotBuggy
3,0.6395697593688965,1,0,130.57513427734375,18926.json,NotBuggy
4,0.7151249647140503,1,0,125.27178192138672,22888.json,NotBuggy
4,0.10734736174345016,1,2,124.4649429321289,8819.json,NotBuggy
3,0.12911249697208405,1,1,131.43582153320312,6099.json,NotBuggy
4,0.48410138487815857,1,0,125.64796447753906,14967.json,NotBuggy
6,0.2182830423116684,1,5,113.39401245117188,9842.json,NotBuggy
5,0.13123299181461334,1,4,118.82691955566406,21283.json,NotBuggy
3,0.6773918867111206,1,2,129.93223571777344,1391.json,NotBuggy
3,0.8152434825897217,1,0,133.59722900390625,16505.json,NotBuggy
3,0.8152434825897217,1,0,133.59722900390625,21823.json,NotBuggy
3,0.20642326772212982,1,0,131.46876525878906,6395.json,NotBuggy
4,0.2737603485584259,1,2,125.05540466308594,14363.json,NotBuggy
12,0.02223624289035797,3,8,98.13003540039062,16771.json,NotBuggy
3,0.9457477331161499,1,0,133.59722900390625,19670.json,NotBuggy
3,0.32443690299987793,1,2,129.47398376464844,1652.json,NotBuggy
3,0.8276108503341675,2,1,130.6262969970703,14.json,NotBuggy
3,0.9476040005683899,1,0,133.59722900390625,6987.json,NotBuggy
6,0.051140833646059036,1,5,115.11836242675781,4401.json,NotBuggy
9,0.004989605396986008,3,5,105.01719665527344,546.json,NotBuggy
3,0.45234838128089905,1,0,133.59722900390625,9769.json,NotBuggy
3,0.055118490010499954,1,2,127.68843078613281,2501.json,NotBuggy
12,0.009974254295229912,4,8,98.35264587402344,8820.json,NotBuggy
12,0.11130642145872116,2,5,100.41899108886719,8054.json,NotBuggy
5,0.6091412305831909,2,1,121.93724060058594,19801.json,NotBuggy
3,0.8734285235404968,2,1,129.95594787597656,6890.json,NotBuggy
3,0.20061364769935608,1,2,128.62307739257812,6242.json,NotBuggy
75,0.0,1,72,60.60221481323242,829.json,NotBuggy
3,0.7443475723266602,1,0,131.28770446777344,10674.json,NotBuggy
4,0.7423573136329651,2,2,122.28609466552734,8074.json,NotBuggy
11,0.009148587472736835,1,12,101.0411376953125,1821.json,NotBuggy
3,0.9381090402603149,1,0,133.59722900390625,12179.json,NotBuggy
8,0.003823996288701892,1,11,106.71437072753906,2962.json,NotBuggy
6,0.18460606038570404,2,3,114.41285705566406,8409.json,NotBuggy
4,0.5538758635520935,1,0,125.64796447753906,11874.json,NotBuggy
3,0.677009642124176,1,0,130.85629272460938,15861.json,NotBuggy
9,0.0,1,12,101.52473449707031,9247.json,NotBuggy
6,0.20102760195732117,2,2,115.17733001708984,9001.json,NotBuggy
6,0.32131245732307434,2,2,115.03083801269531,8626.json,NotBuggy
6,0.0022040007170289755,2,5,112.23442840576172,6767.json,Buggy
7,0.14222463965415955,2,4,110.83072662353516,10696.json,NotBuggy
3,0.1487259417772293,1,0,133.59722900390625,9574.json,NotBuggy
4,0.6439490914344788,1,2,123.56243133544922,3112.json,NotBuggy
4,0.27423012256622314,1,3,124.26470947265625,9230.json,NotBuggy
3,0.9197396636009216,1,0,133.59722900390625,23597.json,NotBuggy
5,0.0033392556942999363,2,6,116.87085723876953,20730.json,NotBuggy
3,0.9558944702148438,1,0,133.59722900390625,22405.json,NotBuggy
4,0.7389892935752869,1,0,125.64796447753906,18365.json,NotBuggy
6,0.8541287183761597,2,0,117.14632415771484,1153.json,NotBuggy
3,0.6796339154243469,1,0,133.59722900390625,11144.json,NotBuggy
3,0.8311705589294434,1,1,131.60296630859375,11974.json,NotBuggy
3,0.6126384735107422,1,1,130.85629272460938,18481.json,NotBuggy
7,6.510099046863616E-4,2,4,108.83063507080078,13830.json,NotBuggy
8,0.00690880510956049,2,5,107.57398223876953,766.json,NotBuggy
3,0.4498679041862488,1,0,132.086669921875,13267.json,NotBuggy
21,0.0011859172955155373,1,20,86.06399536132812,3314.json,NotBuggy
7,0.931439220905304,1,0,113.0444107055664,13577.json,NotBuggy
11,0.0,1,15,100.4227066040039,22372.json,NotBuggy
4,0.625913679599762,1,0,125.64796447753906,21754.json,NotBuggy
9,0.002027768874540925,2,6,104.46066284179688,16792.json,NotBuggy
3,0.9596510529518127,1,0,132.9956512451172,16082.json,NotBuggy
3,0.072147898375988,1,3,127.51214599609375,9314.json,NotBuggy
5,0.0011842490639537573,1,6,114.41317749023438,7975.json,NotBuggy
24,0.0034523869398981333,11,0,84.48507690429688,20503.json,NotBuggy
3,0.7212120294570923,1,0,133.59722900390625,732.json,NotBuggy
6,0.021474279463291168,1,3,113.448486328125,18826.json,NotBuggy
3,0.13752661645412445,1,2,129.57785034179688,13831.json,NotBuggy
4,0.7119079828262329,1,0,125.27178192138672,4710.json,NotBuggy
8,0.5148248672485352,2,3,110.44464111328125,6517.json,NotBuggy
4,0.04762006551027298,1,3,121.08299255371094,16078.json,NotBuggy
3,0.7376899719238281,1,1,131.75106811523438,5909.json,NotBuggy
4,0.08447444438934326,1,7,121.10203552246094,5691.json,Buggy
3,0.8636916279792786,1,0,133.59722900390625,23515.json,NotBuggy
3,0.8537255525588989,1,0,133.59722900390625,10740.json,NotBuggy
3,0.712624728679657,1,0,133.59722900390625,9817.json,NotBuggy
4,0.32668817043304443,1,3,123.74861145019531,11441.json,NotBuggy
12,0.0015792057383805513,1,11,98.34347534179688,5092.json,NotBuggy
4,0.5558582544326782,1,0,126.04888916015625,12433.json,NotBuggy
3,0.2873138189315796,1,0,133.59722900390625,9826.json,NotBuggy
6,0.0013247012393549085,2,6,112.88314056396484,15266.json,NotBuggy
13,1.8162799824494869E-4,2,12,95.6382827758789,8868.json,NotBuggy
8,0.07871292531490326,1,9,108.23262786865234,22656.json,NotBuggy
6,0.027434151619672775,1,6,114.99771881103516,3646.json,NotBuggy
5,0.021826185286045074,1,5,117.21340942382812,14888.json,NotBuggy
4,0.18800866603851318,1,2,124.48761749267578,12811.json,NotBuggy
4,0.6011934876441956,1,1,125.78216552734375,5137.json,NotBuggy
3,0.5859420895576477,1,0,132.4454345703125,1534.json,NotBuggy
3,0.941382646560669,1,0,132.9956512451172,19744.json,NotBuggy
3,0.7412548065185547,1,0,133.59722900390625,7967.json,NotBuggy
3,0.5404261946678162,1,0,133.59722900390625,8913.json,NotBuggy
5,0.005269851069897413,1,6,116.75787353515625,10252.json,NotBuggy
3,0.9381090402603149,1,0,133.59722900390625,11328.json,NotBuggy
4,0.8757023811340332,1,2,127.77642822265625,8297.json,NotBuggy
5,0.7287989258766174,1,3,119.41529846191406,19943.json,NotBuggy
4,0.004706170875579119,1,5,120.40968322753906,4751.json,NotBuggy
4,0.5182191729545593,1,0,125.64796447753906,10663.json,NotBuggy
8,0.035594165325164795,2,3,109.09575653076172,18262.json,NotBuggy
4,0.7403702735900879,1,0,125.64796447753906,12998.json,NotBuggy
10,0.010654711164534092,1,1,102.64698791503906,7308.json,NotBuggy
7,0.03134714439511299,1,7,110.84402465820312,3435.json,NotBuggy
4,0.284564733505249,1,1,123.87862396240234,15265.json,NotBuggy
8,0.007162249647080898,1,9,106.60643768310547,2158.json,NotBuggy
3,0.9153783321380615,1,0,133.59722900390625,22242.json,NotBuggy
11,0.4714567959308624,3,3,102.13055419921875,6227.json,NotBuggy
7,0.00612524151802063,2,7,109.05691528320312,20757.json,NotBuggy
3,0.5595769286155701,1,3,128.50894165039062,5020.json,NotBuggy
3,0.6272130608558655,1,1,131.60296630859375,19652.json,NotBuggy
11,7.059498457238078E-4,2,14,98.86927795410156,3927.json,NotBuggy
3,0.9457477331161499,1,0,133.59722900390625,14947.json,NotBuggy
3,0.9380925893783569,1,0,133.59722900390625,1106.json,NotBuggy
3,0.7972366809844971,1,0,133.59722900390625,21837.json,NotBuggy
3,0.9020947813987732,1,0,133.59722900390625,21237.json,NotBuggy
11,0.027758857235312462,2,5,100.88188171386719,17216.json,NotBuggy
4,0.4681531488895416,1,0,125.64796447753906,14966.json,NotBuggy
4,0.4190605580806732,1,0,125.64796447753906,22447.json,NotBuggy
7,0.007780012674629688,1,6,110.81592559814453,4761.json,NotBuggy
3,0.5972530841827393,1,0,131.28770446777344,11553.json,NotBuggy
3,0.933254599571228,1,0,133.59722900390625,18019.json,NotBuggy
3,0.8152434825897217,1,0,133.59722900390625,483.json,NotBuggy
3,0.07744617015123367,1,1,129.2428436279297,14722.json,NotBuggy
3,0.3736990690231323,1,1,131.75106811523438,18912.json,Buggy
3,0.4392603635787964,1,2,130.44261169433594,1228.json,NotBuggy
3,0.7160787582397461,1,0,133.59722900390625,8443.json,NotBuggy
3,0.8983809351921082,1,0,133.59722900390625,3210.json,NotBuggy
7,0.047941192984580994,2,3,112.22283172607422,8764.json,NotBuggy
3,0.7604460716247559,1,0,132.4454345703125,14092.json,NotBuggy
3,0.4076552391052246,1,1,131.43582153320312,5913.json,NotBuggy
3,0.8983809351921082,1,0,133.59722900390625,23258.json,NotBuggy
12,0.0,1,17,98.50677490234375,22369.json,NotBuggy
9,0.37241458892822266,3,0,105.76912689208984,13829.json,NotBuggy
4,0.7119079828262329,1,0,125.27178192138672,22834.json,NotBuggy
15,0.001053085783496499,3,8,93.99088287353516,14679.json,NotBuggy
3,0.06793415546417236,1,1,129.47398376464844,13497.json,NotBuggy
3,0.3069516718387604,1,0,131.03103637695312,13203.json,NotBuggy
3,0.8537255525588989,1,0,133.59722900390625,21735.json,NotBuggy
3,0.8716084957122803,1,0,133.59722900390625,18231.json,NotBuggy
7,0.12441935390233994,2,6,110.6956787109375,15856.json,NotBuggy
3,0.8853198885917664,1,0,133.59722900390625,22738.json,NotBuggy
5,0.0014970691408962011,1,3,118.5980453491211,11722.json,NotBuggy
5,0.18405838310718536,2,1,121.68352508544922,14140.json,NotBuggy
6,0.0010376913705840707,1,5,113.14921569824219,17081.json,NotBuggy
11,0.5833374261856079,3,3,102.07846069335938,16458.json,NotBuggy
4,0.7144284844398499,1,0,125.64796447753906,22426.json,NotBuggy
3,0.6920579075813293,1,0,133.59722900390625,12713.json,NotBuggy
17,0.00683464715257287,1,12,91.18124389648438,4539.json,NotBuggy
3,0.7756392359733582,1,0,131.9385528564453,9073.json,NotBuggy
3,0.7517120242118835,1,2,130.30841064453125,10056.json,NotBuggy
3,0.6747451424598694,1,0,133.59722900390625,480.json,NotBuggy
6,0.4764505624771118,2,4,115.17733001708984,8681.json,NotBuggy
5,0.26116088032722473,1,1,119.06403350830078,15686.json,NotBuggy
4,0.7119079828262329,1,0,125.27178192138672,23277.json,NotBuggy
23,0.00410320982336998,6,9,85.02989959716797,13454.json,NotBuggy
3,0.6983818411827087,1,1,130.85629272460938,20414.json,NotBuggy
2,0.9292423129081726,1,0,140.82913208007812,18468.json,NotBuggy
7,0.546004593372345,2,2,111.00237274169922,20419.json,NotBuggy
4,0.8690692186355591,1,0,125.5254898071289,17860.json,NotBuggy
3,0.9476040005683899,1,0,133.59722900390625,19666.json,NotBuggy
3,0.7985398769378662,1,0,131.9385528564453,23505.json,NotBuggy
3,0.8979276418685913,1,0,132.4454345703125,923.json,NotBuggy
9,0.0,2,9,103.06118774414062,14894.json,NotBuggy
9,0.3585744798183441,3,3,106.52942657470703,6001.json,NotBuggy
3,0.8537255525588989,1,0,133.59722900390625,12705.json,NotBuggy
3,0.9381090402603149,1,0,133.59722900390625,16980.json,NotBuggy
11,0.283879816532135,3,4,101.64846801757812,8537.json,NotBuggy
3,0.9038982391357422,1,0,133.59722900390625,23014.json,NotBuggy
4,0.0018198230536654592,1,4,121.97586059570312,4901.json,NotBuggy
3,0.47631168365478516,1,1,131.1535186767578,357.json,NotBuggy
16,0.007363145239651203,5,12,93.03759765625,20099.json,Buggy
3,0.13930943608283997,1,1,129.47398376464844,1992.json,NotBuggy
3,0.693448007106781,1,0,131.9385528564453,21669.json,NotBuggy
2,0.9970839619636536,1,0,142.4026641845703,8847.json,NotBuggy
3,0.9621713757514954,1,0,133.59722900390625,22097.json,NotBuggy
3,0.8853198885917664,1,0,133.59722900390625,22773.json,NotBuggy
3,0.8853198885917664,1,0,133.59722900390625,12068.json,NotBuggy
3,0.1455940157175064,1,2,128.3351287841797,10235.json,NotBuggy
4,0.48644062876701355,1,0,124.26470947265625,15625.json,NotBuggy
3,0.9346750378608704,1,0,133.59722900390625,11962.json,NotBuggy
11,2.0781847706530243E-4,1,14,100.73782348632812,22978.json,NotBuggy
5,0.785047173500061,2,1,121.30742645263672,10847.json,NotBuggy
4,0.6348837614059448,1,1,126.33003997802734,1212.json,NotBuggy
3,0.804734468460083,2,1,129.24398803710938,4815.json,Buggy
6,0.017595820128917694,1,5,114.51445770263672,8531.json,NotBuggy
4,0.4180580973625183,1,0,125.64796447753906,22840.json,NotBuggy
3,0.9198765158653259,1,0,133.59722900390625,724.json,NotBuggy
4,0.7119079828262329,1,0,125.27178192138672,3108.json,NotBuggy
4,0.6988435983657837,1,0,125.27178192138672,20880.json,NotBuggy
4,0.004620382096618414,1,0,125.15930938720703,3247.json,NotBuggy
3,0.01348847709596157,1,2,127.17938995361328,9292.json,NotBuggy
3,7.041580975055695E-4,1,0,127.90702056884766,20221.json,NotBuggy
9,0.0,1,12,103.1187973022461,4542.json,NotBuggy
3,0.925599992275238,1,0,133.59722900390625,15935.json,NotBuggy
13,0.034100841730833054,1,11,98.0772705078125,4780.json,NotBuggy
3,0.9170947074890137,1,0,133.59722900390625,19548.json,NotBuggy
3,0.4955523610115051,1,0,132.4454345703125,5154.json,NotBuggy
3,0.9457477331161499,1,0,133.59722900390625,10168.json,NotBuggy
7,9.187190444208682E-4,2,6,109.76307678222656,4213.json,NotBuggy
3,0.764521062374115,1,0,131.9385528564453,23529.json,NotBuggy
4,0.513394832611084,1,0,125.27178192138672,15972.json,NotBuggy
4,0.6254518628120422,1,0,125.27178192138672,15603.json,NotBuggy
4,0.01173002365976572,1,3,120.89375305175781,2416.json,NotBuggy
4,0.2911294400691986,1,3,124.1488037109375,13607.json,NotBuggy
7,0.07342611998319626,1,4,111.22962188720703,11739.json,NotBuggy
6,0.13741956651210785,1,5,116.11265563964844,14508.json,NotBuggy
3,0.42188429832458496,1,1,129.69032287597656,19031.json,NotBuggy
4,0.4334632158279419,1,2,125.05540466308594,20457.json,NotBuggy
4,0.7151249647140503,1,0,125.27178192138672,23610.json,NotBuggy
3,0.5598478317260742,2,2,129.3478546142578,19885.json,NotBuggy
3,0.8691964745521545,1,0,131.91592407226562,6749.json,NotBuggy
10,0.0,1,15,102.22232818603516,21298.json,NotBuggy
10,0.0014748894609510899,1,12,103.13742065429688,22962.json,NotBuggy
3,0.03695978596806526,1,3,129.12539672851562,11337.json,NotBuggy
3,0.013446584343910217,1,1,129.34671020507812,6246.json,NotBuggy
4,0.4180580973625183,1,0,125.64796447753906,23023.json,NotBuggy
5,0.0015907174674794078,1,5,115.63654327392578,2396.json,NotBuggy
3,0.5943235158920288,1,3,127.94976043701172,2890.json,NotBuggy
4,0.4859175980091095,1,0,125.64796447753906,4488.json,NotBuggy
6,0.23723343014717102,1,6,113.02667236328125,9498.json,NotBuggy
14,4.0193850873038173E-4,2,19,93.69419860839844,4470.json,NotBuggy
4,0.6988435983657837,1,0,125.27178192138672,20888.json,NotBuggy
4,0.7119079828262329,1,0,125.27178192138672,3020.json,NotBuggy
18,0.0,1,47,87.34651184082031,7763.json,NotBuggy
9,0.22798064351081848,2,0,103.34626007080078,641.json,NotBuggy
4,0.6195821762084961,1,0,125.5254898071289,505.json,NotBuggy
3,0.693448007106781,1,0,131.9385528564453,22027.json,NotBuggy
3,0.4380529224872589,1,1,129.7158966064453,8465.json,NotBuggy
3,0.8537255525588989,1,0,133.59722900390625,23292.json,NotBuggy
3,0.832001268863678,1,1,131.60296630859375,13866.json,NotBuggy
10,0.45752987265586853,3,2,104.83006286621094,16604.json,NotBuggy
4,0.1991570144891739,1,1,123.75868225097656,13754.json,NotBuggy
9,0.456398606300354,2,6,104.16573333740234,5545.json,NotBuggy
18,0.00471146497875452,2,16,89.31412506103516,4476.json,NotBuggy
3,0.7027596831321716,1,1,130.99049377441406,5934.json,NotBuggy
3,0.9060057401657104,1,0,133.59722900390625,9573.json,NotBuggy
4,0.6040081977844238,1,0,125.27178192138672,12061.json,NotBuggy
3,0.7042385339736938,1,0,132.9956512451172,5991.json,NotBuggy
5,0.24148893356323242,1,4,118.66690826416016,4375.json,NotBuggy
16,0.002702353522181511,3,12,92.04802703857422,14142.json,NotBuggy
10,0.010378868319094181,3,8,101.61412048339844,14115.json,NotBuggy
3,0.055233608931303024,1,2,128.51292419433594,13078.json,NotBuggy
3,0.63018399477005,1,1,130.07347106933594,13657.json,NotBuggy
23,6.122113554738462E-4,1,14,86.54108428955078,3811.json,NotBuggy
7,0.10899896919727325,2,5,110.7552719116211,5219.json,NotBuggy
3,0.9537563323974609,1,0,131.9385528564453,867.json,NotBuggy
11,0.022568127140402794,2,4,100.88188171386719,3400.json,NotBuggy
4,0.6676566004753113,2,3,121.39991760253906,6551.json,NotBuggy
3,0.644499659538269,1,0,131.9385528564453,18500.json,NotBuggy
3,0.7300885319709778,1,1,132.086669921875,14204.json,NotBuggy
18,0.011453930288553238,6,0,92.16107940673828,18392.json,NotBuggy
3,0.7842153906822205,1,1,130.85629272460938,5072.json,NotBuggy
9,5.54640602786094E-4,1,11,105.18570709228516,22178.json,NotBuggy
9,0.3317018449306488,2,4,106.87638092041016,22321.json,NotBuggy
4,0.016197236254811287,1,3,121.27667999267578,570.json,NotBuggy
3,0.8353855013847351,1,0,133.59722900390625,23332.json,NotBuggy
3,0.8484311103820801,1,0,130.70933532714844,16910.json,NotBuggy
3,0.8795603513717651,1,0,133.59722900390625,18633.json,NotBuggy
3,0.46715545654296875,1,1,130.07347106933594,5995.json,NotBuggy
13,1.364760973956436E-4,1,1,99.5699462890625,14444.json,NotBuggy
3,0.5770689845085144,1,0,132.4454345703125,4601.json,NotBuggy
4,0.7476167678833008,1,0,124.26470947265625,17649.json,NotBuggy
3,0.9346750378608704,1,0,133.59722900390625,9335.json,NotBuggy
3,0.8403804898262024,1,0,133.59722900390625,5100.json,NotBuggy
10,1.8845289014279842E-4,1,13,102.83251953125,21072.json,NotBuggy
4,0.47953060269355774,1,0,124.58238983154297,4064.json,NotBuggy
8,0.17413371801376343,2,3,109.21004486083984,14730.json,NotBuggy
3,0.8763893246650696,1,0,131.9385528564453,4182.json,NotBuggy
3,0.7343783974647522,1,1,130.45266723632812,14477.json,NotBuggy
4,0.8411192297935486,1,1,125.5254898071289,13603.json,NotBuggy
10,0.11722981184720993,1,8,104.84103393554688,9997.json,NotBuggy
4,0.7369186878204346,1,0,125.64796447753906,12789.json,NotBuggy
6,0.11201164871454239,1,3,116.4616928100586,10303.json,NotBuggy
3,0.7775694727897644,1,0,133.59722900390625,14235.json,NotBuggy
4,0.49658364057540894,1,0,125.64796447753906,12624.json,NotBuggy
8,0.008683188818395138,2,8,106.5293960571289,8918.json,NotBuggy
3,0.4950951039791107,1,1,130.45266723632812,15717.json,NotBuggy
5,0.4135421812534332,1,1,119.31893157958984,16986.json,NotBuggy
3,0.8152434825897217,1,0,133.59722900390625,23042.json,NotBuggy
3,0.803116500377655,1,0,133.59722900390625,4496.json,NotBuggy
3,0.5465021729469299,1,0,132.25152587890625,782.json,NotBuggy
3,0.9346750378608704,1,0,133.59722900390625,10182.json,NotBuggy
3,0.8873574137687683,1,0,133.59722900390625,926.json,NotBuggy
4,0.621963620185852,1,0,125.27178192138672,2860.json,NotBuggy
3,0.05004839226603508,1,2,126.35334777832031,10250.json,NotBuggy
4,0.8653095364570618,1,0,125.5254898071289,10171.json,NotBuggy
3,0.4611598551273346,1,2,129.12539672851562,119.json,NotBuggy
3,0.9476040005683899,1,0,133.59722900390625,2380.json,NotBuggy
8,0.05842995643615723,1,11,107.20690155029297,17442.json,NotBuggy
7,0.14725862443447113,2,2,111.66191101074219,15225.json,NotBuggy
14,0.23868362605571747,1,5,96.71366882324219,14559.json,NotBuggy
3,0.7272174954414368,1,1,130.85629272460938,1733.json,NotBuggy
4,0.6850143671035767,1,1,124.361083984375,1094.json,NotBuggy
4,0.8354911208152771,1,0,125.15930938720703,12800.json,NotBuggy
3,0.5980063080787659,1,0,131.28770446777344,11570.json,NotBuggy
4,0.3925507962703705,1,1,123.59581756591797,16260.json,NotBuggy
3,0.6818329095840454,1,0,131.9385528564453,16322.json,NotBuggy
4,0.7310307025909424,1,0,125.27178192138672,5108.json,NotBuggy
3,0.8873574137687683,1,0,133.59722900390625,12440.json,NotBuggy
6,0.3715381324291229,2,2,114.82393646240234,8380.json,NotBuggy
11,0.003453351091593504,2,5,100.51371765136719,12133.json,NotBuggy
3,0.46540433168411255,1,1,129.7158966064453,20243.json,NotBuggy
3,0.8152434825897217,1,0,133.59722900390625,21985.json,NotBuggy
13,0.19122640788555145,3,4,98.62208557128906,6188.json,NotBuggy
4,0.05806880444288254,1,4,120.46957397460938,20663.json,NotBuggy
18,0.028471361845731735,4,6,90.56684875488281,679.json,NotBuggy
4,0.040932346135377884,1,4,122.76876068115234,9017.json,Buggy
3,0.7551659345626831,1,0,131.28770446777344,18414.json,NotBuggy
4,0.7119079828262329,1,0,125.27178192138672,2721.json,NotBuggy
3,0.8294612765312195,1,0,134.26058959960938,2697.json,NotBuggy
4,0.6067095398902893,1,0,125.64796447753906,23155.json,NotBuggy
3,0.9294750690460205,1,0,133.59722900390625,7165.json,NotBuggy
3,0.7527018189430237,1,1,130.45266723632812,18407.json,NotBuggy
3,0.9165305495262146,1,0,133.59722900390625,1294.json,NotBuggy
4,0.1898745596408844,1,0,125.64796447753906,18858.json,NotBuggy
3,0.03282563015818596,1,3,128.4090576171875,10339.json,NotBuggy
4,0.07558490335941315,1,2,124.05243682861328,17411.json,NotBuggy
10,0.034849636256694794,3,4,102.6844711303711,5833.json,NotBuggy
4,0.7208623290061951,1,0,126.04888916015625,11129.json,NotBuggy
8,0.28794679045677185,1,1,111.63614654541016,7809.json,NotBuggy
3,0.4227571487426758,1,1,130.34019470214844,16478.json,NotBuggy
4,0.36524301767349243,1,0,125.64796447753906,504.json,NotBuggy
3,0.4586312174797058,1,1,129.93223571777344,10233.json,NotBuggy
3,0.9181838035583496,1,0,133.59722900390625,14933.json,NotBuggy
3,0.7693724036216736,1,0,133.59722900390625,22825.json,NotBuggy
4,0.0,1,2,123.65223693847656,4828.json,NotBuggy
6,0.6153430938720703,1,4,116.62230682373047,22463.json,NotBuggy
3,0.8353855013847351,1,0,133.59722900390625,23549.json,NotBuggy
3,0.5746399164199829,1,1,130.7338104248047,1631.json,NotBuggy
3,0.7482753992080688,1,0,133.59722900390625,14788.json,NotBuggy
3,0.6505458354949951,1,0,131.28770446777344,11884.json,NotBuggy
3,0.7163717150688171,1,3,128.41912841796875,12567.json,NotBuggy
13,0.0,1,1,101.50179290771484,8723.json,NotBuggy
3,0.7357240915298462,1,0,132.4454345703125,12249.json,NotBuggy
10,0.806066632270813,3,2,104.72284698486328,10312.json,NotBuggy
3,0.35078418254852295,1,2,128.92515563964844,14427.json,NotBuggy
3,0.8308224081993103,1,0,131.91592407226562,1047.json,NotBuggy
3,0.5933467149734497,1,1,130.30841064453125,16073.json,NotBuggy
3,0.8095371127128601,1,0,133.59722900390625,5640.json,NotBuggy
4,0.7119079828262329,1,0,125.27178192138672,4517.json,NotBuggy
9,0.013344642706215382,2,3,104.61589813232422,10496.json,NotBuggy
3,0.628657341003418,1,0,131.28770446777344,953.json,NotBuggy
3,0.9506677985191345,1,0,133.59722900390625,12013.json,NotBuggy
3,0.7123032808303833,1,2,130.70933532714844,11743.json,NotBuggy
8,0.006647796835750341,2,6,105.95664978027344,101.json,NotBuggy
8,0.026085149496793747,1,5,108.38971710205078,4029.json,NotBuggy
15,0.001053085783496499,3,8,93.99088287353516,14219.json,NotBuggy
5,0.13493552803993225,2,1,118.596923828125,2804.json,Buggy
13,0.046345267444849014,2,9,96.94379425048828,16431.json,NotBuggy
3,0.9381090402603149,1,0,133.59722900390625,8751.json,NotBuggy
3,0.8385810852050781,1,0,131.9385528564453,22115.json,NotBuggy
3,0.8087215423583984,1,0,133.59722900390625,18225.json,NotBuggy
3,0.32333484292030334,1,3,129.0215301513672,6526.json,NotBuggy
3,0.8353855013847351,1,0,133.59722900390625,11879.json,NotBuggy
3,0.9327496886253357,1,0,133.59722900390625,9289.json,NotBuggy
6,0.050119057297706604,1,5,113.55796813964844,14550.json,NotBuggy
3,0.6724463105201721,1,0,131.91592407226562,16529.json,NotBuggy
4,0.6988435983657837,1,0,125.27178192138672,20900.json,NotBuggy
3,0.8828085660934448,1,0,133.59722900390625,10571.json,NotBuggy
5,0.029348233714699745,1,3,116.13534545898438,37.json,NotBuggy
7,0.01746337302029133,2,6,109.81309509277344,20022.json,NotBuggy
3,0.9558944702148438,1,0,133.59722900390625,21741.json,NotBuggy
3,0.9346750378608704,1,0,133.59722900390625,9342.json,NotBuggy
8,0.0013625019928440452,1,1,111.90510559082031,3260.json,NotBuggy
3,7.554895710200071E-4,1,3,127.67500305175781,5173.json,NotBuggy
3,0.6328213214874268,1,1,130.85629272460938,8402.json,NotBuggy
6,2.4540582671761513E-4,1,3,113.78408813476562,569.json,NotBuggy
3,0.20120030641555786,1,0,133.59722900390625,18425.json,NotBuggy
3,0.7664653658866882,1,0,132.61029052734375,9885.json,NotBuggy
3,0.03333637863397598,1,0,129.69032287597656,20410.json,NotBuggy
3,0.9327549934387207,1,0,131.28770446777344,13757.json,NotBuggy
3,0.4705086946487427,1,1,130.45266723632812,15732.json,NotBuggy
11,0.0035438931081444025,2,5,100.51371765136719,12111.json,NotBuggy
10,7.676338427700102E-4,2,12,102.80917358398438,14054.json,NotBuggy
3,0.2513243556022644,1,0,133.59722900390625,17830.json,NotBuggy
3,0.940587043762207,1,0,132.9956512451172,14476.json,NotBuggy
4,0.5581261515617371,1,0,125.64796447753906,259.json,Buggy
3,0.9402101635932922,1,0,133.59722900390625,17662.json,NotBuggy
9,0.013520684093236923,3,2,105.06708526611328,1385.json,NotBuggy
11,0.8535187244415283,3,3,103.5073471069336,17351.json,NotBuggy
3,0.9486316442489624,1,0,133.59722900390625,23156.json,NotBuggy
4,0.09146665036678314,1,2,122.14535522460938,10247.json,NotBuggy
13,0.04806893318891525,1,10,97.41570281982422,3562.json,NotBuggy
3,0.7299192547798157,1,0,132.9956512451172,18022.json,NotBuggy
4,0.7119079828262329,1,0,125.27178192138672,21760.json,NotBuggy
3,0.002459341660141945,1,4,127.01653289794922,11213.json,NotBuggy
13,0.048356227576732635,3,5,96.35694885253906,21591.json,NotBuggy
5,0.22335796058177948,1,4,117.59877014160156,13619.json,NotBuggy
3,0.07430361211299896,1,0,133.59722900390625,19930.json,NotBuggy
3,0.8034234046936035,1,0,132.9956512451172,1784.json,NotBuggy
4,0.04269557446241379,1,4,121.42755889892578,5209.json,NotBuggy
3,0.9009784460067749,1,0,133.59722900390625,14971.json,NotBuggy
3,0.9427116513252258,1,0,133.59722900390625,12483.json,NotBuggy
3,0.3017045557498932,1,1,129.2378692626953,8759.json,NotBuggy
3,0.8519220948219299,1,0,131.91592407226562,7167.json,NotBuggy
4,0.6051831245422363,1,1,125.78216552734375,7931.json,NotBuggy
3,0.4189114272594452,1,2,128.0600128173828,9844.json,NotBuggy
23,0.02024933136999607,4,6,83.09171295166016,1077.json,NotBuggy
3,0.5202938318252563,1,2,129.93223571777344,1421.json,NotBuggy
9,0.0019142561359331012,1,14,102.95661926269531,15676.json,NotBuggy
7,0.5875569581985474,2,1,111.53256225585938,10127.json,NotBuggy
3,0.9060057401657104,1,0,133.59722900390625,9653.json,NotBuggy
3,0.29597803950309753,1,1,130.85629272460938,16498.json,NotBuggy
3,0.2323169857263565,1,1,130.07347106933594,380.json,NotBuggy
4,0.7144284844398499,1,0,125.64796447753906,22428.json,NotBuggy
13,0.0014927993761375546,7,12,95.5191421508789,16162.json,NotBuggy
8,0.011307082138955593,1,8,108.31733703613281,3113.json,NotBuggy
14,0.0,1,32,91.89541625976562,4936.json,NotBuggy
3,0.7695571780204773,1,0,131.28770446777344,9838.json,NotBuggy
3,0.21642084419727325,1,1,130.45266723632812,13956.json,NotBuggy
4,0.37396669387817383,1,0,125.64796447753906,22701.json,NotBuggy
8,0.2924056649208069,3,5,107.13993072509766,14753.json,NotBuggy
4,0.6182481050491333,1,0,125.64796447753906,10995.json,NotBuggy
3,0.28949424624443054,1,2,129.69032287597656,12223.json,NotBuggy
4,0.0,1,4,121.10203552246094,6979.json,NotBuggy
3,0.020457113161683083,1,2,128.60531616210938,3669.json,NotBuggy
3,0.8353855013847351,1,0,133.59722900390625,20905.json,NotBuggy
7,0.023596474900841713,1,6,111.28950500488281,4650.json,NotBuggy
3,0.013314744457602501,1,1,129.7158966064453,19353.json,NotBuggy
16,8.517760434187949E-4,4,8,92.3224868774414,22225.json,NotBuggy
3,0.3284713327884674,1,0,131.60296630859375,8622.json,NotBuggy
11,0.049600016325712204,2,6,102.08228302001953,9851.json,NotBuggy
5,0.0013610129244625568,1,12,114.947265625,9221.json,NotBuggy
4,0.0020057286601513624,2,4,119.37043762207031,10710.json,NotBuggy
13,0.0,3,15,95.6575927734375,14400.json,NotBuggy
3,0.6747075915336609,1,0,131.60296630859375,13835.json,NotBuggy
4,0.6066910028457642,1,0,125.64796447753906,10214.json,NotBuggy
3,0.13020096719264984,1,2,128.50894165039062,12264.json,NotBuggy
4,0.6068272590637207,1,0,125.64796447753906,13163.json,NotBuggy
3,0.4070749878883362,1,2,129.69032287597656,11464.json,NotBuggy
13,0.00957650039345026,1,12,97.60933685302734,3720.json,NotBuggy
4,0.32370901107788086,1,1,124.05243682861328,6664.json,NotBuggy
15,0.001053085783496499,3,8,93.99088287353516,14848.json,NotBuggy
3,0.9621713757514954,1,0,133.59722900390625,23324.json,NotBuggy
3,0.8885472416877747,1,0,133.59722900390625,11798.json,NotBuggy
12,0.023626629263162613,3,7,99.40204620361328,9931.json,NotBuggy
3,0.7092880606651306,1,0,133.59722900390625,8750.json,NotBuggy
7,0.0612870454788208,1,9,110.23220825195312,14609.json,NotBuggy
4,0.4859175980091095,1,0,125.64796447753906,23600.json,NotBuggy
4,0.1817111223936081,1,2,123.46312713623047,4371.json,NotBuggy
3,0.4622400104999542,1,0,131.28770446777344,501.json,NotBuggy
8,0.04201178997755051,2,5,108.34576416015625,525.json,NotBuggy
3,0.8398252725601196,2,4,126.64217376708984,1270.json,NotBuggy
3,0.009924967773258686,1,3,127.59430694580078,3879.json,NotBuggy
4,0.6342005133628845,1,1,125.15930938720703,448.json,NotBuggy
4,0.0781022310256958,1,2,123.19084167480469,19716.json,NotBuggy
3,1.2663444795180112E-4,1,3,126.78941345214844,16279.json,NotBuggy
9,0.004204690456390381,1,10,105.83655548095703,22361.json,NotBuggy
3,0.8675491213798523,1,0,133.59722900390625,11854.json,NotBuggy
3,0.9381090402603149,1,0,133.59722900390625,9330.json,NotBuggy
4,0.5904631018638611,1,1,124.05243682861328,7862.json,NotBuggy
3,0.0,1,8,125.01306915283203,14464.json,NotBuggy
4,0.4782646596431732,1,0,124.58238983154297,10103.json,NotBuggy
3,0.8537255525588989,1,0,133.59722900390625,21769.json,NotBuggy
7,0.8194953799247742,1,3,109.32020568847656,14993.json,NotBuggy
3,0.7514656186103821,1,1,130.85629272460938,14423.json,NotBuggy
3,0.4392603635787964,1,2,130.44261169433594,1229.json,NotBuggy
8,0.10775816440582275,2,4,107.5079574584961,5065.json,NotBuggy
6,0.0,1,15,111.72920227050781,2580.json,NotBuggy
3,0.7883706092834473,1,1,127.42921447753906,7227.json,Buggy
32,0.0,13,53,71.8561782836914,18626.json,Buggy
8,0.03263073414564133,1,8,107.42060089111328,3025.json,NotBuggy
4,0.46387723088264465,1,0,125.64796447753906,10273.json,NotBuggy
4,0.7119079828262329,1,0,125.27178192138672,21053.json,NotBuggy
4,0.502638578414917,1,0,125.64796447753906,21230.json,NotBuggy
3,0.04083199426531792,1,1,131.43582153320312,9372.json,NotBuggy
9,0.07965676486492157,2,2,104.9557113647461,17642.json,NotBuggy
3,0.8431631922721863,1,0,133.59722900390625,10766.json,NotBuggy
4,0.41544458270072937,1,0,125.64796447753906,5651.json,NotBuggy
3,0.8920052647590637,1,0,129.69032287597656,3970.json,NotBuggy
3,0.23368529975414276,1,2,129.69032287597656,9593.json,NotBuggy
4,0.12472442537546158,1,2,125.78216552734375,10082.json,NotBuggy
3,0.7077494859695435,1,1,130.34019470214844,13402.json,NotBuggy
12,0.0,1,17,98.25763702392578,21847.json,NotBuggy
3,0.7972366809844971,1,0,133.59722900390625,21757.json,NotBuggy
3,0.2707672715187073,1,2,129.57785034179688,12140.json,NotBuggy
3,0.7048868536949158,1,0,132.9956512451172,2290.json,NotBuggy
10,0.07160695642232895,3,4,100.88087463378906,20275.json,NotBuggy
4,0.6617034077644348,1,0,125.27178192138672,23161.json,NotBuggy
3,0.6180086135864258,1,1,132.25152587890625,15253.json,NotBuggy
4,0.7428649663925171,1,0,125.64796447753906,10672.json,NotBuggy
10,0.0014023809926584363,1,13,102.1925048828125,6642.json,NotBuggy
3,0.9558944702148438,1,0,133.59722900390625,22413.json,NotBuggy
3,0.9153783321380615,1,0,133.59722900390625,23214.json,NotBuggy
3,0.4549056887626648,1,1,130.45266723632812,1569.json,NotBuggy
3,0.2725014388561249,1,0,130.57513427734375,5646.json,NotBuggy
3,0.8537255525588989,1,0,133.59722900390625,10768.json,NotBuggy
4,0.027055658400058746,1,5,120.31302642822266,1996.json,NotBuggy
17,0.0,1,30,89.5895004272461,2439.json,NotBuggy
4,0.9509539008140564,1,0,125.79222106933594,1467.json,NotBuggy
15,0.04406420513987541,7,3,94.42938232421875,7933.json,NotBuggy
22,0.0,1,31,84.41888427734375,9159.json,NotBuggy
3,0.8763893246650696,1,0,131.9385528564453,15570.json,NotBuggy
2,0.9866304397583008,1,0,140.82913208007812,6042.json,Buggy
4,0.7222005724906921,1,1,126.19583892822266,14271.json,NotBuggy
31,0.0,7,28,74.92819213867188,20761.json,NotBuggy
7,0.0323709212243557,2,4,109.80904388427734,3119.json,NotBuggy
3,0.12484971433877945,1,1,129.7158966064453,19060.json,NotBuggy
8,0.0010954296449199319,1,12,107.05500793457031,3253.json,NotBuggy
3,0.8763893246650696,1,0,131.9385528564453,15622.json,NotBuggy
40,0.0,8,26,71.01299285888672,3476.json,NotBuggy
4,0.4843546748161316,1,2,126.33003997802734,14915.json,NotBuggy
4,0.836780846118927,1,0,125.5254898071289,7944.json,NotBuggy
3,0.4513060748577118,1,0,131.43582153320312,7246.json,NotBuggy
8,0.014326503500342369,2,5,107.23480987548828,6197.json,NotBuggy
9,0.01513145212084055,1,8,106.32454681396484,3432.json,NotBuggy
3,0.7055560946464539,1,0,131.28770446777344,18412.json,NotBuggy
3,0.8853198885917664,1,0,133.59722900390625,10172.json,NotBuggy
2,0.9975274205207825,1,0,142.4026641845703,8411.json,NotBuggy
3,0.8015093207359314,1,0,133.59722900390625,12479.json,NotBuggy
3,0.22620932757854462,1,0,133.59722900390625,17827.json,NotBuggy
3,0.9023922085762024,1,0,133.59722900390625,19745.json,NotBuggy
3,0.7805376648902893,1,0,131.9385528564453,19481.json,NotBuggy
3,0.6405757069587708,1,0,131.28770446777344,18640.json,NotBuggy
3,0.4090099036693573,1,1,130.30841064453125,11603.json,NotBuggy
4,0.7119079828262329,1,0,125.27178192138672,15579.json,NotBuggy
3,0.6097085475921631,1,0,132.086669921875,1892.json,NotBuggy
8,0.035744957625865936,2,5,108.34576416015625,526.json,NotBuggy
3,0.6503036022186279,1,1,130.85629272460938,19159.json,NotBuggy
4,0.606551468372345,1,0,125.64796447753906,21682.json,NotBuggy
6,0.03775576874613762,2,2,114.28445434570312,15275.json,NotBuggy
6,0.4317599833011627,2,1,117.14632415771484,440.json,NotBuggy
4,0.19272534549236298,1,0,124.7987289428711,1576.json,NotBuggy
5,2.4010505876503885E-4,2,4,116.56475830078125,14727.json,Buggy
3,0.850900411605835,1,1,132.25152587890625,1205.json,NotBuggy
6,0.22424766421318054,2,1,114.28445434570312,19726.json,NotBuggy
3,0.9034404754638672,1,0,133.59722900390625,6804.json,Buggy
11,0.02566969208419323,3,5,100.64295959472656,4723.json,NotBuggy
10,9.347631712444127E-4,2,11,100.64995574951172,20307.json,NotBuggy
3,0.9294750690460205,1,0,133.59722900390625,22421.json,NotBuggy
14,0.0,2,20,92.2259521484375,17931.json,NotBuggy
3,0.005179476924240589,1,4,127.50450134277344,8848.json,NotBuggy
4,0.7119079828262329,1,0,125.27178192138672,3708.json,NotBuggy
4,0.29003432393074036,1,2,124.92120361328125,7311.json,NotBuggy
5,0.86676025390625,2,0,122.48511505126953,1245.json,NotBuggy
15,0.027789412066340446,6,4,93.91483306884766,16166.json,NotBuggy
19,0.01016340870410204,1,14,91.61479949951172,3301.json,NotBuggy
3,0.6773489117622375,1,0,133.59722900390625,14976.json,NotBuggy
3,1.1808211274910718E-4,1,3,127.05960083007812,1300.json,NotBuggy
4,0.6910564303398132,1,0,124.1749038696289,9113.json,NotBuggy
3,0.9413626194000244,1,0,133.59722900390625,15750.json,NotBuggy
3,8.448172593489289E-4,1,0,127.09538269042969,18941.json,NotBuggy
3,0.4947884678840637,1,0,131.60296630859375,13957.json,NotBuggy
3,0.10881473124027252,1,1,129.2428436279297,15019.json,NotBuggy
3,0.04186221584677696,1,0,128.60531616210938,6119.json,NotBuggy
3,0.7185764908790588,1,2,130.70933532714844,19643.json,NotBuggy
3,0.7400403618812561,1,0,133.59722900390625,467.json,NotBuggy
3,0.02126338705420494,1,1,126.87217712402344,17126.json,NotBuggy
11,0.018783703446388245,3,3,99.92842102050781,19426.json,NotBuggy
3,0.941373884677887,1,0,133.59722900390625,12214.json,NotBuggy
3,0.8206725120544434,1,0,133.59722900390625,9810.json,NotBuggy
4,0.7469343543052673,1,0,125.64796447753906,15345.json,NotBuggy
3,0.7006716132164001,1,0,133.59722900390625,9793.json,NotBuggy
8,0.004140451084822416,2,13,107.17904663085938,9252.json,NotBuggy
4,0.7256754636764526,1,0,125.27178192138672,20896.json,NotBuggy
3,0.8317558169364929,1,0,133.59722900390625,16937.json,NotBuggy
4,0.01012556441128254,1,1,122.5949478149414,6618.json,NotBuggy
3,0.9558944702148438,1,0,133.59722900390625,23260.json,NotBuggy
3,0.9181838035583496,1,0,133.59722900390625,3703.json,NotBuggy
6,0.22749067842960358,2,3,114.41285705566406,21593.json,NotBuggy
3,0.3392361104488373,1,2,131.1385955810547,19174.json,NotBuggy
5,0.24317798018455505,1,3,118.5140380859375,10277.json,NotBuggy
15,0.09226135164499283,5,6,93.59489440917969,19480.json,NotBuggy
6,0.006098939571529627,2,6,113.12316131591797,3854.json,NotBuggy
3,0.9558944702148438,1,0,133.59722900390625,22483.json,NotBuggy
11,0.0019091048743575811,2,8,101.33761596679688,4139.json,NotBuggy
4,0.6039813756942749,1,0,125.27178192138672,21506.json,NotBuggy
4,0.725112795829773,1,0,125.64796447753906,472.json,NotBuggy
9,0.1920580267906189,2,4,106.2907943725586,9869.json,NotBuggy
3,0.032993461936712265,1,2,128.8092498779297,4885.json,NotBuggy
3,0.8152434825897217,1,0,133.59722900390625,23002.json,NotBuggy
4,0.7119079828262329,1,0,125.27178192138672,21023.json,NotBuggy
3,0.8152434825897217,1,0,133.59722900390625,4618.json,NotBuggy
5,0.5199062824249268,1,2,119.41529846191406,6601.json,NotBuggy
13,0.6037910580635071,5,3,97.93431854248047,17616.json,NotBuggy
14,4.804636409971863E-4,3,20,92.85169219970703,22228.json,NotBuggy
3,0.7589814066886902,1,0,133.59722900390625,22448.json,NotBuggy
4,0.46387723088264465,1,0,125.64796447753906,10362.json,NotBuggy
3,0.7936847805976868,1,0,133.59722900390625,10488.json,NotBuggy
3,0.2472628951072693,1,2,129.57785034179688,10254.json,NotBuggy
3,0.936884880065918,1,0,133.59722900390625,14234.json,NotBuggy
9,0.028561219573020935,3,3,105.06708526611328,7847.json,NotBuggy
5,0.447692334651947,1,1,120.7502212524414,8529.json,NotBuggy
3,0.9593687653541565,1,0,133.59722900390625,20067.json,NotBuggy
6,0.0037969828117638826,1,7,113.55796813964844,8390.json,NotBuggy
5,0.0010550938313826919,1,4,116.62340545654297,3924.json,NotBuggy
4,0.7119079828262329,1,0,125.27178192138672,21712.json,NotBuggy
3,0.8551300764083862,1,0,133.59722900390625,19355.json,NotBuggy
3,0.9038982391357422,1,0,133.59722900390625,12889.json,NotBuggy
5,0.009415769949555397,1,5,117.53816986083984,3890.json,NotBuggy
4,0.5107506513595581,1,0,125.27178192138672,10181.json,NotBuggy
4,0.7119079828262329,1,0,125.27178192138672,4712.json,NotBuggy
3,0.930405855178833,1,0,133.59722900390625,5138.json,NotBuggy
3,0.9089584946632385,1,0,132.61029052734375,16156.json,NotBuggy
3,0.6243333220481873,1,0,131.9385528564453,22067.json,NotBuggy
3,0.9181898236274719,1,0,133.59722900390625,3005.json,NotBuggy
3,1.0747500346042216E-4,1,2,127.34163665771484,12815.json,NotBuggy
16,0.0,3,15,90.27783203125,5359.json,NotBuggy
5,0.19080235064029694,1,3,118.58592224121094,8896.json,NotBuggy
3,0.41133108735084534,1,1,130.30841064453125,12131.json,NotBuggy
5,0.0011070355540141463,2,7,113.86793518066406,4506.json,NotBuggy
4,0.0763978585600853,1,3,122.12659454345703,14520.json,NotBuggy
3,0.8539654612541199,1,0,129.47398376464844,6567.json,NotBuggy
3,0.9457477331161499,1,0,133.59722900390625,13273.json,NotBuggy
4,0.18951962888240814,1,0,125.64796447753906,4640.json,NotBuggy
3,0.9621713757514954,1,0,133.59722900390625,22019.json,NotBuggy
4,0.5960946083068848,1,2,126.33003997802734,15162.json,NotBuggy
3,0.4943159818649292,1,1,130.45266723632812,15728.json,NotBuggy
4,0.1572091281414032,1,3,123.85247039794922,12685.json,NotBuggy
3,0.776138186454773,1,1,132.086669921875,15079.json,NotBuggy
10,0.5481647849082947,4,2,104.64965057373047,17080.json,NotBuggy
3,0.9381090402603149,1,0,133.59722900390625,14984.json,NotBuggy
4,0.5968576073646545,1,0,125.64796447753906,12999.json,NotBuggy
3,0.014649931341409683,1,0,133.59722900390625,3964.json,NotBuggy
16,0.0013286975445225835,3,15,90.12666320800781,6885.json,NotBuggy
3,0.44499504566192627,1,2,129.47398376464844,12117.json,NotBuggy
4,0.7434125542640686,1,0,125.64796447753906,14968.json,NotBuggy
12,0.005022013559937477,2,8,96.29557800292969,8703.json,NotBuggy
3,0.2323169857263565,1,1,130.07347106933594,19888.json,NotBuggy
3,0.7217891216278076,1,0,131.28770446777344,10601.json,NotBuggy
3,0.7695571780204773,1,0,131.28770446777344,20403.json,NotBuggy
24,1.0928192205028608E-4,6,13,82.63639068603516,20258.json,Buggy
6,0.6582112908363342,2,2,115.71755981445312,20202.json,NotBuggy
14,0.0,3,16,92.4718246459961,16158.json,NotBuggy
8,0.39220431447029114,1,3,110.45791625976562,14484.json,NotBuggy
3,0.6968809962272644,1,1,130.99049377441406,19318.json,NotBuggy
4,0.5345574021339417,1,0,125.64796447753906,11667.json,NotBuggy
4,0.3610488474369049,1,0,125.64796447753906,22665.json,NotBuggy
3,0.8463761806488037,1,0,133.59722900390625,22433.json,NotBuggy
8,0.09593942016363144,2,3,109.326904296875,12885.json,NotBuggy
3,0.6757131814956665,1,1,130.85629272460938,2097.json,NotBuggy
3,0.5341992378234863,1,0,131.91592407226562,14357.json,NotBuggy
3,0.0107658626511693,1,2,129.0255889892578,3710.json,NotBuggy
3,0.9381090402603149,1,0,133.59722900390625,19560.json,NotBuggy
3,0.9320460557937622,1,0,132.9956512451172,14526.json,NotBuggy
7,0.16928112506866455,2,3,112.53359985351562,8712.json,NotBuggy
7,0.0928693488240242,1,6,112.0172119140625,21067.json,NotBuggy
5,0.06783697009086609,2,1,117.64252471923828,20433.json,NotBuggy
3,0.7212120294570923,1,0,133.59722900390625,731.json,NotBuggy
5,3.145684895571321E-4,2,3,115.12201690673828,14134.json,NotBuggy
8,0.8787299394607544,2,1,110.66998291015625,824.json,NotBuggy
3,0.8152434825897217,1,0,133.59722900390625,15586.json,NotBuggy
3,0.9558944702148438,1,0,133.59722900390625,22505.json,NotBuggy
3,0.9294750690460205,1,0,133.59722900390625,2172.json,NotBuggy
11,1.9904854707419872E-4,1,14,100.85372161865234,21851.json,NotBuggy
3,0.7836290001869202,1,0,133.59722900390625,23519.json,NotBuggy
3,0.5474820733070374,1,2,131.1385955810547,11780.json,NotBuggy
6,0.5436267852783203,1,3,114.70814514160156,2927.json,NotBuggy
25,5.28013042639941E-4,1,25,84.18281555175781,2434.json,NotBuggy
3,0.9381090402603149,1,0,133.59722900390625,14946.json,NotBuggy
3,0.03425946831703186,1,0,133.59722900390625,19810.json,NotBuggy
3,0.05157870054244995,1,4,128.4090576171875,18422.json,NotBuggy
3,0.8000056147575378,1,0,133.59722900390625,19979.json,NotBuggy
5,0.021566076204180717,2,9,114.77033233642578,3325.json,NotBuggy
8,0.03042602725327015,1,7,107.59966278076172,2155.json,NotBuggy
3,0.9294750690460205,1,0,133.59722900390625,2449.json,NotBuggy
9,0.07965676486492157,2,2,104.9557113647461,11232.json,NotBuggy
3,0.9523983001708984,1,0,132.9956512451172,12509.json,NotBuggy
21,4.4014552258886397E-4,6,17,85.2273941040039,14102.json,NotBuggy
4,0.9064600467681885,1,0,125.79222106933594,10743.json,NotBuggy
3,0.7693724036216736,1,0,133.59722900390625,22781.json,NotBuggy
3,0.6742756366729736,1,0,133.59722900390625,22891.json,NotBuggy
3,0.6630614399909973,1,1,132.086669921875,17415.json,NotBuggy
8,0.0034902761690318584,1,4,111.07379150390625,14646.json,NotBuggy
23,0.02020850032567978,5,14,84.16114044189453,19957.json,NotBuggy
4,0.08149038255214691,1,2,123.74861145019531,988.json,NotBuggy
3,0.8505144715309143,1,0,133.59722900390625,6943.json,NotBuggy
5,0.3234110474586487,1,2,118.07197570800781,8601.json,NotBuggy
6,0.03691323474049568,1,4,113.7378921508789,14879.json,NotBuggy
3,0.9558944702148438,1,0,133.59722900390625,22759.json,NotBuggy
3,0.002875257283449173,1,2,126.63631439208984,11546.json,NotBuggy
3,0.4283493161201477,1,2,129.12539672851562,9934.json,NotBuggy
4,0.6463112831115723,1,0,125.64796447753906,16523.json,NotBuggy
9,0.030440911650657654,2,4,105.73775482177734,5546.json,NotBuggy
3,0.4479403793811798,1,0,131.28770446777344,1762.json,Buggy
18,0.02232716605067253,4,9,90.80974578857422,15680.json,NotBuggy
4,0.06791774183511734,1,2,123.75868225097656,437.json,NotBuggy
3,0.8353855013847351,1,0,133.59722900390625,23200.json,NotBuggy
8,3.1672156183049083E-4,2,13,106.0568618774414,21070.json,NotBuggy
7,0.11079847812652588,2,2,110.15149688720703,5636.json,NotBuggy
3,0.2323169857263565,1,1,130.07347106933594,1567.json,NotBuggy
2,0.9949554204940796,1,0,139.56419372558594,8863.json,NotBuggy
3,0.544666051864624,1,0,133.59722900390625,6948.json,NotBuggy
17,0.0013249848270788789,2,17,91.26502227783203,15853.json,NotBuggy
10,0.28624725341796875,3,2,104.12217712402344,18316.json,NotBuggy
7,0.47153177857398987,2,2,112.75433349609375,522.json,NotBuggy
14,0.010495317168533802,4,6,95.7441635131836,2677.json,NotBuggy
3,0.46568557620048523,1,1,130.07347106933594,15993.json,NotBuggy
5,0.009327762760221958,2,3,116.80116271972656,4117.json,NotBuggy
4,0.7321991324424744,1,0,125.27178192138672,6752.json,NotBuggy
4,0.0034220099914819,1,4,121.10203552246094,10975.json,NotBuggy
3,0.655076265335083,1,0,133.59722900390625,20537.json,NotBuggy
6,0.4767920970916748,1,4,116.4460220336914,20974.json,NotBuggy
3,0.084934763610363,1,0,133.59722900390625,2118.json,NotBuggy
3,0.34661492705345154,1,1,130.7338104248047,18321.json,NotBuggy
3,0.8794088959693909,1,0,131.91592407226562,15969.json,NotBuggy
15,0.001053085783496499,3,8,93.99088287353516,13661.json,NotBuggy
4,1.5416223322972655E-4,1,10,117.86515808105469,6963.json,NotBuggy
4,0.49149513244628906,1,0,125.27178192138672,4486.json,NotBuggy
3,0.9474316239356995,1,0,133.59722900390625,1838.json,NotBuggy
3,0.831851065158844,1,0,133.59722900390625,9097.json,NotBuggy
3,0.9133055210113525,1,1,131.28770446777344,654.json,NotBuggy
4,0.5032361745834351,1,0,124.26470947265625,9271.json,NotBuggy
3,0.8688722848892212,1,0,133.59722900390625,7297.json,NotBuggy
5,0.0035211974754929543,1,3,117.09105682373047,19295.json,NotBuggy
6,0.8712334036827087,2,1,116.21601867675781,10028.json,NotBuggy
12,0.013995192013680935,4,0,98.99016571044922,19328.json,NotBuggy
10,0.002908320166170597,3,12,101.15196990966797,14740.json,NotBuggy
14,0.011316195130348206,2,9,94.77517700195312,5985.json,NotBuggy
7,0.09334749728441238,2,3,112.09442901611328,10689.json,NotBuggy
8,0.002804048592224717,2,6,106.13077545166016,20038.json,NotBuggy
3,0.7533001899719238,1,0,133.59722900390625,11803.json,NotBuggy
3,0.7015582919120789,1,1,132.25152587890625,8009.json,NotBuggy
4,0.46876072883605957,1,0,124.26470947265625,15583.json,NotBuggy
4,0.15139982104301453,1,2,122.44184875488281,109.json,NotBuggy
3,0.48537686467170715,1,0,132.4454345703125,20833.json,NotBuggy
3,0.9346750378608704,1,0,133.59722900390625,9331.json,NotBuggy
3,0.8463761806488037,1,0,133.59722900390625,12721.json,NotBuggy
4,0.4859175980091095,1,0,125.64796447753906,21722.json,NotBuggy
3,0.8152434825897217,1,0,133.59722900390625,21679.json,NotBuggy
8,0.011422152630984783,1,11,107.24725341796875,2886.json,NotBuggy
3,0.8763893246650696,1,0,131.9385528564453,22029.json,NotBuggy
4,0.14379778504371643,1,2,121.97586059570312,6226.json,NotBuggy
3,0.8505144715309143,1,0,133.59722900390625,18639.json,NotBuggy
3,0.8551300764083862,1,0,133.59722900390625,17823.json,NotBuggy
13,0.0,2,15,117.562255859375,18315.json,NotBuggy
4,0.6488745212554932,1,3,122.76004028320312,1792.json,NotBuggy
4,0.7827232480049133,1,0,125.64796447753906,20988.json,NotBuggy
3,0.8446570634841919,1,0,131.9385528564453,3978.json,NotBuggy
4,0.6812153458595276,1,0,125.64796447753906,1042.json,NotBuggy
11,0.07552186399698257,3,3,101.23062133789062,19340.json,NotBuggy
4,0.6964671015739441,1,1,126.19583892822266,15189.json,NotBuggy
6,0.04276859387755394,2,1,116.30582427978516,16041.json,NotBuggy
3,0.6292733550071716,1,0,133.59722900390625,1445.json,NotBuggy
3,0.9558944702148438,1,0,133.59722900390625,16456.json,NotBuggy
3,0.5226474404335022,1,2,130.99049377441406,6260.json,NotBuggy
5,0.5140545964241028,1,3,120.96746826171875,4678.json,NotBuggy
2,0.9956448078155518,1,0,140.82913208007812,14164.json,NotBuggy
3,0.27762964367866516,1,2,128.3351287841797,12490.json,NotBuggy
3,0.46744778752326965,1,0,130.99049377441406,18130.json,NotBuggy
3,0.6544697284698486,1,1,131.75106811523438,5864.json,NotBuggy
4,6.685086409561336E-4,1,6,120.58643341064453,3404.json,NotBuggy
3,0.9340493083000183,1,0,133.59722900390625,364.json,NotBuggy
5,0.7946184873580933,2,1,121.30742645263672,10846.json,NotBuggy
3,0.4641389548778534,1,0,132.61029052734375,1405.json,NotBuggy
5,0.2047405242919922,1,4,117.93550109863281,22636.json,NotBuggy
3,0.10089291632175446,1,1,130.07347106933594,7187.json,NotBuggy
3,0.6308338046073914,1,2,130.30841064453125,19029.json,NotBuggy
3,0.8763893246650696,1,0,131.9385528564453,15626.json,NotBuggy
2,0.9964216947555542,1,0,140.82913208007812,17025.json,NotBuggy
3,0.8353855013847351,1,0,133.59722900390625,20926.json,NotBuggy
3,0.9056594967842102,1,0,132.4454345703125,19180.json,NotBuggy
4,0.6988435983657837,1,0,125.27178192138672,21043.json,NotBuggy
8,0.020396476611495018,1,8,108.31733703613281,3657.json,NotBuggy
18,0.012215659022331238,3,9,90.00537872314453,20749.json,NotBuggy
3,0.8482485413551331,1,1,131.75106811523438,13714.json,NotBuggy
3,0.12242115288972855,1,0,131.28770446777344,2333.json,NotBuggy
3,0.6614851355552673,1,0,133.59722900390625,22152.json,NotBuggy
6,0.010450951755046844,1,7,112.63169860839844,4015.json,NotBuggy
4,0.7256754636764526,1,0,125.27178192138672,21824.json,NotBuggy
3,0.5223527550697327,1,0,133.59722900390625,23405.json,NotBuggy
3,0.7553460597991943,1,0,133.59722900390625,12064.json,NotBuggy
4,0.625999391078949,1,0,125.27178192138672,16308.json,NotBuggy
3,0.760449230670929,1,2,131.91592407226562,6777.json,NotBuggy
4,0.2758392095565796,1,2,127.77642822265625,17449.json,NotBuggy
3,0.8703395128250122,1,0,133.59722900390625,1724.json,NotBuggy
4,0.6111466884613037,1,1,125.02987670898438,13653.json,NotBuggy
3,0.9381090402603149,1,0,133.59722900390625,8217.json,NotBuggy
3,0.012459555640816689,1,2,127.34163665771484,12556.json,NotBuggy
3,0.9257471561431885,1,0,133.59722900390625,9601.json,NotBuggy
3,0.9060057401657104,1,0,133.59722900390625,9607.json,NotBuggy
4,0.7235316634178162,2,2,122.28609466552734,8069.json,NotBuggy
10,0.11203386634588242,1,7,104.90636444091797,3170.json,NotBuggy
8,0.6146977543830872,3,0,108.15811157226562,14869.json,NotBuggy
3,0.7772130966186523,1,0,133.59722900390625,9677.json,NotBuggy
4,0.6043619513511658,1,0,125.27178192138672,11482.json,NotBuggy
6,0.0035891274455934763,1,3,114.64286041259766,14926.json,NotBuggy
3,0.7820137739181519,1,0,131.28770446777344,11767.json,NotBuggy
6,0.24109254777431488,2,3,115.25157928466797,18889.json,NotBuggy
24,0.0015948067884892225,1,22,85.68968200683594,4158.json,NotBuggy
3,0.2012026458978653,1,2,129.2428436279297,18880.json,NotBuggy
4,0.5173375606536865,1,0,125.64796447753906,198.json,NotBuggy
3,0.9381090402603149,1,0,133.59722900390625,23282.json,NotBuggy
3,0.9621713757514954,1,0,133.59722900390625,21699.json,NotBuggy
4,0.5685401558876038,1,0,125.64796447753906,13097.json,NotBuggy
3,0.7193005681037903,1,1,130.99049377441406,1727.json,NotBuggy
4,0.4859175980091095,1,0,125.64796447753906,22088.json,NotBuggy
28,0.0,4,17,79.62677001953125,15656.json,NotBuggy
4,0.7309846878051758,2,2,122.21184539794922,8066.json,NotBuggy
3,0.055985670536756516,1,4,127.94110107421875,12504.json,NotBuggy
11,0.0010152016766369343,1,15,100.22611236572266,14409.json,NotBuggy
4,0.18085502088069916,1,1,123.19084167480469,18952.json,NotBuggy
4,0.7119079828262329,1,0,125.27178192138672,21017.json,NotBuggy
3,0.025401810184121132,1,3,126.78704833984375,12416.json,NotBuggy
4,0.6502766013145447,1,0,125.64796447753906,10472.json,NotBuggy
6,0.11091479659080505,1,4,114.3227767944336,17218.json,NotBuggy
4,0.6988435983657837,1,0,125.27178192138672,23366.json,NotBuggy
34,0.06070297956466675,11,1,74.48319244384766,20190.json,NotBuggy
3,0.7603944540023804,1,1,132.086669921875,5015.json,NotBuggy
11,0.0015286330599337816,1,14,101.10296630859375,20777.json,NotBuggy
7,0.028956186026334763,1,7,111.06819915771484,15099.json,NotBuggy
19,0.15748488903045654,6,5,90.24437713623047,15520.json,Buggy
12,0.004557084757834673,2,9,98.56199645996094,12913.json,NotBuggy
19,0.027680687606334686,6,8,89.15959167480469,965.json,NotBuggy
9,0.050114426761865616,2,10,105.38304138183594,13984.json,NotBuggy
9,0.005657732021063566,1,10,103.25157928466797,8880.json,Buggy
4,0.5203323364257812,1,0,125.64796447753906,1584.json,NotBuggy
3,0.9153783321380615,1,0,133.59722900390625,8534.json,NotBuggy
10,0.028259828686714172,2,5,104.32127380371094,7860.json,NotBuggy
3,0.8446570634841919,1,0,131.9385528564453,11450.json,NotBuggy
25,0.0012312739854678512,4,19,81.1489486694336,21.json,NotBuggy
3,0.8537255525588989,1,0,133.59722900390625,21811.json,NotBuggy
3,0.7811756134033203,1,0,133.59722900390625,12094.json,NotBuggy
3,0.44525599479675293,1,1,131.43582153320312,5887.json,NotBuggy
4,0.41790980100631714,1,2,124.58238983154297,15881.json,NotBuggy
3,0.5445436239242554,1,0,128.22288513183594,16963.json,NotBuggy
4,0.7119079828262329,1,0,125.27178192138672,21792.json,NotBuggy
3,0.7946548461914062,1,1,130.45266723632812,2014.json,NotBuggy
3,0.8177867531776428,1,0,132.9956512451172,7310.json,NotBuggy
4,0.1329372525215149,1,0,124.05243682861328,19807.json,NotBuggy
3,0.8636916279792786,1,0,133.59722900390625,19563.json,NotBuggy
3,0.7693724036216736,1,0,133.59722900390625,22849.json,NotBuggy
5,0.0,1,3,116.58202362060547,4092.json,NotBuggy
3,0.5641686916351318,1,1,131.91592407226562,8839.json,NotBuggy
3,0.9621713757514954,1,0,133.59722900390625,21052.json,NotBuggy
4,0.6910564303398132,1,0,124.1749038696289,9110.json,NotBuggy
3,0.6849454045295715,1,0,133.59722900390625,12339.json,NotBuggy
3,0.8244766592979431,1,1,132.25152587890625,14633.json,NotBuggy
3,0.3834783434867859,1,0,132.25152587890625,6050.json,NotBuggy
3,0.692977786064148,1,0,131.91592407226562,2952.json,NotBuggy
6,0.006279530003666878,2,3,112.74678039550781,11142.json,NotBuggy
4,0.7119079828262329,1,0,125.27178192138672,2684.json,NotBuggy
3,0.9197396636009216,1,0,133.59722900390625,22801.json,NotBuggy
3,0.7481116056442261,1,0,133.59722900390625,15867.json,NotBuggy
3,0.5611792802810669,1,0,131.28770446777344,12658.json,NotBuggy
7,0.5485024452209473,2,3,112.25244903564453,1796.json,NotBuggy
3,0.0159057155251503,1,1,129.7158966064453,19793.json,NotBuggy
7,0.740546703338623,1,2,112.65074920654297,4318.json,Buggy
25,0.002210829174146056,6,15,81.77877044677734,1195.json,NotBuggy
3,0.9038982391357422,1,0,133.59722900390625,21484.json,NotBuggy
17,0.0020738448947668076,4,11,90.35847473144531,14662.json,NotBuggy
7,0.21759569644927979,1,5,111.4667739868164,3907.json,NotBuggy
4,0.026009896770119667,1,0,123.47842407226562,4569.json,NotBuggy
3,0.27512621879577637,1,2,129.69032287597656,12125.json,NotBuggy
6,0.0016334373503923416,1,4,114.48999786376953,5342.json,NotBuggy
4,0.49658364057540894,1,0,125.64796447753906,12712.json,NotBuggy
3,0.6218155026435852,1,0,131.91592407226562,11460.json,NotBuggy
3,0.7104807496070862,1,0,132.4454345703125,1360.json,NotBuggy
3,0.7212031483650208,1,1,132.25152587890625,19575.json,NotBuggy
3,0.008395764045417309,1,0,128.0374755859375,1503.json,NotBuggy
3,0.8423022031784058,1,1,132.4454345703125,17386.json,NotBuggy
9,7.417089655064046E-4,1,14,102.10234069824219,8884.json,NotBuggy
13,1.0428564564790577E-4,1,10,99.48236083984375,12456.json,NotBuggy
7,0.0826549232006073,1,6,112.0172119140625,23090.json,NotBuggy
12,0.04431166499853134,3,8,98.48184204101562,20681.json,NotBuggy
14,0.040302518755197525,2,9,94.28881072998047,4467.json,NotBuggy
4,0.6988435983657837,1,0,125.27178192138672,22002.json,NotBuggy
4,0.861762523651123,1,0,125.5254898071289,19062.json,NotBuggy
13,0.0,4,8,94.33081817626953,6376.json,Buggy
3,0.013286259956657887,1,2,127.26738739013672,10337.json,NotBuggy
5,0.3739924132823944,1,3,119.0662612915039,2933.json,NotBuggy
3,0.029950805008411407,1,5,126.56620788574219,16854.json,NotBuggy
3,0.3033730387687683,1,1,132.086669921875,16410.json,NotBuggy
3,0.8688722848892212,1,0,133.59722900390625,12364.json,NotBuggy
3,0.03695978596806526,1,3,129.12539672851562,12902.json,NotBuggy
3,0.8819453716278076,1,0,131.91592407226562,5503.json,NotBuggy
3,0.9381090402603149,1,0,133.59722900390625,19470.json,NotBuggy
3,0.8469316363334656,1,0,133.59722900390625,9761.json,NotBuggy
11,0.002389961387962103,3,3,100.71388244628906,6331.json,NotBuggy
4,0.004169179126620293,1,3,121.27667999267578,81.json,NotBuggy
3,0.7212031483650208,1,1,132.25152587890625,13631.json,NotBuggy
5,0.006327077746391296,1,3,116.62340545654297,690.json,NotBuggy
3,0.2723318040370941,1,3,127.94110107421875,8692.json,NotBuggy
3,0.47188544273376465,1,1,129.93223571777344,12418.json,NotBuggy
3,0.8703395128250122,1,0,133.59722900390625,15355.json,NotBuggy
3,0.9295228123664856,1,0,130.57513427734375,1364.json,NotBuggy
4,0.8155727386474609,1,0,125.5254898071289,12718.json,NotBuggy
3,0.6718031167984009,1,0,130.05470275878906,13586.json,NotBuggy
4,0.2672601044178009,1,3,123.19084167480469,17138.json,NotBuggy
10,0.0012226757826283574,1,12,103.13742065429688,23296.json,NotBuggy
4,0.6316402554512024,1,1,124.48601531982422,17162.json,NotBuggy
3,0.936884880065918,1,0,133.59722900390625,5140.json,NotBuggy
5,0.8779537081718445,2,1,121.54933166503906,10845.json,NotBuggy
4,0.3758096396923065,1,1,124.7987289428711,1330.json,NotBuggy
4,0.7119079828262329,1,0,125.27178192138672,4083.json,NotBuggy
12,0.0,1,1,102.7984848022461,4225.json,NotBuggy
9,0.17682591080665588,1,4,108.1444320678711,10135.json,NotBuggy
19,0.0017041261307895184,1,14,90.04314422607422,3725.json,NotBuggy
3,1.396951120113954E-4,1,2,127.09538269042969,14629.json,NotBuggy
3,0.8401389122009277,1,1,131.75106811523438,17437.json,NotBuggy
22,2.3085399880073965E-4,6,15,84.1193618774414,17097.json,NotBuggy
37,0.0,7,36,72.16819763183594,3634.json,NotBuggy
4,0.7119079828262329,1,0,125.27178192138672,5107.json,NotBuggy
3,0.20008596777915955,1,0,129.2378692626953,6662.json,NotBuggy
3,0.7911167144775391,1,0,133.59722900390625,18342.json,NotBuggy
10,0.6349284052848816,2,7,102.86944580078125,20055.json,NotBuggy
3,0.8431631922721863,1,0,133.59722900390625,10092.json,NotBuggy
3,0.1738266795873642,1,0,129.57785034179688,8049.json,NotBuggy
8,0.055494531989097595,2,8,106.21800994873047,14081.json,NotBuggy
9,0.0037920703180134296,1,10,105.60616302490234,21535.json,NotBuggy
3,0.9298540353775024,1,0,132.9956512451172,20837.json,NotBuggy
3,0.8544600009918213,1,0,133.59722900390625,1020.json,NotBuggy
3,0.3088156580924988,1,2,129.69032287597656,11741.json,NotBuggy
3,0.012881364673376083,1,3,127.8512954711914,17604.json,NotBuggy
4,0.4687805473804474,1,0,125.64796447753906,9876.json,NotBuggy
3,0.8983809351921082,1,0,133.59722900390625,4412.json,NotBuggy
3,0.8052585124969482,1,0,131.43582153320312,16812.json,NotBuggy
3,0.1529025137424469,1,3,129.57785034179688,7125.json,NotBuggy
3,0.8101958632469177,1,0,133.59722900390625,16104.json,NotBuggy
13,0.04638915881514549,3,5,98.07835388183594,4298.json,NotBuggy
4,0.7499582767486572,1,0,125.64796447753906,12194.json,NotBuggy
10,0.0,1,16,100.29702758789062,6977.json,NotBuggy
9,0.0,1,9,103.09776306152344,17360.json,NotBuggy
3,0.898770809173584,1,0,133.59722900390625,23034.json,NotBuggy
3,0.8152434825897217,1,0,133.59722900390625,23539.json,NotBuggy
3,0.7574689388275146,1,1,131.28770446777344,19903.json,NotBuggy
18,0.0,3,15,88.04573822021484,8392.json,NotBuggy
3,0.020814837887883186,1,2,128.4090576171875,11465.json,NotBuggy
3,0.9558944702148438,1,0,133.59722900390625,22736.json,NotBuggy
3,0.0031059016473591328,1,3,127.02415466308594,5893.json,NotBuggy
4,0.7119079828262329,1,0,125.27178192138672,21204.json,NotBuggy
7,0.002677357289940119,2,4,109.13788604736328,1720.json,NotBuggy
4,0.9176480770111084,1,1,122.85169219970703,2409.json,NotBuggy
3,0.90879225730896,1,0,133.59722900390625,12454.json,NotBuggy
3,0.03529826179146767,1,2,128.4090576171875,11197.json,NotBuggy
3,0.7001060843467712,1,0,133.59722900390625,16194.json,NotBuggy
4,0.3013402819633484,1,3,124.57742309570312,8688.json,NotBuggy
2,0.7745617628097534,1,0,140.82913208007812,3492.json,NotBuggy
12,0.16480207443237305,1,5,100.98516845703125,6817.json,NotBuggy
3,0.0,2,5,125.8580093383789,14665.json,NotBuggy
3,0.9381090402603149,1,0,133.59722900390625,12788.json,NotBuggy
3,0.9817302227020264,1,1,130.70933532714844,1235.json,NotBuggy
8,0.0,2,5,105.17107391357422,20583.json,NotBuggy
3,0.8667300939559937,1,1,131.1535186767578,1112.json,NotBuggy
3,0.8120281100273132,1,0,133.59722900390625,20634.json,NotBuggy
3,0.9506677985191345,1,0,133.59722900390625,13086.json,NotBuggy
3,0.1742076873779297,1,2,129.81280517578125,17033.json,NotBuggy
10,0.058125272393226624,2,5,103.2100830078125,14071.json,NotBuggy
3,0.6709057688713074,1,0,132.4454345703125,13743.json,NotBuggy
3,0.7143145799636841,1,0,133.59722900390625,11824.json,NotBuggy
16,0.021649787202477455,1,11,92.8374252319336,4511.json,NotBuggy
4,0.615068256855011,1,0,125.64796447753906,9580.json,NotBuggy
3,0.1281571239233017,1,2,129.57785034179688,4980.json,NotBuggy
18,0.0,5,12,88.09613800048828,5031.json,NotBuggy
11,0.006789811886847019,2,9,100.19668579101562,5179.json,NotBuggy
4,0.4755558669567108,1,2,125.27178192138672,16948.json,NotBuggy
3,0.2679223418235779,1,2,128.0600128173828,9845.json,NotBuggy
4,0.15824072062969208,1,1,123.10436248779297,939.json,NotBuggy
5,0.3526693284511566,2,1,119.61820220947266,5239.json,NotBuggy
3,0.8505144715309143,1,0,133.59722900390625,1440.json,NotBuggy
6,0.4044572412967682,1,2,114.91891479492188,9664.json,NotBuggy
10,1.911388972075656E-4,1,13,102.593994140625,22655.json,NotBuggy
3,0.8832547664642334,1,0,131.91592407226562,3293.json,NotBuggy
8,0.001953422324731946,2,4,107.93619537353516,17940.json,NotBuggy
3,0.9165305495262146,1,0,133.59722900390625,1427.json,NotBuggy
3,0.9165305495262146,1,0,133.59722900390625,1216.json,NotBuggy
3,0.9381090402603149,1,0,133.59722900390625,22676.json,NotBuggy
3,0.37451350688934326,1,0,129.1480712890625,812.json,NotBuggy
3,0.9038982391357422,1,0,133.59722900390625,477.json,NotBuggy
3,0.07596448063850403,1,2,129.69032287597656,13929.json,NotBuggy
4,0.5292339324951172,1,0,125.64796447753906,22082.json,NotBuggy
3,0.9381090402603149,1,0,133.59722900390625,13936.json,NotBuggy
15,0.008374998345971107,1,8,96.22012329101562,2638.json,NotBuggy
4,0.5246368646621704,1,0,125.64796447753906,12612.json,NotBuggy
3,0.8152434825897217,1,0,133.59722900390625,22861.json,NotBuggy
3,0.9326257109642029,1,0,131.60296630859375,14206.json,NotBuggy
4,0.8216796517372131,1,0,125.15930938720703,10187.json,NotBuggy
3,0.010906941257417202,1,1,128.4090576171875,6385.json,NotBuggy
7,0.02136518806219101,2,7,109.62517547607422,7910.json,NotBuggy
3,0.5050478577613831,1,1,129.7158966064453,1437.json,NotBuggy
4,0.7119079828262329,1,0,125.27178192138672,23151.json,NotBuggy
4,0.7403702735900879,1,0,125.64796447753906,12903.json,NotBuggy
14,0.4015180766582489,4,8,97.16659545898438,13778.json,NotBuggy
4,0.6413531303405762,1,0,125.27178192138672,22812.json,NotBuggy
3,0.7119550108909607,1,1,130.85629272460938,17959.json,NotBuggy
3,0.008211065083742142,1,1,129.7158966064453,17898.json,NotBuggy
3,0.734096109867096,1,0,131.9385528564453,1410.json,NotBuggy
3,0.07300247997045517,1,1,128.8092498779297,1777.json,NotBuggy
3,0.09509479254484177,1,2,128.50894165039062,16906.json,NotBuggy
3,0.6996334195137024,1,0,133.59722900390625,18026.json,NotBuggy
3,0.1676836907863617,1,1,129.34671020507812,8273.json,NotBuggy
2,0.7938196659088135,1,0,137.30235290527344,16157.json,NotBuggy
3,0.9060057401657104,1,0,133.59722900390625,282.json,NotBuggy
3,0.5940786600112915,1,0,132.4454345703125,12018.json,NotBuggy
13,2.5448790984228253E-4,4,17,95.20604705810547,465.json,NotBuggy
4,0.7066498398780823,1,1,125.78216552734375,7950.json,NotBuggy
10,0.0,3,11,99.53878784179688,3655.json,NotBuggy
3,0.5341992378234863,1,0,131.91592407226562,14825.json,NotBuggy
3,0.4956892728805542,1,2,129.93223571777344,19149.json,NotBuggy
3,0.7017021179199219,1,0,130.7338104248047,5845.json,NotBuggy
5,0.006336957216262817,1,5,116.85465240478516,5206.json,NotBuggy
3,0.8831815719604492,1,0,133.59722900390625,2968.json,NotBuggy
3,0.7936847805976868,1,0,133.59722900390625,10177.json,NotBuggy
14,0.003884551115334034,3,5,95.91950225830078,10866.json,NotBuggy
4,0.7595314383506775,2,3,121.82649230957031,1728.json,NotBuggy
3,0.6891804933547974,1,1,130.85629272460938,18240.json,NotBuggy
4,0.4859175980091095,1,0,125.64796447753906,21640.json,NotBuggy
8,0.7452624440193176,2,2,111.64537811279297,18861.json,NotBuggy
4,0.04572443664073944,1,2,121.4874496459961,12265.json,NotBuggy
4,0.3410303592681885,1,0,125.5254898071289,19803.json,NotBuggy
8,0.0029529836028814316,2,6,106.40617370605469,6861.json,NotBuggy
7,0.8375968337059021,2,1,111.59798431396484,567.json,NotBuggy
3,0.9704862833023071,1,1,132.25152587890625,18901.json,NotBuggy
3,0.9381090402603149,1,0,133.59722900390625,21040.json,NotBuggy
7,0.002376201096922159,2,6,108.03719329833984,19996.json,NotBuggy
2,0.9977049231529236,1,0,142.4026641845703,16155.json,NotBuggy
3,0.049518004059791565,1,0,133.59722900390625,4637.json,NotBuggy
3,0.6298686861991882,1,1,131.43582153320312,13684.json,NotBuggy
6,0.4767920970916748,1,4,116.4460220336914,22176.json,NotBuggy
3,0.9445914626121521,1,0,133.59722900390625,20735.json,NotBuggy
3,0.82071852684021,1,0,133.59722900390625,14549.json,NotBuggy
3,0.793246865272522,1,0,133.59722900390625,11856.json,NotBuggy
3,0.9020679593086243,1,0,133.59722900390625,14229.json,NotBuggy
6,0.28567934036254883,2,1,115.79641723632812,6169.json,NotBuggy
3,0.6592991948127747,1,0,131.9385528564453,5003.json,NotBuggy
4,0.751922070980072,1,0,125.5254898071289,19585.json,NotBuggy
3,0.8544600009918213,1,0,133.59722900390625,11562.json,NotBuggy
12,0.017987007275223732,3,9,97.35569763183594,2892.json,NotBuggy
2,0.9977049231529236,1,0,142.4026641845703,20318.json,NotBuggy
3,0.0010281619615852833,1,4,128.22288513183594,9929.json,NotBuggy
3,0.8763893246650696,1,0,131.9385528564453,2510.json,NotBuggy
3,0.6192636489868164,1,0,134.26058959960938,8545.json,NotBuggy
7,0.06442246586084366,1,5,112.62112426757812,16028.json,NotBuggy
11,0.002252445789054036,3,9,99.56121063232422,10983.json,NotBuggy
6,0.0805901512503624,2,3,113.96991729736328,4274.json,NotBuggy
3,0.9285895228385925,1,0,132.4454345703125,16623.json,Buggy
4,0.7057400941848755,1,0,125.64796447753906,11087.json,NotBuggy
33,0.0,1,29,78.71804809570312,3304.json,NotBuggy
3,0.017566658556461334,1,1,128.50894165039062,11636.json,NotBuggy
17,0.0,5,12,89.89519500732422,2046.json,NotBuggy
5,0.6496919393539429,1,1,123.97615814208984,4834.json,NotBuggy
9,0.7269547581672668,1,2,110.23995208740234,432.json,NotBuggy
5,0.188508078455925,1,3,118.6647720336914,8321.json,NotBuggy
4,0.5554463267326355,1,1,125.64796447753906,11169.json,NotBuggy
4,0.7119079828262329,1,0,125.27178192138672,23319.json,NotBuggy
4,0.44834452867507935,1,0,125.64796447753906,11593.json,NotBuggy
4,0.17619386315345764,1,1,123.47842407226562,2469.json,NotBuggy
21,0.09658701717853546,2,9,88.19194793701172,8327.json,NotBuggy
7,0.9130157232284546,2,0,112.91719818115234,19335.json,NotBuggy
3,0.622774064540863,1,1,132.61029052734375,13973.json,NotBuggy
3,0.5341992378234863,1,0,131.91592407226562,14815.json,NotBuggy
3,0.8659642338752747,1,0,132.9956512451172,19356.json,NotBuggy
3,0.8353855013847351,1,0,133.59722900390625,20899.json,NotBuggy
4,0.18018025159835815,1,0,125.64796447753906,19752.json,NotBuggy
3,0.5440832376480103,1,0,131.9385528564453,16324.json,NotBuggy
4,0.27389949560165405,1,0,124.58238983154297,23153.json,NotBuggy
4,0.6601235270500183,1,3,122.68119049072266,8981.json,NotBuggy
3,0.6461043357849121,1,0,133.59722900390625,12319.json,NotBuggy
11,0.02778867818415165,3,4,102.66612243652344,5632.json,NotBuggy
3,0.020189836621284485,1,3,129.2428436279297,8955.json,NotBuggy
4,0.623573899269104,1,0,125.64796447753906,23578.json,NotBuggy
23,0.0,2,17,85.55010986328125,15965.json,NotBuggy
4,0.01415802538394928,1,3,121.21369934082031,3336.json,NotBuggy
22,2.228126541012898E-4,4,27,84.71368408203125,3287.json,Buggy
4,0.6437477469444275,1,0,125.64796447753906,21012.json,NotBuggy
6,2.590712101664394E-4,1,5,114.37045288085938,12884.json,NotBuggy
8,0.0399707593023777,1,8,106.83612060546875,1833.json,NotBuggy
4,0.8177101016044617,1,0,125.15930938720703,7955.json,NotBuggy
5,0.2587975263595581,2,2,117.99446105957031,6031.json,NotBuggy
3,0.9282357692718506,1,0,133.59722900390625,3291.json,NotBuggy
10,0.1883152425289154,3,4,104.1851577758789,15082.json,NotBuggy
23,6.122113554738462E-4,1,14,86.54108428955078,3839.json,NotBuggy
3,0.7553460597991943,1,0,133.59722900390625,12029.json,NotBuggy
3,0.9346750378608704,1,0,133.59722900390625,10326.json,NotBuggy
9,0.0,2,4,103.40928649902344,3752.json,Buggy
7,0.0,1,9,108.4225845336914,3666.json,NotBuggy
3,0.5080811381340027,1,1,132.25152587890625,7833.json,NotBuggy
6,0.026716936379671097,2,2,113.22821807861328,7228.json,NotBuggy
3,0.7436319589614868,1,0,133.59722900390625,10113.json,NotBuggy
3,0.6010954976081848,1,1,130.30841064453125,16072.json,NotBuggy
19,0.011183654889464378,2,24,88.0635986328125,2934.json,NotBuggy
3,0.3001672327518463,1,2,128.712890625,6912.json,NotBuggy
3,0.002727575832977891,1,6,126.0151596069336,18958.json,NotBuggy
18,0.0,3,19,88.43547058105469,9033.json,NotBuggy
3,0.8353855013847351,1,0,133.59722900390625,21997.json,NotBuggy
3,0.8853198885917664,1,0,133.59722900390625,22787.json,NotBuggy
3,0.8537255525588989,1,0,133.59722900390625,14787.json,NotBuggy
15,0.001053085783496499,3,8,93.99088287353516,14020.json,NotBuggy
14,0.0017333505675196648,2,13,95.72744750976562,7843.json,NotBuggy
10,0.6788656711578369,3,2,104.4138412475586,137.json,NotBuggy
11,0.04191948473453522,1,5,102.71688842773438,4138.json,NotBuggy
4,0.5998498797416687,1,0,125.64796447753906,2509.json,NotBuggy
3,0.9346750378608704,1,0,133.59722900390625,8950.json,NotBuggy
4,0.4180580973625183,1,0,125.64796447753906,22958.json,NotBuggy
4,0.5090557336807251,1,0,125.64796447753906,9132.json,NotBuggy
4,0.623573899269104,1,0,125.64796447753906,23033.json,NotBuggy
3,0.820397675037384,1,1,130.34019470214844,8714.json,NotBuggy
3,0.9381090402603149,1,0,133.59722900390625,4416.json,NotBuggy
3,0.613961935043335,1,0,133.59722900390625,16061.json,NotBuggy
3,0.8353855013847351,1,0,133.59722900390625,23162.json,NotBuggy
3,0.589981734752655,1,0,133.59722900390625,9813.json,NotBuggy
3,0.8965092897415161,1,0,133.59722900390625,195.json,NotBuggy
3,0.8537255525588989,1,0,133.59722900390625,21277.json,NotBuggy
3,0.5287646651268005,1,0,132.9956512451172,1999.json,NotBuggy
3,0.008547238074243069,1,4,127.59099578857422,1902.json,NotBuggy
3,0.5514563918113708,1,2,130.07347106933594,19465.json,NotBuggy
12,0.4371596574783325,3,3,100.4066390991211,7186.json,NotBuggy
4,0.5180507898330688,1,1,125.64796447753906,11752.json,NotBuggy
3,0.546362578868866,1,1,131.75106811523438,5856.json,NotBuggy
3,0.8703395128250122,1,0,133.59722900390625,22330.json,NotBuggy
3,0.8493261933326721,1,0,131.91592407226562,14962.json,NotBuggy
8,0.03163134306669235,1,8,108.01911163330078,2548.json,NotBuggy
4,0.824346125125885,1,0,125.5254898071289,6252.json,NotBuggy
10,0.0,2,19,98.35711669921875,2979.json,NotBuggy
3,0.10337522625923157,1,1,130.07347106933594,16188.json,NotBuggy
12,0.010248403064906597,5,5,98.7086181640625,20853.json,NotBuggy
4,0.13599400222301483,1,3,122.3560791015625,4983.json,NotBuggy
4,0.5121709704399109,1,0,125.64796447753906,21338.json,NotBuggy
7,0.6152939200401306,2,2,112.90506744384766,6539.json,NotBuggy
3,0.564380407333374,1,0,133.59722900390625,13390.json,NotBuggy
4,0.3843684494495392,1,0,125.64796447753906,21756.json,NotBuggy
3,0.898770809173584,1,0,133.59722900390625,20873.json,NotBuggy
3,0.07423333823680878,1,1,129.2428436279297,14094.json,NotBuggy
4,0.625913679599762,1,0,125.64796447753906,21881.json,NotBuggy
3,0.6662728190422058,1,0,130.85629272460938,10618.json,NotBuggy
3,0.6386634111404419,1,0,132.086669921875,6743.json,NotBuggy
4,0.27423012256622314,1,3,124.26470947265625,9231.json,NotBuggy
3,0.46408185362815857,1,2,129.47398376464844,10905.json,NotBuggy
4,0.7987290620803833,1,1,126.33003997802734,11662.json,NotBuggy
3,0.7693724036216736,1,0,133.59722900390625,478.json,NotBuggy
10,0.6809682250022888,3,2,104.5431900024414,10719.json,NotBuggy
13,0.00203729048371315,4,3,97.50618743896484,541.json,NotBuggy
11,0.021259747445583344,3,7,100.22673797607422,20052.json,NotBuggy
3,0.5177534818649292,1,0,133.59722900390625,3967.json,NotBuggy
3,0.8029680848121643,1,0,133.59722900390625,3777.json,NotBuggy
6,0.2001301795244217,2,1,117.77888488769531,8793.json,NotBuggy
20,0.0,2,19,85.844482421875,4223.json,NotBuggy
5,0.20571352541446686,1,2,118.74115753173828,19902.json,NotBuggy
8,0.0023586435709148645,1,4,107.54174041748047,3538.json,NotBuggy
5,0.34453803300857544,1,3,121.41495513916016,8858.json,NotBuggy
3,0.3738834857940674,1,0,133.59722900390625,9814.json,NotBuggy
3,2.276410668855533E-4,1,1,126.86129760742188,18979.json,NotBuggy
3,0.9010092616081238,1,0,131.91592407226562,8949.json,NotBuggy
5,0.21002086997032166,1,3,117.3387222290039,10139.json,NotBuggy
4,0.24669107794761658,1,1,124.69989776611328,584.json,NotBuggy
5,0.2342720329761505,2,1,119.34591674804688,2091.json,NotBuggy
3,0.7775694727897644,1,0,133.59722900390625,20602.json,NotBuggy
3,0.5221088528633118,1,1,130.34019470214844,19052.json,NotBuggy
2,0.736174464225769,1,0,137.59957885742188,13859.json,NotBuggy
4,0.7119079828262329,1,0,125.27178192138672,4066.json,NotBuggy
3,0.6619638800621033,1,0,133.59722900390625,4973.json,NotBuggy
3,0.4388909637928009,1,1,132.25152587890625,11644.json,NotBuggy
3,0.6373247504234314,1,0,131.28770446777344,7296.json,NotBuggy
4,0.08471449464559555,1,2,122.5160903930664,14398.json,NotBuggy
4,0.5554463267326355,1,1,125.64796447753906,9745.json,NotBuggy
4,0.7256754636764526,1,0,125.27178192138672,21547.json,NotBuggy
3,0.04781553894281387,1,0,133.59722900390625,21659.json,NotBuggy
15,0.0,1,22,92.6639175415039,4807.json,NotBuggy
4,0.0,1,8,117.94580841064453,4557.json,NotBuggy
8,0.004008477088063955,1,9,107.21733856201172,12538.json,NotBuggy
3,0.9381090402603149,1,0,133.59722900390625,13573.json,NotBuggy
9,3.0751843587495387E-4,1,8,104.0322265625,595.json,NotBuggy
7,0.0045712790451943874,1,8,110.2795181274414,14885.json,NotBuggy
4,0.002507180441170931,1,6,119.86056518554688,4831.json,NotBuggy
25,0.0,10,28,79.53936004638672,19323.json,NotBuggy
3,0.5840683579444885,1,0,131.28770446777344,21587.json,NotBuggy
13,0.39883267879486084,1,4,101.18004608154297,14883.json,NotBuggy
3,0.6937923431396484,1,0,133.59722900390625,17066.json,NotBuggy
4,0.24783286452293396,1,3,123.56243133544922,10035.json,NotBuggy
3,0.4443509876728058,1,1,129.93223571777344,12759.json,NotBuggy
13,0.0,1,10,98.47876739501953,13494.json,NotBuggy
3,0.0,1,1,128.8216552734375,19002.json,NotBuggy
9,0.8893791437149048,3,2,106.77572631835938,18850.json,NotBuggy
12,0.004101552534848452,1,13,96.70038604736328,3183.json,NotBuggy
3,0.898770809173584,1,0,133.59722900390625,12045.json,NotBuggy
9,0.06275814771652222,1,7,107.16338348388672,4932.json,NotBuggy
3,0.09391829371452332,1,2,128.41912841796875,12271.json,NotBuggy
3,0.8794088959693909,1,0,131.91592407226562,13117.json,NotBuggy
3,0.2908046543598175,1,0,131.28770446777344,15.json,NotBuggy
4,0.7151249647140503,1,0,125.27178192138672,22886.json,NotBuggy
3,0.024675365537405014,1,2,128.8092498779297,14453.json,NotBuggy
3,0.9559716582298279,1,0,133.59722900390625,16507.json,NotBuggy
3,0.9038982391357422,1,0,133.59722900390625,21827.json,NotBuggy
3,0.9181838035583496,1,0,133.59722900390625,2857.json,NotBuggy
4,9.96307353489101E-4,1,6,120.24345397949219,2627.json,NotBuggy
6,0.015138030052185059,1,2,115.216796875,16909.json,NotBuggy
4,0.7119079828262329,1,0,125.27178192138672,20980.json,NotBuggy
48,0.0,1,137,65.3921127319336,7764.json,NotBuggy
3,0.7693724036216736,1,0,133.59722900390625,22959.json,NotBuggy
4,0.5121709704399109,1,0,125.64796447753906,21786.json,NotBuggy
3,0.42615267634391785,1,1,130.30841064453125,12275.json,NotBuggy
3,0.8398160338401794,1,0,131.43582153320312,13715.json,NotBuggy
4,0.36430394649505615,1,1,123.47842407226562,11259.json,NotBuggy
3,0.8612320423126221,1,0,130.70933532714844,18884.json,NotBuggy
4,0.6232050061225891,1,0,125.27178192138672,19805.json,NotBuggy
13,0.0,1,16,95.00283813476562,15894.json,NotBuggy
6,0.18923667073249817,1,5,114.73766326904297,2795.json,NotBuggy
6,0.71416836977005,2,1,116.9500732421875,20646.json,NotBuggy
14,0.010745881125330925,5,1,97.2816390991211,14930.json,NotBuggy
4,0.4853971004486084,1,1,124.1749038696289,15997.json,NotBuggy
3,0.5738394856452942,1,1,130.34019470214844,575.json,NotBuggy
3,0.3520383834838867,1,2,129.47398376464844,16231.json,NotBuggy
3,0.5115064978599548,1,1,130.45266723632812,15715.json,NotBuggy
3,0.3366716206073761,1,0,129.14646911621094,15689.json,NotBuggy
5,0.37088871002197266,1,3,118.82691955566406,4153.json,NotBuggy
3,0.6951205730438232,1,0,133.59722900390625,19619.json,NotBuggy
3,0.9457477331161499,1,0,133.59722900390625,14871.json,NotBuggy
4,0.6039813756942749,1,0,125.27178192138672,23199.json,NotBuggy
4,0.0,1,7,118.83750915527344,11469.json,NotBuggy
7,0.23321518301963806,2,2,112.60784912109375,691.json,NotBuggy
4,0.6055989861488342,1,1,124.48601531982422,16389.json,NotBuggy
3,0.576802670955658,1,2,129.93223571777344,8731.json,NotBuggy
3,0.8353855013847351,1,0,133.59722900390625,23487.json,NotBuggy
3,0.7195448875427246,1,1,131.28770446777344,6728.json,NotBuggy
14,0.23868362605571747,1,5,96.71366882324219,13507.json,NotBuggy
6,6.262438837438822E-4,2,8,111.81572723388672,20467.json,NotBuggy
3,0.7281005382537842,1,0,131.9385528564453,2352.json,NotBuggy
3,0.6445015668869019,1,0,131.28770446777344,19788.json,NotBuggy
4,0.6415620446205139,1,0,125.64796447753906,9705.json,NotBuggy
3,0.8152434825897217,1,0,133.59722900390625,23028.json,NotBuggy
9,0.029860518872737885,3,2,106.08460998535156,17928.json,NotBuggy
3,0.7811756134033203,1,0,133.59722900390625,11972.json,NotBuggy
3,0.023035818710923195,1,2,129.57785034179688,17354.json,NotBuggy
3,0.8814632296562195,1,0,133.59722900390625,12327.json,NotBuggy
5,0.09647714346647263,1,3,117.0140609741211,5365.json,NotBuggy
3,0.15694311261177063,1,1,129.05665588378906,20716.json,NotBuggy
3,0.4180048108100891,1,1,130.70933532714844,1142.json,NotBuggy
3,0.442293256521225,1,1,130.34019470214844,6577.json,NotBuggy
9,0.0016359798610210419,1,16,103.97721099853516,2674.json,NotBuggy
20,0.0,7,16,85.85600280761719,4110.json,NotBuggy
9,0.014883672818541527,3,6,104.80158233642578,7836.json,NotBuggy
3,0.8232475519180298,2,1,129.58975219726562,17617.json,NotBuggy
4,0.451076477766037,1,0,125.64796447753906,12063.json,NotBuggy
3,0.21593919396400452,1,1,130.34019470214844,17163.json,NotBuggy
3,0.9621713757514954,1,0,133.59722900390625,22668.json,NotBuggy
3,0.8186752200126648,1,1,130.18594360351562,13450.json,NotBuggy
6,0.5526705980300903,2,3,116.21601867675781,12039.json,NotBuggy
4,0.7304670810699463,1,0,125.64796447753906,11925.json,NotBuggy
3,0.7423776388168335,1,1,132.25152587890625,8603.json,NotBuggy
4,0.7256754636764526,1,0,125.27178192138672,23574.json,NotBuggy
4,0.7683033347129822,1,0,125.5254898071289,19569.json,NotBuggy
3,0.9440844058990479,1,0,133.59722900390625,1331.json,NotBuggy
4,0.606551468372345,1,0,125.64796447753906,21706.json,NotBuggy
3,0.5785351395606995,2,0,130.9235076904297,14652.json,NotBuggy
3,0.9427116513252258,1,0,133.59722900390625,23102.json,NotBuggy
3,0.5544536113739014,1,1,130.57513427734375,19784.json,NotBuggy
3,0.7849682569503784,1,1,131.60296630859375,14076.json,NotBuggy
4,0.5311431884765625,1,0,125.64796447753906,10670.json,NotBuggy
8,5.913581699132919E-4,1,11,106.64690399169922,16007.json,NotBuggy
4,0.6988435983657837,1,0,125.27178192138672,20874.json,NotBuggy
3,0.24951671063899994,1,0,133.59722900390625,18424.json,NotBuggy
3,0.7428551316261292,1,0,131.28770446777344,9874.json,Buggy
4,0.7101708054542542,1,0,122.84404754638672,6121.json,NotBuggy
5,0.008091259747743607,1,6,117.64997863769531,10923.json,NotBuggy
11,4.7079523210413754E-4,2,10,99.9841079711914,5250.json,NotBuggy
10,0.008013183251023293,3,7,101.38540649414062,8675.json,NotBuggy
6,7.863137288950384E-4,1,7,111.92786407470703,16097.json,NotBuggy
3,0.7212031483650208,1,1,132.25152587890625,14220.json,NotBuggy
4,0.5107506513595581,1,0,125.27178192138672,10265.json,NotBuggy
6,0.14314156770706177,2,4,115.33042907714844,16615.json,NotBuggy
7,0.8440688252449036,1,0,113.63934326171875,7188.json,NotBuggy
4,0.5556610226631165,1,0,125.27178192138672,15569.json,NotBuggy
5,0.5320836305618286,1,0,118.66690826416016,630.json,NotBuggy
11,0.012309452518820763,2,15,99.71839904785156,16799.json,NotBuggy
9,0.0,1,14,103.22111511230469,3224.json,NotBuggy
5,0.11740626394748688,1,4,118.01499938964844,1818.json,NotBuggy
4,0.4859175980091095,1,0,125.64796447753906,4595.json,NotBuggy
3,0.30738088488578796,1,2,131.75106811523438,17394.json,NotBuggy
6,0.405432790517807,1,5,114.58456420898438,19461.json,NotBuggy
3,0.0065948511473834515,1,3,126.13856506347656,3755.json,NotBuggy
24,8.832195308059454E-4,4,16,82.29473114013672,17633.json,NotBuggy
3,0.9333877563476562,1,0,133.59722900390625,2068.json,NotBuggy
7,0.025275858119130135,2,5,111.23677825927734,3589.json,NotBuggy
4,0.606551468372345,1,0,125.64796447753906,21794.json,NotBuggy
3,0.005871726665645838,1,3,127.102294921875,8492.json,NotBuggy
14,0.0792948454618454,3,9,94.85845947265625,9313.json,NotBuggy
3,0.3392030596733093,1,0,132.4454345703125,16592.json,NotBuggy
22,1.2373304343782365E-4,5,25,84.10517883300781,5037.json,NotBuggy
3,0.7324844598770142,1,0,133.59722900390625,18156.json,NotBuggy
3,0.9402101635932922,1,0,133.59722900390625,16995.json,NotBuggy
5,0.07954955846071243,2,1,118.9991226196289,13180.json,NotBuggy
4,0.7744840383529663,1,0,125.5254898071289,10323.json,NotBuggy
4,0.002431523287668824,1,4,121.34304809570312,5258.json,NotBuggy
4,6.196358590386808E-4,1,4,120.64608764648438,4378.json,NotBuggy
3,0.6718624234199524,1,0,131.9385528564453,15854.json,NotBuggy
4,0.7256754636764526,1,0,125.27178192138672,4714.json,NotBuggy
10,0.7624288201332092,3,3,104.4138412475586,17905.json,NotBuggy
5,0.006794018670916557,1,3,116.08325958251953,642.json,NotBuggy
3,0.8659029006958008,1,0,133.59722900390625,19182.json,NotBuggy
4,0.7256754636764526,1,0,125.27178192138672,21752.json,NotBuggy
3,0.9346750378608704,1,0,133.59722900390625,12793.json,NotBuggy
4,0.7068260908126831,1,0,125.27178192138672,11677.json,NotBuggy
3,0.9691274166107178,1,0,133.59722900390625,10107.json,NotBuggy
28,0.0,4,34,79.06578826904297,516.json,NotBuggy
4,0.7587562203407288,1,0,125.64796447753906,18186.json,NotBuggy
3,0.22316399216651917,1,2,131.1385955810547,6264.json,NotBuggy
9,0.6300950050354004,2,4,110.11381530761719,5583.json,Buggy
4,0.8125014305114746,1,0,125.15930938720703,21580.json,NotBuggy
3,0.5250601172447205,1,0,130.07347106933594,16759.json,NotBuggy
3,0.9457477331161499,1,0,133.59722900390625,16305.json,NotBuggy
4,0.3812074661254883,1,0,124.48601531982422,5131.json,NotBuggy
3,0.8273010849952698,1,0,133.59722900390625,3044.json,NotBuggy
15,0.0029823987279087305,1,14,95.0792465209961,3824.json,NotBuggy
5,0.2329641878604889,1,1,120.03731536865234,11537.json,NotBuggy
21,4.4014552258886397E-4,6,17,85.2273941040039,14103.json,NotBuggy
3,0.14501890540122986,1,2,127.94110107421875,17607.json,NotBuggy
3,0.6754899621009827,1,0,132.4454345703125,15183.json,NotBuggy
3,0.7185266613960266,1,0,133.59722900390625,12906.json,NotBuggy
4,0.5700762867927551,1,0,125.27178192138672,4501.json,NotBuggy
3,0.0026697120629251003,1,6,126.2368392944336,17606.json,NotBuggy
3,0.6709057688713074,1,0,132.4454345703125,13228.json,NotBuggy
4,0.7119079828262329,1,0,125.27178192138672,23359.json,NotBuggy
15,0.22028017044067383,4,4,96.5118179321289,800.json,NotBuggy
4,0.8624415993690491,1,0,125.5254898071289,17581.json,NotBuggy
4,0.5989426970481873,1,0,125.27178192138672,22480.json,NotBuggy
3,0.8353855013847351,1,0,133.59722900390625,12026.json,NotBuggy
3,0.9381090402603149,1,0,133.59722900390625,18251.json,NotBuggy
3,0.4992675185203552,1,1,130.7338104248047,20030.json,NotBuggy
14,0.023008713498711586,1,13,95.71637725830078,4154.json,NotBuggy
5,0.012225882150232792,2,3,116.68962860107422,4101.json,NotBuggy
3,0.13399919867515564,1,2,128.50894165039062,10151.json,NotBuggy
3,0.4590741991996765,1,1,130.45266723632812,15731.json,NotBuggy
3,0.5156380534172058,1,2,131.75106811523438,17393.json,NotBuggy
3,0.3096427619457245,1,0,131.1535186767578,2387.json,NotBuggy
14,0.0,4,9,94.251953125,8388.json,NotBuggy
4,0.7256754636764526,1,0,125.27178192138672,22870.json,NotBuggy
3,0.9457477331161499,1,0,133.59722900390625,13024.json,NotBuggy
4,0.7077532410621643,1,1,125.15235137939453,8532.json,NotBuggy
3,0.41295960545539856,1,1,129.93223571777344,11638.json,NotBuggy
3,0.5429952144622803,1,1,130.7338104248047,14090.json,NotBuggy
3,0.8152434825897217,1,0,133.59722900390625,22775.json,NotBuggy
3,0.7908602356910706,1,0,133.59722900390625,10284.json,NotBuggy
3,0.46676212549209595,1,1,130.70933532714844,14478.json,NotBuggy
3,0.9000142216682434,1,0,130.70933532714844,19695.json,NotBuggy
3,0.9072917699813843,1,0,134.26058959960938,5552.json,NotBuggy
4,0.5753875374794006,1,0,125.27178192138672,3704.json,NotBuggy
3,1.275218091905117E-4,2,5,126.4869384765625,16165.json,NotBuggy
3,0.11364439129829407,1,3,129.0215301513672,10800.json,NotBuggy
7,0.01030812133103609,1,5,109.63444519042969,12957.json,NotBuggy
3,0.7768425345420837,1,0,133.59722900390625,3624.json,NotBuggy
6,0.863250732421875,1,0,117.0948257446289,14875.json,NotBuggy
2,0.9976994395256042,1,0,140.82913208007812,5335.json,NotBuggy
3,0.7563905119895935,1,1,130.85629272460938,16241.json,NotBuggy
3,0.8675491213798523,1,0,133.59722900390625,491.json,NotBuggy
9,0.16240546107292175,1,4,106.40824890136719,12936.json,NotBuggy
5,0.6359203457832336,2,1,118.20518493652344,3498.json,NotBuggy
2,0.9961547255516052,1,0,139.56419372558594,8826.json,NotBuggy
7,0.1222001165151596,1,4,113.6131820678711,4269.json,NotBuggy
3,0.9381090402603149,1,0,133.59722900390625,20999.json,NotBuggy
3,8.4251060616225E-4,1,3,127.8512954711914,8873.json,NotBuggy
8,0.3791884779930115,2,2,108.78707122802734,633.json,NotBuggy
12,0.004549219273030758,3,12,97.08860778808594,50.json,NotBuggy
4,0.546974241733551,1,0,125.64796447753906,11140.json,NotBuggy
3,0.6720109581947327,1,0,133.59722900390625,12589.json,NotBuggy
4,0.07614888995885849,1,3,122.3560791015625,2990.json,NotBuggy
3,0.9931130409240723,1,0,132.4454345703125,20616.json,NotBuggy
10,1.1411949526518583E-4,1,13,102.593994140625,21071.json,NotBuggy
3,0.9294750690460205,1,0,133.59722900390625,23465.json,NotBuggy
3,0.8631795644760132,1,0,133.59722900390625,9288.json,NotBuggy
2,0.9977049231529236,1,0,142.4026641845703,7075.json,NotBuggy
3,0.7140381336212158,1,1,130.99049377441406,19310.json,NotBuggy
7,0.016385303810238838,1,8,111.41885375976562,4522.json,NotBuggy
3,0.9558944702148438,1,0,133.59722900390625,23547.json,NotBuggy
3,0.8434973359107971,1,0,131.9385528564453,13198.json,NotBuggy
16,0.0,1,48,89.38676452636719,7766.json,NotBuggy
4,0.13192972540855408,1,2,122.37174224853516,1758.json,NotBuggy
3,0.9558944702148438,1,0,133.59722900390625,21223.json,NotBuggy
3,0.9381090402603149,1,0,133.59722900390625,23080.json,NotBuggy
4,0.7119079828262329,1,0,125.27178192138672,15575.json,NotBuggy
3,0.3309670686721802,1,2,129.0215301513672,17297.json,NotBuggy
3,0.5515771508216858,2,0,129.3478546142578,8713.json,NotBuggy
3,0.8380299806594849,1,0,133.59722900390625,10310.json,NotBuggy
4,0.6855952739715576,1,0,125.64796447753906,4055.json,NotBuggy
18,0.03089144453406334,4,7,91.43042755126953,18438.json,NotBuggy
4,0.7603489756584167,1,1,124.91740417480469,11654.json,NotBuggy
7,0.39405831694602966,1,4,113.94878387451172,3166.json,NotBuggy
5,0.1642160415649414,1,3,118.14434051513672,2015.json,NotBuggy
7,0.030922256410121918,2,2,111.18885803222656,14961.json,NotBuggy
4,0.5409113168716431,1,0,124.58238983154297,4049.json,NotBuggy
4,0.5975222587585449,1,2,125.64796447753906,5334.json,NotBuggy
5,0.016645139083266258,2,2,117.64252471923828,8733.json,NotBuggy
6,0.1730191558599472,1,5,112.76385498046875,5115.json,NotBuggy
4,2.3059769591782242E-4,1,6,119.90979766845703,12113.json,NotBuggy
3,0.8828085660934448,1,0,133.59722900390625,13280.json,NotBuggy
3,0.8297471404075623,1,0,133.59722900390625,8706.json,NotBuggy
34,0.0,6,28,74.2701644897461,14621.json,NotBuggy
4,0.606551468372345,1,0,125.64796447753906,20876.json,NotBuggy
3,0.10514272004365921,1,2,128.4090576171875,7032.json,NotBuggy
20,8.419488440267742E-4,2,22,85.83509826660156,3568.json,NotBuggy
3,0.322316974401474,1,0,133.59722900390625,23397.json,NotBuggy
3,0.7360135912895203,1,0,133.59722900390625,457.json,NotBuggy
3,0.4823315143585205,1,1,132.25152587890625,745.json,NotBuggy
4,0.5059109926223755,1,0,125.27178192138672,4630.json,NotBuggy
3,0.9040838479995728,1,0,133.59722900390625,9639.json,NotBuggy
3,0.9576001167297363,1,0,133.59722900390625,19837.json,NotBuggy
8,0.2477041333913803,2,2,109.75241088867188,778.json,NotBuggy
9,0.006122665014117956,3,8,104.12096405029297,14099.json,NotBuggy
3,0.0,1,1,126.34735107421875,5388.json,NotBuggy
3,0.8403209447860718,1,1,132.25152587890625,14588.json,NotBuggy
4,0.546974241733551,1,0,125.64796447753906,19545.json,NotBuggy
3,0.015091512352228165,1,5,127.34163665771484,1994.json,NotBuggy
3,0.7908734083175659,1,0,133.59722900390625,16555.json,NotBuggy
3,0.3812626302242279,1,0,133.59722900390625,3969.json,NotBuggy
11,0.0,1,20,98.53399658203125,14374.json,NotBuggy
3,0.07291214913129807,1,1,129.69032287597656,20651.json,NotBuggy
3,0.9691274166107178,1,0,133.59722900390625,14948.json,NotBuggy
7,0.0013725103344768286,2,5,110.28870391845703,2531.json,NotBuggy
4,0.42660942673683167,1,0,125.64796447753906,11331.json,NotBuggy
21,0.008619094267487526,3,18,85.45218658447266,4505.json,NotBuggy
3,0.09488066285848618,1,3,128.50894165039062,16967.json,NotBuggy
3,0.6972551345825195,1,0,133.59722900390625,12024.json,NotBuggy
4,0.453080952167511,1,0,125.64796447753906,11488.json,NotBuggy
6,0.6748798489570618,2,2,116.13201141357422,1265.json,NotBuggy
3,0.9381090402603149,1,0,133.59722900390625,11293.json,NotBuggy
16,0.010013091377913952,1,11,92.84624481201172,8387.json,NotBuggy
14,0.0014010624727234244,3,10,94.38653564453125,4041.json,NotBuggy
25,0.0,11,10,79.21162414550781,361.json,Buggy
6,0.5724790692329407,1,5,115.88497924804688,17499.json,NotBuggy
15,2.598640276119113E-4,3,19,91.7739486694336,3455.json,NotBuggy
3,0.9346750378608704,1,0,133.59722900390625,10665.json,NotBuggy
3,0.07018154859542847,1,2,128.70916748046875,1707.json,NotBuggy
4,0.008291481994092464,1,3,121.68689727783203,5425.json,NotBuggy
5,0.0025655284989625216,1,7,115.73514556884766,11437.json,NotBuggy
3,0.8251155018806458,1,0,131.9385528564453,18181.json,NotBuggy
5,0.014498422853648663,1,6,116.75787353515625,19772.json,NotBuggy
3,0.5297923684120178,1,0,131.28770446777344,18644.json,NotBuggy
3,0.0052384925074875355,1,2,127.33940887451172,12763.json,NotBuggy
3,0.785537600517273,1,0,133.59722900390625,17957.json,NotBuggy
10,0.0033033343497663736,3,9,102.14900207519531,19453.json,NotBuggy
3,0.6051148772239685,1,1,130.99049377441406,19644.json,NotBuggy
3,0.9475253820419312,1,0,133.59722900390625,11766.json,NotBuggy
12,0.0029293731786310673,2,8,97.82166290283203,20139.json,NotBuggy
3,0.11528988927602768,1,1,130.07347106933594,16215.json,NotBuggy
3,0.9381090402603149,1,0,133.59722900390625,20967.json,NotBuggy
3,0.08907540887594223,1,2,129.81976318359375,7105.json,NotBuggy
15,0.0,7,13,90.95478057861328,19324.json,Buggy
13,0.02306278981268406,1,13,98.00446319580078,5272.json,NotBuggy
3,0.7253772020339966,1,0,133.59722900390625,7085.json,NotBuggy
3,0.8730796575546265,1,0,133.59722900390625,22998.json,NotBuggy
4,0.5356810688972473,1,0,125.27178192138672,22230.json,NotBuggy
3,0.9320460557937622,1,0,132.9956512451172,13508.json,NotBuggy
3,0.8966627717018127,1,1,130.7338104248047,1420.json,NotBuggy
10,0.933021068572998,3,1,104.72284698486328,12809.json,NotBuggy
3,0.7693724036216736,1,0,133.59722900390625,22841.json,NotBuggy
3,0.6953730583190918,1,2,130.30841064453125,5715.json,NotBuggy
3,0.18749859929084778,1,1,129.2378692626953,9378.json,NotBuggy
8,0.013827486895024776,1,11,105.97437286376953,1822.json,NotBuggy
3,0.6920579075813293,1,0,133.59722900390625,22643.json,NotBuggy
15,0.005383345298469067,4,8,93.02395629882812,8853.json,NotBuggy
3,0.6284272074699402,1,1,131.43582153320312,13966.json,NotBuggy
4,0.8069776892662048,1,1,125.15930938720703,17152.json,NotBuggy
3,0.051371801644563675,1,2,127.50450134277344,8760.json,NotBuggy
7,0.011709104292094707,1,7,110.52943420410156,14458.json,NotBuggy
4,0.7769654393196106,1,1,125.5254898071289,15959.json,NotBuggy
9,0.0742511972784996,1,7,105.21204376220703,4006.json,NotBuggy
3,0.10051866620779037,1,2,128.62307739257812,4935.json,NotBuggy
8,0.013902938924729824,2,2,106.74562072753906,906.json,NotBuggy
3,9.01911233086139E-4,1,3,127.34163665771484,15026.json,NotBuggy
3,0.8968747854232788,1,0,133.59722900390625,15858.json,NotBuggy
3,0.21077337861061096,1,1,130.7338104248047,8444.json,NotBuggy
9,0.052926380187273026,1,6,106.10328674316406,10033.json,NotBuggy
3,0.459615021944046,1,1,130.99049377441406,603.json,NotBuggy
4,0.6087804436683655,1,1,124.48601531982422,16395.json,NotBuggy
25,0.0,10,28,79.53936004638672,19322.json,NotBuggy
9,0.051417868584394455,2,6,103.873291015625,4450.json,NotBuggy
3,0.8537255525588989,1,0,133.59722900390625,1014.json,NotBuggy
3,0.2947516143321991,2,3,126.86538696289062,1466.json,NotBuggy
3,0.7313582897186279,1,1,132.25152587890625,20069.json,NotBuggy
3,6.475028931163251E-4,1,0,127.01653289794922,669.json,NotBuggy
3,0.8763893246650696,1,0,131.9385528564453,2716.json,NotBuggy
6,0.001709843403659761,1,6,112.26011657714844,2145.json,NotBuggy
3,0.8259634375572205,1,0,133.59722900390625,2325.json,NotBuggy
3,0.10839934647083282,1,3,128.91311645507812,10200.json,NotBuggy
8,0.12089427560567856,2,1,108.3597412109375,1263.json,NotBuggy
8,0.022191762924194336,1,8,108.42887878417969,23580.json,NotBuggy
15,0.0,1,22,92.6639175415039,4809.json,NotBuggy
3,0.174738809466362,1,2,128.3351287841797,11063.json,NotBuggy
3,0.8169565796852112,1,1,129.05665588378906,7881.json,NotBuggy
3,0.6187730431556702,1,1,130.99049377441406,9365.json,NotBuggy
3,0.9294750690460205,1,0,133.59722900390625,17563.json,NotBuggy
3,0.04894275218248367,1,3,128.1235809326172,12385.json,NotBuggy
3,0.7352216839790344,1,1,130.07347106933594,10544.json,NotBuggy
4,0.7287734150886536,1,0,125.64796447753906,11665.json,NotBuggy
3,0.3330838084220886,1,0,130.57513427734375,90.json,NotBuggy
3,0.7860099077224731,1,0,133.59722900390625,1627.json,NotBuggy
3,0.941373884677887,1,0,133.59722900390625,20701.json,NotBuggy
3,0.7842153906822205,1,1,130.85629272460938,5071.json,NotBuggy
12,0.6338468790054321,3,3,100.49259185791016,5471.json,Buggy
4,0.6988435983657837,1,0,125.27178192138672,23195.json,NotBuggy
3,0.7927801012992859,1,1,133.80813598632812,9004.json,NotBuggy
3,0.8828250169754028,1,0,132.9956512451172,16309.json,NotBuggy
9,0.007831270806491375,2,12,103.36185455322266,8503.json,NotBuggy
4,1.996412465814501E-4,1,5,120.13397216796875,12144.json,NotBuggy
3,0.3953728973865509,1,1,130.34019470214844,17167.json,NotBuggy
3,0.45571786165237427,1,0,130.57513427734375,1697.json,NotBuggy
3,0.6405757069587708,1,0,131.28770446777344,503.json,NotBuggy
7,0.15180416405200958,2,2,113.060302734375,16297.json,NotBuggy
5,0.06642448902130127,2,1,117.64252471923828,20432.json,NotBuggy
3,0.9280984997749329,1,0,133.59722900390625,3013.json,NotBuggy
5,0.03439038619399071,1,1,122.4339599609375,16411.json,NotBuggy
7,0.6522155404090881,2,0,112.77070617675781,14006.json,NotBuggy
4,0.06468485295772552,1,1,124.36514282226562,19479.json,NotBuggy
3,0.9320460557937622,1,0,132.9956512451172,14641.json,NotBuggy
3,0.7024539709091187,1,1,130.07347106933594,18393.json,NotBuggy
3,0.9165305495262146,1,0,133.59722900390625,6776.json,NotBuggy
6,0.09341998398303986,1,5,114.25980377197266,3439.json,NotBuggy
3,0.0,1,1,126.20867156982422,9360.json,NotBuggy
3,0.09220608323812485,1,0,128.712890625,15093.json,NotBuggy
3,0.6274651288986206,1,1,131.43582153320312,13683.json,NotBuggy
6,0.35200750827789307,2,2,115.55754852294922,10327.json,NotBuggy
3,0.5312786102294922,1,2,129.47398376464844,10238.json,NotBuggy
8,0.2293245941400528,1,1,111.170166015625,8479.json,NotBuggy
9,6.370751652866602E-4,1,1,109.2620849609375,4842.json,NotBuggy
4,0.7827232480049133,1,0,125.64796447753906,21202.json,NotBuggy
8,0.003167092800140381,1,9,108.23274993896484,23301.json,NotBuggy
3,0.7592445611953735,1,2,129.34671020507812,3488.json,NotBuggy
5,0.14942574501037598,2,5,119.12406921386719,14756.json,NotBuggy
3,0.9165305495262146,1,0,133.59722900390625,1643.json,NotBuggy
3,0.8591899871826172,1,0,131.43582153320312,14741.json,NotBuggy
3,0.9444743394851685,1,0,132.9956512451172,13090.json,NotBuggy
13,1.425525260856375E-4,2,19,95.37450408935547,6973.json,NotBuggy
3,0.001132554141804576,1,4,125.93712615966797,8501.json,NotBuggy
8,0.019095920026302338,1,6,108.71908569335938,2592.json,NotBuggy
3,0.8925783634185791,1,0,133.59722900390625,18212.json,NotBuggy
3,0.9691274166107178,1,0,133.59722900390625,9858.json,NotBuggy
3,0.527379035949707,1,1,130.7338104248047,6807.json,NotBuggy
4,0.0031567150726914406,1,4,122.06648254394531,2458.json,NotBuggy
3,0.702251136302948,1,1,132.61029052734375,8962.json,NotBuggy
3,0.9294750690460205,1,0,133.59722900390625,23362.json,NotBuggy
3,0.7364861965179443,1,1,132.086669921875,20640.json,NotBuggy
3,0.8703395128250122,1,0,133.59722900390625,12857.json,NotBuggy
3,3.625249082688242E-4,1,1,126.78704833984375,11621.json,NotBuggy
4,0.6254518628120422,1,0,125.27178192138672,15605.json,NotBuggy
11,1.6919679183047265E-4,1,14,100.85372161865234,21843.json,NotBuggy
3,0.7792770862579346,1,0,133.59722900390625,1459.json,NotBuggy
9,6.952970288693905E-4,3,12,101.9632568359375,4355.json,NotBuggy
3,0.9717854857444763,1,0,130.621337890625,19188.json,NotBuggy
5,0.43705496191978455,1,2,120.74615478515625,20793.json,NotBuggy
3,0.41564372181892395,1,1,130.30841064453125,9914.json,NotBuggy
3,0.6553961038589478,1,1,132.25152587890625,6571.json,NotBuggy
3,0.9294750690460205,1,0,133.59722900390625,11134.json,NotBuggy
4,0.706523597240448,1,1,125.15930938720703,1814.json,NotBuggy
3,0.7756136655807495,1,1,132.086669921875,19048.json,Buggy
4,0.1708703190088272,1,1,124.1488037109375,19779.json,NotBuggy
4,0.5292373895645142,1,0,125.64796447753906,7919.json,NotBuggy
8,9.232521406374872E-4,1,5,106.59588623046875,16787.json,NotBuggy
4,0.727300763130188,1,0,125.27178192138672,4948.json,NotBuggy
4,0.05601782351732254,1,2,124.16120147705078,8887.json,NotBuggy
12,0.0024901768192648888,5,3,98.82234954833984,1679.json,NotBuggy
3,0.8152434825897217,1,0,133.59722900390625,10390.json,NotBuggy
10,0.0015625058440491557,1,10,101.36534118652344,8611.json,NotBuggy
7,0.0036522916052490473,1,9,108.7696533203125,2881.json,NotBuggy
4,0.46426355838775635,1,1,124.91740417480469,14844.json,NotBuggy
3,0.6301410794258118,1,0,133.59722900390625,6532.json,NotBuggy
3,0.7375009059906006,1,1,130.45266723632812,11224.json,NotBuggy
5,0.14949479699134827,1,4,118.82691955566406,8205.json,NotBuggy
10,0.008578449487686157,1,10,102.745849609375,920.json,NotBuggy
3,0.762078046798706,1,0,133.59722900390625,17902.json,NotBuggy
8,1.90829872735776E-4,2,9,104.61151123046875,15262.json,Buggy
8,0.017530089244246483,1,4,107.97358703613281,2323.json,NotBuggy
3,0.8965196013450623,1,0,133.59722900390625,10782.json,NotBuggy
3,0.0640236884355545,1,3,127.43789672851562,12110.json,NotBuggy
5,0.0904148742556572,1,4,119.58580780029297,8791.json,NotBuggy
7,0.0027031786739826202,2,8,109.36837768554688,3683.json,NotBuggy
9,0.17592363059520721,2,8,105.03158569335938,3754.json,NotBuggy
10,0.042425379157066345,1,5,104.31705474853516,12950.json,NotBuggy
3,0.6920579075813293,1,0,133.59722900390625,10357.json,NotBuggy
4,0.5230332016944885,1,1,124.05243682861328,2468.json,NotBuggy
4,0.2623675465583801,1,3,122.27970123291016,16278.json,NotBuggy
6,0.4941464364528656,2,1,115.10508728027344,19050.json,NotBuggy
8,0.04086066409945488,2,6,106.89012908935547,3875.json,NotBuggy
6,0.052058182656764984,2,3,115.18394470214844,6318.json,NotBuggy
3,0.7693724036216736,1,0,133.59722900390625,9695.json,NotBuggy
4,0.606551468372345,1,0,125.64796447753906,23289.json,NotBuggy
16,0.0,3,17,90.38296508789062,8549.json,NotBuggy
3,9.207713883370161E-4,1,0,127.94110107421875,2405.json,NotBuggy
3,0.8726048469543457,1,0,133.59722900390625,10726.json,NotBuggy
6,0.032532949000597,2,5,113.6197280883789,1105.json,NotBuggy
5,0.003891622181981802,1,6,117.66175079345703,2644.json,NotBuggy
3,0.8544600009918213,1,0,133.59722900390625,18803.json,NotBuggy
3,0.0,1,3,126.13856506347656,3844.json,NotBuggy
4,0.08978022634983063,1,3,123.65223693847656,13593.json,NotBuggy
4,0.7119079828262329,1,0,125.27178192138672,5112.json,NotBuggy
9,0.008868236094713211,2,5,106.2907943725586,4728.json,NotBuggy
3,0.64143967628479,1,0,132.4454345703125,16925.json,NotBuggy
5,0.0038404434453696012,2,6,116.87085723876953,20763.json,NotBuggy
7,0.09136441349983215,1,6,112.0172119140625,23233.json,NotBuggy
4,0.7119079828262329,1,0,125.27178192138672,22758.json,NotBuggy
3,0.0,1,6,125.45230102539062,18346.json,NotBuggy
11,0.009158064611256123,1,11,100.25257873535156,3286.json,NotBuggy
4,0.6158463954925537,1,2,124.361083984375,798.json,NotBuggy
4,0.7994706630706787,1,0,125.5254898071289,1148.json,NotBuggy
4,0.45779308676719666,1,0,124.26470947265625,5002.json,NotBuggy
4,0.7542896866798401,1,0,125.64796447753906,23087.json,NotBuggy
8,0.02634742297232151,2,4,107.23692321777344,3916.json,NotBuggy
2,0.9977049231529236,1,0,142.4026641845703,8136.json,NotBuggy
3,0.33914801478385925,1,2,129.69032287597656,12495.json,NotBuggy
7,0.0864371508359909,2,1,108.8075942993164,683.json,NotBuggy
3,0.9282880425453186,1,0,134.26058959960938,6591.json,NotBuggy
6,1.9599554070737213E-4,1,5,112.634033203125,540.json,NotBuggy
3,0.9457477331161499,1,0,133.59722900390625,14841.json,NotBuggy
3,0.0034124793019145727,1,3,127.42921447753906,349.json,NotBuggy
7,0.04983361437916756,1,5,110.3785629272461,12956.json,NotBuggy
3,0.6920579075813293,1,0,133.59722900390625,12536.json,NotBuggy
3,0.3649463951587677,1,0,130.621337890625,12817.json,NotBuggy
3,0.8152434825897217,1,0,133.59722900390625,22803.json,NotBuggy
3,0.5752658247947693,1,0,133.59722900390625,6659.json,NotBuggy
4,0.7235316634178162,2,2,122.28609466552734,8070.json,NotBuggy
8,0.02000333182513714,1,8,108.48876953125,22132.json,NotBuggy
12,0.017893722280859947,1,15,98.95407104492188,2199.json,NotBuggy
3,0.8152434825897217,1,0,133.59722900390625,22127.json,NotBuggy
3,0.7222368717193604,1,1,132.25152587890625,1101.json,NotBuggy
14,0.0019114078022539616,3,11,93.22004699707031,20521.json,NotBuggy
3,9.738260414451361E-4,1,3,128.0337677001953,3855.json,NotBuggy
3,0.005575190298259258,1,1,127.8512954711914,5397.json,NotBuggy
3,4.8493576468899846E-4,1,3,126.34735107421875,20855.json,NotBuggy
3,0.8965196013450623,1,0,133.59722900390625,5410.json,NotBuggy
7,0.8467246890068054,2,2,114.55669403076172,18881.json,NotBuggy
3,0.9153783321380615,1,0,133.59722900390625,22148.json,NotBuggy
3,0.697679340839386,1,0,131.28770446777344,11859.json,NotBuggy
3,0.3653047978878021,1,1,129.7158966064453,7110.json,NotBuggy
11,0.05934300646185875,2,7,99.89876556396484,20428.json,NotBuggy
4,0.7332337498664856,1,0,125.27178192138672,1483.json,NotBuggy
3,0.865489661693573,1,0,131.46876525878906,1032.json,NotBuggy
3,0.3533518314361572,1,1,131.43582153320312,5900.json,NotBuggy
3,0.7707571983337402,1,1,130.85629272460938,7237.json,NotBuggy
3,0.8991098403930664,1,0,133.59722900390625,19931.json,NotBuggy
3,0.9381090402603149,1,0,133.59722900390625,3194.json,NotBuggy
16,0.0025565195828676224,3,8,92.33648681640625,11202.json,Buggy
4,0.4769105315208435,1,0,125.27178192138672,17966.json,NotBuggy
13,0.7637047171592712,4,3,99.0435791015625,19612.json,NotBuggy
15,0.0,2,24,91.37815856933594,8610.json,NotBuggy
3,0.9346750378608704,1,0,133.59722900390625,16013.json,NotBuggy
3,0.0,1,1,126.34735107421875,17302.json,NotBuggy
4,0.5094456076622009,1,0,125.64796447753906,7960.json,NotBuggy
3,0.4677806794643402,1,2,129.69032287597656,10920.json,NotBuggy
9,0.15515470504760742,2,4,106.76690673828125,8123.json,Buggy
10,0.7525479197502136,3,3,104.4138412475586,8928.json,NotBuggy
3,0.9381090402603149,1,0,133.59722900390625,21229.json,NotBuggy
3,0.6546016931533813,1,1,132.79563903808594,6768.json,NotBuggy
4,0.6292893290519714,1,0,125.64796447753906,22457.json,NotBuggy
3,0.7747441530227661,1,0,131.9385528564453,5571.json,NotBuggy
3,0.6920579075813293,1,0,133.59722900390625,8447.json,NotBuggy
4,0.606551468372345,1,0,125.64796447753906,22997.json,NotBuggy
3,0.9257471561431885,1,0,133.59722900390625,2537.json,NotBuggy
3,0.9080716967582703,1,0,133.59722900390625,21213.json,NotBuggy
11,8.718432509340346E-4,1,14,99.06163787841797,3788.json,NotBuggy
3,0.9238479733467102,1,0,133.59722900390625,18020.json,NotBuggy
3,0.9294750690460205,1,0,133.59722900390625,10784.json,NotBuggy
3,0.3905068337917328,1,0,129.61952209472656,20179.json,NotBuggy
3,0.9380925893783569,1,0,133.59722900390625,12511.json,NotBuggy
3,0.8225110769271851,1,0,133.59722900390625,22696.json,NotBuggy
3,0.07395722717046738,1,1,130.34019470214844,5492.json,NotBuggy
3,0.25971734523773193,1,2,128.3351287841797,11468.json,NotBuggy
3,0.8832547664642334,1,0,131.91592407226562,16657.json,NotBuggy
3,0.9075794219970703,1,0,133.59722900390625,18986.json,NotBuggy
4,0.606551468372345,1,0,125.64796447753906,22709.json,NotBuggy
10,0.0018067935016006231,2,7,103.02945709228516,4384.json,NotBuggy
3,0.9294750690460205,1,0,133.59722900390625,15871.json,NotBuggy
3,0.39629408717155457,1,1,130.30841064453125,13182.json,NotBuggy
3,0.8444299697875977,2,1,129.8434600830078,4413.json,NotBuggy
3,0.10779369622468948,1,1,129.81976318359375,1621.json,NotBuggy
10,0.0,2,18,100.03375244140625,2636.json,NotBuggy
7,0.0028763783629983664,2,4,110.46306610107422,3740.json,NotBuggy
5,0.8319848775863647,2,0,120.20751190185547,14857.json,NotBuggy
3,0.7217891216278076,1,0,131.28770446777344,11024.json,NotBuggy
3,0.7996417284011841,1,0,133.59722900390625,17994.json,NotBuggy
3,0.3570270836353302,1,1,129.81976318359375,8787.json,NotBuggy
3,0.7779529690742493,1,0,133.59722900390625,23204.json,NotBuggy
3,0.41427749395370483,1,0,133.59722900390625,19746.json,NotBuggy
6,3.3098121639341116E-4,1,9,111.65805053710938,15012.json,NotBuggy
3,0.014745435677468777,1,0,127.94110107421875,6530.json,NotBuggy
3,0.9045714735984802,1,1,133.18099975585938,8289.json,NotBuggy
3,0.003240861464291811,1,1,128.92515563964844,3906.json,NotBuggy
7,0.003161498112604022,2,4,109.72106170654297,14924.json,NotBuggy
11,1.8076063133776188E-4,1,16,101.22173309326172,10179.json,NotBuggy
3,0.5223527550697327,1,0,133.59722900390625,23371.json,NotBuggy
3,0.8814632296562195,1,0,133.59722900390625,11674.json,NotBuggy
3,0.7626827359199524,1,1,129.81976318359375,8900.json,NotBuggy
3,0.9060057401657104,1,0,133.59722900390625,18278.json,NotBuggy
3,0.836462140083313,1,0,133.59722900390625,19685.json,NotBuggy
4,0.20801778137683868,1,3,123.37332153320312,5285.json,NotBuggy
13,0.0011988473124802113,3,15,94.61652374267578,7039.json,NotBuggy
3,0.9381090402603149,1,0,133.59722900390625,20887.json,NotBuggy
3,0.735313355922699,1,1,132.25152587890625,20057.json,NotBuggy
5,0.22171896696090698,1,1,119.1451187133789,1609.json,NotBuggy
35,0.0,7,78,69.61891174316406,9018.json,NotBuggy
22,3.001372388098389E-4,13,8,84.56807708740234,4977.json,NotBuggy
7,0.051760006695985794,2,2,110.52294921875,19983.json,NotBuggy
3,0.8890010714530945,1,0,133.59722900390625,18410.json,NotBuggy
3,0.9181838035583496,1,0,133.59722900390625,6991.json,NotBuggy
5,0.6220782399177551,1,1,118.00186920166016,11577.json,NotBuggy
3,0.8794088959693909,1,0,131.91592407226562,984.json,NotBuggy
11,0.0,1,25,98.61792755126953,13493.json,NotBuggy
4,0.655497133731842,1,0,125.64796447753906,377.json,NotBuggy
3,0.4622400104999542,1,0,131.28770446777344,3982.json,NotBuggy
3,0.9279865622520447,1,0,132.9956512451172,1000.json,NotBuggy
4,0.606551468372345,1,0,125.64796447753906,4669.json,NotBuggy
3,0.936884880065918,1,0,133.59722900390625,16036.json,NotBuggy
3,0.8744332790374756,1,0,133.59722900390625,3707.json,NotBuggy
5,0.5160691142082214,1,0,120.63774108886719,6714.json,NotBuggy
12,0.0013992770109325647,1,12,98.97883605957031,2202.json,NotBuggy
6,0.23956480622291565,1,3,116.36201477050781,20756.json,NotBuggy
9,2.977036056108773E-4,1,13,103.27207946777344,8410.json,NotBuggy
3,0.8767094016075134,1,0,133.59722900390625,13063.json,NotBuggy
3,0.749021053314209,1,0,131.9385528564453,22855.json,NotBuggy
3,0.2553737759590149,1,2,128.2562713623047,18190.json,NotBuggy
3,0.031014051288366318,1,1,129.34671020507812,1070.json,NotBuggy
3,0.6773489117622375,1,0,133.59722900390625,19193.json,NotBuggy
5,0.07399282604455948,2,2,117.91434478759766,6420.json,NotBuggy
8,0.16436231136322021,1,5,108.1163101196289,12842.json,NotBuggy
3,0.5862722396850586,1,0,132.086669921875,20086.json,NotBuggy
3,0.8251155018806458,1,0,131.9385528564453,6184.json,NotBuggy
3,0.4328216314315796,1,1,130.30841064453125,10872.json,NotBuggy
3,0.8353855013847351,1,0,133.59722900390625,16339.json,NotBuggy
3,0.8983809351921082,1,0,133.59722900390625,23022.json,NotBuggy
5,0.016310103237628937,1,1,117.7408218383789,764.json,NotBuggy
7,0.014898930676281452,1,4,111.46076965332031,20722.json,NotBuggy
3,0.8505144715309143,1,0,133.59722900390625,1180.json,NotBuggy
25,0.006213843356817961,4,16,81.49939727783203,8829.json,Buggy
3,0.8450647592544556,1,2,128.8092498779297,5953.json,NotBuggy
3,0.0643627718091011,1,1,129.2428436279297,19283.json,NotBuggy
10,0.036618415266275406,3,7,102.87239074707031,1753.json,NotBuggy
4,0.5672264695167542,1,0,125.64796447753906,11157.json,NotBuggy
8,0.29868239164352417,1,1,109.7988052368164,18815.json,Buggy
15,0.10491862893104553,2,9,94.80314636230469,9191.json,NotBuggy
3,0.012239562347531319,1,1,128.41912841796875,882.json,NotBuggy
6,0.06601759791374207,2,4,114.03678894042969,3308.json,NotBuggy
3,0.5359427332878113,1,0,133.59722900390625,9806.json,NotBuggy
3,0.0,1,1,127.42049407958984,762.json,NotBuggy
3,0.6065430045127869,1,1,132.25152587890625,20400.json,NotBuggy
15,0.011910203844308853,4,8,92.18630981445312,20270.json,NotBuggy
7,0.15636111795902252,2,4,111.93157196044922,14078.json,NotBuggy
3,0.9206313490867615,1,2,131.43582153320312,41.json,NotBuggy
3,0.8763893246650696,1,0,131.9385528564453,3233.json,NotBuggy
3,0.8437951803207397,2,2,125.98087310791016,2149.json,NotBuggy
3,0.9621713757514954,1,0,133.59722900390625,23222.json,NotBuggy
10,0.18480384349822998,2,7,101.88846588134766,7131.json,NotBuggy
45,0.0,1,175,65.80685424804688,7797.json,NotBuggy
4,0.4755558669567108,1,2,125.27178192138672,16943.json,NotBuggy
3,0.47497954964637756,1,1,130.85629272460938,17960.json,NotBuggy
4,0.6773166060447693,1,0,125.64796447753906,4057.json,NotBuggy
3,0.6264608502388,1,0,131.28770446777344,18634.json,NotBuggy
4,0.27707046270370483,2,2,121.46289825439453,6021.json,NotBuggy
3,0.8152434825897217,1,0,133.59722900390625,22823.json,NotBuggy
4,0.7119079828262329,1,0,125.27178192138672,22914.json,NotBuggy
4,0.17529194056987762,2,3,121.39991760253906,10609.json,NotBuggy
19,0.01591075025498867,1,17,89.31812286376953,4160.json,NotBuggy
3,0.9691274166107178,1,0,133.59722900390625,14688.json,NotBuggy
3,0.8374930620193481,1,1,131.60296630859375,16364.json,NotBuggy
3,0.5341992378234863,1,0,131.91592407226562,14474.json,NotBuggy
15,0.0015656701289117336,2,13,92.62101745605469,4210.json,NotBuggy
3,0.9201893210411072,1,0,131.28770446777344,17092.json,NotBuggy
3,0.7908602356910706,1,0,133.59722900390625,1025.json,NotBuggy
7,0.32332244515419006,1,4,114.2235336303711,3179.json,NotBuggy
3,0.9760974645614624,1,0,132.9956512451172,19037.json,NotBuggy
5,0.6063300371170044,1,0,120.03731536865234,3946.json,NotBuggy
5,0.021195122972130775,1,4,116.29487609863281,2421.json,NotBuggy
31,0.0,4,37,76.56398010253906,8137.json,NotBuggy
3,0.591493546962738,1,2,130.57513427734375,14050.json,NotBuggy
5,0.9168702960014343,2,2,121.93724060058594,11653.json,NotBuggy
3,0.4711620807647705,1,0,133.59722900390625,16.json,NotBuggy
8,0.016829613596200943,1,5,109.88381958007812,18372.json,NotBuggy
3,0.37407511472702026,1,0,131.91592407226562,7172.json,NotBuggy
4,0.6767656803131104,1,0,125.64796447753906,6612.json,NotBuggy
9,0.009589818306267262,3,5,105.52632904052734,2966.json,NotBuggy
3,0.28403526544570923,1,2,128.3351287841797,12494.json,NotBuggy
31,0.0,6,17,75.9391860961914,20697.json,NotBuggy
21,1.7003866378217936E-4,8,4,86.31355285644531,18137.json,Buggy
8,0.10659367591142654,2,2,108.55803680419922,8104.json,NotBuggy
9,2.881887194234878E-4,1,10,103.76769256591797,4296.json,NotBuggy
3,0.16531969606876373,1,0,131.28770446777344,13266.json,NotBuggy
3,0.5445436239242554,1,0,128.22288513183594,16958.json,NotBuggy
8,0.0044983248226344585,1,8,107.08777618408203,5364.json,NotBuggy
4,0.7871139645576477,1,0,125.5254898071289,13101.json,NotBuggy
9,0.018642405048012733,2,9,102.84217834472656,4700.json,NotBuggy
3,0.8152434825897217,1,0,133.59722900390625,2506.json,NotBuggy
3,0.04484930634498596,1,1,130.45266723632812,18242.json,NotBuggy
4,0.923838198184967,1,2,123.65223693847656,6163.json,NotBuggy
3,0.8639432191848755,1,0,133.59722900390625,4971.json,NotBuggy
10,2.316934842383489E-4,2,18,99.117431640625,5096.json,NotBuggy
3,0.4090099036693573,1,1,130.30841064453125,10261.json,NotBuggy
3,0.3175036907196045,1,1,132.25152587890625,1280.json,NotBuggy
6,0.570193886756897,2,2,115.96150970458984,11616.json,NotBuggy
3,0.3608700931072235,1,1,130.7338104248047,10294.json,NotBuggy
4,0.771487295627594,1,0,125.64796447753906,3897.json,NotBuggy
3,0.8164383769035339,1,0,133.59722900390625,904.json,NotBuggy
3,0.5967833995819092,1,1,130.99049377441406,5855.json,NotBuggy
8,0.16449135541915894,2,3,108.89630126953125,6645.json,NotBuggy
3,0.4340704083442688,1,2,131.1385955810547,23429.json,NotBuggy
4,0.7106661200523376,1,1,125.64796447753906,5376.json,NotBuggy
3,0.7528138160705566,1,0,133.59722900390625,17349.json,NotBuggy
4,0.35603466629981995,1,1,125.5254898071289,2398.json,NotBuggy
10,0.027181429788470268,3,3,102.92095947265625,8096.json,NotBuggy
3,0.45373982191085815,1,0,130.07347106933594,16744.json,NotBuggy
4,0.0994102880358696,1,0,125.64796447753906,12599.json,NotBuggy
3,0.633719265460968,1,1,130.99049377441406,15097.json,NotBuggy
4,0.4180580973625183,1,0,125.64796447753906,22780.json,NotBuggy
4,0.7249876260757446,1,0,125.64796447753906,11131.json,NotBuggy
3,0.6879115700721741,1,1,132.25152587890625,382.json,NotBuggy
3,0.47827836871147156,1,0,133.59722900390625,11491.json,NotBuggy
3,0.7870386242866516,1,0,133.59722900390625,20408.json,NotBuggy
7,0.02723667025566101,3,8,108.4175796508789,14480.json,NotBuggy
22,0.0,2,33,83.15838623046875,3892.json,NotBuggy
7,0.015309905633330345,1,6,110.68756866455078,3229.json,NotBuggy
3,0.18087804317474365,1,0,133.59722900390625,9821.json,NotBuggy
6,0.09339305758476257,2,5,113.38532257080078,15222.json,NotBuggy
4,0.6560198664665222,1,1,124.05243682861328,16981.json,NotBuggy
4,0.6426193118095398,1,0,125.64796447753906,11977.json,NotBuggy
8,0.007278145756572485,2,3,106.97998809814453,14151.json,NotBuggy
3,0.5607046484947205,1,1,130.7338104248047,13959.json,NotBuggy
4,0.725691020488739,1,0,125.64796447753906,8943.json,NotBuggy
14,0.11465346068143845,3,8,97.74275970458984,5489.json,NotBuggy
3,0.0,1,5,124.1546859741211,19707.json,NotBuggy
7,0.7766278982162476,2,1,112.9860610961914,6053.json,NotBuggy
6,0.670788586139679,2,1,116.21601867675781,17626.json,NotBuggy
3,0.5435194969177246,1,1,130.7338104248047,1436.json,NotBuggy
3,0.8152434825897217,1,0,133.59722900390625,22791.json,NotBuggy
3,0.5609883666038513,1,1,132.25152587890625,23428.json,NotBuggy
8,0.2477041333913803,2,2,109.75241088867188,19209.json,NotBuggy
4,2.316901518497616E-4,1,3,121.83938598632812,3745.json,NotBuggy
3,0.37472137808799744,1,2,129.47398376464844,17904.json,NotBuggy
4,0.5367074012756348,1,0,125.27178192138672,11952.json,NotBuggy
3,0.002250826684758067,1,0,127.34163665771484,15201.json,NotBuggy
9,0.004267068579792976,1,10,105.69071960449219,22660.json,NotBuggy
6,0.0027500337455421686,1,10,112.5003890991211,6421.json,NotBuggy
3,0.6589174270629883,1,0,132.43687438964844,14824.json,NotBuggy
3,0.9197396636009216,1,0,133.59722900390625,21189.json,NotBuggy
4,0.8529984354972839,1,0,125.5254898071289,17917.json,NotBuggy
4,0.0034632906317710876,1,1,121.61679077148438,16229.json,NotBuggy
7,0.019179947674274445,1,7,111.19754791259766,23093.json,NotBuggy
4,0.15121568739414215,1,2,122.14535522460938,10369.json,NotBuggy
3,0.9457477331161499,1,0,133.59722900390625,6336.json,NotBuggy
3,0.9449145197868347,1,0,132.9956512451172,14434.json,NotBuggy
14,0.011345406994223595,1,11,95.5976333618164,4611.json,NotBuggy
3,0.9412645101547241,1,0,132.9956512451172,8236.json,NotBuggy
3,0.03826205059885979,1,1,129.93223571777344,6248.json,NotBuggy
15,7.813437259756029E-4,1,17,91.89346313476562,3171.json,NotBuggy
3,0.9332962036132812,1,0,133.59722900390625,10730.json,NotBuggy
3,0.8910459876060486,1,0,133.59722900390625,23252.json,NotBuggy
3,0.771950900554657,1,0,131.43582153320312,15053.json,NotBuggy
5,0.035356152802705765,2,3,117.30888366699219,6422.json,NotBuggy
12,0.15609608590602875,2,7,97.57997131347656,8841.json,Buggy
3,0.9160513281822205,1,0,133.59722900390625,20064.json,NotBuggy
4,0.819983959197998,1,0,125.5254898071289,17969.json,NotBuggy
5,0.004320282489061356,1,6,117.15352630615234,2645.json,NotBuggy
7,0.19002312421798706,2,6,110.83819580078125,20446.json,NotBuggy
3,0.9346750378608704,1,0,133.59722900390625,11664.json,NotBuggy
3,0.6428966522216797,1,1,130.85629272460938,18482.json,NotBuggy
3,0.8744332790374756,1,0,133.59722900390625,16652.json,NotBuggy
3,0.28403526544570923,1,2,128.3351287841797,12493.json,NotBuggy
3,0.9353429079055786,1,0,132.4454345703125,10227.json,NotBuggy
7,0.054175443947315216,1,9,111.83965301513672,4934.json,NotBuggy
3,0.48960763216018677,1,1,130.07347106933594,23441.json,NotBuggy
3,0.845339298248291,1,0,133.59722900390625,2832.json,NotBuggy
4,0.7119079828262329,1,0,125.27178192138672,23243.json,NotBuggy
3,0.9294750690460205,1,0,133.59722900390625,23340.json,NotBuggy
9,0.0,2,16,101.49272155761719,2500.json,NotBuggy
8,0.009166380390524864,1,6,109.4788589477539,15877.json,Buggy
4,0.7144284844398499,1,0,125.64796447753906,22388.json,NotBuggy
15,0.0,1,33,91.30642700195312,7798.json,NotBuggy
5,0.01221440825611353,2,3,115.92181396484375,19962.json,NotBuggy
7,0.13079018890857697,1,6,112.0172119140625,21497.json,NotBuggy
4,0.29679325222969055,1,3,122.68119049072266,7999.json,NotBuggy
7,0.031111761927604675,1,5,112.0172119140625,17039.json,NotBuggy
3,0.8794088959693909,1,0,131.91592407226562,12579.json,NotBuggy
5,0.07951974868774414,2,1,118.9991226196289,12840.json,NotBuggy
4,0.625913679599762,1,0,125.64796447753906,21768.json,NotBuggy
6,0.8993843793869019,2,1,117.66641235351562,19042.json,NotBuggy
3,0.8794088959693909,1,0,131.91592407226562,15939.json,NotBuggy
3,0.843033492565155,1,0,133.59722900390625,1292.json,NotBuggy
7,0.09385122358798981,1,4,110.78955078125,3659.json,NotBuggy
3,0.39106979966163635,1,1,131.43582153320312,13703.json,NotBuggy
3,0.4506884217262268,2,3,127.10940551757812,20498.json,NotBuggy
3,0.9294750690460205,1,0,133.59722900390625,21773.json,NotBuggy
9,0.051860082894563675,2,5,106.55463409423828,3297.json,NotBuggy
3,0.7870386242866516,1,0,133.59722900390625,20398.json,NotBuggy
6,7.525530527345836E-4,2,8,133.14442443847656,8513.json,NotBuggy
9,0.14266297221183777,1,5,105.8958969116211,749.json,NotBuggy
3,0.9125186204910278,1,0,132.4454345703125,19186.json,NotBuggy
6,0.0029108943417668343,2,6,111.68956756591797,6255.json,NotBuggy
3,0.18692919611930847,1,1,129.14646911621094,14314.json,NotBuggy
3,0.4309338629245758,1,1,130.07347106933594,13958.json,NotBuggy
4,0.26701825857162476,1,0,124.4649429321289,18011.json,NotBuggy
3,0.8580641746520996,1,0,133.59722900390625,7047.json,NotBuggy
7,0.010605228133499622,2,7,110.62592315673828,4002.json,NotBuggy
6,0.0020177119877189398,1,4,113.72686004638672,16081.json,NotBuggy
3,0.9381090402603149,1,0,133.59722900390625,11092.json,NotBuggy
3,0.8407565355300903,1,0,133.59722900390625,14015.json,NotBuggy
3,0.6935229301452637,1,1,131.43582153320312,19780.json,NotBuggy
8,0.009946173056960106,1,8,108.73788452148438,2562.json,NotBuggy
4,0.7119079828262329,1,0,125.27178192138672,15627.json,NotBuggy
3,0.9153783321380615,1,0,133.59722900390625,3626.json,NotBuggy
3,0.10145782679319382,1,2,129.34671020507812,13321.json,NotBuggy
14,8.099146070890129E-4,4,17,94.90833282470703,17117.json,Buggy
4,0.7499582767486572,1,0,125.64796447753906,11769.json,NotBuggy
2,0.9420791864395142,1,0,138.03729248046875,5434.json,NotBuggy
4,0.7119079828262329,1,0,125.27178192138672,22143.json,NotBuggy
4,0.2690618932247162,1,0,125.64796447753906,508.json,NotBuggy
3,0.6157490611076355,1,0,133.59722900390625,23389.json,NotBuggy
16,0.13683006167411804,7,2,93.70442199707031,14622.json,Buggy
3,0.07782523334026337,1,1,129.7158966064453,6221.json,NotBuggy
3,0.08055282384157181,1,0,133.59722900390625,1911.json,NotBuggy
3,0.9144863486289978,1,0,131.91592407226562,1282.json,NotBuggy
4,0.7293913960456848,1,0,125.27178192138672,9278.json,NotBuggy
3,0.9506677985191345,1,0,133.59722900390625,17561.json,NotBuggy
21,0.0015928115462884307,5,14,85.80590057373047,4239.json,NotBuggy
4,3.9108857163228095E-4,1,5,119.92169952392578,4449.json,NotBuggy
13,0.1578843742609024,4,3,97.7873306274414,13247.json,NotBuggy
12,0.0018261760706081986,3,11,97.31111145019531,3673.json,NotBuggy
3,0.39106979966163635,1,1,131.43582153320312,13689.json,NotBuggy
4,0.22857195138931274,1,4,122.05648803710938,11436.json,NotBuggy
2,0.9975701570510864,1,0,142.4026641845703,8332.json,NotBuggy
3,0.00469482596963644,1,2,125.81426239013672,5836.json,NotBuggy
3,0.5033015608787537,1,1,130.45266723632812,15734.json,NotBuggy
3,0.32323557138442993,1,0,130.57513427734375,5648.json,NotBuggy
3,0.6537426710128784,1,0,131.28770446777344,18386.json,NotBuggy
3,0.8152434825897217,1,0,133.59722900390625,21775.json,NotBuggy
4,0.6617034077644348,1,0,125.27178192138672,20923.json,NotBuggy
5,0.2400062531232834,1,4,117.59877014160156,13618.json,NotBuggy
8,0.026127709075808525,3,3,107.5835189819336,19995.json,NotBuggy
3,0.8767094016075134,1,0,133.59722900390625,12315.json,NotBuggy
3,0.801494836807251,1,0,130.7338104248047,1655.json,NotBuggy
3,0.19441218674182892,1,0,129.0255889892578,4599.json,NotBuggy
23,6.122113554738462E-4,1,14,86.54108428955078,3886.json,NotBuggy
4,0.7593269944190979,1,0,125.27178192138672,18183.json,NotBuggy
3,0.41292765736579895,1,2,131.75106811523438,17390.json,NotBuggy
3,0.770124077796936,1,1,132.086669921875,9872.json,NotBuggy
3,0.7243696451187134,1,1,130.99049377441406,7014.json,NotBuggy
14,0.0,1,51,91.96214294433594,7790.json,NotBuggy
9,0.009751792997121811,3,4,105.0525131225586,2055.json,NotBuggy
3,0.898730456829071,1,0,133.59722900390625,11604.json,NotBuggy
3,0.7212031483650208,1,1,132.25152587890625,17815.json,NotBuggy
4,6.614758167415857E-4,1,2,124.57742309570312,5449.json,NotBuggy
6,0.919928789138794,2,0,117.8877182006836,11262.json,NotBuggy
5,0.13116028904914856,1,1,119.75839233398438,6666.json,NotBuggy
3,0.870821475982666,1,0,133.59722900390625,3955.json,NotBuggy
8,0.9188466668128967,2,2,112.39348602294922,819.json,NotBuggy
3,0.3679724335670471,1,1,132.79563903808594,6125.json,NotBuggy
6,5.789698916487396E-4,1,6,111.63607025146484,6634.json,NotBuggy
4,0.7044928669929504,1,0,125.27178192138672,21553.json,NotBuggy
4,0.6988435983657837,1,0,125.27178192138672,20927.json,NotBuggy
7,0.2902817726135254,2,2,112.53359985351562,3427.json,NotBuggy
7,0.010996655561029911,2,7,109.20062255859375,13940.json,NotBuggy
3,0.9020947813987732,1,0,133.59722900390625,21245.json,NotBuggy
4,0.8574307560920715,1,0,125.5254898071289,12209.json,NotBuggy
3,0.05220073089003563,1,1,131.75106811523438,5870.json,NotBuggy
9,0.0,1,17,101.92353057861328,2669.json,NotBuggy
3,0.07522504031658173,1,1,129.2428436279297,14721.json,NotBuggy
3,0.9101456999778748,1,0,133.59722900390625,17903.json,NotBuggy
3,0.9921301007270813,1,0,132.4454345703125,20614.json,NotBuggy
3,0.783676266670227,1,0,131.9385528564453,18948.json,NotBuggy
3,0.7820137739181519,1,0,131.28770446777344,11568.json,NotBuggy
3,0.8890010714530945,1,0,133.59722900390625,6655.json,NotBuggy
3,0.9193012118339539,1,0,133.59722900390625,17704.json,NotBuggy
3,0.8152434825897217,1,0,133.59722900390625,23070.json,NotBuggy
3,0.6632501482963562,1,1,132.25152587890625,1230.json,NotBuggy
4,0.6067095398902893,1,0,125.64796447753906,22699.json,NotBuggy
3,0.7392677664756775,1,1,130.85629272460938,20679.json,NotBuggy
18,1.4868556172586977E-4,4,19,87.83757781982422,17932.json,NotBuggy
6,4.210389743093401E-4,1,2,113.91609191894531,19589.json,NotBuggy
10,0.009204555302858353,2,9,101.44278717041016,17040.json,NotBuggy
3,0.0016531330766156316,1,1,127.94110107421875,19275.json,NotBuggy
8,0.03901183232665062,1,6,108.78804016113281,17976.json,NotBuggy
3,0.9294750690460205,1,0,133.59722900390625,21677.json,NotBuggy
3,0.9193012118339539,1,0,133.59722900390625,17884.json,NotBuggy
4,0.22124972939491272,1,1,124.361083984375,10176.json,NotBuggy
8,0.4526672065258026,2,2,109.62306213378906,19677.json,NotBuggy
4,0.7499582767486572,1,0,125.64796447753906,10668.json,NotBuggy
3,0.8189057111740112,1,0,133.59722900390625,23164.json,NotBuggy
4,0.7151249647140503,1,0,125.27178192138672,20878.json,NotBuggy
12,0.008538962341845036,3,11,97.03787231445312,956.json,NotBuggy
3,0.9533982276916504,1,0,133.59722900390625,21191.json,NotBuggy
2,0.9801563024520874,1,0,138.03729248046875,2463.json,NotBuggy
2,0.736174464225769,1,0,137.59957885742188,13861.json,NotBuggy
6,0.0,1,6,110.32881927490234,16616.json,NotBuggy
8,0.009547144174575806,1,1,111.90510559082031,3434.json,NotBuggy
7,0.18345056474208832,2,1,112.68008422851562,14447.json,NotBuggy
3,0.39106979966163635,1,1,131.43582153320312,13970.json,NotBuggy
3,0.8353855013847351,1,0,133.59722900390625,11477.json,NotBuggy
3,0.5341992378234863,1,0,131.91592407226562,14769.json,NotBuggy
10,6.747804582118988E-4,1,12,103.33238983154297,4851.json,NotBuggy
3,0.7669491171836853,1,0,133.59722900390625,7060.json,NotBuggy
15,0.0,1,12,96.37272644042969,19577.json,NotBuggy
4,0.5666419863700867,1,0,125.64796447753906,11823.json,NotBuggy
3,0.8385810852050781,1,0,131.9385528564453,22651.json,NotBuggy
3,0.9506677985191345,1,0,133.59722900390625,19542.json,NotBuggy
7,0.09483103454113007,3,4,110.25495147705078,16058.json,NotBuggy
7,0.13181567192077637,2,3,110.99961853027344,16848.json,NotBuggy
7,2.2826067288406193E-4,1,7,107.19009399414062,19618.json,NotBuggy
3,0.08340007066726685,1,2,128.4090576171875,10231.json,NotBuggy
2,0.9804085493087769,1,0,139.56419372558594,19111.json,NotBuggy
4,0.4180580973625183,1,0,125.64796447753906,22762.json,NotBuggy
3,0.5653537511825562,1,1,132.086669921875,16409.json,NotBuggy
10,0.9403703212738037,3,1,105.77908325195312,18974.json,NotBuggy
4,0.296302855014801,1,0,125.64796447753906,10822.json,NotBuggy
5,0.34374386072158813,1,1,119.31562042236328,17573.json,NotBuggy
3,0.7674503326416016,1,0,133.59722900390625,6660.json,NotBuggy
3,0.8537255525588989,1,0,133.59722900390625,21787.json,NotBuggy
4,0.4859175980091095,1,0,125.64796447753906,4581.json,NotBuggy
3,0.7704322934150696,1,1,132.79563903808594,19304.json,NotBuggy
3,0.9381090402603149,1,0,133.59722900390625,22889.json,NotBuggy
3,0.3014981746673584,1,2,129.69032287597656,12224.json,NotBuggy
3,0.530426561832428,1,0,133.59722900390625,17886.json,NotBuggy
6,0.304577112197876,2,1,115.17733001708984,11812.json,NotBuggy
3,0.19966542720794678,1,0,129.4591827392578,14715.json,NotBuggy
3,0.8152434825897217,1,0,133.59722900390625,10467.json,NotBuggy
4,0.6532680988311768,1,0,125.27178192138672,10189.json,NotBuggy
3,0.8510124087333679,1,1,132.61029052734375,29.json,NotBuggy
4,0.4215550720691681,1,0,125.64796447753906,5579.json,NotBuggy
4,0.7119079828262329,1,0,125.27178192138672,23594.json,NotBuggy
3,0.8303243517875671,1,1,131.60296630859375,10990.json,NotBuggy
4,0.72845458984375,1,3,122.85169219970703,14855.json,NotBuggy
4,0.016159724444150925,1,5,120.46957397460938,5197.json,NotBuggy
3,0.8520615696907043,1,1,132.61029052734375,16598.json,NotBuggy
18,6.305279093794525E-4,1,21,89.66608428955078,20739.json,NotBuggy
3,0.7745776772499084,1,2,129.57785034179688,5033.json,NotBuggy
3,0.7693724036216736,1,0,133.59722900390625,22905.json,NotBuggy
3,0.5753481984138489,1,0,130.57513427734375,16070.json,NotBuggy
3,0.5103574991226196,1,0,130.07347106933594,16749.json,NotBuggy
8,0.003029555082321167,1,6,109.72869873046875,17984.json,NotBuggy
3,0.6175059080123901,1,1,132.61029052734375,13974.json,NotBuggy
14,0.0033286914695054293,1,14,95.44720458984375,3356.json,NotBuggy
4,0.4241465628147125,1,2,125.64796447753906,17410.json,NotBuggy
3,0.8519220948219299,1,0,131.91592407226562,16222.json,NotBuggy
4,0.625913679599762,1,0,125.64796447753906,21877.json,NotBuggy
4,0.09698497503995895,1,2,124.0874252319336,14807.json,NotBuggy
3,0.5035387873649597,1,1,129.7158966064453,17300.json,NotBuggy
12,0.0025313282385468483,2,4,98.77564239501953,14433.json,NotBuggy
17,0.022428758442401886,3,8,91.08802795410156,20252.json,NotBuggy
4,0.7845388054847717,1,0,125.64796447753906,21266.json,NotBuggy
10,0.05487911403179169,4,5,103.39248657226562,13127.json,NotBuggy
3,0.85118168592453,1,0,133.59722900390625,23422.json,NotBuggy
3,0.9038982391357422,1,0,133.59722900390625,4415.json,NotBuggy
6,0.008837231434881687,1,8,112.92569732666016,13845.json,NotBuggy
8,0.20096223056316376,2,4,108.14144897460938,8480.json,NotBuggy
4,0.07657221704721451,1,3,122.05648803710938,2871.json,NotBuggy
3,0.8610402345657349,1,0,133.59722900390625,3505.json,NotBuggy
3,0.3474653363227844,1,0,132.25152587890625,1735.json,NotBuggy
3,0.001283168327063322,1,1,128.21994018554688,19270.json,NotBuggy
3,0.4319908618927002,1,3,128.92515563964844,22471.json,NotBuggy
6,0.2784731984138489,2,2,115.10722351074219,6362.json,NotBuggy
6,0.0020477320067584515,2,3,113.73601531982422,8745.json,NotBuggy
3,0.8795603513717651,1,0,133.59722900390625,3942.json,NotBuggy
3,0.006740835960954428,1,4,127.25540161132812,4340.json,NotBuggy
4,0.7278429865837097,1,1,126.33003997802734,1774.json,NotBuggy
3,0.9153783321380615,1,0,133.59722900390625,13660.json,NotBuggy
6,0.6288727521896362,2,3,115.41443634033203,17091.json,NotBuggy
3,0.07584395259618759,1,1,128.91311645507812,1775.json,NotBuggy
9,0.4448601305484772,1,8,105.73943328857422,4572.json,NotBuggy
3,0.9346750378608704,1,0,133.59722900390625,10463.json,NotBuggy
3,0.6587231755256653,1,0,129.47398376464844,20441.json,NotBuggy
3,0.0,1,1,125.19499969482422,5400.json,NotBuggy
3,0.8353855013847351,1,0,133.59722900390625,3628.json,NotBuggy
3,0.03154166787862778,1,4,126.71056365966797,8838.json,NotBuggy
6,0.46437573432922363,1,4,116.4460220336914,23116.json,NotBuggy
13,0.0014352144207805395,4,13,95.7030029296875,14644.json,NotBuggy
4,0.16894851624965668,1,1,123.55950164794922,14057.json,NotBuggy
11,6.496483692899346E-4,2,19,97.39866638183594,1955.json,NotBuggy
3,0.9020947813987732,1,0,133.59722900390625,21215.json,NotBuggy
3,0.4669036567211151,1,1,130.99049377441406,13642.json,NotBuggy
3,0.6101421117782593,1,0,133.59722900390625,3951.json,NotBuggy
7,0.002677357289940119,2,4,109.13788604736328,1715.json,NotBuggy
4,0.7119079828262329,1,0,125.27178192138672,2175.json,NotBuggy
5,0.11214018613100052,2,1,119.61820220947266,15831.json,NotBuggy
3,0.7224050760269165,1,1,130.99049377441406,20102.json,NotBuggy
3,0.9294750690460205,1,0,133.59722900390625,23481.json,NotBuggy
3,0.85118168592453,1,0,133.59722900390625,1152.json,NotBuggy
3,0.9381090402603149,1,0,133.59722900390625,2448.json,NotBuggy
7,0.11650623381137848,2,1,110.45449829101562,6316.json,NotBuggy
4,0.0015875442186370492,1,0,125.27178192138672,11993.json,NotBuggy
4,0.606551468372345,1,0,125.64796447753906,22347.json,NotBuggy
9,0.15806345641613007,3,2,106.1509780883789,3094.json,NotBuggy
8,0.29090383648872375,3,4,107.13966369628906,23619.json,NotBuggy
7,0.910020112991333,1,0,113.3333740234375,13663.json,NotBuggy
9,0.07389099895954132,1,4,106.7727279663086,8122.json,NotBuggy
3,0.6091933250427246,1,1,132.25152587890625,17120.json,NotBuggy
22,3.001372388098389E-4,13,8,84.56807708740234,4978.json,NotBuggy
7,0.8165916204452515,2,3,113.54827117919922,21576.json,NotBuggy
16,0.34175199270248413,5,5,93.79988098144531,16632.json,NotBuggy
5,0.6929295063018799,1,0,120.03731536865234,22233.json,NotBuggy
3,0.34122535586357117,1,2,129.93223571777344,16588.json,NotBuggy
3,0.9294750690460205,1,0,133.59722900390625,3196.json,NotBuggy
7,0.22116640210151672,1,6,110.68449401855469,8571.json,NotBuggy
11,0.027550363913178444,1,9,102.36217498779297,5227.json,NotBuggy
4,0.49739596247673035,1,2,125.39425659179688,8406.json,NotBuggy
3,0.5410065054893494,1,1,132.61029052734375,7260.json,NotBuggy
3,0.29823172092437744,1,1,129.2428436279297,8812.json,NotBuggy
9,0.0030711330473423004,3,5,103.20018768310547,19894.json,NotBuggy
3,0.7528625726699829,1,0,133.59722900390625,10776.json,NotBuggy
3,0.4748316705226898,1,1,132.25152587890625,5850.json,NotBuggy
14,0.007846823893487453,1,14,95.39574432373047,20751.json,NotBuggy
3,3.1500551267527044E-4,1,3,126.13856506347656,19708.json,NotBuggy
9,0.20044896006584167,1,7,104.40531921386719,8202.json,NotBuggy
4,0.4694397747516632,1,0,125.64796447753906,18433.json,NotBuggy
8,0.0118532320484519,1,8,107.59992980957031,3136.json,NotBuggy
13,0.0012000460410490632,4,16,96.53360748291016,15439.json,NotBuggy
3,0.0741521418094635,1,2,129.4591827392578,5169.json,NotBuggy
3,0.8607810735702515,1,0,133.59722900390625,19562.json,NotBuggy
3,0.5177069902420044,1,1,130.99049377441406,15198.json,NotBuggy
3,0.08880545943975449,1,4,127.51214599609375,1406.json,NotBuggy
3,0.9038982391357422,1,0,133.59722900390625,21957.json,NotBuggy
3,0.6614851355552673,1,0,133.59722900390625,6338.json,NotBuggy
3,0.8066226840019226,1,0,130.85629272460938,20304.json,NotBuggy
3,0.6324557065963745,1,0,131.9385528564453,13124.json,NotBuggy
9,0.0654325932264328,3,5,106.00373077392578,17094.json,NotBuggy
3,0.6377588510513306,1,0,131.9385528564453,23495.json,NotBuggy
11,0.21453343331813812,2,2,102.08228302001953,356.json,Buggy
13,5.463400157168508E-4,2,13,97.18262481689453,8348.json,NotBuggy
35,0.0,8,27,73.13679504394531,20814.json,NotBuggy
3,0.8910459876060486,1,0,133.59722900390625,9704.json,NotBuggy
3,0.010052775032818317,1,2,128.41912841796875,8399.json,NotBuggy
3,0.5341992378234863,1,0,131.91592407226562,14000.json,NotBuggy
3,0.7110614776611328,1,2,131.91592407226562,1287.json,NotBuggy
3,0.4254014194011688,1,1,130.30841064453125,11223.json,NotBuggy
10,0.027960583567619324,2,10,102.91057586669922,8383.json,NotBuggy
7,0.023157654330134392,2,5,109.66938018798828,107.json,NotBuggy
3,0.4914744198322296,1,1,130.99049377441406,5863.json,NotBuggy
4,0.6388429403305054,1,0,125.64796447753906,19710.json,NotBuggy
6,0.303612619638443,1,7,114.10049438476562,3414.json,NotBuggy
7,0.01515461690723896,1,7,111.19754791259766,22652.json,NotBuggy
4,0.019844332709908485,1,2,121.90362548828125,12951.json,NotBuggy
6,0.003112089354544878,1,8,113.35316467285156,3000.json,NotBuggy
40,0.0,7,50,68.60481262207031,9037.json,NotBuggy
3,0.9457477331161499,1,0,133.59722900390625,10859.json,NotBuggy
4,0.5087435841560364,1,0,125.64796447753906,23548.json,NotBuggy
9,0.0,1,7,104.02701568603516,1565.json,NotBuggy
4,0.606551468372345,1,0,125.64796447753906,21200.json,NotBuggy
3,0.27294743061065674,1,1,128.83535766601562,543.json,NotBuggy
3,0.0813128799200058,1,0,129.93223571777344,7029.json,NotBuggy
3,0.009730075486004353,1,2,128.21994018554688,1740.json,NotBuggy
4,0.42359796166419983,1,0,125.64796447753906,22695.json,NotBuggy
13,0.004673313349485397,2,12,95.29334259033203,4327.json,NotBuggy
3,0.4311412274837494,1,1,130.85629272460938,1457.json,NotBuggy
3,2.2031420667190105E-4,1,2,125.61409759521484,10904.json,NotBuggy
3,0.762078046798706,1,0,133.59722900390625,17842.json,NotBuggy
4,0.8418536186218262,1,0,125.5254898071289,12796.json,NotBuggy
3,0.8724588751792908,1,0,133.59722900390625,19183.json,NotBuggy
3,0.8353855013847351,1,0,133.59722900390625,21643.json,NotBuggy
6,0.27321359515190125,2,5,113.8475570678711,4720.json,NotBuggy
3,0.3149477243423462,1,0,129.9696044921875,18444.json,NotBuggy
4,0.9621777534484863,1,0,125.27178192138672,17866.json,NotBuggy
19,0.006101540289819241,5,11,88.1685791015625,20172.json,NotBuggy
3,0.8873574137687683,1,0,133.59722900390625,11098.json,NotBuggy
3,0.2910907566547394,1,0,131.1535186767578,14959.json,NotBuggy
3,0.8152434825897217,1,0,133.59722900390625,22829.json,NotBuggy
7,0.015011709183454514,1,8,111.35248565673828,2490.json,NotBuggy
3,0.07430361211299896,1,0,133.59722900390625,20015.json,NotBuggy
20,0.0,2,21,86.94141387939453,4622.json,NotBuggy
8,0.045112092047929764,2,6,107.88630676269531,11456.json,NotBuggy
5,0.0,1,8,113.3827896118164,4478.json,NotBuggy
11,0.7429813146591187,3,3,103.06926727294922,18094.json,NotBuggy
3,0.5535308718681335,1,0,131.9385528564453,21152.json,NotBuggy
3,0.9340493083000183,1,0,133.59722900390625,17843.json,NotBuggy
3,0.12754090130329132,1,2,127.51214599609375,4609.json,NotBuggy
4,0.6557875871658325,1,0,125.64796447753906,6670.json,NotBuggy
8,0.05727589875459671,2,2,109.09575653076172,8439.json,NotBuggy
3,0.7811756134033203,1,0,133.59722900390625,11489.json,NotBuggy
14,0.017586687579751015,3,5,96.40165710449219,16200.json,NotBuggy
4,0.41154563426971436,1,0,125.64796447753906,12289.json,NotBuggy
8,0.009285472333431244,1,11,108.32982635498047,4178.json,NotBuggy
3,2.784427779261023E-4,2,4,124.72859954833984,20472.json,NotBuggy
3,0.9457477331161499,1,0,133.59722900390625,23118.json,NotBuggy
4,0.6067095398902893,1,0,125.64796447753906,23500.json,NotBuggy
4,0.4859175980091095,1,0,125.64796447753906,21520.json,NotBuggy
3,0.8353855013847351,1,0,133.59722900390625,20909.json,NotBuggy
3,0.8853198885917664,1,0,133.59722900390625,21517.json,NotBuggy
10,0.022232161834836006,2,3,104.14152526855469,17972.json,NotBuggy
3,0.793246865272522,1,0,133.59722900390625,12469.json,NotBuggy
4,0.8077852725982666,1,0,125.15930938720703,17970.json,NotBuggy
7,0.26376962661743164,2,2,112.46537017822266,775.json,NotBuggy
6,0.46239858865737915,2,4,113.73601531982422,4221.json,NotBuggy
3,0.51669842004776,1,2,130.99049377441406,1059.json,NotBuggy
4,0.49658364057540894,1,0,125.64796447753906,11827.json,NotBuggy
3,0.29247209429740906,1,2,129.47398376464844,1651.json,NotBuggy
3,0.8537255525588989,1,0,133.59722900390625,21649.json,NotBuggy
4,0.22644832730293274,1,2,122.14535522460938,10157.json,NotBuggy
58,0.0,1,8,66.97972869873047,8746.json,NotBuggy
15,1.499648642493412E-4,3,16,92.4001693725586,14593.json,NotBuggy
3,0.07923559099435806,1,0,128.50894165039062,2006.json,NotBuggy
7,0.07382313162088394,1,6,112.08732604980469,8511.json,Buggy
6,7.050149142742157E-4,2,8,111.81572723388672,20813.json,NotBuggy
3,0.9038982391357422,1,0,133.59722900390625,22186.json,NotBuggy
3,0.3656148314476013,1,0,130.07347106933594,17590.json,NotBuggy
3,0.8386132717132568,1,0,132.4454345703125,736.json,NotBuggy
3,0.8210167288780212,1,0,133.59722900390625,6508.json,NotBuggy
14,8.105890010483563E-4,3,17,95.09939575195312,2921.json,NotBuggy
12,0.38808146119117737,3,6,100.09516906738281,6904.json,NotBuggy
4,0.7119079828262329,1,0,125.27178192138672,2959.json,NotBuggy
7,0.3954429626464844,2,5,113.10337829589844,11651.json,NotBuggy
10,0.25921565294265747,3,3,103.67457580566406,17109.json,NotBuggy
7,0.046957358717918396,1,6,109.81072998046875,2894.json,NotBuggy
3,0.8763893246650696,1,0,131.9385528564453,5054.json,NotBuggy
4,0.6981469988822937,1,0,124.1749038696289,9116.json,NotBuggy
13,0.0013898506294935942,4,14,94.86474609375,49.json,NotBuggy
4,0.35094279050827026,1,1,125.02987670898438,5496.json,NotBuggy
8,0.003504023887217045,1,9,107.63711547851562,2330.json,NotBuggy
4,0.0037819889839738607,1,2,120.35262298583984,1903.json,NotBuggy
6,0.0378284715116024,2,4,113.49686431884766,15140.json,NotBuggy
4,0.5559495687484741,1,0,125.64796447753906,15354.json,NotBuggy
4,0.7818113565444946,1,0,125.64796447753906,21232.json,NotBuggy
3,0.9145221710205078,1,0,132.4454345703125,19187.json,NotBuggy
3,5.451046163216233E-4,1,4,126.20867156982422,14839.json,NotBuggy
4,0.6988435983657837,1,0,125.27178192138672,3050.json,NotBuggy
10,0.08142516016960144,3,5,102.6844711303711,17603.json,NotBuggy
3,0.7185266613960266,1,0,133.59722900390625,12786.json,NotBuggy
4,0.005462044384330511,1,4,120.53255462646484,12804.json,NotBuggy
7,4.1173063800670207E-4,1,11,108.32225799560547,2670.json,NotBuggy
3,0.1843206137418747,1,3,127.94976043701172,17292.json,NotBuggy
3,0.9318479895591736,1,0,133.59722900390625,17661.json,NotBuggy
3,0.7972366809844971,1,0,133.59722900390625,21781.json,NotBuggy
5,0.2342720329761505,2,1,119.34591674804688,1970.json,NotBuggy
3,0.575719952583313,1,0,132.4454345703125,17615.json,NotBuggy
8,1.9480969058349729E-4,2,6,105.68279266357422,15905.json,NotBuggy
3,0.9294750690460205,1,0,133.59722900390625,8569.json,NotBuggy
3,0.8353855013847351,1,0,133.59722900390625,17947.json,NotBuggy
39,0.0,1,37,74.26615905761719,836.json,Buggy
4,0.6067095398902893,1,0,125.64796447753906,23498.json,NotBuggy
3,0.043989263474941254,1,1,130.18594360351562,2446.json,NotBuggy
3,0.048223722726106644,1,2,127.26738739013672,9592.json,NotBuggy
4,0.28501227498054504,1,1,123.21045684814453,2975.json,NotBuggy
2,0.9977049231529236,1,0,142.4026641845703,6696.json,NotBuggy
2,0.9942485094070435,1,0,140.82913208007812,5439.json,NotBuggy
4,0.0,1,1,123.77584075927734,13463.json,NotBuggy
5,0.414694607257843,2,2,119.52839660644531,11933.json,NotBuggy
3,0.5662952661514282,1,0,133.59722900390625,10493.json,NotBuggy
3,0.8814632296562195,1,0,133.59722900390625,11592.json,NotBuggy
3,0.6920579075813293,1,0,133.59722900390625,11746.json,NotBuggy
8,0.001257648691534996,2,9,106.01265716552734,2591.json,NotBuggy
3,0.029950805008411407,1,5,126.56620788574219,5634.json,NotBuggy
13,0.00475201616063714,4,12,96.23006439208984,4909.json,NotBuggy
4,0.024370117112994194,1,3,121.55042266845703,70.json,NotBuggy
3,0.8537255525588989,1,0,133.59722900390625,22857.json,NotBuggy
4,0.6354243755340576,1,0,125.27178192138672,10105.json,NotBuggy
4,0.7223774194717407,1,0,125.64796447753906,10666.json,NotBuggy
3,0.8983809351921082,1,0,133.59722900390625,21737.json,NotBuggy
3,0.18035884201526642,1,3,128.62307739257812,16639.json,NotBuggy
4,0.7119079828262329,1,0,125.27178192138672,21732.json,NotBuggy
11,0.5036100149154663,2,2,102.94087982177734,19889.json,NotBuggy
4,0.5092315077781677,1,0,125.27178192138672,16345.json,NotBuggy
3,0.8152434825897217,1,0,133.59722900390625,21745.json,NotBuggy
5,0.006017275154590607,1,5,117.32406616210938,9898.json,NotBuggy
10,0.4820635914802551,2,4,105.34435272216797,16414.json,NotBuggy
13,0.12150275707244873,1,10,97.26686096191406,15925.json,NotBuggy
9,0.006989553105086088,2,7,106.0282974243164,6867.json,NotBuggy
3,0.5879865884780884,1,0,131.91592407226562,18946.json,NotBuggy
3,0.7523407936096191,1,1,130.99049377441406,6262.json,NotBuggy
4,0.06760275363922119,1,2,123.48088836669922,11207.json,NotBuggy
4,0.05933852866292,1,0,124.7987289428711,1579.json,NotBuggy
3,0.65178382396698,1,0,130.85629272460938,7300.json,NotBuggy
4,0.6617034077644348,1,0,125.27178192138672,20894.json,NotBuggy
3,0.8925783634185791,1,0,133.59722900390625,18223.json,NotBuggy
3,0.9486316442489624,1,0,133.59722900390625,22847.json,NotBuggy
4,0.9022145867347717,1,0,126.19583892822266,9880.json,NotBuggy
3,0.9346750378608704,1,0,133.59722900390625,13745.json,NotBuggy
3,0.7050967812538147,1,1,131.28770446777344,1102.json,NotBuggy
3,0.9381090402603149,1,0,133.59722900390625,23314.json,NotBuggy
2,0.8040058612823486,1,0,137.59957885742188,13857.json,NotBuggy
3,0.9392098188400269,1,0,132.4454345703125,20689.json,NotBuggy
3,0.613961935043335,1,0,133.59722900390625,16557.json,NotBuggy
3,0.747709333896637,1,0,132.9956512451172,5882.json,NotBuggy
7,0.2929736375808716,3,3,109.88150787353516,19010.json,Buggy
3,0.21148817241191864,1,1,131.60296630859375,13394.json,NotBuggy
15,0.04807962849736214,1,13,96.09255981445312,4886.json,NotBuggy
3,0.002704890677705407,1,4,125.37183380126953,14831.json,NotBuggy
4,0.7144284844398499,1,0,125.64796447753906,22398.json,NotBuggy
3,0.6315211653709412,1,0,132.4454345703125,20128.json,NotBuggy
3,0.925599992275238,1,0,133.59722900390625,10575.json,NotBuggy
3,0.05342676118016243,1,1,129.2428436279297,19287.json,NotBuggy
3,0.09118851274251938,1,1,129.93223571777344,3452.json,NotBuggy
4,0.6936726570129395,1,0,126.04888916015625,12794.json,NotBuggy
12,5.600189324468374E-4,1,18,97.21685028076172,2157.json,NotBuggy
3,0.0012300844537094235,1,1,126.56407165527344,451.json,NotBuggy
10,0.004821188282221556,3,5,103.3277816772461,8856.json,NotBuggy
13,0.0,1,18,95.5093994140625,16483.json,NotBuggy
4,0.6039813756942749,1,0,125.27178192138672,22016.json,NotBuggy
4,0.7375034689903259,1,0,125.64796447753906,11151.json,NotBuggy
3,0.8010262846946716,1,0,131.9385528564453,1145.json,NotBuggy
3,0.7285451292991638,1,1,130.57513427734375,450.json,NotBuggy
3,0.11742792278528214,1,4,128.4090576171875,14524.json,NotBuggy
3,0.613332211971283,1,0,133.59722900390625,18034.json,NotBuggy
4,0.056259773671627045,1,4,121.55042266845703,14396.json,NotBuggy
3,0.18087804317474365,1,0,133.59722900390625,9778.json,NotBuggy
7,0.010716230608522892,2,4,109.91966247558594,3230.json,NotBuggy
3,0.9038982391357422,1,0,133.59722900390625,21013.json,NotBuggy
3,0.9381090402603149,1,0,133.59722900390625,12475.json,NotBuggy
4,0.5779730677604675,1,2,126.33003997802734,15175.json,NotBuggy
4,0.36056041717529297,1,3,123.56243133544922,3280.json,NotBuggy
3,0.5322184562683105,1,1,130.85629272460938,20188.json,NotBuggy
3,0.9392729997634888,1,0,133.59722900390625,10535.json,NotBuggy
2,0.8893262147903442,1,0,140.82913208007812,19929.json,NotBuggy
7,0.8447561860084534,2,4,112.35448455810547,16025.json,NotBuggy
4,0.7256754636764526,1,0,125.27178192138672,22026.json,NotBuggy
3,0.8206725120544434,1,0,133.59722900390625,9800.json,NotBuggy
3,0.8152434825897217,1,0,133.59722900390625,23509.json,NotBuggy
19,0.018834766000509262,1,15,91.28611755371094,2462.json,NotBuggy
3,0.8353855013847351,1,0,133.59722900390625,21036.json,NotBuggy
3,0.2709706425666809,1,2,128.62307739257812,15243.json,NotBuggy
3,0.3617153465747833,1,2,129.47398376464844,2474.json,NotBuggy
4,0.4859175980091095,1,0,125.64796447753906,4533.json,NotBuggy
16,4.5337696792557836E-4,4,17,91.63887786865234,8420.json,NotBuggy
3,0.9381090402603149,1,0,133.59722900390625,476.json,NotBuggy
3,0.029354941099882126,1,2,126.78704833984375,12105.json,NotBuggy
3,0.10116463154554367,1,2,128.50894165039062,16983.json,NotBuggy
12,4.047325055580586E-4,5,13,97.43145751953125,3522.json,NotBuggy
3,0.9246141314506531,1,0,132.4454345703125,1071.json,NotBuggy
3,0.35903599858283997,1,0,130.57513427734375,4140.json,NotBuggy
21,6.960597238503397E-4,5,6,85.92383575439453,12394.json,NotBuggy
4,0.001978330546990037,1,0,125.27178192138672,4638.json,NotBuggy
9,0.35992926359176636,3,3,105.70036315917969,7986.json,NotBuggy
3,0.11838443577289581,1,0,133.59722900390625,23378.json,NotBuggy
3,0.9165305495262146,1,0,133.59722900390625,1289.json,NotBuggy
3,0.17249059677124023,1,0,133.59722900390625,9790.json,NotBuggy
3,0.6759747862815857,1,0,131.28770446777344,431.json,NotBuggy
7,0.5189977884292603,2,1,111.98090362548828,692.json,NotBuggy
3,0.4546124041080475,1,0,133.59722900390625,9748.json,NotBuggy
8,0.07871292531490326,1,9,108.23262786865234,21066.json,NotBuggy
8,0.002420410281047225,2,7,107.14398193359375,16780.json,NotBuggy
6,0.00314623792655766,1,1,118.35266876220703,5222.json,NotBuggy
3,0.9294750690460205,1,0,133.59722900390625,3040.json,NotBuggy
6,0.10813380032777786,1,4,116.4616928100586,14697.json,NotBuggy
3,0.5094247460365295,1,1,131.43582153320312,5904.json,NotBuggy
5,0.029312921687960625,1,1,122.4339599609375,9227.json,NotBuggy
3,0.7265470027923584,1,0,131.28770446777344,2125.json,NotBuggy
6,0.7885386347770691,2,2,115.32806396484375,19891.json,NotBuggy
21,0.0,7,27,82.697509765625,16291.json,NotBuggy
4,0.7119079828262329,1,0,125.27178192138672,4251.json,NotBuggy
3,0.034155264496803284,1,2,128.0337677001953,6419.json,NotBuggy
8,0.2109525054693222,2,2,109.28429412841797,16626.json,NotBuggy
9,0.0021967964712530375,1,14,103.44116973876953,15890.json,NotBuggy
3,0.7942972779273987,1,0,133.59722900390625,23384.json,NotBuggy
3,0.42967575788497925,1,1,130.30841064453125,11066.json,NotBuggy
3,0.7185266613960266,1,0,133.59722900390625,924.json,NotBuggy
26,0.0,7,17,80.95828247070312,14190.json,NotBuggy
3,0.5630092024803162,1,1,132.25152587890625,1333.json,NotBuggy
4,0.6155672073364258,1,0,125.27178192138672,10741.json,NotBuggy
3,0.24185101687908173,1,1,130.57513427734375,3351.json,NotBuggy
3,0.8152434825897217,1,0,133.59722900390625,23316.json,NotBuggy
3,0.46257033944129944,1,1,129.14646911621094,5910.json,NotBuggy
4,0.33101844787597656,1,0,124.58238983154297,22876.json,NotBuggy
4,0.699010968208313,1,0,125.27178192138672,7970.json,NotBuggy
3,0.45883840322494507,1,2,129.57785034179688,13429.json,NotBuggy
23,0.0,6,29,81.27875518798828,20466.json,NotBuggy
3,0.33215564489364624,2,1,127.71976470947266,9030.json,NotBuggy
8,0.7893646955490112,1,0,111.023681640625,14942.json,NotBuggy
10,0.004515491425991058,4,11,101.25728607177734,2676.json,NotBuggy
3,0.641463041305542,1,2,129.4591827392578,14032.json,NotBuggy
3,0.9558944702148438,1,0,133.59722900390625,23074.json,NotBuggy
3,0.8653420805931091,1,0,131.46876525878906,18400.json,NotBuggy
4,0.33722609281539917,1,0,125.64796447753906,22942.json,NotBuggy
2,0.9971234798431396,1,0,142.4026641845703,8265.json,NotBuggy
3,0.2895031273365021,1,2,129.0215301513672,2839.json,NotBuggy
6,0.0020447426941245794,2,2,113.96991729736328,4383.json,NotBuggy
4,0.7119079828262329,1,0,125.27178192138672,5281.json,NotBuggy
4,0.4209553301334381,1,1,123.96263122558594,12338.json,NotBuggy
25,3.024631005246192E-4,14,10,80.79022216796875,5254.json,NotBuggy
10,0.9643822908401489,3,3,104.4138412475586,14873.json,NotBuggy
9,0.002247893251478672,2,2,104.3133544921875,14132.json,NotBuggy
10,0.07870862632989883,3,4,102.60086059570312,12143.json,NotBuggy
3,0.9169319272041321,1,0,133.59722900390625,20056.json,NotBuggy
3,0.9410332441329956,1,1,133.59722900390625,15884.json,NotBuggy
4,0.5176606774330139,1,2,123.96263122558594,7859.json,NotBuggy
3,0.4045773446559906,1,1,129.7158966064453,1056.json,NotBuggy
8,4.40493255155161E-4,2,4,105.47885131835938,17930.json,NotBuggy
3,0.8636916279792786,1,0,133.59722900390625,11481.json,NotBuggy
3,0.7443475723266602,1,0,131.28770446777344,12196.json,NotBuggy
12,0.10152839124202728,3,5,99.62211608886719,14085.json,NotBuggy
6,0.48254314064979553,2,2,116.5784912109375,17274.json,NotBuggy
3,0.7514155507087708,1,1,130.07347106933594,19032.json,NotBuggy
3,0.9563508033752441,1,0,129.7158966064453,16768.json,NotBuggy
3,0.40797093510627747,1,2,129.47398376464844,12138.json,NotBuggy
4,0.7256754636764526,1,0,125.27178192138672,23287.json,NotBuggy
3,0.9320460557937622,1,0,132.9956512451172,14619.json,NotBuggy
6,0.05966794118285179,2,3,114.34648895263672,1807.json,NotBuggy
4,0.4859175980091095,1,0,125.64796447753906,22956.json,NotBuggy
3,0.6809487342834473,1,1,130.85629272460938,5423.json,NotBuggy
4,0.7882709503173828,2,3,120.41609191894531,15710.json,NotBuggy
2,0.9975274205207825,1,0,142.4026641845703,6576.json,NotBuggy
9,0.005269486457109451,1,9,105.92191314697266,3600.json,NotBuggy
15,0.001053085783496499,3,8,93.99088287353516,13585.json,NotBuggy
3,0.7809128761291504,1,0,133.59722900390625,6168.json,NotBuggy
7,0.08894367516040802,2,5,110.25054931640625,14614.json,NotBuggy
4,0.4843546748161316,1,2,126.33003997802734,15161.json,NotBuggy
16,8.435556082986295E-4,1,17,91.64605712890625,9994.json,NotBuggy
3,0.22081133723258972,1,1,129.0215301513672,9351.json,NotBuggy
2,0.9977049231529236,1,0,142.4026641845703,8177.json,NotBuggy
6,0.2829076647758484,2,5,113.49686431884766,16161.json,NotBuggy
3,0.770124077796936,1,1,132.086669921875,12696.json,NotBuggy
3,0.7156358957290649,1,1,131.9385528564453,4726.json,NotBuggy
4,0.7256754636764526,1,0,125.27178192138672,22122.json,NotBuggy
4,0.7953692078590393,1,0,125.15930938720703,10634.json,NotBuggy
5,0.02288035862147808,1,6,117.9036865234375,14370.json,NotBuggy
4,0.7119079828262329,1,0,125.27178192138672,20976.json,NotBuggy
3,0.8403804898262024,1,0,133.59722900390625,4266.json,NotBuggy
4,0.6413531303405762,1,0,125.27178192138672,21212.json,NotBuggy
3,0.7212031483650208,1,1,132.25152587890625,14680.json,NotBuggy
3,0.10946819931268692,1,0,131.75106811523438,16571.json,NotBuggy
14,0.01035241037607193,4,9,94.93156433105469,4228.json,NotBuggy
4,0.6111534833908081,1,0,125.64796447753906,19719.json,NotBuggy
3,0.6465892195701599,1,2,130.99049377441406,13955.json,NotBuggy
3,0.5196433067321777,1,1,130.07347106933594,3268.json,NotBuggy
3,0.43987032771110535,1,1,130.7338104248047,13036.json,NotBuggy
8,9.535120334476233E-4,2,8,105.5046157836914,5145.json,NotBuggy
12,0.10123991221189499,3,4,99.86888885498047,16223.json,NotBuggy
4,0.4655909240245819,1,3,122.5949478149414,20455.json,NotBuggy
3,0.7812555432319641,1,1,131.1535186767578,14780.json,NotBuggy
2,0.9977049231529236,1,0,142.4026641845703,17326.json,NotBuggy
4,0.8311281204223633,1,0,125.5254898071289,18352.json,NotBuggy
14,0.002591755473986268,3,14,94.93441009521484,2203.json,NotBuggy
5,0.253826379776001,2,3,118.92383575439453,1645.json,NotBuggy
15,0.0011070641921833158,3,18,92.97429656982422,10543.json,NotBuggy
3,0.7553460597991943,1,0,133.59722900390625,13286.json,NotBuggy
5,0.2047405242919922,1,4,117.93550109863281,21175.json,NotBuggy
3,0.894085168838501,2,0,129.14761352539062,20447.json,NotBuggy
4,0.7119079828262329,1,0,125.27178192138672,5113.json,NotBuggy
3,0.546362578868866,1,1,131.75106811523438,5928.json,NotBuggy
7,0.002427642932161689,1,8,109.8218994140625,10243.json,NotBuggy
3,0.19914311170578003,1,1,127.8512954711914,10057.json,NotBuggy
3,0.8537255525588989,1,0,133.59722900390625,10266.json,NotBuggy
5,0.24307087063789368,1,4,118.66690826416016,4373.json,NotBuggy
15,0.031228045001626015,4,5,95.53012084960938,20861.json,NotBuggy
3,0.8710718154907227,1,1,133.18099975585938,16979.json,NotBuggy
3,0.9621713757514954,1,0,133.59722900390625,21753.json,NotBuggy
8,2.34237450058572E-4,2,5,105.60725402832031,3368.json,Buggy
7,0.001600851770490408,2,8,108.34161376953125,14816.json,NotBuggy
3,0.9366804957389832,1,0,132.9956512451172,9089.json,NotBuggy
4,0.6063299179077148,1,0,125.5254898071289,11932.json,NotBuggy
5,0.0562126450240612,2,2,116.4532241821289,2567.json,NotBuggy
4,0.6254518628120422,1,0,125.27178192138672,2543.json,NotBuggy
3,0.029505357146263123,1,2,128.41912841796875,14521.json,NotBuggy
7,0.27478161454200745,1,4,113.21605682373047,20740.json,NotBuggy
3,0.4503607749938965,1,1,131.1535186767578,16415.json,NotBuggy
3,0.25770658254623413,1,1,130.7338104248047,13671.json,NotBuggy
4,0.44840994477272034,1,0,125.64796447753906,2465.json,NotBuggy
3,0.005154967308044434,1,6,125.80547332763672,7190.json,NotBuggy
3,0.5840683579444885,1,0,131.28770446777344,18650.json,NotBuggy
3,0.7528625726699829,1,0,133.59722900390625,19692.json,NotBuggy
3,0.9558944702148438,1,0,133.59722900390625,21300.json,NotBuggy
5,0.33351337909698486,1,3,120.14375305175781,22373.json,NotBuggy
3,0.9294750690460205,1,0,133.59722900390625,1118.json,NotBuggy
3,0.9526811838150024,2,1,127.71109771728516,10166.json,NotBuggy
3,0.5077555179595947,1,0,133.59722900390625,18027.json,NotBuggy
8,0.9291749000549316,2,2,111.82166290283203,816.json,NotBuggy
4,0.7119079828262329,1,0,125.27178192138672,21964.json,NotBuggy
4,0.31608834862709045,1,0,126.04888916015625,6615.json,NotBuggy
3,0.5251336097717285,1,1,130.7338104248047,1138.json,NotBuggy
3,0.0292039904743433,1,1,127.36779022216797,8669.json,NotBuggy
4,0.6039813756942749,1,0,125.27178192138672,22445.json,NotBuggy
4,0.8539752960205078,1,0,125.15930938720703,13053.json,NotBuggy
4,0.5949835181236267,1,1,125.5254898071289,17589.json,NotBuggy
3,0.12754090130329132,1,2,127.51214599609375,4424.json,NotBuggy
6,0.11990568786859512,2,4,113.96991729736328,6586.json,NotBuggy
4,0.8345909118652344,1,0,125.15930938720703,16528.json,NotBuggy
9,1.686538744252175E-4,1,15,102.17986297607422,16026.json,NotBuggy
10,0.7624288201332092,3,3,104.4138412475586,17913.json,NotBuggy
3,0.5058567523956299,1,1,130.7338104248047,6515.json,NotBuggy
4,0.39538782835006714,1,0,125.64796447753906,14965.json,NotBuggy
3,0.7405387759208679,1,0,133.59722900390625,18142.json,NotBuggy
4,0.7044928669929504,1,0,125.27178192138672,20984.json,NotBuggy
8,0.015673702582716942,1,6,108.78804016113281,2395.json,NotBuggy
4,0.7827232480049133,1,0,125.64796447753906,22323.json,NotBuggy
3,0.24401026964187622,1,2,129.69032287597656,11198.json,NotBuggy
3,0.04415041208267212,1,0,130.07347106933594,739.json,NotBuggy
3,0.02737692929804325,1,0,130.18594360351562,16847.json,NotBuggy
9,0.0,1,17,101.82842254638672,1990.json,NotBuggy
6,0.49937915802001953,1,4,116.4460220336914,20944.json,NotBuggy
5,0.5139546394348145,1,2,119.41529846191406,17068.json,NotBuggy
3,0.4552592933177948,1,0,133.59722900390625,20223.json,NotBuggy
4,0.7066498398780823,1,1,125.78216552734375,7926.json,NotBuggy
4,0.3506576418876648,1,1,124.05243682861328,4634.json,NotBuggy
4,0.4757993817329407,1,0,125.64796447753906,12365.json,NotBuggy
4,0.488440603017807,1,0,125.27178192138672,21582.json,NotBuggy
3,0.9381090402603149,1,0,133.59722900390625,21645.json,NotBuggy
6,0.44944337010383606,2,1,116.50606536865234,8752.json,NotBuggy
3,0.7153083682060242,1,0,133.59722900390625,17996.json,NotBuggy
9,0.193891704082489,2,6,105.41561126708984,7886.json,NotBuggy
3,0.7530299425125122,1,1,131.60296630859375,5009.json,NotBuggy
3,0.47414103150367737,1,1,130.45266723632812,15726.json,NotBuggy
3,0.603310227394104,1,1,131.60296630859375,17456.json,NotBuggy
11,0.8131837248802185,3,3,102.36750030517578,10720.json,NotBuggy
3,0.8011308908462524,1,1,132.086669921875,6818.json,NotBuggy
3,0.7761279940605164,1,0,130.70933532714844,15158.json,NotBuggy
15,0.010940720327198505,1,15,95.13400268554688,5241.json,NotBuggy
9,0.42352399230003357,1,2,108.48540496826172,42.json,NotBuggy
9,0.483767032623291,1,4,107.38947296142578,4691.json,NotBuggy
5,0.5502375960350037,1,3,121.18380737304688,1256.json,NotBuggy
3,4.71544626634568E-4,1,2,126.56407165527344,9185.json,NotBuggy
8,0.10063175112009048,2,2,108.55803680419922,8108.json,NotBuggy
4,0.39653879404067993,1,0,125.27178192138672,4519.json,NotBuggy
4,0.0373072549700737,1,2,123.46312713623047,19294.json,NotBuggy
4,0.1692192405462265,1,1,123.19084167480469,18949.json,NotBuggy
3,0.9197314381599426,1,0,133.59722900390625,1449.json,NotBuggy
4,0.7256754636764526,1,0,125.27178192138672,23554.json,NotBuggy
3,0.4203181862831116,1,2,129.57785034179688,11466.json,NotBuggy
3,0.9017634987831116,2,1,128.48287963867188,18921.json,NotBuggy
3,0.9183051586151123,1,0,133.59722900390625,11997.json,NotBuggy
6,0.19126318395137787,1,4,116.80848693847656,16445.json,NotBuggy
21,0.0,3,14,86.13691711425781,10749.json,NotBuggy
3,0.7820137739181519,1,0,131.28770446777344,10840.json,NotBuggy
4,0.4180580973625183,1,0,125.64796447753906,22770.json,NotBuggy
3,0.8896748423576355,1,2,128.712890625,20517.json,NotBuggy
4,0.8908341526985168,1,2,124.92120361328125,848.json,NotBuggy
4,0.4180580973625183,1,0,125.64796447753906,22830.json,NotBuggy
3,0.025591224431991577,1,2,127.68843078613281,6708.json,NotBuggy
4,0.02305774576961994,1,2,122.05010986328125,8729.json,NotBuggy
22,8.563165320083499E-4,2,16,85.86848449707031,9308.json,NotBuggy
3,0.6011773943901062,1,0,131.03103637695312,3318.json,NotBuggy
3,0.13879358768463135,1,2,128.8092498779297,16372.json,NotBuggy
6,0.8574046492576599,1,2,115.79517364501953,8005.json,NotBuggy
6,0.34790921211242676,1,4,115.95040893554688,10015.json,NotBuggy
2,0.9977049231529236,1,0,142.4026641845703,17102.json,NotBuggy
3,0.5922935605049133,1,1,130.7338104248047,22317.json,NotBuggy
3,0.6171518564224243,1,0,131.46876525878906,15031.json,NotBuggy
4,0.49624398350715637,1,0,125.64796447753906,21234.json,NotBuggy
7,0.05450214073061943,2,6,111.41206359863281,5512.json,NotBuggy
3,0.0575866736471653,1,1,128.60531616210938,1378.json,NotBuggy
8,0.0026356587186455727,1,5,110.39348602294922,4008.json,NotBuggy
3,0.390351802110672,1,0,133.59722900390625,3472.json,NotBuggy
3,0.8314987421035767,1,2,128.712890625,20518.json,NotBuggy
3,0.9101242423057556,1,0,132.25152587890625,6037.json,NotBuggy
6,0.05047733336687088,1,4,114.17474365234375,20321.json,NotBuggy
3,0.0013937059557065368,1,2,127.26919555664062,10152.json,NotBuggy
3,0.8189057111740112,1,0,133.59722900390625,22061.json,NotBuggy
3,0.6677564978599548,1,1,132.086669921875,7086.json,NotBuggy
4,0.7119079828262329,1,0,125.27178192138672,22078.json,NotBuggy
6,0.863250732421875,1,0,117.0948257446289,14877.json,NotBuggy
8,0.07663894444704056,3,2,109.72416687011719,2589.json,NotBuggy
3,0.9558944702148438,1,0,133.59722900390625,23310.json,NotBuggy
3,0.9075794219970703,1,0,133.59722900390625,19693.json,NotBuggy
4,0.3759344518184662,1,0,125.64796447753906,5653.json,NotBuggy
8,0.10696792602539062,2,3,109.13993835449219,12886.json,NotBuggy
3,0.8988258242607117,1,0,131.1535186767578,12305.json,NotBuggy
19,0.001051350380294025,1,16,91.17069244384766,3353.json,NotBuggy
5,0.7946184873580933,2,1,121.30742645263672,13022.json,NotBuggy
3,0.9427116513252258,1,0,133.59722900390625,9597.json,NotBuggy
3,0.9169319272041321,1,0,133.59722900390625,16069.json,NotBuggy
20,0.0,1,16,86.91532897949219,5529.json,NotBuggy
3,0.3262852132320404,1,0,133.59722900390625,4639.json,NotBuggy
3,0.8854876160621643,1,0,134.26058959960938,11995.json,NotBuggy
3,0.9060797095298767,1,0,133.59722900390625,15857.json,NotBuggy
3,0.05063558369874954,1,1,128.1235809326172,1382.json,NotBuggy
3,0.5730317234992981,1,1,130.99049377441406,1751.json,NotBuggy
3,0.039920512586832047,1,0,127.51214599609375,94.json,NotBuggy
3,5.226472858339548E-4,1,6,125.74249267578125,2369.json,NotBuggy
3,0.8853198885917664,1,0,133.59722900390625,9571.json,NotBuggy
3,0.2343444526195526,1,2,128.712890625,1770.json,NotBuggy
6,5.444319685921073E-4,1,11,110.67182922363281,3820.json,NotBuggy
3,0.9320460557937622,1,0,132.9956512451172,14547.json,NotBuggy
4,0.12600423395633698,1,1,126.04888916015625,17487.json,NotBuggy
3,0.7922855019569397,1,1,133.80813598632812,5608.json,NotBuggy
14,0.027636300772428513,2,6,95.92361450195312,13930.json,NotBuggy
8,0.15075071156024933,2,4,108.80433654785156,1052.json,NotBuggy
4,0.07602155953645706,1,1,123.67467498779297,17164.json,NotBuggy
7,0.06127764284610748,1,8,109.95105743408203,19959.json,NotBuggy
3,0.8847091794013977,1,0,130.57513427734375,977.json,NotBuggy
4,0.7044928669929504,1,0,125.27178192138672,21748.json,NotBuggy
7,0.12032745778560638,2,3,111.7208480834961,3581.json,NotBuggy
5,0.0,1,9,115.68305969238281,5166.json,NotBuggy
3,0.2549934387207031,1,2,129.34671020507812,16368.json,NotBuggy
3,0.013665220700204372,1,2,128.22288513183594,4562.json,NotBuggy
10,0.4431692361831665,3,2,104.44636535644531,308.json,NotBuggy
3,0.9294750690460205,1,0,133.59722900390625,3067.json,NotBuggy
7,0.5399472117424011,2,2,113.63807678222656,17514.json,NotBuggy
3,0.898770809173584,1,0,133.59722900390625,9599.json,NotBuggy
25,0.0034908587113022804,10,10,81.24398803710938,19678.json,NotBuggy
3,0.9457477331161499,1,0,133.59722900390625,13627.json,NotBuggy
3,0.4491942822933197,1,1,129.93223571777344,11690.json,NotBuggy
4,0.00233321450650692,1,3,120.71138763427734,7124.json,NotBuggy
4,0.9711373448371887,1,1,124.1488037109375,8500.json,NotBuggy
3,0.7656599879264832,1,0,131.9385528564453,2080.json,NotBuggy
4,0.7119079828262329,1,0,125.27178192138672,22147.json,NotBuggy
5,0.9329057335853577,1,0,122.03304290771484,16617.json,Buggy
4,0.5826449990272522,1,1,125.78216552734375,10659.json,NotBuggy
4,0.5490197539329529,1,0,125.27178192138672,10812.json,NotBuggy
4,0.0014263979392126203,1,7,118.35301971435547,2499.json,NotBuggy
3,0.585677981376648,1,2,129.47398376464844,6298.json,NotBuggy
7,0.8001153469085693,2,2,114.36758422851562,17851.json,NotBuggy
7,0.02445761114358902,1,6,111.28950500488281,4493.json,NotBuggy
3,0.5728468298912048,1,0,131.03103637695312,3321.json,NotBuggy
5,0.3821055293083191,1,1,120.96249389648438,1725.json,NotBuggy
5,0.621130645275116,1,0,120.03731536865234,13062.json,NotBuggy
4,0.5497815608978271,1,0,125.64796447753906,12616.json,NotBuggy
6,0.587177038192749,2,3,115.33042907714844,17085.json,NotBuggy
4,0.11206100136041641,1,2,122.27970123291016,1656.json,NotBuggy
9,0.03865409269928932,3,4,105.75300598144531,22219.json,NotBuggy
7,4.86444536363706E-4,2,3,110.2630386352539,8015.json,NotBuggy
6,0.4848780333995819,1,2,114.97969055175781,7013.json,NotBuggy
5,0.00467357411980629,1,3,118.07797241210938,8333.json,NotBuggy
23,0.0011995629174634814,1,25,85.63861083984375,2368.json,NotBuggy
4,0.7840967774391174,1,0,125.5254898071289,13051.json,NotBuggy
3,0.42245766520500183,1,1,129.7158966064453,20242.json,NotBuggy
9,0.005951021797955036,3,6,105.32933044433594,3490.json,NotBuggy
4,0.5539411306381226,1,1,123.37702178955078,13985.json,NotBuggy
3,0.8152434825897217,1,0,133.59722900390625,23344.json,NotBuggy
33,1.0132998431799933E-4,7,25,74.38179016113281,20807.json,NotBuggy
8,0.04610007628798485,2,1,108.23919677734375,9187.json,NotBuggy
3,0.010069519281387329,1,4,128.50894165039062,9936.json,NotBuggy
18,0.002385333413258195,3,17,88.39717102050781,16794.json,NotBuggy
7,0.10899896919727325,2,5,110.7552719116211,5220.json,NotBuggy
4,0.7044928669929504,1,0,125.27178192138672,3048.json,NotBuggy
3,0.7212031483650208,1,1,132.25152587890625,14849.json,NotBuggy
4,0.8521144390106201,1,0,125.5254898071289,12182.json,NotBuggy
3,0.9887856841087341,1,1,129.7158966064453,3122.json,NotBuggy
4,0.4828765392303467,1,0,125.64796447753906,11819.json,NotBuggy
3,0.8830296397209167,1,0,133.59722900390625,23385.json,NotBuggy
3,0.6679709553718567,1,1,130.99049377441406,8463.json,NotBuggy
10,0.8775166869163513,3,3,104.4138412475586,17814.json,NotBuggy
3,0.526275098323822,1,2,131.43582153320312,7314.json,NotBuggy
3,0.7160787582397461,1,0,133.59722900390625,10184.json,NotBuggy
4,0.4859175980091095,1,0,125.64796447753906,2453.json,NotBuggy
3,0.7475342154502869,1,0,132.9956512451172,4600.json,NotBuggy
4,0.10290557891130447,1,2,122.14535522460938,10164.json,NotBuggy
3,0.8879971504211426,1,0,133.59722900390625,7299.json,NotBuggy
7,0.03220881149172783,1,6,110.23165893554688,4018.json,Buggy
3,0.43362846970558167,1,1,130.05470275878906,10546.json,NotBuggy
19,9.729683515615761E-4,5,12,87.97512817382812,14108.json,NotBuggy
3,0.6559767723083496,1,0,133.59722900390625,10566.json,NotBuggy
4,0.5646633505821228,1,1,124.81353759765625,1306.json,NotBuggy
3,0.9346750378608704,1,0,133.59722900390625,22722.json,NotBuggy
4,0.10438115149736404,1,6,121.47811889648438,8717.json,NotBuggy
3,0.5651270747184753,1,1,129.81976318359375,14278.json,NotBuggy
3,0.8576990962028503,1,0,133.59722900390625,10625.json,NotBuggy
6,8.159134304150939E-4,1,3,113.69478607177734,14703.json,NotBuggy
3,0.8407565355300903,1,0,133.59722900390625,18381.json,NotBuggy
4,0.0,2,2,118.31848907470703,19192.json,NotBuggy
3,0.29926541447639465,1,0,133.59722900390625,9827.json,NotBuggy
6,0.05199015513062477,1,1,115.57682037353516,16915.json,NotBuggy
3,0.8853198885917664,1,0,133.59722900390625,12027.json,NotBuggy
3,0.6692811846733093,1,1,131.28770446777344,20594.json,NotBuggy
8,0.012592148967087269,1,8,108.65271759033203,21287.json,NotBuggy
4,0.6067095398902893,1,0,125.64796447753906,23245.json,NotBuggy
7,0.9207407236099243,1,0,113.63934326171875,16512.json,NotBuggy
14,1.7747061792761087E-4,4,9,92.057373046875,6431.json,NotBuggy
4,0.5421223044395447,1,0,125.64796447753906,4952.json,NotBuggy
3,0.8983809351921082,1,0,133.59722900390625,21719.json,NotBuggy
3,0.1869194507598877,1,2,128.2562713623047,18193.json,NotBuggy
4,0.6199536323547363,1,0,125.64796447753906,11317.json,NotBuggy
2,0.99614018201828,1,0,142.4026641845703,8885.json,NotBuggy
3,0.8531906008720398,1,0,133.59722900390625,10218.json,NotBuggy
4,0.6119248867034912,1,0,125.64796447753906,11095.json,NotBuggy
4,0.7256754636764526,1,0,125.27178192138672,21992.json,NotBuggy
3,0.6213980913162231,1,0,131.91592407226562,18469.json,NotBuggy
6,0.044161345809698105,1,4,113.39401245117188,10260.json,NotBuggy
4,0.014825813472270966,1,2,122.93054962158203,12303.json,NotBuggy
7,0.0,2,14,108.05754089355469,14135.json,NotBuggy
3,0.00929961260408163,1,2,127.17654418945312,5046.json,NotBuggy
3,0.9346750378608704,1,0,133.59722900390625,7033.json,NotBuggy
4,0.858806848526001,1,2,125.91468811035156,17181.json,NotBuggy
8,0.0024778323713690042,2,7,107.14398193359375,16714.json,NotBuggy
4,0.4859175980091095,1,0,125.64796447753906,23027.json,NotBuggy
3,0.8682249188423157,1,0,133.59722900390625,10089.json,NotBuggy
10,0.6119183301925659,3,0,104.86737060546875,18998.json,NotBuggy
3,0.0026485470589250326,1,1,128.91311645507812,19280.json,NotBuggy
3,0.7162013053894043,1,0,133.59722900390625,6605.json,NotBuggy
3,0.32393935322761536,1,2,129.93223571777344,19319.json,NotBuggy
3,0.6988742351531982,1,0,133.59722900390625,10619.json,NotBuggy
3,0.907359778881073,1,0,133.59722900390625,5185.json,NotBuggy
3,0.6653468608856201,1,0,132.4454345703125,8639.json,NotBuggy
3,0.36064037680625916,1,0,131.46876525878906,7130.json,NotBuggy
7,0.0018917308188974857,1,8,110.24336242675781,3572.json,NotBuggy
7,0.35834088921546936,1,3,112.91670227050781,18264.json,NotBuggy
4,0.01443171501159668,1,5,120.41500854492188,17361.json,NotBuggy
4,0.7119079828262329,1,0,125.27178192138672,15553.json,NotBuggy
3,0.8221777677536011,1,0,131.9385528564453,18953.json,NotBuggy
7,0.8000134825706482,2,0,114.95689392089844,1243.json,NotBuggy
3,0.48130378127098083,1,1,130.85629272460938,8267.json,NotBuggy
3,0.6366093158721924,1,1,130.99049377441406,20865.json,NotBuggy
5,0.010478765703737736,1,3,117.59877014160156,3925.json,NotBuggy
5,0.4081372618675232,2,2,119.52839660644531,11938.json,NotBuggy
3,0.6972551345825195,1,0,133.59722900390625,18647.json,NotBuggy
6,0.2151888906955719,2,3,115.25157928466797,17086.json,NotBuggy
12,9.144064970314503E-4,1,18,96.41729736328125,16233.json,NotBuggy
3,0.8853198885917664,1,0,133.59722900390625,22753.json,NotBuggy
4,0.8605359792709351,1,2,125.15930938720703,531.json,NotBuggy
3,0.9282163977622986,1,0,133.59722900390625,14649.json,NotBuggy
7,0.11346395313739777,3,2,111.61924743652344,2093.json,NotBuggy
4,0.5536375641822815,1,0,125.0554428100586,1639.json,NotBuggy
4,0.7119079828262329,1,0,125.27178192138672,21051.json,NotBuggy
4,0.6737094521522522,1,0,125.64796447753906,22231.json,NotBuggy
4,0.36459293961524963,1,0,125.64796447753906,21820.json,NotBuggy
4,0.052024174481630325,1,3,120.82833862304688,6584.json,NotBuggy
3,0.9558944702148438,1,0,133.59722900390625,4252.json,NotBuggy
3,0.5711303949356079,1,1,131.28770446777344,1561.json,NotBuggy
4,0.578288197517395,1,1,124.81353759765625,15957.json,NotBuggy
17,1.2534571578726172E-4,2,17,89.7737045288086,5534.json,NotBuggy
3,0.5407700538635254,1,1,130.7338104248047,8099.json,NotBuggy
13,0.0058778696693480015,4,6,96.68436431884766,4045.json,Buggy
4,0.2661433815956116,1,4,120.7301254272461,8490.json,NotBuggy
4,0.25919660925865173,1,1,123.56243133544922,15944.json,NotBuggy
8,0.016611259430646896,1,8,106.04441833496094,7736.json,NotBuggy
3,0.19638918340206146,1,2,129.81280517578125,16969.json,NotBuggy
4,0.6254704594612122,1,0,125.27178192138672,22502.json,NotBuggy
3,0.6284272074699402,1,1,131.43582153320312,13682.json,NotBuggy
3,0.6425837278366089,1,1,130.18594360351562,8037.json,NotBuggy
3,0.9009784460067749,1,0,133.59722900390625,16457.json,NotBuggy
3,0.024123942479491234,1,1,128.60531616210938,8466.json,NotBuggy
3,0.005723226815462112,1,2,129.0215301513672,17988.json,NotBuggy
23,0.0017393265152350068,1,25,85.76001739501953,2363.json,NotBuggy
7,0.4544640779495239,2,2,109.95569610595703,20041.json,NotBuggy
3,0.8983809351921082,1,0,133.59722900390625,21241.json,NotBuggy
9,0.23738940060138702,2,5,105.99913024902344,2888.json,NotBuggy
3,0.9020679593086243,1,0,133.59722900390625,14011.json,NotBuggy
3,0.027639519423246384,1,2,128.50894165039062,3938.json,NotBuggy
10,0.004130235873162746,2,9,101.37349700927734,9153.json,NotBuggy
3,0.08816377818584442,1,0,133.59722900390625,5573.json,NotBuggy
6,0.485541433095932,2,1,115.10722351074219,18123.json,NotBuggy
6,0.7361848950386047,2,1,117.14632415771484,18116.json,NotBuggy
3,0.8152434825897217,1,0,133.59722900390625,4520.json,NotBuggy
8,0.03617769479751587,3,3,108.50796508789062,17702.json,NotBuggy
4,0.8000592589378357,1,0,125.5254898071289,10321.json,NotBuggy
4,0.18472860753536224,2,2,120.2394790649414,565.json,NotBuggy
3,0.9453429579734802,1,0,132.9956512451172,14367.json,NotBuggy
5,0.3772275149822235,2,0,119.52839660644531,8648.json,NotBuggy
3,0.528989851474762,1,1,131.91592407226562,1671.json,NotBuggy
3,0.8152434825897217,1,0,133.59722900390625,21306.json,NotBuggy
3,0.9483106732368469,1,0,131.28770446777344,13756.json,NotBuggy
3,0.9621713757514954,1,0,133.59722900390625,21743.json,NotBuggy
4,0.5246368646621704,1,0,125.64796447753906,12702.json,NotBuggy
3,0.8433163166046143,1,0,133.59722900390625,3930.json,NotBuggy
4,0.7119079828262329,1,0,125.27178192138672,23259.json,NotBuggy
3,0.7669491171836853,1,0,133.59722900390625,7084.json,NotBuggy
4,0.7064889073371887,1,0,125.64796447753906,9708.json,NotBuggy
4,0.7119079828262329,1,0,125.27178192138672,15573.json,NotBuggy
4,0.7119079828262329,1,0,125.27178192138672,23349.json,NotBuggy
4,0.0639227107167244,1,1,124.36514282226562,10814.json,NotBuggy
3,0.8763893246650696,1,0,131.9385528564453,15604.json,NotBuggy
3,0.8537255525588989,1,0,133.59722900390625,21779.json,NotBuggy
3,0.8446506261825562,1,0,133.59722900390625,17818.json,NotBuggy
3,0.16062121093273163,1,1,130.18594360351562,10228.json,NotBuggy
3,0.06950393319129944,1,1,129.2428436279297,14093.json,NotBuggy
3,0.8641186952590942,1,0,132.43687438964844,5129.json,NotBuggy
3,0.9165305495262146,1,0,133.59722900390625,20106.json,NotBuggy
8,0.0038693533279001713,2,8,106.67092895507812,16859.json,NotBuggy
4,0.8224115967750549,1,3,122.85169219970703,6034.json,Buggy
3,0.2755846083164215,1,2,128.62307739257812,1787.json,NotBuggy
9,0.04007827118039131,1,3,105.39263916015625,13149.json,NotBuggy
4,0.4859175980091095,1,0,125.64796447753906,4628.json,NotBuggy
4,0.7769862413406372,1,0,125.64796447753906,16020.json,NotBuggy
3,0.8763893246650696,1,0,131.9385528564453,23126.json,NotBuggy
5,6.79604709148407E-4,1,3,118.5980453491211,11721.json,NotBuggy
3,0.546362578868866,1,1,131.75106811523438,5920.json,NotBuggy
10,0.6788656711578369,3,2,104.4138412475586,135.json,NotBuggy
4,0.6540771722793579,1,1,125.02987670898438,7917.json,NotBuggy
3,0.9320460557937622,1,0,132.9956512451172,14482.json,NotBuggy
3,0.16062121093273163,1,1,130.18594360351562,10330.json,NotBuggy
3,0.8542589545249939,1,0,133.59722900390625,10656.json,NotBuggy
3,0.5325613021850586,1,0,131.28770446777344,11.json,NotBuggy
3,0.32201462984085083,1,0,131.9385528564453,18914.json,NotBuggy
3,0.07882802188396454,1,3,127.43789672851562,12377.json,NotBuggy
4,0.7112906575202942,1,0,125.27178192138672,13087.json,NotBuggy
13,0.010214223526418209,3,10,95.94609069824219,20168.json,Buggy
3,0.8763893246650696,1,0,131.9385528564453,4071.json,NotBuggy
3,0.9020679593086243,1,0,133.59722900390625,2189.json,NotBuggy
3,0.2622379660606384,1,2,130.18890380859375,19457.json,NotBuggy
3,0.9294750690460205,1,0,133.59722900390625,3065.json,NotBuggy
5,0.006995419040322304,1,5,117.7408218383789,12891.json,NotBuggy
14,3.1640264205634594E-4,2,14,94.85049438476562,6853.json,NotBuggy
3,0.7074556946754456,1,0,131.28770446777344,12660.json,NotBuggy
8,0.13475529849529266,3,4,108.32803344726562,6340.json,NotBuggy
3,0.7370069026947021,1,1,132.25152587890625,12810.json,NotBuggy
9,0.02922935038805008,2,7,106.17925262451172,7192.json,NotBuggy
8,0.0034335642121732235,1,9,107.9839096069336,22134.json,NotBuggy
11,0.3575277328491211,2,5,102.58463287353516,19797.json,NotBuggy
14,0.0025328497868031263,7,10,94.7138900756836,15102.json,NotBuggy
4,0.7258338332176208,1,0,125.27178192138672,11542.json,NotBuggy
3,0.34145256876945496,1,0,130.57513427734375,91.json,NotBuggy
3,0.8763718605041504,1,0,133.59722900390625,12996.json,NotBuggy
5,0.2953094244003296,1,3,119.41305541992188,2877.json,NotBuggy
7,0.003597039030864835,2,3,111.05950927734375,793.json,NotBuggy
5,0.8075008988380432,1,2,119.66572570800781,17339.json,NotBuggy
12,1.8750474555417895E-4,2,25,95.60655975341797,3908.json,NotBuggy
9,0.1460968255996704,1,4,106.56111145019531,9721.json,NotBuggy
11,0.0,2,10,99.42598724365234,1640.json,NotBuggy
3,1.3534523895941675E-4,1,4,126.58445739746094,15998.json,NotBuggy
9,0.027496252208948135,2,4,106.19174194335938,5178.json,NotBuggy
12,0.2361413836479187,2,12,98.72406768798828,3866.json,NotBuggy
3,0.7842153906822205,1,1,130.85629272460938,5073.json,NotBuggy
4,0.0028891691472381353,1,0,125.27178192138672,11921.json,NotBuggy
3,0.8152434825897217,1,0,133.59722900390625,23336.json,NotBuggy
3,0.9320460557937622,1,0,132.9956512451172,14457.json,NotBuggy
9,0.028296729549765587,3,4,106.25825500488281,3489.json,NotBuggy
3,0.9294750690460205,1,0,133.59722900390625,14696.json,NotBuggy
5,0.006575827952474356,1,2,116.86970520019531,9318.json,NotBuggy
10,3.056895511690527E-4,1,13,101.60350036621094,17486.json,NotBuggy
3,0.8747538924217224,1,0,134.26058959960938,14994.json,NotBuggy
4,0.6041183471679688,1,0,125.64796447753906,1007.json,NotBuggy
3,0.9745560884475708,1,0,133.59722900390625,20606.json,NotBuggy
3,0.11421850323677063,1,0,129.47398376464844,18642.json,NotBuggy
9,0.0026867263950407505,2,7,103.59652709960938,13234.json,NotBuggy
6,0.007510381285101175,2,3,113.98735046386719,20655.json,NotBuggy
4,0.43857327103614807,1,3,123.56243133544922,4621.json,NotBuggy
3,0.9381090402603149,1,0,133.59722900390625,23098.json,NotBuggy
10,0.011332877911627293,1,11,102.5045166015625,15891.json,NotBuggy
3,0.2979017496109009,1,1,130.18890380859375,14938.json,NotBuggy
13,0.015954630449414253,4,5,97.45789337158203,19630.json,NotBuggy
4,0.7256754636764526,1,0,125.27178192138672,22715.json,NotBuggy
6,0.009919101372361183,1,1,118.35266876220703,17474.json,NotBuggy
4,0.502638578414917,1,0,125.64796447753906,21206.json,NotBuggy
23,0.0,1,85,80.80729675292969,7767.json,NotBuggy
4,0.4500204920768738,1,0,125.64796447753906,3958.json,NotBuggy
8,0.01162470318377018,1,8,108.04351806640625,9729.json,NotBuggy
3,0.9427116513252258,1,0,133.59722900390625,12436.json,NotBuggy
5,0.023533493280410767,1,3,118.17041015625,1562.json,NotBuggy
4,0.49417054653167725,1,0,125.64796447753906,12065.json,NotBuggy
5,0.7214063405990601,1,0,118.88809204101562,1082.json,NotBuggy
4,0.5648066401481628,1,0,125.64796447753906,11821.json,NotBuggy
3,0.008831863291561604,1,1,127.61418151855469,17315.json,NotBuggy
4,0.6964060664176941,1,0,125.64796447753906,1737.json,NotBuggy
3,0.8814632296562195,1,0,133.59722900390625,12711.json,NotBuggy
3,0.21642084419727325,1,1,130.45266723632812,14199.json,NotBuggy
4,0.33143138885498047,1,0,125.64796447753906,23165.json,NotBuggy
16,0.0,3,17,90.38296508789062,8550.json,NotBuggy
7,0.0219280943274498,2,1,111.6148452758789,1242.json,NotBuggy
4,0.7119079828262329,1,0,125.27178192138672,4968.json,NotBuggy
7,0.01397277507930994,2,5,109.7632064819336,4262.json,NotBuggy
9,0.015172638930380344,2,4,105.2471923828125,8886.json,NotBuggy
3,0.001739130588248372,1,1,128.4090576171875,11631.json,NotBuggy
12,0.02480318397283554,2,10,98.17487335205078,7995.json,NotBuggy
4,0.003427110845223069,1,3,121.27667999267578,86.json,NotBuggy
4,0.7119079828262329,1,0,125.27178192138672,4529.json,NotBuggy
11,0.12128211557865143,3,12,100.7795181274414,3288.json,NotBuggy
4,0.4695381820201874,1,0,125.64796447753906,12049.json,NotBuggy
3,0.10151797533035278,1,2,128.50894165039062,16908.json,NotBuggy
15,0.015656739473342896,2,21,92.71788787841797,5263.json,NotBuggy
3,0.18692919611930847,1,1,129.14646911621094,14315.json,NotBuggy
2,0.9804085493087769,1,0,139.56419372558594,19107.json,NotBuggy
4,0.6074420809745789,1,0,125.27178192138672,18435.json,NotBuggy
7,0.01708052307367325,1,6,109.89938354492188,3610.json,NotBuggy
3,0.7198001742362976,1,1,132.25152587890625,5514.json,NotBuggy
15,0.04511331766843796,1,11,94.30338287353516,4524.json,NotBuggy
9,0.8784132599830627,1,0,107.0891342163086,10595.json,NotBuggy
7,0.0327957458794117,1,7,110.2835922241211,6339.json,NotBuggy
17,0.0,7,16,89.10713195800781,4750.json,NotBuggy
4,0.7651572823524475,2,2,122.21184539794922,8072.json,NotBuggy
8,0.07279408723115921,1,5,110.82112884521484,4022.json,NotBuggy
9,0.0019766725599765778,1,10,105.69071960449219,21846.json,NotBuggy
3,0.6377588510513306,1,0,131.9385528564453,15548.json,NotBuggy
4,0.7119079828262329,1,0,125.27178192138672,21972.json,NotBuggy
13,0.0,2,8,96.42701721191406,12262.json,NotBuggy
3,0.02126338705420494,1,1,126.87217712402344,5399.json,NotBuggy
7,0.38620105385780334,1,4,113.13507080078125,11813.json,NotBuggy
3,0.5014104247093201,1,2,128.91311645507812,3370.json,NotBuggy
3,0.43383127450942993,1,1,130.7338104248047,17119.json,NotBuggy
4,0.4859175980091095,1,0,125.64796447753906,21968.json,NotBuggy
3,0.17299909889698029,1,1,131.43582153320312,5902.json,NotBuggy
4,0.6120736598968506,1,1,124.81353759765625,15953.json,NotBuggy
3,8.090605842880905E-4,1,3,126.21087646484375,5245.json,NotBuggy
3,0.19130532443523407,1,1,130.18594360351562,1799.json,NotBuggy
3,0.9381090402603149,1,0,133.59722900390625,22797.json,NotBuggy
3,0.8763893246650696,1,0,131.9385528564453,15552.json,NotBuggy
3,0.9165305495262146,1,0,133.59722900390625,11768.json,NotBuggy
25,0.0,7,21,81.5626449584961,16709.json,NotBuggy
3,0.1435546576976776,1,1,130.18594360351562,6388.json,NotBuggy
4,0.45179614424705505,1,0,125.64796447753906,21210.json,NotBuggy
6,0.010863905772566795,1,6,112.58138275146484,2454.json,NotBuggy
8,0.8787299394607544,2,1,110.66998291015625,818.json,NotBuggy
17,0.041749995201826096,5,7,90.88871002197266,1053.json,NotBuggy
4,0.5856777429580688,1,0,125.64796447753906,12328.json,NotBuggy
3,0.9294750690460205,1,0,133.59722900390625,3193.json,NotBuggy
3,0.4138157069683075,1,0,131.1535186767578,6814.json,NotBuggy
3,0.8537255525588989,1,0,133.59722900390625,21835.json,NotBuggy
3,0.613985538482666,1,0,131.91592407226562,13814.json,NotBuggy
3,0.9381090402603149,1,0,133.59722900390625,3042.json,NotBuggy
3,0.8505144715309143,1,0,133.59722900390625,1451.json,NotBuggy
7,0.0013794811675325036,1,6,109.2952880859375,4361.json,NotBuggy
16,0.04272861033678055,3,10,93.31685638427734,17211.json,NotBuggy
3,0.8763893246650696,1,0,131.9385528564453,15574.json,NotBuggy
6,0.11297618597745895,2,5,113.8475570678711,6426.json,NotBuggy
3,0.9457477331161499,1,0,133.59722900390625,18354.json,NotBuggy
6,0.0035027111880481243,2,5,112.49945068359375,15137.json,NotBuggy
11,0.023189982399344444,1,7,103.39279174804688,4374.json,NotBuggy
22,0.0025330176576972008,1,17,87.31871032714844,2619.json,NotBuggy
23,3.838692500721663E-4,5,7,82.35881042480469,14168.json,NotBuggy
4,0.7410493493080139,1,0,125.64796447753906,6751.json,NotBuggy
4,0.5981369018554688,1,0,125.64796447753906,9893.json,NotBuggy
4,0.6988435983657837,1,0,125.27178192138672,20882.json,NotBuggy
11,0.03787637874484062,3,9,100.50048828125,2590.json,NotBuggy
18,0.0,5,11,88.00762939453125,20656.json,NotBuggy
14,1.4162284787744284E-4,3,13,94.38399505615234,5080.json,Buggy
3,0.5876249074935913,1,1,130.57513427734375,643.json,NotBuggy
3,0.8703395128250122,1,0,133.59722900390625,16531.json,NotBuggy
3,0.8721758723258972,1,1,131.75106811523438,13717.json,NotBuggy
3,0.9181898236274719,1,0,133.59722900390625,4997.json,NotBuggy
4,0.4859175980091095,1,0,125.64796447753906,21774.json,NotBuggy
4,0.7183583974838257,1,1,125.64796447753906,11749.json,NotBuggy
3,0.8537255525588989,1,0,133.59722900390625,21833.json,NotBuggy
15,0.00978253223001957,3,11,93.9882583618164,8140.json,NotBuggy
3,0.7965443134307861,1,0,133.59722900390625,10637.json,NotBuggy
3,0.40444356203079224,1,1,130.30841064453125,11755.json,NotBuggy
14,0.0,1,23,92.742919921875,4847.json,NotBuggy
11,0.5037663578987122,2,2,101.52906036376953,18311.json,NotBuggy
3,0.7775694727897644,1,0,133.59722900390625,14230.json,NotBuggy
3,0.7074445486068726,1,0,133.59722900390625,8995.json,NotBuggy
3,0.5967758297920227,1,0,129.37762451171875,3481.json,NotBuggy
8,2.2967802942730486E-4,1,11,106.89742279052734,7191.json,NotBuggy
5,0.6210731267929077,1,1,120.85002136230469,22303.json,NotBuggy
4,0.6544510722160339,1,0,125.64796447753906,502.json,NotBuggy
3,0.7965443134307861,1,0,133.59722900390625,10794.json,NotBuggy
3,0.9280931949615479,1,0,133.59722900390625,4616.json,NotBuggy
3,0.8385810852050781,1,0,131.9385528564453,23569.json,NotBuggy
3,0.8582584857940674,1,0,133.59722900390625,4483.json,NotBuggy
4,0.8851817846298218,1,0,124.91740417480469,12476.json,NotBuggy
15,0.023973405361175537,3,6,93.64545440673828,20280.json,NotBuggy
8,0.04377466440200806,1,1,109.4823989868164,7883.json,NotBuggy
3,0.9060057401657104,1,0,133.59722900390625,22487.json,NotBuggy
4,0.7151249647140503,1,0,125.27178192138672,22946.json,NotBuggy
4,0.7256754636764526,1,0,125.27178192138672,23181.json,NotBuggy
3,0.7511166930198669,1,1,130.85629272460938,20750.json,NotBuggy
16,1.553174661239609E-4,5,19,90.08223724365234,19993.json,NotBuggy
3,0.8353855013847351,1,0,133.59722900390625,23198.json,NotBuggy
37,0.0,8,35,72.53836822509766,3731.json,NotBuggy
3,0.9457477331161499,1,0,133.59722900390625,22184.json,NotBuggy
7,0.0,1,11,108.74160766601562,16740.json,NotBuggy
8,0.024411793798208237,1,8,108.42887878417969,21003.json,NotBuggy
3,0.5964993834495544,1,0,131.28770446777344,18327.json,NotBuggy
4,0.48708033561706543,1,3,121.61679077148438,12693.json,NotBuggy
4,0.013156438246369362,1,6,121.78533172607422,12506.json,NotBuggy
3,0.7302274703979492,1,1,130.70933532714844,17197.json,NotBuggy
4,0.44017407298088074,1,0,124.26470947265625,15571.json,NotBuggy
3,0.0016512783477082849,1,4,126.78941345214844,10126.json,NotBuggy
4,0.16380085051059723,1,1,123.75868225097656,585.json,NotBuggy
3,0.8097124099731445,1,0,131.9385528564453,23527.json,NotBuggy
4,0.7119079828262329,1,0,125.27178192138672,20910.json,NotBuggy
3,0.8794088959693909,1,0,131.91592407226562,2539.json,NotBuggy
3,0.5050756931304932,1,1,130.7338104248047,19637.json,NotBuggy
3,0.8763893246650696,1,0,131.9385528564453,2514.json,NotBuggy
5,0.14124947786331177,1,1,119.75839233398438,6667.json,NotBuggy
2,0.9480442404747009,1,0,140.82913208007812,1238.json,NotBuggy
3,0.9320497512817383,1,0,130.45266723632812,16706.json,NotBuggy
4,0.7964959740638733,1,0,125.15930938720703,11981.json,NotBuggy
14,0.0011640028096735477,1,16,94.62409210205078,3208.json,NotBuggy
6,0.6977012753486633,2,0,116.5784912109375,16203.json,NotBuggy
9,0.003922376316040754,3,5,103.62535095214844,18095.json,NotBuggy
3,0.37875351309776306,1,1,129.81976318359375,19605.json,NotBuggy
3,0.1956108957529068,1,2,127.51214599609375,12746.json,NotBuggy
4,0.4056476354598999,1,0,125.64796447753906,22642.json,NotBuggy
10,0.7511674165725708,3,3,104.4138412475586,381.json,NotBuggy
9,0.003432018216699362,1,10,105.60616302490234,21002.json,NotBuggy
3,0.5966199636459351,1,0,133.59722900390625,9086.json,NotBuggy
5,0.11785619705915451,1,2,118.6647720336914,8924.json,NotBuggy
3,0.9109471440315247,1,0,133.59722900390625,10224.json,NotBuggy
10,0.035577982664108276,2,5,101.21837615966797,20006.json,NotBuggy
3,0.0019850910175591707,1,2,126.63631439208984,10154.json,NotBuggy
3,0.9346750378608704,1,0,133.59722900390625,10671.json,NotBuggy
4,0.7331089377403259,1,1,126.4930648803711,18493.json,NotBuggy
4,0.7256754636764526,1,0,125.27178192138672,22896.json,NotBuggy
5,0.0025587808340787888,1,3,117.03116607666016,18233.json,NotBuggy
8,0.004416616167873144,1,10,106.41529083251953,4217.json,Buggy
3,0.2913011610507965,1,0,131.1535186767578,2326.json,NotBuggy
4,0.9756153225898743,1,2,126.77537536621094,19760.json,NotBuggy
24,0.0,6,32,81.58631134033203,4289.json,NotBuggy
4,0.0,1,3,120.30642700195312,2306.json,NotBuggy
3,0.7212031483650208,1,1,132.25152587890625,13775.json,NotBuggy
4,0.060506418347358704,1,2,120.89375305175781,5955.json,NotBuggy
3,0.8403804898262024,1,0,133.59722900390625,3705.json,NotBuggy
3,0.6936225891113281,1,1,132.61029052734375,6760.json,NotBuggy
4,0.7119079828262329,1,0,125.27178192138672,21764.json,NotBuggy
3,0.30370765924453735,1,0,133.59722900390625,9804.json,NotBuggy
3,0.9254065155982971,1,0,133.59722900390625,23435.json,NotBuggy
8,0.08511731773614883,2,4,107.19059753417969,7116.json,NotBuggy
3,0.9381090402603149,1,0,133.59722900390625,2922.json,NotBuggy
12,0.009981228038668633,4,6,97.79005432128906,8690.json,NotBuggy
3,0.11434319615364075,1,2,128.50894165039062,16982.json,NotBuggy
20,6.440798752009869E-4,4,11,86.95624542236328,8291.json,NotBuggy
19,0.0011567951878532767,4,15,86.80046844482422,957.json,NotBuggy
8,0.042640138417482376,1,7,106.77252960205078,9901.json,NotBuggy
4,0.23051150143146515,1,2,124.05243682861328,16393.json,NotBuggy
4,0.7843666076660156,2,2,122.05183410644531,8078.json,NotBuggy
2,0.9801563024520874,1,0,138.03729248046875,2530.json,NotBuggy
3,2.9062130488455296E-4,1,3,126.96322631835938,19026.json,NotBuggy
3,0.8152434825897217,1,0,133.59722900390625,22688.json,NotBuggy
3,0.9320460557937622,1,0,132.9956512451172,14441.json,NotBuggy
4,0.7119079828262329,1,0,125.27178192138672,2955.json,NotBuggy
4,0.013822006061673164,1,2,122.93054962158203,12359.json,NotBuggy
6,0.008627627044916153,2,4,113.73401641845703,8879.json,NotBuggy
6,0.0,2,12,109.93412017822266,14359.json,NotBuggy
11,0.01211652159690857,4,6,100.26597595214844,5424.json,NotBuggy
3,0.40444356203079224,1,1,130.30841064453125,12697.json,NotBuggy
6,0.009633589535951614,2,6,112.30628967285156,15218.json,NotBuggy
4,0.46387723088264465,1,0,125.64796447753906,10102.json,NotBuggy
6,0.1990823596715927,2,5,113.00469970703125,4612.json,NotBuggy
3,0.6246161460876465,1,0,133.59722900390625,15811.json,NotBuggy
8,0.2968459129333496,1,5,110.11405944824219,17208.json,NotBuggy
6,0.3613858222961426,1,3,116.993896484375,20812.json,NotBuggy
3,0.5528250932693481,1,0,133.59722900390625,13391.json,NotBuggy
3,0.08129395544528961,1,2,126.86129760742188,5954.json,NotBuggy
4,0.6100437641143799,1,2,124.58238983154297,15169.json,NotBuggy
30,0.0,1,43,77.24564361572266,5051.json,NotBuggy
3,0.7328953742980957,1,1,130.85629272460938,14499.json,NotBuggy
13,0.025239162147045135,1,11,98.61743927001953,17975.json,NotBuggy
3,0.9181838035583496,1,0,133.59722900390625,2945.json,NotBuggy
3,0.8954918384552002,1,0,132.9956512451172,19697.json,NotBuggy
3,0.39183348417282104,1,1,130.7338104248047,8527.json,NotBuggy
3,0.29530537128448486,1,2,129.69032287597656,12384.json,NotBuggy
4,0.04742126911878586,1,3,123.02798461914062,10810.json,NotBuggy
4,0.5422448515892029,1,0,125.64796447753906,21562.json,NotBuggy
3,0.7312501668930054,1,0,132.4454345703125,648.json,NotBuggy
8,0.029427915811538696,2,5,107.60993957519531,17602.json,NotBuggy
6,0.7605346441268921,1,4,115.56043243408203,2204.json,NotBuggy
7,0.6829153299331665,3,2,110.72028350830078,18910.json,NotBuggy
5,0.5715898871421814,1,1,118.90116882324219,13600.json,NotBuggy
3,0.9666857123374939,1,0,133.59722900390625,20597.json,NotBuggy
3,0.9056594967842102,1,0,132.4454345703125,727.json,NotBuggy
7,0.026690538972616196,2,7,109.6711654663086,16641.json,NotBuggy
4,0.38727977871894836,1,2,123.74861145019531,8765.json,NotBuggy
3,0.9320460557937622,1,0,132.9956512451172,14432.json,NotBuggy
8,0.5463398098945618,3,1,110.59071350097656,1408.json,NotBuggy
3,0.9034404754638672,1,0,133.59722900390625,11124.json,NotBuggy
3,0.8182704448699951,1,0,133.59722900390625,10190.json,NotBuggy
6,0.024318981915712357,1,1,111.70226287841797,8825.json,NotBuggy
3,0.3018723726272583,1,2,129.69032287597656,17518.json,NotBuggy
3,0.9078042507171631,1,0,132.4454345703125,729.json,NotBuggy
4,0.6039813756942749,1,0,125.27178192138672,23510.json,NotBuggy
5,0.0562126450240612,2,2,116.4532241821289,2362.json,NotBuggy
8,0.7219763398170471,3,1,107.05077362060547,19905.json,NotBuggy
4,0.5543003678321838,1,0,125.64796447753906,13583.json,NotBuggy
4,0.7119079828262329,1,0,125.27178192138672,21988.json,NotBuggy
7,0.0012889771023765206,1,6,108.53746032714844,82.json,NotBuggy
24,0.0,1,24,82.48162078857422,4090.json,NotBuggy
3,0.016681350767612457,1,4,126.94014739990234,8162.json,NotBuggy
4,0.4755558669567108,1,2,125.27178192138672,16962.json,NotBuggy
14,0.016337282955646515,6,6,96.76107025146484,13691.json,NotBuggy
4,0.06760275363922119,1,2,123.48088836669922,11208.json,NotBuggy
3,0.9294750690460205,1,0,133.59722900390625,18383.json,NotBuggy
14,0.0016581224044784904,4,14,95.34271240234375,3058.json,NotBuggy
4,0.014839482493698597,1,5,120.58902740478516,16048.json,NotBuggy
3,0.6320529580116272,1,0,132.9956512451172,20832.json,NotBuggy
3,0.8794088959693909,1,0,131.91592407226562,1041.json,NotBuggy
7,0.2899611294269562,2,3,111.05684661865234,1800.json,NotBuggy
3,0.637811005115509,1,0,133.59722900390625,17991.json,NotBuggy
3,0.7554720640182495,1,1,132.25152587890625,1100.json,NotBuggy
3,0.22359222173690796,1,1,128.8092498779297,1207.json,NotBuggy
10,0.23311826586723328,3,1,104.49932861328125,17997.json,NotBuggy
6,0.046114154160022736,2,3,114.34648895263672,17504.json,NotBuggy
4,0.8303008079528809,1,0,125.15930938720703,10587.json,NotBuggy
6,0.0036763192620128393,2,4,112.59664916992188,15139.json,NotBuggy
7,0.8018832802772522,2,1,112.76071166992188,3884.json,NotBuggy
33,0.0,6,50,73.86983489990234,2461.json,NotBuggy
15,0.01938813365995884,1,12,95.35564422607422,4832.json,NotBuggy
7,0.03393334522843361,2,6,110.04951477050781,14532.json,NotBuggy
3,0.1251799315214157,1,2,128.21994018554688,11218.json,NotBuggy
3,0.8353855013847351,1,0,133.59722900390625,20938.json,NotBuggy
4,0.24016572535037994,1,3,123.65223693847656,11617.json,NotBuggy
3,0.7736914157867432,1,0,133.59722900390625,14243.json,NotBuggy
4,0.5978642106056213,1,0,125.27178192138672,10831.json,NotBuggy
7,0.012468801811337471,2,5,109.31062316894531,4900.json,NotBuggy
34,0.0,1,22,77.87703704833984,3510.json,NotBuggy
3,0.877190113067627,1,0,130.70933532714844,1376.json,NotBuggy
3,0.9038982391357422,1,0,133.59722900390625,21870.json,NotBuggy
3,0.9294750690460205,1,0,133.59722900390625,23367.json,NotBuggy
3,0.4718366861343384,1,2,130.05470275878906,23431.json,NotBuggy
3,0.8244766592979431,1,1,132.25152587890625,14635.json,NotBuggy
3,0.6365737318992615,1,1,131.28770446777344,8734.json,NotBuggy
3,0.8879864811897278,1,0,129.93223571777344,19090.json,NotBuggy
7,0.6913095116615295,2,3,112.25244903564453,14375.json,NotBuggy
3,0.6920579075813293,1,0,133.59722900390625,10180.json,NotBuggy
3,0.002214436186477542,1,7,125.3664321899414,10199.json,NotBuggy
5,0.7876856923103333,2,2,118.9991226196289,8870.json,NotBuggy
3,0.8763893246650696,1,0,131.9385528564453,15564.json,NotBuggy
24,0.0,1,22,86.2011947631836,13102.json,NotBuggy
3,0.7977421879768372,1,0,130.70933532714844,3772.json,NotBuggy
3,0.9027584791183472,1,0,132.9956512451172,2136.json,NotBuggy
4,0.4394964575767517,1,1,124.361083984375,11000.json,NotBuggy
3,0.4670989513397217,1,1,131.28770446777344,5892.json,NotBuggy
4,0.4794504940509796,1,0,125.64796447753906,11153.json,NotBuggy
2,0.997620701789856,1,0,142.4026641845703,17445.json,NotBuggy
4,0.7119079828262329,1,0,125.27178192138672,22766.json,NotBuggy
4,0.623573899269104,1,0,125.64796447753906,22056.json,NotBuggy
3,0.5327104926109314,1,0,133.59722900390625,671.json,NotBuggy
11,0.019685814157128334,2,10,100.45674133300781,3415.json,NotBuggy
4,0.12552110850811005,1,3,122.3560791015625,3252.json,NotBuggy
3,0.07494905591011047,1,2,130.57513427734375,14446.json,NotBuggy
4,0.7119079828262329,1,0,125.27178192138672,4060.json,NotBuggy
5,0.1102069541811943,1,1,122.4339599609375,3735.json,NotBuggy
4,0.05488554760813713,1,4,121.55042266845703,14393.json,NotBuggy
6,0.4238393306732178,1,0,115.4979476928711,3974.json,NotBuggy
3,0.6551463603973389,1,2,129.81976318359375,10700.json,NotBuggy
3,0.6249666213989258,1,1,131.28770446777344,8732.json,NotBuggy
3,0.6592400074005127,1,1,131.60296630859375,781.json,NotBuggy
28,0.0,11,89,96.00048065185547,22133.json,NotBuggy
7,0.03893257677555084,2,4,110.7309799194336,13496.json,NotBuggy
4,0.7151249647140503,1,0,125.27178192138672,20994.json,NotBuggy
4,0.3709934651851654,1,1,123.47842407226562,10276.json,NotBuggy
4,0.12160323560237885,1,3,122.3560791015625,5017.json,NotBuggy
3,0.10275816172361374,1,1,129.2378692626953,16972.json,NotBuggy
3,0.5987408757209778,1,2,130.57513427734375,573.json,NotBuggy
3,0.7279871702194214,1,0,131.1535186767578,1700.json,NotBuggy
4,0.7119079828262329,1,0,125.27178192138672,22094.json,NotBuggy
5,0.2930823266506195,1,3,119.2291259765625,8006.json,NotBuggy
4,0.8107911348342896,1,0,125.15930938720703,16327.json,NotBuggy
5,0.3590511083602905,1,3,120.85002136230469,20829.json,NotBuggy
3,0.761040985584259,1,0,133.59722900390625,17922.json,NotBuggy
18,0.006195140071213245,3,6,90.81795501708984,8041.json,NotBuggy
3,0.8744332790374756,1,0,133.59722900390625,5098.json,NotBuggy
29,0.0,3,39,77.23930358886719,15793.json,NotBuggy
5,0.023622483015060425,1,5,117.21340942382812,14890.json,NotBuggy
3,0.3239081799983978,1,0,130.85629272460938,17004.json,NotBuggy
3,0.894565224647522,1,0,133.59722900390625,18430.json,NotBuggy
8,0.018428757786750793,1,8,108.42887878417969,22637.json,NotBuggy
8,0.7458266615867615,2,2,111.55557250976562,18885.json,NotBuggy
3,0.7120128273963928,1,2,130.30841064453125,14149.json,NotBuggy
4,0.6385547518730164,1,0,125.64796447753906,18472.json,NotBuggy
3,0.8537255525588989,1,0,133.59722900390625,23451.json,NotBuggy
5,0.026748783886432648,2,1,118.35591888427734,5238.json,NotBuggy
3,0.9193012118339539,1,0,133.59722900390625,17846.json,NotBuggy
3,0.9320460557937622,1,0,132.9956512451172,14558.json,NotBuggy
4,0.7044928669929504,1,0,125.27178192138672,21690.json,NotBuggy
6,0.42038851976394653,1,3,114.44808959960938,791.json,NotBuggy
4,0.6321661472320557,1,0,125.64796447753906,16659.json,NotBuggy
23,6.122113554738462E-4,1,14,86.54108428955078,3829.json,NotBuggy
8,0.01752559095621109,2,6,107.19337463378906,19978.json,NotBuggy
5,0.04137927666306496,1,4,116.1898193359375,11448.json,NotBuggy
3,0.8537255525588989,1,0,133.59722900390625,11968.json,NotBuggy
2,0.9971234798431396,1,0,142.4026641845703,6967.json,NotBuggy
12,0.030222171917557716,3,8,101.13784790039062,5431.json,NotBuggy
4,0.7812569737434387,1,0,125.15930938720703,10586.json,NotBuggy
6,0.03400011733174324,2,5,112.55198669433594,3874.json,NotBuggy
19,0.01801004633307457,4,14,88.16510772705078,6290.json,NotBuggy
8,0.05835944786667824,2,4,107.70198059082031,3637.json,NotBuggy
3,0.838230550289154,1,0,131.28770446777344,18067.json,NotBuggy
33,0.0,7,37,74.8454360961914,7147.json,NotBuggy
12,0.08855673670768738,3,3,99.03287506103516,19961.json,NotBuggy
7,0.23253536224365234,2,2,111.5409164428711,2897.json,NotBuggy
5,0.0,1,8,115.44405364990234,2554.json,NotBuggy
4,0.6510396003723145,1,0,125.64796447753906,16660.json,NotBuggy
3,0.9381090402603149,1,0,133.59722900390625,23244.json,NotBuggy
4,0.582478404045105,1,0,125.27178192138672,2513.json,NotBuggy
3,0.8853198885917664,1,0,133.59722900390625,22815.json,NotBuggy
7,0.03320489823818207,1,6,110.23165893554688,2415.json,NotBuggy
3,0.37941601872444153,1,2,129.2428436279297,5121.json,NotBuggy
4,0.5700762867927551,1,0,125.27178192138672,4658.json,NotBuggy
4,0.25473880767822266,1,1,124.4649429321289,21568.json,NotBuggy
3,0.16105778515338898,1,0,131.60296630859375,19781.json,NotBuggy
5,0.0,1,17,112.99163818359375,5008.json,NotBuggy
3,0.6435190439224243,1,1,130.621337890625,17180.json,NotBuggy
14,0.4227467477321625,6,0,97.53372955322266,4813.json,NotBuggy
3,0.7792770862579346,1,0,133.59722900390625,1444.json,NotBuggy
3,0.0,1,0,126.13856506347656,19590.json,NotBuggy
3,0.8744332790374756,1,0,133.59722900390625,3898.json,NotBuggy
4,0.623573899269104,1,0,125.64796447753906,21260.json,NotBuggy
3,0.6359667181968689,1,0,131.91592407226562,7941.json,NotBuggy
3,0.8607810735702515,1,0,133.59722900390625,12869.json,NotBuggy
8,9.436208056285977E-4,3,8,105.24418640136719,4118.json,NotBuggy
6,0.4960700273513794,1,1,117.58026885986328,4942.json,NotBuggy
3,0.27030614018440247,1,1,130.7338104248047,16362.json,NotBuggy
11,0.0,1,33,97.7380142211914,17431.json,NotBuggy
3,0.07195901870727539,1,3,126.7169418334961,10027.json,NotBuggy
3,0.8745065331459045,1,0,133.59722900390625,14328.json,NotBuggy
19,1.0716028191382065E-4,4,13,87.2295150756836,2309.json,NotBuggy
12,0.0,1,30,96.23506164550781,7786.json,NotBuggy
3,0.9457477331161499,1,0,133.59722900390625,19743.json,NotBuggy
3,0.01942673698067665,1,1,128.31268310546875,17000.json,NotBuggy
4,0.8306323289871216,1,0,125.15930938720703,11242.json,NotBuggy
3,0.5002425312995911,1,0,130.99049377441406,6992.json,NotBuggy
10,0.015117418020963669,3,6,103.6401596069336,13953.json,NotBuggy
3,0.5090294480323792,1,2,128.3351287841797,12843.json,NotBuggy
3,0.9381090402603149,1,0,133.59722900390625,17232.json,NotBuggy
3,0.7405849695205688,1,0,131.9385528564453,23561.json,NotBuggy
12,0.008308426477015018,3,12,97.24278259277344,14358.json,NotBuggy
4,0.7119079828262329,1,0,125.27178192138672,22826.json,NotBuggy
5,0.4880068004131317,1,2,119.84819793701172,14908.json,NotBuggy
33,0.0036208219826221466,7,17,75.69928741455078,18822.json,NotBuggy
9,0.004126138519495726,1,7,106.35716247558594,15910.json,NotBuggy
3,0.6553760766983032,1,2,131.28770446777344,15180.json,NotBuggy
4,0.2353648990392685,1,1,122.12896728515625,12104.json,NotBuggy
10,0.7525479197502136,3,3,104.4138412475586,8953.json,NotBuggy
3,0.6723040342330933,1,0,130.85629272460938,11615.json,NotBuggy
3,0.8651299476623535,1,0,133.59722900390625,13487.json,NotBuggy
3,0.7792770862579346,1,0,133.59722900390625,10629.json,NotBuggy
3,0.39012467861175537,1,3,128.31268310546875,4785.json,NotBuggy
3,0.9427815079689026,1,0,132.9956512451172,10088.json,NotBuggy
4,0.606551468372345,1,0,125.64796447753906,22671.json,NotBuggy
3,0.8152434825897217,1,0,133.59722900390625,4495.json,NotBuggy
3,0.7711582183837891,1,0,133.59722900390625,15962.json,NotBuggy
3,0.22611969709396362,1,2,128.712890625,17195.json,NotBuggy
2,0.9976531863212585,1,0,142.4026641845703,16597.json,NotBuggy
4,0.7277138233184814,1,0,125.64796447753906,19549.json,NotBuggy
3,0.6773489117622375,1,0,133.59722900390625,6947.json,NotBuggy
3,0.6423882246017456,1,2,131.91592407226562,6783.json,NotBuggy
3,0.9346750378608704,1,0,133.59722900390625,16494.json,NotBuggy
3,0.7042097449302673,1,0,133.59722900390625,22851.json,NotBuggy
4,0.7256754636764526,1,0,125.27178192138672,21742.json,NotBuggy
3,0.803116500377655,1,0,133.59722900390625,4653.json,NotBuggy
6,0.00797303020954132,1,8,111.33655548095703,6924.json,NotBuggy
3,0.8551300764083862,1,0,133.59722900390625,2350.json,NotBuggy
6,0.23545916378498077,1,3,116.53829956054688,17978.json,NotBuggy
7,0.23377858102321625,2,4,111.73201751708984,7872.json,NotBuggy
6,0.044402845203876495,1,6,114.99771881103516,10392.json,NotBuggy
5,0.1923513263463974,1,5,119.67438507080078,6525.json,NotBuggy
18,0.0016341885784640908,6,3,90.15252685546875,1407.json,NotBuggy
8,0.28088366985321045,2,3,108.77935028076172,13923.json,NotBuggy
3,0.9340493083000183,1,0,133.59722900390625,17986.json,NotBuggy
4,0.8237288594245911,1,0,125.5254898071289,19581.json,NotBuggy
4,0.3478201627731323,1,0,124.58238983154297,23560.json,NotBuggy
3,0.8097124099731445,1,0,131.9385528564453,21965.json,NotBuggy
3,0.7906385064125061,1,0,134.26058959960938,6386.json,NotBuggy
4,0.7939332127571106,1,1,126.62725830078125,8755.json,NotBuggy
4,0.4859175980091095,1,0,125.64796447753906,21830.json,NotBuggy
7,0.018026133999228477,1,13,109.59838104248047,8304.json,NotBuggy
3,0.8721758723258972,1,1,131.75106811523438,13718.json,NotBuggy
3,0.8431631922721863,1,0,133.59722900390625,10537.json,NotBuggy
3,0.42125028371810913,1,1,130.34019470214844,16517.json,NotBuggy
11,5.121197900734842E-4,1,12,100.48686981201172,9315.json,NotBuggy
12,0.010483413934707642,2,7,99.97399139404297,14056.json,NotBuggy
4,0.019365478307008743,1,0,126.19583892822266,16870.json,NotBuggy
3,0.8639432191848755,1,0,133.59722900390625,12058.json,NotBuggy
3,0.936884880065918,1,0,133.59722900390625,14194.json,NotBuggy
5,0.3166430592536926,1,2,119.58580780029297,16620.json,Buggy
4,0.14642317593097687,1,2,124.22161865234375,14362.json,NotBuggy
3,0.749021053314209,1,0,131.9385528564453,22081.json,NotBuggy
3,0.9570080041885376,1,0,129.7158966064453,16742.json,NotBuggy
3,0.8542589545249939,1,0,133.59722900390625,13125.json,NotBuggy
6,0.0993666872382164,1,4,114.07755279541016,4321.json,NotBuggy
7,0.10236461460590363,1,6,112.41233825683594,8207.json,NotBuggy
3,0.4442216753959656,1,2,129.14646911621094,12945.json,NotBuggy
3,0.21272581815719604,1,0,132.9956512451172,20097.json,NotBuggy
6,0.6024681329727173,1,1,116.53582763671875,3950.json,NotBuggy
7,0.041443802416324615,1,6,110.89677429199219,2827.json,NotBuggy
3,0.7972366809844971,1,0,133.59722900390625,21771.json,NotBuggy
3,0.4492664635181427,1,2,130.30841064453125,2475.json,NotBuggy
4,0.7040157318115234,1,0,125.64796447753906,10212.json,NotBuggy
3,0.9136298298835754,1,0,133.59722900390625,10828.json,NotBuggy
7,0.01714172214269638,1,6,112.0172119140625,8196.json,NotBuggy
3,0.9381090402603149,1,0,133.59722900390625,11862.json,NotBuggy
3,0.8382441997528076,1,0,131.91592407226562,878.json,NotBuggy
10,0.8878490328788757,2,0,103.90457916259766,1683.json,Buggy
10,0.0018889085622504354,4,6,102.08020782470703,10255.json,NotBuggy
4,0.7256754636764526,1,0,125.27178192138672,23353.json,NotBuggy
3,0.7674503922462463,1,0,133.59722900390625,64.json,NotBuggy
4,0.17460530996322632,1,0,124.58238983154297,4566.json,NotBuggy
4,0.7213988900184631,1,0,125.64796447753906,8453.json,NotBuggy
6,0.008696228265762329,2,7,111.7636489868164,9016.json,NotBuggy
4,0.5450656414031982,1,0,125.64796447753906,10864.json,NotBuggy
3,0.018518760800361633,1,0,133.59722900390625,11992.json,NotBuggy
3,0.40444356203079224,1,1,130.30841064453125,11045.json,NotBuggy
3,0.7056405544281006,1,0,132.43687438964844,6619.json,NotBuggy
3,0.5635421872138977,1,0,133.59722900390625,14898.json,NotBuggy
4,0.7881367206573486,1,0,125.64796447753906,19543.json,Buggy
3,0.7586450576782227,1,1,131.1535186767578,14925.json,NotBuggy
4,0.606551468372345,1,0,125.64796447753906,21664.json,NotBuggy
7,0.01307661458849907,2,3,111.07701873779297,9594.json,NotBuggy
5,0.28485366702079773,1,4,117.17095947265625,3219.json,NotBuggy
3,0.07018154859542847,1,2,128.70916748046875,1706.json,NotBuggy
3,0.8832547664642334,1,0,131.91592407226562,19455.json,NotBuggy
4,0.655437171459198,1,1,125.78216552734375,7921.json,NotBuggy
8,0.001294420100748539,1,17,104.69070434570312,14408.json,NotBuggy
4,0.8306323289871216,1,0,125.15930938720703,11260.json,NotBuggy
4,0.3900202512741089,1,0,125.64796447753906,9127.json,NotBuggy
4,0.0022744685411453247,1,5,120.89131164550781,5259.json,NotBuggy
4,0.9304258227348328,1,0,126.0733642578125,14754.json,NotBuggy
4,0.41838338971138,1,0,125.27178192138672,21581.json,NotBuggy
3,0.9568278193473816,1,0,133.59722900390625,10868.json,NotBuggy
3,0.3437844216823578,1,0,133.59722900390625,3966.json,NotBuggy
3,0.17732512950897217,1,4,127.8512954711914,17308.json,NotBuggy
4,0.6879265904426575,1,3,124.58238983154297,1819.json,NotBuggy
6,0.0966491848230362,1,5,114.97969055175781,23142.json,NotBuggy
2,0.9977049231529236,1,0,142.4026641845703,20306.json,NotBuggy
3,0.9558944702148438,1,0,133.59722900390625,21054.json,NotBuggy
33,0.0,5,43,73.88524627685547,8385.json,NotBuggy
6,0.0,1,11,110.83330535888672,6856.json,NotBuggy
3,0.8965196013450623,1,0,133.59722900390625,12278.json,NotBuggy
20,0.0,4,23,85.3243637084961,14797.json,NotBuggy
4,0.4311516284942627,1,2,124.57742309570312,19504.json,NotBuggy
23,0.0,2,38,83.9483871459961,9631.json,Buggy
3,0.3998528718948364,2,3,127.80377197265625,20497.json,NotBuggy
8,0.0012592679122462869,1,11,107.43104553222656,7002.json,NotBuggy
4,0.3709934651851654,1,1,123.47842407226562,10365.json,NotBuggy
15,0.0086270896717906,5,14,91.97347259521484,19418.json,NotBuggy
3,0.9621713757514954,1,0,133.59722900390625,4254.json,NotBuggy
2,0.8504637479782104,1,0,137.8562469482422,17468.json,NotBuggy
12,0.003578898496925831,2,17,98.60025787353516,9251.json,NotBuggy
5,0.06544528156518936,2,4,118.0586929321289,15050.json,NotBuggy
2,0.9802530407905579,1,0,139.0139617919922,17467.json,NotBuggy
6,0.8543270826339722,2,1,117.25019073486328,20388.json,NotBuggy
4,0.0025641550309956074,1,5,121.75926971435547,3746.json,NotBuggy
3,0.6633014678955078,1,1,130.85629272460938,19163.json,NotBuggy
4,0.04667648300528526,1,3,124.36514282226562,14160.json,NotBuggy
3,0.5058985948562622,1,1,129.81976318359375,11866.json,NotBuggy
12,5.637442809529603E-4,2,14,98.2851791381836,15123.json,NotBuggy
3,0.6017619371414185,1,1,132.25152587890625,5457.json,NotBuggy
3,0.8609857559204102,1,0,130.70933532714844,18856.json,NotBuggy
3,0.2549543082714081,1,0,131.1535186767578,8554.json,NotBuggy
3,0.28919854760169983,1,1,132.25152587890625,17425.json,NotBuggy
3,0.056231800466775894,1,1,128.91311645507812,8903.json,NotBuggy
3,0.8567876219749451,1,0,130.70933532714844,19068.json,NotBuggy
3,0.0706542432308197,1,1,129.4591827392578,1660.json,NotBuggy
3,0.8519220948219299,1,0,131.91592407226562,16012.json,NotBuggy
15,0.0025112510193139315,1,13,94.90094757080078,2077.json,NotBuggy
3,0.5500653982162476,1,0,132.086669921875,13268.json,NotBuggy
4,0.7119079828262329,1,0,125.27178192138672,20966.json,NotBuggy
3,0.13185368478298187,1,1,131.43582153320312,6090.json,NotBuggy
3,0.2732764780521393,1,0,133.59722900390625,5969.json,NotBuggy
10,0.0180975291877985,2,8,103.110107421875,1960.json,NotBuggy
5,0.6046334505081177,1,3,120.3299331665039,4679.json,NotBuggy
3,0.8643719553947449,1,0,133.59722900390625,1638.json,NotBuggy
4,0.4859175980091095,1,0,125.64796447753906,21686.json,NotBuggy
5,0.5328160524368286,1,4,117.87247467041016,14485.json,NotBuggy
9,0.0018324297852814198,3,3,104.68692779541016,17294.json,NotBuggy
4,0.7119079828262329,1,0,125.27178192138672,23526.json,NotBuggy
3,0.0031369230709969997,1,1,129.14646911621094,16810.json,NotBuggy
3,0.7658345103263855,1,1,132.61029052734375,8496.json,NotBuggy
6,0.058566026389598846,1,5,113.90103912353516,19063.json,NotBuggy
3,0.29865071177482605,1,2,129.81976318359375,6371.json,NotBuggy
3,0.014532695524394512,1,1,129.47398376464844,8451.json,NotBuggy
4,0.5121709704399109,1,0,125.64796447753906,23285.json,NotBuggy
3,0.6804524660110474,1,0,132.086669921875,9077.json,NotBuggy
3,0.8698694705963135,1,0,131.9385528564453,16782.json,NotBuggy
4,0.6022139191627502,1,0,125.27178192138672,15565.json,NotBuggy
4,0.7363040447235107,1,0,125.27178192138672,18002.json,NotBuggy
3,0.9294750690460205,1,0,133.59722900390625,10861.json,NotBuggy
3,0.9346750378608704,1,0,133.59722900390625,12302.json,NotBuggy
3,0.9742029905319214,1,0,133.59722900390625,5478.json,NotBuggy
4,0.23186831176280975,1,2,126.4781494140625,6792.json,NotBuggy
3,0.811374306678772,1,0,133.59722900390625,9095.json,NotBuggy
3,0.9346750378608704,1,0,133.59722900390625,10780.json,NotBuggy
3,0.8149451017379761,1,0,133.59722900390625,5141.json,NotBuggy
3,0.13113392889499664,1,1,129.14646911621094,16846.json,NotBuggy
7,0.1429261863231659,2,3,112.83319091796875,18495.json,NotBuggy
6,0.026357287541031837,1,3,114.90958404541016,20789.json,NotBuggy
3,0.0,1,4,126.2772445678711,2823.json,NotBuggy
3,0.036916036158800125,1,2,128.8092498779297,3114.json,NotBuggy
4,0.4593844711780548,1,0,125.27178192138672,4673.json,NotBuggy
6,0.8636070489883423,1,0,117.0948257446289,13852.json,NotBuggy
4,0.2983236312866211,1,2,122.05648803710938,7111.json,NotBuggy
3,0.5058567523956299,1,1,130.7338104248047,6543.json,NotBuggy
13,0.035456132143735886,3,9,96.91436767578125,17700.json,NotBuggy
21,0.0,4,14,84.08609771728516,1024.json,NotBuggy
11,0.2543623149394989,5,1,103.83460998535156,8895.json,NotBuggy
4,0.625913679599762,1,0,125.64796447753906,21818.json,NotBuggy
4,0.6255963444709778,1,1,124.48601531982422,16365.json,NotBuggy
2,0.9816315174102783,1,0,138.03729248046875,4037.json,NotBuggy
4,0.5330685973167419,1,1,125.27178192138672,13202.json,NotBuggy
3,0.4599016308784485,1,2,131.91592407226562,8905.json,NotBuggy
6,0.10401787608861923,1,4,114.97969055175781,14373.json,NotBuggy
3,0.3591911494731903,1,2,130.85629272460938,6277.json,NotBuggy
3,0.8152434825897217,1,0,133.59722900390625,21247.json,NotBuggy
3,0.09035573154687881,1,1,130.07347106933594,16224.json,NotBuggy
4,0.42488136887550354,1,1,124.4649429321289,18258.json,NotBuggy
3,0.7675769925117493,1,0,131.91592407226562,17608.json,NotBuggy
7,0.08152952790260315,1,6,111.58031463623047,9228.json,NotBuggy
4,0.623573899269104,1,0,125.64796447753906,22327.json,NotBuggy
4,0.25177285075187683,1,2,123.28931427001953,18478.json,NotBuggy
2,0.9894405007362366,1,0,140.82913208007812,5441.json,NotBuggy
3,0.24303188920021057,1,1,132.25152587890625,5897.json,NotBuggy
3,0.9543609023094177,1,0,131.60296630859375,8785.json,NotBuggy
3,0.9153783321380615,1,0,133.59722900390625,21995.json,NotBuggy
15,0.0,2,19,92.00102233886719,4876.json,Buggy
3,0.9346750378608704,1,0,133.59722900390625,11128.json,NotBuggy
15,0.05400768667459488,2,5,95.73738098144531,8039.json,NotBuggy
3,0.9320460557937622,1,0,132.9956512451172,14617.json,NotBuggy
4,0.6315473318099976,1,0,125.64796447753906,23049.json,NotBuggy
3,0.9882484078407288,1,0,131.75106811523438,980.json,NotBuggy
3,0.6920579075813293,1,0,133.59722900390625,12437.json,NotBuggy
3,0.4088570475578308,1,2,131.75106811523438,17392.json,NotBuggy
8,0.0024682071525603533,1,10,107.45718383789062,4692.json,NotBuggy
3,0.0428486205637455,1,2,128.8092498779297,4884.json,NotBuggy
4,0.5439813137054443,1,0,125.64796447753906,7171.json,NotBuggy
7,0.002077890792861581,1,9,108.2671890258789,14851.json,Buggy
9,0.010087142698466778,1,10,104.28079223632812,3575.json,NotBuggy
9,0.644358217716217,3,2,107.1089096069336,8663.json,NotBuggy
4,0.6532393097877502,1,0,125.64796447753906,9680.json,NotBuggy
4,0.5371063351631165,1,0,125.64796447753906,22408.json,NotBuggy
4,0.606551468372345,1,0,125.64796447753906,22723.json,NotBuggy
4,0.606551468372345,1,0,125.64796447753906,21172.json,NotBuggy
3,0.7162911891937256,1,0,131.9385528564453,10802.json,NotBuggy
4,0.7289286255836487,1,0,126.04888916015625,18359.json,NotBuggy
12,1.383998605888337E-4,4,17,96.3906021118164,6874.json,NotBuggy
4,0.4288351833820343,1,0,125.64796447753906,22681.json,NotBuggy
9,0.006112588103860617,1,10,105.69071960449219,22368.json,NotBuggy
13,0.04823864623904228,5,4,97.07486724853516,19420.json,NotBuggy
8,0.039986610412597656,1,1,111.90510559082031,3440.json,NotBuggy
3,0.706556499004364,1,0,133.59722900390625,17832.json,NotBuggy
18,0.015492253005504608,3,13,89.1401138305664,2565.json,NotBuggy
7,0.06722810864448547,2,2,110.94255828857422,10874.json,NotBuggy
10,5.031640757806599E-4,2,9,102.4684829711914,4778.json,NotBuggy
6,0.4043341279029846,2,2,116.3923110961914,14820.json,NotBuggy
19,3.7251232424750924E-4,1,18,87.56078338623047,4230.json,NotBuggy
15,8.080326952040195E-4,2,9,93.22813415527344,2357.json,NotBuggy
3,0.6972551345825195,1,0,133.59722900390625,23537.json,NotBuggy
7,0.0,1,8,109.54158782958984,6978.json,NotBuggy
4,0.4043574631214142,1,0,125.64796447753906,22904.json,NotBuggy
3,0.8537255525588989,1,0,133.59722900390625,21339.json,NotBuggy
3,0.9104548692703247,1,0,133.59722900390625,10188.json,NotBuggy
8,0.008244856260716915,2,6,106.68698120117188,6196.json,NotBuggy
9,8.701984770596027E-4,3,4,105.08909606933594,14430.json,NotBuggy
6,0.3804756700992584,1,2,114.14285278320312,19787.json,NotBuggy
4,0.7119079828262329,1,0,125.27178192138672,2722.json,NotBuggy
3,0.8743256330490112,1,0,133.59722900390625,17890.json,NotBuggy
3,0.46154674887657166,1,1,130.85629272460938,5215.json,NotBuggy
11,0.003796589793637395,3,5,101.86831665039062,8830.json,NotBuggy
12,0.0279738437384367,2,12,98.66179656982422,3826.json,NotBuggy
4,0.7433531880378723,1,1,125.02987670898438,13654.json,NotBuggy
3,0.8273110389709473,1,1,131.60296630859375,15985.json,NotBuggy
3,0.9381090402603149,1,0,133.59722900390625,17059.json,NotBuggy
4,0.963650643825531,1,2,125.27178192138672,4187.json,NotBuggy
3,0.0,1,2,127.42921447753906,12841.json,NotBuggy
3,0.9278625249862671,1,0,132.9956512451172,9888.json,NotBuggy
4,0.8428476452827454,1,1,125.79222106933594,13601.json,NotBuggy
3,0.9457477331161499,1,0,133.59722900390625,21525.json,NotBuggy
3,0.7497984766960144,1,1,131.1535186767578,9270.json,NotBuggy
3,0.8403804898262024,1,0,133.59722900390625,4999.json,NotBuggy
3,0.7352216839790344,1,1,130.07347106933594,12944.json,NotBuggy
4,0.8133878707885742,1,2,125.78216552734375,17223.json,NotBuggy
9,0.10599544644355774,1,5,107.3475570678711,9850.json,NotBuggy
3,0.9621713757514954,1,0,133.59722900390625,22415.json,NotBuggy
8,0.1620810627937317,2,2,108.51105499267578,3504.json,NotBuggy
5,0.3336036801338196,1,0,120.03731536865234,3948.json,NotBuggy
4,0.45646217465400696,1,0,125.64796447753906,10613.json,NotBuggy
3,0.8853198885917664,1,0,133.59722900390625,10792.json,NotBuggy
5,0.5179525017738342,1,3,121.41495513916016,16427.json,NotBuggy
3,0.005978147499263287,1,3,126.56620788574219,13176.json,NotBuggy
3,0.8688945174217224,1,0,131.1535186767578,8947.json,NotBuggy
4,0.5167741775512695,1,0,125.64796447753906,1311.json,NotBuggy
3,0.33434557914733887,1,0,133.59722900390625,9796.json,NotBuggy
3,0.006260343361645937,1,3,128.22288513183594,5252.json,NotBuggy
4,0.18862459063529968,1,2,123.28064727783203,5968.json,NotBuggy
8,0.032578688114881516,1,5,108.94229888916016,7252.json,NotBuggy
14,0.4015180766582489,4,8,97.16659545898438,13779.json,NotBuggy
4,0.606551468372345,1,0,125.64796447753906,21784.json,NotBuggy
3,0.6591586470603943,1,0,133.59722900390625,17330.json,NotBuggy
3,0.0,1,1,126.41971588134766,17304.json,NotBuggy
2,0.9969573020935059,1,0,140.82913208007812,5437.json,NotBuggy
4,0.01799607276916504,1,3,122.5949478149414,8821.json,NotBuggy
7,0.018078874796628952,1,4,111.46076965332031,20818.json,NotBuggy
3,0.007654042448848486,1,3,128.31268310546875,4928.json,NotBuggy
4,0.8464670181274414,1,0,125.5254898071289,19804.json,NotBuggy
24,0.0023074811324477196,1,24,85.3213119506836,2410.json,NotBuggy
3,0.8323626518249512,1,0,132.4454345703125,19604.json,NotBuggy
3,0.8793336153030396,1,0,133.59722900390625,16551.json,NotBuggy
20,0.005752222146838903,1,15,90.01188659667969,3298.json,NotBuggy
4,0.0028945934027433395,1,4,122.70512390136719,1057.json,NotBuggy
13,0.10506627708673477,3,9,95.92401885986328,20053.json,NotBuggy
4,0.7119079828262329,1,0,125.27178192138672,23542.json,NotBuggy
4,0.4320034384727478,1,2,125.39425659179688,4930.json,NotBuggy
3,0.44890156388282776,1,1,130.34019470214844,8218.json,NotBuggy
3,0.7972366809844971,1,0,133.59722900390625,21813.json,NotBuggy
4,0.17916719615459442,1,3,123.46312713623047,14058.json,NotBuggy
4,0.01239776611328125,1,3,122.4349365234375,3887.json,NotBuggy
3,0.077869713306427,1,2,128.4090576171875,7024.json,NotBuggy
4,0.7499582767486572,1,0,125.64796447753906,10476.json,NotBuggy
3,0.7791680097579956,1,1,132.086669921875,17416.json,NotBuggy
3,0.33103320002555847,1,2,130.30841064453125,9395.json,NotBuggy
3,0.024072879925370216,1,0,128.1388702392578,19326.json,NotBuggy
7,0.12947674095630646,1,6,112.14561462402344,21288.json,NotBuggy
3,0.7852345108985901,2,1,129.24398803710938,11565.json,Buggy
3,0.8910459876060486,1,0,133.59722900390625,23036.json,NotBuggy
9,0.0,1,6,102.7329330444336,5246.json,NotBuggy
12,0.02976769581437111,3,5,98.53973388671875,345.json,NotBuggy
4,0.462799608707428,1,2,124.7987289428711,20023.json,NotBuggy
3,0.953879177570343,1,0,129.7158966064453,16727.json,NotBuggy
3,0.7027596831321716,1,1,130.99049377441406,5923.json,NotBuggy
3,0.8890010714530945,1,0,133.59722900390625,19667.json,NotBuggy
10,0.9051376581192017,2,1,105.12149047851562,1110.json,NotBuggy
9,0.005193810909986496,3,4,104.68692779541016,3818.json,NotBuggy
4,0.8055586814880371,1,0,125.5254898071289,10489.json,NotBuggy
3,0.7711441516876221,1,0,133.59722900390625,12863.json,NotBuggy
7,2.0000050426460803E-4,2,7,107.84600067138672,20555.json,Buggy
4,0.606551468372345,1,0,125.64796447753906,22663.json,NotBuggy
7,0.5337141752243042,2,4,112.18234252929688,6353.json,NotBuggy
6,0.00447932118549943,1,5,111.43297576904297,20705.json,NotBuggy
4,0.6787444949150085,1,0,125.64796447753906,12090.json,NotBuggy
7,0.01934889331459999,2,5,109.62517547607422,6198.json,NotBuggy
3,0.4894111752510071,1,1,129.81976318359375,23432.json,NotBuggy
3,0.48423531651496887,1,1,130.45266723632812,15727.json,NotBuggy
3,0.9165305495262146,1,0,133.59722900390625,1450.json,NotBuggy
3,0.5912193059921265,1,1,130.99049377441406,9369.json,NotBuggy
3,0.7533001899719238,1,0,133.59722900390625,11237.json,NotBuggy
4,0.7790591716766357,1,0,125.64796447753906,23337.json,NotBuggy
10,0.31199318170547485,1,6,104.40418243408203,4447.json,NotBuggy
23,0.00184113800060004,4,19,83.32371520996094,2442.json,NotBuggy
8,0.5895570516586304,2,2,110.9759521484375,18863.json,NotBuggy
24,1.2930207594763488E-4,4,23,81.73396301269531,15896.json,NotBuggy
4,0.6632443070411682,1,0,125.27178192138672,6997.json,NotBuggy
5,0.7365548014640808,1,4,120.23355865478516,7854.json,NotBuggy
6,0.03660418093204498,1,5,113.72686004638672,21296.json,NotBuggy
7,0.28221768140792847,1,4,113.77827453613281,13578.json,NotBuggy
8,0.47667837142944336,3,3,110.01234436035156,18461.json,NotBuggy
4,0.7119079828262329,1,0,125.27178192138672,21798.json,NotBuggy
7,0.036282408982515335,2,2,110.94255828857422,18097.json,NotBuggy
22,0.005518552381545305,3,12,84.46976470947266,18312.json,NotBuggy
6,0.6116481423377991,1,5,113.84114837646484,4358.json,NotBuggy
4,0.0266615878790617,1,4,120.89375305175781,20502.json,NotBuggy
17,3.58476594556123E-4,2,24,89.38340759277344,5013.json,NotBuggy
11,0.028248410671949387,3,11,99.7415771484375,19817.json,Buggy
3,0.8152434825897217,1,0,133.59722900390625,4532.json,NotBuggy
3,0.9558944702148438,1,0,133.59722900390625,20989.json,NotBuggy
3,0.9381090402603149,1,0,133.59722900390625,16002.json,NotBuggy
3,0.8639432191848755,1,0,133.59722900390625,21251.json,NotBuggy
6,7.161993999034166E-4,2,2,111.94122314453125,622.json,NotBuggy
7,0.18516197800636292,3,4,110.0694351196289,3039.json,NotBuggy
6,0.942808985710144,1,0,117.0948257446289,16460.json,NotBuggy
4,0.625913679599762,1,0,125.64796447753906,21778.json,NotBuggy
3,0.36309996247291565,1,1,132.25152587890625,17424.json,NotBuggy
7,0.294518381357193,2,2,111.47267150878906,19079.json,NotBuggy
4,0.6688855886459351,1,0,125.27178192138672,10829.json,NotBuggy
4,0.10432296991348267,1,0,124.7987289428711,1493.json,NotBuggy
3,0.8814632296562195,1,0,133.59722900390625,10746.json,NotBuggy
3,0.7707571983337402,1,1,130.85629272460938,7238.json,NotBuggy
3,0.15744057297706604,1,0,129.69032287597656,19338.json,NotBuggy
3,0.8420602083206177,1,0,131.91592407226562,15970.json,NotBuggy
3,0.03695978596806526,1,3,129.12539672851562,10350.json,NotBuggy
16,3.5833482979796827E-4,5,15,91.06707763671875,14095.json,NotBuggy
3,0.6920579075813293,1,0,133.59722900390625,10386.json,NotBuggy
4,0.6988435983657837,1,0,125.27178192138672,21772.json,NotBuggy
3,0.30150899291038513,1,2,128.60531616210938,8758.json,NotBuggy
4,0.519808292388916,1,0,125.27178192138672,3200.json,NotBuggy
18,0.0,4,25,88.10651397705078,4288.json,NotBuggy
3,0.8767094016075134,1,0,133.59722900390625,12617.json,NotBuggy
3,0.7607607841491699,2,1,129.8434600830078,14244.json,NotBuggy
14,0.006752463988959789,4,6,93.58448791503906,1759.json,NotBuggy
3,0.09755022823810577,1,1,128.712890625,17122.json,NotBuggy
17,0.02438567578792572,3,9,91.19415283203125,5176.json,NotBuggy
3,0.48575907945632935,1,1,132.25152587890625,9379.json,NotBuggy
12,0.15615081787109375,3,4,99.86888885498047,16187.json,NotBuggy
7,0.19253429770469666,2,4,110.83072662353516,1374.json,NotBuggy
9,0.006163617130368948,2,9,103.66934204101562,3790.json,NotBuggy
3,0.9517537951469421,1,0,129.7158966064453,16762.json,NotBuggy
11,5.197178106755018E-4,1,17,100.54225158691406,8141.json,NotBuggy
3,0.7775694727897644,1,0,133.59722900390625,14238.json,NotBuggy
3,0.8249236345291138,1,0,133.59722900390625,13054.json,NotBuggy
3,0.6247726082801819,1,0,133.59722900390625,19570.json,NotBuggy
4,0.7119079828262329,1,0,125.27178192138672,21871.json,NotBuggy
3,0.8730796575546265,1,0,133.59722900390625,3496.json,NotBuggy
3,0.8832547664642334,1,0,131.91592407226562,3214.json,NotBuggy
6,0.9250565767288208,2,0,117.8877182006836,11810.json,NotBuggy
3,0.742075502872467,1,2,129.93223571777344,1396.json,NotBuggy
3,0.02542233280837536,1,2,127.59099578857422,6798.json,NotBuggy
3,0.8537255525588989,1,0,133.59722900390625,21763.json,NotBuggy
4,0.3223167657852173,1,2,122.05648803710938,7112.json,NotBuggy
3,0.8290030360221863,1,0,133.59722900390625,9802.json,NotBuggy
3,0.03769268840551376,1,2,127.51214599609375,10230.json,NotBuggy
3,0.5050093531608582,1,1,128.3351287841797,16263.json,NotBuggy
8,0.0,1,0,111.53977966308594,17495.json,NotBuggy
4,0.6292893290519714,1,0,125.64796447753906,21262.json,NotBuggy
9,0.0,1,10,102.8109359741211,4237.json,NotBuggy
4,0.8044608235359192,1,2,125.78216552734375,17228.json,NotBuggy
3,0.5563079118728638,1,1,132.25152587890625,11895.json,NotBuggy
3,0.9283788204193115,1,0,133.59722900390625,19836.json,NotBuggy
3,0.11434319615364075,1,2,128.50894165039062,16984.json,NotBuggy
3,0.8353855013847351,1,0,133.59722900390625,18257.json,NotBuggy
7,0.14951325953006744,2,3,110.99961853027344,14919.json,NotBuggy
3,0.9415026903152466,2,0,129.14761352539062,20217.json,NotBuggy
9,0.22408553957939148,1,7,104.1032943725586,4343.json,NotBuggy
6,0.0,2,4,111.6001205444336,1632.json,NotBuggy
6,0.1708001047372818,1,4,114.3227767944336,17502.json,NotBuggy
3,0.6632501482963562,1,1,132.25152587890625,1227.json,NotBuggy
4,0.7112906575202942,1,0,125.27178192138672,13110.json,NotBuggy
3,0.06044312193989754,1,2,127.51214599609375,10849.json,NotBuggy
4,0.23185190558433533,1,2,124.26470947265625,14322.json,NotBuggy
13,0.0,3,11,94.38158416748047,4132.json,NotBuggy
3,0.7972366809844971,1,0,133.59722900390625,21673.json,NotBuggy
40,0.004546845331788063,8,12,71.88436889648438,1356.json,Buggy
8,0.0076965750195086,1,10,107.25286865234375,3096.json,NotBuggy
3,0.0010117043275386095,1,3,126.20867156982422,17012.json,NotBuggy
3,0.4829352796077728,1,2,130.99049377441406,14515.json,NotBuggy
10,0.002895970596000552,1,13,102.32757568359375,3095.json,NotBuggy
18,0.0,1,51,86.87227630615234,7746.json,NotBuggy
4,0.0,1,8,118.83750915527344,4889.json,NotBuggy
3,0.9163657426834106,1,0,133.59722900390625,12313.json,NotBuggy
4,0.5610408186912537,1,0,125.27178192138672,11159.json,NotBuggy
3,0.4950951039791107,1,1,130.45266723632812,15719.json,NotBuggy
5,0.21521902084350586,1,2,119.41529846191406,11649.json,NotBuggy
3,0.9665572643280029,1,0,132.9956512451172,13111.json,NotBuggy
4,0.5290228128433228,1,0,125.5254898071289,16228.json,NotBuggy
3,0.9175431728363037,1,0,133.59722900390625,2386.json,NotBuggy
4,0.7423573136329651,2,2,122.28609466552734,8073.json,NotBuggy
8,0.5146422386169434,1,3,110.22209167480469,8623.json,NotBuggy
5,0.003761653322726488,2,1,117.63319396972656,14112.json,NotBuggy
3,0.9294750690460205,1,0,133.59722900390625,22363.json,NotBuggy
14,0.06090233102440834,3,5,96.22786712646484,20513.json,NotBuggy
4,0.5043158531188965,1,0,125.02987670898438,7249.json,NotBuggy
3,0.8712588548660278,1,1,131.60296630859375,15712.json,NotBuggy
2,0.9970839619636536,1,0,142.4026641845703,8827.json,NotBuggy
6,0.013694284483790398,2,3,113.78789520263672,8676.json,NotBuggy
3,0.7084107398986816,1,1,130.85629272460938,20239.json,NotBuggy
3,0.8118234872817993,1,0,133.59722900390625,20065.json,NotBuggy
20,0.0,1,36,85.24787139892578,8185.json,NotBuggy
4,0.7294655442237854,1,0,125.5254898071289,19588.json,NotBuggy
3,0.6225599050521851,1,0,129.93223571777344,653.json,NotBuggy
3,0.9621713757514954,1,0,133.59722900390625,22105.json,NotBuggy
3,0.9317474365234375,1,0,133.59722900390625,1458.json,NotBuggy
8,0.03565944358706474,2,7,106.74562072753906,6897.json,NotBuggy
3,0.7551659345626831,1,0,131.28770446777344,3980.json,NotBuggy
9,0.04111029952764511,1,12,105.34478759765625,3603.json,NotBuggy
3,0.36381426453590393,1,3,127.09538269042969,2156.json,NotBuggy
3,0.6999326944351196,1,1,130.57513427734375,3960.json,NotBuggy
11,0.17435787618160248,4,3,100.83340454101562,20206.json,NotBuggy
3,0.42819520831108093,1,1,129.93223571777344,12816.json,NotBuggy
7,2.7756314375437796E-4,1,9,108.61121368408203,3694.json,NotBuggy
4,0.7256754636764526,1,0,125.27178192138672,22646.json,NotBuggy
3,0.8831815719604492,1,0,133.59722900390625,6732.json,NotBuggy
3,0.6679004430770874,1,1,132.25152587890625,5551.json,NotBuggy
4,0.4859175980091095,1,0,125.64796447753906,22640.json,NotBuggy
3,0.764521062374115,1,0,131.9385528564453,23501.json,NotBuggy
7,0.06711696088314056,1,7,110.38150024414062,8573.json,NotBuggy
6,0.03157014399766922,2,3,112.9548110961914,4276.json,NotBuggy
10,0.009262703359127045,1,7,105.46251678466797,3345.json,NotBuggy
4,0.25473880767822266,1,1,124.4649429321289,21567.json,NotBuggy
6,0.0,3,7,109.70038604736328,2505.json,NotBuggy
3,0.9381090402603149,1,0,133.59722900390625,11834.json,NotBuggy
7,0.03267137333750725,1,6,110.47953796386719,3362.json,NotBuggy
3,0.7042097449302673,1,0,133.59722900390625,14975.json,NotBuggy
3,0.7105439901351929,1,1,132.086669921875,1618.json,NotBuggy
3,0.08101958781480789,1,1,129.2428436279297,15039.json,NotBuggy
2,0.9816722273826599,1,0,140.82913208007812,13709.json,NotBuggy
3,0.9381090402603149,1,0,133.59722900390625,4549.json,NotBuggy
4,0.3503381013870239,1,0,125.64796447753906,22685.json,NotBuggy
7,0.06589273363351822,2,3,110.88778686523438,18501.json,NotBuggy
2,0.8982434272766113,1,0,138.17149353027344,17465.json,NotBuggy
13,0.011838119477033615,4,7,96.86338806152344,7866.json,NotBuggy
4,0.015159589238464832,1,4,121.22734832763672,14796.json,NotBuggy
7,0.03444121032953262,1,8,111.8255386352539,3693.json,NotBuggy
5,0.02814251184463501,2,2,116.1720962524414,664.json,NotBuggy
4,0.5358891487121582,1,0,125.64796447753906,22000.json,NotBuggy
3,0.0035788705572485924,1,4,125.3664321899414,5890.json,NotBuggy
4,0.7827232480049133,1,0,125.64796447753906,23357.json,NotBuggy
6,0.3459773063659668,1,5,114.26679229736328,9504.json,NotBuggy
9,0.011359418742358685,2,7,105.75633239746094,6186.json,NotBuggy
3,0.38527652621269226,1,2,131.75106811523438,17391.json,NotBuggy
9,0.062368880957365036,2,7,105.11150360107422,7088.json,NotBuggy
4,0.625913679599762,1,0,125.64796447753906,21834.json,NotBuggy
6,0.8595902919769287,1,4,115.27146911621094,2389.json,NotBuggy
4,0.7119079828262329,1,0,125.27178192138672,2914.json,NotBuggy
3,0.8587781190872192,1,0,133.59722900390625,13205.json,NotBuggy
9,0.0129940714687109,3,6,105.1031494140625,1462.json,NotBuggy
3,0.24234648048877716,1,2,128.712890625,22320.json,NotBuggy
3,0.8537255525588989,1,0,133.59722900390625,22454.json,NotBuggy
3,0.7643547058105469,1,2,130.85629272460938,8138.json,NotBuggy
3,0.008780552074313164,1,2,127.102294921875,1989.json,NotBuggy
4,2.0107568707317114E-4,1,7,118.30847930908203,4473.json,NotBuggy
3,0.8621980547904968,1,2,131.75106811523438,19336.json,NotBuggy
12,0.07991494238376617,1,15,99.26646423339844,9160.json,NotBuggy
3,0.9038982391357422,1,0,133.59722900390625,9881.json,NotBuggy
3,0.7811756134033203,1,0,133.59722900390625,12600.json,NotBuggy
4,0.7256754636764526,1,0,125.27178192138672,21063.json,NotBuggy
3,0.8873574137687683,1,0,133.59722900390625,19057.json,NotBuggy
3,0.8666788339614868,1,1,130.44261169433594,1091.json,NotBuggy
21,0.00848607812076807,4,4,88.00077819824219,19339.json,NotBuggy
3,0.9317474365234375,1,0,133.59722900390625,10605.json,NotBuggy
11,0.023185180500149727,3,10,99.33714294433594,1434.json,NotBuggy
11,2.091835776809603E-4,2,19,98.3834457397461,12269.json,NotBuggy
7,0.0014056165236979723,1,8,109.65414428710938,10244.json,NotBuggy
3,0.22018787264823914,1,3,129.4591827392578,18390.json,Buggy
19,0.004144736565649509,2,16,88.50927734375,4881.json,NotBuggy
7,0.00112351740244776,2,3,109.36837768554688,3687.json,NotBuggy
3,0.9177879691123962,1,0,133.59722900390625,365.json,NotBuggy
4,0.6452637314796448,1,0,125.27178192138672,10275.json,NotBuggy
3,0.39005348086357117,1,1,131.46876525878906,13986.json,NotBuggy
3,0.1292300671339035,1,1,128.2562713623047,6315.json,NotBuggy
4,0.5709494948387146,1,0,125.27178192138672,479.json,NotBuggy
8,0.19324754178524017,2,2,110.02841186523438,6061.json,NotBuggy
6,0.08293704688549042,1,4,116.1915054321289,5118.json,NotBuggy
4,0.30748385190963745,2,2,121.39991760253906,6019.json,NotBuggy
4,0.7256754636764526,1,0,125.27178192138672,21698.json,NotBuggy
10,0.026746204122900963,2,7,103.89303588867188,14438.json,NotBuggy
18,0.0,5,20,87.69066619873047,20473.json,NotBuggy
3,0.5037137269973755,1,0,131.28770446777344,12656.json,NotBuggy
12,0.3000622093677521,5,0,100.78423309326172,4099.json,NotBuggy
3,0.027485275641083717,1,3,127.42049407958984,11736.json,NotBuggy
3,0.7212031483650208,1,1,132.25152587890625,14172.json,NotBuggy
3,0.17028729617595673,1,1,129.9696044921875,20054.json,NotBuggy
7,0.23695844411849976,2,2,111.41020202636719,14334.json,NotBuggy
16,1.1499426909722388E-4,5,13,92.41842651367188,1932.json,NotBuggy
3,0.8441471457481384,1,0,131.60296630859375,13994.json,NotBuggy
4,0.8801347017288208,1,0,125.5254898071289,17666.json,NotBuggy
3,0.4607144594192505,1,0,131.9385528564453,14496.json,NotBuggy
26,4.355122218839824E-4,6,17,79.9843521118164,20450.json,NotBuggy
3,0.6126872301101685,1,1,131.43582153320312,13967.json,NotBuggy
3,0.747458815574646,1,0,131.03103637695312,8003.json,NotBuggy
6,0.485541433095932,2,1,115.10722351074219,18128.json,NotBuggy
3,0.9558944702148438,1,0,133.59722900390625,12808.json,NotBuggy
26,4.113426839467138E-4,5,21,80.7926025390625,19909.json,NotBuggy
3,0.8910459876060486,1,0,133.59722900390625,23242.json,NotBuggy
3,0.9295686483383179,1,0,130.45266723632812,16737.json,NotBuggy
23,0.0027008780743926764,5,14,83.9044189453125,1803.json,NotBuggy
7,0.00592580484226346,1,12,108.43404388427734,1991.json,NotBuggy
17,0.001173736178316176,3,18,90.72574615478516,3558.json,NotBuggy
3,0.680420458316803,1,1,132.25152587890625,23427.json,NotBuggy
3,0.9318479895591736,1,0,133.59722900390625,14170.json,NotBuggy
4,0.4859175980091095,1,0,125.64796447753906,21650.json,NotBuggy
7,0.6257761716842651,2,3,112.25244903564453,1794.json,NotBuggy
3,0.7118625640869141,1,1,131.28770446777344,19046.json,NotBuggy
3,0.8885472416877747,1,0,133.59722900390625,18135.json,NotBuggy
3,0.9621713757514954,1,0,133.59722900390625,21761.json,NotBuggy
3,0.9157336354255676,1,0,134.26058959960938,5153.json,NotBuggy
3,0.08806277811527252,1,1,129.81976318359375,1623.json,NotBuggy
3,0.8607810735702515,1,0,133.59722900390625,11156.json,NotBuggy
3,0.9558944702148438,1,0,133.59722900390625,15620.json,NotBuggy
7,1.5550096577499062E-4,1,7,108.72412109375,20766.json,NotBuggy
6,0.013107134960591793,1,6,114.3252182006836,2643.json,NotBuggy
3,0.37158676981925964,1,1,129.37762451171875,8048.json,NotBuggy
4,0.7119079828262329,1,0,125.27178192138672,23255.json,NotBuggy
4,0.6988435983657837,1,0,125.27178192138672,21676.json,NotBuggy
3,0.15513306856155396,1,1,130.99049377441406,5871.json,NotBuggy
3,0.8385810852050781,1,0,131.9385528564453,22883.json,NotBuggy
3,0.6685173511505127,1,1,131.28770446777344,3460.json,NotBuggy
3,0.015507465228438377,1,2,128.0374755859375,606.json,NotBuggy
11,0.038480885326862335,3,3,101.15357971191406,19004.json,NotBuggy
3,0.793246865272522,1,0,133.59722900390625,18353.json,NotBuggy
3,0.0053705028258264065,1,3,125.87184143066406,2819.json,NotBuggy
6,3.1141802901402116E-4,1,8,112.0378646850586,3256.json,NotBuggy
3,0.845618724822998,1,0,133.59722900390625,19045.json,NotBuggy
3,0.7779529690742493,1,0,133.59722900390625,23166.json,NotBuggy
3,0.49031469225883484,1,1,130.45266723632812,17893.json,NotBuggy
3,0.6032326221466064,1,0,131.28770446777344,11018.json,NotBuggy
8,0.03867197409272194,2,3,109.13993835449219,11723.json,NotBuggy
7,0.031638242304325104,1,6,111.06819915771484,19460.json,NotBuggy
3,0.9457477331161499,1,0,133.59722900390625,426.json,NotBuggy
4,0.7119079828262329,1,0,125.27178192138672,15591.json,NotBuggy
3,0.07375134527683258,1,0,130.07347106933594,728.json,NotBuggy
11,1.7769144324120134E-4,1,14,100.85372161865234,22960.json,NotBuggy
3,0.5462533235549927,1,0,131.9385528564453,5560.json,NotBuggy
3,0.06449653208255768,1,1,130.05470275878906,8013.json,NotBuggy
3,0.15056414902210236,1,2,129.81280517578125,12813.json,NotBuggy
6,0.029701923951506615,1,7,114.33689880371094,16262.json,NotBuggy
3,0.793246865272522,1,0,133.59722900390625,13103.json,NotBuggy
16,0.0,4,19,91.1998519897461,4331.json,NotBuggy
3,0.8431631922721863,1,0,133.59722900390625,11569.json,NotBuggy
9,0.004556834232062101,1,12,105.9718017578125,3209.json,NotBuggy
3,0.3327888548374176,1,2,128.83535766601562,18227.json,NotBuggy
6,0.0018893986707553267,3,7,111.84796905517578,5575.json,NotBuggy
4,0.2823043763637543,1,2,123.37332153320312,20848.json,NotBuggy
4,0.002000759355723858,1,0,125.27178192138672,10827.json,NotBuggy
3,0.9558944702148438,1,0,133.59722900390625,21864.json,NotBuggy
13,0.018522676080465317,1,8,97.54100799560547,5224.json,NotBuggy
3,0.9348976612091064,1,0,133.59722900390625,16108.json,NotBuggy
3,0.9225931167602539,1,0,133.59722900390625,7281.json,NotBuggy
12,0.05187606438994408,3,2,99.13050842285156,985.json,NotBuggy
8,0.8056536316871643,1,0,111.023681640625,6190.json,NotBuggy
3,0.9078042507171631,1,0,132.4454345703125,19181.json,NotBuggy
3,0.8403804898262024,1,0,133.59722900390625,3759.json,NotBuggy
4,0.6067095398902893,1,0,125.64796447753906,23572.json,NotBuggy
7,0.042623717337846756,1,8,112.03626251220703,8748.json,NotBuggy
11,0.0022299354895949364,2,12,100.1147232055664,20731.json,NotBuggy
3,0.8353855013847351,1,0,133.59722900390625,20985.json,NotBuggy
3,0.793246865272522,1,0,133.59722900390625,11982.json,NotBuggy
3,0.270944207906723,1,3,129.12539672851562,8680.json,NotBuggy
3,0.8403804898262024,1,0,133.59722900390625,6437.json,NotBuggy
4,0.7499582767486572,1,0,125.64796447753906,11671.json,NotBuggy
11,0.0,2,11,98.31717681884766,8131.json,NotBuggy
3,0.04159217327833176,1,0,130.07347106933594,737.json,NotBuggy
4,0.618068516254425,1,0,125.27178192138672,18018.json,NotBuggy
3,0.8814632296562195,1,0,133.59722900390625,12325.json,NotBuggy
4,0.4859175980091095,1,0,125.64796447753906,4500.json,NotBuggy
3,0.8268876075744629,1,0,134.26058959960938,2695.json,NotBuggy
3,0.47827836871147156,1,0,133.59722900390625,13574.json,NotBuggy
10,0.00347501365467906,2,11,100.66858673095703,4310.json,NotBuggy
26,0.0,5,23,80.68118286132812,20265.json,NotBuggy
3,0.8478386998176575,1,0,133.59722900390625,17838.json,NotBuggy
3,0.8516625165939331,1,0,132.4454345703125,6324.json,NotBuggy
3,0.6555331945419312,1,1,131.75106811523438,1861.json,NotBuggy
3,0.5835256576538086,1,2,128.0600128173828,17140.json,NotBuggy
3,0.7534604668617249,1,1,130.99049377441406,1766.json,NotBuggy
3,0.7851124405860901,1,0,131.28770446777344,16611.json,NotBuggy
3,0.8353855013847351,1,0,133.59722900390625,18362.json,NotBuggy
3,0.9153783321380615,1,0,133.59722900390625,18434.json,NotBuggy
3,0.5404261946678162,1,0,133.59722900390625,11935.json,NotBuggy
8,0.3452315330505371,2,4,109.18710327148438,4275.json,Buggy
9,4.4705334585160017E-4,2,12,102.62628173828125,10897.json,NotBuggy
7,0.010962743312120438,3,5,108.9560775756836,14700.json,NotBuggy
8,0.03246622160077095,2,4,106.36874389648438,5070.json,NotBuggy
8,0.003490231465548277,2,9,105.0935287475586,18249.json,NotBuggy
3,0.6754899621009827,1,0,132.4454345703125,14866.json,NotBuggy
4,0.502638578414917,1,0,125.64796447753906,21238.json,NotBuggy
3,0.0020974928047508,2,0,125.51249694824219,621.json,NotBuggy
14,0.7144432663917542,5,6,96.18826293945312,18502.json,NotBuggy
4,0.7353019714355469,1,0,125.27178192138672,2974.json,NotBuggy
4,0.6254704594612122,1,0,125.27178192138672,23508.json,NotBuggy
33,0.0036208219826221466,7,17,75.69928741455078,18821.json,NotBuggy
4,0.7119079828262329,1,0,125.27178192138672,3762.json,NotBuggy
11,3.738470550160855E-4,2,13,100.133056640625,4405.json,NotBuggy
4,0.029854176566004753,1,2,122.85169219970703,15790.json,NotBuggy
3,0.9748436212539673,1,1,130.85629272460938,20031.json,NotBuggy
13,0.0,3,7,97.09568786621094,568.json,NotBuggy
3,0.8983809351921082,1,0,133.59722900390625,23284.json,NotBuggy
8,0.02896769717335701,1,8,108.42887878417969,23587.json,NotBuggy
4,0.6591805219650269,1,0,125.27178192138672,16526.json,NotBuggy
3,0.6920579075813293,1,0,133.59722900390625,7031.json,NotBuggy
3,0.10630153864622116,1,1,129.81976318359375,1622.json,NotBuggy
30,0.0,10,13,78.19147491455078,795.json,NotBuggy
3,0.8320103883743286,1,0,132.9956512451172,16311.json,NotBuggy
7,0.008098802529275417,2,7,108.30745697021484,19911.json,NotBuggy
3,0.9231117963790894,1,0,132.9956512451172,11454.json,NotBuggy
4,0.005307067651301622,1,3,121.27667999267578,73.json,NotBuggy
4,0.652977466583252,1,0,125.64796447753906,19555.json,NotBuggy
3,0.8537255525588989,1,0,133.59722900390625,10320.json,NotBuggy
3,0.9106290936470032,1,0,133.59722900390625,19964.json,NotBuggy
3,0.5304227471351624,1,0,132.086669921875,19965.json,NotBuggy
15,0.030016478151082993,3,7,94.86021423339844,9323.json,NotBuggy
3,0.8356793522834778,1,0,133.59722900390625,11647.json,NotBuggy
4,0.046974699944257736,1,4,121.90575408935547,9198.json,NotBuggy
3,0.6419322490692139,1,0,133.59722900390625,9785.json,NotBuggy
4,0.34066110849380493,1,0,125.64796447753906,22850.json,NotBuggy
3,0.9340493083000183,1,0,133.59722900390625,18243.json,NotBuggy
5,0.7033427953720093,2,2,120.73249816894531,8811.json,NotBuggy
11,4.982191603630781E-4,1,18,99.165771484375,14403.json,NotBuggy
8,0.012352834455668926,1,8,108.65271759033203,21958.json,NotBuggy
4,0.4859175980091095,1,0,125.64796447753906,21744.json,NotBuggy
3,0.8152434825897217,1,0,133.59722900390625,12197.json,NotBuggy
3,0.7216501832008362,1,0,131.03103637695312,535.json,NotBuggy
3,0.5128350257873535,1,2,130.57513427734375,583.json,NotBuggy
3,0.001637953333556652,1,3,126.21087646484375,9209.json,NotBuggy
6,0.31269294023513794,2,3,115.4541244506836,445.json,NotBuggy
3,0.7212031483650208,1,1,132.25152587890625,14014.json,NotBuggy
3,0.803116500377655,1,0,133.59722900390625,4534.json,NotBuggy
2,0.4969656765460968,1,0,139.0139617919922,434.json,NotBuggy
9,1.9478093599900603E-4,1,13,104.43447875976562,3895.json,NotBuggy
3,0.8428380489349365,1,0,130.70933532714844,981.json,NotBuggy
3,0.8967178463935852,1,0,133.59722900390625,9824.json,NotBuggy
8,2.3048189177643508E-4,1,10,104.85784149169922,2889.json,NotBuggy
3,0.7628614902496338,1,2,130.44261169433594,14882.json,NotBuggy
4,0.36614933609962463,1,2,123.28931427001953,13594.json,NotBuggy
3,0.9153783321380615,1,0,133.59722900390625,22053.json,NotBuggy
15,3.06421221466735E-4,3,13,92.52931213378906,13978.json,NotBuggy
3,0.7914398312568665,1,0,133.59722900390625,7221.json,NotBuggy
10,0.10392860323190689,2,5,102.51268768310547,16877.json,NotBuggy
6,0.0019173810724169016,2,6,112.59664916992188,1812.json,NotBuggy
10,0.015522163361310959,1,10,102.8741226196289,2375.json,NotBuggy
4,0.7119079828262329,1,0,125.27178192138672,21248.json,NotBuggy
8,0.6551179885864258,3,0,110.90596771240234,6412.json,NotBuggy
11,0.012517093680799007,2,10,101.961669921875,2504.json,NotBuggy
14,0.03313811495900154,2,6,95.5970230102539,8052.json,NotBuggy
3,0.9621713757514954,1,0,133.59722900390625,23328.json,NotBuggy
13,0.005610347259789705,1,8,97.20059204101562,4554.json,NotBuggy
4,0.25230950117111206,1,0,125.64796447753906,11817.json,NotBuggy
3,0.6767507195472717,1,0,133.59722900390625,17824.json,NotBuggy
8,0.12454491853713989,2,3,108.18831634521484,16235.json,Buggy
3,0.7972519397735596,1,2,129.2428436279297,3803.json,NotBuggy
3,0.8591899871826172,1,0,131.43582153320312,14794.json,NotBuggy
4,0.3336457312107086,1,0,125.64796447753906,11825.json,Buggy
3,0.8853198885917664,1,0,133.59722900390625,8552.json,NotBuggy
7,0.9387160539627075,1,0,112.77422332763672,14221.json,NotBuggy
4,0.7119079828262329,1,0,125.27178192138672,4167.json,NotBuggy
4,0.6202993988990784,1,0,125.64796447753906,10332.json,NotBuggy
6,0.903355598449707,1,0,116.7360610961914,16455.json,NotBuggy
3,0.4414311647415161,1,1,130.57513427734375,19314.json,NotBuggy
3,0.9621713757514954,1,0,133.59722900390625,21501.json,NotBuggy
3,0.008871099911630154,1,4,126.63631439208984,10334.json,NotBuggy
7,0.3405824899673462,2,2,111.29325103759766,2872.json,NotBuggy
2,0.7896558046340942,1,0,140.82913208007812,3491.json,NotBuggy
3,0.8636730909347534,1,0,133.59722900390625,905.json,NotBuggy
3,0.02335851453244686,1,2,128.1388702392578,2624.json,NotBuggy
27,0.0,5,27,80.39401245117188,4369.json,NotBuggy
6,0.19352740049362183,2,4,114.28350830078125,13995.json,NotBuggy
8,0.0028103096410632133,2,9,107.0820083618164,19884.json,NotBuggy
11,0.019701829180121422,2,9,100.55792236328125,14426.json,NotBuggy
15,0.04511331766843796,1,11,94.30338287353516,4525.json,NotBuggy
3,0.9009784460067749,1,0,133.59722900390625,13227.json,NotBuggy
3,0.8353855013847351,1,0,133.59722900390625,20930.json,NotBuggy
4,0.6617034077644348,1,0,125.27178192138672,23157.json,NotBuggy
3,0.19617436826229095,1,2,129.0215301513672,18877.json,NotBuggy
5,0.20235572755336761,1,2,119.31562042236328,15866.json,NotBuggy
3,0.7512519955635071,1,2,130.30841064453125,1128.json,NotBuggy
4,0.006075164303183556,1,5,122.21297454833984,4541.json,NotBuggy
3,0.7811756134033203,1,0,133.59722900390625,18643.json,NotBuggy
3,0.0027050150092691183,1,3,128.22288513183594,650.json,NotBuggy
4,0.7119079828262329,1,0,125.27178192138672,22644.json,NotBuggy
8,0.060981422662734985,2,3,107.64583587646484,8109.json,NotBuggy
12,0.42747899889945984,3,5,101.40034484863281,32.json,NotBuggy
8,0.03904077410697937,3,2,107.27796173095703,19423.json,NotBuggy
21,9.132217965088785E-4,10,15,85.09735107421875,14667.json,NotBuggy
3,0.8152434825897217,1,0,133.59722900390625,22704.json,NotBuggy
10,0.806066632270813,3,2,104.72284698486328,11773.json,NotBuggy
3,0.8087215423583984,1,0,133.59722900390625,6606.json,NotBuggy
3,0.8853198885917664,1,0,133.59722900390625,486.json,NotBuggy
4,0.4072180688381195,1,0,125.64796447753906,22072.json,NotBuggy
6,0.703899621963501,2,0,116.21601867675781,14279.json,NotBuggy
4,0.7119079828262329,1,0,125.27178192138672,21970.json,NotBuggy
3,0.8152434825897217,1,0,133.59722900390625,2532.json,NotBuggy
3,0.9500806331634521,1,1,133.18099975585938,19592.json,NotBuggy
14,0.003113972954452038,3,8,94.95265197753906,6580.json,Buggy
3,0.08055282384157181,1,0,133.59722900390625,2144.json,NotBuggy
3,0.9381090402603149,1,0,133.59722900390625,21205.json,NotBuggy
19,0.008102563209831715,2,19,87.41373443603516,4899.json,NotBuggy
3,0.47510039806365967,1,0,130.07347106933594,16779.json,NotBuggy
15,0.002950791735202074,3,15,92.39897918701172,3132.json,NotBuggy
3,0.771950900554657,1,0,131.43582153320312,15018.json,NotBuggy
3,0.8763893246650696,1,0,131.9385528564453,4184.json,NotBuggy
3,0.9438602924346924,1,0,133.59722900390625,10797.json,NotBuggy
4,0.5558582544326782,1,0,126.04888916015625,12432.json,NotBuggy
6,0.6884106993675232,2,0,116.7609634399414,17194.json,NotBuggy
4,0.6742359399795532,1,0,124.91740417480469,6506.json,NotBuggy
3,0.8152434825897217,1,0,133.59722900390625,21076.json,NotBuggy
3,0.05568002909421921,1,1,131.43582153320312,6101.json,NotBuggy
4,0.42660942673683167,1,0,125.64796447753906,11681.json,NotBuggy
3,0.546362578868866,1,1,131.75106811523438,5939.json,NotBuggy
8,0.017066743224859238,1,8,108.48876953125,22968.json,NotBuggy
12,0.017987007275223732,3,9,97.35569763183594,2891.json,NotBuggy
3,0.9533982276916504,1,0,133.59722900390625,21519.json,NotBuggy
2,0.9977049231529236,1,0,142.4026641845703,8325.json,NotBuggy
14,0.0010609353194013238,4,14,94.5693130493164,4123.json,NotBuggy
3,0.7023510336875916,1,0,131.9385528564453,13126.json,NotBuggy
2,0.9947377443313599,1,0,140.82913208007812,10018.json,NotBuggy
17,0.044540852308273315,4,10,91.86849212646484,4280.json,NotBuggy
5,0.30251142382621765,1,2,119.94457244873047,1045.json,NotBuggy
3,0.32999223470687866,1,2,129.69032287597656,11730.json,NotBuggy
3,0.9433556795120239,1,0,133.59722900390625,169.json,NotBuggy
12,0.0032442333176732063,2,8,99.76060485839844,1836.json,NotBuggy
15,0.11967659741640091,3,4,94.76806640625,21592.json,NotBuggy
3,0.6407419443130493,1,2,130.45266723632812,19593.json,NotBuggy
4,0.6542838215827942,1,0,125.27178192138672,10844.json,NotBuggy
6,0.7053694128990173,2,2,116.5784912109375,13784.json,NotBuggy
11,0.017769966274499893,3,3,101.50117492675781,13977.json,NotBuggy
3,0.23109060525894165,1,1,130.07347106933594,9274.json,NotBuggy
10,0.03633508458733559,3,7,102.87239074707031,6151.json,NotBuggy
5,0.005547429900616407,2,7,116.1720962524414,14468.json,NotBuggy
4,0.4334682822227478,1,0,125.64796447753906,19700.json,NotBuggy
19,0.0011146079050377011,4,20,86.9616928100586,3817.json,NotBuggy
7,0.026690538972616196,2,7,109.6711654663086,16644.json,NotBuggy
3,0.7020398378372192,1,0,132.9956512451172,16060.json,NotBuggy
5,0.2088129222393036,2,2,118.21156311035156,17944.json,Buggy
3,0.4644734263420105,1,0,131.60296630859375,460.json,NotBuggy
8,0.01155779417604208,2,8,106.30162048339844,19829.json,NotBuggy
4,0.7643980979919434,1,0,125.64796447753906,11872.json,NotBuggy
3,0.7707571983337402,1,1,130.85629272460938,7239.json,NotBuggy
10,0.4996362030506134,3,4,103.6401596069336,15806.json,NotBuggy
4,0.6958533525466919,1,0,125.5254898071289,12714.json,NotBuggy
3,0.4173286259174347,1,1,130.34019470214844,15966.json,NotBuggy
9,0.048316068947315216,3,4,105.4358901977539,17598.json,NotBuggy
5,0.007600352633744478,2,4,116.50769805908203,4098.json,NotBuggy
3,0.5804060697555542,1,4,128.22288513183594,17035.json,NotBuggy
8,0.037723466753959656,2,7,107.01959228515625,3698.json,NotBuggy
12,0.0,1,17,98.21343231201172,21857.json,NotBuggy
4,0.6079862713813782,1,0,125.64796447753906,206.json,NotBuggy
3,0.2256792187690735,1,0,133.59722900390625,9820.json,NotBuggy
4,0.4309970438480377,1,0,125.64796447753906,23512.json,NotBuggy
3,0.9457477331161499,1,0,133.59722900390625,18253.json,NotBuggy
3,0.9183706045150757,1,0,132.4454345703125,743.json,NotBuggy
3,0.6409366726875305,1,0,131.91592407226562,986.json,NotBuggy
7,0.0031378876883536577,1,4,109.65047454833984,18211.json,NotBuggy
9,0.0014942005509510636,1,5,104.42240905761719,17635.json,NotBuggy
4,0.4578258693218231,1,0,125.64796447753906,10678.json,NotBuggy
3,0.7131662368774414,1,0,131.9385528564453,3011.json,NotBuggy
8,0.6133548021316528,3,1,108.95710754394531,15144.json,NotBuggy
5,3.5285213380120695E-4,1,3,116.35194396972656,19296.json,NotBuggy
12,0.024886969476938248,3,8,98.13003540039062,16731.json,NotBuggy
3,0.9346750378608704,1,0,133.59722900390625,21546.json,NotBuggy
6,0.016201777383685112,2,5,113.11192321777344,3873.json,NotBuggy
3,0.524097740650177,1,1,130.34019470214844,15829.json,NotBuggy
3,0.951210081577301,1,1,133.80813598632812,5609.json,NotBuggy
4,0.740379273891449,1,0,125.64796447753906,3218.json,NotBuggy
3,0.10106885433197021,1,3,128.31268310546875,13828.json,NotBuggy
4,0.42660942673683167,1,0,125.64796447753906,10630.json,NotBuggy
4,0.5092098712921143,1,0,124.26470947265625,15581.json,NotBuggy
9,0.018543599173426628,1,8,104.69835662841797,14405.json,NotBuggy
4,0.7044928669929504,1,0,125.27178192138672,21035.json,NotBuggy
3,0.8479037284851074,1,1,131.60296630859375,16356.json,NotBuggy
3,0.8912534713745117,1,0,133.59722900390625,19554.json,NotBuggy
9,0.05341650918126106,2,3,106.15443420410156,20141.json,NotBuggy
5,0.028607521206140518,1,2,117.17095947265625,20850.json,NotBuggy
11,0.08309958875179291,3,7,102.03974151611328,20027.json,NotBuggy
3,0.8161838054656982,1,0,130.7338104248047,14155.json,NotBuggy
3,0.8793336153030396,1,0,133.59722900390625,14677.json,NotBuggy
3,0.9476040005683899,1,0,133.59722900390625,8638.json,NotBuggy
3,0.9060057401657104,1,0,133.59722900390625,22059.json,NotBuggy
4,0.09099613130092621,1,1,121.76114654541016,5639.json,NotBuggy
4,0.35150566697120667,1,0,125.64796447753906,5498.json,NotBuggy
3,0.8152434825897217,1,0,133.59722900390625,13100.json,NotBuggy
3,0.9115438461303711,1,0,133.59722900390625,17854.json,NotBuggy
3,0.9457477331161499,1,0,133.59722900390625,6368.json,NotBuggy
9,0.019988223910331726,2,6,107.11756134033203,4804.json,NotBuggy
8,0.006563147064298391,3,2,106.5769271850586,10984.json,NotBuggy
9,0.6441763043403625,2,3,107.53836059570312,33.json,NotBuggy
3,0.41557157039642334,1,2,129.34671020507812,10132.json,NotBuggy
3,0.8674365282058716,1,0,133.59722900390625,3977.json,NotBuggy
3,0.2679223418235779,1,2,128.0600128173828,12922.json,NotBuggy
4,0.1261010617017746,1,2,123.94486236572266,6796.json,NotBuggy
9,0.673550009727478,2,2,108.60879516601562,17346.json,NotBuggy
4,0.6413531303405762,1,0,125.27178192138672,23217.json,NotBuggy
4,0.8535977602005005,1,0,125.15930938720703,1481.json,NotBuggy
11,0.5523017048835754,3,3,102.13055419921875,8526.json,NotBuggy
4,0.015159589238464832,1,4,121.22734832763672,14803.json,NotBuggy
4,0.7119079828262329,1,0,125.27178192138672,4659.json,NotBuggy
3,0.9457477331161499,1,0,133.59722900390625,21060.json,NotBuggy
6,0.4641415774822235,1,4,114.84461975097656,4017.json,NotBuggy
4,0.7119079828262329,1,0,125.27178192138672,23454.json,NotBuggy
11,0.007189186289906502,1,10,100.88522338867188,7861.json,NotBuggy
3,0.4950951039791107,1,1,130.45266723632812,15718.json,NotBuggy
12,0.01583782769739628,3,5,98.24932098388672,18621.json,NotBuggy
4,0.01401603128761053,1,2,122.93054962158203,12349.json,NotBuggy
3,0.9240373373031616,1,0,133.59722900390625,22170.json,NotBuggy
4,0.7670657634735107,1,0,125.64796447753906,21226.json,NotBuggy
9,0.0,2,12,102.5739974975586,2600.json,NotBuggy
4,0.7256754636764526,1,0,125.27178192138672,23119.json,NotBuggy
3,0.4563010334968567,1,1,129.81976318359375,11867.json,NotBuggy
3,0.24129876494407654,1,1,130.07347106933594,15968.json,NotBuggy
10,0.0025597731582820415,1,16,101.29708862304688,6965.json,NotBuggy
3,0.6957149505615234,1,0,133.59722900390625,14988.json,NotBuggy
4,0.694719135761261,1,0,125.5254898071289,6253.json,NotBuggy
19,0.008476725779473782,6,7,91.06096649169922,13782.json,NotBuggy
3,0.4084230065345764,1,1,131.43582153320312,6040.json,NotBuggy
3,0.7443348169326782,1,0,133.59722900390625,4248.json,NotBuggy
3,0.9294750690460205,1,0,133.59722900390625,18413.json,NotBuggy
3,0.8403428792953491,1,0,130.99049377441406,13837.json,NotBuggy
3,0.2823794186115265,1,3,129.0215301513672,6527.json,NotBuggy
3,0.8735366463661194,1,1,131.28770446777344,6893.json,NotBuggy
3,0.9381090402603149,1,0,133.59722900390625,21167.json,NotBuggy
4,0.4180580973625183,1,0,125.64796447753906,22750.json,NotBuggy
4,0.7119079828262329,1,0,125.27178192138672,22778.json,NotBuggy
9,0.018475888296961784,2,12,102.83795166015625,7987.json,NotBuggy
6,0.07682878524065018,1,5,113.45140075683594,8389.json,NotBuggy
6,0.21888920664787292,3,0,114.66436004638672,5217.json,NotBuggy
13,0.008719684556126595,1,13,96.86444854736328,3619.json,NotBuggy
3,0.6927605867385864,1,1,131.1385955810547,8156.json,NotBuggy
3,0.3298323452472687,1,2,129.0255889892578,6285.json,NotBuggy
6,0.026716936379671097,2,2,113.22821807861328,7225.json,NotBuggy
4,0.7151249647140503,1,0,125.27178192138672,21532.json,NotBuggy
4,0.7606156468391418,1,0,125.64796447753906,494.json,NotBuggy
3,0.7617850303649902,1,0,132.4454345703125,14695.json,NotBuggy
15,0.0,1,16,94.30242919921875,2159.json,NotBuggy
3,0.2334340363740921,1,1,130.57513427734375,17505.json,NotBuggy
4,0.7256754636764526,1,0,125.27178192138672,22740.json,NotBuggy
4,0.7151249647140503,1,0,125.27178192138672,23570.json,NotBuggy
5,0.050086721777915955,1,3,117.87247467041016,20319.json,NotBuggy
3,0.8968747854232788,1,0,133.59722900390625,11976.json,NotBuggy
2,0.9801563024520874,1,0,138.03729248046875,2483.json,NotBuggy
3,0.9558944702148438,1,0,133.59722900390625,23224.json,NotBuggy
2,0.9975274205207825,1,0,142.4026641845703,8163.json,NotBuggy
3,0.4895433485507965,1,1,130.99049377441406,5889.json,NotBuggy
7,0.5203272104263306,2,4,110.01335906982422,8315.json,NotBuggy
6,0.17154431343078613,2,4,112.98219299316406,8625.json,NotBuggy
3,0.06802016496658325,1,3,128.60531616210938,14333.json,NotBuggy
3,0.5516259074211121,1,1,129.4591827392578,6047.json,NotBuggy
3,0.8269398808479309,2,0,147.02969360351562,6689.json,NotBuggy
4,0.02435169368982315,1,3,123.10436248779297,3342.json,NotBuggy
7,0.29620158672332764,2,1,112.32669830322266,20456.json,NotBuggy
3,0.9034404754638672,1,0,133.59722900390625,6935.json,NotBuggy
3,0.8269710540771484,1,1,132.61029052734375,5005.json,NotBuggy
4,0.48952603340148926,1,0,125.64796447753906,12868.json,NotBuggy
7,0.051760006695985794,2,2,110.52294921875,20050.json,NotBuggy
7,0.17743171751499176,1,6,111.35248565673828,3411.json,NotBuggy
4,0.4859175980091095,1,0,125.64796447753906,22124.json,NotBuggy
4,0.1372857391834259,1,1,124.1488037109375,1739.json,NotBuggy
3,0.017146851867437363,1,3,127.102294921875,14421.json,NotBuggy
3,0.9457477331161499,1,0,133.59722900390625,21531.json,NotBuggy
3,0.6324557065963745,1,0,131.9385528564453,9177.json,NotBuggy
3,0.04222053661942482,1,1,127.68843078613281,2109.json,NotBuggy
4,0.2727111876010895,1,1,123.39956665039062,805.json,NotBuggy
4,0.5227673053741455,1,3,124.04872131347656,8770.json,NotBuggy
10,0.0,1,30,99.85906982421875,7759.json,NotBuggy
3,0.8832547664642334,1,0,131.91592407226562,4498.json,NotBuggy
3,0.3040536046028137,1,2,129.69032287597656,12753.json,NotBuggy
4,0.4395809769630432,1,0,124.91740417480469,3272.json,NotBuggy
3,0.0020502773113548756,1,0,127.94110107421875,19069.json,NotBuggy
4,0.7536337375640869,1,0,125.64796447753906,21208.json,NotBuggy
3,0.911578893661499,1,0,132.9956512451172,18110.json,NotBuggy
3,0.7654861807823181,1,1,130.07347106933594,12914.json,NotBuggy
3,0.8463761806488037,1,0,133.59722900390625,4961.json,NotBuggy
4,0.03532824292778969,1,0,123.47842407226562,4445.json,NotBuggy
3,0.925599992275238,1,0,133.59722900390625,13056.json,NotBuggy
3,0.836462140083313,1,0,133.59722900390625,11164.json,NotBuggy
3,0.7558708786964417,1,0,131.9385528564453,3763.json,NotBuggy
4,0.3478201627731323,1,0,124.58238983154297,22108.json,NotBuggy
3,0.7710771560668945,1,0,131.9385528564453,1971.json,NotBuggy
4,0.30633896589279175,1,0,125.64796447753906,10349.json,NotBuggy
4,0.7119079828262329,1,0,125.27178192138672,4972.json,NotBuggy
4,0.7120726704597473,1,2,123.8484878540039,3072.json,NotBuggy
3,0.4329219162464142,1,0,134.26058959960938,6616.json,NotBuggy
3,0.007058878894895315,1,0,129.2428436279297,14716.json,NotBuggy
4,0.7536337375640869,1,0,125.64796447753906,21258.json,NotBuggy
3,0.0909547433257103,1,0,129.28781127929688,1909.json,NotBuggy
3,0.0972205176949501,1,2,128.712890625,5211.json,NotBuggy
3,0.8591899871826172,1,0,131.43582153320312,14806.json,NotBuggy
3,0.7954455018043518,1,1,130.18594360351562,16042.json,NotBuggy
25,1.3137921632733196E-4,1,24,82.60091400146484,5231.json,NotBuggy
3,0.8767094016075134,1,0,133.59722900390625,10569.json,NotBuggy
2,0.9451468586921692,1,0,138.03729248046875,5436.json,NotBuggy
4,0.30406829714775085,1,0,125.64796447753906,22424.json,NotBuggy
3,0.42943713068962097,1,1,131.75106811523438,1752.json,NotBuggy
4,0.7119079828262329,1,0,125.27178192138672,22999.json,NotBuggy
10,0.0,2,12,100.02032470703125,8204.json,NotBuggy
3,0.9317474365234375,1,0,133.59722900390625,12994.json,NotBuggy
3,0.9138857126235962,1,0,133.59722900390625,20605.json,NotBuggy
3,0.6796339154243469,1,0,133.59722900390625,4963.json,NotBuggy
4,0.5554766058921814,1,0,125.27178192138672,3623.json,NotBuggy
3,0.16011296212673187,1,0,132.4454345703125,23393.json,NotBuggy
4,0.29850199818611145,1,0,124.58238983154297,13131.json,NotBuggy
12,0.021273860707879066,1,13,99.4122314453125,2907.json,NotBuggy
3,0.6424807906150818,1,1,130.99049377441406,5857.json,NotBuggy
3,0.6162002682685852,1,1,131.75106811523438,5516.json,NotBuggy
4,0.6988435983657837,1,0,125.27178192138672,20986.json,NotBuggy
3,2.869306190405041E-4,1,0,126.56407165527344,814.json,NotBuggy
3,0.7522847652435303,1,1,131.28770446777344,19277.json,NotBuggy
14,0.0,1,48,91.7551498413086,17397.json,NotBuggy
3,0.06972505152225494,1,1,128.21994018554688,4916.json,NotBuggy
7,0.010794658213853836,1,7,111.13117218017578,23236.json,NotBuggy
3,0.08762037009000778,1,3,127.43789672851562,11682.json,NotBuggy
3,0.5853798985481262,1,2,129.93223571777344,20293.json,NotBuggy
3,0.5049937963485718,1,1,129.93223571777344,10343.json,NotBuggy
3,0.0014141377760097384,1,0,126.94014739990234,18943.json,NotBuggy
3,0.9444850087165833,1,0,132.9956512451172,16318.json,NotBuggy
4,0.6254518628120422,1,0,125.27178192138672,4593.json,NotBuggy
4,0.6254704594612122,1,0,125.27178192138672,23536.json,NotBuggy
3,0.6807280778884888,1,1,129.37762451171875,14143.json,NotBuggy
3,0.8508948087692261,1,0,133.59722900390625,18125.json,NotBuggy
5,0.4885392487049103,1,2,118.07797241210938,7208.json,NotBuggy
5,0.002876300597563386,1,2,117.2905044555664,19901.json,NotBuggy
8,0.020257851108908653,2,6,108.03524780273438,3399.json,NotBuggy
12,0.005267711356282234,1,11,99.62165069580078,8201.json,NotBuggy
5,0.030765285715460777,1,4,115.587646484375,3360.json,NotBuggy
3,0.9467761516571045,1,0,133.59722900390625,13105.json,NotBuggy
17,6.260221125558019E-4,4,17,90.0196304321289,16296.json,NotBuggy
8,0.0033375252969563007,1,10,108.45269775390625,9751.json,NotBuggy
3,0.43145498633384705,1,1,129.7158966064453,1209.json,NotBuggy
3,0.829919695854187,1,0,131.46876525878906,8574.json,NotBuggy
4,0.8544273972511292,1,0,125.5254898071289,18008.json,NotBuggy
3,0.7402260303497314,1,0,131.9385528564453,16658.json,NotBuggy
3,0.9381090402603149,1,0,133.59722900390625,3064.json,NotBuggy
3,0.014064238406717777,1,0,133.59722900390625,22150.json,NotBuggy
3,0.0,2,0,126.20685577392578,15195.json,NotBuggy
12,0.007355709560215473,2,9,98.97189331054688,6960.json,NotBuggy
7,0.04785534366965294,1,5,110.53502655029297,19484.json,NotBuggy
4,0.7584372162818909,1,0,125.15930938720703,16319.json,NotBuggy
3,0.9165305495262146,1,0,133.59722900390625,6740.json,NotBuggy
3,0.5611699819564819,1,1,131.43582153320312,13687.json,NotBuggy
3,0.4764012098312378,1,1,130.05470275878906,12892.json,NotBuggy
3,0.9381090402603149,1,0,133.59722900390625,2680.json,NotBuggy
14,0.00467382138594985,3,7,95.74321746826172,3905.json,NotBuggy
15,0.01069643720984459,2,12,93.5975570678711,15274.json,Buggy
3,0.6665319204330444,2,2,128.91647338867188,1259.json,NotBuggy
3,0.9310644865036011,1,0,133.59722900390625,23485.json,NotBuggy
4,0.625913679599762,1,0,125.64796447753906,21710.json,NotBuggy
14,0.013480504043400288,3,12,95.060791015625,5357.json,NotBuggy
3,0.1236427053809166,1,2,129.34671020507812,13322.json,NotBuggy
15,0.001053085783496499,3,8,93.99088287353516,14029.json,NotBuggy
6,7.60627503041178E-4,2,6,112.3624267578125,15237.json,NotBuggy
5,0.3772275149822235,2,0,119.52839660644531,8654.json,NotBuggy
4,0.6413531303405762,1,0,125.27178192138672,22727.json,NotBuggy
4,0.5003983974456787,1,0,125.64796447753906,12864.json,NotBuggy
6,0.5850302577018738,1,3,115.8733139038086,8486.json,NotBuggy
3,0.3891598582267761,1,0,133.59722900390625,15751.json,NotBuggy
3,0.8247016668319702,1,0,133.59722900390625,16793.json,NotBuggy
6,0.4581831395626068,1,4,116.4460220336914,20946.json,NotBuggy
3,0.9381090402603149,1,0,133.59722900390625,16502.json,NotBuggy
3,0.5639061331748962,1,1,130.45266723632812,13219.json,NotBuggy
3,0.3535628616809845,1,3,128.4090576171875,1.json,NotBuggy
4,0.7119079828262329,1,0,125.27178192138672,21061.json,NotBuggy
3,0.7228102684020996,1,0,131.9385528564453,5148.json,NotBuggy
7,0.0904339998960495,2,3,111.23677825927734,16858.json,NotBuggy
10,0.7168392539024353,3,3,104.4138412475586,8226.json,NotBuggy
4,0.696901798248291,1,0,125.64796447753906,196.json,NotBuggy
3,0.5880171656608582,1,1,132.79563903808594,9373.json,NotBuggy
3,0.09026193618774414,1,3,127.26738739013672,12675.json,NotBuggy
3,0.9558944702148438,1,0,133.59722900390625,22095.json,NotBuggy
9,0.0071560973301529884,3,4,105.20513153076172,5456.json,NotBuggy
3,0.8763893246650696,1,0,131.9385528564453,22077.json,NotBuggy
3,0.39453861117362976,1,1,132.25152587890625,13599.json,NotBuggy
3,0.9193012118339539,1,0,133.59722900390625,17920.json,NotBuggy
7,0.013338441029191017,1,7,111.13117218017578,21855.json,NotBuggy
3,0.9558944702148438,1,0,133.59722900390625,21765.json,NotBuggy
9,8.495598449371755E-4,1,9,104.91230010986328,15683.json,NotBuggy
5,0.482680082321167,2,2,120.30387878417969,19155.json,NotBuggy
3,0.3798604905605316,1,0,133.59722900390625,3469.json,NotBuggy
34,0.0,2,29,75.23876190185547,5024.json,NotBuggy
10,0.04921700432896614,3,8,101.42707824707031,17706.json,NotBuggy
36,5.017863004468381E-4,5,21,74.74569702148438,16876.json,NotBuggy
3,0.4356558620929718,1,1,129.69032287597656,19030.json,NotBuggy
3,0.6920579075813293,1,0,133.59722900390625,4410.json,NotBuggy
3,0.11321449279785156,1,3,128.91311645507812,11738.json,NotBuggy
8,0.0036936302203685045,1,10,108.06900024414062,2672.json,NotBuggy
8,0.0017545693553984165,2,12,106.24530792236328,22653.json,NotBuggy
4,0.672509491443634,1,0,125.27178192138672,11837.json,NotBuggy
3,0.8105218410491943,1,1,130.85629272460938,16396.json,NotBuggy
3,0.8730559349060059,1,0,133.59722900390625,6505.json,NotBuggy
5,0.010084622539579868,1,6,116.85465240478516,7011.json,NotBuggy
3,0.6709057688713074,1,0,132.4454345703125,14870.json,NotBuggy
3,0.546362578868866,1,1,131.75106811523438,5918.json,NotBuggy
6,0.7981777787208557,1,3,116.56555938720703,4564.json,NotBuggy
3,0.9621713757514954,1,0,133.59722900390625,21689.json,NotBuggy
7,0.033845290541648865,1,5,111.28950500488281,6193.json,NotBuggy
3,0.936884880065918,1,0,133.59722900390625,5102.json,NotBuggy
3,0.9060057401657104,1,0,133.59722900390625,23567.json,NotBuggy
3,0.1302635669708252,1,2,128.3351287841797,12120.json,NotBuggy
3,0.6669499278068542,1,0,133.59722900390625,13883.json,NotBuggy
3,0.8537255525588989,1,0,133.59722900390625,12657.json,NotBuggy
3,0.2884220778942108,1,0,129.69032287597656,23439.json,NotBuggy
4,0.6039813756942749,1,0,125.27178192138672,22500.json,NotBuggy
8,3.0788141884841025E-4,2,9,105.14492797851562,4108.json,NotBuggy
27,0.0,6,27,79.32990264892578,6627.json,Buggy
3,0.6898677945137024,1,2,130.85629272460938,13362.json,NotBuggy
4,0.7256754636764526,1,0,125.27178192138672,2544.json,NotBuggy
3,0.9318479895591736,1,0,133.59722900390625,17663.json,NotBuggy
10,0.0018734160112217069,3,6,102.79437255859375,2594.json,NotBuggy
4,0.5441295504570007,1,0,125.27178192138672,3984.json,NotBuggy
8,0.0014486621366813779,2,10,104.93678283691406,13459.json,NotBuggy
3,0.9346750378608704,1,0,133.59722900390625,10593.json,NotBuggy
3,0.7627370357513428,1,1,130.85629272460938,6062.json,NotBuggy
3,0.8643719553947449,1,0,133.59722900390625,19061.json,NotBuggy
5,0.0016794342081993818,2,4,115.66533660888672,6872.json,Buggy
4,0.5725067853927612,1,0,125.64796447753906,18271.json,NotBuggy
3,0.5532465577125549,1,1,132.79563903808594,11643.json,NotBuggy
10,0.9024571180343628,2,1,105.12149047851562,974.json,NotBuggy
7,0.0050958190113306046,1,8,110.30042266845703,2902.json,NotBuggy
4,0.7040157318115234,1,0,125.64796447753906,11963.json,NotBuggy
3,0.03987005352973938,1,2,128.50894165039062,446.json,NotBuggy
3,0.9533982276916504,1,0,133.59722900390625,23264.json,NotBuggy
4,0.16034740209579468,1,1,123.96263122558594,19206.json,NotBuggy
3,0.7094851136207581,1,1,130.85629272460938,16934.json,NotBuggy
4,0.7175326347351074,1,1,125.02987670898438,18252.json,Buggy
3,0.8131282925605774,1,1,130.7338104248047,6299.json,NotBuggy
4,0.6067095398902893,1,0,125.64796447753906,22683.json,NotBuggy
3,0.9381090402603149,1,0,133.59722900390625,11082.json,NotBuggy
4,0.03499706834554672,1,0,123.47842407226562,4444.json,NotBuggy
3,0.5223527550697327,1,0,133.59722900390625,23386.json,NotBuggy
6,0.06684716790914536,1,5,112.76385498046875,3250.json,NotBuggy
4,0.6727195978164673,1,0,125.27178192138672,2973.json,NotBuggy
3,0.793246865272522,1,0,133.59722900390625,12284.json,NotBuggy
3,0.7792770862579346,1,0,133.59722900390625,1453.json,NotBuggy
3,0.8537255525588989,1,0,133.59722900390625,21755.json,NotBuggy
3,0.9417482614517212,1,0,133.59722900390625,1430.json,NotBuggy
3,0.0708584263920784,1,3,127.26738739013672,12671.json,NotBuggy
6,0.040564388036727905,2,4,113.55408477783203,6295.json,NotBuggy
15,0.001053085783496499,3,8,93.99088287353516,14331.json,NotBuggy
3,0.7108924984931946,1,0,133.59722900390625,8543.json,NotBuggy
10,0.0012313819024711847,1,12,103.13742065429688,22964.json,NotBuggy
4,0.20386984944343567,1,2,123.94486236572266,587.json,NotBuggy
8,0.6357551217079163,2,0,110.30028533935547,4755.json,NotBuggy
3,0.8403804898262024,1,0,133.59722900390625,4514.json,NotBuggy
3,0.6567911505699158,1,0,133.59722900390625,4518.json,NotBuggy
3,0.8564718961715698,1,1,131.60296630859375,17153.json,NotBuggy
3,0.07289662212133408,1,0,128.712890625,7177.json,NotBuggy
5,0.21145227551460266,1,3,120.3299331665039,4683.json,NotBuggy
3,0.8801141977310181,1,1,131.9385528564453,7274.json,NotBuggy
7,0.8087865114212036,2,1,112.46537017822266,6161.json,NotBuggy
4,0.7256754636764526,1,0,125.27178192138672,3217.json,NotBuggy
3,0.90879225730896,1,0,133.59722900390625,23104.json,NotBuggy
4,0.7119079828262329,1,0,125.27178192138672,15589.json,NotBuggy
3,0.8537255525588989,1,0,133.59722900390625,11585.json,NotBuggy
3,0.7101970911026001,1,0,133.59722900390625,1691.json,NotBuggy
3,0.1488915979862213,1,1,127.94110107421875,18129.json,NotBuggy
3,0.968113899230957,1,0,133.59722900390625,9279.json,NotBuggy
6,0.004082174506038427,2,3,112.44955444335938,6357.json,NotBuggy
3,0.8330968618392944,1,0,133.59722900390625,14188.json,NotBuggy
4,0.668357789516449,1,0,124.1749038696289,9108.json,NotBuggy
3,0.5404261946678162,1,0,133.59722900390625,15771.json,NotBuggy
34,0.0,9,24,72.57910919189453,4394.json,NotBuggy
4,0.3880024254322052,1,0,125.64796447753906,22848.json,NotBuggy
14,0.0010835013817995787,3,13,93.58647918701172,7268.json,NotBuggy
11,0.003011101856827736,1,8,99.27861785888672,4614.json,NotBuggy
3,0.7158794403076172,1,0,133.59722900390625,11801.json,NotBuggy
4,0.623573899269104,1,0,125.64796447753906,22854.json,NotBuggy
3,0.542532742023468,1,0,132.61029052734375,3376.json,NotBuggy
3,0.5404261946678162,1,0,133.59722900390625,10298.json,NotBuggy
10,0.001044663367792964,2,7,100.87409973144531,6678.json,NotBuggy
3,0.4481680989265442,1,1,130.45266723632812,7194.json,NotBuggy
5,0.15164877474308014,2,5,119.12406921386719,14752.json,NotBuggy
3,0.8063991069793701,1,0,133.59722900390625,7940.json,NotBuggy
4,0.5686516165733337,1,0,125.64796447753906,3899.json,NotBuggy
4,0.24871233105659485,1,2,123.1068344116211,5587.json,NotBuggy
11,0.024039600044488907,2,10,102.15278625488281,13735.json,NotBuggy
16,0.0,2,16,91.31767272949219,3779.json,NotBuggy
4,0.8541891574859619,1,0,125.5254898071289,17968.json,NotBuggy
4,0.0193407591432333,1,4,121.27667999267578,14397.json,NotBuggy
9,0.005398127716034651,2,6,103.80441284179688,8906.json,NotBuggy
3,0.8983809351921082,1,0,133.59722900390625,21665.json,NotBuggy
21,0.0016418399754911661,6,16,86.06809997558594,3868.json,NotBuggy
3,0.6225265264511108,1,1,131.43582153320312,5403.json,NotBuggy
3,0.8853198885917664,1,0,133.59722900390625,23573.json,NotBuggy
8,2.3855315521359444E-4,2,9,106.56376647949219,5708.json,NotBuggy
3,0.9621713757514954,1,0,133.59722900390625,21971.json,NotBuggy
3,0.4823315143585205,1,1,132.25152587890625,19194.json,NotBuggy
4,0.6266656517982483,1,0,125.64796447753906,23075.json,NotBuggy
3,0.9153783321380615,1,0,133.59722900390625,22674.json,NotBuggy
4,0.15476790070533752,1,1,123.67467498779297,17168.json,NotBuggy
3,0.9034404754638672,1,0,133.59722900390625,6739.json,NotBuggy
3,0.8063933849334717,1,0,130.57513427734375,983.json,NotBuggy
8,8.623115718364716E-4,2,9,106.2720718383789,19997.json,NotBuggy
4,0.571252167224884,1,0,125.52845764160156,68.json,NotBuggy
3,0.8582584857940674,1,0,133.59722900390625,4494.json,NotBuggy
3,0.8767094016075134,1,0,133.59722900390625,22452.json,NotBuggy
13,0.0011100118281319737,3,10,96.29525756835938,1098.json,NotBuggy
3,0.8933852910995483,1,2,128.70916748046875,13128.json,NotBuggy
4,0.8732706308364868,1,0,125.15930938720703,17621.json,NotBuggy
4,0.23738479614257812,1,0,125.64796447753906,11149.json,NotBuggy
3,0.8853198885917664,1,0,133.59722900390625,23054.json,NotBuggy
4,0.8800022006034851,1,1,126.33003997802734,20012.json,NotBuggy
7,0.8152691721916199,2,3,112.1916275024414,1370.json,NotBuggy
4,0.7590710520744324,1,0,125.27178192138672,6996.json,NotBuggy
8,0.169842928647995,2,2,107.66441345214844,17871.json,NotBuggy
3,0.8057740330696106,1,0,131.9385528564453,579.json,NotBuggy
11,0.04535912349820137,3,5,101.62830352783203,18895.json,NotBuggy
3,0.9558944702148438,1,0,133.59722900390625,22779.json,NotBuggy
3,0.7419270277023315,1,0,133.59722900390625,16547.json,NotBuggy
4,0.05556073784828186,1,3,122.20084381103516,10495.json,NotBuggy
4,0.3276124596595764,1,0,125.64796447753906,10297.json,NotBuggy
4,0.3968198895454407,1,0,125.64796447753906,21770.json,NotBuggy
4,0.7256754636764526,1,0,125.27178192138672,22137.json,NotBuggy
3,0.6470794677734375,1,2,130.85629272460938,15767.json,NotBuggy
3,0.0036700593773275614,1,2,126.78704833984375,18074.json,NotBuggy
3,0.07020093500614166,1,2,129.69032287597656,14182.json,NotBuggy
4,0.5743190050125122,1,1,124.48601531982422,19055.json,NotBuggy
3,0.8703395128250122,1,0,133.59722900390625,23525.json,NotBuggy
4,0.6580665111541748,1,0,125.64796447753906,23103.json,NotBuggy
3,0.7768732309341431,1,2,131.75106811523438,17509.json,NotBuggy
8,0.13204528391361237,2,5,108.45081329345703,16111.json,NotBuggy
5,0.33839964866638184,1,2,119.94457244873047,21570.json,NotBuggy
3,0.8763893246650696,1,0,131.9385528564453,15596.json,NotBuggy
3,0.008038781583309174,1,4,127.94110107421875,6984.json,NotBuggy
3,0.7129547595977783,1,0,131.28770446777344,18416.json,NotBuggy
3,2.0012712047901005E-4,1,3,126.78941345214844,4753.json,NotBuggy
4,0.3584142327308655,1,0,125.64796447753906,21879.json,NotBuggy
3,0.012420463375747204,1,1,127.8512954711914,15204.json,NotBuggy
5,0.0,1,9,114.48847198486328,4767.json,NotBuggy
6,6.567470263689756E-4,1,3,113.39833068847656,12568.json,NotBuggy
8,0.019026195630431175,3,6,108.22821807861328,17634.json,NotBuggy
7,2.7675728779286146E-4,1,11,108.28264617919922,2734.json,NotBuggy
13,6.894009420648217E-4,2,10,95.67207336425781,6145.json,NotBuggy
4,0.7256754636764526,1,0,125.27178192138672,21800.json,NotBuggy
12,0.08612532168626785,4,2,100.43888092041016,14033.json,NotBuggy
3,0.18723975121974945,1,2,128.92515563964844,18874.json,NotBuggy
3,0.8853198885917664,1,0,133.59722900390625,23040.json,NotBuggy
4,0.18815895915031433,1,3,122.12659454345703,19499.json,NotBuggy
3,0.9049431085586548,1,2,130.05470275878906,21491.json,NotBuggy
4,0.7256754636764526,1,0,125.27178192138672,4617.json,NotBuggy
3,0.7021501660346985,1,1,133.80813598632812,20083.json,NotBuggy
6,0.11201164871454239,1,3,116.4616928100586,9886.json,NotBuggy
4,0.6067095398902893,1,0,125.64796447753906,21658.json,NotBuggy
8,0.004119325429201126,1,8,105.94249725341797,4359.json,NotBuggy
4,0.35322344303131104,1,0,125.64796447753906,19714.json,NotBuggy
3,0.9621713757514954,1,0,133.59722900390625,21767.json,NotBuggy
7,0.9315000176429749,1,0,113.0444107055664,14958.json,NotBuggy
4,0.606551468372345,1,0,125.64796447753906,22438.json,NotBuggy
3,0.39653363823890686,1,1,130.7338104248047,130.json,NotBuggy
6,0.027231773361563683,1,4,114.53350067138672,13590.json,NotBuggy
5,0.030482985079288483,1,2,117.09105682373047,4754.json,NotBuggy
8,0.014740364626049995,1,3,108.12109375,17084.json,NotBuggy
4,0.5481688976287842,1,0,124.58238983154297,2349.json,NotBuggy
17,0.017931580543518066,5,4,91.88279724121094,5485.json,Buggy
2,0.9977049231529236,1,0,142.4026641845703,17210.json,NotBuggy
4,0.7119079828262329,1,0,125.27178192138672,4076.json,NotBuggy
3,0.5311806201934814,1,0,130.07347106933594,16708.json,NotBuggy
3,0.7909959554672241,1,0,131.9385528564453,1975.json,NotBuggy
6,0.20274950563907623,1,3,114.78617095947266,16633.json,NotBuggy
3,0.64794921875,1,0,131.9385528564453,20244.json,NotBuggy
5,0.0038763508200645447,2,5,117.10871887207031,5433.json,NotBuggy
3,0.3817104399204254,1,1,131.1535186767578,16106.json,NotBuggy
3,0.4187004864215851,1,1,129.7158966064453,588.json,NotBuggy
3,0.05353068560361862,1,3,127.67500305175781,21487.json,NotBuggy
8,0.06088107451796532,1,8,106.68235778808594,15116.json,NotBuggy
9,2.6041798992082477E-4,1,16,102.2291259765625,5095.json,NotBuggy
3,0.6297028064727783,1,0,129.93223571777344,164.json,NotBuggy
8,5.416665226221085E-4,2,10,106.0568618774414,2668.json,NotBuggy
3,0.5606375336647034,1,1,131.43582153320312,5883.json,NotBuggy
3,0.46624332666397095,1,1,130.57513427734375,19627.json,NotBuggy
7,0.006287925411015749,1,5,109.24081420898438,6579.json,NotBuggy
4,0.4755558669567108,1,2,125.27178192138672,16959.json,NotBuggy
4,0.023425130173563957,1,3,122.93054962158203,9935.json,NotBuggy
13,0.016111701726913452,3,2,98.13031005859375,13061.json,NotBuggy
4,0.6254518628120422,1,0,125.27178192138672,4531.json,NotBuggy
3,0.5381154417991638,1,1,131.43582153320312,5851.json,NotBuggy
3,0.7996417284011841,1,0,133.59722900390625,18031.json,NotBuggy
3,0.898770809173584,1,0,133.59722900390625,22437.json,NotBuggy
4,0.7979468703269958,1,0,125.15930938720703,12053.json,NotBuggy
3,5.199059960432351E-4,1,0,127.42921447753906,18991.json,NotBuggy
3,0.7996417284011841,1,0,133.59722900390625,17961.json,NotBuggy
3,0.9321197867393494,1,0,133.59722900390625,21557.json,NotBuggy
4,0.5342349410057068,1,0,125.64796447753906,9577.json,NotBuggy
7,0.005302799865603447,1,7,111.37712860107422,17483.json,NotBuggy
4,0.606551468372345,1,0,125.64796447753906,21336.json,NotBuggy
3,0.7394424080848694,1,1,130.99049377441406,6565.json,NotBuggy
15,0.13081076741218567,3,8,94.76806640625,7315.json,Buggy
3,0.5081655383110046,1,0,132.4454345703125,20824.json,NotBuggy
3,0.5538881421089172,1,3,129.34671020507812,19020.json,NotBuggy
12,0.01886082999408245,4,13,96.51345825195312,7887.json,NotBuggy
3,0.42821022868156433,1,0,131.03103637695312,16628.json,NotBuggy
10,0.9301667809486389,4,5,102.72058868408203,19493.json,NotBuggy
3,0.613961935043335,1,0,133.59722900390625,16334.json,NotBuggy
12,0.16490167379379272,1,8,100.03021240234375,4664.json,NotBuggy
5,0.005523638799786568,1,9,115.78962707519531,8336.json,NotBuggy
5,0.09831469506025314,1,5,116.68047332763672,19081.json,NotBuggy
3,0.6235391497612,1,0,133.59722900390625,20105.json,NotBuggy
11,0.028436362743377686,3,4,100.75119018554688,18131.json,NotBuggy
4,0.8411932587623596,1,0,125.15930938720703,10328.json,NotBuggy
3,0.9346750378608704,1,0,133.59722900390625,21554.json,NotBuggy
7,0.7702584862709045,2,3,113.54827117919922,21575.json,NotBuggy
11,0.0,2,10,99.93814086914062,14222.json,NotBuggy
4,0.571874737739563,1,0,125.64796447753906,7092.json,NotBuggy
26,8.241875912062824E-4,1,25,83.67183685302734,4861.json,NotBuggy
21,2.835147315636277E-4,4,11,85.03800964355469,8213.json,NotBuggy
3,0.8763893246650696,1,0,131.9385528564453,15560.json,NotBuggy
21,0.013274584896862507,1,16,88.82587432861328,3313.json,NotBuggy
4,0.7044928669929504,1,0,125.27178192138672,23060.json,NotBuggy
7,0.07620181888341904,2,4,109.26641082763672,17049.json,NotBuggy
3,0.8353855013847351,1,0,133.59722900390625,21862.json,NotBuggy
4,0.7119079828262329,1,0,125.27178192138672,2720.json,NotBuggy
3,0.8806297183036804,1,0,133.59722900390625,4705.json,NotBuggy
3,0.7177717089653015,1,0,133.59722900390625,7939.json,NotBuggy
3,0.811374306678772,1,0,133.59722900390625,11234.json,NotBuggy
18,0.012415727600455284,2,13,90.13461303710938,9312.json,NotBuggy
3,0.9691274166107178,1,0,133.59722900390625,12189.json,NotBuggy
3,0.5701034069061279,1,1,130.621337890625,20077.json,NotBuggy
3,0.8495352268218994,1,0,133.59722900390625,12337.json,NotBuggy
4,0.4859175980091095,1,0,125.64796447753906,21045.json,NotBuggy
3,0.6907536387443542,1,1,130.85629272460938,18614.json,NotBuggy
3,0.7334105372428894,1,0,133.59722900390625,12021.json,NotBuggy
4,0.8290437459945679,1,0,125.15930938720703,11243.json,NotBuggy
4,0.5890227556228638,1,0,125.27178192138672,3629.json,NotBuggy
3,0.8763893246650696,1,0,131.9385528564453,2709.json,NotBuggy
5,0.11753617227077484,1,1,119.1451187133789,430.json,NotBuggy
3,0.911578893661499,1,0,132.9956512451172,18119.json,NotBuggy
12,3.913627006113529E-4,3,6,97.32121276855469,18395.json,NotBuggy
3,0.7318946123123169,1,0,133.59722900390625,5650.json,NotBuggy
3,0.7475215792655945,1,2,129.0255889892578,17357.json,NotBuggy
3,0.9320460557937622,1,0,132.9956512451172,14454.json,NotBuggy
7,0.15170808136463165,2,3,111.18885803222656,576.json,NotBuggy
4,0.5115053653717041,1,0,124.26470947265625,15557.json,NotBuggy
3,0.0584326833486557,1,2,128.62307739257812,19325.json,NotBuggy
4,0.817981481552124,1,0,125.5254898071289,11334.json,NotBuggy
12,0.1575608104467392,4,4,98.65425109863281,5076.json,NotBuggy
5,0.04410155117511749,1,4,116.35194396972656,3862.json,NotBuggy
18,4.501688526943326E-4,2,15,89.58781433105469,16174.json,Buggy
3,0.9066013693809509,1,0,133.59722900390625,18024.json,NotBuggy
4,0.7567009329795837,1,0,125.64796447753906,19561.json,NotBuggy
12,0.0038851865101605654,4,10,98.05892944335938,15143.json,NotBuggy
3,0.9701223373413086,1,0,129.58164978027344,1334.json,NotBuggy
3,0.008211065083742142,1,1,129.7158966064453,17841.json,NotBuggy
5,0.015146935358643532,1,4,118.21444702148438,3566.json,NotBuggy
3,0.7334105372428894,1,0,133.59722900390625,12062.json,NotBuggy
4,0.0043901726603507996,1,0,125.64796447753906,9581.json,NotBuggy
4,0.4755558669567108,1,2,125.27178192138672,16942.json,NotBuggy
4,0.9756153225898743,1,2,126.77537536621094,5493.json,NotBuggy
3,0.8726048469543457,1,0,133.59722900390625,12701.json,NotBuggy
3,0.2591160237789154,1,1,132.25152587890625,8674.json,NotBuggy
3,0.6837095618247986,1,1,132.086669921875,19306.json,NotBuggy
3,0.5341992378234863,1,0,131.91592407226562,14801.json,NotBuggy
3,0.3430855870246887,1,1,130.7338104248047,19647.json,NotBuggy
5,0.0035857015755027533,2,6,116.87085723876953,20831.json,NotBuggy
3,0.018404360860586166,1,2,128.51292419433594,10716.json,NotBuggy
4,0.7836323976516724,1,0,125.64796447753906,22735.json,NotBuggy
4,0.5155070424079895,2,2,121.6757583618164,18087.json,NotBuggy
24,5.259258323349059E-4,1,15,86.06901550292969,3279.json,NotBuggy
2,0.4969656765460968,1,0,139.0139617919922,435.json,NotBuggy
5,0.21094809472560883,1,3,118.82691955566406,9235.json,NotBuggy
3,0.8968747854232788,1,0,133.59722900390625,8553.json,NotBuggy
14,0.004130333196371794,1,16,95.8237533569336,3189.json,Buggy
3,0.5835256576538086,1,2,128.0600128173828,17145.json,NotBuggy
4,0.7151926159858704,1,0,125.64796447753906,21558.json,NotBuggy
4,0.31555819511413574,1,2,123.47842407226562,672.json,NotBuggy
4,0.0,1,1,118.97362518310547,618.json,NotBuggy
5,0.0013457853347063065,2,7,115.91390991210938,3653.json,NotBuggy
25,0.028729790821671486,5,7,82.60153198242188,14136.json,NotBuggy
11,0.031406763941049576,3,5,99.42964172363281,20421.json,Buggy
3,0.7495400905609131,1,0,131.91592407226562,13652.json,NotBuggy
6,0.314900279045105,2,4,115.85521697998047,5170.json,NotBuggy
3,0.015172931365668774,1,2,127.94976043701172,994.json,NotBuggy
10,0.049225833266973495,2,7,102.45145416259766,3658.json,NotBuggy
8,0.17995814979076385,2,5,109.3763427734375,12375.json,NotBuggy
3,0.8353855013847351,1,0,133.59722900390625,20940.json,NotBuggy
4,0.10408499091863632,1,2,122.44184875488281,1484.json,NotBuggy
12,0.0011839246144518256,3,15,96.99693298339844,14371.json,NotBuggy
4,0.8196892738342285,1,0,125.15930938720703,10585.json,NotBuggy
4,0.4859175980091095,1,0,125.64796447753906,21758.json,NotBuggy
3,0.9282163977622986,1,0,133.59722900390625,14650.json,NotBuggy
4,0.5751087069511414,1,0,125.64796447753906,4443.json,NotBuggy
5,0.2047405242919922,1,4,117.93550109863281,20870.json,NotBuggy
3,0.8409727811813354,1,0,133.59722900390625,13168.json,NotBuggy
3,0.987834095954895,1,0,132.4454345703125,20615.json,NotBuggy
3,0.8686257600784302,1,0,133.59722900390625,18030.json,NotBuggy
14,0.0014750774716958404,2,16,94.54415893554688,5544.json,NotBuggy
4,0.8125109672546387,1,0,125.15930938720703,235.json,NotBuggy
14,0.003006019862368703,3,2,95.34967041015625,9871.json,NotBuggy
9,0.029960665851831436,3,2,105.84727478027344,16314.json,NotBuggy
5,0.14592497050762177,2,3,118.76382446289062,14654.json,NotBuggy
20,0.0,3,24,86.26451873779297,3918.json,Buggy
3,0.658657968044281,1,0,131.28770446777344,9836.json,NotBuggy
3,0.8793336153030396,1,0,133.59722900390625,11980.json,NotBuggy
3,0.341316819190979,1,2,130.70933532714844,6147.json,NotBuggy
3,0.939516544342041,1,0,133.59722900390625,10991.json,NotBuggy
4,0.7119079828262329,1,0,125.27178192138672,5057.json,NotBuggy
4,0.7400206327438354,1,0,125.64796447753906,17564.json,NotBuggy
4,0.6039813756942749,1,0,125.27178192138672,22472.json,NotBuggy
3,0.3326381742954254,1,0,133.59722900390625,23416.json,NotBuggy
9,0.0047034528106451035,1,7,105.44253540039062,19925.json,NotBuggy
3,0.2732764780521393,1,0,133.59722900390625,5973.json,NotBuggy
4,0.7256754636764526,1,0,125.27178192138672,21530.json,NotBuggy
16,0.0038940736558288336,6,1,93.93190002441406,14954.json,NotBuggy
13,0.005361751653254032,3,6,96.11739349365234,19915.json,NotBuggy
3,0.22620932757854462,1,0,133.59722900390625,17896.json,NotBuggy
3,0.4908345937728882,1,0,133.59722900390625,23421.json,NotBuggy
3,0.012108446098864079,1,4,126.9422836303711,3593.json,NotBuggy
3,0.8486220240592957,1,0,132.9956512451172,16316.json,NotBuggy
4,0.7119079828262329,1,0,125.27178192138672,4085.json,NotBuggy
3,0.2648729681968689,1,1,132.25152587890625,5847.json,NotBuggy
11,0.10828550904989243,3,3,100.78900909423828,8671.json,NotBuggy
4,0.5296418070793152,1,0,125.27178192138672,22236.json,NotBuggy
14,0.0,1,22,95.48189544677734,10490.json,NotBuggy
4,0.7144284844398499,1,0,125.64796447753906,22386.json,NotBuggy
3,0.007880644872784615,1,3,128.0337677001953,2898.json,NotBuggy
3,0.20494917035102844,1,2,128.92515563964844,18876.json,NotBuggy
3,0.8794088959693909,1,0,131.91592407226562,1006.json,NotBuggy
14,0.0,1,1,99.33078002929688,8121.json,NotBuggy
3,0.8537255525588989,1,0,133.59722900390625,10217.json,NotBuggy
4,0.8184971213340759,1,0,125.5254898071289,18369.json,NotBuggy
3,0.9381090402603149,1,0,133.59722900390625,23052.json,NotBuggy
8,0.3991633355617523,1,5,111.27403259277344,3277.json,NotBuggy
3,0.7212031483650208,1,1,132.25152587890625,14030.json,NotBuggy
4,0.3533276617527008,1,4,123.1068344116211,6273.json,NotBuggy
4,0.8306323289871216,1,0,125.15930938720703,12586.json,NotBuggy
3,0.8853198885917664,1,0,133.59722900390625,11571.json,NotBuggy
4,0.6388429403305054,1,0,125.64796447753906,19753.json,NotBuggy
3,0.8708735108375549,1,1,132.086669921875,2130.json,NotBuggy
4,0.01654009334743023,1,3,122.5949478149414,16587.json,NotBuggy
7,0.3006781041622162,2,3,111.29065704345703,1397.json,NotBuggy
3,0.7092880606651306,1,0,133.59722900390625,487.json,NotBuggy
14,0.0042646462097764015,3,13,93.37420654296875,3507.json,Buggy
3,0.9044723510742188,1,0,131.28770446777344,1443.json,NotBuggy
17,0.0,2,37,88.25603485107422,13498.json,NotBuggy
3,0.8723846077919006,1,0,133.59722900390625,7046.json,NotBuggy
4,0.013337483629584312,1,5,121.98247528076172,15124.json,NotBuggy
4,0.8347007036209106,1,0,125.15930938720703,17878.json,NotBuggy
5,0.021826185286045074,1,5,117.21340942382812,14889.json,NotBuggy
3,0.38491806387901306,1,0,133.59722900390625,9799.json,NotBuggy
20,0.0,1,22,86.83780670166016,7005.json,NotBuggy
3,0.8152434825897217,1,0,133.59722900390625,4627.json,NotBuggy
18,0.0,1,52,86.85089874267578,7756.json,NotBuggy
8,0.0,1,14,105.94886779785156,19824.json,Buggy
3,0.8853198885917664,1,0,133.59722900390625,12615.json,NotBuggy
3,0.44979435205459595,1,0,131.03103637695312,16561.json,NotBuggy
3,0.8276064395904541,1,0,133.59722900390625,12070.json,NotBuggy
3,0.7163717150688171,1,3,128.41912841796875,12566.json,NotBuggy
3,0.6367091536521912,1,1,130.85629272460938,19168.json,NotBuggy
17,0.0,2,19,89.39405059814453,3205.json,NotBuggy
3,0.8763893246650696,1,0,131.9385528564453,3084.json,NotBuggy
3,0.5793296694755554,1,0,132.9956512451172,14051.json,NotBuggy
3,0.48096638917922974,1,1,129.93223571777344,10702.json,NotBuggy
6,0.897359311580658,1,0,117.59266662597656,13587.json,NotBuggy
4,0.7016481757164001,1,0,125.64796447753906,19559.json,NotBuggy
4,0.7210262417793274,1,0,125.27178192138672,15629.json,NotBuggy
5,0.1797877848148346,2,1,118.35591888427734,9168.json,NotBuggy
3,0.5177040100097656,1,1,131.75106811523438,16264.json,NotBuggy
4,0.4715510606765747,1,0,124.26470947265625,10816.json,NotBuggy
21,0.1366935521364212,1,4,89.1658706665039,813.json,NotBuggy
6,0.7060347199440002,2,2,115.96150970458984,1261.json,NotBuggy
3,0.5526289343833923,1,2,129.47398376464844,9506.json,NotBuggy
3,0.05588103085756302,2,4,126.1897201538086,3747.json,NotBuggy
4,0.7119079828262329,1,0,125.27178192138672,22076.json,NotBuggy
3,0.7811756134033203,1,0,133.59722900390625,12602.json,NotBuggy
9,0.0017682292964309454,1,12,105.05310821533203,14660.json,NotBuggy
9,0.10434435307979584,1,7,105.08951568603516,5290.json,NotBuggy
3,0.1680566966533661,2,4,125.98087310791016,10708.json,NotBuggy
5,0.8956559300422668,1,3,116.91162109375,14069.json,NotBuggy
3,0.7380253672599792,1,0,131.9385528564453,23523.json,NotBuggy
3,0.9748778343200684,1,0,129.58164978027344,8004.json,NotBuggy
3,0.6284272074699402,1,1,131.43582153320312,13685.json,NotBuggy
7,0.0672333762049675,2,2,111.3503189086914,7108.json,NotBuggy
3,0.22455847263336182,1,1,129.7158966064453,8621.json,NotBuggy
3,0.7791392803192139,1,0,131.9385528564453,3462.json,NotBuggy
4,0.02005663514137268,1,7,119.75027465820312,6884.json,NotBuggy
4,0.2973138988018036,1,0,125.64796447753906,11861.json,NotBuggy
3,0.45784908533096313,1,1,130.45266723632812,11446.json,NotBuggy
5,0.7681716084480286,1,0,120.53388214111328,6938.json,NotBuggy
3,0.5349894165992737,1,1,132.25152587890625,15245.json,NotBuggy
3,0.9009784460067749,1,0,133.59722900390625,13744.json,NotBuggy
7,0.0,1,10,106.10945129394531,4238.json,NotBuggy
3,0.3487427234649658,1,1,132.25152587890625,5886.json,NotBuggy
2,0.9569815993309021,1,0,140.82913208007812,13961.json,NotBuggy
4,0.7044928669929504,1,0,125.27178192138672,21832.json,NotBuggy
10,0.03953437879681587,1,5,104.37152862548828,12953.json,NotBuggy
3,0.9427116513252258,1,0,133.59722900390625,10591.json,NotBuggy
3,0.8152434825897217,1,0,133.59722900390625,2909.json,NotBuggy
3,0.9648755788803101,1,0,132.9956512451172,10091.json,NotBuggy
13,0.004264253191649914,3,4,97.73385620117188,8450.json,NotBuggy
5,0.3649713099002838,1,2,120.43379974365234,19621.json,NotBuggy
9,0.07251313328742981,2,2,105.42054748535156,16098.json,NotBuggy
3,0.09078577160835266,1,4,127.94110107421875,6548.json,NotBuggy
7,0.047534726560115814,1,8,109.58380889892578,9166.json,NotBuggy
3,0.9552918672561646,1,0,129.7158966064453,16717.json,NotBuggy
6,0.04644607752561569,2,4,114.22925567626953,7864.json,NotBuggy
3,0.7667070031166077,2,1,128.0826873779297,5673.json,NotBuggy
3,0.589981734752655,1,0,133.59722900390625,9789.json,NotBuggy
3,0.8237720727920532,1,0,133.59722900390625,10857.json,NotBuggy
14,0.09624261409044266,7,2,96.20000457763672,7942.json,NotBuggy
4,0.6018677949905396,1,1,125.64796447753906,11896.json,NotBuggy
3,0.013665220700204372,1,2,128.22288513183594,4561.json,NotBuggy
7,0.09963979572057724,1,6,110.58251190185547,4787.json,NotBuggy
5,2.246711665065959E-4,2,6,115.59941864013672,13351.json,NotBuggy
4,0.7499582767486572,1,0,125.64796447753906,12856.json,NotBuggy
3,0.8767094016075134,1,0,133.59722900390625,22839.json,NotBuggy
4,0.21890997886657715,1,1,125.02987670898438,5497.json,NotBuggy
3,0.0013892013812437654,1,1,128.31268310546875,4285.json,NotBuggy
5,0.19421380758285522,1,5,118.5980453491211,18163.json,NotBuggy
8,0.14426784217357635,2,4,107.4601058959961,20489.json,NotBuggy
4,0.606551468372345,1,0,125.64796447753906,21178.json,NotBuggy
10,0.007846938446164131,3,6,102.11923217773438,16210.json,NotBuggy
3,0.5260541439056396,1,0,133.59722900390625,3458.json,NotBuggy
4,0.7119079828262329,1,0,125.27178192138672,23177.json,NotBuggy
3,0.7811756134033203,1,0,133.59722900390625,10675.json,NotBuggy
2,0.9971234798431396,1,0,142.4026641845703,16068.json,NotBuggy
3,0.8591899871826172,1,0,131.43582153320312,14832.json,NotBuggy
3,0.7348232269287109,1,0,133.59722900390625,12865.json,NotBuggy
11,0.016613993793725967,1,4,100.03325653076172,12681.json,NotBuggy
8,0.7548481822013855,2,3,109.82251739501953,18839.json,NotBuggy
4,0.7457340359687805,2,2,122.14173889160156,8076.json,NotBuggy
22,0.0,13,53,79.31491088867188,15122.json,Buggy
3,0.8537255525588989,1,0,133.59722900390625,21797.json,NotBuggy
11,2.0890613086521626E-4,1,14,100.85372161865234,21842.json,NotBuggy
14,0.0,3,16,93.61409759521484,5182.json,NotBuggy
3,0.04412974417209625,1,2,128.70916748046875,10853.json,NotBuggy
9,0.1460968255996704,1,4,106.56111145019531,9723.json,NotBuggy
4,0.8852460384368896,1,1,123.8484878540039,6756.json,NotBuggy
9,0.003801366314291954,1,12,105.9718017578125,3093.json,NotBuggy
4,0.6617034077644348,1,0,125.27178192138672,23486.json,NotBuggy
2,0.9970839619636536,1,0,142.4026641845703,4731.json,NotBuggy
2,0.9877446293830872,1,0,139.0139617919922,10019.json,NotBuggy
3,0.9603424668312073,1,0,130.45266723632812,6569.json,NotBuggy
3,0.8128293752670288,1,0,133.59722900390625,18325.json,NotBuggy
4,0.2250850945711136,1,3,123.1068344116211,8404.json,NotBuggy
3,5.540334386751056E-4,1,3,126.34735107421875,20277.json,Buggy
3,0.8353855013847351,1,0,133.59722900390625,10094.json,NotBuggy
3,0.009739728644490242,2,6,125.02645874023438,45.json,NotBuggy
4,0.7154390215873718,1,0,125.27178192138672,9648.json,NotBuggy
18,0.0,5,20,87.4498519897461,2295.json,NotBuggy
3,0.49005383253097534,1,2,130.57513427734375,631.json,NotBuggy
4,0.7044928669929504,1,0,125.27178192138672,22351.json,NotBuggy
3,0.8831897974014282,1,0,133.59722900390625,3009.json,NotBuggy
3,0.7893921136856079,1,0,133.59722900390625,16326.json,NotBuggy
3,0.7118625640869141,1,1,131.28770446777344,19044.json,NotBuggy
3,0.6243333220481873,1,0,131.9385528564453,22845.json,NotBuggy
4,0.7609092593193054,1,0,125.15930938720703,12453.json,NotBuggy
4,0.058809660375118256,1,2,123.65223693847656,10080.json,NotBuggy
3,0.8607810735702515,1,0,133.59722900390625,12022.json,NotBuggy
5,0.07850396633148193,2,1,118.9991226196289,2837.json,NotBuggy
8,0.06250730156898499,2,4,108.42272186279297,17807.json,NotBuggy
3,0.8362659811973572,1,0,133.59722900390625,9348.json,NotBuggy
3,0.41256073117256165,1,0,133.59722900390625,9808.json,NotBuggy
4,0.8203608393669128,1,0,125.15930938720703,16333.json,Buggy
4,0.3200635313987732,1,0,125.64796447753906,19717.json,NotBuggy
3,0.003249055938795209,1,2,128.712890625,354.json,NotBuggy
3,0.8912534713745117,1,0,133.59722900390625,19142.json,NotBuggy
4,0.7256754636764526,1,0,125.27178192138672,3087.json,NotBuggy
3,0.0,1,2,126.94014739990234,15685.json,NotBuggy
3,0.8149433135986328,1,1,131.60296630859375,17157.json,NotBuggy
4,0.5927130579948425,1,0,125.64796447753906,8452.json,NotBuggy
5,0.2581341564655304,1,3,120.35002136230469,12267.json,NotBuggy
6,0.705653190612793,2,1,116.48211669921875,5972.json,NotBuggy
3,0.9346750378608704,1,0,133.59722900390625,11471.json,NotBuggy
3,0.6589174270629883,1,0,132.43687438964844,14823.json,NotBuggy
4,0.7119079828262329,1,0,125.27178192138672,23047.json,NotBuggy
11,0.0,2,18,99.24786376953125,22360.json,NotBuggy
3,0.8767094016075134,1,0,133.59722900390625,20877.json,NotBuggy
3,0.9648755788803101,1,0,132.9956512451172,10333.json,NotBuggy
4,0.08297289162874222,1,2,122.5949478149414,13819.json,NotBuggy
4,0.7119079828262329,1,0,125.27178192138672,4482.json,NotBuggy
3,0.03799036145210266,1,2,127.42049407958984,17015.json,NotBuggy
3,0.8918649554252625,1,0,130.7338104248047,10219.json,NotBuggy
3,0.7139409184455872,1,0,131.91592407226562,7946.json,NotBuggy
9,0.0010074714664369822,3,10,102.20861053466797,19496.json,NotBuggy
3,0.6696256995201111,1,0,133.59722900390625,3973.json,NotBuggy
3,0.8403804898262024,1,0,133.59722900390625,6989.json,NotBuggy
3,0.6720109581947327,1,0,133.59722900390625,21261.json,NotBuggy
3,0.276654988527298,1,2,128.3351287841797,10709.json,NotBuggy
4,0.002829601988196373,1,0,125.27178192138672,17869.json,NotBuggy
3,0.793246865272522,1,0,133.59722900390625,13050.json,NotBuggy
3,0.31569740176200867,1,2,129.57785034179688,12124.json,NotBuggy
3,0.20405220985412598,2,1,127.45843505859375,6041.json,NotBuggy
4,0.8099374175071716,1,0,125.64796447753906,16527.json,NotBuggy
3,0.8924593329429626,1,0,130.7338104248047,8221.json,NotBuggy
3,0.40706929564476013,1,0,133.59722900390625,9877.json,NotBuggy
4,0.4336784780025482,1,0,124.26470947265625,15559.json,NotBuggy
3,0.9324749112129211,1,1,133.18099975585938,7045.json,NotBuggy
10,0.8393661975860596,3,3,104.4138412475586,19506.json,NotBuggy
3,0.9558944702148438,1,0,133.59722900390625,23491.json,NotBuggy
3,0.31475406885147095,1,0,131.03103637695312,16559.json,NotBuggy
16,1.0696976096369326E-4,2,17,91.1044692993164,16428.json,NotBuggy
3,0.6849454045295715,1,0,133.59722900390625,12452.json,NotBuggy
4,0.7183583974838257,1,1,125.64796447753906,11748.json,NotBuggy
4,0.7281715869903564,1,0,125.64796447753906,12905.json,NotBuggy
3,0.006545421667397022,1,6,126.21087646484375,1993.json,NotBuggy
3,0.8339069485664368,1,0,133.59722900390625,21817.json,NotBuggy
3,0.07430361211299896,1,0,133.59722900390625,14165.json,NotBuggy
3,0.6684494614601135,1,1,130.85629272460938,18226.json,NotBuggy
5,0.7840758562088013,2,1,120.30387878417969,16049.json,NotBuggy
10,0.04246096312999725,2,3,106.00907897949219,4760.json,NotBuggy
4,0.7904974222183228,1,0,125.15930938720703,10589.json,NotBuggy
3,0.10331028699874878,1,3,128.31268310546875,16386.json,NotBuggy
4,0.7587562203407288,1,0,125.64796447753906,2793.json,NotBuggy
3,0.02945134975016117,1,1,128.31268310546875,17001.json,NotBuggy
4,0.05195274576544762,1,4,123.03022766113281,1302.json,NotBuggy
4,0.7028988599777222,1,0,125.64796447753906,10464.json,NotBuggy
3,0.9294750690460205,1,0,133.59722900390625,23146.json,NotBuggy
2,0.9771669507026672,1,0,139.0139617919922,1089.json,NotBuggy
3,0.7584174275398254,1,1,129.93223571777344,18447.json,NotBuggy
3,0.9117950201034546,1,0,133.59722900390625,14673.json,NotBuggy
11,0.0,1,31,98.27360534667969,7774.json,NotBuggy
3,0.8983021378517151,1,0,134.26058959960938,3392.json,NotBuggy
3,0.8730796575546265,1,0,133.59722900390625,22409.json,NotBuggy
15,5.555147654376924E-4,5,16,92.1617202758789,6636.json,NotBuggy
3,0.7664653658866882,1,0,132.61029052734375,10645.json,NotBuggy
4,0.7119079828262329,1,0,125.27178192138672,4068.json,NotBuggy
4,0.5776919722557068,1,0,125.64796447753906,12099.json,NotBuggy
3,0.7427434325218201,1,0,133.59722900390625,17817.json,NotBuggy
3,0.09764225780963898,1,0,130.7338104248047,5553.json,NotBuggy
5,8.403781685046852E-4,3,4,114.33958435058594,5079.json,NotBuggy
3,0.7811756134033203,1,0,133.59722900390625,12031.json,NotBuggy
8,0.0013324314495548606,1,11,106.60643768310547,4337.json,NotBuggy
3,0.33754146099090576,1,1,129.47398376464844,19009.json,NotBuggy
27,0.0,3,26,80.57134246826172,6852.json,NotBuggy
3,0.7911167144775391,1,0,133.59722900390625,11947.json,NotBuggy
2,0.9977049231529236,1,0,142.4026641845703,7036.json,NotBuggy
5,0.007840306498110294,2,3,117.70330047607422,14522.json,NotBuggy
3,0.9077414870262146,2,1,128.89540100097656,18918.json,NotBuggy
15,0.28665149211883545,3,5,95.5804672241211,13988.json,NotBuggy
3,0.6796339154243469,1,0,133.59722900390625,11146.json,NotBuggy
14,0.001959742745384574,4,12,93.15339660644531,3648.json,NotBuggy
3,0.9709899425506592,1,0,132.086669921875,11956.json,NotBuggy
7,0.006376487668603659,1,5,111.72607421875,19566.json,NotBuggy
3,0.5476399064064026,1,0,132.4454345703125,16337.json,NotBuggy
5,0.0019665618892759085,2,1,117.10871887207031,18248.json,NotBuggy
4,0.48717501759529114,1,0,125.64796447753906,10632.json,NotBuggy
3,0.0030622782651335,2,2,125.5271987915039,11994.json,NotBuggy
6,0.006683116313070059,2,3,114.10689544677734,602.json,NotBuggy
11,4.7134398482739925E-4,2,11,101.0783920288086,4454.json,NotBuggy
17,3.618691407609731E-4,2,21,88.19713592529297,6631.json,NotBuggy
8,0.041815925389528275,3,4,107.1875228881836,3878.json,NotBuggy
7,0.11723585426807404,2,6,110.61402893066406,14385.json,NotBuggy
3,0.5241119265556335,2,2,129.3478546142578,19883.json,NotBuggy
3,0.043984554708004,1,3,128.91311645507812,1559.json,NotBuggy
3,0.9621713757514954,1,0,133.59722900390625,22340.json,NotBuggy
3,0.949608325958252,1,0,133.59722900390625,13482.json,NotBuggy
3,0.8910459876060486,1,0,133.59722900390625,22393.json,NotBuggy
3,0.15650123357772827,1,1,129.0215301513672,20687.json,NotBuggy
3,0.7405029535293579,1,0,133.59722900390625,16075.json,NotBuggy
3,0.8853198885917664,1,0,133.59722900390625,22835.json,NotBuggy
9,0.29125890135765076,2,5,106.33470153808594,5088.json,NotBuggy
3,0.5505931973457336,1,0,131.03103637695312,3319.json,NotBuggy
4,0.6067095398902893,1,0,125.64796447753906,22068.json,NotBuggy
7,0.015643978491425514,1,7,111.13117218017578,21065.json,NotBuggy
6,0.0010557371424511075,1,8,113.0893325805664,5276.json,NotBuggy
3,0.9691274166107178,1,0,133.59722900390625,13158.json,NotBuggy
3,0.8028837442398071,1,0,133.59722900390625,6287.json,NotBuggy
3,0.9621713757514954,1,0,133.59722900390625,22996.json,NotBuggy
3,0.2841247320175171,1,0,133.59722900390625,3963.json,NotBuggy
7,0.024972984567284584,2,6,109.7632064819336,14812.json,NotBuggy
10,0.01168322004377842,1,5,104.22501373291016,5384.json,NotBuggy
8,0.8291495442390442,2,2,111.55557250976562,18887.json,NotBuggy
4,0.7590330839157104,1,0,125.27178192138672,11480.json,NotBuggy
4,0.35442617535591125,1,0,125.64796447753906,11979.json,NotBuggy
6,0.04740907996892929,1,5,113.41614532470703,19720.json,NotBuggy
8,1.4819785428699106E-4,1,12,105.58354949951172,3222.json,NotBuggy
3,0.8031517863273621,2,1,129.8434600830078,1192.json,NotBuggy
12,0.0,1,8,99.6933822631836,7726.json,NotBuggy
3,0.06946580111980438,1,0,133.59722900390625,15441.json,NotBuggy
4,0.7575392723083496,1,0,125.5254898071289,10185.json,NotBuggy
7,0.010901632718741894,1,7,110.3785629272461,4839.json,NotBuggy
4,0.7256754636764526,1,0,125.27178192138672,20990.json,NotBuggy
3,8.448172593489289E-4,1,0,127.09538269042969,18931.json,NotBuggy
3,0.6767507195472717,1,0,133.59722900390625,17885.json,NotBuggy
4,0.5087435841560364,1,0,125.64796447753906,20898.json,NotBuggy
7,5.513603100553155E-4,2,7,108.3033447265625,20468.json,NotBuggy
3,0.9662848711013794,1,0,133.59722900390625,14746.json,NotBuggy
4,0.693814218044281,1,0,125.64796447753906,9692.json,NotBuggy
3,0.9089693427085876,1,0,133.59722900390625,16829.json,NotBuggy
3,0.42850059270858765,1,1,130.30841064453125,10718.json,NotBuggy
7,8.372628362849355E-4,2,11,108.98822021484375,23191.json,NotBuggy
5,0.0021182922646403313,1,3,117.53816986083984,3741.json,NotBuggy
3,0.7075808048248291,1,1,132.25152587890625,15755.json,NotBuggy
3,0.9420801401138306,1,0,131.9385528564453,2397.json,NotBuggy
8,0.004471980966627598,2,10,106.221435546875,22469.json,NotBuggy
4,0.1508738398551941,1,5,120.469482421875,14694.json,NotBuggy
4,0.7151249647140503,1,0,125.27178192138672,22729.json,NotBuggy
5,0.2047405242919922,1,4,117.93550109863281,21290.json,NotBuggy
3,0.9691274166107178,1,0,133.59722900390625,11567.json,NotBuggy
3,0.9650386571884155,1,0,132.9956512451172,16083.json,NotBuggy
3,0.8152434825897217,1,0,133.59722900390625,21641.json,NotBuggy
3,0.7906385064125061,1,0,134.26058959960938,6383.json,NotBuggy
3,0.5046073198318481,1,1,132.79563903808594,9376.json,NotBuggy
4,0.7119079828262329,1,0,125.27178192138672,22711.json,NotBuggy
3,0.8353855013847351,1,0,133.59722900390625,22001.json,NotBuggy
3,0.9558944702148438,1,0,133.59722900390625,22041.json,NotBuggy
3,0.7212031483650208,1,1,132.25152587890625,14021.json,NotBuggy
16,0.0018500348087400198,1,11,93.06782531738281,4873.json,NotBuggy
4,0.625999391078949,1,0,125.27178192138672,12872.json,NotBuggy
3,0.8353855013847351,1,0,133.59722900390625,20924.json,NotBuggy
3,0.7548666000366211,1,0,133.59722900390625,11483.json,NotBuggy
3,0.8910459876060486,1,0,133.59722900390625,22099.json,NotBuggy
3,0.9061567783355713,1,0,133.59722900390625,14004.json,NotBuggy
3,0.38491806387901306,1,0,133.59722900390625,6945.json,NotBuggy
3,0.9009784460067749,1,0,133.59722900390625,14704.json,NotBuggy
4,0.3105752170085907,1,3,124.1488037109375,13611.json,NotBuggy
3,0.9153783321380615,1,0,133.59722900390625,21544.json,NotBuggy
8,0.3547554910182953,3,2,109.33401489257812,3482.json,NotBuggy
3,0.10801182687282562,1,4,127.09538269042969,9911.json,NotBuggy
8,0.02675032615661621,1,9,105.36052703857422,13975.json,NotBuggy
7,0.004187050275504589,1,7,110.13446044921875,3813.json,NotBuggy
7,0.30617326498031616,2,4,111.41020202636719,14818.json,NotBuggy
2,0.9961547255516052,1,0,139.56419372558594,7081.json,NotBuggy
3,0.5214322209358215,1,0,133.59722900390625,19177.json,NotBuggy
3,0.9165305495262146,1,0,133.59722900390625,6937.json,NotBuggy
3,0.6773489117622375,1,0,133.59722900390625,12288.json,NotBuggy
4,0.42660942673683167,1,0,125.64796447753906,12860.json,NotBuggy
3,0.792050838470459,1,0,132.086669921875,19300.json,NotBuggy
3,0.8814632296562195,1,0,133.59722900390625,10639.json,NotBuggy
3,0.8152434825897217,1,0,133.59722900390625,22755.json,NotBuggy
8,0.20054294168949127,1,3,108.41930389404297,5977.json,NotBuggy
3,0.9937384128570557,1,3,127.62944793701172,976.json,NotBuggy
8,0.5573437809944153,2,2,110.74185943603516,18866.json,NotBuggy
12,0.00411886116489768,1,9,100.3323974609375,8777.json,NotBuggy
7,0.018026133999228477,1,13,109.59838104248047,8299.json,NotBuggy
21,0.0,3,23,85.37711334228516,9248.json,NotBuggy
13,9.609386906959116E-4,3,14,95.54131317138672,8416.json,NotBuggy
3,0.0,1,1,125.37183380126953,615.json,NotBuggy
4,0.7256754636764526,1,0,125.27178192138672,3106.json,NotBuggy
3,0.0017532329075038433,1,1,127.94110107421875,19279.json,NotBuggy
5,0.3433153033256531,1,4,118.3675537109375,16817.json,NotBuggy
7,0.018371377140283585,1,7,111.06819915771484,22659.json,NotBuggy
3,0.6156464219093323,1,1,132.79563903808594,5391.json,NotBuggy
4,0.6595091223716736,1,0,125.27178192138672,9656.json,NotBuggy
15,0.03998524695634842,4,12,93.81724548339844,5604.json,NotBuggy
3,0.16414274275302887,1,4,127.17938995361328,14198.json,NotBuggy
6,0.16982582211494446,1,4,116.1915054321289,4428.json,NotBuggy
9,0.008037636056542397,3,4,103.90274810791016,6013.json,NotBuggy
6,0.010408366098999977,2,5,112.40170288085938,15221.json,NotBuggy
3,0.9253891110420227,1,0,131.43582153320312,14470.json,NotBuggy
4,0.8141368627548218,1,0,125.5254898071289,7838.json,NotBuggy
3,0.8983809351921082,1,0,133.59722900390625,22672.json,NotBuggy
3,2.4026601749937981E-4,1,3,125.24947357177734,11060.json,NotBuggy
3,0.7237047553062439,1,0,131.9385528564453,1972.json,NotBuggy
3,0.9206634759902954,1,1,129.57785034179688,5676.json,NotBuggy
3,0.8767094016075134,1,0,133.59722900390625,10837.json,NotBuggy
6,0.3313923478126526,2,3,116.231689453125,14378.json,NotBuggy
3,0.9072726368904114,1,0,133.59722900390625,10869.json,NotBuggy
3,0.18692919611930847,1,1,129.14646911621094,14306.json,NotBuggy
3,0.2887328565120697,1,0,133.59722900390625,8271.json,NotBuggy
4,0.6988435983657837,1,0,125.27178192138672,2190.json,NotBuggy
5,0.0012566278455778956,2,3,116.33863830566406,8200.json,NotBuggy
5,0.7273374199867249,2,0,118.43690490722656,5240.json,NotBuggy
4,0.8360686302185059,1,0,125.5254898071289,19584.json,NotBuggy
3,0.0,1,2,127.09538269042969,351.json,NotBuggy
3,0.004025906324386597,1,2,127.67500305175781,14387.json,NotBuggy
3,0.8967178463935852,1,0,133.59722900390625,16473.json,NotBuggy
3,0.6998193264007568,1,0,131.9385528564453,14893.json,NotBuggy
3,0.5818653106689453,1,0,133.59722900390625,8038.json,NotBuggy
6,0.049919355660676956,1,7,115.4139404296875,4701.json,NotBuggy
4,0.7394489049911499,1,0,125.27178192138672,4998.json,NotBuggy
15,0.0,2,14,93.61200714111328,4648.json,NotBuggy
3,0.48888805508613586,1,0,130.07347106933594,16723.json,NotBuggy
5,0.17900346219539642,2,2,119.26190948486328,4156.json,NotBuggy
6,0.608467698097229,2,2,116.5784912109375,10039.json,NotBuggy
3,0.5963409543037415,1,0,133.59722900390625,11988.json,NotBuggy
3,0.11781790852546692,1,1,130.70933532714844,1492.json,NotBuggy
3,0.22359222173690796,1,1,128.8092498779297,1196.json,NotBuggy
3,0.9850001335144043,1,0,129.2378692626953,14173.json,NotBuggy
4,0.7098915576934814,1,0,126.04888916015625,16572.json,NotBuggy
4,0.6464683413505554,1,0,125.27178192138672,9654.json,NotBuggy
3,0.6101421117782593,1,0,133.59722900390625,492.json,NotBuggy
4,0.7119079828262329,1,0,125.27178192138672,21502.json,NotBuggy
6,0.044934384524822235,1,3,114.73766326904297,20565.json,NotBuggy
8,0.3936031758785248,1,3,111.8012466430664,6802.json,NotBuggy
12,0.010362488217651844,3,5,98.3450698852539,14303.json,NotBuggy
13,0.03598999232053757,2,7,98.21817779541016,9236.json,NotBuggy
3,0.18343093991279602,1,1,130.7338104248047,8445.json,NotBuggy
4,0.5292339324951172,1,0,125.64796447753906,22432.json,NotBuggy
4,0.44834452867507935,1,0,125.64796447753906,13173.json,NotBuggy
4,0.4180580973625183,1,0,125.64796447753906,22792.json,NotBuggy
3,0.8703395128250122,1,0,133.59722900390625,4945.json,NotBuggy
12,0.0032606543973088264,3,3,100.22433471679688,8842.json,NotBuggy
18,0.0010855585569515824,1,15,89.22411346435547,4874.json,NotBuggy
6,0.37591567635536194,2,2,116.7609634399414,18993.json,NotBuggy
11,0.0,4,12,97.78719329833984,8214.json,NotBuggy
3,0.5103937387466431,1,2,129.57785034179688,4794.json,NotBuggy
6,0.10982383042573929,1,4,116.4616928100586,18418.json,NotBuggy
4,0.041280727833509445,1,2,121.90575408935547,6068.json,NotBuggy
4,0.8652510643005371,1,0,124.91740417480469,12474.json,NotBuggy
5,0.36501169204711914,1,4,117.73384857177734,17246.json,NotBuggy
7,0.5055041909217834,2,2,113.5693588256836,18498.json,NotBuggy
3,0.7041365504264832,1,1,131.60296630859375,5011.json,NotBuggy
3,0.771950900554657,1,0,131.43582153320312,15043.json,NotBuggy
3,0.8763893246650696,1,0,131.9385528564453,15628.json,NotBuggy
3,0.7861031889915466,1,1,131.1535186767578,17261.json,NotBuggy
3,0.9070456027984619,1,0,133.59722900390625,2174.json,NotBuggy
11,6.300168461166322E-4,4,2,99.7345962524414,19191.json,NotBuggy
3,0.8772554993629456,1,0,134.26058959960938,5409.json,NotBuggy
4,0.5229536294937134,1,0,125.27178192138672,4636.json,NotBuggy
5,0.0,2,4,115.59941864013672,4100.json,NotBuggy
9,0.034886427223682404,2,6,104.54427337646484,4926.json,NotBuggy
16,0.08151470124721527,4,2,91.22089385986328,1673.json,NotBuggy
5,0.0,2,7,114.34524536132812,5232.json,NotBuggy
18,0.002538096159696579,1,21,88.80156707763672,4833.json,NotBuggy
3,0.027540121227502823,1,1,129.2428436279297,20790.json,NotBuggy
3,0.9153783321380615,1,0,133.59722900390625,22188.json,NotBuggy
3,0.5940786600112915,1,0,132.4454345703125,12050.json,NotBuggy
3,0.49437397718429565,1,2,129.47398376464844,11433.json,NotBuggy
5,0.13448065519332886,2,2,119.16963195800781,19327.json,NotBuggy
4,0.4607714116573334,1,0,125.64796447753906,12866.json,NotBuggy
4,0.6896014213562012,1,0,125.64796447753906,9583.json,NotBuggy
4,0.7119079828262329,1,0,125.27178192138672,21025.json,NotBuggy
4,0.3974985182285309,1,0,125.64796447753906,2790.json,NotBuggy
3,0.9294750690460205,1,0,133.59722900390625,3101.json,NotBuggy
3,0.8703395128250122,1,0,133.59722900390625,21219.json,NotBuggy
4,0.3793136179447174,1,0,125.64796447753906,21812.json,NotBuggy
3,0.02331104874610901,1,3,128.1235809326172,3204.json,NotBuggy
3,0.9621713757514954,1,0,133.59722900390625,22411.json,NotBuggy
4,0.020921027287840843,1,3,122.27970123291016,10907.json,NotBuggy
3,0.5353235006332397,1,1,130.18890380859375,1769.json,NotBuggy
3,0.7287180423736572,1,1,132.086669921875,19886.json,NotBuggy
3,0.8353855013847351,1,0,133.59722900390625,10100.json,NotBuggy
4,0.3700006902217865,1,2,124.1488037109375,16230.json,NotBuggy
3,0.9558944702148438,1,0,133.59722900390625,23358.json,NotBuggy
7,0.04260784387588501,2,5,110.6667709350586,117.json,NotBuggy
3,0.009325210005044937,1,2,128.31268310546875,20323.json,NotBuggy
3,0.3981620967388153,1,1,129.57785034179688,4399.json,NotBuggy
8,0.6560315489768982,2,2,111.219970703125,8023.json,NotBuggy
4,0.7044928669929504,1,0,125.27178192138672,21716.json,NotBuggy
16,0.12611040472984314,5,5,93.79988098144531,16808.json,NotBuggy
4,0.7256754636764526,1,0,125.27178192138672,22693.json,NotBuggy
12,0.5628175139427185,4,0,101.01495361328125,19812.json,NotBuggy
10,0.038240715861320496,2,9,102.48790740966797,54.json,NotBuggy
10,0.9554973840713501,3,1,105.77908325195312,18971.json,NotBuggy
4,0.7256754636764526,1,0,125.27178192138672,23464.json,NotBuggy
3,0.7784464359283447,1,1,130.45266723632812,842.json,NotBuggy
4,0.05806880444288254,1,4,120.46957397460938,20664.json,NotBuggy
4,6.003353046253324E-4,1,4,120.90543365478516,6410.json,NotBuggy
3,0.8643891215324402,1,1,131.9385528564453,16403.json,NotBuggy
11,0.010523360222578049,3,10,99.92202758789062,14626.json,NotBuggy
8,0.01104272622615099,1,6,110.00336456298828,12912.json,NotBuggy
9,0.14266297221183777,1,5,105.8958969116211,748.json,NotBuggy
26,6.959540187381208E-4,3,12,81.18896484375,12927.json,NotBuggy
2,0.9961292743682861,1,0,142.4026641845703,6968.json,NotBuggy
4,0.16200703382492065,1,0,123.87862396240234,5136.json,NotBuggy
4,0.32104992866516113,1,1,124.4649429321289,8224.json,NotBuggy
7,0.2215929478406906,2,0,112.68669891357422,18905.json,NotBuggy
3,0.8853198885917664,1,0,133.59722900390625,22821.json,NotBuggy
3,0.8353855013847351,1,0,133.59722900390625,22009.json,NotBuggy
3,0.8983809351921082,1,0,133.59722900390625,21707.json,NotBuggy
5,0.5351336598396301,1,0,119.67438507080078,6942.json,NotBuggy
3,0.8152434825897217,1,0,133.59722900390625,22089.json,NotBuggy
10,7.582136895507574E-4,1,12,103.13742065429688,21850.json,NotBuggy
4,0.6416237354278564,1,0,125.27178192138672,9579.json,NotBuggy
3,0.3861558735370636,1,1,130.34019470214844,9268.json,NotBuggy
4,0.5043158531188965,1,0,125.02987670898438,7168.json,NotBuggy
3,0.8039156794548035,1,0,134.26058959960938,2696.json,NotBuggy
3,0.6231675744056702,1,1,132.086669921875,20458.json,NotBuggy
6,6.071876268833876E-4,2,5,112.31034088134766,2824.json,NotBuggy
7,0.021263903006911278,2,2,110.40599822998047,14084.json,NotBuggy
4,0.5073273777961731,1,3,122.21172332763672,12678.json,NotBuggy
3,0.9366804957389832,1,0,132.9956512451172,9091.json,NotBuggy
3,0.37169790267944336,1,1,130.7338104248047,19650.json,NotBuggy
3,0.905478298664093,1,0,133.59722900390625,17020.json,NotBuggy
4,0.7119079828262329,1,0,125.27178192138672,2169.json,NotBuggy
3,0.0027551257517188787,1,4,127.09538269042969,10340.json,NotBuggy
4,0.03709476441144943,1,3,122.30536651611328,580.json,NotBuggy
3,0.8020502924919128,1,0,133.59722900390625,1591.json,NotBuggy
3,0.09921178221702576,1,2,128.50894165039062,16905.json,NotBuggy
3,0.8311705589294434,1,1,131.60296630859375,11494.json,NotBuggy
3,0.1541183739900589,1,0,133.59722900390625,3947.json,NotBuggy
2,0.9804085493087769,1,0,139.56419372558594,19110.json,NotBuggy
3,0.47157278656959534,1,1,130.07347106933594,15994.json,NotBuggy
6,0.023331688717007637,2,3,113.32796478271484,16605.json,NotBuggy
4,0.7695935964584351,2,4,121.45690155029297,3748.json,NotBuggy
3,0.8910459876060486,1,0,133.59722900390625,18385.json,NotBuggy
5,0.5139546394348145,1,2,119.41529846191406,17062.json,NotBuggy
3,0.09946088492870331,1,2,129.12539672851562,6786.json,NotBuggy
4,0.7722969651222229,1,0,125.5254898071289,10391.json,NotBuggy
4,0.7846271395683289,1,0,125.64796447753906,18184.json,NotBuggy
4,0.5573608875274658,1,2,123.02798461914062,15783.json,NotBuggy
14,0.006450403016060591,5,15,92.8892593383789,6348.json,NotBuggy
8,0.0037840872537344694,1,10,104.72967529296875,19786.json,NotBuggy
2,0.9970839619636536,1,0,142.4026641845703,4737.json,NotBuggy
4,0.625913679599762,1,0,125.64796447753906,21244.json,NotBuggy
3,0.6955319046974182,1,1,130.85629272460938,17872.json,NotBuggy
4,0.6988435983657837,1,0,125.27178192138672,23145.json,NotBuggy
12,0.2977128028869629,3,10,99.68828582763672,8331.json,NotBuggy
3,0.9381090402603149,1,0,133.59722900390625,11670.json,NotBuggy
21,0.008403975516557693,7,10,86.51092529296875,1117.json,NotBuggy
10,0.0,2,14,98.97251892089844,8378.json,NotBuggy
3,0.2656114399433136,1,1,128.1388702392578,20847.json,NotBuggy
8,0.5750179886817932,2,2,110.9759521484375,18865.json,NotBuggy
4,7.914222660474479E-4,1,6,119.15267944335938,11204.json,NotBuggy
3,0.9294750690460205,1,0,133.59722900390625,14751.json,NotBuggy
7,0.11281634122133255,1,6,111.95084381103516,21286.json,NotBuggy
4,0.7119079828262329,1,0,125.27178192138672,3244.json,NotBuggy
7,0.1281520575284958,1,6,112.14561462402344,22462.json,NotBuggy
4,0.8463903069496155,2,2,122.53004455566406,9157.json,NotBuggy
3,0.3369843065738678,1,0,130.85629272460938,17005.json,NotBuggy
6,0.15741677582263947,2,4,112.44955444335938,19912.json,NotBuggy
3,0.7460300326347351,1,1,130.85629272460938,6159.json,NotBuggy
11,0.2142156958580017,3,4,101.64846801757812,8566.json,NotBuggy
3,0.6299808621406555,1,0,134.26058959960938,69.json,NotBuggy
8,2.7928585768677294E-4,1,13,105.22689819335938,2880.json,NotBuggy
3,0.26088041067123413,1,0,131.03103637695312,17173.json,NotBuggy
5,0.0,1,6,114.69355010986328,7042.json,NotBuggy
10,0.0,1,16,100.29702758789062,6975.json,NotBuggy
3,0.8763893246650696,1,0,131.9385528564453,21963.json,NotBuggy
4,0.8363183736801147,1,0,125.5254898071289,17594.json,NotBuggy
9,0.7452236413955688,3,2,107.48592376708984,15078.json,NotBuggy
2,0.9977049231529236,1,0,142.4026641845703,2200.json,NotBuggy
12,0.024564186111092567,2,10,99.70278930664062,4040.json,NotBuggy
3,0.7551389336585999,1,0,133.59722900390625,7222.json,NotBuggy
3,0.693448007106781,1,0,131.9385528564453,21993.json,NotBuggy
13,7.899749325588346E-4,3,7,95.00833892822266,5677.json,NotBuggy
5,0.06211794167757034,1,5,116.18830871582031,4341.json,NotBuggy
3,0.39549151062965393,1,0,133.59722900390625,11990.json,NotBuggy
17,0.018319811671972275,5,3,91.96735382080078,970.json,NotBuggy
3,0.05575898289680481,1,1,129.69032287597656,1771.json,NotBuggy
11,0.0016420980682596564,2,11,100.82811737060547,2412.json,NotBuggy
12,0.022137317806482315,3,8,98.13003540039062,16720.json,NotBuggy
10,0.06742217391729355,2,10,101.99259948730469,7993.json,NotBuggy
4,0.6777369379997253,1,1,125.5254898071289,7834.json,NotBuggy
3,0.8233819603919983,1,0,132.4454345703125,13702.json,NotBuggy
3,0.1863006055355072,1,1,130.99049377441406,6092.json,NotBuggy
4,0.7119079828262329,1,0,125.27178192138672,23305.json,NotBuggy
3,0.643899142742157,2,1,128.48287963867188,18924.json,Buggy
7,0.5925667881965637,1,4,114.18079376220703,16580.json,NotBuggy
3,0.7551659345626831,1,0,131.28770446777344,20405.json,NotBuggy
18,0.098844513297081,5,2,91.71559143066406,11648.json,NotBuggy
32,0.0,8,35,75.85802459716797,8426.json,Buggy
19,0.0,2,16,87.2469253540039,5624.json,NotBuggy
3,0.001080712885595858,1,1,127.42049407958984,20591.json,NotBuggy
3,5.336860776878893E-4,1,2,127.33940887451172,16904.json,NotBuggy
4,0.4859175980091095,1,0,125.64796447753906,20941.json,NotBuggy
4,0.623573899269104,1,0,125.64796447753906,22910.json,NotBuggy
3,0.6941432356834412,1,1,130.99049377441406,6516.json,NotBuggy
10,0.5647678971290588,3,2,104.55789947509766,19576.json,NotBuggy
4,0.029819095507264137,1,2,121.54822540283203,18489.json,NotBuggy
3,0.7820137739181519,1,0,131.28770446777344,11292.json,NotBuggy
3,0.8306217789649963,1,0,131.9385528564453,4959.json,NotBuggy
14,0.017937710508704185,4,6,95.37631225585938,5838.json,NotBuggy
4,0.015613570809364319,1,3,121.41175079345703,6878.json,NotBuggy
3,0.4286671280860901,1,1,130.34019470214844,5641.json,NotBuggy
3,0.09185951948165894,1,3,127.43789672851562,12499.json,NotBuggy
3,0.6907506585121155,1,0,133.59722900390625,23409.json,NotBuggy
3,0.1923976093530655,1,2,128.3351287841797,12132.json,NotBuggy
3,0.017596885561943054,1,2,127.59099578857422,10912.json,NotBuggy
3,0.050017099827528,1,1,129.69032287597656,9363.json,NotBuggy
3,0.9165305495262146,1,0,133.59722900390625,2787.json,NotBuggy
3,0.04781553894281387,1,0,133.59722900390625,22684.json,NotBuggy
4,0.6061921119689941,1,2,126.33003997802734,14914.json,NotBuggy
4,0.6327976584434509,1,0,126.19583892822266,17653.json,NotBuggy
14,8.814266184344888E-4,4,15,94.43732452392578,19942.json,NotBuggy
4,0.4859175980091095,1,0,125.64796447753906,22145.json,NotBuggy
3,0.925599992275238,1,0,133.59722900390625,10352.json,NotBuggy
4,0.5154233574867249,1,0,125.64796447753906,21270.json,NotBuggy
3,0.0019165249541401863,1,4,127.09538269042969,10198.json,NotBuggy
7,0.07307691872119904,1,6,111.95084381103516,23234.json,NotBuggy
10,3.7579593481495976E-4,1,15,100.51055145263672,5273.json,NotBuggy
3,0.9457477331161499,1,0,133.59722900390625,22123.json,NotBuggy
22,3.795739612542093E-4,6,14,83.78325653076172,8014.json,NotBuggy
3,0.9381090402603149,1,0,133.59722900390625,12016.json,NotBuggy
3,0.8773339986801147,1,0,133.59722900390625,10564.json,NotBuggy
4,0.019384490326046944,1,1,122.27970123291016,2127.json,NotBuggy
12,0.008308426477015018,3,12,97.24278259277344,14353.json,NotBuggy
3,0.0683642327785492,1,1,129.2428436279297,15892.json,NotBuggy
3,0.008609102107584476,1,1,129.2428436279297,21196.json,NotBuggy
10,0.06521046161651611,1,7,104.56063842773438,4646.json,NotBuggy
3,0.9153783321380615,1,0,133.59722900390625,23507.json,NotBuggy
20,2.99551960779354E-4,8,16,86.89649963378906,1965.json,NotBuggy
9,0.32334595918655396,1,4,107.56890869140625,9321.json,NotBuggy
4,0.009346057660877705,1,4,120.41500854492188,10909.json,NotBuggy
12,0.0022275398951023817,3,12,97.83617401123047,3814.json,NotBuggy
4,0.32619524002075195,1,3,123.56243133544922,17503.json,NotBuggy
7,0.6829153299331665,3,2,110.72028350830078,18925.json,NotBuggy
7,0.206679105758667,2,1,111.65786743164062,20039.json,NotBuggy
3,0.7820137739181519,1,0,131.28770446777344,11551.json,NotBuggy
3,0.6024266481399536,1,1,132.25152587890625,20465.json,NotBuggy
3,0.8744332790374756,1,0,133.59722900390625,3734.json,NotBuggy
3,0.10511099547147751,2,1,127.64090728759766,11927.json,NotBuggy
3,0.988135814666748,1,0,129.58164978027344,17054.json,NotBuggy
2,0.9980795979499817,1,0,142.4026641845703,6575.json,NotBuggy
3,0.08118092268705368,2,3,127.5348129272461,22315.json,NotBuggy
4,0.3111489713191986,1,0,126.19583892822266,19511.json,NotBuggy
3,0.3598063886165619,1,4,129.0255889892578,9991.json,NotBuggy
3,0.7048301100730896,1,1,132.25152587890625,16006.json,NotBuggy
3,0.9224128127098083,1,0,133.59722900390625,10980.json,NotBuggy
23,6.122113554738462E-4,1,14,86.54108428955078,3831.json,NotBuggy
11,0.04191948473453522,1,5,102.71688842773438,4147.json,NotBuggy
3,0.6891072988510132,1,0,133.59722900390625,23387.json,NotBuggy
3,0.5341992378234863,1,0,131.91592407226562,14643.json,NotBuggy
14,0.03677699342370033,3,8,96.2446517944336,9024.json,NotBuggy
4,0.4859175980091095,1,0,125.64796447753906,23335.json,NotBuggy
8,0.009497259743511677,2,3,106.12761688232422,8664.json,NotBuggy
13,0.3509722054004669,4,2,98.42039489746094,6312.json,NotBuggy
8,0.07871292531490326,1,9,108.23262786865234,20970.json,NotBuggy
19,0.0011461556423455477,5,15,87.27212524414062,4130.json,NotBuggy
4,0.579738974571228,1,0,125.64796447753906,11595.json,NotBuggy
3,0.7461841106414795,1,0,133.59722900390625,18037.json,NotBuggy
3,0.5174077153205872,1,0,130.07347106933594,16769.json,NotBuggy
5,0.021708091720938683,1,4,117.22039794921875,8158.json,NotBuggy
3,0.5053566694259644,1,1,130.7338104248047,5374.json,NotBuggy
3,0.18363898992538452,1,1,130.07347106933594,6578.json,NotBuggy
3,0.010008319281041622,1,3,126.34735107421875,15852.json,NotBuggy
3,0.9257471561431885,1,0,133.59722900390625,21249.json,NotBuggy
2,0.9960320591926575,1,0,140.82913208007812,811.json,NotBuggy
5,0.4081372618675232,2,2,119.52839660644531,11934.json,NotBuggy
3,0.0015864601591601968,1,1,128.4090576171875,9362.json,NotBuggy
4,0.7256754636764526,1,0,125.27178192138672,22102.json,NotBuggy
6,0.016720298677682877,1,4,112.39840698242188,9924.json,NotBuggy
5,0.9234350323677063,2,0,122.20396423339844,11245.json,NotBuggy
4,0.29665249586105347,1,1,124.05243682861328,9181.json,NotBuggy
3,0.04717061668634415,1,2,127.87090301513672,12231.json,NotBuggy
3,0.5303998589515686,1,2,130.99049377441406,21572.json,NotBuggy
3,0.785537600517273,1,0,133.59722900390625,17910.json,NotBuggy
3,0.21584267914295197,1,2,129.0215301513672,15454.json,NotBuggy
3,0.006547096651047468,1,1,127.76728820800781,9357.json,NotBuggy
3,0.8508948087692261,1,0,133.59722900390625,18120.json,NotBuggy
3,0.546362578868866,1,1,131.75106811523438,5922.json,NotBuggy
17,2.5023840134963393E-4,1,18,90.0799560546875,6730.json,NotBuggy
4,0.42732706665992737,1,0,125.64796447753906,13175.json,NotBuggy
3,0.8519220948219299,1,0,131.91592407226562,4435.json,NotBuggy
4,0.7851099967956543,1,0,125.15930938720703,11457.json,NotBuggy
3,0.9035932421684265,1,0,133.59722900390625,9879.json,NotBuggy
7,0.4593987464904785,2,1,112.53359985351562,19317.json,NotBuggy
17,0.027558961883187294,5,10,91.15141296386719,6355.json,NotBuggy
7,0.3115104138851166,2,3,112.04727172851562,19525.json,NotBuggy
3,0.8744332790374756,1,0,133.59722900390625,16655.json,NotBuggy
3,0.8152434825897217,1,0,133.59722900390625,22039.json,NotBuggy
3,0.05826260522007942,1,0,133.59722900390625,9805.json,NotBuggy
4,0.43675094842910767,1,1,125.15235137939453,10823.json,NotBuggy
4,0.8115001916885376,2,2,123.61848449707031,18503.json,NotBuggy
3,0.685019850730896,1,0,131.91592407226562,13121.json,NotBuggy
3,0.8853198885917664,1,0,133.59722900390625,22162.json,NotBuggy
6,0.67286217212677,2,2,116.7609634399414,18994.json,NotBuggy
3,0.0,1,3,126.71056365966797,14533.json,NotBuggy
3,0.873928427696228,1,0,133.59722900390625,19072.json,NotBuggy
3,0.793246865272522,1,0,133.59722900390625,13174.json,NotBuggy
4,0.6988435983657837,1,0,125.27178192138672,3070.json,NotBuggy
3,0.9562211036682129,1,1,133.18099975585938,15690.json,NotBuggy
3,0.13615623116493225,1,1,129.81976318359375,3172.json,NotBuggy
5,0.02041221596300602,1,3,117.87252044677734,1633.json,NotBuggy
3,0.9381090402603149,1,0,133.59722900390625,22431.json,NotBuggy
3,0.07505965977907181,1,1,129.2428436279297,16477.json,NotBuggy
8,0.07871292531490326,1,9,108.23262786865234,23293.json,NotBuggy
7,0.09419950842857361,1,6,112.14561462402344,23294.json,NotBuggy
3,0.8665538430213928,1,0,133.59722900390625,1121.json,NotBuggy
3,0.9294750690460205,1,0,133.59722900390625,4172.json,NotBuggy
7,0.0010867263190448284,2,5,110.28870391845703,2484.json,NotBuggy
3,0.0034637798089534044,1,2,127.94976043701172,10542.json,NotBuggy
5,0.177182137966156,1,1,118.748779296875,16987.json,NotBuggy
4,0.024556459859013557,1,3,122.84404754638672,8175.json,NotBuggy
18,4.524062678683549E-4,3,10,88.37113952636719,1741.json,NotBuggy
3,0.593272864818573,1,0,134.26058959960938,3961.json,NotBuggy
3,0.9437941908836365,1,0,133.59722900390625,16509.json,NotBuggy
3,0.9457477331161499,1,0,133.59722900390625,20965.json,NotBuggy
3,0.2549543082714081,1,0,131.1535186767578,3959.json,NotBuggy
8,0.0037447474896907806,1,3,107.95147705078125,19982.json,NotBuggy
3,0.43963971734046936,1,1,130.45266723632812,441.json,NotBuggy
3,0.9346750378608704,1,0,133.59722900390625,11838.json,NotBuggy
8,0.0,1,8,106.08251190185547,20736.json,NotBuggy
3,0.24303188920021057,1,1,132.25152587890625,5899.json,NotBuggy
3,0.7405849695205688,1,0,131.9385528564453,22109.json,NotBuggy
2,0.9968085289001465,1,0,140.82913208007812,17507.json,NotBuggy
3,0.4987962543964386,1,0,131.28770446777344,18331.json,NotBuggy
3,0.5106625556945801,1,0,130.07347106933594,16729.json,NotBuggy
3,0.8328993916511536,1,0,134.26058959960938,6588.json,NotBuggy
3,0.7553460597991943,1,0,133.59722900390625,9687.json,NotBuggy
4,0.7256754636764526,1,0,125.27178192138672,3014.json,NotBuggy
3,0.8353855013847351,1,0,133.59722900390625,18649.json,NotBuggy
3,0.9381090402603149,1,0,133.59722900390625,10772.json,NotBuggy
3,0.8510971665382385,1,0,133.59722900390625,12246.json,NotBuggy
4,0.7119079828262329,1,0,125.27178192138672,21828.json,NotBuggy
7,0.5914881825447083,2,2,112.83082580566406,8972.json,NotBuggy
12,0.024997850880026817,3,8,98.13003540039062,16766.json,NotBuggy
7,0.025508182123303413,1,5,110.18888092041016,8499.json,NotBuggy
10,0.0015183646464720368,2,8,102.21648406982422,20496.json,NotBuggy
5,0.005676602013409138,1,5,117.03448486328125,5205.json,NotBuggy
3,0.3995184898376465,1,0,134.26058959960938,1422.json,NotBuggy
3,0.009117713198065758,1,1,127.87090301513672,20546.json,NotBuggy
3,0.6647254824638367,1,1,130.57513427734375,5896.json,NotBuggy
3,0.8763893246650696,1,0,131.9385528564453,15546.json,NotBuggy
3,0.22960424423217773,1,2,131.1385955810547,6263.json,NotBuggy
3,0.4824482500553131,1,0,130.07347106933594,16718.json,NotBuggy
36,0.0,1,161,70.24288177490234,7793.json,NotBuggy
3,0.8743256330490112,1,0,133.59722900390625,17828.json,NotBuggy
3,0.793246865272522,1,0,133.59722900390625,11554.json,NotBuggy
8,0.042495425790548325,2,4,108.5035629272461,6141.json,NotBuggy
3,0.005322551820427179,1,3,126.78704833984375,2686.json,Buggy
3,0.8703395128250122,1,0,133.59722900390625,22941.json,NotBuggy
3,0.07593487203121185,1,1,128.83535766601562,8047.json,NotBuggy
4,0.38237813115119934,1,0,124.26470947265625,15549.json,NotBuggy
4,0.7119079828262329,1,0,125.27178192138672,4996.json,NotBuggy
3,0.7249106764793396,1,0,133.59722900390625,23402.json,NotBuggy
26,0.0025887135416269302,5,18,81.02731323242188,5695.json,NotBuggy
31,4.727226623799652E-4,8,24,76.38690948486328,1825.json,NotBuggy
3,0.4645427167415619,1,2,129.34671020507812,12761.json,NotBuggy
4,0.744194746017456,2,2,122.12608337402344,19890.json,NotBuggy
3,0.8814632296562195,1,0,133.59722900390625,12723.json,NotBuggy
3,0.8763893246650696,1,0,131.9385528564453,2713.json,NotBuggy
3,0.6565552949905396,1,1,132.25152587890625,11889.json,NotBuggy
7,9.397352114319801E-4,1,9,110.88229370117188,2045.json,NotBuggy
3,0.8170207142829895,1,1,131.60296630859375,635.json,NotBuggy
9,0.008343695662915707,1,8,105.04694366455078,2731.json,NotBuggy
3,7.512822630815208E-4,1,5,125.74343872070312,1982.json,Buggy
3,0.9381090402603149,1,0,133.59722900390625,22063.json,NotBuggy
4,0.5839560031890869,1,0,125.27178192138672,5000.json,NotBuggy
10,0.009593246504664421,1,9,103.34626770019531,20045.json,NotBuggy
16,0.1916903704404831,5,4,94.24948120117188,19351.json,NotBuggy
12,0.00846523605287075,4,3,99.3632583618164,17099.json,NotBuggy
4,0.5158789157867432,1,0,125.27178192138672,16525.json,NotBuggy
3,0.5258170366287231,1,2,129.57785034179688,18113.json,NotBuggy
3,0.4757865369319916,1,1,131.1535186767578,6727.json,NotBuggy
38,0.0,15,21,71.57447814941406,20804.json,NotBuggy
3,0.47608765959739685,1,3,127.68843078613281,6583.json,NotBuggy
4,0.5278998017311096,1,0,125.64796447753906,20904.json,NotBuggy
3,0.26523661613464355,1,2,129.34671020507812,12948.json,NotBuggy
3,0.9506677985191345,1,0,133.59722900390625,17579.json,NotBuggy
7,0.0,2,8,107.63739013671875,3578.json,NotBuggy
26,0.0,7,15,81.37195587158203,2041.json,Buggy
8,0.017199894413352013,1,8,108.48876953125,22359.json,NotBuggy
14,0.005253492388874292,3,7,95.92156982421875,7072.json,NotBuggy
13,0.0027494600508362055,3,6,96.53479766845703,18356.json,NotBuggy
8,0.340043306350708,2,3,109.43476867675781,17238.json,NotBuggy
3,0.9558944702148438,1,0,133.59722900390625,21973.json,NotBuggy
3,0.6988965272903442,1,1,130.34019470214844,14274.json,NotBuggy
5,8.973057265393436E-4,2,4,115.59941864013672,4104.json,NotBuggy
3,0.22079095244407654,1,1,128.7513427734375,5064.json,NotBuggy
3,0.8537255525588989,1,0,133.59722900390625,10093.json,NotBuggy
3,0.9427116513252258,1,0,133.59722900390625,12177.json,NotBuggy
3,0.9009784460067749,1,0,133.59722900390625,13276.json,NotBuggy
3,0.048279017210006714,1,1,129.34671020507812,9368.json,NotBuggy
6,0.09120751172304153,1,5,114.90958404541016,21289.json,NotBuggy
3,0.95930016040802,1,0,132.086669921875,11928.json,NotBuggy
3,0.6904757022857666,1,1,130.85629272460938,18616.json,NotBuggy
3,0.5943382978439331,1,0,133.59722900390625,1017.json,NotBuggy
3,0.37544798851013184,1,1,130.34019470214844,16475.json,NotBuggy
3,0.0026977623347193003,1,2,128.3351287841797,12230.json,NotBuggy
3,0.9547010064125061,1,0,132.9956512451172,7180.json,NotBuggy
16,0.012427503243088722,4,10,92.97381591796875,16855.json,NotBuggy
4,0.8030922412872314,1,0,125.5254898071289,20409.json,NotBuggy
3,0.734096109867096,1,0,131.9385528564453,16213.json,NotBuggy
3,0.7150976657867432,1,1,131.43582153320312,6128.json,NotBuggy
4,0.7044928669929504,1,0,125.27178192138672,22185.json,NotBuggy
3,0.7061706185340881,1,0,132.086669921875,2346.json,NotBuggy
4,0.4400513172149658,1,0,125.27178192138672,4974.json,NotBuggy
4,0.623573899269104,1,0,125.64796447753906,21216.json,NotBuggy
4,0.6988435983657837,1,0,125.27178192138672,21366.json,NotBuggy
3,0.8324922323226929,1,0,133.59722900390625,3778.json,NotBuggy
3,0.8221971988677979,1,1,131.60296630859375,15913.json,NotBuggy
5,0.035162340849637985,1,3,119.58580780029297,790.json,NotBuggy
3,0.8703395128250122,1,0,133.59722900390625,22328.json,NotBuggy
5,0.19832980632781982,1,1,122.4339599609375,3160.json,NotBuggy
3,0.9621713757514954,1,0,133.59722900390625,21667.json,NotBuggy
15,0.006371145136654377,4,12,93.23210906982422,8384.json,NotBuggy
3,0.7143145799636841,1,0,133.59722900390625,14974.json,NotBuggy
3,0.7034066319465637,1,0,131.9385528564453,20423.json,NotBuggy
3,0.7811756134033203,1,0,133.59722900390625,12485.json,NotBuggy
4,0.6292893290519714,1,0,125.64796447753906,21049.json,NotBuggy
4,0.38674938678741455,1,0,124.58238983154297,4070.json,NotBuggy
3,0.8537255525588989,1,0,133.59722900390625,11583.json,NotBuggy
3,0.9805653691291809,1,1,132.61029052734375,6969.json,NotBuggy
3,0.9389488697052002,1,0,133.59722900390625,6369.json,NotBuggy
3,0.8665274381637573,1,1,130.85629272460938,15543.json,NotBuggy
9,0.46911340951919556,3,3,106.52942657470703,6002.json,NotBuggy
4,0.6254518628120422,1,0,125.27178192138672,4626.json,NotBuggy
3,0.2204720824956894,1,0,133.59722900390625,7244.json,NotBuggy
3,0.8794088959693909,1,0,131.91592407226562,19486.json,NotBuggy
10,0.5113721489906311,3,4,103.6401596069336,16453.json,NotBuggy
10,0.1988910734653473,3,3,103.7650146484375,11975.json,NotBuggy
8,0.02777145430445671,1,8,108.65271759033203,23055.json,NotBuggy
5,0.8238469362258911,2,1,119.71456909179688,6058.json,NotBuggy
3,0.5317709445953369,1,1,130.07347106933594,9990.json,NotBuggy
3,0.9153783321380615,1,0,133.59722900390625,23196.json,NotBuggy
8,0.4970608055591583,2,3,109.88406372070312,3330.json,NotBuggy
3,0.3098125159740448,1,0,131.9385528564453,18917.json,NotBuggy
2,0.9974045753479004,1,0,142.4026641845703,17462.json,NotBuggy
10,0.0,1,12,100.91644287109375,3124.json,NotBuggy
5,0.1879429668188095,2,2,119.61820220947266,17273.json,NotBuggy
4,0.7119079828262329,1,0,125.27178192138672,22040.json,NotBuggy
3,0.9832547903060913,1,1,129.0215301513672,18900.json,NotBuggy
6,0.04356556758284569,2,5,113.68609619140625,769.json,NotBuggy
3,0.10402932018041611,1,5,127.50450134277344,8510.json,NotBuggy
4,0.8130439519882202,1,0,125.5254898071289,18350.json,NotBuggy
7,0.12494432926177979,2,2,111.29065704345703,6877.json,NotBuggy
17,3.208631824236363E-4,3,16,89.58769226074219,20725.json,NotBuggy
4,0.46251562237739563,1,0,125.27178192138672,12340.json,NotBuggy
3,0.8155654072761536,1,0,133.59722900390625,19552.json,NotBuggy
3,0.15539737045764923,1,3,129.1480712890625,1303.json,NotBuggy
3,0.31825339794158936,1,0,133.59722900390625,3238.json,NotBuggy
4,0.16895467042922974,1,0,123.75868225097656,2478.json,NotBuggy
4,0.7119079828262329,1,0,125.27178192138672,2916.json,NotBuggy
3,0.32876071333885193,1,1,130.7338104248047,19653.json,NotBuggy
3,0.5714068412780762,1,0,131.75106811523438,16153.json,NotBuggy
3,0.18692919611930847,1,1,129.14646911621094,14304.json,NotBuggy
3,0.7589814066886902,1,0,133.59722900390625,9333.json,NotBuggy
15,0.0,2,15,91.78280639648438,17480.json,NotBuggy
8,0.05245787277817726,1,8,107.10490417480469,8507.json,NotBuggy
12,2.2510901908390224E-4,5,13,97.43145751953125,3536.json,NotBuggy
10,0.03300287574529648,1,9,103.4219970703125,1938.json,NotBuggy
29,0.0012573295971378684,9,6,79.85150146484375,1846.json,Buggy
18,0.010639249347150326,3,12,88.62843322753906,20448.json,NotBuggy
2,0.9801563024520874,1,0,138.03729248046875,2411.json,NotBuggy
3,0.8353855013847351,1,0,133.59722900390625,19550.json,NotBuggy
3,0.6099089980125427,1,0,133.59722900390625,11233.json,NotBuggy
4,0.027490874752402306,1,2,123.48088836669922,19808.json,NotBuggy
3,0.9381090402603149,1,0,133.59722900390625,20995.json,NotBuggy
6,0.14628560841083527,2,2,114.96261596679688,20200.json,NotBuggy
7,0.13599640130996704,1,6,111.95084381103516,21295.json,NotBuggy
4,0.6643104553222656,1,1,124.4649429321289,6982.json,NotBuggy
9,0.11260829120874405,2,3,105.55387878417969,684.json,NotBuggy
4,0.5968576073646545,1,0,125.64796447753906,12907.json,NotBuggy
2,0.9973524212837219,1,0,140.82913208007812,17459.json,NotBuggy
3,0.011079206131398678,1,4,126.21087646484375,10196.json,NotBuggy
8,0.018063977360725403,1,8,108.75569152832031,21292.json,NotBuggy
6,1.8133316189050674E-4,1,7,110.96196746826172,3327.json,NotBuggy
14,3.841088037006557E-4,3,21,92.59169006347656,16444.json,NotBuggy
7,0.30956459045410156,1,4,113.9032211303711,17179.json,NotBuggy
16,0.0,5,16,89.01348114013672,13236.json,NotBuggy
3,0.7418602705001831,1,1,130.99049377441406,20109.json,Buggy
3,0.027540121227502823,1,1,129.2428436279297,20733.json,NotBuggy
4,0.655497133731842,1,0,125.64796447753906,11137.json,NotBuggy
4,0.7119079828262329,1,0,125.27178192138672,4183.json,NotBuggy
15,0.004326656460762024,1,14,95.1941146850586,5223.json,NotBuggy
3,0.689056932926178,1,0,131.9385528564453,17586.json,NotBuggy
3,0.8586137294769287,1,0,134.26058959960938,6590.json,NotBuggy
6,0.23062583804130554,2,2,115.41443634033203,15827.json,NotBuggy
3,0.010990666225552559,1,2,127.26738739013672,10195.json,NotBuggy
3,0.9446657299995422,1,0,133.59722900390625,19451.json,NotBuggy
4,0.06978747993707657,1,5,121.41315460205078,13780.json,NotBuggy
3,0.8682084083557129,1,0,133.59722900390625,3292.json,NotBuggy
3,0.951210081577301,1,1,133.80813598632812,5613.json,NotBuggy
7,0.00442523742094636,1,5,111.67749786376953,14850.json,NotBuggy
4,0.5121709704399109,1,0,125.64796447753906,22453.json,NotBuggy
5,0.0032876713667064905,1,6,116.8279800415039,8428.json,NotBuggy
6,0.024668289348483086,1,3,114.90958404541016,20719.json,NotBuggy
4,0.0318479910492897,1,0,123.8484878540039,5199.json,NotBuggy
4,0.7119079828262329,1,0,125.27178192138672,22339.json,NotBuggy
10,1.6539021453354508E-4,1,13,102.70553588867188,22984.json,NotBuggy
4,0.879089891910553,1,0,125.64796447753906,22406.json,NotBuggy
2,0.9961547255516052,1,0,139.56419372558594,4736.json,NotBuggy
3,0.831851065158844,1,0,133.59722900390625,1328.json,NotBuggy
18,3.073978587053716E-4,4,11,88.02102661132812,7137.json,NotBuggy
3,0.07496743649244308,1,1,131.75106811523438,5868.json,NotBuggy
3,0.874036967754364,1,0,134.26058959960938,3396.json,NotBuggy
13,0.25399506092071533,3,5,100.77921295166016,8809.json,NotBuggy
3,5.424147821031511E-4,3,0,126.97789764404297,17.json,NotBuggy
11,0.013638321310281754,3,9,101.26422119140625,18999.json,NotBuggy
4,0.19105669856071472,1,1,123.56243133544922,15943.json,NotBuggy
11,0.0035689871292561293,2,10,99.37903594970703,7122.json,Buggy
3,0.9346750378608704,1,0,133.59722900390625,10211.json,NotBuggy
3,0.9198765158653259,1,0,133.59722900390625,16823.json,NotBuggy
4,0.7418866753578186,1,0,125.15930938720703,12722.json,NotBuggy
11,0.002489950507879257,1,11,99.5862045288086,7290.json,NotBuggy
3,0.8682249188423157,1,0,133.59722900390625,10465.json,NotBuggy
8,0.003468808252364397,2,7,105.99979400634766,3508.json,Buggy
3,0.5321070551872253,1,1,130.99049377441406,15200.json,NotBuggy
2,0.9958136081695557,1,0,142.4026641845703,17508.json,NotBuggy
4,0.7256754636764526,1,0,125.27178192138672,3245.json,NotBuggy
3,0.3059636950492859,1,1,130.45266723632812,20712.json,NotBuggy
14,0.014044602401554585,1,9,98.03912353515625,4674.json,NotBuggy
3,0.9454389810562134,1,0,133.59722900390625,7270.json,NotBuggy
4,0.6050334572792053,1,0,126.04888916015625,16567.json,NotBuggy
4,0.7538546323776245,1,0,125.64796447753906,12042.json,NotBuggy
3,0.6448487639427185,1,1,131.60296630859375,15934.json,NotBuggy
4,0.6200952529907227,1,1,124.91740417480469,600.json,NotBuggy
6,0.055764343589544296,1,3,113.81077575683594,16664.json,NotBuggy
4,0.7119079828262329,1,0,125.27178192138672,4081.json,NotBuggy
3,0.8164383769035339,1,0,133.59722900390625,12512.json,NotBuggy
22,2.8016968281008303E-4,3,25,83.63343811035156,4781.json,NotBuggy
9,0.35191240906715393,2,7,105.06881713867188,8290.json,NotBuggy
8,0.3556778132915497,2,5,108.40282440185547,22.json,NotBuggy
3,0.936884880065918,1,0,133.59722900390625,2947.json,NotBuggy
5,0.0,1,6,115.12483215332031,2420.json,NotBuggy
4,0.7044928669929504,1,0,125.27178192138672,21808.json,NotBuggy
5,0.0,2,4,114.94268798828125,20799.json,NotBuggy
3,0.9381090402603149,1,0,133.59722900390625,22489.json,NotBuggy
5,0.47057002782821655,1,0,120.87269592285156,14537.json,NotBuggy
10,2.3353792494162917E-4,2,12,101.55386352539062,6646.json,NotBuggy
3,0.47540509700775146,1,0,130.07347106933594,16739.json,NotBuggy
3,0.6773489117622375,1,0,133.59722900390625,19154.json,NotBuggy
3,0.6262316703796387,1,1,130.85629272460938,8191.json,NotBuggy
7,0.0032484307885169983,1,8,109.54061889648438,3361.json,NotBuggy
4,0.0010258016409352422,1,0,125.64796447753906,9128.json,NotBuggy
7,0.8930695056915283,1,0,113.63934326171875,16216.json,NotBuggy
3,0.9060057401657104,1,0,133.59722900390625,10832.json,NotBuggy
6,0.04631829261779785,2,3,113.55408477783203,1550.json,NotBuggy
3,0.18692919611930847,1,1,129.14646911621094,14307.json,NotBuggy
3,0.06823470443487167,1,3,127.43789672851562,12222.json,NotBuggy
3,0.9346750378608704,1,0,133.59722900390625,14329.json,NotBuggy
8,0.2906535863876343,2,4,108.08734130859375,22309.json,NotBuggy
3,0.9346750378608704,1,0,133.59722900390625,13571.json,NotBuggy
5,0.06149118393659592,2,3,116.62455749511719,13997.json,NotBuggy
3,0.7774288654327393,1,0,133.59722900390625,18988.json,NotBuggy
3,0.9346750378608704,1,0,133.59722900390625,12348.json,NotBuggy
4,0.5292339324951172,1,0,125.64796447753906,22394.json,NotBuggy
7,3.0564796179533005E-4,1,9,109.67745971679688,5253.json,NotBuggy
3,7.414782885462046E-4,1,2,127.09538269042969,16236.json,NotBuggy
6,0.023331688717007637,2,3,113.32796478271484,16603.json,NotBuggy
4,0.6449747085571289,1,0,125.64796447753906,11589.json,NotBuggy
4,0.4755558669567108,1,2,125.27178192138672,16950.json,NotBuggy
8,0.0033550546504557133,1,9,107.21733856201172,14982.json,NotBuggy
3,0.0,2,4,124.614013671875,7006.json,NotBuggy
5,0.3817131221294403,1,2,120.54627227783203,18496.json,NotBuggy
3,0.8763893246650696,1,0,131.9385528564453,15572.json,NotBuggy
6,0.09269856661558151,2,8,112.44955444335938,2878.json,NotBuggy
3,0.020189836621284485,1,3,129.2428436279297,8929.json,NotBuggy
9,0.45024144649505615,1,2,107.5429458618164,16202.json,NotBuggy
5,0.004595055244863033,2,6,116.87085723876953,20794.json,NotBuggy
3,0.9225086569786072,1,0,134.26058959960938,1286.json,NotBuggy
3,0.26675450801849365,1,1,129.05665588378906,15996.json,NotBuggy
3,0.9381090402603149,1,0,133.59722900390625,23334.json,NotBuggy
4,0.4144746661186218,1,0,125.64796447753906,21674.json,NotBuggy
7,0.016185296699404716,2,3,110.61402893066406,6690.json,NotBuggy
25,0.0034908587113022804,10,10,81.24398803710938,19672.json,NotBuggy
3,0.530426561832428,1,0,133.59722900390625,17825.json,NotBuggy
5,0.4524201452732086,1,3,121.6568603515625,8824.json,NotBuggy
3,0.5445436239242554,1,0,128.22288513183594,16961.json,NotBuggy
8,0.005219236947596073,2,3,108.2587661743164,17949.json,NotBuggy
3,0.8853198885917664,1,0,133.59722900390625,1722.json,NotBuggy
2,0.9209020137786865,1,0,139.56419372558594,8843.json,NotBuggy
3,0.06220100075006485,1,1,128.60531616210938,1381.json,NotBuggy
3,0.9533982276916504,1,0,133.59722900390625,22730.json,NotBuggy
3,0.7436319589614868,1,0,133.59722900390625,4943.json,NotBuggy
3,0.8614292740821838,1,2,130.85629272460938,16055.json,NotBuggy
4,2.354882744839415E-4,2,4,120.35902404785156,5261.json,NotBuggy
4,0.7256754636764526,1,0,125.27178192138672,21019.json,NotBuggy
4,0.44517895579338074,1,3,123.75868225097656,20427.json,NotBuggy
3,0.12521295249462128,1,2,128.41912841796875,12417.json,NotBuggy
4,0.6816794872283936,1,0,125.27178192138672,10628.json,NotBuggy
3,0.8853198885917664,1,0,133.59722900390625,22795.json,NotBuggy
3,0.9417482614517212,1,0,133.59722900390625,1433.json,NotBuggy
4,0.7256754636764526,1,0,125.27178192138672,21666.json,NotBuggy
3,0.4256365895271301,1,0,128.83535766601562,20326.json,NotBuggy
3,0.7836290001869202,1,0,133.59722900390625,22477.json,NotBuggy
9,0.40640348196029663,2,5,106.70701599121094,2146.json,NotBuggy
4,0.7119079828262329,1,0,125.27178192138672,22796.json,NotBuggy
5,0.621697187423706,1,3,119.67438507080078,1501.json,NotBuggy
8,0.0,2,9,104.81859588623047,14555.json,NotBuggy
10,8.674720302224159E-4,1,12,102.22232818603516,2646.json,NotBuggy
3,0.20005884766578674,1,2,131.43582153320312,592.json,NotBuggy
8,0.05278618633747101,2,11,105.56468200683594,57.json,NotBuggy
3,0.7444546818733215,1,1,131.28770446777344,5379.json,NotBuggy
31,0.0,1,8,79.11566162109375,17491.json,NotBuggy
3,0.6362794041633606,1,2,130.57513427734375,950.json,NotBuggy
3,0.7163402438163757,1,1,130.85629272460938,951.json,NotBuggy
4,0.6039813756942749,1,0,125.27178192138672,20937.json,NotBuggy
6,0.18942604959011078,1,6,116.2755126953125,3324.json,NotBuggy
4,0.5071166157722473,1,0,125.64796447753906,22022.json,NotBuggy
5,0.053188469260931015,2,3,118.0586929321289,17305.json,NotBuggy
7,0.776907205581665,2,1,113.46426391601562,688.json,NotBuggy
11,0.11986734718084335,2,5,102.2107162475586,9852.json,NotBuggy
3,0.9075794219970703,1,0,133.59722900390625,1214.json,NotBuggy
3,0.6998193264007568,1,0,131.9385528564453,13392.json,NotBuggy
3,0.9381090402603149,1,0,133.59722900390625,21062.json,NotBuggy
3,0.5677556991577148,1,2,128.41912841796875,10372.json,NotBuggy
15,0.007068017031997442,2,9,94.59293365478516,5192.json,NotBuggy
3,0.693448007106781,1,0,131.9385528564453,23184.json,NotBuggy
3,0.0,1,4,125.07013702392578,12668.json,NotBuggy
3,0.8353855013847351,1,0,133.59722900390625,11680.json,NotBuggy
10,0.014651233330368996,1,7,101.69564819335938,4734.json,NotBuggy
3,0.09502511471509933,1,5,126.28292083740234,3514.json,NotBuggy
3,0.05369183048605919,1,1,129.57785034179688,19290.json,NotBuggy
4,0.7151249647140503,1,0,125.27178192138672,22922.json,NotBuggy
5,0.47493892908096313,1,2,119.41529846191406,10313.json,NotBuggy
62,0.0,1,54,64.87371826171875,830.json,NotBuggy
3,0.8417183756828308,1,1,132.61029052734375,1662.json,NotBuggy
23,0.0,1,22,83.55867767333984,3289.json,NotBuggy
3,0.6920579075813293,1,0,133.59722900390625,11860.json,NotBuggy
7,0.5827665328979492,1,3,111.6500015258789,8043.json,NotBuggy
3,0.40181997418403625,1,1,132.61029052734375,3285.json,NotBuggy
3,0.9320460557937622,1,0,132.9956512451172,14516.json,NotBuggy
4,0.8653095364570618,1,0,125.5254898071289,10169.json,NotBuggy
11,0.08120369911193848,2,5,103.36674499511719,18423.json,NotBuggy
4,0.6988435983657837,1,0,125.27178192138672,21543.json,NotBuggy
3,0.45699262619018555,1,2,131.75106811523438,17389.json,NotBuggy
3,0.8788789510726929,1,0,133.59722900390625,900.json,NotBuggy
3,0.19393868744373322,1,0,131.1535186767578,20678.json,NotBuggy
3,0.9019280672073364,1,0,133.59722900390625,1537.json,NotBuggy
3,0.9381090402603149,1,0,133.59722900390625,10170.json,NotBuggy
4,0.7340254187583923,1,0,125.78216552734375,18277.json,NotBuggy
2,0.9970839619636536,1,0,142.4026641845703,8861.json,NotBuggy
3,0.6742756366729736,1,0,133.59722900390625,11951.json,NotBuggy
12,0.10152839124202728,3,5,99.62211608886719,14087.json,NotBuggy
4,0.9300015568733215,1,0,126.0733642578125,14758.json,NotBuggy
7,0.08437363058328629,1,6,112.0172119140625,22130.json,NotBuggy
3,0.4547337293624878,1,2,130.45266723632812,6779.json,NotBuggy
3,0.48492974042892456,1,0,133.59722900390625,19794.json,NotBuggy
3,0.045353807508945465,1,2,129.81976318359375,17943.json,NotBuggy
3,0.9476040005683899,1,0,133.59722900390625,6231.json,NotBuggy
3,0.9000744223594666,1,0,133.59722900390625,7215.json,NotBuggy
3,0.8431631922721863,1,0,133.59722900390625,10988.json,NotBuggy
18,0.0065069557167589664,5,6,88.66156768798828,5694.json,NotBuggy
3,0.9294750690460205,1,0,133.59722900390625,11130.json,NotBuggy
3,0.39480215311050415,1,1,129.0215301513672,2641.json,NotBuggy
8,0.8176407814025879,2,2,110.9759521484375,14075.json,NotBuggy
3,0.7747441530227661,1,0,131.9385528564453,22915.json,NotBuggy
3,0.8914331197738647,1,1,132.086669921875,17219.json,NotBuggy
4,0.7256754636764526,1,0,125.27178192138672,21368.json,NotBuggy
3,0.05917871370911598,1,5,126.48982238769531,15025.json,NotBuggy
4,0.623573899269104,1,0,125.64796447753906,23173.json,NotBuggy
7,0.03460845723748207,2,3,110.94255828857422,7107.json,NotBuggy
6,0.6431991457939148,2,2,113.3850326538086,4458.json,NotBuggy
3,0.0910005122423172,1,2,128.712890625,5212.json,NotBuggy
3,0.3215990960597992,1,1,130.85629272460938,6059.json,NotBuggy
4,0.7119079828262329,1,0,125.27178192138672,4181.json,NotBuggy
3,0.9621713757514954,1,0,133.59722900390625,21987.json,NotBuggy
4,0.015309435315430164,1,2,123.96495056152344,19703.json,NotBuggy
6,0.44740405678749084,2,4,113.73601531982422,4283.json,NotBuggy
3,1.4021129754837602E-4,2,2,125.19940948486328,9137.json,NotBuggy
3,0.9457477331161499,1,0,133.59722900390625,22895.json,NotBuggy
4,0.5528815984725952,1,0,125.27178192138672,10487.json,NotBuggy
3,0.9621713757514954,1,0,133.59722900390625,22929.json,NotBuggy
6,0.053716596215963364,2,3,114.34648895263672,1806.json,NotBuggy
13,0.015223315916955471,4,6,96.76830291748047,6025.json,NotBuggy
3,0.5881221890449524,1,0,133.59722900390625,23417.json,NotBuggy
4,0.31309792399406433,1,1,124.05243682861328,6665.json,NotBuggy
3,0.16441401839256287,1,0,133.59722900390625,9776.json,NotBuggy
4,0.17083457112312317,1,1,123.56243133544922,11655.json,NotBuggy
3,0.9294750690460205,1,0,133.59722900390625,4168.json,NotBuggy
3,0.0924844965338707,1,0,131.91592407226562,4660.json,NotBuggy
3,0.7873969078063965,1,0,133.59722900390625,13489.json,NotBuggy
3,0.02779248356819153,1,4,129.2428436279297,3493.json,NotBuggy
3,0.4270312488079071,1,0,132.086669921875,17837.json,NotBuggy
5,0.23752786219120026,1,4,117.93550109863281,4372.json,NotBuggy
6,0.047488972544670105,2,3,113.67094421386719,8670.json,NotBuggy
13,0.0012000460410490632,4,16,96.53360748291016,15432.json,NotBuggy
3,0.8403804898262024,1,0,133.59722900390625,20601.json,NotBuggy
3,0.4292120039463043,1,1,129.7158966064453,15919.json,NotBuggy
4,0.8756185173988342,1,0,125.5254898071289,17856.json,NotBuggy
6,0.15545654296875,1,6,113.23621368408203,5362.json,NotBuggy
3,0.870821475982666,1,0,133.59722900390625,12052.json,NotBuggy
3,0.8587781190872192,1,0,133.59722900390625,16830.json,NotBuggy
5,0.06608431786298752,1,1,117.59877014160156,20573.json,NotBuggy
3,0.8537255525588989,1,0,133.59722900390625,21878.json,NotBuggy
3,0.6192919015884399,1,0,133.59722900390625,3495.json,NotBuggy
15,0.0011628058273345232,2,15,93.24647521972656,14157.json,NotBuggy
3,0.7679013609886169,1,0,132.4454345703125,19939.json,NotBuggy
3,0.7015373706817627,1,1,131.1385955810547,6323.json,NotBuggy
9,0.00940026342868805,1,8,105.700439453125,4513.json,NotBuggy
3,0.9604269862174988,1,0,132.9956512451172,7126.json,NotBuggy
3,0.8539320826530457,1,1,132.61029052734375,12071.json,NotBuggy
3,0.5690920352935791,1,1,132.25152587890625,11877.json,NotBuggy
2,0.9859653115272522,1,0,139.0139617919922,695.json,NotBuggy
3,0.8320509791374207,1,1,131.46876525878906,17038.json,NotBuggy
8,0.5191271901130676,2,2,107.57398223876953,19541.json,NotBuggy
4,0.5250394344329834,1,0,125.27178192138672,11240.json,NotBuggy
4,0.0023365651722997427,1,4,121.34304809570312,5260.json,NotBuggy
4,0.7754344344139099,1,0,125.15930938720703,10579.json,NotBuggy
3,0.8983809351921082,1,0,133.59722900390625,22710.json,NotBuggy
3,0.6980772018432617,1,1,131.28770446777344,17314.json,NotBuggy
10,0.06500716507434845,2,3,104.33064270019531,1802.json,NotBuggy
9,0.0,2,8,104.24259948730469,3307.json,NotBuggy
3,0.8225110769271851,1,0,133.59722900390625,22682.json,NotBuggy
13,0.0,2,14,93.87298583984375,13455.json,NotBuggy
14,2.494805376045406E-4,1,16,94.73534393310547,2625.json,NotBuggy
3,0.8353855013847351,1,0,133.59722900390625,23180.json,NotBuggy
3,0.9165305495262146,1,0,133.59722900390625,373.json,NotBuggy
3,0.8793336153030396,1,0,133.59722900390625,14973.json,NotBuggy
18,0.00343917915597558,2,17,90.29576110839844,14513.json,NotBuggy
3,0.8807249069213867,1,0,133.59722900390625,1919.json,NotBuggy
4,0.5607274770736694,1,0,125.64796447753906,4249.json,NotBuggy
11,0.0,2,13,99.32038879394531,6855.json,NotBuggy
4,0.2745632529258728,1,2,121.57003021240234,7867.json,NotBuggy
7,0.008449029177427292,2,7,108.97502136230469,13070.json,NotBuggy
3,0.5464603900909424,1,0,133.59722900390625,9643.json,NotBuggy
1,0.9938240051269531,1,0,149.7134552001953,7957.json,NotBuggy
20,0.008962966501712799,3,18,87.94637298583984,14556.json,NotBuggy
15,0.001053085783496499,3,8,93.99088287353516,15875.json,NotBuggy
4,0.8732706308364868,1,0,125.15930938720703,17611.json,NotBuggy
3,0.020189836621284485,1,3,129.2428436279297,12370.json,NotBuggy
4,0.04181201383471489,1,6,121.05853271484375,20843.json,NotBuggy
4,0.517297625541687,1,0,125.27178192138672,22235.json,NotBuggy
3,0.9553937315940857,1,0,131.75106811523438,982.json,NotBuggy
4,0.0,1,10,117.8354263305664,4019.json,NotBuggy
3,0.9457477331161499,1,0,133.59722900390625,10112.json,NotBuggy
3,0.9038982391357422,1,0,133.59722900390625,21711.json,NotBuggy
3,0.7473046183586121,1,0,133.59722900390625,10655.json,NotBuggy
3,0.8353855013847351,1,0,133.59722900390625,22017.json,NotBuggy
2,0.9975274205207825,1,0,142.4026641845703,8313.json,NotBuggy
2,0.9901316165924072,1,0,139.0139617919922,17024.json,NotBuggy
3,0.0,1,1,126.41971588134766,17136.json,NotBuggy
3,0.8409727811813354,1,0,133.59722900390625,13112.json,NotBuggy
7,1.4834162720944732E-4,1,6,110.23220825195312,14916.json,NotBuggy
4,0.5508816838264465,1,2,125.78216552734375,38.json,NotBuggy
8,0.009383628144860268,2,6,106.93966674804688,3474.json,NotBuggy
4,0.4859175980091095,1,0,125.64796447753906,21984.json,NotBuggy
3,0.7212031483650208,1,1,132.25152587890625,13282.json,NotBuggy
3,0.8006680607795715,1,0,131.9385528564453,23603.json,NotBuggy
8,0.01625949516892433,2,8,106.7676010131836,12374.json,NotBuggy
6,0.6546595692634583,2,1,116.9500732421875,20653.json,NotBuggy
2,0.9841362237930298,1,0,142.4026641845703,16062.json,NotBuggy
3,0.03154166787862778,1,4,126.71056365966797,8837.json,NotBuggy
3,0.8152434825897217,1,0,133.59722900390625,22837.json,NotBuggy
3,0.785537600517273,1,0,133.59722900390625,23437.json,NotBuggy
14,8.105890010483563E-4,3,17,95.09939575195312,2920.json,NotBuggy
3,0.029703613370656967,1,2,128.31268310546875,4610.json,NotBuggy
5,0.07850396633148193,2,1,118.9991226196289,2835.json,NotBuggy
3,0.3995184898376465,1,0,134.26058959960938,1411.json,NotBuggy
3,0.855598509311676,1,0,133.59722900390625,1015.json,NotBuggy
7,0.6070399880409241,1,5,110.5815200805664,637.json,NotBuggy
3,0.8582584857940674,1,0,133.59722900390625,4481.json,NotBuggy
3,0.8639432191848755,1,0,133.59722900390625,12019.json,NotBuggy
3,0.8689239621162415,1,0,133.59722900390625,22171.json,NotBuggy
6,0.919928789138794,2,0,117.8877182006836,11244.json,NotBuggy
3,0.9621713757514954,1,0,133.59722900390625,23182.json,NotBuggy
4,0.00457892706617713,1,3,121.90575408935547,72.json,NotBuggy
3,0.7187360525131226,1,0,132.086669921875,9080.json,NotBuggy
5,0.5959335565567017,1,1,122.4339599609375,3303.json,NotBuggy
3,0.8873574137687683,1,0,133.59722900390625,10863.json,NotBuggy
12,0.2937588393688202,3,2,100.57139587402344,17864.json,Buggy
10,5.762578803114593E-4,1,12,103.13742065429688,21856.json,NotBuggy
12,0.3371613919734955,3,6,99.3042984008789,8301.json,Buggy
7,0.06586858630180359,1,5,112.69537353515625,4307.json,NotBuggy
4,0.4850078821182251,1,2,123.96263122558594,7841.json,NotBuggy
15,2.744588418863714E-4,1,7,95.48282623291016,3443.json,NotBuggy
3,0.9380925893783569,1,0,133.59722900390625,12028.json,NotBuggy
4,5.302315694279969E-4,1,4,119.64730072021484,12938.json,NotBuggy
3,0.8152434825897217,1,0,133.59722900390625,23082.json,NotBuggy
6,0.011356573551893234,2,8,112.07797241210938,11430.json,NotBuggy
3,0.9124325513839722,1,0,133.59722900390625,18473.json,NotBuggy
3,0.9381090402603149,1,0,133.59722900390625,22897.json,NotBuggy
3,0.0,1,6,124.35863494873047,10974.json,NotBuggy
3,0.9183051586151123,1,0,133.59722900390625,11869.json,NotBuggy
3,0.9381090402603149,1,0,133.59722900390625,10667.json,NotBuggy
3,0.001861120923422277,1,1,128.4090576171875,10649.json,NotBuggy
12,0.13592936098575592,2,6,99.9554443359375,17108.json,NotBuggy
3,4.023101064376533E-4,1,2,126.9422836303711,9309.json,NotBuggy
4,0.8675000667572021,1,0,125.15930938720703,17613.json,NotBuggy
9,0.019383450970053673,3,4,105.29060363769531,13820.json,NotBuggy
6,0.0,1,5,110.92308044433594,10309.json,NotBuggy
3,0.3342065215110779,1,2,131.75106811523438,8239.json,NotBuggy
4,0.4665132761001587,1,3,121.99011993408203,4667.json,NotBuggy
3,0.6920579075813293,1,0,133.59722900390625,11332.json,NotBuggy
3,0.08141650259494781,1,2,127.68843078613281,4119.json,NotBuggy
4,0.36309319734573364,1,1,123.47842407226562,17918.json,NotBuggy
3,0.5543767809867859,1,0,130.34019470214844,8677.json,NotBuggy
3,0.07200875878334045,1,2,131.75106811523438,17395.json,NotBuggy
4,0.6061921119689941,1,2,126.33003997802734,15188.json,NotBuggy
3,0.9294750690460205,1,0,133.59722900390625,14786.json,NotBuggy
3,0.9040838479995728,1,0,133.59722900390625,8449.json,NotBuggy
3,0.8271523118019104,1,1,131.60296630859375,15952.json,NotBuggy
5,0.3653751015663147,1,4,118.3609390258789,6399.json,NotBuggy
3,0.554259717464447,1,0,131.28770446777344,18329.json,NotBuggy
3,0.7908734083175659,1,0,133.59722900390625,6224.json,NotBuggy
3,0.30778124928474426,1,0,131.1535186767578,16553.json,NotBuggy
4,0.6532393097877502,1,0,125.64796447753906,9674.json,NotBuggy
6,0.17469406127929688,1,3,115.2608413696289,13217.json,NotBuggy
3,0.9631009697914124,1,0,131.28770446777344,14145.json,NotBuggy
13,0.014629526063799858,1,11,98.5641098022461,3543.json,NotBuggy
13,0.7653495073318481,5,1,98.08505249023438,5411.json,NotBuggy
3,9.834528900682926E-4,2,2,125.14183807373047,14896.json,NotBuggy
3,0.7936847805976868,1,0,133.59722900390625,11842.json,NotBuggy
3,0.8705217242240906,1,0,133.59722900390625,8544.json,NotBuggy
6,0.14487433433532715,2,1,117.77888488769531,8795.json,NotBuggy
4,0.655437171459198,1,1,125.78216552734375,7937.json,NotBuggy
21,3.364807344041765E-4,3,25,85.34077453613281,20673.json,NotBuggy
15,0.0,2,10,92.58841705322266,12228.json,NotBuggy
4,0.4755558669567108,1,2,125.27178192138672,16941.json,NotBuggy
3,0.4138157069683075,1,0,131.1535186767578,6812.json,NotBuggy
3,0.721034049987793,1,0,133.59722900390625,23563.json,NotBuggy
4,0.5148460268974304,1,0,125.64796447753906,22064.json,NotBuggy
16,1.2275841436348855E-4,6,12,91.84573364257812,4103.json,NotBuggy
6,0.08637120574712753,1,3,115.2608413696289,6195.json,NotBuggy
3,0.9457477331161499,1,0,133.59722900390625,19742.json,NotBuggy
28,5.16903935931623E-4,1,23,81.9648666381836,2665.json,NotBuggy
32,0.0,5,11,76.98849487304688,16985.json,NotBuggy
3,0.9346750378608704,1,0,133.59722900390625,8926.json,NotBuggy
3,0.7302044630050659,1,0,129.37762451171875,10913.json,NotBuggy
4,0.0,1,7,119.5588150024414,6401.json,NotBuggy
3,0.20080161094665527,1,0,128.91311645507812,19665.json,NotBuggy
3,0.8273010849952698,1,0,133.59722900390625,22397.json,NotBuggy
3,0.01708279363811016,1,1,129.47398376464844,6189.json,NotBuggy
10,0.4642282724380493,1,8,104.96879577636719,19920.json,NotBuggy
3,0.8152434825897217,1,0,133.59722900390625,23020.json,NotBuggy
10,1.432748686056584E-4,1,17,101.7230453491211,3037.json,NotBuggy
4,0.7117648720741272,1,0,125.64796447753906,22390.json,NotBuggy
3,0.8157867193222046,1,0,133.59722900390625,5184.json,NotBuggy
3,0.5217596888542175,1,0,133.59722900390625,1050.json,NotBuggy
3,0.9294750690460205,1,0,133.59722900390625,14747.json,NotBuggy
6,0.009623105637729168,1,2,114.38914489746094,1637.json,NotBuggy
7,2.1384749561548233E-4,3,1,111.06324768066406,5210.json,NotBuggy
3,0.8508948087692261,1,0,133.59722900390625,18111.json,NotBuggy
3,0.7693724036216736,1,0,133.59722900390625,22831.json,NotBuggy
4,0.7119079828262329,1,0,125.27178192138672,3109.json,NotBuggy
3,0.22010751068592072,1,2,130.18890380859375,19459.json,NotBuggy
5,0.20816606283187866,1,3,120.03731536865234,4933.json,NotBuggy
3,0.6671367883682251,1,1,132.25152587890625,13815.json,NotBuggy
6,0.4767920970916748,1,4,116.4460220336914,23442.json,NotBuggy
3,0.11147049814462662,1,0,129.81976318359375,16570.json,NotBuggy
3,0.9457477331161499,1,0,133.59722900390625,13746.json,NotBuggy
3,0.9153783321380615,1,0,133.59722900390625,18843.json,NotBuggy
3,3.329456376377493E-4,1,1,126.78704833984375,9353.json,NotBuggy
3,0.7608081102371216,1,0,133.59722900390625,11560.json,NotBuggy
3,0.9346750378608704,1,0,133.59722900390625,12208.json,NotBuggy
4,0.03810207173228264,2,2,120.18500518798828,18091.json,NotBuggy
7,0.026690538972616196,2,7,109.6711654663086,16642.json,NotBuggy
4,0.5543003678321838,1,0,125.64796447753906,16022.json,NotBuggy
4,0.3298209011554718,1,1,123.47842407226562,18363.json,NotBuggy
17,0.01465974934399128,3,12,90.43043518066406,3380.json,NotBuggy
16,0.009287316352128983,1,13,94.42045593261719,3220.json,NotBuggy
3,0.8644917607307434,1,1,131.60296630859375,16390.json,NotBuggy
3,0.9457477331161499,1,0,133.59722900390625,21369.json,NotBuggy
8,0.08140189200639725,2,6,107.64988708496094,4026.json,NotBuggy
4,0.623573899269104,1,0,125.64796447753906,23219.json,NotBuggy
3,0.6442825198173523,1,0,130.85629272460938,9696.json,NotBuggy
6,0.2075568586587906,1,5,114.84461975097656,8329.json,NotBuggy
3,0.42607003450393677,1,1,131.43582153320312,5885.json,NotBuggy
3,0.21931269764900208,1,0,129.69032287597656,978.json,NotBuggy
3,0.8794088959693909,1,0,131.91592407226562,1090.json,NotBuggy
3,0.9621713757514954,1,0,133.59722900390625,21825.json,NotBuggy
7,0.003427724586799741,1,7,109.89938354492188,20734.json,NotBuggy
3,0.4985901117324829,1,0,133.59722900390625,1147.json,NotBuggy
3,0.6098619103431702,1,2,130.99049377441406,13952.json,NotBuggy
6,0.01027716975659132,1,4,115.64443969726562,3573.json,NotBuggy
4,0.4859175980091095,1,0,125.64796447753906,22836.json,NotBuggy
3,0.5663560032844543,1,0,129.93223571777344,13818.json,NotBuggy
3,0.7740657925605774,1,0,133.59722900390625,5844.json,NotBuggy
3,0.8317558169364929,1,0,133.59722900390625,16896.json,NotBuggy
3,0.6555331945419312,1,1,131.75106811523438,1854.json,NotBuggy
4,0.5121709704399109,1,0,125.64796447753906,21796.json,NotBuggy
3,0.7264226078987122,1,0,131.91592407226562,6202.json,NotBuggy
3,0.22892329096794128,1,0,131.03103637695312,5125.json,NotBuggy
3,0.8431631922721863,1,0,133.59722900390625,9839.json,NotBuggy
12,0.07647654414176941,2,8,98.90564727783203,3120.json,NotBuggy
2,0.9977049231529236,1,0,142.4026641845703,20584.json,NotBuggy
13,0.4511027932167053,2,7,98.63134002685547,16647.json,NotBuggy
4,0.6063299179077148,1,0,125.5254898071289,11936.json,NotBuggy
3,0.8152434825897217,1,0,133.59722900390625,23308.json,NotBuggy
3,0.42733922600746155,1,1,130.05470275878906,12961.json,NotBuggy
3,0.18810749053955078,1,2,128.92515563964844,18875.json,NotBuggy
5,0.5780309438705444,1,0,121.91352844238281,346.json,NotBuggy
3,0.9294750690460205,1,0,133.59722900390625,7900.json,NotBuggy
3,0.9392098188400269,1,0,132.4454345703125,18442.json,NotBuggy
5,0.08875642716884613,1,4,117.17095947265625,19756.json,NotBuggy
3,0.31149688363075256,1,0,133.59722900390625,9787.json,NotBuggy
4,0.5140860080718994,1,0,125.64796447753906,10791.json,NotBuggy
8,0.5486103892326355,2,4,109.13993835449219,6154.json,NotBuggy
3,0.4198916554450989,1,1,130.30841064453125,12846.json,NotBuggy
3,0.8703657984733582,1,0,130.70933532714844,591.json,NotBuggy
4,0.579738974571228,1,0,125.64796447753906,11572.json,NotBuggy
4,0.7457340359687805,2,2,122.14173889160156,8075.json,NotBuggy
3,0.8905344605445862,1,0,133.59722900390625,1190.json,NotBuggy
25,0.01148578803986311,3,13,82.72396850585938,17089.json,NotBuggy
4,0.7836323976516724,1,0,125.64796447753906,23317.json,NotBuggy
9,0.03893020749092102,2,8,104.99755096435547,12381.json,NotBuggy
4,0.7044928669929504,1,0,125.27178192138672,21887.json,NotBuggy
4,0.8589887022972107,1,0,126.19583892822266,11843.json,NotBuggy
5,0.7214063405990601,1,0,118.88809204101562,1085.json,NotBuggy
3,0.18427373468875885,1,1,129.0215301513672,9356.json,NotBuggy
3,0.9482505321502686,1,0,132.9956512451172,20402.json,NotBuggy
6,0.6697018146514893,1,4,114.90958404541016,4775.json,NotBuggy
6,0.49507394433021545,1,4,116.71211242675781,23056.json,NotBuggy
10,0.12518425285816193,1,7,103.34010314941406,4818.json,NotBuggy
4,0.6988435983657837,1,0,125.27178192138672,3047.json,NotBuggy
3,0.8506391048431396,1,0,133.59722900390625,12467.json,NotBuggy
4,0.6066111922264099,1,1,124.48601531982422,16361.json,NotBuggy
3,0.3476628363132477,1,3,128.8092498779297,3722.json,NotBuggy
3,0.1619478464126587,1,1,130.07347106933594,6566.json,NotBuggy
7,0.08144011348485947,2,5,110.09941101074219,15024.json,NotBuggy
12,9.297716896981001E-4,2,13,96.4078598022461,15261.json,Buggy
3,0.05707220360636711,1,1,129.69032287597656,20300.json,NotBuggy
8,0.014156526885926723,1,8,108.5897445678711,22375.json,NotBuggy
4,0.4859175980091095,1,0,125.64796447753906,21646.json,NotBuggy
3,0.9413626194000244,1,0,133.59722900390625,13659.json,NotBuggy
4,0.25100839138031006,1,0,124.58238983154297,4058.json,NotBuggy
8,0.018799539655447006,1,5,107.20690155029297,10162.json,NotBuggy
4,0.7119079828262329,1,0,125.27178192138672,3085.json,NotBuggy
10,0.046133968979120255,2,7,103.05249786376953,17144.json,NotBuggy
3,0.6755852699279785,1,2,129.12539672851562,18982.json,NotBuggy
3,0.6920579075813293,1,0,133.59722900390625,9175.json,NotBuggy
3,0.7178865671157837,1,1,130.85629272460938,20308.json,NotBuggy
25,2.677198499441147E-4,13,9,81.698486328125,4976.json,NotBuggy
5,0.008846011944115162,2,3,116.28157043457031,4975.json,NotBuggy
3,0.8910459876060486,1,0,133.59722900390625,7904.json,NotBuggy
3,0.8273010849952698,1,0,133.59722900390625,22435.json,NotBuggy
6,0.15842726826667786,2,5,114.14045715332031,19694.json,NotBuggy
4,0.5335273742675781,1,1,124.81353759765625,1305.json,NotBuggy
7,0.0711461678147316,2,5,110.35152435302734,20035.json,NotBuggy
3,0.9320460557937622,1,0,132.9956512451172,14630.json,NotBuggy
9,0.06630370020866394,1,7,105.34478759765625,8489.json,NotBuggy
18,0.0,7,26,86.01748657226562,2867.json,NotBuggy
3,0.0,1,2,128.4090576171875,12496.json,NotBuggy
8,0.0,1,7,106.18887329101562,20781.json,NotBuggy
14,1.8634913431014866E-4,3,14,93.6371078491211,8391.json,NotBuggy
3,3.181483189109713E-4,1,3,126.21087646484375,4699.json,NotBuggy
4,0.49623534083366394,1,0,125.64796447753906,496.json,NotBuggy
11,0.015299947001039982,3,5,100.4306869506836,16288.json,NotBuggy
17,0.01091222744435072,4,11,92.1805648803711,7835.json,NotBuggy
3,0.8860632181167603,1,0,133.59722900390625,16996.json,NotBuggy
7,0.08796633780002594,2,2,110.99961853027344,18334.json,NotBuggy
16,0.5699152946472168,6,4,93.39248657226562,18344.json,NotBuggy
13,0.0031415282282978296,4,11,95.35708618164062,14109.json,NotBuggy
3,0.9294750690460205,1,0,133.59722900390625,22385.json,NotBuggy
5,0.7517188191413879,2,1,121.30742645263672,20013.json,NotBuggy
3,0.233014777302742,1,1,130.7338104248047,9613.json,NotBuggy
6,0.23545916378498077,1,3,116.53829956054688,17979.json,NotBuggy
6,0.6153430938720703,1,4,116.62230682373047,23110.json,NotBuggy
4,0.01567433401942253,1,3,121.82937622070312,6652.json,NotBuggy
4,0.33543410897254944,1,0,126.19583892822266,17644.json,NotBuggy
3,0.8657835721969604,1,1,131.75106811523438,1704.json,NotBuggy
9,0.3199932277202606,3,1,106.81261444091797,19006.json,NotBuggy
3,0.42059025168418884,1,0,131.28770446777344,11559.json,NotBuggy
3,0.7138606309890747,1,1,132.61029052734375,8894.json,NotBuggy
5,0.001819340861402452,1,2,116.4050064086914,75.json,NotBuggy
13,0.0524994358420372,1,10,99.13237762451172,4323.json,NotBuggy
11,0.0025060486514121294,3,10,98.84940338134766,20274.json,NotBuggy
3,0.6084354519844055,1,0,131.28770446777344,498.json,NotBuggy
4,0.7119079828262329,1,0,125.27178192138672,21301.json,NotBuggy
4,0.304516464471817,1,1,123.56243133544922,16663.json,NotBuggy
4,0.8293859362602234,1,1,126.62725830078125,8756.json,NotBuggy
2,0.9977049231529236,1,0,142.4026641845703,6970.json,NotBuggy
3,0.18035884201526642,1,3,128.62307739257812,16643.json,NotBuggy
3,0.9022036194801331,1,0,133.59722900390625,20085.json,NotBuggy
3,0.9691274166107178,1,0,133.59722900390625,11871.json,NotBuggy
4,0.6050503849983215,1,0,125.64796447753906,11165.json,NotBuggy
3,0.8763893246650696,1,0,131.9385528564453,2715.json,NotBuggy
8,0.00816529244184494,2,4,106.8936996459961,102.json,NotBuggy
3,0.9381090402603149,1,0,133.59722900390625,20932.json,NotBuggy
3,0.7589814066886902,1,0,133.59722900390625,8936.json,NotBuggy
4,0.03273188695311546,1,3,123.37702178955078,11447.json,NotBuggy
8,0.01175253838300705,2,4,107.5079574584961,3475.json,NotBuggy
3,0.45373716950416565,1,2,129.47398376464844,1386.json,NotBuggy
8,0.0035597383975982666,1,8,107.4258804321289,3585.json,NotBuggy
4,0.8324596881866455,1,0,125.5254898071289,7852.json,NotBuggy
3,0.5464603900909424,1,0,133.59722900390625,18180.json,NotBuggy
17,0.00683464715257287,1,12,91.18124389648438,4540.json,NotBuggy
8,0.008821951225399971,1,9,108.26525115966797,23434.json,NotBuggy
6,0.7361848950386047,2,1,117.14632415771484,18121.json,NotBuggy
3,0.304373562335968,1,3,128.31268310546875,9930.json,NotBuggy
3,0.3625935912132263,1,0,133.59722900390625,12576.json,NotBuggy
3,0.8888519406318665,1,1,131.75106811523438,1863.json,NotBuggy
5,0.30839961767196655,1,3,120.14375305175781,20914.json,NotBuggy
44,0.0,2,73,68.08552551269531,15768.json,NotBuggy
3,0.3696226179599762,1,2,129.69032287597656,11058.json,NotBuggy
4,0.7119079828262329,1,0,125.27178192138672,15551.json,NotBuggy
3,0.8763893246650696,1,0,131.9385528564453,15606.json,NotBuggy
6,0.16732099652290344,1,1,115.64443969726562,19195.json,NotBuggy
4,0.14691007137298584,1,1,126.04888916015625,17488.json,NotBuggy
3,0.6937923431396484,1,0,133.59722900390625,17060.json,NotBuggy
6,0.6106246709823608,2,1,117.77888488769531,20028.json,NotBuggy
3,0.8353855013847351,1,0,133.59722900390625,4949.json,NotBuggy
3,0.7943119406700134,2,1,129.48590087890625,5221.json,NotBuggy
5,0.10424178838729858,1,1,119.75839233398438,6668.json,NotBuggy
8,0.2285751849412918,2,4,109.56880950927734,17450.json,NotBuggy
3,0.9346750378608704,1,0,133.59722900390625,14955.json,NotBuggy
3,0.19627539813518524,1,3,128.50894165039062,3663.json,NotBuggy
4,0.7119079828262329,1,0,125.27178192138672,3069.json,NotBuggy
10,0.003569399705156684,1,13,101.78614807128906,14402.json,NotBuggy
9,0.025507071986794472,2,5,104.81819152832031,6199.json,NotBuggy
3,0.8701761960983276,1,0,133.59722900390625,19472.json,NotBuggy
4,0.7256754636764526,1,0,125.27178192138672,22042.json,NotBuggy
11,0.0,3,12,98.5262222290039,2431.json,NotBuggy
10,1.2550428800750524E-4,2,16,101.4131088256836,20973.json,NotBuggy
10,0.0014617416309192777,1,9,102.97288513183594,6392.json,NotBuggy
4,0.28522369265556335,1,2,124.25267028808594,8328.json,NotBuggy
4,0.20642690360546112,1,1,124.48601531982422,17455.json,NotBuggy
3,0.49253812432289124,1,2,129.57785034179688,19140.json,NotBuggy
16,1.366224023513496E-4,1,15,92.70906829833984,4468.json,NotBuggy
4,0.7151249647140503,1,0,125.27178192138672,22725.json,NotBuggy
7,0.03128157928586006,2,6,110.0542984008789,5601.json,NotBuggy
10,0.008571775630116463,2,6,103.40794372558594,6863.json,NotBuggy
3,0.546362578868866,1,1,131.75106811523438,5944.json,NotBuggy
12,0.10152839124202728,3,5,99.62211608886719,14089.json,NotBuggy
4,0.7256754636764526,1,0,125.27178192138672,21059.json,NotBuggy
7,0.010966813191771507,2,5,110.0542984008789,19464.json,NotBuggy
3,0.5629730820655823,1,2,128.41912841796875,5548.json,NotBuggy
12,0.011494046077132225,3,7,98.17405700683594,22226.json,NotBuggy
3,0.9027584791183472,1,0,132.9956512451172,2135.json,NotBuggy
3,0.8965196013450623,1,0,133.59722900390625,12304.json,NotBuggy
7,5.627772188745439E-4,1,14,108.14397430419922,3608.json,NotBuggy
16,0.005464663729071617,1,14,94.33723449707031,3182.json,NotBuggy
3,0.5843667387962341,1,0,133.59722900390625,22734.json,NotBuggy
3,0.07719021290540695,1,3,128.50894165039062,18891.json,NotBuggy
11,0.022781332954764366,3,6,99.64376068115234,6152.json,NotBuggy
6,0.03648558631539345,2,2,114.28445434570312,17497.json,NotBuggy
4,0.6988435983657837,1,0,125.27178192138672,21508.json,NotBuggy
4,0.7256754636764526,1,0,125.27178192138672,23478.json,NotBuggy
3,0.6130649447441101,1,0,131.03103637695312,3320.json,NotBuggy
3,0.6284272074699402,1,1,131.43582153320312,13963.json,NotBuggy
3,0.084934763610363,1,0,133.59722900390625,2122.json,NotBuggy
6,0.35410428047180176,2,2,115.10508728027344,16142.json,NotBuggy
6,0.0,1,4,114.3227767944336,353.json,NotBuggy
4,0.7256754636764526,1,0,125.27178192138672,20906.json,NotBuggy
3,0.8848848342895508,1,0,133.59722900390625,10560.json,NotBuggy
3,0.7189823985099792,1,0,131.9385528564453,10803.json,NotBuggy
5,0.5304802060127258,2,3,120.20379638671875,5329.json,NotBuggy
3,0.6555331945419312,1,1,131.75106811523438,1860.json,NotBuggy
6,0.33237600326538086,1,5,115.19073486328125,7813.json,NotBuggy
12,0.0,1,23,93.63505554199219,1995.json,NotBuggy
3,0.6136137843132019,1,0,131.28770446777344,11942.json,NotBuggy
3,0.15056413412094116,1,0,128.31268310546875,4365.json,NotBuggy
14,1.6317058179993182E-4,2,10,92.80253601074219,8859.json,NotBuggy
10,1.7578441475052387E-4,3,8,101.4354476928711,3744.json,NotBuggy
3,0.8763893246650696,1,0,131.9385528564453,4075.json,NotBuggy
3,0.030444607138633728,1,2,127.42049407958984,12273.json,NotBuggy
3,0.7890363335609436,1,0,133.59722900390625,10614.json,NotBuggy
12,0.02081315964460373,4,4,99.63888549804688,438.json,NotBuggy
4,0.6196449398994446,1,0,125.27178192138672,19773.json,NotBuggy
4,0.5738977789878845,1,0,125.27178192138672,11478.json,NotBuggy
2,0.9977049231529236,1,0,142.4026641845703,8139.json,NotBuggy
4,0.5419342517852783,1,0,125.27178192138672,10813.json,NotBuggy
4,0.7119079828262329,1,0,125.27178192138672,22086.json,NotBuggy
4,0.7119079828262329,1,0,125.27178192138672,5111.json,NotBuggy
10,0.7849021553993225,3,1,104.72284698486328,1332.json,Buggy
9,0.6907896995544434,3,0,106.66625213623047,18848.json,NotBuggy
3,0.3973352313041687,1,1,129.7158966064453,15889.json,NotBuggy
4,0.7499582767486572,1,0,125.64796447753906,12862.json,NotBuggy
2,0.9659520387649536,1,0,139.1788330078125,17469.json,NotBuggy
3,0.8537255525588989,1,0,133.59722900390625,21777.json,NotBuggy
8,0.4130260646343231,1,3,112.25189971923828,15759.json,NotBuggy
3,0.7811756134033203,1,0,133.59722900390625,10677.json,NotBuggy
3,0.33498531579971313,1,0,130.30841064453125,16901.json,NotBuggy
3,0.01120293140411377,1,4,126.41971588134766,2498.json,NotBuggy
13,0.8668092489242554,4,2,99.45613861083984,1692.json,NotBuggy
4,0.5213906764984131,1,1,125.64796447753906,5378.json,NotBuggy
6,5.447870935313404E-4,2,6,112.78594207763672,14531.json,NotBuggy
22,0.08164490759372711,7,2,85.30635070800781,20189.json,NotBuggy
3,0.8853198885917664,1,0,133.59722900390625,13658.json,NotBuggy
3,0.8763893246650696,1,0,131.9385528564453,2708.json,NotBuggy
4,0.7119079828262329,1,0,125.27178192138672,22814.json,NotBuggy
11,0.11447751522064209,4,2,102.22004699707031,20149.json,NotBuggy
4,0.6039813756942749,1,0,125.27178192138672,22014.json,NotBuggy
4,0.4520498216152191,1,1,123.87862396240234,6363.json,NotBuggy
10,3.962795890402049E-4,1,16,100.98600769042969,16286.json,NotBuggy
3,0.5943382978439331,1,0,133.59722900390625,3459.json,NotBuggy
4,0.5960946083068848,1,2,126.33003997802734,15185.json,NotBuggy
8,0.020678015425801277,1,8,108.48876953125,22177.json,NotBuggy
4,0.4486778974533081,1,2,125.64796447753906,17409.json,NotBuggy
3,0.688593327999115,1,1,131.1535186767578,11139.json,NotBuggy
3,0.7917148470878601,1,0,133.59722900390625,15922.json,NotBuggy
4,0.6192925572395325,1,0,125.64796447753906,23247.json,NotBuggy
3,0.7811756134033203,1,0,133.59722900390625,12030.json,NotBuggy
4,0.6289442777633667,1,1,125.78216552734375,7956.json,NotBuggy
3,0.9060057401657104,1,0,133.59722900390625,22937.json,NotBuggy
5,0.4555618464946747,1,3,116.2955322265625,20708.json,NotBuggy
11,0.023140346631407738,2,11,100.04944610595703,2691.json,NotBuggy
6,0.34888920187950134,1,1,116.53582763671875,3952.json,NotBuggy
4,0.6341499090194702,1,0,125.64796447753906,21956.json,NotBuggy
13,0.4098326861858368,4,4,98.4986572265625,17052.json,NotBuggy
4,0.5255440473556519,1,2,125.02987670898438,10077.json,NotBuggy
8,0.0026079777162522078,2,7,107.14398193359375,16735.json,NotBuggy
4,0.17083457112312317,1,1,123.56243133544922,11657.json,NotBuggy
4,0.2050435096025467,1,1,121.98247528076172,4459.json,NotBuggy
3,0.40755850076675415,1,1,131.43582153320312,7306.json,NotBuggy
7,0.2714020311832428,3,1,110.9437026977539,341.json,NotBuggy
3,0.9381090402603149,1,0,133.59722900390625,22743.json,NotBuggy
4,0.2281314879655838,1,1,123.56243133544922,16662.json,NotBuggy
5,0.0385780967772007,2,1,117.36647033691406,14301.json,NotBuggy
3,0.742002010345459,1,1,131.60296630859375,19199.json,NotBuggy
4,0.6286278963088989,1,0,125.64796447753906,21047.json,NotBuggy
3,0.003822330152615905,1,0,133.59722900390625,16221.json,NotBuggy
8,0.013573998585343361,1,8,108.5897445678711,22657.json,NotBuggy
4,0.3130364418029785,1,0,125.64796447753906,12595.json,NotBuggy
14,4.4651119969785213E-4,4,7,93.54539489746094,15828.json,NotBuggy
6,0.5133591890335083,1,6,113.28678894042969,3137.json,NotBuggy
5,2.098438999382779E-4,1,7,115.40209197998047,14534.json,NotBuggy
6,0.33759793639183044,1,4,116.80848693847656,15773.json,NotBuggy
3,0.49277129769325256,1,1,129.2428436279297,15098.json,NotBuggy
3,0.49168553948402405,1,1,132.25152587890625,5518.json,NotBuggy
4,0.04300571605563164,1,5,120.76844787597656,20490.json,NotBuggy
34,0.0031924250070005655,7,9,76.08905792236328,18903.json,NotBuggy
5,0.11005562543869019,1,4,119.1451187133789,4370.json,NotBuggy
3,0.5027645826339722,1,0,130.70933532714844,12510.json,NotBuggy
3,0.7391932606697083,1,0,133.59722900390625,1029.json,NotBuggy
5,0.07784862816333771,1,4,118.0075454711914,2437.json,NotBuggy
3,0.8189057111740112,1,0,133.59722900390625,18157.json,NotBuggy
9,0.00162038195412606,2,8,105.11478424072266,4605.json,NotBuggy
3,0.001962820068001747,1,1,129.2378692626953,19271.json,NotBuggy
11,0.7489241361618042,1,10,102.8667221069336,16134.json,NotBuggy
3,0.8353855013847351,1,0,133.59722900390625,23511.json,NotBuggy
3,0.10824225097894669,1,2,129.0215301513672,16968.json,NotBuggy
6,0.14523035287857056,2,2,115.72040557861328,7269.json,NotBuggy
3,0.16065602004528046,1,0,129.57785034179688,17009.json,NotBuggy
4,0.7845388054847717,1,0,125.64796447753906,22492.json,NotBuggy
4,0.2073514759540558,1,1,123.47842407226562,2471.json,NotBuggy
3,0.8636916279792786,1,0,133.59722900390625,14845.json,NotBuggy
20,0.007231390569359064,4,15,88.19058990478516,7109.json,NotBuggy
9,0.06638474017381668,2,7,104.27720642089844,5234.json,NotBuggy
4,0.6413531303405762,1,0,125.27178192138672,23253.json,NotBuggy
3,0.7973255515098572,1,0,131.9385528564453,4256.json,NotBuggy
4,0.60116046667099,1,0,125.64796447753906,19557.json,NotBuggy
4,0.7234498262405396,1,0,125.64796447753906,22430.json,NotBuggy
3,0.7820137739181519,1,0,131.28770446777344,11831.json,NotBuggy
4,0.5121709704399109,1,0,125.64796447753906,21738.json,NotBuggy
3,0.043984554708004,1,3,128.91311645507812,1560.json,NotBuggy
12,5.552761722356081E-4,1,11,100.03936004638672,5268.json,NotBuggy
11,0.20686675608158112,3,7,99.53611755371094,9895.json,NotBuggy
23,6.122113554738462E-4,1,14,86.54108428955078,3833.json,NotBuggy
7,6.551420665346086E-4,1,7,109.38533020019531,9043.json,Buggy
4,0.7183099985122681,1,0,125.64796447753906,11155.json,NotBuggy
3,0.9320460557937622,1,0,132.9956512451172,14554.json,NotBuggy
13,0.003293182933703065,3,6,96.11739349365234,19914.json,NotBuggy
3,0.9101456999778748,1,0,133.59722900390625,17849.json,NotBuggy
4,0.7119079828262329,1,0,125.27178192138672,4165.json,NotBuggy
4,0.606551468372345,1,0,125.64796447753906,21718.json,NotBuggy
3,0.8537255525588989,1,0,133.59722900390625,21691.json,NotBuggy
2,0.9136328101158142,1,0,142.4026641845703,1240.json,NotBuggy
10,0.25921565294265747,3,3,103.67457580566406,17110.json,NotBuggy
3,0.9294750690460205,1,0,133.59722900390625,2447.json,NotBuggy
4,0.19997955858707428,1,1,125.27178192138672,11663.json,NotBuggy
4,0.46040138602256775,1,0,125.64796447753906,9135.json,NotBuggy
4,0.7281715869903564,1,0,125.64796447753906,10353.json,NotBuggy
3,0.793246865272522,1,0,133.59722900390625,10830.json,NotBuggy
21,0.0,3,35,83.9382095336914,8429.json,NotBuggy
3,0.3249671757221222,1,0,131.03103637695312,20029.json,NotBuggy
3,0.785537600517273,1,0,133.59722900390625,17921.json,NotBuggy
6,0.16580548882484436,1,3,113.12964630126953,5042.json,NotBuggy
8,0.5847697257995605,2,1,108.61510467529297,515.json,NotBuggy
4,0.606551468372345,1,0,125.64796447753906,21889.json,NotBuggy
5,0.35758545994758606,1,4,118.00186920166016,9164.json,NotBuggy
4,0.6254704594612122,1,0,125.27178192138672,23069.json,NotBuggy
24,3.650157595984638E-4,7,22,82.4039306640625,594.json,NotBuggy
3,0.7685927748680115,1,0,133.59722900390625,2316.json,NotBuggy
3,0.9346750378608704,1,0,133.59722900390625,11019.json,NotBuggy
2,0.9288153648376465,1,0,136.5381317138672,8311.json,NotBuggy
15,0.001053085783496499,3,8,93.99088287353516,13281.json,NotBuggy
3,0.0022802159655839205,1,5,125.87184143066406,16971.json,NotBuggy
3,0.18692919611930847,1,1,129.14646911621094,14308.json,NotBuggy
5,0.005672660656273365,1,3,117.03116607666016,1498.json,NotBuggy
3,0.3463120758533478,1,1,130.34019470214844,16516.json,NotBuggy
13,0.0032447681296616793,3,10,96.06869506835938,14175.json,NotBuggy
5,0.10139965265989304,1,5,117.86318969726562,21291.json,NotBuggy
3,0.9558944702148438,1,0,133.59722900390625,21697.json,NotBuggy
3,0.9078930616378784,1,0,133.59722900390625,23374.json,NotBuggy
5,0.04345499351620674,2,2,117.63319396972656,5698.json,NotBuggy
3,0.14332446455955505,1,0,133.59722900390625,9781.json,NotBuggy
3,0.7373513579368591,1,0,132.4454345703125,9917.json,NotBuggy
4,0.6413531303405762,1,0,125.27178192138672,21514.json,NotBuggy
3,0.8763893246650696,1,0,131.9385528564453,15592.json,NotBuggy
3,0.6708194613456726,1,1,130.99049377441406,7832.json,NotBuggy
4,0.7119079828262329,1,0,125.27178192138672,21268.json,NotBuggy
3,0.9540050625801086,1,1,132.086669921875,15948.json,NotBuggy
8,0.016124801710247993,1,8,108.65271759033203,22982.json,NotBuggy
3,0.008653965778648853,1,3,128.0337677001953,2899.json,NotBuggy
5,0.4848920404911041,1,3,118.5980453491211,13998.json,NotBuggy
3,0.22703871130943298,1,0,129.2428436279297,15688.json,NotBuggy
3,0.9294750690460205,1,0,133.59722900390625,6271.json,NotBuggy
4,0.08835813403129578,1,4,121.21369934082031,3635.json,NotBuggy
7,0.12927165627479553,1,6,111.8255386352539,21489.json,NotBuggy
4,0.6162204146385193,1,0,125.15930938720703,16312.json,NotBuggy
3,0.8743428587913513,1,0,131.28770446777344,271.json,NotBuggy
4,0.7585701942443848,1,0,125.64796447753906,23073.json,NotBuggy
4,0.10675662755966187,1,2,123.02798461914062,967.json,NotBuggy
3,0.7042097449302673,1,0,133.59722900390625,22425.json,NotBuggy
3,0.41295960545539856,1,1,129.93223571777344,11633.json,NotBuggy
3,0.1367521584033966,1,1,129.81976318359375,3153.json,NotBuggy
5,0.16943708062171936,1,4,118.2886962890625,20254.json,NotBuggy
10,0.002555940765887499,1,7,103.69708251953125,6721.json,NotBuggy
3,0.8353855013847351,1,0,133.59722900390625,482.json,NotBuggy
3,0.31451570987701416,1,2,129.34671020507812,18269.json,NotBuggy
10,0.2598373293876648,3,3,103.67457580566406,20309.json,NotBuggy
4,0.3415946662425995,2,2,121.39991760253906,6020.json,NotBuggy
3,0.026442037895321846,1,3,127.8512954711914,5244.json,NotBuggy
3,0.16267992556095123,1,1,128.712890625,11264.json,NotBuggy
3,0.6295019388198853,1,0,133.59722900390625,1174.json,NotBuggy
3,0.42921313643455505,1,1,130.34019470214844,16186.json,NotBuggy
4,0.7256754636764526,1,0,125.27178192138672,22995.json,NotBuggy
7,0.010822144336998463,1,7,108.50066375732422,2524.json,NotBuggy
5,0.5799382328987122,1,0,120.13368225097656,8993.json,NotBuggy
3,0.3018370568752289,1,0,131.1535186767578,13514.json,NotBuggy
4,0.7119079828262329,1,0,125.27178192138672,22650.json,NotBuggy
6,0.26542434096336365,1,5,114.38914489746094,12915.json,NotBuggy
4,0.4979834258556366,1,2,126.33003997802734,15164.json,NotBuggy
3,0.8814632296562195,1,0,133.59722900390625,11891.json,NotBuggy
3,0.9583216309547424,1,0,133.59722900390625,18836.json,NotBuggy
4,0.16365283727645874,2,1,121.91535949707031,18289.json,NotBuggy
5,0.9234350323677063,2,0,122.20396423339844,11263.json,NotBuggy
3,0.7964438796043396,1,1,130.7338104248047,1826.json,NotBuggy
4,0.07082169502973557,1,2,122.5160903930664,14395.json,NotBuggy
17,3.702872490976006E-4,5,13,89.19318389892578,6865.json,NotBuggy
3,0.5797895193099976,1,0,128.22288513183594,166.json,NotBuggy
3,0.844249427318573,1,1,132.086669921875,945.json,NotBuggy
3,0.7308617234230042,1,1,132.25152587890625,20103.json,NotBuggy
3,0.9240252375602722,1,0,133.59722900390625,9575.json,NotBuggy
3,0.7283706665039062,1,0,133.59722900390625,18837.json,NotBuggy
11,0.004183824174106121,1,11,98.87135314941406,2307.json,NotBuggy
12,0.0012168993707746267,3,10,96.86888122558594,15132.json,NotBuggy
3,0.03787291422486305,1,1,127.19728088378906,5401.json,NotBuggy
3,0.757946252822876,1,1,130.45266723632812,19047.json,Buggy
4,0.8528525829315186,1,0,125.15930938720703,17965.json,NotBuggy
3,0.781467854976654,1,1,130.85629272460938,6064.json,NotBuggy
3,0.068672314286232,1,1,129.14646911621094,759.json,NotBuggy
4,0.47399383783340454,1,0,125.64796447753906,22842.json,NotBuggy
3,0.618297815322876,1,0,132.086669921875,19073.json,NotBuggy
3,0.2834503650665283,1,0,131.1535186767578,5565.json,NotBuggy
4,7.139653898775578E-4,1,4,121.48739624023438,14055.json,NotBuggy
3,0.8304715752601624,1,1,131.60296630859375,15986.json,NotBuggy
3,0.8814632296562195,1,0,133.59722900390625,11844.json,NotBuggy
7,0.8978415727615356,2,1,111.4901123046875,6165.json,NotBuggy
3,0.5445436239242554,1,0,128.22288513183594,16946.json,NotBuggy
3,0.7893921136856079,1,0,133.59722900390625,11318.json,NotBuggy
3,0.771950900554657,1,0,131.43582153320312,14711.json,NotBuggy
12,0.03349976986646652,2,5,100.98360443115234,4820.json,NotBuggy
4,0.815364420413971,1,0,125.5254898071289,645.json,NotBuggy
6,4.952937015332282E-4,1,5,112.99028015136719,3348.json,NotBuggy
3,0.0,1,1,125.18699645996094,14895.json,NotBuggy
3,0.9294750690460205,1,0,133.59722900390625,22783.json,NotBuggy
3,0.3367660343647003,1,0,133.59722900390625,17329.json,NotBuggy
3,0.1150386855006218,1,1,130.07347106933594,5377.json,NotBuggy
4,0.5733211040496826,1,0,124.26470947265625,9273.json,NotBuggy
5,0.10178560763597488,1,1,122.4339599609375,17435.json,NotBuggy
10,0.0013007262023165822,1,10,101.09441375732422,2160.json,NotBuggy
4,0.650388777256012,1,0,125.64796447753906,10626.json,NotBuggy
4,0.252036452293396,1,0,123.96263122558594,19806.json,NotBuggy
9,0.007896735332906246,3,4,104.84944152832031,7073.json,NotBuggy
3,0.5115476250648499,1,1,130.7338104248047,8398.json,NotBuggy
3,0.7188014984130859,1,0,133.59722900390625,18035.json,NotBuggy
3,0.8152434825897217,1,0,133.59722900390625,22917.json,NotBuggy
12,0.0,3,12,95.2957534790039,13245.json,NotBuggy
10,0.9643822908401489,3,3,104.4138412475586,14902.json,NotBuggy
3,0.4392603635787964,1,2,130.44261169433594,1225.json,NotBuggy
8,0.06937424838542938,2,3,107.4601058959961,892.json,NotBuggy
7,1.4748664398211986E-4,1,4,109.2952880859375,5524.json,NotBuggy
6,0.10936915129423141,1,6,114.20042419433594,8772.json,NotBuggy
3,0.38527652621269226,1,2,131.75106811523438,8242.json,NotBuggy
6,0.24018003046512604,1,6,113.14921569824219,2937.json,NotBuggy
4,0.10738001763820648,1,2,122.14535522460938,10232.json,NotBuggy
9,0.2418806105852127,2,3,106.55463409423828,1139.json,NotBuggy
7,0.006013297010213137,2,5,109.28382873535156,17939.json,NotBuggy
3,0.4824422299861908,1,1,132.25152587890625,5510.json,NotBuggy
3,0.6101421117782593,1,0,133.59722900390625,22049.json,NotBuggy
7,0.5001499056816101,2,2,112.68008422851562,18122.json,NotBuggy
7,0.0038196039386093616,2,1,108.8076171875,686.json,NotBuggy
5,0.0,1,12,112.83248138427734,10895.json,NotBuggy
8,0.6952217817306519,2,2,110.75399017333984,6049.json,NotBuggy
3,0.6553760766983032,1,2,131.28770446777344,15191.json,NotBuggy
3,0.2841247320175171,1,0,133.59722900390625,489.json,NotBuggy
9,0.4448601305484772,1,8,105.73943328857422,4573.json,NotBuggy
3,0.7693724036216736,1,0,133.59722900390625,23044.json,NotBuggy
4,0.7119079828262329,1,0,125.27178192138672,21188.json,NotBuggy
3,0.742002010345459,1,1,131.60296630859375,19200.json,NotBuggy
3,0.811374306678772,1,0,133.59722900390625,12578.json,NotBuggy
3,0.8403209447860718,1,1,132.25152587890625,14511.json,NotBuggy
4,0.30741026997566223,2,2,121.52926635742188,6018.json,NotBuggy
3,0.06934947520494461,1,3,128.50894165039062,18892.json,NotBuggy
3,0.9662848711013794,1,0,133.59722900390625,14763.json,NotBuggy
7,0.15968893468379974,2,2,110.61402893066406,178.json,NotBuggy
4,0.625913679599762,1,0,125.64796447753906,23067.json,NotBuggy
10,0.02314646542072296,2,7,102.87189483642578,14708.json,NotBuggy
3,0.8152434825897217,1,0,133.59722900390625,21335.json,NotBuggy
5,0.1923513263463974,1,5,119.67438507080078,6523.json,NotBuggy
4,0.3716041147708893,1,1,123.47842407226562,12584.json,NotBuggy
24,5.259258323349059E-4,1,15,86.06901550292969,3278.json,NotBuggy
3,0.0013908729888498783,1,1,127.94110107421875,19288.json,NotBuggy
11,0.0,1,32,98.11109161376953,7776.json,NotBuggy
3,0.870991587638855,1,0,133.59722900390625,10568.json,NotBuggy
13,0.027655228972434998,1,9,99.11039733886719,4152.json,NotBuggy
3,0.6019254326820374,1,0,130.7338104248047,16521.json,NotBuggy
4,0.623573899269104,1,0,125.64796447753906,21516.json,NotBuggy
16,0.21314074099063873,7,0,95.46001434326172,13092.json,NotBuggy
3,0.22830846905708313,1,2,128.712890625,6559.json,NotBuggy
3,0.6243333220481873,1,0,131.9385528564453,22901.json,NotBuggy
3,0.8817682862281799,1,0,134.26058959960938,6699.json,NotBuggy
10,0.32713937759399414,2,4,102.65640258789062,8433.json,NotBuggy
2,0.9961547255516052,1,0,139.56419372558594,7140.json,NotBuggy
3,0.5847888588905334,1,1,129.9696044921875,1413.json,NotBuggy
27,0.0,5,26,79.50994873046875,16080.json,NotBuggy
13,0.0931926816701889,3,8,98.35055541992188,8487.json,NotBuggy
7,0.1274736374616623,2,4,110.77831268310547,14779.json,NotBuggy
4,0.6893989443778992,1,0,125.64796447753906,13167.json,NotBuggy
3,0.5009738802909851,1,0,131.28770446777344,11561.json,NotBuggy
10,0.00489299139007926,3,7,101.30191040039062,18625.json,NotBuggy
3,0.8853198885917664,1,0,133.59722900390625,21983.json,NotBuggy
3,0.9040838479995728,1,0,133.59722900390625,11964.json,NotBuggy
3,0.0011977724498137832,1,1,128.4090576171875,10648.json,NotBuggy
7,0.012518923729658127,2,4,110.19845581054688,4772.json,NotBuggy
3,0.4344518482685089,1,1,130.7338104248047,1615.json,NotBuggy
10,0.2068687528371811,3,2,103.55276489257812,17517.json,NotBuggy
3,0.8795603513717651,1,0,133.59722900390625,13512.json,NotBuggy
3,0.6879115700721741,1,1,132.25152587890625,6335.json,NotBuggy
3,0.7589814066886902,1,0,133.59722900390625,10481.json,NotBuggy
4,0.7256754636764526,1,0,125.27178192138672,23117.json,NotBuggy
3,0.4336068630218506,1,1,132.086669921875,3419.json,NotBuggy
7,0.0011536917882040143,2,5,110.38590240478516,15649.json,NotBuggy
3,0.6612904667854309,1,0,133.59722900390625,5652.json,NotBuggy
3,0.9153783321380615,1,0,133.59722900390625,18432.json,NotBuggy
3,0.6928277015686035,1,1,132.25152587890625,7831.json,NotBuggy
7,0.79386305809021,2,2,113.3831787109375,815.json,NotBuggy
4,0.7256754636764526,1,0,125.27178192138672,4171.json,NotBuggy
10,0.013519763946533203,1,10,101.50647735595703,14425.json,Buggy
4,0.5163715481758118,1,0,125.27178192138672,22476.json,NotBuggy
6,0.47983518242836,2,1,117.45413208007812,18367.json,NotBuggy
10,0.4996362030506134,3,4,103.6401596069336,15812.json,NotBuggy
9,0.17682591080665588,1,4,108.1444320678711,10133.json,NotBuggy
3,0.7436319589614868,1,0,133.59722900390625,23158.json,NotBuggy
3,0.9381090402603149,1,0,133.59722900390625,23152.json,NotBuggy
5,0.04822799935936928,1,4,118.07197570800781,3611.json,NotBuggy
16,0.005149265751242638,1,16,93.85542297363281,4326.json,NotBuggy
4,0.7119079828262329,1,0,125.27178192138672,2545.json,NotBuggy
7,0.45396503806114197,2,3,112.11737823486328,19640.json,NotBuggy
3,0.5214322209358215,1,0,133.59722900390625,723.json,NotBuggy
9,0.06083773449063301,2,2,105.78284454345703,19024.json,NotBuggy
4,0.5358891487121582,1,0,125.64796447753906,21370.json,NotBuggy
4,0.8290437459945679,1,0,125.15930938720703,12585.json,NotBuggy
6,0.7703093886375427,1,3,116.56555938720703,4441.json,NotBuggy
22,0.0,2,16,85.68629455566406,8909.json,NotBuggy
16,0.002636128570884466,1,19,92.55321502685547,14181.json,NotBuggy
3,0.9346750378608704,1,0,133.59722900390625,22728.json,NotBuggy
7,0.010052821598947048,2,4,110.40599822998047,14923.json,NotBuggy
17,0.0,6,15,88.93840026855469,4853.json,NotBuggy
3,0.8353855013847351,1,0,133.59722900390625,21505.json,NotBuggy
4,0.8686437606811523,1,0,125.15930938720703,13763.json,NotBuggy
4,0.8071914315223694,1,0,125.15930938720703,12297.json,NotBuggy
3,0.9183170795440674,1,0,133.59722900390625,13863.json,NotBuggy
9,4.309223440941423E-4,3,11,102.6383056640625,14481.json,NotBuggy
4,0.44737178087234497,1,0,125.64796447753906,22070.json,NotBuggy
3,0.2549543082714081,1,0,131.1535186767578,19980.json,NotBuggy
3,0.8542589545249939,1,0,133.59722900390625,16198.json,NotBuggy
3,0.7027596831321716,1,1,130.99049377441406,5865.json,NotBuggy
3,0.7834091186523438,1,1,130.99049377441406,15267.json,NotBuggy
3,0.21855513751506805,1,1,133.18099975585938,19846.json,NotBuggy
4,0.4996728003025055,1,0,125.64796447753906,20939.json,NotBuggy
3,0.06439044326543808,1,2,128.60531616210938,4543.json,NotBuggy
5,0.2943619191646576,1,1,119.66572570800781,746.json,NotBuggy
3,0.015299300663173199,1,3,128.0337677001953,16051.json,NotBuggy
3,0.9280931949615479,1,0,133.59722900390625,4631.json,NotBuggy
3,0.8537255525588989,1,0,133.59722900390625,9697.json,NotBuggy
3,0.005575190298259258,1,1,127.8512954711914,17124.json,NotBuggy
3,0.30699020624160767,1,2,129.34671020507812,12848.json,NotBuggy
4,0.6040081977844238,1,0,125.27178192138672,22782.json,NotBuggy
4,0.020215744152665138,1,1,123.46312713623047,6710.json,NotBuggy
3,0.8814632296562195,1,0,133.59722900390625,12368.json,NotBuggy
5,0.12431278824806213,1,5,118.07197570800781,9146.json,NotBuggy
3,0.054533686488866806,1,2,130.07347106933594,10597.json,NotBuggy
3,0.9346750378608704,1,0,133.59722900390625,10986.json,NotBuggy
3,0.546362578868866,1,1,131.75106811523438,5942.json,NotBuggy
3,0.0658191666007042,1,2,127.68843078613281,10891.json,NotBuggy
3,0.7576314210891724,1,2,128.91311645507812,20186.json,NotBuggy
4,0.696858823299408,1,0,125.15930938720703,16310.json,NotBuggy
5,0.4196428060531616,1,2,119.66572570800781,10085.json,NotBuggy
6,6.478800205513835E-4,1,5,112.30796813964844,15927.json,NotBuggy
3,0.9294750690460205,1,0,133.59722900390625,17567.json,NotBuggy
3,0.9476040005683899,1,0,133.59722900390625,20598.json,NotBuggy
3,0.9038982391357422,1,0,133.59722900390625,17946.json,NotBuggy
5,0.4330458641052246,2,1,121.30742645263672,8854.json,NotBuggy
26,0.0,10,15,80.50044250488281,15217.json,NotBuggy
4,0.500722348690033,1,0,125.64796447753906,20933.json,NotBuggy
4,0.625913679599762,1,0,125.64796447753906,21726.json,NotBuggy
12,0.19936153292655945,4,5,99.27308654785156,5700.json,NotBuggy
3,0.41458967328071594,1,0,130.99049377441406,23440.json,NotBuggy
3,0.9181838035583496,1,0,133.59722900390625,3757.json,NotBuggy
18,0.012301844544708729,6,11,89.36768341064453,17638.json,NotBuggy
3,0.6377588510513306,1,0,131.9385528564453,4955.json,NotBuggy
3,0.9444743394851685,1,0,132.9956512451172,13059.json,NotBuggy
4,0.6986285448074341,1,0,125.64796447753906,13000.json,NotBuggy
3,0.8983809351921082,1,0,133.59722900390625,21201.json,NotBuggy
3,0.6821116805076599,1,0,133.59722900390625,16911.json,NotBuggy
14,0.003467070870101452,4,12,94.6949462890625,7865.json,NotBuggy
3,0.9621713757514954,1,0,133.59722900390625,21747.json,NotBuggy
9,0.08555503934621811,1,6,106.72473907470703,4662.json,NotBuggy
3,0.7889929413795471,1,1,131.75106811523438,5878.json,NotBuggy
17,0.019214382395148277,4,11,91.22550201416016,8079.json,NotBuggy
3,0.0,1,2,127.42049407958984,19175.json,NotBuggy
3,0.31921863555908203,1,1,130.18594360351562,20852.json,NotBuggy
3,0.7747441530227661,1,0,131.9385528564453,22859.json,NotBuggy
4,0.6321661472320557,1,0,125.64796447753906,16661.json,NotBuggy
8,0.5785226225852966,2,2,110.9759521484375,18872.json,NotBuggy
4,0.8638259768486023,1,0,125.5254898071289,17665.json,NotBuggy
7,0.4994259476661682,2,1,113.060302734375,6547.json,NotBuggy
3,0.8914176821708679,1,0,133.59722900390625,17070.json,NotBuggy
12,0.06033433973789215,1,9,99.92051696777344,17982.json,NotBuggy
3,0.7852375507354736,1,1,131.60296630859375,1178.json,NotBuggy
2,0.9851445555686951,1,0,139.0139617919922,696.json,NotBuggy
4,0.7369572520256042,1,0,125.5254898071289,1009.json,NotBuggy
11,0.6400856375694275,1,0,102.94679260253906,14978.json,NotBuggy
3,0.1257888525724411,1,3,127.68843078613281,10241.json,NotBuggy
3,0.06198350712656975,1,2,128.70916748046875,10852.json,NotBuggy
3,0.9045714735984802,1,1,133.18099975585938,19071.json,NotBuggy
13,0.08239597827196121,1,9,97.35416412353516,3185.json,NotBuggy
3,0.0528278648853302,1,1,129.2428436279297,18963.json,NotBuggy
4,0.7628888487815857,1,0,125.64796447753906,11474.json,NotBuggy
2,0.9949554204940796,1,0,139.56419372558594,8875.json,NotBuggy
6,0.11722443997859955,1,7,112.39840698242188,15022.json,NotBuggy
3,0.3122991621494293,1,0,131.1535186767578,2329.json,NotBuggy
3,0.9310644865036011,1,0,133.59722900390625,23471.json,NotBuggy
3,0.918409526348114,1,0,133.59722900390625,14412.json,NotBuggy
3,0.9346750378608704,1,0,133.59722900390625,11154.json,NotBuggy
4,0.4846309721469879,1,1,125.15235137939453,18857.json,NotBuggy
3,0.8030211925506592,1,0,133.59722900390625,17457.json,NotBuggy
3,0.8973609209060669,1,1,132.61029052734375,649.json,NotBuggy
3,0.7669491171836853,1,0,133.59722900390625,18431.json,NotBuggy
3,0.4282359480857849,1,0,132.4454345703125,13679.json,NotBuggy
3,0.8520615696907043,1,1,132.61029052734375,17021.json,NotBuggy
7,0.389377236366272,2,1,110.24954223632812,11005.json,NotBuggy
4,0.6540771722793579,1,1,125.02987670898438,7929.json,NotBuggy
12,0.025579169392585754,3,8,98.35652923583984,16705.json,NotBuggy
8,0.0014298472087830305,3,5,105.15218353271484,14495.json,NotBuggy
3,0.9437941908836365,1,0,133.59722900390625,9873.json,NotBuggy
3,0.9457477331161499,1,0,133.59722900390625,14218.json,NotBuggy
3,0.3842337429523468,1,2,128.92515563964844,19343.json,NotBuggy
5,0.14252609014511108,1,4,116.45709991455078,5198.json,NotBuggy
3,0.07018154859542847,1,2,128.70916748046875,18084.json,NotBuggy
3,0.009970901533961296,1,0,128.62307739257812,1156.json,NotBuggy
5,0.4183412492275238,1,0,119.41529846191406,22232.json,NotBuggy
4,0.7381200790405273,1,3,123.28064727783203,3486.json,NotBuggy
3,0.5341992378234863,1,0,131.91592407226562,14829.json,NotBuggy
7,0.053771451115608215,1,1,114.899169921875,2196.json,NotBuggy
7,0.9073386788368225,1,0,113.63934326171875,8642.json,NotBuggy
4,0.45076507329940796,1,0,125.64796447753906,10347.json,NotBuggy
10,0.008703408762812614,2,5,102.56303405761719,444.json,NotBuggy
13,0.0,1,18,96.79888153076172,23302.json,NotBuggy
3,0.6239608526229858,1,1,130.70933532714844,15874.json,NotBuggy
3,0.8501471281051636,1,0,130.70933532714844,19454.json,NotBuggy
5,0.507538378238678,1,3,117.86318969726562,4175.json,NotBuggy
3,0.9318479895591736,1,0,133.59722900390625,14169.json,NotBuggy
10,0.003225196385756135,1,10,102.53326416015625,8352.json,NotBuggy
3,0.2534724771976471,1,2,128.3351287841797,12376.json,NotBuggy
5,0.004311371594667435,2,2,117.04638671875,6983.json,NotBuggy
6,0.870560884475708,1,0,117.0948257446289,8568.json,NotBuggy
3,0.4652928411960602,1,1,130.44261169433594,19614.json,NotBuggy
5,0.09558191895484924,1,2,117.03448486328125,19519.json,NotBuggy
3,0.9261955618858337,1,2,129.4591827392578,3483.json,NotBuggy
3,0.9601768851280212,1,0,129.7158966064453,16743.json,NotBuggy
3,0.9558944702148438,1,0,133.59722900390625,5282.json,NotBuggy
3,0.35507437586784363,1,1,132.25152587890625,13669.json,NotBuggy
3,0.07672026753425598,1,1,128.4090576171875,17123.json,NotBuggy
4,0.7119079828262329,1,0,125.27178192138672,22776.json,NotBuggy
3,0.0022410007659345865,1,3,126.86129760742188,3448.json,NotBuggy
3,0.8916268944740295,1,2,131.1385955810547,18467.json,NotBuggy
4,2.039783139480278E-4,1,7,118.60639953613281,10892.json,NotBuggy
3,0.6104941964149475,1,1,130.85629272460938,18485.json,NotBuggy
3,0.9457477331161499,1,0,133.59722900390625,12777.json,NotBuggy
13,0.03459716588258743,2,5,98.05296325683594,9861.json,NotBuggy
3,0.8763893246650696,1,0,131.9385528564453,15588.json,NotBuggy
15,0.04162361100316048,6,4,93.94747161865234,14663.json,NotBuggy
3,0.13846351206302643,1,1,130.07347106933594,19309.json,NotBuggy
3,0.7482753992080688,1,0,133.59722900390625,13122.json,NotBuggy
9,0.0017588940681889653,1,12,106.13542938232422,16027.json,NotBuggy
2,0.9977049231529236,1,0,142.4026641845703,3604.json,NotBuggy
5,3.387872420717031E-4,2,5,115.35530853271484,4109.json,NotBuggy
3,0.04385878145694733,1,1,128.92515563964844,89.json,NotBuggy
7,0.059859421104192734,1,4,111.58363342285156,3894.json,NotBuggy
8,0.02899867109954357,1,3,109.01446533203125,7100.json,NotBuggy
3,0.6367661356925964,1,1,131.43582153320312,15774.json,NotBuggy
4,0.523895263671875,1,0,125.64796447753906,23604.json,NotBuggy
3,0.5990563035011292,1,0,133.59722900390625,17829.json,NotBuggy
3,0.9193012118339539,1,0,133.59722900390625,17901.json,NotBuggy
14,4.2113856761716306E-4,1,14,94.58331298828125,6651.json,NotBuggy
4,0.7310307025909424,1,0,125.27178192138672,2718.json,NotBuggy
4,0.38548627495765686,1,1,124.48601531982422,3054.json,NotBuggy
4,0.8244048357009888,1,1,125.5254898071289,5572.json,NotBuggy
7,0.06185641139745712,2,5,110.30502319335938,1564.json,NotBuggy
17,0.00505261542275548,4,11,90.21417999267578,13341.json,Buggy
13,0.015954630449414253,4,5,97.45789337158203,19631.json,NotBuggy
11,2.633669937495142E-4,1,14,100.85372161865234,21841.json,NotBuggy
3,0.947498619556427,1,1,133.80813598632812,8324.json,Buggy
14,0.0011538511607795954,3,15,93.57740783691406,18396.json,NotBuggy
17,0.014162516221404076,1,15,93.29429626464844,5236.json,NotBuggy
3,0.3536108434200287,1,0,131.28770446777344,20150.json,NotBuggy
3,0.9252370595932007,1,0,133.59722900390625,1181.json,NotBuggy
4,0.5121709704399109,1,0,125.64796447753906,21708.json,NotBuggy
10,0.005975962150841951,1,9,103.6765365600586,20713.json,NotBuggy
3,0.03862972557544708,1,2,126.9422836303711,11054.json,NotBuggy
3,0.6953569650650024,1,0,131.9385528564453,18847.json,NotBuggy
10,0.058714382350444794,3,5,103.302490234375,968.json,NotBuggy
3,0.832577645778656,1,0,133.59722900390625,17889.json,NotBuggy
2,0.9966586232185364,1,0,140.82913208007812,16631.json,NotBuggy
13,0.0,1,12,94.71405792236328,7979.json,NotBuggy
15,0.00803213007748127,1,15,95.5065689086914,2455.json,NotBuggy
9,0.8629770874977112,1,0,107.5429458618164,16018.json,NotBuggy
3,0.9525282979011536,1,1,130.70933532714844,16978.json,NotBuggy
3,0.8380299806594849,1,0,133.59722900390625,10311.json,NotBuggy
8,0.2203548699617386,1,4,110.25841522216797,9853.json,NotBuggy
3,0.9381090402603149,1,0,133.59722900390625,17051.json,NotBuggy
3,0.9457542300224304,2,0,129.48590087890625,5144.json,NotBuggy
3,0.42512932419776917,1,1,130.07347106933594,8144.json,NotBuggy
25,0.0,7,11,81.29643249511719,14417.json,NotBuggy
6,0.01007539127022028,2,6,111.46737670898438,3092.json,NotBuggy
3,0.007459297776222229,1,3,127.33940887451172,10371.json,NotBuggy
10,0.0031558056361973286,2,3,102.64412689208984,1628.json,NotBuggy
4,0.12602050602436066,1,2,124.57742309570312,8911.json,NotBuggy
10,0.09138991683721542,3,5,103.48370361328125,20135.json,NotBuggy
3,0.9034404754638672,1,0,133.59722900390625,6741.json,NotBuggy
4,4.512872837949544E-4,1,4,120.51715087890625,3590.json,NotBuggy
4,0.7256754636764526,1,0,125.27178192138672,23462.json,NotBuggy
4,0.2939567565917969,1,1,121.75926971435547,7258.json,NotBuggy
3,0.8354697227478027,1,0,133.59722900390625,243.json,NotBuggy
7,0.11731957644224167,2,2,110.94255828857422,12834.json,NotBuggy
8,0.008268056437373161,1,7,107.25286865234375,6400.json,NotBuggy
11,0.0020212025847285986,2,15,98.11844635009766,16917.json,NotBuggy
3,0.6789786219596863,1,0,133.59722900390625,2317.json,NotBuggy
6,0.009428099729120731,1,6,115.58775329589844,7821.json,NotBuggy
25,0.0,1,4,85.35908508300781,7884.json,NotBuggy
3,0.8656482696533203,1,0,131.9385528564453,8814.json,NotBuggy
3,0.4681950509548187,1,0,133.59722900390625,13232.json,NotBuggy
10,3.987350210081786E-4,1,16,99.61772918701172,3254.json,NotBuggy
3,0.8225110769271851,1,0,133.59722900390625,21675.json,NotBuggy
4,0.8072910904884338,1,0,125.5254898071289,287.json,NotBuggy
3,0.6953817009925842,1,1,131.43582153320312,20286.json,NotBuggy
3,0.0983809232711792,1,2,129.0215301513672,19469.json,NotBuggy
4,0.4943191707134247,1,0,125.64796447753906,23225.json,NotBuggy
6,0.34790921211242676,1,4,115.95040893554688,2836.json,NotBuggy
4,0.12820450961589813,1,4,121.15380859375,3145.json,NotBuggy
14,0.0035896000918000937,1,18,94.70152282714844,2884.json,NotBuggy
3,0.9557621479034424,1,0,132.9956512451172,6808.json,Buggy
9,0.328832745552063,1,6,107.19635772705078,4088.json,NotBuggy
7,3.7550131673924625E-4,1,6,108.53746032714844,80.json,NotBuggy
3,0.9381090402603149,1,0,133.59722900390625,14957.json,NotBuggy
9,0.006007503718137741,1,10,105.60616302490234,22135.json,NotBuggy
6,0.46437573432922363,1,4,116.4460220336914,21639.json,NotBuggy
14,0.005296419374644756,2,14,94.18701171875,15909.json,NotBuggy
6,0.4496684968471527,2,3,115.97023010253906,15765.json,NotBuggy
3,0.4265216886997223,1,1,133.18099975585938,5520.json,NotBuggy
4,0.650388777256012,1,0,125.64796447753906,10783.json,NotBuggy
3,0.45090216398239136,1,1,130.18594360351562,6219.json,NotBuggy
5,0.0015452667139470577,2,4,115.8033676147461,4106.json,NotBuggy
12,0.24580158293247223,5,0,100.94034576416016,20494.json,NotBuggy
3,0.8561406135559082,1,0,134.26058959960938,2112.json,NotBuggy
7,0.26449668407440186,1,6,111.02395629882812,4777.json,NotBuggy
12,1.7497330554760993E-4,2,11,99.5123519897461,4379.json,NotBuggy
7,0.5543443560600281,1,5,112.42162322998047,3403.json,NotBuggy
3,0.18692919611930847,1,1,129.14646911621094,14312.json,NotBuggy
9,0.04436874762177467,3,6,104.46528625488281,8682.json,NotBuggy
11,0.18788090348243713,3,3,101.12551879882812,1213.json,NotBuggy
3,0.47015857696533203,1,1,129.2428436279297,13833.json,NotBuggy
4,0.6988435983657837,1,0,125.27178192138672,23159.json,NotBuggy
5,0.2963566780090332,1,1,118.98002624511719,11582.json,NotBuggy
8,0.07871292531490326,1,9,108.23262786865234,23297.json,NotBuggy
3,0.3087526857852936,1,2,129.69032287597656,13864.json,NotBuggy
3,0.6132009625434875,1,1,131.60296630859375,16105.json,NotBuggy
9,0.015414061956107616,1,7,106.25941467285156,20742.json,NotBuggy
18,0.012415727600455284,2,13,90.13461303710938,9310.json,NotBuggy
3,0.09569735080003738,1,0,133.59722900390625,6815.json,NotBuggy
4,0.5348709225654602,1,0,125.27178192138672,15868.json,NotBuggy
8,9.736567735671997E-4,2,6,107.3902816772461,6380.json,NotBuggy
3,0.5429952144622803,1,1,130.7338104248047,14088.json,NotBuggy
5,0.17729008197784424,1,4,117.86318969726562,14044.json,NotBuggy
8,0.046154242008924484,3,2,108.6114730834961,6403.json,NotBuggy
4,0.6617034077644348,1,0,125.27178192138672,23598.json,NotBuggy
7,0.0902114063501358,1,6,112.21089935302734,7236.json,NotBuggy
3,0.9188364744186401,1,0,133.59722900390625,8469.json,NotBuggy
3,0.9548462629318237,1,0,129.7158966064453,16728.json,NotBuggy
3,0.7299192547798157,1,0,132.9956512451172,18032.json,NotBuggy
4,0.3418884873390198,1,0,124.58238983154297,22932.json,NotBuggy
3,0.699942946434021,1,0,132.086669921875,17643.json,NotBuggy
6,0.027922403067350388,1,6,114.20042419433594,3841.json,NotBuggy
4,0.6053792238235474,1,1,125.78216552734375,7945.json,NotBuggy
3,0.8632093667984009,1,0,130.70933532714844,14828.json,NotBuggy
4,0.7119079828262329,1,0,125.27178192138672,20982.json,NotBuggy
7,0.6034511923789978,2,2,112.90506744384766,6538.json,NotBuggy
23,0.0,7,20,82.29181671142578,14248.json,NotBuggy
3,0.655524730682373,1,1,131.91592407226562,9915.json,NotBuggy
3,0.6819671392440796,1,1,132.25152587890625,1141.json,NotBuggy
3,0.11084776371717453,1,1,130.57513427734375,16991.json,NotBuggy
3,0.7948673963546753,1,0,133.59722900390625,3962.json,NotBuggy
4,0.45179614424705505,1,0,125.64796447753906,21264.json,NotBuggy
3,0.3006996512413025,1,1,130.45266723632812,11538.json,NotBuggy
20,6.215333705767989E-4,4,13,87.08728790283203,3931.json,Buggy
3,0.760822594165802,1,0,133.59722900390625,16077.json,NotBuggy
34,0.001043416210450232,5,16,75.1370620727539,19038.json,Buggy
3,0.4641389548778534,1,0,132.61029052734375,1409.json,NotBuggy
3,0.9457477331161499,1,0,133.59722900390625,466.json,NotBuggy
6,0.11201164871454239,1,3,116.4616928100586,9860.json,NotBuggy
3,0.8378245830535889,1,1,132.61029052734375,897.json,NotBuggy
3,0.8353855013847351,1,0,133.59722900390625,22352.json,NotBuggy
3,0.6920579075813293,1,0,133.59722900390625,11970.json,NotBuggy
7,0.002781786723062396,1,1,114.899169921875,8127.json,NotBuggy
11,0.012065934017300606,4,6,101.22865295410156,18956.json,NotBuggy
4,0.49131056666374207,1,0,125.64796447753906,5130.json,NotBuggy
3,0.8763893246650696,1,0,131.9385528564453,2915.json,NotBuggy
3,0.9517537951469421,1,0,129.7158966064453,16716.json,NotBuggy
3,0.3050900995731354,1,2,129.34671020507812,11442.json,NotBuggy
3,0.9621713757514954,1,0,133.59722900390625,22692.json,NotBuggy
3,0.9346750378608704,1,0,133.59722900390625,23254.json,NotBuggy
5,0.11492782831192017,1,1,122.4339599609375,5235.json,NotBuggy
4,0.13280673325061798,1,0,125.64796447753906,1274.json,NotBuggy
8,0.29262444376945496,2,3,108.78446960449219,18983.json,NotBuggy
3,0.5396915078163147,1,1,130.70933532714844,8653.json,NotBuggy
3,0.9005962014198303,1,0,133.59722900390625,10843.json,NotBuggy
12,0.226687490940094,2,8,98.33354949951172,5226.json,NotBuggy
3,0.009794086217880249,1,0,127.59099578857422,7056.json,NotBuggy
9,0.025257989764213562,2,5,104.53802490234375,4727.json,NotBuggy
4,0.7783005833625793,1,0,125.5254898071289,9133.json,NotBuggy
5,0.02784799411892891,2,0,115.21392822265625,786.json,NotBuggy
4,0.6137917637825012,1,0,125.64796447753906,11965.json,NotBuggy
8,8.876881329342723E-4,2,8,105.5046157836914,5146.json,NotBuggy
27,0.0036253128200769424,6,11,80.14140319824219,887.json,NotBuggy
13,0.07578286528587341,2,7,98.0638198852539,14510.json,NotBuggy
3,0.7875377535820007,1,1,132.25152587890625,879.json,NotBuggy
3,0.853536069393158,1,0,133.59722900390625,20068.json,NotBuggy
3,0.0010117043275386095,1,3,126.20867156982422,17011.json,NotBuggy
7,0.0206165611743927,2,1,111.05950927734375,13804.json,NotBuggy
3,0.8385810852050781,1,0,131.9385528564453,23455.json,NotBuggy
7,0.44959762692451477,2,3,111.91561889648438,18487.json,NotBuggy
3,0.7182448506355286,1,1,131.28770446777344,19286.json,NotBuggy
3,0.11320328712463379,1,5,125.8741455078125,14420.json,NotBuggy
3,0.14928585290908813,1,1,130.05470275878906,8551.json,NotBuggy
3,0.43935003876686096,1,1,130.44261169433594,10167.json,NotBuggy
8,0.10234388709068298,2,5,108.76721954345703,789.json,NotBuggy
3,0.9691274166107178,1,0,133.59722900390625,11080.json,NotBuggy
3,4.965314292348921E-4,1,3,126.56407165527344,7891.json,NotBuggy
3,0.9435881972312927,1,0,132.9956512451172,23425.json,NotBuggy
4,0.5086036920547485,1,0,124.58238983154297,5110.json,NotBuggy
4,0.6532393097877502,1,0,125.64796447753906,9678.json,NotBuggy
3,0.9621713757514954,1,0,133.59722900390625,21020.json,NotBuggy
24,0.0024400732945650816,6,13,84.04798126220703,4864.json,NotBuggy
3,0.9506677985191345,1,0,133.59722900390625,12041.json,NotBuggy
4,0.7256754636764526,1,0,125.27178192138672,22713.json,NotBuggy
4,0.7256754636764526,1,0,125.27178192138672,23480.json,NotBuggy
3,0.12487978488206863,1,2,128.50894165039062,12930.json,NotBuggy
3,0.05528184399008751,1,0,130.7338104248047,5128.json,NotBuggy
10,0.24104799330234528,3,1,105.34217834472656,8101.json,NotBuggy
4,0.14691007137298584,1,1,126.04888916015625,17489.json,NotBuggy
10,0.043407171964645386,3,8,101.69550323486328,14519.json,NotBuggy
8,0.42826154828071594,2,2,109.30997467041016,10329.json,NotBuggy
4,0.48314332962036133,1,0,124.26470947265625,15547.json,NotBuggy
3,0.43867388367652893,1,2,128.3351287841797,12500.json,NotBuggy
3,0.007228494621813297,1,0,128.4090576171875,15911.json,NotBuggy
8,0.0064702932722866535,2,10,107.1727066040039,3680.json,NotBuggy
4,0.4859175980091095,1,0,125.64796447753906,23041.json,NotBuggy
3,0.05908077955245972,1,1,129.34671020507812,6513.json,NotBuggy
4,0.5554463267326355,1,1,125.64796447753906,10745.json,NotBuggy
8,0.005402243696153164,1,11,107.74950408935547,14659.json,NotBuggy
3,0.8591899871826172,1,0,131.43582153320312,14785.json,NotBuggy
4,0.8601532578468323,1,2,124.1488037109375,18071.json,NotBuggy
8,8.728133980184793E-4,1,5,106.79656982421875,2312.json,Buggy
5,0.14361776411533356,1,3,117.86318969726562,4159.json,NotBuggy
3,0.9298540353775024,1,0,132.9956512451172,20702.json,NotBuggy
3,0.1060083732008934,1,1,129.0215301513672,15886.json,NotBuggy
11,0.04405678063631058,3,6,101.35789489746094,4297.json,NotBuggy
3,0.9381090402603149,1,0,133.59722900390625,18415.json,NotBuggy
4,0.7044928669929504,1,0,125.27178192138672,21642.json,NotBuggy
6,0.031669825315475464,1,10,112.12525939941406,554.json,NotBuggy
5,0.6085178852081299,2,1,119.52839660644531,20581.json,NotBuggy
3,0.7436502575874329,1,0,131.9385528564453,9071.json,NotBuggy
16,0.0015986479120329022,2,7,92.4581298828125,636.json,NotBuggy
3,0.7086673974990845,1,0,133.59722900390625,18330.json,NotBuggy
7,0.0011728624813258648,1,6,110.13679504394531,17980.json,NotBuggy
9,0.005205190274864435,3,7,104.1151351928711,20773.json,NotBuggy
3,0.7917148470878601,1,0,133.59722900390625,17182.json,NotBuggy
4,0.8125109672546387,1,0,125.15930938720703,237.json,NotBuggy
3,0.9153783321380615,1,0,133.59722900390625,20922.json,NotBuggy
3,0.38628721237182617,1,1,130.30841064453125,10985.json,NotBuggy
3,0.4090099334716797,1,2,128.3351287841797,10883.json,NotBuggy
2,0.8982434272766113,1,0,138.17149353027344,17472.json,NotBuggy
6,0.5564757585525513,2,1,118.35382080078125,5720.json,NotBuggy
3,0.8828085660934448,1,0,133.59722900390625,11887.json,NotBuggy
3,0.49661991000175476,1,1,132.086669921875,19315.json,NotBuggy
3,0.7935975193977356,1,0,133.59722900390625,14897.json,NotBuggy
12,0.00861657876521349,1,12,100.00729370117188,3561.json,NotBuggy
6,0.001076426007784903,2,8,111.67770385742188,8687.json,NotBuggy
7,0.0694790780544281,2,3,111.76275634765625,19984.json,NotBuggy
3,0.28534311056137085,1,2,128.62307739257812,8700.json,NotBuggy
8,0.20378059148788452,1,3,108.95487213134766,8730.json,NotBuggy
4,0.61699378490448,1,0,125.27178192138672,4548.json,NotBuggy
14,0.016337282955646515,6,6,96.76107025146484,13783.json,NotBuggy
14,0.020434439182281494,6,3,95.45050811767578,8636.json,NotBuggy
8,0.16749799251556396,1,4,109.1236343383789,10147.json,NotBuggy
3,0.8623828887939453,1,0,133.59722900390625,20196.json,NotBuggy
4,0.29850199818611145,1,0,124.58238983154297,10661.json,NotBuggy
3,0.4223977029323578,1,1,132.25152587890625,5521.json,NotBuggy
6,0.038067664951086044,1,3,113.29327392578125,17072.json,NotBuggy
3,0.9001449346542358,1,0,134.26058959960938,14995.json,NotBuggy
7,4.6841861330904067E-4,1,11,109.56591796875,3565.json,NotBuggy
4,0.7119079828262329,1,0,125.27178192138672,22786.json,NotBuggy
12,0.02223624289035797,3,8,98.13003540039062,16746.json,NotBuggy
8,0.0024778323713690042,2,7,107.14398193359375,16770.json,NotBuggy
4,0.6297064423561096,1,0,125.64796447753906,9686.json,NotBuggy
3,0.9414772987365723,1,0,132.9956512451172,14514.json,NotBuggy
5,0.0027956559788435698,1,5,116.51905059814453,16084.json,NotBuggy
3,0.9574938416481018,1,0,133.59722900390625,17992.json,NotBuggy
6,0.01056811772286892,2,6,112.30628967285156,15219.json,NotBuggy
3,0.7620375752449036,1,0,131.75106811523438,18378.json,NotBuggy
11,0.5906441807746887,3,3,101.09786987304688,6166.json,NotBuggy
4,0.6038916707038879,1,0,125.64796447753906,10729.json,NotBuggy
4,0.6988435983657837,1,0,125.27178192138672,21804.json,NotBuggy
3,0.8853198885917664,1,0,133.59722900390625,23553.json,NotBuggy
3,0.7835839986801147,1,1,131.60296630859375,15956.json,NotBuggy
3,0.6136967539787292,1,1,132.25152587890625,20110.json,Buggy
3,0.8703395128250122,1,0,133.59722900390625,23168.json,NotBuggy
41,0.0,17,29,68.09252166748047,20654.json,Buggy
3,0.438708633184433,2,2,128.48287963867188,3468.json,NotBuggy
4,0.7119079828262329,1,0,125.27178192138672,22020.json,NotBuggy
42,0.0,1,58,71.01238250732422,15533.json,NotBuggy
3,0.5958137512207031,1,0,133.59722900390625,577.json,NotBuggy
12,0.007589953951537609,2,8,98.82670593261719,14960.json,NotBuggy
7,0.015763619914650917,1,7,109.20013427734375,13979.json,NotBuggy
3,0.9219524264335632,1,0,131.91592407226562,18298.json,NotBuggy
3,0.6972002983093262,1,1,131.75106811523438,19268.json,NotBuggy
3,0.05172969028353691,1,2,128.1235809326172,12772.json,NotBuggy
6,0.11694197356700897,2,5,113.44491577148438,4991.json,NotBuggy
10,0.023577477782964706,3,6,102.3334732055664,3921.json,Buggy
4,0.7256754636764526,1,0,125.27178192138672,22024.json,NotBuggy
3,0.9488658905029297,1,0,133.59722900390625,14979.json,NotBuggy
4,0.14553041756153107,1,1,124.25267028808594,19308.json,NotBuggy
8,0.014701258391141891,1,8,108.42887878417969,23590.json,NotBuggy
7,0.0033397481311112642,2,3,109.63062286376953,2335.json,NotBuggy
3,0.029354941099882126,1,2,126.78704833984375,12115.json,NotBuggy
4,0.4910651445388794,1,0,125.64796447753906,11969.json,NotBuggy
9,0.5032333731651306,3,1,107.68443298339844,337.json,NotBuggy
2,0.9961547255516052,1,0,139.56419372558594,4744.json,NotBuggy
4,0.7256754636764526,1,0,125.27178192138672,22484.json,NotBuggy
5,0.07850396633148193,2,1,118.9991226196289,2834.json,NotBuggy
3,0.6624422669410706,1,0,133.59722900390625,3775.json,NotBuggy
6,0.2720003128051758,2,4,115.75135040283203,5172.json,NotBuggy
3,0.8884330987930298,1,0,130.99049377441406,19086.json,NotBuggy
4,0.5231449007987976,1,0,125.64796447753906,10293.json,Buggy
12,2.1622341591864824E-4,3,19,95.3996353149414,1956.json,NotBuggy
3,0.8497230410575867,1,1,131.28770446777344,1255.json,NotBuggy
3,0.23086029291152954,1,1,132.25152587890625,17423.json,NotBuggy
4,0.606551468372345,1,0,125.64796447753906,22748.json,NotBuggy
4,0.01619477942585945,1,5,122.21297454833984,12507.json,NotBuggy
3,0.5481854677200317,1,0,131.9385528564453,9266.json,NotBuggy
3,0.1777181476354599,1,0,131.28770446777344,13265.json,NotBuggy
3,0.7811756134033203,1,0,133.59722900390625,12216.json,NotBuggy
3,0.4678769111633301,1,2,130.70933532714844,8149.json,NotBuggy
3,0.7185266613960266,1,0,133.59722900390625,9887.json,NotBuggy
4,0.6660944819450378,1,0,124.1749038696289,9106.json,NotBuggy
3,0.9294750690460205,1,0,133.59722900390625,23577.json,NotBuggy
3,0.8814632296562195,1,0,133.59722900390625,18282.json,NotBuggy
11,1.1912267655134201E-4,1,13,99.44205474853516,6676.json,NotBuggy
3,0.8763893246650696,1,0,131.9385528564453,15562.json,NotBuggy
3,0.8330968618392944,1,0,133.59722900390625,6337.json,NotBuggy
3,0.8149043321609497,1,0,133.59722900390625,6511.json,NotBuggy
3,0.46889808773994446,1,2,130.99049377441406,8193.json,NotBuggy
10,2.0172909717075527E-4,3,5,101.59880065917969,14133.json,NotBuggy
3,0.41295960545539856,1,1,129.93223571777344,11635.json,NotBuggy
6,0.0027706094551831484,1,4,113.19029998779297,2419.json,NotBuggy
6,0.5544486045837402,1,2,117.39641571044922,20533.json,NotBuggy
3,0.9466535449028015,1,0,133.59722900390625,16938.json,NotBuggy
4,0.7119079828262329,1,0,125.27178192138672,23333.json,NotBuggy
5,0.3184207081794739,1,0,119.66572570800781,1011.json,NotBuggy
11,0.7440640330314636,2,5,104.48410034179688,8326.json,NotBuggy
15,0.3755102753639221,4,7,95.88593292236328,6056.json,NotBuggy
3,0.1913137137889862,1,1,132.25152587890625,17427.json,NotBuggy
3,0.8203911781311035,2,1,129.48590087890625,12059.json,NotBuggy
3,0.5984797477722168,1,1,130.70933532714844,9307.json,NotBuggy
6,0.9260901212692261,2,4,115.04146575927734,11652.json,NotBuggy
3,0.00432182289659977,1,3,126.56620788574219,11053.json,NotBuggy
3,0.7956264615058899,1,1,132.25152587890625,1144.json,NotBuggy
5,0.0015237834304571152,1,5,115.98587036132812,4453.json,NotBuggy
4,0.48838937282562256,1,0,125.64796447753906,22856.json,NotBuggy
19,0.0,3,21,86.55330657958984,6621.json,Buggy
3,0.8627525568008423,1,0,133.59722900390625,2833.json,NotBuggy
13,0.021444249898195267,1,9,97.7684555053711,4840.json,NotBuggy
3,0.04608672857284546,1,1,130.45266723632812,18964.json,NotBuggy
4,0.4859175980091095,1,0,125.64796447753906,22754.json,NotBuggy
4,0.331569641828537,1,3,124.1488037109375,13591.json,NotBuggy
4,3.05684661725536E-4,1,4,119.69818115234375,16280.json,NotBuggy
3,0.00606706365942955,1,0,127.79666137695312,1841.json,NotBuggy
5,0.4724409282207489,1,4,116.80333709716797,14527.json,NotBuggy
16,0.0,1,54,88.91057586669922,7796.json,NotBuggy
3,0.001341856550425291,1,6,124.8987808227539,6882.json,NotBuggy
3,0.6879115700721741,1,1,132.25152587890625,17570.json,NotBuggy
3,0.546362578868866,1,1,131.75106811523438,5930.json,NotBuggy
9,0.13212083280086517,2,7,104.90372467041016,14610.json,NotBuggy
3,0.8794088959693909,1,0,131.91592407226562,17175.json,NotBuggy
6,0.43421670794487,2,2,116.30582427978516,699.json,NotBuggy
4,0.4531225264072418,1,0,125.64796447753906,10468.json,NotBuggy
15,0.0,1,14,92.09020233154297,4984.json,NotBuggy
3,0.7723354697227478,1,1,132.086669921875,5631.json,NotBuggy
4,0.7755815982818604,1,1,125.15930938720703,15883.json,NotBuggy
7,0.002067058812826872,1,11,108.5072021484375,15285.json,NotBuggy
11,0.0,1,1,104.75460815429688,3647.json,NotBuggy
3,0.11217814683914185,2,1,127.38418579101562,18288.json,NotBuggy
3,0.22154788672924042,2,4,126.87229919433594,16520.json,NotBuggy
5,0.6659146547317505,2,2,120.8413314819336,1269.json,NotBuggy
10,0.08691442012786865,1,5,103.3606948852539,19197.json,NotBuggy
3,0.6423190236091614,1,1,131.28770446777344,8724.json,NotBuggy
3,0.38418617844581604,1,0,133.59722900390625,1254.json,NotBuggy
3,0.37380334734916687,1,1,130.7338104248047,6228.json,NotBuggy
3,0.0787978395819664,1,1,129.2428436279297,14718.json,NotBuggy
6,5.270496476441622E-4,1,7,113.01594543457031,3227.json,NotBuggy
3,0.8763893246650696,1,0,131.9385528564453,15568.json,NotBuggy
3,0.02880246192216873,1,4,128.8216552734375,16857.json,NotBuggy
3,0.9153783321380615,1,0,133.59722900390625,20893.json,NotBuggy
3,0.9457477331161499,1,0,133.59722900390625,22190.json,NotBuggy
3,0.9034404754638672,1,0,133.59722900390625,374.json,NotBuggy
3,0.8378575444221497,1,0,133.59722900390625,18267.json,NotBuggy
5,0.2047405242919922,1,4,117.93550109863281,22131.json,NotBuggy
4,0.03378206118941307,1,6,119.27249908447266,3300.json,Buggy
6,0.1955592781305313,2,2,115.63639831542969,2087.json,NotBuggy
3,0.793246865272522,1,0,133.59722900390625,7166.json,NotBuggy
3,0.7067691087722778,1,2,130.70933532714844,19316.json,NotBuggy
3,0.815696120262146,1,0,133.59722900390625,455.json,NotBuggy
4,0.021416224539279938,1,3,122.5189437866211,15722.json,NotBuggy
6,0.09326860308647156,1,4,114.71296691894531,9843.json,NotBuggy
3,0.82071852684021,1,0,133.59722900390625,4267.json,NotBuggy
3,0.8767094016075134,1,0,133.59722900390625,13162.json,NotBuggy
3,0.007640967611223459,1,1,129.93223571777344,5155.json,NotBuggy
3,0.9038982391357422,1,0,133.59722900390625,21007.json,NotBuggy
3,0.8853198885917664,1,0,133.59722900390625,23000.json,NotBuggy
3,0.6448996067047119,1,2,130.30841064453125,13949.json,NotBuggy
8,0.6989845037460327,2,2,110.8970947265625,18886.json,NotBuggy
3,0.9346750378608704,1,0,133.59722900390625,21373.json,NotBuggy
3,0.8152434825897217,1,0,133.59722900390625,4652.json,NotBuggy
18,0.020581139251589775,3,12,90.49372100830078,4850.json,NotBuggy
4,0.0,1,2,120.95767974853516,1309.json,NotBuggy
22,0.0013535589678213,5,14,85.79083251953125,12918.json,NotBuggy
17,0.02091103605926037,2,10,91.04168701171875,10972.json,NotBuggy
3,0.5792828798294067,1,0,131.9385528564453,16656.json,NotBuggy
3,0.8853198885917664,1,0,133.59722900390625,17593.json,NotBuggy
4,0.4859175980091095,1,0,125.64796447753906,2910.json,NotBuggy
5,0.05093749240040779,1,2,118.14434051513672,12363.json,NotBuggy
3,0.0,1,1,127.33940887451172,9364.json,NotBuggy
8,0.00476939557120204,1,9,106.37425231933594,3339.json,NotBuggy
8,6.966670043766499E-4,1,9,105.20259094238281,4615.json,NotBuggy
11,0.0011998406844213605,1,16,98.62461853027344,6902.json,NotBuggy
3,0.9506677985191345,1,0,133.59722900390625,18357.json,NotBuggy
5,0.08107347786426544,2,1,118.9991226196289,10714.json,NotBuggy
4,0.017611097544431686,1,4,122.678955078125,18192.json,NotBuggy
10,0.8922234177589417,3,1,105.77908325195312,18975.json,NotBuggy
4,0.7193850874900818,1,0,125.64796447753906,17585.json,NotBuggy
4,0.05496789887547493,1,4,121.83938598632812,10257.json,NotBuggy
3,0.3585329055786133,1,1,128.91311645507812,15989.json,NotBuggy
4,0.0021306059788912535,1,5,121.76114654541016,18191.json,NotBuggy
11,0.006302013993263245,2,5,99.70950317382812,538.json,NotBuggy
8,0.013675491325557232,2,7,106.85778045654297,4994.json,NotBuggy
10,0.0015143840573728085,3,11,101.34713745117188,15121.json,NotBuggy
13,0.05414789170026779,2,13,96.19368743896484,20846.json,NotBuggy
3,0.9381090402603149,1,0,133.59722900390625,13274.json,NotBuggy
4,0.1734423041343689,1,2,123.75868225097656,8036.json,NotBuggy
4,0.0155961187556386,1,2,123.48088836669922,19754.json,NotBuggy
4,0.33331209421157837,1,1,125.02987670898438,15942.json,NotBuggy
3,0.771950900554657,1,0,131.43582153320312,14390.json,NotBuggy
4,0.606551468372345,1,0,125.64796447753906,23011.json,NotBuggy
3,0.08441642671823502,1,2,128.31268310546875,12677.json,NotBuggy
4,0.7119079828262329,1,0,125.27178192138672,21688.json,NotBuggy
3,0.6842931509017944,1,0,132.4454345703125,14492.json,NotBuggy
4,0.4859175980091095,1,0,125.64796447753906,23343.json,NotBuggy
11,7.993263425305486E-4,2,6,99.50384521484375,6310.json,NotBuggy
10,0.10991314798593521,2,4,102.75382232666016,995.json,NotBuggy
3,0.7165135145187378,1,0,133.59722900390625,4724.json,NotBuggy
3,0.008701191283762455,1,1,129.7158966064453,19668.json,NotBuggy
3,0.21148817241191864,1,1,131.60296630859375,13393.json,NotBuggy
3,0.9381090402603149,1,0,133.59722900390625,12861.json,NotBuggy
3,0.03987005352973938,1,2,128.50894165039062,447.json,NotBuggy
21,0.0,5,12,84.7120132446289,19910.json,NotBuggy
4,0.7256754636764526,1,0,125.27178192138672,23045.json,NotBuggy
10,0.0,2,17,101.2229995727539,23300.json,NotBuggy
14,0.0010044736554846168,5,11,94.56791687011719,8915.json,NotBuggy
6,0.012819761410355568,1,4,114.53350067138672,511.json,NotBuggy
4,0.7980777621269226,1,0,125.15930938720703,17962.json,NotBuggy
3,0.8890010714530945,1,0,133.59722900390625,2381.json,NotBuggy
3,0.31921863555908203,1,1,130.18594360351562,20854.json,NotBuggy
3,0.8983021378517151,1,0,134.26058959960938,3394.json,NotBuggy
4,0.7119079828262329,1,0,125.27178192138672,23039.json,NotBuggy
6,0.0,1,8,110.83330535888672,7908.json,NotBuggy
5,0.14073480665683746,1,3,118.58592224121094,20710.json,NotBuggy
3,0.9269808530807495,1,0,133.59722900390625,10778.json,NotBuggy
3,0.9558944702148438,1,0,133.59722900390625,21751.json,NotBuggy
4,0.0439860038459301,1,2,122.21172332763672,12307.json,NotBuggy
3,2.6678561698645353E-4,1,1,126.78704833984375,9358.json,NotBuggy
4,0.40645861625671387,1,0,125.5254898071289,506.json,NotBuggy
12,0.013579328544437885,1,12,99.7740249633789,2870.json,NotBuggy
4,0.6998159885406494,1,1,126.77537536621094,6537.json,NotBuggy
11,0.001022916054353118,3,6,99.62064361572266,3716.json,NotBuggy
4,0.6108307242393494,1,1,124.81353759765625,15955.json,NotBuggy
3,0.546362578868866,1,1,131.75106811523438,5929.json,NotBuggy
3,0.8537255525588989,1,0,133.59722900390625,21671.json,NotBuggy
15,2.8632604517042637E-4,1,14,94.38423156738281,8349.json,NotBuggy
33,1.9732890359591693E-4,5,17,75.0936050415039,25.json,Buggy
20,1.2662635708693415E-4,6,15,86.74882507324219,13825.json,NotBuggy
4,0.4578258693218231,1,0,125.64796447753906,10676.json,NotBuggy
4,0.6027202010154724,1,0,125.64796447753906,12858.json,NotBuggy
7,0.22903002798557281,2,2,112.46537017822266,773.json,NotBuggy
3,0.1331019103527069,1,2,128.8092498779297,12386.json,NotBuggy
4,0.0032738777808845043,1,3,122.28182983398438,537.json,NotBuggy
3,0.8873574137687683,1,0,133.59722900390625,10841.json,NotBuggy
4,0.6171926856040955,1,0,125.27178192138672,11913.json,NotBuggy
3,0.8353855013847351,1,0,133.59722900390625,20934.json,NotBuggy
23,0.0,4,17,82.39130401611328,6265.json,NotBuggy
6,0.011024217121303082,1,6,113.70571899414062,7846.json,NotBuggy
3,0.7753618359565735,1,1,131.28770446777344,11642.json,NotBuggy
7,0.028217177838087082,2,2,109.7632064819336,116.json,NotBuggy
9,5.142837762832642E-4,1,9,103.8713607788086,2556.json,NotBuggy
3,0.9550052285194397,1,0,133.59722900390625,5103.json,NotBuggy
3,0.7357168197631836,2,1,128.37530517578125,9090.json,NotBuggy
4,0.27545905113220215,1,1,124.71717071533203,2401.json,NotBuggy
4,0.7670657634735107,1,0,125.64796447753906,21222.json,NotBuggy
3,0.9040838479995728,1,0,133.59722900390625,12191.json,NotBuggy
3,0.0069396113976836205,1,3,125.93712615966797,12674.json,NotBuggy
6,0.6756756901741028,2,1,117.14632415771484,141.json,NotBuggy
3,0.07881849259138107,1,2,128.4090576171875,10142.json,NotBuggy
6,0.029182596132159233,1,5,115.4073257446289,8195.json,NotBuggy
4,0.5692920684814453,1,0,125.27178192138672,18291.json,NotBuggy
3,0.803116500377655,1,0,133.59722900390625,4629.json,NotBuggy
4,0.32833921909332275,1,0,125.64796447753906,21660.json,NotBuggy
5,5.466421134769917E-4,1,3,116.9176254272461,19297.json,NotBuggy
5,4.5320307253859937E-4,1,5,115.40190887451172,3271.json,NotBuggy
4,0.4821544289588928,1,1,124.4649429321289,7924.json,NotBuggy
7,0.023506004363298416,2,4,110.25054931640625,10898.json,NotBuggy
9,0.015145912766456604,2,5,104.69528198242188,6200.json,NotBuggy
3,0.22204984724521637,1,1,129.7158966064453,17310.json,NotBuggy
3,0.736794650554657,1,0,132.086669921875,9079.json,NotBuggy
6,0.08034881949424744,2,3,114.88836669921875,6158.json,NotBuggy
6,0.4520033895969391,1,4,116.4460220336914,23109.json,NotBuggy
3,0.7877547740936279,1,0,133.59722900390625,12335.json,NotBuggy
5,0.009387950412929058,1,6,116.29487609863281,15104.json,NotBuggy
15,0.0,5,19,92.0859375,14645.json,NotBuggy
3,0.5741540789604187,1,1,131.43582153320312,5881.json,NotBuggy
3,0.925599992275238,1,0,133.59722900390625,2535.json,NotBuggy
13,0.33859705924987793,4,0,98.1243896484375,1081.json,Buggy
5,0.020406411960721016,1,5,118.3675537109375,17484.json,NotBuggy
8,0.001529885339550674,1,8,106.27083587646484,16442.json,NotBuggy
3,0.7195448875427246,1,1,131.28770446777344,6724.json,NotBuggy
4,0.42660942673683167,1,0,125.64796447753906,11085.json,NotBuggy
3,0.07678129523992538,1,3,128.14134216308594,20203.json,NotBuggy
3,0.9038982391357422,1,0,133.59722900390625,19792.json,NotBuggy
9,0.03883543238043785,1,6,105.613037109375,2667.json,NotBuggy
4,0.4757993817329407,1,0,125.64796447753906,12322.json,NotBuggy
10,0.6120002865791321,3,3,103.67457580566406,13035.json,NotBuggy
3,0.15707172453403473,1,0,129.4591827392578,2688.json,NotBuggy
3,0.2248803824186325,1,2,129.0215301513672,15392.json,NotBuggy
3,0.9294750690460205,1,0,133.59722900390625,3063.json,NotBuggy
5,0.003931510262191296,2,5,117.10871887207031,5435.json,NotBuggy
3,0.6872714757919312,1,0,133.59722900390625,18290.json,NotBuggy
3,0.8794088959693909,1,0,131.91592407226562,12997.json,NotBuggy
3,0.30693769454956055,1,2,129.69032287597656,12750.json,NotBuggy
3,0.7022420167922974,1,0,134.26058959960938,8024.json,NotBuggy
3,0.3696226179599762,1,2,129.69032287597656,12775.json,NotBuggy
3,0.4700954258441925,1,0,131.91592407226562,4799.json,NotBuggy
4,0.5939832925796509,1,0,125.64796447753906,12708.json,NotBuggy
4,0.5300098657608032,1,1,125.5254898071289,17588.json,NotBuggy
3,0.9598507285118103,1,0,131.9385528564453,14117.json,NotBuggy
3,0.6031731367111206,1,0,133.59722900390625,6658.json,NotBuggy
3,0.693448007106781,1,0,131.9385528564453,22694.json,NotBuggy
3,0.9346750378608704,1,0,133.59722900390625,10855.json,NotBuggy
6,0.06770163029432297,1,6,113.12964630126953,4783.json,NotBuggy
3,0.9038982391357422,1,0,133.59722900390625,22121.json,NotBuggy
4,0.9421505928039551,1,0,126.62725830078125,942.json,NotBuggy
6,0.4045711159706116,2,2,116.86482238769531,15764.json,NotBuggy
4,0.7119079828262329,1,0,125.27178192138672,15599.json,NotBuggy
3,0.793246865272522,1,0,133.59722900390625,11943.json,NotBuggy
7,0.018511366099119186,1,7,111.37712860107422,22969.json,NotBuggy
4,0.4859175980091095,1,0,125.64796447753906,23347.json,NotBuggy
3,0.9506677985191345,1,0,133.59722900390625,18317.json,NotBuggy
3,0.9320460557937622,1,0,132.9956512451172,14605.json,NotBuggy
5,2.413926413282752E-4,2,6,114.58873748779297,4105.json,NotBuggy
3,0.0802118182182312,1,2,127.42049407958984,6389.json,NotBuggy
7,0.001150381751358509,2,4,108.22958374023438,17082.json,NotBuggy
3,0.9346750378608704,1,0,133.59722900390625,15346.json,NotBuggy
3,0.4829711318016052,1,1,129.93223571777344,10854.json,NotBuggy
3,0.23943085968494415,1,0,129.12539672851562,18114.json,NotBuggy
9,1.5148163947742432E-4,2,6,104.48371124267578,4038.json,NotBuggy
4,0.7119079828262329,1,0,125.27178192138672,23325.json,NotBuggy
3,0.6052985191345215,1,1,131.28770446777344,19897.json,NotBuggy
6,0.4520033895969391,1,4,116.4460220336914,22976.json,NotBuggy
7,0.04032469913363457,1,5,112.34737396240234,4725.json,NotBuggy
3,0.82986980676651,1,0,133.59722900390625,11614.json,NotBuggy
3,0.9346750378608704,1,0,133.59722900390625,21529.json,NotBuggy
4,0.8249436020851135,1,0,125.15930938720703,21584.json,NotBuggy
3,0.7811756134033203,1,0,133.59722900390625,13581.json,NotBuggy
3,0.146790012717247,1,2,129.34671020507812,6702.json,NotBuggy
4,0.027480067685246468,1,3,122.678955078125,13610.json,NotBuggy
9,0.7229541540145874,2,6,106.58100128173828,8781.json,NotBuggy
3,0.8806297183036804,1,0,133.59722900390625,15145.json,NotBuggy
38,0.0,5,44,74.36320495605469,20516.json,NotBuggy
2,0.9744803309440613,1,0,142.4026641845703,1241.json,NotBuggy
10,0.6165252923965454,1,0,106.14440155029297,7876.json,NotBuggy
15,0.007728289347141981,4,5,94.31874084472656,13453.json,NotBuggy
4,0.6502766013145447,1,0,125.64796447753906,9636.json,NotBuggy
11,0.0027532358653843403,2,6,100.49634552001953,5458.json,NotBuggy
4,0.6067095398902893,1,0,125.64796447753906,21272.json,NotBuggy
8,0.02692588046193123,2,2,108.52569580078125,6291.json,NotBuggy
4,0.47464409470558167,1,2,125.39425659179688,8408.json,NotBuggy
6,0.7361848950386047,2,1,117.14632415771484,18126.json,NotBuggy
3,0.8096383810043335,1,1,128.92515563964844,21578.json,NotBuggy
6,0.38127800822257996,2,2,115.79641723632812,14782.json,NotBuggy
3,0.43948230147361755,1,1,132.25152587890625,5511.json,NotBuggy
13,0.025239162147045135,1,11,98.61743927001953,17974.json,NotBuggy
8,0.009497259743511677,2,3,106.12761688232422,8665.json,NotBuggy
3,0.30885788798332214,1,1,130.7338104248047,9375.json,NotBuggy
3,0.24373900890350342,1,1,128.92515563964844,20048.json,NotBuggy
3,0.30030232667922974,1,2,129.36033630371094,1768.json,NotBuggy
2,0.9970839619636536,1,0,142.4026641845703,7141.json,NotBuggy
6,0.005521869752556086,1,9,112.49044799804688,4300.json,NotBuggy
4,0.9573617577552795,1,0,126.19583892822266,244.json,NotBuggy
10,0.03973910212516785,3,4,103.62248992919922,4387.json,NotBuggy
3,0.8860632181167603,1,0,133.59722900390625,8816.json,NotBuggy
5,0.0,1,5,115.40190887451172,4897.json,NotBuggy
3,0.8832547664642334,1,0,131.91592407226562,4655.json,NotBuggy
4,0.3079982101917267,1,0,125.02987670898438,7925.json,NotBuggy
4,0.4859175980091095,1,0,125.64796447753906,22816.json,NotBuggy
3,0.8109721541404724,1,0,130.85629272460938,17034.json,NotBuggy
3,0.5726210474967957,1,0,131.28770446777344,18319.json,NotBuggy
4,0.49658364057540894,1,0,125.64796447753906,11847.json,NotBuggy
7,0.12867306172847748,2,1,109.95231628417969,19906.json,NotBuggy
4,0.5094456076622009,1,0,125.64796447753906,7954.json,NotBuggy
3,0.03695978596806526,1,3,129.12539672851562,10992.json,NotBuggy
3,0.9691274166107178,1,0,133.59722900390625,13223.json,NotBuggy
3,8.966606692411005E-4,1,4,126.00922393798828,5366.json,NotBuggy
4,0.296302855014801,1,0,125.64796447753906,3248.json,NotBuggy
3,0.8767094016075134,1,0,133.59722900390625,21872.json,NotBuggy
3,0.9076991081237793,1,1,133.18099975585938,16039.json,NotBuggy
3,0.9002125263214111,1,0,133.59722900390625,23240.json,NotBuggy
4,0.001582000288181007,2,0,117.69685363769531,20192.json,NotBuggy
3,0.34874916076660156,1,3,128.50894165039062,11439.json,NotBuggy
7,0.026480337604880333,1,5,112.55101776123047,8400.json,NotBuggy
3,0.9965400099754333,1,0,126.72693634033203,1035.json,NotBuggy
3,0.10486141592264175,1,1,129.0215301513672,15882.json,NotBuggy
4,0.4843546748161316,1,2,126.33003997802734,15184.json,NotBuggy
3,0.8251155018806458,1,0,131.9385528564453,8524.json,NotBuggy
16,0.006937877740710974,4,7,94.59143829345703,19036.json,NotBuggy
3,0.6105595827102661,1,0,130.85629272460938,7298.json,NotBuggy
37,0.0,7,29,72.18196868896484,21594.json,Buggy
7,0.04751766100525856,2,5,109.1507339477539,1002.json,NotBuggy
3,0.8353855013847351,1,0,133.59722900390625,10572.json,NotBuggy
3,0.9402101635932922,1,0,133.59722900390625,7938.json,NotBuggy
11,0.6973233222961426,4,2,103.07816314697266,19799.json,NotBuggy
6,0.14994607865810394,1,4,114.13744354248047,11222.json,NotBuggy
3,0.2353639304637909,1,1,130.7338104248047,10281.json,NotBuggy
11,0.05854222550988197,4,6,102.38380432128906,18957.json,NotBuggy
3,0.13067863881587982,1,1,130.18594360351562,16850.json,NotBuggy
4,0.7119079828262329,1,0,125.27178192138672,21039.json,NotBuggy
7,0.26434126496315,1,4,113.13507080078125,12588.json,NotBuggy
4,0.7256754636764526,1,0,125.27178192138672,23013.json,NotBuggy
5,0.49621689319610596,1,3,120.47249603271484,5595.json,NotBuggy
3,6.872178055346012E-4,1,3,127.59099578857422,13461.json,NotBuggy
3,0.8723846077919006,1,0,133.59722900390625,6661.json,NotBuggy
3,0.9457477331161499,1,0,133.59722900390625,16100.json,NotBuggy
3,0.9476040005683899,1,0,133.59722900390625,19468.json,NotBuggy
3,0.6631836295127869,1,0,131.91592407226562,7932.json,NotBuggy
4,0.36673060059547424,1,1,123.47842407226562,17651.json,NotBuggy
4,0.7256754636764526,1,0,125.27178192138672,22864.json,NotBuggy
4,0.5904085040092468,1,0,125.64796447753906,5568.json,NotBuggy
8,0.030178101733326912,2,2,107.4286880493164,127.json,NotBuggy
3,0.08953210711479187,1,4,127.68843078613281,20429.json,NotBuggy
19,0.011660675518214703,2,14,89.03357696533203,8484.json,NotBuggy
3,0.7405387759208679,1,0,133.59722900390625,18143.json,NotBuggy
3,0.9153783321380615,1,0,133.59722900390625,22639.json,NotBuggy
11,0.1409630924463272,4,3,101.61585998535156,19421.json,NotBuggy
7,0.016909616068005562,1,5,111.9620132446289,4798.json,NotBuggy
4,0.6391863822937012,1,0,123.46312713623047,10226.json,NotBuggy
3,0.35078418254852295,1,2,128.92515563964844,14429.json,NotBuggy
5,0.335798442363739,2,4,117.63319396972656,3186.json,NotBuggy
8,0.025499651208519936,3,3,107.9062271118164,14674.json,NotBuggy
4,0.7119079828262329,1,0,125.27178192138672,21696.json,NotBuggy
4,0.7119079828262329,1,0,125.27178192138672,21740.json,NotBuggy
3,0.003217882476747036,1,3,128.0337677001953,652.json,NotBuggy
3,0.23523984849452972,1,1,132.25152587890625,17426.json,NotBuggy
27,0.0,5,32,80.35381317138672,4606.json,NotBuggy
3,0.7444998621940613,1,0,131.03103637695312,9002.json,NotBuggy
6,0.01771550066769123,1,7,111.99787902832031,20669.json,NotBuggy
3,0.8591899871826172,1,0,131.43582153320312,14771.json,NotBuggy
7,0.02673819661140442,2,3,111.7208480834961,4053.json,NotBuggy
19,0.018052957952022552,10,6,87.04711151123047,2402.json,NotBuggy
3,0.12289603799581528,1,3,127.43789672851562,10704.json,NotBuggy
14,0.013480504043400288,3,12,95.060791015625,5356.json,NotBuggy
18,0.0,4,25,88.10651397705078,4286.json,NotBuggy
5,0.363383948802948,2,1,119.26190948486328,1966.json,NotBuggy
9,0.03169025853276253,1,6,107.46185302734375,3028.json,NotBuggy
3,0.9153783321380615,1,0,133.59722900390625,22003.json,NotBuggy
3,0.8353855013847351,1,0,133.59722900390625,14876.json,NotBuggy
14,0.0026846942491829395,2,7,94.30205535888672,11044.json,NotBuggy
3,0.04967193678021431,1,2,127.51214599609375,10698.json,NotBuggy
14,0.0825631320476532,5,4,96.31060028076172,17938.json,NotBuggy
3,0.8479753732681274,1,0,133.59722900390625,4242.json,NotBuggy
4,0.6320846676826477,1,1,125.91468811035156,1699.json,NotBuggy
3,0.8761618733406067,1,0,133.59722900390625,17912.json,NotBuggy
3,0.6923801302909851,2,2,127.71976470947266,12060.json,NotBuggy
12,0.007150749210268259,3,8,98.1983642578125,1708.json,NotBuggy
3,0.0517161563038826,1,2,128.70916748046875,11602.json,NotBuggy
3,0.5396915078163147,1,1,130.70933532714844,2139.json,NotBuggy
11,0.023716917261481285,2,7,99.70950317382812,1756.json,NotBuggy
3,0.9801867008209229,1,0,132.9956512451172,7025.json,NotBuggy
3,0.9009784460067749,1,0,133.59722900390625,6183.json,NotBuggy
7,0.4794692099094391,2,3,112.25244903564453,1793.json,NotBuggy
3,0.9392729997634888,1,0,133.59722900390625,17816.json,NotBuggy
3,0.3677930533885956,1,1,130.30841064453125,16074.json,NotBuggy
3,0.8266890048980713,1,0,133.59722900390625,12296.json,NotBuggy
3,0.5012641549110413,1,1,130.30841064453125,21155.json,NotBuggy
4,0.4766642153263092,1,0,125.64796447753906,22898.json,NotBuggy
11,0.01713806577026844,1,7,101.6446533203125,14448.json,NotBuggy
3,0.8912534713745117,1,0,133.59722900390625,19066.json,NotBuggy
15,0.12035591155290604,7,2,94.79731750488281,7922.json,NotBuggy
14,0.002039849990978837,4,11,95.64529418945312,5491.json,NotBuggy
6,2.268085809191689E-4,2,3,112.03897094726562,20207.json,NotBuggy
3,0.801215648651123,1,0,133.59722900390625,11253.json,NotBuggy
10,0.806066632270813,3,2,104.72284698486328,10644.json,NotBuggy
3,0.8763893246650696,1,0,131.9385528564453,2508.json,NotBuggy
3,0.6284272074699402,1,1,131.43582153320312,13688.json,NotBuggy
4,0.8541269898414612,1,0,125.5254898071289,10183.json,NotBuggy
3,0.8479651212692261,1,0,133.59722900390625,16450.json,NotBuggy
5,0.0037709828466176987,1,3,117.7408218383789,6900.json,Buggy
14,0.0911300852894783,4,4,96.6735610961914,20146.json,NotBuggy
7,0.015550265088677406,1,1,115.85543060302734,5087.json,NotBuggy
3,0.8716084957122803,1,0,133.59722900390625,18237.json,NotBuggy
4,0.562244176864624,1,1,125.27178192138672,5563.json,NotBuggy
3,0.9506677985191345,1,0,133.59722900390625,18377.json,NotBuggy
3,0.7700833082199097,1,1,130.30841064453125,19904.json,NotBuggy
3,0.24586358666419983,1,2,129.34671020507812,16370.json,NotBuggy
3,0.8589003086090088,1,0,134.26058959960938,5381.json,NotBuggy
20,0.021964993327856064,4,11,87.77689361572266,16067.json,Buggy
3,0.6104941964149475,1,1,130.85629272460938,18483.json,NotBuggy
4,0.7265679240226746,1,0,125.27178192138672,21563.json,NotBuggy
11,0.004270198754966259,2,11,101.10009765625,20721.json,NotBuggy
3,0.9037569761276245,1,0,130.7338104248047,8219.json,NotBuggy
2,0.9919046759605408,1,0,140.82913208007812,13328.json,NotBuggy
3,0.3608700931072235,1,1,130.7338104248047,18320.json,NotBuggy
18,0.0018570908578112721,1,19,89.41590118408203,3358.json,NotBuggy
3,0.36922237277030945,1,0,132.4454345703125,1123.json,NotBuggy
13,1.4799420023337007E-4,3,11,94.31642150878906,9326.json,NotBuggy
5,0.4497029185295105,1,2,119.58580780029297,13584.json,NotBuggy
3,0.7229219079017639,1,1,130.70933532714844,1767.json,NotBuggy
3,0.5341992378234863,1,0,131.91592407226562,14793.json,NotBuggy
8,0.25346696376800537,2,2,109.82251739501953,5566.json,NotBuggy
5,0.002192203188315034,2,3,115.8033676147461,8210.json,NotBuggy
4,0.6460868120193481,1,0,125.64796447753906,23275.json,NotBuggy
4,0.6980242729187012,1,0,125.64796447753906,22362.json,NotBuggy
3,0.9409566521644592,1,0,133.59722900390625,1313.json,NotBuggy
5,0.0019046567613258958,2,3,116.22709655761719,4116.json,NotBuggy
2,0.9852430820465088,1,0,142.4026641845703,16110.json,NotBuggy
4,0.625913679599762,1,0,125.64796447753906,21236.json,NotBuggy
9,0.003554761176928878,1,10,105.75060272216797,22442.json,NotBuggy
3,0.8398160338401794,1,0,131.43582153320312,14539.json,NotBuggy
9,0.21737422049045563,3,2,107.43071746826172,6928.json,NotBuggy
3,0.08490116894245148,1,2,129.69032287597656,1211.json,NotBuggy
3,0.8853198885917664,1,0,133.59722900390625,15860.json,NotBuggy
3,0.8189057111740112,1,0,133.59722900390625,11564.json,NotBuggy
8,2.3654689721297473E-4,2,13,127.53589630126953,22036.json,NotBuggy
3,0.7262531518936157,1,1,129.57785034179688,19190.json,NotBuggy
3,0.8273988366127014,1,0,131.03103637695312,14162.json,NotBuggy
4,0.4057289958000183,1,1,124.4649429321289,10291.json,NotBuggy
3,0.015816805884242058,1,3,128.8092498779297,8275.json,NotBuggy
3,0.823943018913269,1,1,131.60296630859375,15954.json,NotBuggy
3,0.44061923027038574,1,0,131.03103637695312,16608.json,NotBuggy
3,0.0,1,2,127.42921447753906,10715.json,NotBuggy
4,0.7044928669929504,1,0,125.27178192138672,22325.json,NotBuggy
3,0.8493261933326721,1,0,131.91592407226562,14772.json,NotBuggy
10,0.6788656711578369,3,2,104.4138412475586,133.json,NotBuggy
3,0.24104584753513336,1,2,129.69032287597656,1184.json,NotBuggy
3,0.741378664970398,1,1,132.086669921875,20639.json,NotBuggy
4,0.6341499090194702,1,0,125.64796447753906,23107.json,NotBuggy
8,0.10027717053890228,2,2,108.55803680419922,8106.json,NotBuggy
3,0.9020679593086243,1,0,133.59722900390625,2170.json,NotBuggy
3,0.7906191945075989,1,0,133.59722900390625,6223.json,NotBuggy
4,0.0017280421452596784,1,0,125.27178192138672,15567.json,NotBuggy
3,0.8772554993629456,1,0,134.26058959960938,5481.json,NotBuggy
3,0.7039411067962646,1,0,133.59722900390625,1018.json,NotBuggy
7,0.3699118196964264,1,4,113.13507080078125,11265.json,NotBuggy
3,0.9165305495262146,1,0,133.59722900390625,6597.json,NotBuggy
3,0.09662923216819763,1,1,129.2428436279297,15020.json,NotBuggy
3,0.9701223373413086,1,0,129.58164978027344,1288.json,NotBuggy
3,0.4398174583911896,1,1,129.7158966064453,1055.json,NotBuggy
4,0.5121709704399109,1,0,125.64796447753906,21720.json,NotBuggy
10,0.019938867539167404,2,8,101.49698638916016,14657.json,NotBuggy
6,0.031016822904348373,2,6,112.40170288085938,3877.json,NotBuggy
10,0.010828070342540741,2,4,103.32474517822266,8888.json,NotBuggy
3,0.9340493083000183,1,0,133.59722900390625,18023.json,NotBuggy
14,0.005039612762629986,4,8,95.2347183227539,19958.json,NotBuggy
3,0.6537426710128784,1,0,131.28770446777344,12279.json,NotBuggy
9,0.013901161029934883,1,6,107.3954849243164,5292.json,NotBuggy
4,0.7803875207901001,1,0,125.64796447753906,18254.json,NotBuggy
3,0.8551300764083862,1,0,133.59722900390625,17900.json,NotBuggy
3,0.5247556567192078,1,0,130.07347106933594,16734.json,NotBuggy
3,0.8097124099731445,1,0,131.9385528564453,22079.json,NotBuggy
3,0.16686169803142548,1,4,128.1235809326172,1959.json,NotBuggy
4,0.6624165773391724,1,5,121.4874496459961,7857.json,NotBuggy
3,0.8853198885917664,1,0,133.59722900390625,23579.json,NotBuggy
7,0.26376962661743164,2,2,112.46537017822266,774.json,NotBuggy
3,0.0033483768347650766,1,2,127.34163665771484,12949.json,NotBuggy
6,8.378526545129716E-4,2,4,112.40403747558594,997.json,NotBuggy
3,0.706556499004364,1,0,133.59722900390625,17892.json,NotBuggy
3,0.7972366809844971,1,0,133.59722900390625,23489.json,NotBuggy
13,0.00392379192635417,2,11,98.60138702392578,5018.json,NotBuggy
3,0.45804640650749207,2,2,127.83001708984375,13123.json,NotBuggy
4,0.018890563398599625,2,2,121.05888366699219,12084.json,NotBuggy
21,0.0018340082606300712,3,14,87.20350646972656,15279.json,NotBuggy
20,1.17571595183108E-4,3,19,87.47251892089844,7139.json,NotBuggy
3,0.9197396636009216,1,0,133.59722900390625,20913.json,NotBuggy
4,0.519808292388916,1,0,125.27178192138672,3246.json,NotBuggy
3,0.7602095603942871,1,0,131.91592407226562,2784.json,NotBuggy
3,0.9307858943939209,1,0,133.59722900390625,1087.json,NotBuggy
3,0.9038982391357422,1,0,133.59722900390625,23483.json,NotBuggy
3,0.7811756134033203,1,0,133.59722900390625,11487.json,NotBuggy
4,0.606551468372345,1,0,125.64796447753906,22451.json,NotBuggy
5,0.1995488703250885,2,2,119.43572235107422,4346.json,NotBuggy
3,0.9691274166107178,1,0,133.59722900390625,12851.json,NotBuggy
3,0.7860214114189148,1,0,131.9385528564453,473.json,NotBuggy
3,0.5365248322486877,1,0,133.59722900390625,18239.json,NotBuggy
4,0.5087435841560364,1,0,125.64796447753906,23261.json,NotBuggy
8,0.10374082624912262,2,4,109.75241088867188,8485.json,NotBuggy
3,0.1590120792388916,1,2,129.2428436279297,3595.json,NotBuggy
7,0.015146834775805473,2,3,110.29943084716797,115.json,NotBuggy
8,0.44331008195877075,1,9,106.91399383544922,6672.json,NotBuggy
5,0.5770397782325745,1,3,117.86318969726562,2847.json,NotBuggy
3,0.8968015313148499,1,0,132.9956512451172,10096.json,NotBuggy
5,0.09678133577108383,2,1,118.51115417480469,8892.json,NotBuggy
3,0.8730796575546265,1,0,133.59722900390625,3100.json,NotBuggy
3,0.002009292133152485,1,2,127.17654418945312,10902.json,NotBuggy
6,0.6242356896400452,1,4,116.36201477050781,21486.json,NotBuggy
3,0.7602682113647461,1,1,132.086669921875,17417.json,NotBuggy
4,0.005881090648472309,2,4,120.18500518798828,14536.json,NotBuggy
6,0.4767920970916748,1,4,116.4460220336914,21157.json,NotBuggy
3,0.8257732391357422,1,1,132.086669921875,8604.json,NotBuggy
3,0.9402101635932922,1,0,133.59722900390625,2176.json,NotBuggy
9,0.10119958221912384,3,2,106.77572631835938,13822.json,NotBuggy
7,0.5797860622406006,2,2,112.98392486572266,16192.json,NotBuggy
3,0.06774354726076126,1,0,133.59722900390625,18136.json,NotBuggy
3,0.8353855013847351,1,0,133.59722900390625,21999.json,NotBuggy
4,0.5079390406608582,1,0,125.27178192138672,11954.json,NotBuggy
4,0.2452806830406189,1,1,123.67467498779297,1811.json,NotBuggy
3,0.8353855013847351,1,0,133.59722900390625,16514.json,NotBuggy
3,0.8153142333030701,1,0,131.9385528564453,2946.json,NotBuggy
4,0.09144288301467896,1,2,121.4874496459961,4817.json,NotBuggy
18,3.0819332459941506E-4,3,18,88.48660278320312,15678.json,NotBuggy
8,0.01678609848022461,1,8,108.5897445678711,22971.json,NotBuggy
4,0.7827232480049133,1,0,125.64796447753906,22353.json,NotBuggy
4,0.729407012462616,1,0,125.27178192138672,7091.json,NotBuggy
4,0.6988435983657837,1,0,125.27178192138672,3104.json,NotBuggy
3,0.7449626326560974,1,0,132.4454345703125,1359.json,NotBuggy
3,0.9193012118339539,1,0,133.59722900390625,18213.json,NotBuggy
12,0.0,1,16,98.78671264648438,21838.json,NotBuggy
5,0.7459996938705444,2,1,121.30742645263672,14163.json,NotBuggy
3,0.053376954048871994,1,3,127.67500305175781,10703.json,NotBuggy
5,0.1373111605644226,1,2,119.06403350830078,2086.json,NotBuggy
7,0.04591897130012512,1,5,112.03626251220703,3377.json,NotBuggy
3,0.9485991597175598,1,0,133.59722900390625,6531.json,NotBuggy
8,0.06124739721417427,2,7,107.50617218017578,7106.json,NotBuggy
7,0.5827844142913818,1,1,113.70298767089844,1851.json,NotBuggy
2,0.9816722273826599,1,0,140.82913208007812,13710.json,NotBuggy
3,0.2018592804670334,1,0,133.59722900390625,1275.json,NotBuggy
7,8.165563922375441E-4,2,7,109.50642395019531,3715.json,NotBuggy
3,0.21339227259159088,1,0,129.12539672851562,979.json,NotBuggy
4,0.4859175980091095,1,0,125.64796447753906,22790.json,NotBuggy
3,0.6562453508377075,1,2,130.99049377441406,17711.json,NotBuggy
11,0.37341469526290894,3,4,102.71087646484375,3664.json,NotBuggy
8,0.006654759403318167,2,8,106.6444091796875,3450.json,NotBuggy
3,0.9427116513252258,1,0,133.59722900390625,21064.json,NotBuggy
3,0.08731391280889511,1,1,128.41912841796875,1912.json,NotBuggy
4,0.7119079828262329,1,0,125.27178192138672,22744.json,NotBuggy
7,0.7020092010498047,2,2,112.77070617675781,1791.json,NotBuggy
3,0.9064156413078308,1,0,131.28770446777344,5427.json,NotBuggy
3,0.11436416208744049,1,0,126.56620788574219,687.json,NotBuggy
19,2.486394078005105E-4,7,20,86.93101501464844,3685.json,NotBuggy
3,0.6709057688713074,1,0,132.4454345703125,14981.json,NotBuggy
4,0.21215921640396118,1,0,124.58238983154297,22844.json,NotBuggy
3,0.7160787582397461,1,0,133.59722900390625,11966.json,NotBuggy
3,4.2473096982575953E-4,1,6,125.87184143066406,13398.json,NotBuggy
3,0.6998393535614014,1,0,133.59722900390625,13193.json,NotBuggy
14,0.0,2,32,91.25406646728516,3739.json,NotBuggy
3,0.8703395128250122,1,0,133.59722900390625,23206.json,NotBuggy
10,0.0,1,28,100.20299530029297,7741.json,NotBuggy
3,0.3860013782978058,1,2,131.43582153320312,16814.json,NotBuggy
3,0.8816386461257935,1,0,132.4454345703125,13701.json,NotBuggy
4,0.5554463267326355,1,1,125.64796447753906,12326.json,NotBuggy
4,0.14977015554904938,1,1,124.25267028808594,18476.json,NotBuggy
3,0.8065159320831299,1,0,131.1385955810547,5143.json,NotBuggy
4,0.3733813166618347,1,0,124.26470947265625,4956.json,NotBuggy
3,0.8763893246650696,1,0,131.9385528564453,2712.json,NotBuggy
4,0.27423012256622314,1,3,124.26470947265625,9232.json,NotBuggy
3,0.9294750690460205,1,0,133.59722900390625,22429.json,NotBuggy
3,0.9294750690460205,1,0,133.59722900390625,23144.json,NotBuggy
4,0.7119079828262329,1,0,125.27178192138672,23345.json,NotBuggy
4,0.0036843265406787395,1,4,121.62247467041016,10136.json,NotBuggy
5,0.2233365923166275,1,1,116.79476165771484,1086.json,NotBuggy
3,0.82071852684021,1,0,133.59722900390625,16452.json,NotBuggy
5,0.2798498570919037,2,1,120.0035629272461,1262.json,NotBuggy
3,0.6048042178153992,1,0,130.34019470214844,5550.json,NotBuggy
8,0.015234990045428276,1,8,108.65271759033203,20971.json,NotBuggy
8,0.14936873316764832,2,1,111.4061508178711,8794.json,NotBuggy
4,0.6961647868156433,1,0,126.19583892822266,1582.json,NotBuggy
3,0.055653683841228485,1,0,133.59722900390625,10805.json,NotBuggy
7,0.5600681304931641,1,0,114.06831359863281,14904.json,NotBuggy
4,0.3974985182285309,1,0,125.64796447753906,8941.json,NotBuggy
3,0.8152434825897217,1,0,133.59722900390625,22747.json,NotBuggy
5,1.3769844372291118E-4,1,3,114.9061508178711,8891.json,NotBuggy
3,0.880638062953949,1,0,133.59722900390625,3004.json,NotBuggy
4,0.6701558828353882,1,0,125.64796447753906,11876.json,NotBuggy
3,0.03842258080840111,1,2,128.1235809326172,12755.json,NotBuggy
10,0.23859703540802002,3,4,104.14336395263672,15146.json,NotBuggy
7,0.04488958418369293,1,5,110.2795181274414,2008.json,NotBuggy
6,0.18438003957271576,1,5,115.48795318603516,20205.json,NotBuggy
3,0.18692919611930847,1,1,129.14646911621094,14310.json,NotBuggy
4,0.5785530805587769,1,0,125.64796447753906,7248.json,NotBuggy
10,0.01253770012408495,1,8,104.33655548095703,5278.json,NotBuggy
8,0.002946533029899001,3,5,106.87319946289062,7304.json,NotBuggy
4,0.8018841743469238,1,0,125.15930938720703,21585.json,NotBuggy
4,0.017081085592508316,1,5,121.21139526367188,8174.json,NotBuggy
11,0.012606555595993996,2,11,98.7813949584961,5633.json,NotBuggy
3,0.002727575832977891,1,6,126.0151596069336,17630.json,NotBuggy
8,0.08891169726848602,1,4,107.69196319580078,1844.json,NotBuggy
3,0.761040985584259,1,0,133.59722900390625,17911.json,NotBuggy
3,0.9558944702148438,1,0,133.59722900390625,22712.json,NotBuggy
3,0.00262296199798584,1,5,126.20867156982422,1983.json,NotBuggy
4,3.7289728061296046E-4,1,4,118.31676483154297,14167.json,NotBuggy
3,0.7698478698730469,1,0,132.4454345703125,16784.json,NotBuggy
4,0.6413531303405762,1,0,125.27178192138672,21545.json,NotBuggy
4,0.04248302802443504,1,3,122.3560791015625,10141.json,NotBuggy
3,0.13669680058956146,1,2,128.41912841796875,10918.json,NotBuggy
3,0.7405539155006409,1,1,130.99049377441406,19634.json,NotBuggy
31,4.727226623799652E-4,8,24,76.38690948486328,1823.json,NotBuggy
3,0.8353855013847351,1,0,133.59722900390625,3622.json,NotBuggy
6,0.042343247681856155,1,4,115.93447875976562,5684.json,NotBuggy
4,0.7741622924804688,2,2,122.70054626464844,7096.json,NotBuggy
3,0.7370123863220215,1,0,133.59722900390625,10742.json,NotBuggy
3,0.31121447682380676,1,0,130.57513427734375,92.json,NotBuggy
3,0.42389312386512756,1,0,133.59722900390625,18292.json,NotBuggy
4,0.09452079236507416,1,0,124.36514282226562,1577.json,NotBuggy
12,0.05768946185708046,1,12,99.84138488769531,9242.json,NotBuggy
7,0.004556711763143539,2,6,109.944580078125,14225.json,NotBuggy
4,0.4859175980091095,1,0,125.64796447753906,21678.json,NotBuggy
11,0.001584314159117639,1,14,100.76738739013672,7003.json,NotBuggy
3,0.15989786386489868,1,1,129.14646911621094,17087.json,NotBuggy
3,0.8607810735702515,1,0,133.59722900390625,10186.json,NotBuggy
3,0.7367696762084961,1,1,132.086669921875,7829.json,NotBuggy
5,0.09593604505062103,1,1,122.4339599609375,4362.json,NotBuggy
6,0.060603417456150055,2,2,114.21808624267578,6921.json,NotBuggy
4,0.301429808139801,2,2,121.46289825439453,6022.json,NotBuggy
4,0.606551468372345,1,0,125.64796447753906,3016.json,NotBuggy
32,0.0,7,21,75.81063842773438,20811.json,NotBuggy
3,0.9346750378608704,1,0,133.59722900390625,11676.json,NotBuggy
11,5.753013538196683E-4,1,16,101.37266540527344,2365.json,NotBuggy
3,0.6477897763252258,1,1,132.25152587890625,18338.json,NotBuggy
6,0.0032063100952655077,1,7,113.1817398071289,7220.json,NotBuggy
4,0.04673653095960617,1,2,122.21172332763672,12361.json,NotBuggy
3,0.7747441530227661,1,0,131.9385528564453,398.json,NotBuggy
14,3.9558924618177116E-4,4,21,93.72563171386719,3141.json,NotBuggy
4,0.5121709704399109,1,0,125.64796447753906,22343.json,NotBuggy
5,0.5459142327308655,1,3,119.6896743774414,12680.json,NotBuggy
15,5.039882962591946E-4,5,8,91.35911560058594,20626.json,NotBuggy
3,0.7519037127494812,1,0,133.59722900390625,16218.json,NotBuggy
8,0.020374782383441925,2,3,107.29112243652344,6278.json,NotBuggy
4,0.7119079828262329,1,0,125.27178192138672,22161.json,NotBuggy
11,0.18186897039413452,3,4,101.67168426513672,1798.json,NotBuggy
3,0.8359728455543518,1,0,133.59722900390625,23065.json,NotBuggy
3,0.7551659345626831,1,0,131.28770446777344,18636.json,NotBuggy
3,0.9856435656547546,1,0,132.9956512451172,4911.json,NotBuggy
3,0.0,1,1,126.56407165527344,15900.json,NotBuggy
3,0.6351984739303589,1,0,133.59722900390625,22698.json,NotBuggy
23,3.81098419893533E-4,3,23,86.12103271484375,2441.json,NotBuggy
3,0.43383127450942993,1,1,130.7338104248047,5392.json,NotBuggy
4,0.003607827704399824,1,6,120.40968322753906,4752.json,NotBuggy
4,0.0,1,8,118.83750915527344,4455.json,NotBuggy
3,0.002075317781418562,1,1,128.91311645507812,19289.json,NotBuggy
4,0.5086686015129089,1,1,122.7774429321289,12330.json,NotBuggy
3,0.8814632296562195,1,0,133.59722900390625,11846.json,NotBuggy
8,0.21214991807937622,2,4,107.83899688720703,19913.json,NotBuggy
4,0.5121709704399109,1,0,125.64796447753906,22333.json,NotBuggy
4,0.443217933177948,1,0,125.27178192138672,22478.json,NotBuggy
4,0.6965041756629944,1,0,125.5254898071289,10640.json,NotBuggy
3,0.8431631922721863,1,0,133.59722900390625,9699.json,NotBuggy
4,0.651122510433197,1,1,124.48601531982422,16373.json,NotBuggy
3,0.35776299238204956,1,0,131.91592407226562,989.json,NotBuggy
3,0.21126171946525574,1,0,129.57785034179688,17013.json,NotBuggy
3,0.933254599571228,1,0,133.59722900390625,18038.json,NotBuggy
3,0.9165305495262146,1,0,133.59722900390625,1452.json,NotBuggy
4,0.7300769686698914,1,1,123.75868225097656,6673.json,NotBuggy
3,0.8857208490371704,1,0,131.91592407226562,6671.json,NotBuggy
3,0.9709899425506592,1,0,132.086669921875,11998.json,NotBuggy
3,0.6767481565475464,1,0,132.9956512451172,5992.json,NotBuggy
9,0.017722442746162415,2,5,103.80441284179688,5067.json,NotBuggy
4,0.48717501759529114,1,0,125.64796447753906,10638.json,NotBuggy
3,0.6521722674369812,1,1,131.28770446777344,8744.json,NotBuggy
4,0.606551468372345,1,0,125.64796447753906,21736.json,NotBuggy
11,0.0026911187451332808,2,11,100.82811737060547,2464.json,NotBuggy
4,0.7256754636764526,1,0,125.27178192138672,22189.json,NotBuggy
4,0.01026433240622282,1,0,122.5160903930664,3787.json,NotBuggy
3,0.4440859258174896,1,1,130.7338104248047,16459.json,NotBuggy
3,0.0022576942574232817,1,3,126.86129760742188,7041.json,NotBuggy
3,0.9197396636009216,1,0,133.59722900390625,23016.json,NotBuggy
7,0.0,1,4,109.43062591552734,19419.json,NotBuggy
6,0.13741956651210785,1,5,116.11265563964844,14639.json,NotBuggy
3,0.9456378817558289,1,0,133.59722900390625,4967.json,NotBuggy
5,0.5916809439659119,1,1,120.96249389648438,6216.json,NotBuggy
4,0.5510401129722595,1,0,125.27178192138672,4950.json,NotBuggy
13,0.0029486685525625944,2,11,96.0302505493164,12389.json,NotBuggy
3,0.9251275062561035,1,0,130.57513427734375,1361.json,NotBuggy
41,0.0,2,59,71.66199493408203,19757.json,Buggy
3,0.8152434825897217,1,0,133.59722900390625,21199.json,NotBuggy
9,0.06570000946521759,2,7,105.93626403808594,18908.json,NotBuggy
3,0.793246865272522,1,0,133.59722900390625,12306.json,NotBuggy
3,0.5223527550697327,1,0,133.59722900390625,23380.json,NotBuggy
9,1.3221993867773563E-4,1,16,103.99458312988281,8440.json,NotBuggy
4,0.36239883303642273,1,0,125.64796447753906,23203.json,NotBuggy
16,1.4434750482905656E-4,2,12,92.75344848632812,16283.json,Buggy
3,0.9621713757514954,1,0,133.59722900390625,21975.json,NotBuggy
6,0.27636855840682983,2,2,114.88836669921875,19783.json,NotBuggy
8,0.010133650153875351,2,5,107.2412338256836,14798.json,NotBuggy
5,0.004978579934686422,2,4,116.22709655761719,9029.json,NotBuggy
3,0.9294750690460205,1,0,133.59722900390625,4479.json,NotBuggy
5,0.21969912946224213,1,5,116.7403564453125,8867.json,NotBuggy
3,0.16965872049331665,1,1,130.99049377441406,6065.json,NotBuggy
3,0.9457477331161499,1,0,133.59722900390625,14192.json,NotBuggy
3,0.9476040005683899,1,0,133.59722900390625,2967.json,NotBuggy
23,0.0,2,38,83.9483871459961,9633.json,NotBuggy
3,0.2619371712207794,1,2,129.69032287597656,13179.json,NotBuggy
7,2.1842651767656207E-4,1,9,110.42328643798828,15131.json,NotBuggy
2,0.9656421542167664,1,0,142.4026641845703,15537.json,Buggy
5,0.04083767160773277,1,3,117.72811889648438,13399.json,NotBuggy
3,0.9533982276916504,1,0,133.59722900390625,21552.json,NotBuggy
4,0.2867644429206848,1,2,124.36514282226562,11194.json,NotBuggy
3,0.7693724036216736,1,0,133.59722900390625,22953.json,NotBuggy
8,0.045033566653728485,1,5,110.53216552734375,18439.json,NotBuggy
3,0.727035403251648,1,1,130.99049377441406,19899.json,NotBuggy
3,0.8793336153030396,1,0,133.59722900390625,11941.json,NotBuggy
4,0.7119079828262329,1,0,125.27178192138672,2515.json,NotBuggy
3,0.8593164086341858,1,1,132.086669921875,19008.json,NotBuggy
11,0.008220256306231022,3,9,99.75465393066406,1258.json,NotBuggy
4,0.2804792523384094,1,0,125.64796447753906,11257.json,NotBuggy
4,0.7119079828262329,1,0,125.27178192138672,20998.json,NotBuggy
17,0.0,1,15,91.12000274658203,7735.json,NotBuggy
11,0.10784197598695755,3,2,101.12551879882812,20276.json,NotBuggy
4,0.6988435983657837,1,0,125.27178192138672,2171.json,NotBuggy
18,0.0,4,13,89.09139251708984,20857.json,NotBuggy
3,0.8948296308517456,1,0,133.59722900390625,8617.json,NotBuggy
9,0.3992575407028198,2,5,106.70701599121094,5255.json,NotBuggy
39,0.0,1,48,72.64680480957031,15536.json,NotBuggy
3,0.8537255525588989,1,0,133.59722900390625,12014.json,NotBuggy
3,0.3533518314361572,1,1,131.43582153320312,5898.json,NotBuggy
3,0.594100296497345,1,2,128.60531616210938,7261.json,NotBuggy
3,0.33093398809432983,1,0,133.59722900390625,22154.json,NotBuggy
4,0.7151249647140503,1,0,125.27178192138672,21518.json,NotBuggy
3,0.7533001899719238,1,0,133.59722900390625,578.json,NotBuggy
8,0.008831881918013096,2,7,107.20516967773438,7000.json,NotBuggy
17,0.0,1,31,89.31063079833984,3138.json,NotBuggy
4,0.6617034077644348,1,0,125.27178192138672,23197.json,NotBuggy
3,0.9496693015098572,1,0,132.9956512451172,17610.json,NotBuggy
3,0.8252009749412537,1,1,130.57513427734375,1461.json,NotBuggy
3,0.6555331945419312,1,1,131.75106811523438,1862.json,NotBuggy
3,0.9558944702148438,1,0,133.59722900390625,22670.json,NotBuggy
10,0.2352600395679474,2,2,104.99811553955078,3880.json,NotBuggy
7,0.09719093888998032,2,3,110.40240478515625,7235.json,NotBuggy
7,0.0036626674700528383,2,10,109.39039611816406,10245.json,NotBuggy
3,0.001076272688806057,1,1,127.26738739013672,17301.json,NotBuggy
3,0.811374306678772,1,0,133.59722900390625,11235.json,NotBuggy
7,0.36149805784225464,2,2,112.31263732910156,514.json,NotBuggy
4,0.7676969766616821,1,0,125.64796447753906,12428.json,NotBuggy
3,0.7084113359451294,1,1,130.85629272460938,17950.json,NotBuggy
3,0.6367152333259583,1,0,133.59722900390625,18987.json,NotBuggy
3,0.9376353621482849,1,0,133.59722900390625,20649.json,NotBuggy
4,0.7119079828262329,1,0,125.27178192138672,23476.json,NotBuggy
4,0.879089891910553,1,0,125.64796447753906,22410.json,NotBuggy
6,0.007428294979035854,1,5,114.44808959960938,3317.json,NotBuggy
3,0.8152434825897217,1,0,133.59722900390625,18366.json,NotBuggy
5,0.49104419350624084,2,0,119.26190948486328,6641.json,NotBuggy
3,0.9165305495262146,1,0,133.59722900390625,20578.json,NotBuggy
3,0.7232996225357056,1,0,133.59722900390625,2332.json,NotBuggy
3,0.12754090130329132,1,2,127.51214599609375,4695.json,NotBuggy
4,0.8288068175315857,1,0,125.15930938720703,10588.json,NotBuggy
4,0.7259210348129272,1,0,125.64796447753906,17855.json,NotBuggy
7,0.07757431268692017,1,5,111.30702209472656,11061.json,NotBuggy
3,0.4852030277252197,1,2,128.41912841796875,12555.json,NotBuggy
3,0.005711155477911234,1,2,128.31268310546875,6961.json,NotBuggy
4,0.638278067111969,1,4,122.76004028320312,4537.json,NotBuggy
4,0.5509425401687622,1,0,125.64796447753906,12324.json,NotBuggy
3,0.4324251115322113,1,1,130.34019470214844,13816.json,NotBuggy
3,0.015908772125840187,1,2,127.34163665771484,13155.json,NotBuggy
3,0.8537255525588989,1,0,133.59722900390625,23096.json,NotBuggy
4,0.8096189498901367,1,0,125.5254898071289,12219.json,NotBuggy
7,0.02510845847427845,1,7,110.96097564697266,3178.json,NotBuggy
3,0.9445914626121521,1,0,133.59722900390625,20765.json,NotBuggy
4,0.31831222772598267,1,1,123.8484878540039,21564.json,NotBuggy
3,0.9455026984214783,2,0,129.24398803710938,7195.json,NotBuggy
13,1.3134790060576051E-4,1,10,99.48236083984375,12487.json,NotBuggy
5,0.12617215514183044,1,1,122.4339599609375,4717.json,NotBuggy
4,0.18862459063529968,1,2,123.28064727783203,5986.json,NotBuggy
4,0.7119079828262329,1,0,125.27178192138672,22675.json,NotBuggy
3,0.9269808530807495,1,0,133.59722900390625,18274.json,NotBuggy
3,0.9346750378608704,1,0,133.59722900390625,21523.json,NotBuggy
4,0.8261491060256958,1,0,125.15930938720703,18010.json,NotBuggy
3,0.8688722848892212,1,0,133.59722900390625,16102.json,NotBuggy
3,0.44463789463043213,1,3,128.50894165039062,11059.json,NotBuggy
4,0.7569018602371216,1,0,125.5254898071289,10777.json,NotBuggy
9,0.7508882284164429,3,1,107.7459716796875,12393.json,NotBuggy
3,3.774474607780576E-4,1,2,126.63631439208984,661.json,NotBuggy
5,0.8779537081718445,2,1,121.54933166503906,13021.json,NotBuggy
20,0.0,4,21,87.66581726074219,3309.json,NotBuggy
3,0.6285713315010071,1,0,133.59722900390625,9784.json,NotBuggy
3,0.87506103515625,1,0,134.26058959960938,5119.json,NotBuggy
3,0.9437941908836365,1,0,133.59722900390625,6203.json,NotBuggy
4,0.4859175980091095,1,0,125.64796447753906,21822.json,NotBuggy
3,0.43867388367652893,1,2,128.3351287841797,12501.json,NotBuggy
3,0.06490889191627502,1,2,129.34671020507812,4360.json,NotBuggy
3,0.5893279910087585,1,1,131.43582153320312,5906.json,NotBuggy
4,0.8558061718940735,1,0,125.5254898071289,16522.json,NotBuggy
3,0.8761618733406067,1,0,133.59722900390625,17883.json,NotBuggy
24,0.01193335372954607,3,18,83.54888916015625,6857.json,NotBuggy
4,0.7409298419952393,1,0,125.52845764160156,67.json,NotBuggy
4,0.2222994863986969,1,2,124.7987289428711,20785.json,NotBuggy
3,0.5562484860420227,1,0,130.18594360351562,1365.json,NotBuggy
6,0.03660418093204498,1,5,113.72686004638672,22988.json,NotBuggy
4,0.20191442966461182,1,3,123.37332153320312,5266.json,NotBuggy
7,0.17570358514785767,2,5,108.84719848632812,5538.json,NotBuggy
3,0.6298686861991882,1,1,131.43582153320312,13965.json,NotBuggy
2,0.9977049231529236,1,0,142.4026641845703,20256.json,NotBuggy
3,0.7693724036216736,1,0,133.59722900390625,23024.json,NotBuggy
3,0.6515819430351257,1,1,131.28770446777344,8738.json,NotBuggy
4,0.5016545057296753,1,0,124.58238983154297,3992.json,NotBuggy
7,0.27957093715667725,2,3,111.91561889648438,7868.json,NotBuggy
3,0.18035884201526642,1,3,128.62307739257812,16646.json,NotBuggy
3,0.925599992275238,1,0,133.59722900390625,23276.json,NotBuggy
2,0.9802530407905579,1,0,139.0139617919922,17466.json,NotBuggy
5,0.4876317083835602,2,3,120.0075454711914,16806.json,NotBuggy
8,0.041342370212078094,2,2,107.63104248046875,1653.json,NotBuggy
4,0.4694291651248932,1,0,125.27178192138672,11985.json,NotBuggy
3,0.7642906904220581,1,0,129.37762451171875,6494.json,NotBuggy
3,0.8912534713745117,1,0,133.59722900390625,16513.json,NotBuggy
4,0.39157676696777344,1,0,124.58238983154297,23522.json,NotBuggy
8,0.05270684137940407,2,4,109.62400817871094,3867.json,NotBuggy
3,0.9038982391357422,1,0,133.59722900390625,7902.json,NotBuggy
3,0.8767094016075134,1,0,133.59722900390625,12707.json,NotBuggy
3,0.8763893246650696,1,0,131.9385528564453,15608.json,NotBuggy
11,0.07341547310352325,2,2,102.27165985107422,1021.json,NotBuggy
10,0.20793810486793518,4,2,105.06501007080078,18335.json,NotBuggy
4,0.7256754636764526,1,0,125.27178192138672,22894.json,NotBuggy
4,0.013106320984661579,1,4,122.06648254394531,19941.json,NotBuggy
3,0.8912534713745117,1,0,133.59722900390625,9635.json,NotBuggy
3,0.9153783321380615,1,0,133.59722900390625,22180.json,NotBuggy
6,0.15291926264762878,1,4,115.78754425048828,4721.json,NotBuggy
3,0.47416743636131287,1,1,130.45266723632812,15729.json,NotBuggy
3,0.7911167144775391,1,0,133.59722900390625,11945.json,NotBuggy
3,0.4241431951522827,2,1,126.64217376708984,17073.json,NotBuggy
3,0.8763893246650696,1,0,131.9385528564453,20977.json,NotBuggy
2,0.9977049231529236,1,0,142.4026641845703,8150.json,NotBuggy
3,0.029703613370656967,1,2,128.31268310546875,4425.json,NotBuggy
3,0.6368371844291687,1,1,130.621337890625,20078.json,NotBuggy
3,0.8537255525588989,1,0,133.59722900390625,10270.json,NotBuggy
3,0.9294750690460205,1,0,133.59722900390625,12282.json,NotBuggy
3,0.8885374665260315,1,0,133.59722900390625,19508.json,NotBuggy
7,8.141393773257732E-4,1,10,108.80899047851562,10302.json,NotBuggy
3,0.6800689101219177,1,1,130.85629272460938,1456.json,NotBuggy
10,0.6696226000785828,3,0,104.0461654663086,18996.json,NotBuggy
4,0.7256754636764526,1,0,125.27178192138672,21555.json,NotBuggy
3,0.7930522561073303,1,1,133.18099975585938,7309.json,NotBuggy
4,0.04153098538517952,1,2,120.95767974853516,6373.json,NotBuggy
12,0.003654644824564457,4,11,95.76017761230469,14545.json,NotBuggy
3,0.9452358484268188,1,0,132.9956512451172,20396.json,NotBuggy
4,0.7041184902191162,1,0,125.64796447753906,22800.json,NotBuggy
6,0.006346901413053274,1,6,113.7378921508789,13723.json,Buggy
3,0.4700954258441925,1,0,131.91592407226562,9174.json,NotBuggy
3,0.8403209447860718,1,1,132.25152587890625,14656.json,NotBuggy
15,0.0,2,19,91.27351379394531,2020.json,NotBuggy
3,0.7324844598770142,1,0,133.59722900390625,11152.json,NotBuggy
3,0.9381090402603149,1,0,133.59722900390625,6204.json,NotBuggy
9,0.0,1,10,105.6935043334961,8792.json,NotBuggy
3,0.4039749503135681,1,1,130.07347106933594,20154.json,NotBuggy
19,0.010429687798023224,1,17,90.70238494873047,3117.json,NotBuggy
3,0.8152434825897217,1,0,133.59722900390625,12473.json,NotBuggy
4,0.606551468372345,1,0,125.64796447753906,21274.json,NotBuggy
3,0.8763893246650696,1,0,131.9385528564453,15598.json,NotBuggy
4,0.3295283317565918,1,3,123.28064727783203,18021.json,NotBuggy
3,0.8591899871826172,1,0,131.43582153320312,14802.json,NotBuggy
3,0.6188242435455322,1,1,129.57785034179688,5645.json,NotBuggy
4,0.03850885108113289,1,3,121.42755889892578,18490.json,NotBuggy
4,0.18862459063529968,1,2,123.28064727783203,5971.json,NotBuggy
3,0.5451476573944092,1,0,130.85629272460938,1058.json,NotBuggy
6,0.002110862173140049,1,8,112.26011657714844,8000.json,NotBuggy
4,0.34307023882865906,1,0,125.64796447753906,11967.json,NotBuggy
2,0.9794131517410278,1,0,139.0139617919922,17470.json,NotBuggy
5,0.3930530548095703,1,1,120.96249389648438,6439.json,NotBuggy
3,0.9020221829414368,1,0,132.4454345703125,19189.json,NotBuggy
7,0.11079847812652588,2,2,110.15149688720703,5637.json,NotBuggy
6,0.8698301911354065,2,1,115.10508728027344,22241.json,NotBuggy
5,0.014809956774115562,1,2,117.53816986083984,1548.json,NotBuggy
4,0.7718841433525085,1,0,125.5254898071289,6251.json,NotBuggy
8,0.012280059978365898,1,9,106.8744125366211,2675.json,NotBuggy
3,0.8131282925605774,1,1,130.7338104248047,8893.json,NotBuggy
16,0.0016279916744679213,4,13,92.07537078857422,16760.json,NotBuggy
18,0.0,1,51,86.87227630615234,7754.json,NotBuggy
3,0.428504079580307,1,1,130.70933532714844,14523.json,NotBuggy
3,0.945713460445404,1,0,133.59722900390625,23066.json,NotBuggy
19,0.0017280759057030082,4,16,87.69561767578125,3512.json,NotBuggy
3,0.8763893246650696,1,0,131.9385528564453,4061.json,NotBuggy
2,0.9977049231529236,1,0,142.4026641845703,9215.json,NotBuggy
3,0.8814632296562195,1,0,133.59722900390625,13172.json,NotBuggy
3,0.9381090402603149,1,0,133.59722900390625,23467.json,NotBuggy
3,0.7856351137161255,1,0,132.9956512451172,19070.json,NotBuggy
3,0.9427116513252258,1,0,133.59722900390625,16503.json,NotBuggy
3,0.4282359480857849,1,0,132.4454345703125,13960.json,NotBuggy
3,0.07813989371061325,1,3,128.50894165039062,17036.json,NotBuggy
4,0.8686437606811523,1,0,125.15930938720703,13764.json,NotBuggy
4,0.0,1,10,119.59291076660156,3583.json,NotBuggy
7,0.13025160133838654,1,6,111.8255386352539,21534.json,NotBuggy
3,0.0,1,0,127.11396026611328,18992.json,NotBuggy
4,0.615353524684906,2,1,123.33242797851562,15971.json,NotBuggy
4,0.7195419073104858,1,0,125.27178192138672,13655.json,NotBuggy
3,0.6145703792572021,1,1,130.85629272460938,14990.json,NotBuggy
32,0.0,5,11,76.98849487304688,16883.json,NotBuggy
5,0.23150120675563812,1,1,119.1451187133789,1544.json,NotBuggy
4,0.7119079828262329,1,0,125.27178192138672,3243.json,NotBuggy
8,0.5971561074256897,3,1,111.15506744384766,5472.json,NotBuggy
10,0.14880652725696564,3,7,101.72679138183594,20136.json,NotBuggy
3,0.9486316442489624,1,0,133.59722900390625,21961.json,NotBuggy
3,0.3946820795536041,1,1,130.34019470214844,14932.json,NotBuggy
4,0.4859175980091095,1,0,125.64796447753906,22038.json,NotBuggy
3,0.9558944702148438,1,0,133.59722900390625,21209.json,NotBuggy
9,0.4328416585922241,2,5,106.55463409423828,4879.json,NotBuggy
4,0.42706063389778137,1,2,126.4781494140625,5385.json,NotBuggy
3,0.3093092441558838,1,1,132.086669921875,6903.json,NotBuggy
4,0.7151249647140503,1,0,125.27178192138672,22488.json,NotBuggy
6,0.824295163154602,1,1,116.53829956054688,3456.json,NotBuggy
3,0.8339069485664368,1,0,133.59722900390625,21803.json,NotBuggy
3,0.8505144715309143,1,0,133.59722900390625,10627.json,NotBuggy
5,0.004844458773732185,2,6,116.87085723876953,20819.json,NotBuggy
3,0.8669148087501526,2,1,129.95594787597656,6889.json,NotBuggy
4,0.314712792634964,1,0,126.19583892822266,16868.json,NotBuggy
4,0.26067420840263367,1,3,124.1488037109375,13609.json,NotBuggy
3,0.7812111377716064,1,0,131.9385528564453,2467.json,NotBuggy
3,0.8359728455543518,1,0,133.59722900390625,23407.json,NotBuggy
3,0.9294750690460205,1,0,133.59722900390625,22399.json,NotBuggy
3,0.8353855013847351,1,0,133.59722900390625,16003.json,NotBuggy
7,0.6211581230163574,2,1,113.060302734375,1665.json,NotBuggy
7,0.5152708292007446,2,1,112.75433349609375,14760.json,NotBuggy
3,0.930927038192749,1,0,133.59722900390625,19473.json,NotBuggy
4,0.531349778175354,1,0,125.27178192138672,13095.json,NotBuggy
3,0.6386634111404419,1,0,132.086669921875,6941.json,NotBuggy
5,0.2356903851032257,1,4,117.93550109863281,4402.json,NotBuggy
6,0.011099161580204964,2,2,113.6197280883789,8728.json,NotBuggy
3,0.9381090402603149,1,0,133.59722900390625,12054.json,NotBuggy
9,0.06862636655569077,3,5,105.86454772949219,13452.json,NotBuggy
13,0.01580011658370495,1,12,96.90436553955078,2938.json,NotBuggy
3,0.4801148474216461,1,0,127.66018676757812,338.json,NotBuggy
3,0.7957558631896973,1,0,131.9385528564453,15961.json,NotBuggy
3,0.8857208490371704,1,0,131.91592407226562,6650.json,NotBuggy
15,0.005634102039039135,3,9,92.50252532958984,6187.json,NotBuggy
7,0.03919478878378868,2,3,109.09684753417969,21195.json,NotBuggy
3,0.8767094016075134,1,0,133.59722900390625,9738.json,NotBuggy
3,0.8024812936782837,1,1,132.086669921875,16975.json,NotBuggy
3,0.8152434825897217,1,0,133.59722900390625,21221.json,NotBuggy
4,0.7256754636764526,1,0,125.27178192138672,21524.json,NotBuggy
3,0.23719416558742523,1,0,133.59722900390625,12598.json,NotBuggy
4,0.6540771722793579,1,1,125.02987670898438,7959.json,NotBuggy
3,0.03520260378718376,1,2,128.8092498779297,1636.json,NotBuggy
4,0.6765648722648621,1,0,125.64796447753906,19750.json,NotBuggy
3,0.719327986240387,1,1,131.28770446777344,19896.json,NotBuggy
3,0.5746563076972961,1,3,130.30841064453125,1176.json,NotBuggy
3,0.020203210413455963,1,2,127.34163665771484,18202.json,NotBuggy
3,0.8794088959693909,1,0,131.91592407226562,17647.json,NotBuggy
11,2.9145419830456376E-4,4,11,98.1174545288086,7151.json,NotBuggy
4,0.27009275555610657,1,1,123.21045684814453,2960.json,NotBuggy
8,0.5341911315917969,2,3,110.15780639648438,18897.json,NotBuggy
3,0.6240929365158081,1,1,131.75106811523438,6138.json,NotBuggy
3,0.9320460557937622,1,0,132.9956512451172,14573.json,NotBuggy
2,0.9975141882896423,1,0,142.4026641845703,5338.json,NotBuggy
3,0.9318479895591736,1,0,133.59722900390625,3767.json,NotBuggy
15,0.0086270896717906,5,14,91.97347259521484,19417.json,NotBuggy
3,0.9320460557937622,1,0,132.9956512451172,14366.json,NotBuggy
3,0.8339069485664368,1,0,133.59722900390625,2923.json,NotBuggy
3,0.7842153906822205,1,1,130.85629272460938,5074.json,NotBuggy
3,0.8873574137687683,1,0,133.59722900390625,12441.json,NotBuggy
4,0.5960946083068848,1,2,126.33003997802734,15174.json,NotBuggy
11,0.07720449566841125,2,10,100.85370635986328,5341.json,NotBuggy
7,0.36779624223709106,2,3,112.1916275024414,19645.json,NotBuggy
4,0.7044928669929504,1,0,125.27178192138672,23095.json,NotBuggy
3,0.9294750690460205,1,0,133.59722900390625,18798.json,NotBuggy
4,0.6254518628120422,1,0,125.27178192138672,15597.json,NotBuggy
3,0.9629498720169067,1,0,131.28770446777344,13755.json,NotBuggy
3,0.8353855013847351,1,0,133.59722900390625,23356.json,NotBuggy
3,0.3867487609386444,1,1,129.93223571777344,9354.json,NotBuggy
40,0.0,9,36,68.88236236572266,2022.json,NotBuggy
3,0.8582584857940674,1,0,133.59722900390625,4668.json,NotBuggy
3,0.8152434825897217,1,0,133.59722900390625,21651.json,NotBuggy
5,0.17085470259189606,1,2,117.1540298461914,19520.json,NotBuggy
3,0.8189057111740112,1,0,133.59722900390625,23202.json,NotBuggy
8,0.001764393993653357,1,3,107.23761749267578,10885.json,NotBuggy
8,0.00967688113451004,1,11,107.24725341796875,2887.json,NotBuggy
9,0.002835251856595278,1,10,105.34478759765625,5021.json,NotBuggy
14,2.427297440590337E-4,4,13,92.90412902832031,20073.json,NotBuggy
3,0.9381090402603149,1,0,133.59722900390625,16212.json,NotBuggy
3,0.7236142158508301,1,1,130.57513427734375,5841.json,NotBuggy
4,0.44059044122695923,1,1,124.05243682861328,19478.json,NotBuggy
15,0.07618574053049088,2,11,93.8965072631836,3299.json,NotBuggy
8,0.7868141531944275,3,1,110.90596771240234,5513.json,NotBuggy
3,0.0070895240642130375,1,3,127.42921447753906,13579.json,NotBuggy
7,0.07733751833438873,2,3,111.60965728759766,2292.json,NotBuggy
3,0.7308516502380371,1,0,131.91592407226562,3088.json,NotBuggy
3,0.8551300764083862,1,0,133.59722900390625,17888.json,NotBuggy
3,0.18087804317474365,1,0,133.59722900390625,9770.json,NotBuggy
17,0.0,3,18,88.84329986572266,14443.json,NotBuggy
3,0.7410147786140442,1,1,130.99049377441406,6570.json,NotBuggy
7,0.6187074780464172,1,0,112.58448791503906,19839.json,NotBuggy
16,0.007612783461809158,2,10,91.94470977783203,1629.json,NotBuggy
3,0.2549543082714081,1,0,131.1535186767578,8555.json,NotBuggy
3,0.8582584857940674,1,0,133.59722900390625,4528.json,NotBuggy
4,0.7360889911651611,1,2,125.78216552734375,13401.json,NotBuggy
3,0.006771489512175322,1,3,128.1235809326172,20155.json,NotBuggy
5,0.013516800478100777,1,8,117.17095947265625,13738.json,NotBuggy
4,0.606551468372345,1,0,125.64796447753906,4960.json,NotBuggy
4,0.7151249647140503,1,0,125.27178192138672,22866.json,NotBuggy
6,0.002139203017577529,1,0,112.62183380126953,1678.json,Buggy
7,0.010635855607688427,1,12,109.51382446289062,7768.json,NotBuggy
7,0.20561626553535461,2,1,109.68270874023438,20422.json,NotBuggy
3,0.5341992378234863,1,0,131.91592407226562,14784.json,NotBuggy
4,0.6546183824539185,1,0,125.27178192138672,13055.json,NotBuggy
7,0.3327716290950775,1,5,112.03626251220703,3621.json,NotBuggy
15,0.003694928251206875,2,19,93.21516418457031,20786.json,NotBuggy
3,0.1676836907863617,1,1,129.34671020507812,12102.json,NotBuggy
3,0.2323169857263565,1,1,130.07347106933594,9616.json,NotBuggy
7,0.7598852515220642,2,1,112.9860610961914,1663.json,NotBuggy
5,0.03798968344926834,1,6,117.79682159423828,8536.json,NotBuggy
3,0.3752402365207672,1,2,131.75106811523438,8238.json,NotBuggy
3,0.5288049578666687,1,1,131.60296630859375,785.json,NotBuggy
4,0.04359132796525955,1,2,122.28182983398438,4830.json,NotBuggy
5,0.016206493601202965,1,8,116.85465240478516,5630.json,NotBuggy
9,0.0,1,7,103.680908203125,8130.json,NotBuggy
6,0.04631829261779785,2,3,113.55408477783203,1549.json,NotBuggy
6,0.0021519220899790525,1,6,114.14724731445312,4666.json,NotBuggy
7,0.06385204941034317,1,2,111.00830841064453,1635.json,Buggy
4,0.5768042206764221,1,3,122.3560791015625,2926.json,NotBuggy
3,0.4648728370666504,1,1,130.85629272460938,18000.json,NotBuggy
6,0.7117701172828674,2,0,116.21601867675781,13921.json,NotBuggy
38,0.0,8,34,71.29776763916016,20826.json,NotBuggy
7,0.2182798832654953,2,2,110.99961853027344,5638.json,NotBuggy
3,0.8970978856086731,2,1,128.48287963867188,18915.json,Buggy
4,0.7256754636764526,1,0,125.27178192138672,21041.json,NotBuggy
3,0.9153783321380615,1,0,133.59722900390625,22013.json,NotBuggy
3,0.927741527557373,1,0,133.59722900390625,9138.json,NotBuggy
3,0.2338586449623108,1,0,131.03103637695312,4050.json,NotBuggy
3,0.7664653658866882,1,0,132.61029052734375,11774.json,NotBuggy
3,0.8890010714530945,1,0,133.59722900390625,18429.json,NotBuggy
3,0.8827394843101501,1,0,133.59722900390625,19624.json,NotBuggy
21,6.226913537830114E-4,5,17,85.15628051757812,20795.json,NotBuggy
3,0.05707220360636711,1,1,129.69032287597656,20285.json,NotBuggy
3,0.8763893246650696,1,0,131.9385528564453,23346.json,NotBuggy
3,0.7820137739181519,1,0,131.28770446777344,11081.json,NotBuggy
3,0.5039265155792236,1,2,129.57785034179688,8209.json,NotBuggy
3,0.0,1,1,125.87184143066406,668.json,NotBuggy
4,0.00884333997964859,1,3,120.71138763427734,13177.json,NotBuggy
3,0.2323169857263565,1,1,130.07347106933594,18440.json,NotBuggy
4,0.5087669491767883,1,0,125.64796447753906,9124.json,NotBuggy
9,0.05083354562520981,3,4,105.4358901977539,17597.json,NotBuggy
4,0.7119079828262329,1,0,125.27178192138672,22667.json,NotBuggy
3,0.8466814756393433,1,0,130.57513427734375,1372.json,NotBuggy
3,0.7811756134033203,1,0,133.59722900390625,16017.json,NotBuggy
9,0.004079106729477644,1,10,105.75060272216797,23094.json,NotBuggy
3,0.7928219437599182,1,0,132.9956512451172,6347.json,NotBuggy
4,0.4805181622505188,1,1,124.7987289428711,12091.json,NotBuggy
9,1.587040605954826E-4,1,14,104.63994598388672,3732.json,NotBuggy
3,0.8152434825897217,1,0,133.59722900390625,22951.json,NotBuggy
3,0.957419216632843,1,0,133.59722900390625,4545.json,NotBuggy
3,0.0010200155666097999,1,3,127.42049407958984,5174.json,NotBuggy
4,0.7119079828262329,1,0,125.27178192138672,15593.json,NotBuggy
3,0.17594245076179504,2,1,127.45843505859375,14411.json,NotBuggy
3,0.7702958583831787,1,2,131.75106811523438,6501.json,NotBuggy
7,0.0,1,11,108.74160766601562,16755.json,NotBuggy
20,0.023638997226953506,3,8,87.10920715332031,18827.json,NotBuggy
3,0.0010589163284748793,1,3,128.4090576171875,10314.json,NotBuggy
4,0.8548877239227295,1,1,126.33003997802734,11660.json,NotBuggy
12,1.1676774738589302E-4,3,7,97.09806823730469,6007.json,NotBuggy
9,0.0036586925853043795,1,8,105.700439453125,4603.json,NotBuggy
12,2.2510901908390224E-4,5,13,97.43145751953125,3521.json,NotBuggy
8,0.0016538082854822278,1,11,105.03902435302734,2928.json,NotBuggy
4,0.5278998017311096,1,0,125.64796447753906,20908.json,NotBuggy
4,0.6988435983657837,1,0,125.27178192138672,22012.json,NotBuggy
3,0.0,1,4,124.8987808227539,12106.json,NotBuggy
7,0.36321398615837097,1,6,111.24065399169922,4835.json,NotBuggy
3,0.1986304670572281,1,0,131.28770446777344,19625.json,NotBuggy
3,0.6522737145423889,1,0,133.59722900390625,19028.json,NotBuggy
12,0.07755903899669647,6,4,99.9788818359375,43.json,NotBuggy
7,0.02601970173418522,2,2,111.8573226928711,369.json,NotBuggy
4,0.7714942693710327,1,0,125.64796447753906,19547.json,NotBuggy
4,0.05512123182415962,1,1,124.1488037109375,17078.json,NotBuggy
3,0.037230100482702255,1,0,130.07347106933594,740.json,NotBuggy
4,0.4859175980091095,1,0,125.64796447753906,22798.json,NotBuggy
43,0.0,10,39,67.830078125,2313.json,NotBuggy
4,0.8913564085960388,1,0,124.91740417480469,12478.json,NotBuggy
3,0.7185266613960266,1,0,133.59722900390625,901.json,NotBuggy
4,0.327280730009079,1,0,126.19583892822266,16871.json,NotBuggy
9,0.40005338191986084,2,5,106.55463409423828,4173.json,NotBuggy
3,0.003424159251153469,1,1,128.92515563964844,11007.json,NotBuggy
10,0.4458164572715759,3,3,105.2226333618164,18898.json,NotBuggy
6,0.045148663222789764,1,6,113.50555419921875,3131.json,NotBuggy
4,0.5923357009887695,1,1,125.64796447753906,11750.json,NotBuggy
7,0.11966970562934875,1,6,111.8255386352539,22371.json,NotBuggy
3,0.8929940462112427,1,0,133.59722900390625,10724.json,NotBuggy
5,0.40934062004089355,1,2,118.74115753173828,2725.json,NotBuggy
3,0.002474217675626278,1,3,126.72693634033203,14191.json,NotBuggy
3,0.7676065564155579,1,0,131.9385528564453,17076.json,NotBuggy
4,0.18462392687797546,1,0,124.58238983154297,5574.json,NotBuggy
4,0.625913679599762,1,0,125.64796447753906,21788.json,NotBuggy
4,0.41707324981689453,1,2,125.15235137939453,19164.json,NotBuggy
3,0.6271072030067444,1,1,132.61029052734375,3461.json,NotBuggy
3,0.9294750690460205,1,0,133.59722900390625,22356.json,NotBuggy
3,0.1423838883638382,1,0,133.59722900390625,23400.json,NotBuggy
3,0.8403804898262024,1,0,133.59722900390625,4547.json,NotBuggy
3,0.5251336097717285,1,1,130.7338104248047,1130.json,NotBuggy
3,0.6316406726837158,2,0,129.3895263671875,16624.json,Buggy
4,0.7646454572677612,2,2,122.21184539794922,8068.json,NotBuggy
7,0.0,1,12,107.51371765136719,10307.json,NotBuggy
3,0.925599992275238,1,0,133.59722900390625,10271.json,NotBuggy
3,0.9466535449028015,1,0,133.59722900390625,16894.json,NotBuggy
3,0.843033492565155,1,0,133.59722900390625,16330.json,NotBuggy
4,0.7044928669929504,1,0,125.27178192138672,21483.json,NotBuggy
5,0.4287571907043457,2,2,119.52839660644531,11937.json,NotBuggy
3,0.5738740563392639,1,1,130.7338104248047,16849.json,NotBuggy
3,0.8353855013847351,1,0,133.59722900390625,11330.json,NotBuggy
26,0.0,10,15,80.41192626953125,15135.json,NotBuggy
3,0.6031731367111206,1,0,133.59722900390625,936.json,NotBuggy
3,0.9474976658821106,1,0,133.59722900390625,2950.json,NotBuggy
4,0.8293104767799377,1,0,125.5254898071289,7840.json,NotBuggy
4,0.10360061377286911,1,2,124.04872131347656,11623.json,NotBuggy
7,0.07596951723098755,2,3,112.54422760009766,6883.json,NotBuggy
3,0.7348232269287109,1,0,133.59722900390625,12867.json,NotBuggy
3,0.084934763610363,1,0,133.59722900390625,1916.json,NotBuggy
4,0.621963620185852,1,0,125.27178192138672,3008.json,NotBuggy
12,0.014884124509990215,3,8,97.79188537597656,6044.json,NotBuggy
4,0.6988435983657837,1,0,125.27178192138672,21700.json,NotBuggy
6,0.03553324192762375,2,2,113.72801208496094,8609.json,NotBuggy
10,0.001090074423700571,1,12,103.13742065429688,22979.json,NotBuggy
3,0.8968747854232788,1,0,133.59722900390625,1107.json,NotBuggy
4,0.7119079828262329,1,0,125.27178192138672,5279.json,NotBuggy
4,0.8587779402732849,1,0,125.15930938720703,17667.json,NotBuggy
6,0.4118271768093109,2,1,116.3923110961914,18869.json,NotBuggy
3,0.4491451680660248,1,1,132.25152587890625,1748.json,NotBuggy
9,0.004671839997172356,2,6,103.33195495605469,17338.json,NotBuggy
4,0.7119079828262329,1,0,125.27178192138672,21500.json,NotBuggy
9,0.01806878112256527,1,8,106.82979583740234,4304.json,NotBuggy
3,0.9108030200004578,1,0,133.59722900390625,22458.json,NotBuggy
23,6.122113554738462E-4,1,14,86.54108428955078,3888.json,NotBuggy
7,0.0037242944817990065,2,2,110.56603240966797,19219.json,NotBuggy
3,0.880638062953949,1,0,133.59722900390625,4995.json,NotBuggy
10,0.07309301942586899,3,5,103.22579956054688,1199.json,NotBuggy
4,0.5454013347625732,1,2,124.6862564086914,3445.json,NotBuggy
7,0.08138004690408707,2,5,110.72240447998047,888.json,NotBuggy
14,0.006725773680955172,3,6,94.58024597167969,20796.json,NotBuggy
3,0.7625189423561096,1,1,131.60296630859375,18951.json,NotBuggy
23,0.0,2,35,83.14574432373047,13416.json,NotBuggy
7,0.013148144818842411,2,5,109.66938018798828,105.json,NotBuggy
26,0.0,5,23,79.8199691772461,20514.json,Buggy
7,0.004303892143070698,1,5,110.32940673828125,7203.json,NotBuggy
37,0.0,12,19,72.12861633300781,18867.json,NotBuggy
3,0.11430352181196213,1,1,129.7158966064453,20677.json,NotBuggy
3,0.5712593197822571,1,0,131.9385528564453,4560.json,NotBuggy
3,0.8353855013847351,1,0,133.59722900390625,12719.json,NotBuggy
3,0.7051036357879639,1,0,132.086669921875,1074.json,NotBuggy
3,0.8828085660934448,1,0,133.59722900390625,12098.json,NotBuggy
3,0.8968747854232788,1,0,133.59722900390625,10213.json,NotBuggy
4,0.1533467024564743,1,2,123.94486236572266,6788.json,NotBuggy
3,0.8814632296562195,1,0,133.59722900390625,11826.json,NotBuggy
3,0.02759036049246788,1,0,133.59722900390625,18421.json,NotBuggy
17,0.3545989692211151,3,7,90.34722900390625,1078.json,NotBuggy
4,0.7957006096839905,1,0,125.5254898071289,10643.json,NotBuggy
3,0.8321500420570374,1,0,133.59722900390625,9088.json,NotBuggy
4,0.0024452873039990664,1,6,120.072021484375,8394.json,NotBuggy
7,0.0010769068030640483,1,6,108.39300537109375,85.json,NotBuggy
6,0.26383671164512634,2,3,115.33042907714844,6701.json,NotBuggy
4,0.08032327145338058,1,2,123.74861145019531,987.json,NotBuggy
3,0.8730796575546265,1,0,133.59722900390625,2536.json,NotBuggy
3,0.6920579075813293,1,0,133.59722900390625,10268.json,NotBuggy
3,0.9318479895591736,1,0,133.59722900390625,2740.json,NotBuggy
7,0.01724729686975479,1,7,111.17767333984375,14506.json,NotBuggy
3,0.8457163572311401,1,1,131.60296630859375,18954.json,NotBuggy
4,0.19266261160373688,1,0,124.58238983154297,1583.json,NotBuggy
4,0.25681284070014954,1,2,125.15930938720703,4914.json,NotBuggy
3,0.1814981997013092,1,0,129.12539672851562,19067.json,NotBuggy
7,0.7659457921981812,2,2,112.83319091796875,19892.json,NotBuggy
3,0.8164383769035339,1,0,133.59722900390625,10109.json,NotBuggy
17,0.6855276226997375,3,6,93.37853240966797,31.json,NotBuggy
3,0.6920351982116699,1,1,131.60296630859375,755.json,NotBuggy
3,0.9380925893783569,1,0,133.59722900390625,11924.json,NotBuggy
9,0.015727706253528595,4,2,104.04769897460938,1065.json,NotBuggy
3,0.14383548498153687,1,0,133.59722900390625,9807.json,NotBuggy
10,0.0,1,15,100.58257293701172,4908.json,NotBuggy
4,0.6427757740020752,1,2,125.39425659179688,11622.json,NotBuggy
3,0.21577134728431702,1,2,128.3351287841797,11684.json,NotBuggy
9,0.004841269925236702,1,12,106.11759185791016,3038.json,NotBuggy
3,0.9381090402603149,1,0,133.59722900390625,23306.json,NotBuggy
4,0.6305708289146423,1,0,125.27178192138672,6995.json,NotBuggy
4,0.7119079828262329,1,0,125.27178192138672,2511.json,NotBuggy
8,0.2584451735019684,1,5,110.74687957763672,2413.json,NotBuggy
5,0.43445929884910583,1,4,119.0662612915039,4647.json,NotBuggy
4,0.5698497891426086,1,0,125.27178192138672,10191.json,NotBuggy
3,0.7788228988647461,1,0,128.46022033691406,15127.json,NotBuggy
10,0.0014617416309192777,1,9,102.97288513183594,6391.json,NotBuggy
3,0.8726048469543457,1,0,133.59722900390625,13088.json,NotBuggy
3,0.8661461472511292,1,0,134.26058959960938,19293.json,NotBuggy
3,0.8832547664642334,1,0,131.91592407226562,2681.json,NotBuggy
3,0.9457477331161499,1,0,133.59722900390625,20576.json,NotBuggy
3,0.9457477331161499,1,0,133.59722900390625,22045.json,NotBuggy
9,0.03442985936999321,3,2,105.4175796508789,16325.json,NotBuggy
4,0.6464683413505554,1,0,125.27178192138672,10833.json,NotBuggy
3,0.8582584857940674,1,0,133.59722900390625,4707.json,NotBuggy
4,0.5856777429580688,1,0,125.64796447753906,12295.json,NotBuggy
10,0.3059957027435303,3,5,103.498291015625,10981.json,NotBuggy
3,0.8703395128250122,1,0,133.59722900390625,19483.json,NotBuggy
4,0.6268633604049683,1,0,125.27178192138672,1480.json,NotBuggy
7,0.13746750354766846,2,3,111.80625915527344,6160.json,NotBuggy
9,0.2546277344226837,4,1,106.50635528564453,3499.json,NotBuggy
4,0.37977027893066406,2,0,122.14173889160156,17624.json,NotBuggy
3,0.027716509997844696,1,1,128.50894165039062,14834.json,NotBuggy
10,0.0029221726581454277,2,9,101.87665557861328,804.json,NotBuggy
14,0.0,2,15,95.36743927001953,17575.json,NotBuggy
4,0.4741227328777313,1,1,125.15930938720703,6346.json,NotBuggy
4,0.7119079828262329,1,0,125.27178192138672,20992.json,NotBuggy
3,0.8703395128250122,1,0,133.59722900390625,14800.json,NotBuggy
3,0.8385810852050781,1,0,131.9385528564453,22160.json,NotBuggy
4,0.8135294914245605,1,0,125.15930938720703,1191.json,NotBuggy
3,0.9482505321502686,1,0,132.9956512451172,20395.json,NotBuggy
3,0.9380925893783569,1,0,133.59722900390625,9714.json,NotBuggy
3,0.9523589015007019,1,0,129.7158966064453,16747.json,NotBuggy
11,0.3609999716281891,2,5,102.13217163085938,832.json,NotBuggy
3,0.4950951039791107,1,1,130.45266723632812,15730.json,NotBuggy
4,0.8872019052505493,1,0,125.5254898071289,17967.json,NotBuggy
3,0.4801848828792572,1,1,129.93223571777344,12608.json,NotBuggy
9,0.003409457392990589,1,10,105.83655548095703,23298.json,NotBuggy
17,0.0,4,21,88.89954376220703,6626.json,NotBuggy
3,0.9346750378608704,1,0,133.59722900390625,10764.json,NotBuggy
4,0.7018570303916931,1,0,125.64796447753906,9703.json,Buggy
6,0.4747876524925232,1,4,116.71211242675781,22466.json,NotBuggy
29,9.002236765809357E-4,9,9,79.43296813964844,20148.json,Buggy
3,0.08594407886266708,1,1,131.75106811523438,5872.json,NotBuggy
3,0.8827071189880371,1,0,133.59722900390625,18133.json,NotBuggy
15,0.0,1,33,91.30642700195312,7800.json,NotBuggy
3,0.7711441516876221,1,0,133.59722900390625,7914.json,NotBuggy
3,0.21131013333797455,1,0,133.59722900390625,3993.json,NotBuggy
3,0.3331966996192932,1,1,129.14646911621094,564.json,NotBuggy
5,0.3943518102169037,1,3,119.2291259765625,8046.json,NotBuggy
8,0.00975126028060913,1,9,107.37741088867188,2727.json,NotBuggy
5,0.014809956774115562,1,2,117.53816986083984,1547.json,NotBuggy
4,0.7643980979919434,1,0,125.64796447753906,12190.json,NotBuggy
11,1.3544817920774221E-4,1,14,100.73782348632812,21293.json,NotBuggy
4,0.7256754636764526,1,0,125.27178192138672,4577.json,NotBuggy
7,0.79386305809021,2,2,113.3831787109375,809.json,NotBuggy
4,0.6292893290519714,1,0,125.64796447753906,23516.json,NotBuggy
3,0.8338494300842285,1,1,131.60296630859375,13867.json,NotBuggy
3,0.8716084957122803,1,0,133.59722900390625,18232.json,NotBuggy
3,0.7820137739181519,1,0,131.28770446777344,9855.json,NotBuggy
3,0.7482753992080688,1,0,133.59722900390625,22943.json,NotBuggy
3,0.4471275210380554,1,0,131.03103637695312,151.json,NotBuggy
3,0.6907506585121155,1,0,133.59722900390625,20636.json,NotBuggy
4,0.7643980979919434,1,0,125.64796447753906,10283.json,NotBuggy
3,0.6583853363990784,1,2,130.70933532714844,18404.json,NotBuggy
5,0.3921510577201843,1,3,120.23355865478516,22370.json,NotBuggy
3,0.01563407853245735,1,0,133.59722900390625,18144.json,NotBuggy
3,0.6827451586723328,1,0,131.9385528564453,14901.json,NotBuggy
4,0.6765648722648621,1,0,125.64796447753906,19699.json,NotBuggy
4,0.5779910683631897,1,0,125.64796447753906,10466.json,NotBuggy
3,0.5340316891670227,1,0,133.59722900390625,23413.json,NotBuggy
6,0.09477207809686661,1,3,116.62230682373047,11959.json,NotBuggy
5,0.29036495089530945,1,3,118.66690826416016,3407.json,NotBuggy
3,0.017638249322772026,1,2,128.31268310546875,7104.json,NotBuggy
3,0.8006680607795715,1,0,131.9385528564453,23531.json,NotBuggy
11,0.33016669750213623,3,4,101.8918228149414,18388.json,NotBuggy
4,0.1717580407857895,1,1,123.19084167480469,1096.json,NotBuggy
3,0.8463761806488037,1,0,133.59722900390625,19051.json,NotBuggy
10,0.0,7,8,99.75675964355469,8417.json,NotBuggy
3,0.9488658905029297,1,0,133.59722900390625,13934.json,NotBuggy
3,0.4850483536720276,1,1,129.69032287597656,16589.json,NotBuggy
7,0.3144000172615051,2,4,109.97673034667969,15542.json,NotBuggy
4,0.7119079828262329,1,0,125.27178192138672,22804.json,NotBuggy
4,0.6474226713180542,1,0,125.64796447753906,22120.json,NotBuggy
3,0.4780772030353546,1,1,130.7338104248047,14364.json,NotBuggy
9,0.06783263385295868,2,4,104.34513854980469,5068.json,NotBuggy
3,0.8910459876060486,1,0,133.59722900390625,11672.json,NotBuggy
4,0.004690373316407204,1,3,122.05010986328125,5257.json,NotBuggy
3,0.9075794219970703,1,0,133.59722900390625,18984.json,NotBuggy
3,0.9153783321380615,1,0,133.59722900390625,21005.json,NotBuggy
12,0.03416061773896217,2,8,99.14396667480469,10153.json,NotBuggy
3,0.0020824295934289694,1,3,126.71056365966797,1900.json,NotBuggy
4,0.7166080474853516,1,0,125.64796447753906,376.json,NotBuggy
3,0.00246631633490324,1,1,128.91311645507812,19276.json,NotBuggy
4,0.817981481552124,1,0,125.5254898071289,11335.json,NotBuggy
9,0.15723682940006256,1,5,105.8958969116211,751.json,NotBuggy
2,0.99614018201828,1,0,142.4026641845703,8293.json,NotBuggy
6,0.010377971455454826,1,3,116.89459228515625,17448.json,NotBuggy
3,0.8919851779937744,1,1,130.85629272460938,18977.json,NotBuggy
3,0.2409960925579071,1,0,131.03103637695312,1543.json,NotBuggy
12,0.00401660893112421,1,9,100.2518539428711,5265.json,NotBuggy
3,6.709021399728954E-4,1,0,127.09538269042969,18934.json,NotBuggy
7,0.002025238936766982,2,9,109.68270874023438,4214.json,NotBuggy
3,0.07380079478025436,1,1,129.2428436279297,14717.json,NotBuggy
4,0.6348837614059448,1,1,126.33003997802734,1202.json,NotBuggy
4,0.7119079828262329,1,0,125.27178192138672,22794.json,NotBuggy
3,0.9198037981987,1,0,133.59722900390625,10060.json,NotBuggy
4,0.39038223028182983,1,0,125.64796447753906,5655.json,NotBuggy
3,0.9486316442489624,1,0,133.59722900390625,22903.json,NotBuggy
2,0.9970839619636536,1,0,142.4026641845703,8869.json,NotBuggy
4,0.649176836013794,1,0,125.27178192138672,23063.json,NotBuggy
12,0.13545241951942444,3,8,99.3290786743164,15979.json,NotBuggy
3,0.3858628571033478,1,1,132.086669921875,13596.json,NotBuggy
4,0.4388483464717865,1,0,126.04888916015625,16574.json,NotBuggy
4,0.501857578754425,1,0,124.58238983154297,2347.json,NotBuggy
5,0.2613438069820404,1,2,120.53388214111328,20771.json,NotBuggy
6,1.3924954691901803E-4,1,9,112.49031829833984,3679.json,NotBuggy
3,0.9090412855148315,1,0,133.59722900390625,9709.json,NotBuggy
5,0.7700026631355286,2,2,121.18495178222656,1257.json,NotBuggy
6,0.20760010182857513,2,2,115.63639831542969,2089.json,NotBuggy
3,0.386640727519989,1,0,131.28770446777344,11747.json,NotBuggy
6,0.167418971657753,2,1,116.13201141357422,1283.json,NotBuggy
19,0.004405793268233538,6,9,89.67422485351562,13827.json,NotBuggy
3,0.8154930472373962,1,0,132.4454345703125,20835.json,NotBuggy
3,0.8965196013450623,1,0,133.59722900390625,23068.json,NotBuggy
3,0.6666566133499146,1,1,130.85629272460938,8403.json,NotBuggy
3,0.7972366809844971,1,0,133.59722900390625,21729.json,NotBuggy
5,0.0011321189813315868,2,5,115.16619873046875,358.json,NotBuggy
13,5.476210499182343E-4,4,14,94.86474609375,52.json,NotBuggy
7,0.11523517966270447,1,6,112.0172119140625,23115.json,NotBuggy
3,0.7137724757194519,1,1,130.99049377441406,19981.json,NotBuggy
3,0.2600642740726471,1,2,128.3351287841797,10908.json,NotBuggy
4,0.028343822807073593,1,3,122.4349365234375,13608.json,NotBuggy
3,0.9445914626121521,1,0,133.59722900390625,20717.json,NotBuggy
3,0.2720734477043152,1,2,128.712890625,5540.json,NotBuggy
9,0.11297783255577087,3,2,106.88755798339844,12346.json,NotBuggy
2,0.9971234798431396,1,0,142.4026641845703,3893.json,NotBuggy
3,0.870821475982666,1,0,133.59722900390625,12020.json,NotBuggy
3,0.9193012118339539,1,0,133.59722900390625,17909.json,NotBuggy
3,0.660988986492157,1,0,131.9385528564453,2197.json,NotBuggy
17,0.0,1,32,88.58039093017578,3091.json,NotBuggy
4,0.7119079828262329,1,0,125.27178192138672,23490.json,NotBuggy
4,0.4782131016254425,1,0,125.27178192138672,4583.json,NotBuggy
9,0.023725971579551697,2,11,104.19505310058594,17498.json,NotBuggy
7,4.249711346346885E-4,1,10,110.02135467529297,1839.json,NotBuggy
6,0.6341561079025269,1,5,114.19991302490234,4789.json,NotBuggy
3,0.8814632296562195,1,0,133.59722900390625,13170.json,NotBuggy
14,7.782384636811912E-4,1,7,96.03267669677734,3417.json,NotBuggy
4,0.6184122562408447,1,1,125.02987670898438,13132.json,NotBuggy
3,0.6081819534301758,1,0,133.59722900390625,17172.json,NotBuggy
16,0.019385719671845436,1,13,94.5700454711914,3555.json,NotBuggy
16,0.030587270855903625,4,5,93.43951416015625,36.json,NotBuggy
3,0.8270814418792725,1,0,133.59722900390625,10979.json,NotBuggy
9,0.0,1,22,100.5623779296875,2039.json,NotBuggy
3,0.9454389810562134,1,0,133.59722900390625,7044.json,NotBuggy
3,0.39653363823890686,1,1,130.7338104248047,138.json,NotBuggy
3,0.36693254113197327,1,0,133.59722900390625,17490.json,NotBuggy
3,0.45260658860206604,1,1,129.81976318359375,22316.json,NotBuggy
4,0.3979165852069855,1,0,125.64796447753906,9644.json,NotBuggy
3,0.9558944702148438,1,0,133.59722900390625,16211.json,NotBuggy
7,0.015580655075609684,2,5,110.62592315673828,19878.json,NotBuggy
3,0.8007763624191284,1,1,132.61029052734375,6774.json,NotBuggy
5,0.0030465167947113514,2,2,116.98341369628906,6499.json,NotBuggy
3,0.8433163166046143,1,0,133.59722900390625,1439.json,NotBuggy
3,0.5364249348640442,1,3,128.712890625,1785.json,NotBuggy
8,0.11731673032045364,2,5,107.74124908447266,2116.json,NotBuggy
3,0.9294750690460205,1,0,133.59722900390625,1108.json,NotBuggy
4,0.6584288477897644,1,0,124.1749038696289,9114.json,NotBuggy
4,0.6988435983657837,1,0,125.27178192138672,21073.json,NotBuggy
3,0.028032545000314713,1,1,128.31268310546875,17003.json,NotBuggy
4,0.4979834258556366,1,2,126.33003997802734,15176.json,NotBuggy
4,0.1378016322851181,1,1,122.60694122314453,15766.json,NotBuggy
4,0.7256754636764526,1,0,125.27178192138672,23530.json,NotBuggy
3,0.0032399112824350595,1,1,128.92515563964844,16201.json,NotBuggy
3,0.8083078265190125,1,0,133.59722900390625,7828.json,NotBuggy
3,0.8353855013847351,1,0,133.59722900390625,21371.json,NotBuggy
9,0.0,2,13,102.20357513427734,10242.json,NotBuggy
3,0.7241960167884827,1,0,133.59722900390625,9825.json,NotBuggy
3,0.749021053314209,1,0,131.9385528564453,5569.json,NotBuggy
6,0.4581831395626068,1,4,116.4460220336914,21494.json,NotBuggy
3,0.7044273614883423,1,0,131.9385528564453,6396.json,NotBuggy
3,0.8767094016075134,1,0,133.59722900390625,21173.json,NotBuggy
3,0.8182804584503174,1,1,131.60296630859375,17155.json,NotBuggy
3,0.9381090402603149,1,0,133.59722900390625,22144.json,NotBuggy
4,0.44361746311187744,1,0,125.64796447753906,12095.json,NotBuggy
4,0.47135987877845764,1,0,124.91740417480469,2692.json,NotBuggy
4,0.655497133731842,1,0,125.64796447753906,378.json,NotBuggy
11,0.04837151989340782,2,5,101.05911254882812,20191.json,NotBuggy
3,0.9487956762313843,1,0,128.91311645507812,3971.json,NotBuggy
3,0.9621713757514954,1,0,133.59722900390625,22043.json,NotBuggy
6,0.16410435736179352,2,1,114.1120834350586,6078.json,NotBuggy
3,0.008878903463482857,2,6,124.845458984375,7152.json,NotBuggy
3,0.8586137294769287,1,0,134.26058959960938,14972.json,NotBuggy
3,0.9346750378608704,1,0,133.59722900390625,12276.json,NotBuggy
9,0.009059119038283825,3,6,105.29252624511719,17574.json,NotBuggy
5,0.03241420164704323,1,2,117.59646606445312,2293.json,NotBuggy
3,0.4228590428829193,1,0,131.43582153320312,453.json,NotBuggy
3,0.925599992275238,1,0,133.59722900390625,13166.json,NotBuggy
3,0.7972366809844971,1,0,133.59722900390625,21898.json,NotBuggy
3,0.9341646432876587,1,0,128.436279296875,1185.json,NotBuggy
4,0.5121709704399109,1,0,125.64796447753906,21684.json,NotBuggy
3,0.2859858274459839,1,3,128.60531616210938,11737.json,NotBuggy
4,0.8756185173988342,1,0,125.5254898071289,17916.json,NotBuggy
3,0.9621713757514954,1,0,133.59722900390625,15584.json,NotBuggy
4,0.6413531303405762,1,0,125.27178192138672,21256.json,NotBuggy
3,0.6377588510513306,1,0,131.9385528564453,23194.json,NotBuggy
8,0.5460784435272217,2,4,110.75399017333984,2701.json,NotBuggy
3,0.5863845944404602,1,0,134.26058959960938,2009.json,NotBuggy
5,3.620488569140434E-4,1,5,117.12834930419922,20860.json,NotBuggy
5,0.024267559871077538,1,4,116.85455322265625,13612.json,NotBuggy
3,0.029354941099882126,1,2,126.78704833984375,12108.json,NotBuggy
4,0.4180580973625183,1,0,125.64796447753906,23031.json,NotBuggy
3,0.8703395128250122,1,0,133.59722900390625,13164.json,NotBuggy
6,0.04640614613890648,1,4,114.91886901855469,5275.json,NotBuggy
6,0.06481922417879105,1,7,113.78408813476562,15684.json,NotBuggy
3,0.7842999696731567,1,0,133.59722900390625,902.json,NotBuggy
6,0.9555714130401611,2,0,116.5784912109375,16008.json,NotBuggy
3,0.8853198885917664,1,0,133.59722900390625,11573.json,NotBuggy
3,0.8763893246650696,1,0,131.9385528564453,15602.json,NotBuggy
3,0.1828606277704239,1,1,129.7158966064453,20859.json,NotBuggy
3,0.6138993501663208,1,1,130.621337890625,15901.json,NotBuggy
4,0.05111536383628845,1,6,121.0166244506836,16842.json,NotBuggy
4,0.05262421444058418,1,4,122.68119049072266,5048.json,NotBuggy
3,0.3943583071231842,1,2,129.93223571777344,14150.json,NotBuggy
8,0.4024142324924469,2,5,108.87444305419922,6555.json,NotBuggy
32,0.0,6,46,74.06642150878906,12917.json,NotBuggy
3,0.8537255525588989,1,0,133.59722900390625,8442.json,NotBuggy
3,0.5611699819564819,1,1,131.43582153320312,13968.json,NotBuggy
3,0.09801337867975235,1,1,128.4090576171875,17298.json,NotBuggy
3,0.8152434825897217,1,0,133.59722900390625,9689.json,NotBuggy
5,0.234222412109375,1,1,120.0484390258789,14878.json,NotBuggy
3,0.6434412598609924,1,1,132.086669921875,5337.json,NotBuggy
5,1.0767964704427868E-4,2,5,115.59941864013672,792.json,NotBuggy
3,0.02945134975016117,1,1,128.31268310546875,17002.json,NotBuggy
24,0.002951359376311302,11,0,84.48507690429688,20504.json,NotBuggy
3,0.8385810852050781,1,0,131.9385528564453,22939.json,NotBuggy
3,0.5520541667938232,1,1,132.25152587890625,19932.json,NotBuggy
12,0.0,1,17,98.30360412597656,22986.json,NotBuggy
3,0.8458295464515686,1,0,133.59722900390625,13490.json,NotBuggy
3,0.8320537805557251,1,0,131.9385528564453,14494.json,NotBuggy
2,0.9955565333366394,1,0,142.4026641845703,22168.json,NotBuggy
7,0.014566902071237564,2,6,109.3565902709961,15133.json,NotBuggy
3,0.7811756134033203,1,0,133.59722900390625,12010.json,NotBuggy
3,0.9177297353744507,1,1,131.60296630859375,16625.json,Buggy
4,0.8756185173988342,1,0,125.5254898071289,17847.json,NotBuggy
3,0.1831129789352417,1,2,128.3351287841797,10240.json,NotBuggy
8,0.5803011655807495,2,2,110.9759521484375,18864.json,NotBuggy
6,0.918825089931488,1,0,117.0948257446289,13817.json,NotBuggy
3,0.3738834857940674,1,0,133.59722900390625,9773.json,NotBuggy
4,0.5769084692001343,1,1,124.81353759765625,17158.json,NotBuggy
3,0.002285886090248823,1,2,126.7169418334961,4328.json,NotBuggy
7,0.5742260813713074,2,0,112.25464630126953,21586.json,NotBuggy
8,0.01305164024233818,2,3,109.13993835449219,10555.json,NotBuggy
3,0.39948776364326477,1,1,130.07347106933594,8027.json,NotBuggy
4,0.397611141204834,1,1,124.361083984375,6191.json,NotBuggy
13,0.019452126696705818,2,4,97.34317016601562,1092.json,Buggy
3,0.7936847805976868,1,0,133.59722900390625,7034.json,NotBuggy
3,0.16704623401165009,1,2,128.0600128173828,14116.json,NotBuggy
6,0.11201164871454239,1,3,116.4616928100586,9718.json,NotBuggy
3,7.736138068139553E-4,1,4,125.3065414428711,13153.json,NotBuggy
7,0.002964695682749152,1,9,110.85592651367188,3421.json,NotBuggy
10,0.002947912085801363,3,9,101.71975708007812,15141.json,NotBuggy
3,0.18089978396892548,1,0,132.4454345703125,13753.json,NotBuggy
3,0.8045364618301392,1,1,130.07347106933594,14153.json,NotBuggy
4,0.6919645667076111,1,0,125.64796447753906,21008.json,NotBuggy
4,0.37015029788017273,1,0,126.19583892822266,16869.json,NotBuggy
3,0.8599251508712769,1,0,130.99049377441406,12202.json,Buggy
3,0.9381090402603149,1,0,133.59722900390625,20897.json,NotBuggy
3,0.8853198885917664,1,0,133.59722900390625,11594.json,NotBuggy
10,3.233057796023786E-4,2,12,101.25663757324219,2417.json,NotBuggy
4,0.4683123528957367,1,0,125.27178192138672,4597.json,NotBuggy
4,0.7151249647140503,1,0,125.27178192138672,22062.json,NotBuggy
3,0.5459745526313782,1,0,131.91592407226562,2547.json,NotBuggy
4,0.5490197539329529,1,0,125.27178192138672,13130.json,NotBuggy
6,0.9307868480682373,1,0,117.0948257446289,13034.json,NotBuggy
3,0.5168164968490601,1,1,129.7158966064453,17933.json,NotBuggy
3,0.0640236884355545,1,3,127.43789672851562,12109.json,NotBuggy
6,0.35674265027046204,2,2,114.96073150634766,19675.json,NotBuggy
4,0.7119176983833313,1,2,126.94023132324219,10083.json,NotBuggy
6,0.24113893508911133,2,3,113.96991729736328,15096.json,NotBuggy
8,0.5191271901130676,2,2,107.57398223876953,19539.json,NotBuggy
3,0.8182704448699951,1,0,133.59722900390625,5642.json,NotBuggy
6,0.028593478724360466,2,3,113.73401641845703,16289.json,NotBuggy
27,0.0,8,22,78.90076446533203,15009.json,NotBuggy
4,0.7119079828262329,1,0,125.27178192138672,4062.json,NotBuggy
4,0.6316621899604797,1,0,125.64796447753906,23083.json,NotBuggy
3,0.9381090402603149,1,0,133.59722900390625,17580.json,NotBuggy
3,0.8744332790374756,1,0,133.59722900390625,3761.json,NotBuggy
9,0.19836002588272095,1,9,104.42655944824219,17355.json,NotBuggy
3,0.9006157517433167,1,0,132.4454345703125,725.json,NotBuggy
4,0.1815491020679474,1,3,122.3560791015625,4260.json,NotBuggy
4,0.6532393097877502,1,0,125.64796447753906,9676.json,NotBuggy
13,0.008935841731727123,2,16,95.80219268798828,2494.json,NotBuggy
4,0.6292893290519714,1,0,125.64796447753906,21000.json,NotBuggy
9,0.0017682292964309454,1,12,105.05310821533203,14658.json,NotBuggy
6,0.27410680055618286,1,4,115.71116638183594,10012.json,NotBuggy
3,0.004080967977643013,2,2,125.5271987915039,12081.json,NotBuggy
3,0.9381090402603149,1,0,133.59722900390625,14242.json,NotBuggy
13,0.00512049812823534,2,12,96.39066314697266,16651.json,NotBuggy
3,0.7856351137161255,1,0,132.9956512451172,8288.json,NotBuggy
4,0.4075676202774048,1,0,124.58238983154297,3273.json,NotBuggy
3,0.7614342570304871,2,1,127.56665802001953,21197.json,NotBuggy
3,0.8767457604408264,1,0,130.57513427734375,697.json,NotBuggy
7,0.018078874796628952,1,4,111.46076965332031,20809.json,NotBuggy
6,0.004637699108570814,2,4,111.93994140625,11996.json,NotBuggy
3,0.5863170623779297,1,0,131.91592407226562,13134.json,NotBuggy
5,0.17318329215049744,1,1,119.31562042236328,8020.json,NotBuggy
7,0.13343094289302826,1,6,112.0172119140625,20997.json,NotBuggy
12,0.021368784829974174,3,8,98.13003540039062,16741.json,NotBuggy
3,0.020457113161683083,1,2,128.60531616210938,3726.json,NotBuggy
8,0.2924056649208069,3,5,107.13993072509766,14757.json,NotBuggy
3,0.2732764780521393,1,0,133.59722900390625,5987.json,NotBuggy
4,0.7151249647140503,1,0,125.27178192138672,22440.json,NotBuggy
3,0.31128039956092834,1,1,130.18594360351562,20858.json,NotBuggy
4,0.6067095398902893,1,0,125.64796447753906,22846.json,NotBuggy
3,0.8939377069473267,1,1,133.18099975585938,1003.json,NotBuggy
3,0.8218857049942017,1,0,133.59722900390625,5105.json,NotBuggy
4,0.7119079828262329,1,0,125.27178192138672,21982.json,NotBuggy
3,0.9486316442489624,1,0,133.59722900390625,13485.json,NotBuggy
4,0.8117212057113647,1,1,125.15930938720703,15949.json,NotBuggy
8,0.003302532248198986,1,11,105.60296630859375,17185.json,NotBuggy
11,0.03185431286692619,2,6,100.41276550292969,20100.json,NotBuggy
3,0.7635490894317627,1,1,132.086669921875,19305.json,NotBuggy
12,0.012853877618908882,2,8,100.89888000488281,4608.json,NotBuggy
3,0.009362190030515194,1,1,127.17654418945312,9913.json,NotBuggy
7,0.09115516394376755,1,4,110.3785629272461,8307.json,NotBuggy
3,0.4127253592014313,1,1,129.87322998046875,6201.json,NotBuggy
7,0.19188494980335236,1,9,109.5006332397461,17042.json,NotBuggy
3,0.7865340113639832,1,0,133.59722900390625,23394.json,NotBuggy
4,0.5121709704399109,1,0,125.64796447753906,21694.json,NotBuggy
24,0.0,1,52,81.4434814453125,16354.json,NotBuggy
3,0.6839441061019897,1,0,131.91592407226562,6436.json,NotBuggy
3,0.7856351137161255,1,0,132.9956512451172,6301.json,NotBuggy
3,0.03710184246301651,1,1,131.43582153320312,9374.json,NotBuggy
3,0.9978632926940918,1,0,126.58445739746094,1023.json,NotBuggy
3,0.6219965815544128,1,1,130.85629272460938,18488.json,NotBuggy
3,4.151729808654636E-4,1,4,125.62554168701172,13785.json,NotBuggy
3,0.3129391074180603,1,3,130.05470275878906,9224.json,NotBuggy
27,0.0,7,37,78.03303527832031,8686.json,NotBuggy
6,0.8757913112640381,2,1,117.45413208007812,1834.json,NotBuggy
3,0.02152254246175289,1,0,128.0337677001953,16295.json,NotBuggy
12,0.0033819014206528664,3,7,97.25064849853516,3535.json,NotBuggy
5,0.020406411960721016,1,5,118.3675537109375,17485.json,NotBuggy
16,0.16656750440597534,2,14,91.88018798828125,20.json,NotBuggy
4,0.7845388054847717,1,0,125.64796447753906,21299.json,NotBuggy
4,0.253846675157547,1,2,124.92120361328125,3429.json,NotBuggy
5,0.02784799411892891,2,0,115.21392822265625,640.json,NotBuggy
29,0.0,1,82,76.39752197265625,7745.json,NotBuggy
4,0.5000285506248474,1,0,125.64796447753906,1593.json,NotBuggy
6,0.22257071733474731,2,4,114.6888656616211,15540.json,NotBuggy
3,0.8825021386146545,1,0,131.9385528564453,16822.json,NotBuggy
4,0.5621181726455688,1,0,125.27178192138672,11983.json,NotBuggy
12,0.0066963317804038525,2,9,98.57904052734375,2965.json,NotBuggy
3,0.8965196013450623,1,0,133.59722900390625,12358.json,NotBuggy
3,0.7332199811935425,1,0,131.28770446777344,11020.json,NotBuggy
5,0.009713116101920605,1,6,115.35202026367188,3838.json,NotBuggy
3,0.8152434825897217,1,0,133.59722900390625,10215.json,NotBuggy
3,0.47041940689086914,1,1,130.34019470214844,16474.json,NotBuggy
3,0.07180792838335037,1,1,129.2428436279297,14719.json,NotBuggy
6,0.07179150730371475,1,1,114.7745132446289,9188.json,NotBuggy
4,0.7049497365951538,1,0,125.27178192138672,3990.json,NotBuggy
8,0.0073969983495771885,3,5,107.92971801757812,17599.json,NotBuggy
4,0.6072095036506653,1,1,125.5254898071289,17513.json,NotBuggy
12,0.02957676537334919,4,5,98.93562316894531,14035.json,NotBuggy
14,0.010975408367812634,5,1,97.0692367553711,14486.json,NotBuggy
3,0.2513243556022644,1,0,133.59722900390625,17891.json,NotBuggy
3,0.8529782295227051,1,2,130.57513427734375,1368.json,NotBuggy
4,0.4859175980091095,1,0,125.64796447753906,23001.json,NotBuggy
3,0.9321475625038147,2,0,128.48287963867188,18966.json,NotBuggy
7,0.01515461690723896,1,7,111.13117218017578,21499.json,NotBuggy
3,0.8273010849952698,1,0,133.59722900390625,3066.json,NotBuggy
4,0.771354079246521,1,0,125.5254898071289,10474.json,NotBuggy
3,0.9452358484268188,1,0,132.9956512451172,20404.json,NotBuggy
13,0.027997532859444618,5,11,96.47747802734375,9253.json,NotBuggy
4,0.4694291651248932,1,0,125.27178192138672,11987.json,NotBuggy
4,0.4859175980091095,1,0,125.64796447753906,22916.json,NotBuggy
3,0.1291435807943344,1,2,129.2428436279297,3592.json,NotBuggy
11,0.0017550258198753,3,9,100.26251220703125,2559.json,NotBuggy
4,0.7759686708450317,1,0,125.15930938720703,12080.json,NotBuggy
3,0.9558944702148438,1,0,133.59722900390625,21203.json,NotBuggy
13,0.4098326861858368,4,4,98.4986572265625,17067.json,NotBuggy
6,0.004149588756263256,1,4,112.7406005859375,18234.json,NotBuggy
16,0.5094545483589172,1,0,94.01953887939453,10751.json,NotBuggy
3,0.7693724036216736,1,0,133.59722900390625,22763.json,NotBuggy
5,0.10673192143440247,1,7,115.35023498535156,14046.json,NotBuggy
3,0.8537255525588989,1,0,133.59722900390625,21243.json,NotBuggy
7,0.0015352159971371293,2,5,109.18608093261719,13075.json,NotBuggy
3,0.8937569856643677,1,0,133.59722900390625,19775.json,NotBuggy
4,0.4586445391178131,1,1,124.48601531982422,17170.json,NotBuggy
8,0.5716174244880676,3,1,110.36112976074219,19827.json,Buggy
7,0.009917961433529854,2,8,108.34161376953125,14830.json,NotBuggy
23,0.010034940205514431,3,23,84.46297454833984,9254.json,NotBuggy
4,0.057334184646606445,1,1,123.28931427001953,964.json,NotBuggy
3,0.7391932606697083,1,0,133.59722900390625,18802.json,NotBuggy
4,0.5294672846794128,1,0,125.27178192138672,9660.json,NotBuggy
3,0.0015262707602232695,1,3,125.55176544189453,13068.json,NotBuggy
3,0.7916098833084106,1,1,129.81976318359375,18449.json,NotBuggy
6,0.010951835662126541,1,8,111.5744400024414,3850.json,NotBuggy
4,0.7119176983833313,1,2,126.94023132324219,11639.json,NotBuggy
8,0.29262444376945496,2,3,108.78446960449219,18981.json,NotBuggy
3,0.771950900554657,1,0,131.43582153320312,15032.json,NotBuggy
3,0.9457477331161499,1,0,133.59722900390625,13572.json,NotBuggy
4,0.008149170316755772,1,2,123.46312713623047,7001.json,NotBuggy
3,0.8342829942703247,1,1,131.1535186767578,13231.json,NotBuggy
3,0.5943382978439331,1,0,133.59722900390625,3457.json,NotBuggy
6,0.056654006242752075,2,3,114.34648895263672,1809.json,NotBuggy
4,0.5151346921920776,1,0,125.64796447753906,21549.json,NotBuggy
6,0.27687302231788635,2,1,115.79641723632812,14062.json,NotBuggy
4,0.4859175980091095,1,0,125.64796447753906,22860.json,NotBuggy
8,0.056393325328826904,1,9,107.1626968383789,5090.json,NotBuggy
3,1.0778464638860896E-4,1,2,125.94194793701172,2406.json,NotBuggy
10,0.13129273056983948,3,1,103.13654327392578,19023.json,NotBuggy
9,0.061523403972387314,3,6,104.1151351928711,15830.json,NotBuggy
3,0.8055769205093384,1,0,133.59722900390625,12995.json,NotBuggy
3,0.8320537805557251,1,0,131.9385528564453,2970.json,NotBuggy
4,0.621963620185852,1,0,125.27178192138672,2719.json,NotBuggy
9,0.001291646738536656,2,9,103.10150909423828,18397.json,NotBuggy
3,0.9121384620666504,1,0,133.59722900390625,9203.json,NotBuggy
4,0.7499582767486572,1,0,125.64796447753906,11329.json,NotBuggy
3,0.11649832874536514,1,1,129.37762451171875,1773.json,NotBuggy
7,0.07777774333953857,2,3,112.01042175292969,8763.json,NotBuggy
12,0.004335224628448486,4,11,96.82693481445312,3796.json,NotBuggy
7,0.04855687916278839,2,3,110.5595474243164,3789.json,NotBuggy
13,0.3315145671367645,5,3,98.5479736328125,1816.json,NotBuggy
2,0.9977049231529236,1,0,142.4026641845703,3584.json,NotBuggy
15,4.066193650942296E-4,6,17,89.75616455078125,4025.json,NotBuggy
4,0.7256754636764526,1,0,125.27178192138672,3012.json,NotBuggy
3,0.9346750378608704,1,0,133.59722900390625,15179.json,NotBuggy
4,0.26359304785728455,1,2,123.75868225097656,16357.json,NotBuggy
8,0.020494423806667328,1,8,108.42887878417969,23588.json,NotBuggy
3,0.9034404754638672,1,0,133.59722900390625,6939.json,NotBuggy
3,0.7650245428085327,1,0,132.9956512451172,493.json,NotBuggy
3,0.06526694446802139,1,2,128.1388702392578,15240.json,NotBuggy
4,0.6682050824165344,1,0,125.27178192138672,10485.json,NotBuggy
7,0.605339765548706,2,4,111.84925079345703,344.json,NotBuggy
3,0.9457477331161499,1,0,133.59722900390625,475.json,NotBuggy
3,0.22929494082927704,1,0,127.8611831665039,20641.json,NotBuggy
3,0.8620299696922302,1,1,131.60296630859375,10616.json,NotBuggy
4,0.6305370926856995,1,0,125.27178192138672,13064.json,NotBuggy
3,0.793876588344574,1,1,132.79563903808594,15085.json,NotBuggy
5,0.8986861109733582,1,7,118.3609390258789,9012.json,Buggy
4,0.7321991324424744,1,0,125.27178192138672,6742.json,NotBuggy
4,0.4104174077510834,1,0,125.27178192138672,4552.json,NotBuggy
3,0.8389381766319275,1,0,133.59722900390625,4715.json,NotBuggy
3,0.29181283712387085,1,0,131.91592407226562,3630.json,NotBuggy
3,0.9340493083000183,1,0,133.59722900390625,17899.json,NotBuggy
3,0.9294750690460205,1,0,133.59722900390625,973.json,NotBuggy
7,0.9089227914810181,1,0,113.63934326171875,192.json,NotBuggy
20,7.941483636386693E-4,1,27,85.74736022949219,3311.json,NotBuggy
3,0.7449954748153687,1,1,132.61029052734375,5408.json,NotBuggy
5,0.12257669121026993,1,2,119.41529846191406,7977.json,NotBuggy
3,0.8199214339256287,1,0,133.59722900390625,935.json,NotBuggy
3,0.6927337646484375,1,0,131.9385528564453,19523.json,NotBuggy
3,0.1281571239233017,1,2,129.57785034179688,4981.json,NotBuggy
3,0.11130251735448837,1,3,127.43789672851562,12488.json,NotBuggy
6,0.4705792963504791,1,4,116.4460220336914,23363.json,NotBuggy
5,0.4310374855995178,1,2,119.15383911132812,10106.json,NotBuggy
3,0.3058493137359619,1,2,129.69032287597656,11173.json,NotBuggy
3,0.8793336153030396,1,0,133.59722900390625,18340.json,NotBuggy
4,0.7119079828262329,1,0,125.27178192138672,23351.json,NotBuggy
10,0.027345221489667892,1,6,103.38448333740234,14407.json,NotBuggy
5,0.3433153033256531,1,4,118.3675537109375,16820.json,NotBuggy
4,0.4633312225341797,1,0,124.58238983154297,4442.json,NotBuggy
4,0.2060990333557129,1,0,125.64796447753906,7812.json,NotBuggy
12,0.00954010896384716,3,11,98.53768157958984,8318.json,Buggy
3,0.8888755440711975,1,2,131.75106811523438,1335.json,NotBuggy
5,0.10873299092054367,1,1,119.75839233398438,16914.json,NotBuggy
15,0.0,1,22,92.6639175415039,4793.json,NotBuggy
3,0.6099089980125427,1,0,133.59722900390625,11250.json,NotBuggy
7,0.19345484673976898,2,2,111.47318267822266,1801.json,NotBuggy
3,0.8317133784294128,1,1,131.75106811523438,1575.json,NotBuggy
9,0.013614569790661335,1,4,105.73605346679688,12924.json,NotBuggy
3,0.9346750378608704,1,0,133.59722900390625,21977.json,NotBuggy
4,0.7151249647140503,1,0,125.27178192138672,23484.json,NotBuggy
3,0.4823315143585205,1,1,132.25152587890625,744.json,NotBuggy
12,0.013463079929351807,1,13,98.62367248535156,9316.json,NotBuggy
4,0.4859175980091095,1,0,125.64796447753906,4619.json,NotBuggy
4,0.6067095398902893,1,0,125.64796447753906,23239.json,NotBuggy
3,0.8028837442398071,1,0,133.59722900390625,22481.json,NotBuggy
4,0.8528525829315186,1,0,125.15930938720703,17954.json,NotBuggy
3,0.029565781354904175,1,2,128.8092498779297,3147.json,NotBuggy
2,0.9816722273826599,1,0,140.82913208007812,13708.json,NotBuggy
3,0.9109471440315247,1,0,133.59722900390625,17074.json,NotBuggy
3,0.8703395128250122,1,0,133.59722900390625,17058.json,NotBuggy
3,0.9340493083000183,1,0,133.59722900390625,17915.json,NotBuggy
4,0.6079862713813782,1,0,125.64796447753906,9700.json,NotBuggy
13,0.03182436153292656,4,5,97.1588134765625,2178.json,Buggy
5,0.2928580939769745,1,4,118.07197570800781,7988.json,NotBuggy
3,0.12295068800449371,1,3,128.50894165039062,21485.json,NotBuggy
3,0.0069445460103452206,1,1,128.0600128173828,15855.json,NotBuggy
3,0.8152434825897217,1,0,133.59722900390625,21225.json,NotBuggy
3,0.08812747150659561,1,1,129.2428436279297,20096.json,NotBuggy
3,0.5018142461776733,1,0,131.03103637695312,8225.json,NotBuggy
9,0.32282373309135437,2,5,106.3506851196289,4806.json,NotBuggy
3,0.9457477331161499,1,0,133.59722900390625,9837.json,NotBuggy
12,0.024853235110640526,1,13,98.71239471435547,4330.json,NotBuggy
12,0.053038500249385834,3,9,98.3725357055664,3375.json,NotBuggy
3,0.2637098729610443,1,2,128.712890625,1749.json,NotBuggy
3,0.4434095323085785,1,1,130.7338104248047,2081.json,NotBuggy
7,0.0016669798642396927,1,7,109.29884338378906,2366.json,NotBuggy
6,0.6903279423713684,1,3,114.9500732421875,2685.json,NotBuggy
4,0.39157676696777344,1,0,124.58238983154297,23550.json,NotBuggy
3,0.49031469225883484,1,1,130.45266723632812,17835.json,NotBuggy
3,0.3430855870246887,1,1,130.7338104248047,19646.json,NotBuggy
6,0.5683291554450989,1,4,116.62230682373047,21068.json,NotBuggy
3,0.4528369903564453,1,2,130.99049377441406,16408.json,NotBuggy
4,0.7119079828262329,1,0,125.27178192138672,23147.json,NotBuggy
4,0.16637946665287018,1,3,122.4349365234375,5432.json,NotBuggy
2,0.9801563024520874,1,0,138.03729248046875,3357.json,NotBuggy
6,0.4201067388057709,2,2,116.30582427978516,698.json,NotBuggy
3,0.7410741448402405,1,1,132.79563903808594,17356.json,NotBuggy
11,0.0,1,25,98.21495056152344,7770.json,NotBuggy
9,0.0018895443063229322,1,7,107.5124282836914,14681.json,NotBuggy
3,0.7212031483650208,1,1,132.25152587890625,14008.json,NotBuggy
3,0.4298362731933594,1,0,133.59722900390625,1215.json,NotBuggy
3,0.8537255525588989,1,0,133.59722900390625,21819.json,NotBuggy
9,0.0071560973301529884,3,4,105.20513153076172,5616.json,NotBuggy
3,0.031229684129357338,1,2,128.712890625,8189.json,NotBuggy
4,0.7119079828262329,1,0,125.27178192138672,2452.json,NotBuggy
3,0.6956033110618591,1,1,130.85629272460938,16845.json,NotBuggy
3,0.9261336326599121,1,1,133.18099975585938,17511.json,NotBuggy
7,0.9062879681587219,2,3,112.18234252929688,62.json,NotBuggy
3,0.6925931572914124,1,0,132.4454345703125,1698.json,NotBuggy
3,0.1440940648317337,1,2,128.53907775878906,15142.json,NotBuggy
3,0.24716877937316895,1,2,129.69032287597656,13148.json,NotBuggy
3,0.7212031483650208,1,1,132.25152587890625,14332.json,NotBuggy
7,0.09545925259590149,1,5,111.88787078857422,2564.json,NotBuggy
3,0.9169319272041321,1,0,133.59722900390625,12795.json,NotBuggy
7,8.463243721053004E-4,1,9,108.3114013671875,2904.json,NotBuggy
4,0.625913679599762,1,0,125.64796447753906,21654.json,NotBuggy
3,0.9381090402603149,1,0,133.59722900390625,11475.json,NotBuggy
3,0.6569971442222595,1,2,130.70933532714844,12838.json,NotBuggy
4,0.885078489780426,1,0,125.5254898071289,19586.json,NotBuggy
3,0.008871099911630154,1,4,126.63631439208984,10335.json,NotBuggy
3,0.01569509133696556,1,3,128.0337677001953,6966.json,NotBuggy
3,0.3671717047691345,1,1,130.07347106933594,13511.json,NotBuggy
3,0.009479437954723835,1,4,127.25540161132812,3223.json,NotBuggy
24,0.031632110476493835,5,11,84.28883361816406,18818.json,NotBuggy
3,0.7281520962715149,1,0,131.9385528564453,19450.json,NotBuggy
8,0.01190885715186596,2,6,105.81417846679688,113.json,NotBuggy
3,0.06404446065425873,1,2,129.4591827392578,20153.json,NotBuggy
4,0.09307480603456497,1,2,122.88362884521484,2399.json,NotBuggy
4,0.7044928669929504,1,0,125.27178192138672,21724.json,NotBuggy
3,0.0014661891618743539,1,0,126.94014739990234,18937.json,NotBuggy
15,0.001053085783496499,3,8,93.99088287353516,14016.json,NotBuggy
3,0.7761279940605164,1,0,130.70933532714844,15159.json,NotBuggy
4,0.5906879305839539,1,0,125.64796447753906,10285.json,NotBuggy
3,0.8307284712791443,1,1,132.61029052734375,16029.json,NotBuggy
4,0.7818113565444946,1,0,125.64796447753906,23309.json,NotBuggy
8,1.3127067359164357E-4,1,9,105.69992065429688,6679.json,NotBuggy
3,0.9215471148490906,1,2,128.5587615966797,849.json,NotBuggy
3,0.7160787582397461,1,0,133.59722900390625,10473.json,NotBuggy
3,0.8763893246650696,1,0,131.9385528564453,4073.json,NotBuggy
23,0.0,1,34,83.30768585205078,5022.json,Buggy
3,0.8200512528419495,1,1,132.25152587890625,14624.json,NotBuggy
4,0.498634934425354,1,2,125.02987670898438,8025.json,NotBuggy
3,0.9294750690460205,1,0,133.59722900390625,23059.json,NotBuggy
3,0.898770809173584,1,0,133.59722900390625,9835.json,NotBuggy
3,0.7067180275917053,1,0,133.59722900390625,18399.json,NotBuggy
22,0.0,3,24,84.01210021972656,3221.json,NotBuggy
3,0.19206903874874115,1,2,129.2428436279297,18879.json,NotBuggy
3,0.4803237020969391,1,1,129.7158966064453,2882.json,NotBuggy
6,0.8059275150299072,2,2,117.56661224365234,11586.json,NotBuggy
3,0.6537206172943115,1,1,130.85629272460938,8401.json,NotBuggy
7,0.2201554924249649,2,4,110.72415924072266,11143.json,NotBuggy
8,0.49487781524658203,1,1,110.97186279296875,8432.json,NotBuggy
3,0.9381090402603149,1,0,133.59722900390625,14842.json,NotBuggy
9,0.033797089010477066,1,5,105.38337707519531,10259.json,NotBuggy
4,0.4859175980091095,1,0,125.64796447753906,3241.json,NotBuggy
3,0.06357663124799728,1,3,128.0337677001953,15539.json,Buggy
8,0.005172446835786104,1,7,108.48876953125,3681.json,NotBuggy
4,0.7282184362411499,2,2,123.05931091308594,8211.json,NotBuggy
32,0.0,5,11,76.98849487304688,16916.json,NotBuggy
3,0.12258996069431305,1,2,128.50894165039062,12141.json,NotBuggy
4,0.8158302307128906,1,0,125.5254898071289,19579.json,NotBuggy
3,0.9558944702148438,1,0,133.59722900390625,4069.json,NotBuggy
23,0.0,3,25,82.62065887451172,20420.json,NotBuggy
7,0.013547072187066078,1,5,110.91889953613281,6245.json,NotBuggy
3,0.6220113635063171,1,0,131.91592407226562,7927.json,NotBuggy
3,0.9294750690460205,1,0,133.59722900390625,3043.json,NotBuggy
4,0.27423012256622314,1,3,124.26470947265625,9229.json,NotBuggy
4,0.13238032162189484,1,1,124.1488037109375,6542.json,NotBuggy
5,0.008860267698764801,2,3,116.4532241821289,6869.json,NotBuggy
3,0.5562723278999329,1,1,130.7338104248047,20229.json,NotBuggy
7,0.16273126006126404,2,4,110.25054931640625,20728.json,NotBuggy
2,0.9960320591926575,1,0,140.82913208007812,826.json,NotBuggy
3,0.9496693015098572,1,0,132.9956512451172,17620.json,NotBuggy
3,0.6880970597267151,1,1,132.79563903808594,9371.json,NotBuggy
6,2.7550352388061583E-4,1,5,114.6451644897461,16284.json,NotBuggy
4,0.7119079828262329,1,0,125.27178192138672,21962.json,NotBuggy
19,0.03655203804373741,3,3,89.2635498046875,6311.json,NotBuggy
24,6.723530241288245E-4,5,16,82.81565856933594,3912.json,Buggy
12,0.29560747742652893,3,2,97.75361633300781,1669.json,NotBuggy
3,0.8152434825897217,1,0,133.59722900390625,22401.json,NotBuggy
2,0.9977049231529236,1,0,142.4026641845703,3649.json,NotBuggy
4,0.7417667508125305,1,0,125.27178192138672,21583.json,NotBuggy
3,0.9115438461303711,1,0,133.59722900390625,17821.json,NotBuggy
3,0.8910459876060486,1,0,133.59722900390625,22867.json,NotBuggy
3,0.9457477331161499,1,0,133.59722900390625,16014.json,NotBuggy
3,0.8233819603919983,1,0,132.4454345703125,13854.json,NotBuggy
11,5.268576205708086E-4,2,11,99.67897033691406,16086.json,NotBuggy
3,2.708877727854997E-4,1,1,126.00922393798828,13431.json,NotBuggy
9,0.11007966846227646,2,4,106.2907943725586,16079.json,NotBuggy
3,0.6477149128913879,1,2,129.2378692626953,6769.json,NotBuggy
8,0.009899555705487728,3,5,107.92971801757812,17600.json,NotBuggy
3,0.03824325650930405,1,1,128.8092498779297,19749.json,NotBuggy
3,0.8814632296562195,1,0,133.59722900390625,9746.json,NotBuggy
3,0.10881473124027252,1,1,129.2428436279297,15044.json,NotBuggy
10,0.7399426102638245,1,0,105.22639465332031,13773.json,NotBuggy
3,0.9413626194000244,1,0,133.59722900390625,7905.json,NotBuggy
6,0.7361848950386047,2,1,117.14632415771484,18112.json,NotBuggy
6,0.13951130211353302,1,4,116.2755126953125,3422.json,NotBuggy
3,0.5541824102401733,1,0,131.91592407226562,16024.json,NotBuggy
3,0.2906028926372528,1,2,128.41912841796875,11463.json,NotBuggy
9,0.7218601107597351,2,1,107.30195617675781,1005.json,NotBuggy
6,0.15788258612155914,2,4,114.10689544677734,8302.json,NotBuggy
3,0.8688945174217224,1,0,131.1535186767578,9338.json,NotBuggy
13,0.06867814064025879,3,6,97.35054779052734,20118.json,NotBuggy
6,0.3236786127090454,1,7,113.448486328125,16205.json,NotBuggy
4,0.6001535058021545,1,0,125.64796447753906,13113.json,NotBuggy
7,0.1201171725988388,2,3,110.99961853027344,5709.json,NotBuggy
3,0.7906191945075989,1,0,133.59722900390625,10099.json,NotBuggy
3,0.3018370568752289,1,0,131.1535186767578,18641.json,NotBuggy
5,0.24903394281864166,1,0,119.2291259765625,18005.json,NotBuggy
4,0.857139527797699,1,0,125.5254898071289,9598.json,NotBuggy
3,0.7582615613937378,1,0,132.9956512451172,4602.json,NotBuggy
5,0.010305257514119148,1,4,117.2763900756836,5271.json,NotBuggy
11,0.03777895122766495,1,10,101.58551788330078,14414.json,NotBuggy
14,0.3341999053955078,4,3,97.0703353881836,1027.json,NotBuggy
6,0.38496989011764526,1,5,114.44808959960938,17971.json,NotBuggy
7,0.5827844142913818,1,1,113.70298767089844,1855.json,NotBuggy
3,0.00833033211529255,1,1,129.93223571777344,15651.json,Buggy
16,0.019019948318600655,4,12,92.77172088623047,20486.json,NotBuggy
7,0.10985882580280304,2,2,111.72721862792969,19354.json,NotBuggy
25,0.0,10,28,79.53936004638672,19321.json,NotBuggy
3,0.951210081577301,1,1,133.80813598632812,5612.json,NotBuggy
4,0.47058629989624023,1,1,124.48601531982422,16363.json,NotBuggy
5,0.9231664538383484,1,0,121.77933502197266,14917.json,NotBuggy
3,0.001523889834061265,1,1,128.4090576171875,6491.json,NotBuggy
7,0.010010620579123497,2,10,109.27063751220703,23112.json,NotBuggy
4,0.4859175980091095,1,0,125.64796447753906,23315.json,NotBuggy
3,0.8090729117393494,1,0,133.59722900390625,6038.json,NotBuggy
6,0.1941167712211609,2,1,117.45413208007812,11001.json,NotBuggy
7,0.0063958726823329926,1,3,112.62112426757812,4162.json,NotBuggy
3,0.9346750378608704,1,0,133.59722900390625,16504.json,NotBuggy
3,0.7972366809844971,1,0,133.59722900390625,21657.json,NotBuggy
4,0.10360061377286911,1,2,124.04872131347656,10066.json,NotBuggy
4,0.8457699418067932,1,0,125.5254898071289,14775.json,NotBuggy
3,0.12055698037147522,1,1,130.07347106933594,191.json,NotBuggy
3,0.3311557471752167,1,2,129.34671020507812,11200.json,NotBuggy
3,0.357390433549881,1,1,128.91311645507812,16259.json,NotBuggy
3,0.917816698551178,1,0,131.60296630859375,12314.json,NotBuggy
4,0.5154233574867249,1,0,125.64796447753906,21303.json,NotBuggy
3,0.8353855013847351,1,0,133.59722900390625,20895.json,NotBuggy
3,0.8152434825897217,1,0,133.59722900390625,21831.json,NotBuggy
3,0.5335347652435303,1,1,129.37762451171875,20159.json,NotBuggy
3,0.6790639758110046,1,1,130.85629272460938,13215.json,NotBuggy
12,0.0,1,16,98.78671264648438,21839.json,NotBuggy
15,0.001053085783496499,3,8,93.99088287353516,14007.json,NotBuggy
8,0.13088013231754303,2,5,108.13622283935547,8276.json,NotBuggy
11,0.009809451177716255,1,10,102.2762222290039,4000.json,NotBuggy
3,0.9457477331161499,1,0,133.59722900390625,23046.json,NotBuggy
5,0.19471754133701324,1,3,120.03731536865234,7312.json,NotBuggy
10,0.9618722200393677,3,1,105.77908325195312,18969.json,NotBuggy
3,0.9486316442489624,1,0,133.59722900390625,23497.json,NotBuggy
7,0.0,1,13,107.32177734375,3667.json,NotBuggy
6,0.13741956651210785,1,5,116.11265563964844,14602.json,NotBuggy
3,0.06919627636671066,1,2,128.8092498779297,4814.json,NotBuggy
9,0.00387729424983263,1,6,103.929443359375,20251.json,NotBuggy
3,0.7860099077224731,1,0,133.59722900390625,1587.json,NotBuggy
4,0.4837489426136017,1,0,125.64796447753906,12287.json,NotBuggy
3,0.005183517001569271,1,3,125.93712615966797,12670.json,NotBuggy
3,0.8446506261825562,1,0,133.59722900390625,17881.json,NotBuggy
3,0.7811756134033203,1,0,133.59722900390625,20060.json,NotBuggy
14,0.010117465630173683,3,12,94.08793640136719,53.json,NotBuggy
7,0.6077367067337036,1,5,112.28997039794922,3259.json,NotBuggy
3,0.009636584669351578,1,1,128.31268310546875,14935.json,NotBuggy
3,0.546362578868866,1,1,131.75106811523438,5926.json,NotBuggy
4,0.07423649728298187,1,2,123.19084167480469,19712.json,NotBuggy
3,0.8607810735702515,1,0,133.59722900390625,22085.json,NotBuggy
3,0.988135814666748,1,0,129.58164978027344,17063.json,NotBuggy
19,0.0,5,19,87.24586486816406,4397.json,NotBuggy
4,0.4622156023979187,1,0,124.58238983154297,5056.json,NotBuggy
14,0.12686589360237122,1,7,96.90312957763672,15674.json,NotBuggy
3,0.4247257709503174,1,0,133.59722900390625,23396.json,NotBuggy
6,0.0032063100952655077,1,7,113.1817398071289,7218.json,NotBuggy
8,0.013887546956539154,1,10,108.84510040283203,3061.json,NotBuggy
3,0.10936960577964783,1,0,129.37762451171875,17177.json,NotBuggy
3,0.5247556567192078,1,0,130.07347106933594,16774.json,NotBuggy
3,0.6498051285743713,1,0,134.26058959960938,7912.json,NotBuggy
5,0.3352097272872925,1,3,120.3299331665039,4687.json,NotBuggy
30,0.0,7,25,76.30278778076172,13353.json,NotBuggy
3,0.8716084957122803,1,0,133.59722900390625,18238.json,NotBuggy
5,0.08331406861543655,2,1,118.91511535644531,20696.json,NotBuggy
7,0.5924589037895203,2,2,112.62823486328125,6549.json,NotBuggy
4,0.1991570144891739,1,1,123.75868225097656,14872.json,NotBuggy
3,0.0,1,2,127.42921447753906,10916.json,NotBuggy
3,0.3144623935222626,1,2,131.91592407226562,6791.json,NotBuggy
3,0.898770809173584,1,0,133.59722900390625,22927.json,NotBuggy
2,0.9919046759605408,1,0,140.82913208007812,13326.json,NotBuggy
4,0.1674303561449051,1,1,123.1068344116211,7825.json,NotBuggy
3,0.0214243121445179,1,1,128.41912841796875,947.json,NotBuggy
5,0.8694804310798645,1,0,121.18380737304688,8528.json,NotBuggy
3,0.6314696073532104,1,2,128.41912841796875,8833.json,NotBuggy
3,0.7333558797836304,1,1,130.85629272460938,17833.json,NotBuggy
5,0.782325029373169,1,3,119.84819793701172,18162.json,NotBuggy
3,0.9049431085586548,1,2,130.05470275878906,21488.json,NotBuggy
3,0.23422257602214813,1,2,128.712890625,5682.json,NotBuggy
3,0.7470524907112122,1,0,133.59722900390625,18463.json,NotBuggy
3,0.7285370230674744,1,1,132.25152587890625,513.json,NotBuggy
3,0.8152434825897217,1,0,133.59722900390625,22769.json,NotBuggy
3,0.8730796575546265,1,0,133.59722900390625,23012.json,NotBuggy
10,0.00671402458101511,3,6,102.82249450683594,14811.json,NotBuggy
7,0.05645294487476349,2,3,112.11737823486328,6587.json,NotBuggy
3,0.8787745833396912,1,0,133.59722900390625,1194.json,NotBuggy
12,0.012343528680503368,1,12,98.03742218017578,10000.json,NotBuggy
3,0.9320460557937622,1,0,132.9956512451172,14528.json,NotBuggy
6,0.0050272634252905846,1,7,112.93321228027344,6879.json,NotBuggy
3,0.014409205876290798,1,3,127.102294921875,3819.json,NotBuggy
3,0.18692919611930847,1,1,129.14646911621094,14309.json,NotBuggy
3,0.3880574405193329,1,1,129.81976318359375,19482.json,NotBuggy
7,0.7700280547142029,2,1,112.25464630126953,18855.json,NotBuggy
4,0.6254518628120422,1,0,125.27178192138672,4072.json,NotBuggy
6,0.01626013219356537,2,5,113.11192321777344,3876.json,NotBuggy
6,0.010725441388785839,1,4,113.01594543457031,7823.json,NotBuggy
26,4.001361085101962E-4,2,23,81.63638305664062,4009.json,NotBuggy
12,0.031836122274398804,1,8,101.18096923828125,4585.json,NotBuggy
3,0.8152434825897217,1,0,133.59722900390625,4670.json,NotBuggy
3,0.7281005382537842,1,0,131.9385528564453,8548.json,NotBuggy
3,0.8763893246650696,1,0,131.9385528564453,4077.json,NotBuggy
30,0.0,1,42,77.3609848022461,6256.json,NotBuggy
4,0.6802222728729248,1,1,125.39425659179688,5605.json,NotBuggy
3,0.8152434825897217,1,0,133.59722900390625,22503.json,NotBuggy
4,0.8343069553375244,1,2,125.64796447753906,17226.json,NotBuggy
3,0.7583550214767456,1,2,130.57513427734375,22165.json,NotBuggy
3,0.4503607749938965,1,1,131.1535186767578,17419.json,NotBuggy
10,0.6937161684036255,3,5,104.15770721435547,1312.json,NotBuggy
7,0.130634605884552,2,6,110.09941101074219,1729.json,NotBuggy
3,0.373496413230896,1,2,129.69032287597656,11779.json,NotBuggy
12,0.026745326817035675,3,8,98.35652923583984,16751.json,NotBuggy
6,0.026664189994335175,2,3,114.35456085205078,18459.json,NotBuggy
4,0.6040081977844238,1,0,125.27178192138672,22436.json,NotBuggy
14,0.00474235275760293,3,10,93.66336059570312,18092.json,NotBuggy
21,0.003363174619153142,6,13,86.7398910522461,7844.json,NotBuggy
3,0.9550052285194397,1,0,133.59722900390625,3212.json,NotBuggy
3,0.8763893246650696,1,0,131.9385528564453,22338.json,NotBuggy
4,0.6061921119689941,1,2,126.33003997802734,15165.json,NotBuggy
3,0.9810437560081482,1,0,132.9956512451172,13937.json,NotBuggy
3,0.7911167144775391,1,0,133.59722900390625,11986.json,NotBuggy
3,0.8152434825897217,1,0,133.59722900390625,21815.json,NotBuggy
3,0.9343262910842896,1,0,134.26058959960938,6614.json,NotBuggy
3,0.9294750690460205,1,0,133.59722900390625,3046.json,NotBuggy
6,0.34374451637268066,1,5,115.08172607421875,3413.json,NotBuggy
5,0.0010753973620012403,2,4,115.8033676147461,4097.json,NotBuggy
8,0.1447722613811493,2,4,107.78910827636719,9129.json,Buggy
4,0.22654065489768982,1,2,123.39956665039062,17103.json,NotBuggy
3,0.3324287533760071,1,2,129.0215301513672,3269.json,NotBuggy
5,0.08108946681022644,1,6,116.75787353515625,19819.json,NotBuggy
3,0.7212031483650208,1,1,132.25152587890625,13662.json,NotBuggy
3,0.8764974474906921,2,1,129.95594787597656,6888.json,NotBuggy
3,0.9417482614517212,1,0,133.59722900390625,1393.json,NotBuggy
11,0.046014077961444855,3,4,101.93968200683594,15791.json,NotBuggy
4,0.6068272590637207,1,0,125.64796447753906,12618.json,NotBuggy
3,0.9153783321380615,1,0,133.59722900390625,21011.json,NotBuggy
12,0.005924277938902378,1,8,99.17265319824219,12698.json,NotBuggy
4,0.3485734760761261,1,1,124.6862564086914,17229.json,NotBuggy
4,0.508905291557312,1,0,125.27178192138672,15563.json,NotBuggy
3,0.049493931233882904,1,2,129.0215301513672,949.json,NotBuggy
12,0.12911351025104523,2,7,99.32090759277344,5447.json,NotBuggy
5,1.4301552437245846E-4,2,5,115.17190551757812,14111.json,NotBuggy
3,0.8404551148414612,1,0,133.59722900390625,20637.json,NotBuggy
15,0.0086270896717906,5,14,91.97347259521484,19416.json,NotBuggy
3,0.33334577083587646,1,2,129.34671020507812,10194.json,NotBuggy
3,0.8853198885917664,1,0,133.59722900390625,23018.json,NotBuggy
3,0.9401941895484924,1,0,133.59722900390625,5104.json,NotBuggy
3,0.743167519569397,1,1,130.85629272460938,14277.json,NotBuggy
3,0.43235093355178833,1,1,130.05470275878906,12923.json,NotBuggy
3,0.544666051864624,1,0,133.59722900390625,19502.json,NotBuggy
3,0.8814632296562195,1,0,133.59722900390625,9667.json,NotBuggy
3,0.6633628606796265,1,1,132.086669921875,593.json,NotBuggy
4,0.7256754636764526,1,0,125.27178192138672,22691.json,NotBuggy
3,0.8853198885917664,1,0,133.59722900390625,2534.json,NotBuggy
3,0.9198765158653259,1,0,133.59722900390625,19178.json,NotBuggy
3,0.4631985127925873,1,0,132.086669921875,4436.json,NotBuggy
14,0.011603446677327156,3,9,94.75340270996094,2528.json,NotBuggy
8,0.0,1,6,105.79468536376953,20674.json,NotBuggy
6,0.0033843687269836664,2,5,112.49945068359375,15136.json,NotBuggy
3,0.050396353006362915,1,0,133.59722900390625,17334.json,NotBuggy
3,0.3986586332321167,1,0,133.59722900390625,9768.json,NotBuggy
3,0.9647819995880127,1,0,133.59722900390625,3896.json,NotBuggy
3,0.898770809173584,1,0,133.59722900390625,11875.json,NotBuggy
4,0.5530059337615967,1,0,125.64796447753906,2476.json,NotBuggy
3,0.7519007921218872,1,1,131.28770446777344,19273.json,NotBuggy
5,0.9234350323677063,2,0,122.20396423339844,11811.json,NotBuggy
3,0.8537255525588989,1,0,133.59722900390625,21868.json,NotBuggy
4,0.606551468372345,1,0,125.64796447753906,21240.json,NotBuggy
3,0.6808407306671143,1,1,130.85629272460938,20459.json,NotBuggy
3,0.3565785586833954,1,1,131.43582153320312,5912.json,NotBuggy
3,0.7794007658958435,1,0,133.59722900390625,20066.json,NotBuggy
3,0.7753618359565735,1,1,131.28770446777344,5908.json,NotBuggy
3,0.8318300843238831,1,1,131.75106811523438,15687.json,NotBuggy
3,0.9066013693809509,1,0,133.59722900390625,17990.json,NotBuggy
7,0.0261203795671463,2,4,110.45449829101562,4277.json,NotBuggy
11,0.5553117394447327,6,2,103.68940734863281,22227.json,NotBuggy
5,0.6220782399177551,1,1,118.00186920166016,11576.json,NotBuggy
7,0.09805288910865784,2,6,109.80904388427734,2876.json,NotBuggy
4,0.27033886313438416,1,2,124.05243682861328,16258.json,NotBuggy
3,0.6823001503944397,1,0,133.59722900390625,15810.json,NotBuggy
4,0.3981021046638489,1,0,125.64796447753906,21790.json,NotBuggy
3,0.3587506115436554,1,1,132.25152587890625,5430.json,NotBuggy
3,0.8838667273521423,1,0,130.70933532714844,13812.json,NotBuggy
4,0.4859175980091095,1,0,125.64796447753906,21873.json,NotBuggy
3,0.9345443248748779,1,0,133.59722900390625,19495.json,NotBuggy
22,0.005744847469031811,3,5,84.37433624267578,1068.json,NotBuggy
14,7.732525118626654E-4,2,16,93.68109130859375,4329.json,NotBuggy
3,0.8353855013847351,1,0,133.59722900390625,22446.json,NotBuggy
3,0.6781010627746582,1,1,130.99049377441406,5859.json,NotBuggy
3,0.38491806387901306,1,0,133.59722900390625,9762.json,NotBuggy
3,0.03695978596806526,1,3,129.12539672851562,9634.json,NotBuggy
5,0.07103005051612854,1,2,119.41529846191406,7976.json,NotBuggy
6,0.09860168397426605,2,2,115.65497589111328,601.json,NotBuggy
3,0.95930016040802,1,0,132.086669921875,12083.json,NotBuggy
4,0.30406829714775085,1,0,125.64796447753906,11533.json,NotBuggy
9,0.012583702802658081,1,3,104.91230010986328,3995.json,NotBuggy
3,0.3262852132320404,1,0,133.59722900390625,14497.json,NotBuggy
3,8.448172593489289E-4,1,0,127.09538269042969,18933.json,NotBuggy
13,0.02703016996383667,4,7,97.9981918334961,894.json,NotBuggy
4,0.623573899269104,1,0,125.64796447753906,22940.json,NotBuggy
8,0.0884123370051384,3,3,108.16634368896484,20167.json,NotBuggy
4,0.0,1,4,120.01702117919922,3552.json,NotBuggy
3,0.9276851415634155,1,0,133.59722900390625,6805.json,NotBuggy
16,0.003180350176990032,4,11,90.86277770996094,7911.json,NotBuggy
6,0.5978292226791382,1,0,116.13658905029297,18997.json,NotBuggy
9,0.0030021800193935633,2,7,103.47309112548828,1755.json,NotBuggy
3,0.9381090402603149,1,0,133.59722900390625,20969.json,NotBuggy
3,0.9352787733078003,1,0,131.28770446777344,16405.json,NotBuggy
32,0.0,5,11,76.98849487304688,16865.json,NotBuggy
26,0.0,6,33,80.58228302001953,5075.json,NotBuggy
10,0.5987343192100525,3,3,104.10063934326172,1004.json,NotBuggy
3,0.8848848342895508,1,0,133.59722900390625,10220.json,NotBuggy
4,0.6061921119689941,1,2,126.33003997802734,15177.json,NotBuggy
3,0.5607433915138245,1,1,130.99049377441406,15196.json,NotBuggy
3,0.849532961845398,1,0,131.43582153320312,14361.json,NotBuggy
4,0.606551468372345,1,0,125.64796447753906,4499.json,NotBuggy
3,0.8730796575546265,1,0,133.59722900390625,21255.json,NotBuggy
2,0.9970839619636536,1,0,142.4026641845703,4745.json,NotBuggy
3,0.0,1,1,125.37183380126953,613.json,NotBuggy
4,0.5735358595848083,1,0,125.27178192138672,12072.json,NotBuggy
6,0.3395000398159027,1,4,115.71116638183594,10006.json,NotBuggy
3,0.848326563835144,1,0,133.59722900390625,16332.json,NotBuggy
3,0.006185468751937151,1,2,128.1235809326172,4426.json,NotBuggy
3,0.7302044630050659,1,0,129.37762451171875,10914.json,NotBuggy
4,0.7044928669929504,1,0,125.27178192138672,21704.json,NotBuggy
4,0.453080952167511,1,0,125.64796447753906,11490.json,NotBuggy
8,0.15493400394916534,2,1,109.89676666259766,9713.json,NotBuggy
3,0.9558944702148438,1,0,133.59722900390625,16099.json,NotBuggy
4,0.6617034077644348,1,0,125.27178192138672,22443.json,NotBuggy
4,0.3217429220676422,1,0,125.64796447753906,21728.json,NotBuggy
3,0.9443341493606567,1,0,133.59722900390625,8472.json,NotBuggy
8,0.0026079777162522078,2,7,107.14398193359375,16775.json,NotBuggy
3,0.09486924111843109,1,3,127.36779022216797,6647.json,NotBuggy
3,0.5022611021995544,1,0,131.9385528564453,21153.json,NotBuggy
18,0.18154239654541016,2,7,91.16361999511719,19005.json,Buggy
4,0.04935814067721367,1,3,121.21369934082031,5202.json,NotBuggy
4,0.5616261959075928,1,0,125.64796447753906,9698.json,NotBuggy
3,0.912801206111908,1,0,131.91592407226562,1012.json,NotBuggy
6,0.5497800707817078,1,6,116.13658905029297,9000.json,NotBuggy
3,0.8152434825897217,1,0,133.59722900390625,10269.json,NotBuggy
3,0.04894356429576874,1,0,133.59722900390625,23517.json,NotBuggy
3,0.5814643502235413,1,2,129.47398376464844,7095.json,NotBuggy
3,0.7972366809844971,1,0,133.59722900390625,21821.json,NotBuggy
3,0.9586957097053528,1,0,129.7158966064453,16712.json,NotBuggy
4,0.4755558669567108,1,2,125.27178192138672,16960.json,NotBuggy
4,0.019384490326046944,1,1,122.27970123291016,2128.json,NotBuggy
4,0.6067095398902893,1,0,125.64796447753906,21960.json,NotBuggy
10,1.5997691662050784E-4,2,10,102.32910919189453,12770.json,NotBuggy
24,0.0020003013778477907,1,24,85.3213119506836,2482.json,NotBuggy
3,0.8703395128250122,1,0,133.59722900390625,17050.json,NotBuggy
27,0.0,3,32,79.23351287841797,16294.json,NotBuggy
3,0.1026492640376091,1,4,128.70916748046875,8281.json,NotBuggy
19,0.0,1,83,83.25811004638672,8233.json,NotBuggy
10,0.0,1,32,99.49544525146484,7782.json,NotBuggy
12,9.092857944779098E-4,3,12,96.46501922607422,3864.json,NotBuggy
3,0.9381090402603149,1,0,133.59722900390625,3987.json,NotBuggy
3,0.09938214719295502,1,0,133.59722900390625,7288.json,NotBuggy
3,0.566268265247345,1,1,132.25152587890625,19934.json,NotBuggy
3,0.31074127554893494,1,0,133.59722900390625,23391.json,NotBuggy
15,0.0,1,37,91.53057098388672,7742.json,NotBuggy
6,0.0,2,12,109.62265014648438,2166.json,NotBuggy
3,0.747709333896637,1,0,132.9956512451172,5994.json,NotBuggy
3,0.9621713757514954,1,0,133.59722900390625,23557.json,NotBuggy
13,0.10673966258764267,3,5,98.43416595458984,11958.json,NotBuggy
3,0.9381090402603149,1,0,133.59722900390625,13748.json,NotBuggy
7,0.0021653559524565935,1,8,110.30392456054688,12136.json,NotBuggy
3,0.8723545074462891,1,0,133.59722900390625,1612.json,NotBuggy
3,0.8860000967979431,1,2,130.44261169433594,21492.json,NotBuggy
4,0.7119079828262329,1,0,125.27178192138672,20890.json,NotBuggy
3,0.0517161563038826,1,2,128.70916748046875,11601.json,NotBuggy
5,0.03668559715151787,1,6,118.46044921875,19041.json,NotBuggy
3,0.015744931995868683,1,2,128.4090576171875,19655.json,NotBuggy
4,0.4898504912853241,1,0,125.64796447753906,21334.json,NotBuggy
3,0.8409727811813354,1,0,133.59722900390625,16621.json,Buggy
3,0.8537255525588989,1,0,133.59722900390625,21705.json,NotBuggy
3,0.9381090402603149,1,0,133.59722900390625,9681.json,Buggy
8,0.4414348304271698,2,3,109.1904296875,8303.json,NotBuggy
4,0.9756153225898743,1,2,126.77537536621094,5494.json,NotBuggy
6,0.12550872564315796,2,1,115.79641723632812,1260.json,NotBuggy
3,0.43867388367652893,1,2,128.3351287841797,12502.json,NotBuggy
5,0.43445929884910583,1,4,119.0662612915039,4491.json,NotBuggy
4,0.502638578414917,1,0,125.64796447753906,21246.json,NotBuggy
3,0.4269126355648041,1,1,130.45266723632812,3847.json,NotBuggy
3,0.8128293752670288,1,0,133.59722900390625,18328.json,NotBuggy
3,0.28472739458084106,1,0,129.81280517578125,1097.json,NotBuggy
3,0.6377588510513306,1,0,131.9385528564453,23154.json,NotBuggy
3,0.31825339794158936,1,0,133.59722900390625,12341.json,NotBuggy
3,0.14646203815937042,1,2,129.57785034179688,6772.json,Buggy
3,0.001739130588248372,1,1,128.4090576171875,11630.json,NotBuggy
7,0.017264852300286293,1,7,110.03904724121094,2905.json,NotBuggy
4,0.8257983922958374,1,0,125.15930938720703,12802.json,NotBuggy
5,0.011241680942475796,1,3,117.86318969726562,547.json,NotBuggy
22,0.0,4,23,84.89237976074219,8430.json,NotBuggy
3,0.25917842984199524,1,2,129.34671020507812,16366.json,NotBuggy
3,0.9437941908836365,1,0,133.59722900390625,15859.json,NotBuggy
6,0.1670582890510559,2,2,114.38235473632812,589.json,NotBuggy
9,0.10359019041061401,1,7,105.60140228271484,4782.json,NotBuggy
7,0.09712103754281998,1,6,111.8255386352539,20945.json,NotBuggy
12,0.17792540788650513,3,5,98.04412078857422,1072.json,NotBuggy
16,0.014638388529419899,4,10,92.33523559570312,18939.json,NotBuggy
17,0.002430948195978999,1,12,92.58908081054688,3402.json,NotBuggy
3,0.7056117057800293,1,0,132.4454345703125,7164.json,NotBuggy
3,0.9558944702148438,1,0,133.59722900390625,22354.json,NotBuggy
3,0.7476863861083984,1,1,131.60296630859375,13681.json,NotBuggy
19,0.008476725779473782,6,7,91.06096649169922,13802.json,NotBuggy
3,0.9153783321380615,1,0,133.59722900390625,22720.json,NotBuggy
3,0.068672314286232,1,1,129.14646911621094,757.json,NotBuggy
3,0.8991098403930664,1,0,133.59722900390625,20016.json,NotBuggy
3,0.9621713757514954,1,0,133.59722900390625,22025.json,NotBuggy
7,0.06888686865568161,2,8,109.18045806884766,14795.json,NotBuggy
4,0.7119079828262329,1,0,125.27178192138672,22948.json,NotBuggy
4,0.7044928669929504,1,0,125.27178192138672,23331.json,NotBuggy
4,0.3488963842391968,1,0,125.27178192138672,11991.json,NotBuggy
3,0.7995497584342957,2,2,128.57925415039062,20499.json,NotBuggy
6,0.4236237406730652,1,4,116.4460220336914,22975.json,NotBuggy
3,0.860663652420044,1,0,133.59722900390625,22169.json,NotBuggy
3,0.8267706036567688,1,0,130.99049377441406,1383.json,NotBuggy
3,0.9427116513252258,1,0,133.59722900390625,11479.json,NotBuggy
3,0.8654706478118896,1,0,134.26058959960938,7127.json,NotBuggy
3,0.9621713757514954,1,0,133.59722900390625,22706.json,NotBuggy
4,0.6039813756942749,1,0,125.27178192138672,23215.json,NotBuggy
4,0.31679490208625793,1,2,125.15235137939453,18494.json,NotBuggy
4,0.15511161088943481,1,1,123.56243133544922,11659.json,NotBuggy
3,0.6099089980125427,1,0,133.59722900390625,11799.json,NotBuggy
3,0.8788789510726929,1,0,133.59722900390625,952.json,NotBuggy
4,0.009984252974390984,1,2,122.5160903930664,13510.json,NotBuggy
4,0.3835906684398651,1,0,125.27178192138672,22240.json,NotBuggy
5,0.17920701205730438,1,1,118.98002624511719,1594.json,NotBuggy
3,0.0013937059557065368,1,2,127.26919555664062,10150.json,NotBuggy
3,0.14417728781700134,1,1,130.99049377441406,6100.json,NotBuggy
7,0.11731957644224167,2,2,110.94255828857422,12832.json,NotBuggy
3,0.4757865369319916,1,1,131.1535186767578,6723.json,NotBuggy
3,0.9486316442489624,1,0,133.59722900390625,22069.json,NotBuggy
4,0.3825918138027191,1,0,125.02987670898438,14969.json,NotBuggy
4,0.8567812442779541,1,0,126.04888916015625,5006.json,NotBuggy
3,0.2242683619260788,1,0,129.12539672851562,14714.json,NotBuggy
3,0.793246865272522,1,0,133.59722900390625,16500.json,NotBuggy
4,0.7769862413406372,1,0,125.64796447753906,2791.json,NotBuggy
7,0.009012410417199135,1,4,110.78955078125,18188.json,NotBuggy
4,0.7489529848098755,1,0,125.64796447753906,12427.json,NotBuggy
3,0.28408247232437134,1,0,130.57513427734375,5647.json,NotBuggy
3,0.5670338869094849,1,0,133.59722900390625,16344.json,NotBuggy
3,0.9621713757514954,1,0,133.59722900390625,22647.json,NotBuggy
3,0.8023896217346191,1,0,133.59722900390625,10617.json,NotBuggy
4,0.7535905241966248,1,0,125.5254898071289,10175.json,NotBuggy
3,0.8187150955200195,1,1,131.1535186767578,689.json,NotBuggy
3,0.0,1,4,126.2772445678711,2821.json,NotBuggy
3,0.03579216077923775,1,2,128.8092498779297,4883.json,NotBuggy
3,0.9381090402603149,1,0,133.59722900390625,21866.json,NotBuggy
3,0.7551659345626831,1,0,131.28770446777344,19492.json,NotBuggy
3,0.7217891216278076,1,0,131.28770446777344,10540.json,NotBuggy
3,0.8828085660934448,1,0,133.59722900390625,13516.json,NotBuggy
3,0.9381090402603149,1,0,133.59722900390625,20115.json,NotBuggy
3,0.7267447710037231,1,0,132.4454345703125,2698.json,NotBuggy
7,0.3528514504432678,1,0,114.12506866455078,693.json,NotBuggy
4,0.6100437641143799,1,2,124.58238983154297,15181.json,NotBuggy
3,0.6804524660110474,1,0,132.086669921875,20590.json,NotBuggy
3,0.6180086135864258,1,1,132.25152587890625,15458.json,NotBuggy
3,0.7811756134033203,1,0,133.59722900390625,13629.json,NotBuggy
3,0.8767094016075134,1,0,133.59722900390625,22664.json,NotBuggy
3,0.38491806387901306,1,0,133.59722900390625,6747.json,NotBuggy
4,0.030674176290631294,1,1,124.81353759765625,13987.json,NotBuggy
4,0.5087435841560364,1,0,125.64796447753906,22434.json,NotBuggy
3,0.5247722268104553,1,1,129.7158966064453,1464.json,NotBuggy
4,0.6988435983657837,1,0,125.27178192138672,20962.json,NotBuggy
4,0.12356554716825485,1,1,126.04888916015625,5291.json,NotBuggy
8,0.12429123371839523,2,3,108.98391723632812,13980.json,NotBuggy
7,0.10353811085224152,2,4,112.39112091064453,3852.json,NotBuggy
5,0.04285366088151932,2,2,118.28166961669922,2092.json,NotBuggy
4,0.6422994136810303,1,1,125.78216552734375,7961.json,NotBuggy
3,0.3156687915325165,1,1,130.7338104248047,15813.json,NotBuggy
3,0.858177125453949,1,1,132.61029052734375,28.json,NotBuggy
4,0.4755558669567108,1,2,125.27178192138672,16944.json,NotBuggy
6,0.0964595302939415,1,4,114.20042419433594,15904.json,NotBuggy
3,0.4669036567211151,1,1,130.99049377441406,13670.json,NotBuggy
3,0.43448731303215027,1,1,129.93223571777344,12497.json,NotBuggy
6,0.26131513714790344,1,3,116.36201477050781,20732.json,NotBuggy
3,0.8153131604194641,1,0,133.59722900390625,7286.json,NotBuggy
3,0.13281969726085663,1,1,130.30841064453125,6379.json,NotBuggy
4,0.7119079828262329,1,0,125.27178192138672,23568.json,NotBuggy
7,0.19053341448307037,1,8,111.83965301513672,2492.json,NotBuggy
3,0.8890010714530945,1,0,133.59722900390625,18405.json,NotBuggy
14,0.0159651730209589,4,7,93.96007537841797,6156.json,NotBuggy
4,0.7119079828262329,1,0,125.27178192138672,21865.json,NotBuggy
4,0.5454829931259155,1,0,125.27178192138672,10825.json,NotBuggy
3,0.26575738191604614,1,0,131.1535186767578,5559.json,NotBuggy
4,0.5968576073646545,1,0,125.64796447753906,12787.json,NotBuggy
4,0.6093446016311646,1,1,124.48601531982422,16371.json,NotBuggy
3,0.6591586470603943,1,0,133.59722900390625,11558.json,NotBuggy
3,0.08906040340662003,1,1,129.14646911621094,3606.json,NotBuggy
4,0.6297064423561096,1,0,125.64796447753906,12069.json,NotBuggy
3,0.8674365282058716,1,0,133.59722900390625,19882.json,NotBuggy
4,0.42732706665992737,1,0,125.64796447753906,11669.json,NotBuggy
4,0.856116771697998,1,0,125.5254898071289,10722.json,NotBuggy
14,0.03313811495900154,2,6,95.5970230102539,8053.json,NotBuggy
3,0.9215299487113953,1,0,133.59722900390625,23050.json,NotBuggy
3,0.6017619371414185,1,1,132.25152587890625,5617.json,NotBuggy
3,0.15017233788967133,1,0,130.05470275878906,19035.json,NotBuggy
5,0.10858877748250961,2,3,118.67401885986328,20544.json,NotBuggy
4,0.6427757740020752,1,2,125.39425659179688,10065.json,NotBuggy
3,0.38085269927978516,1,1,130.70933532714844,19344.json,NotBuggy
11,0.2765481472015381,4,5,101.17655944824219,19950.json,NotBuggy
4,0.6668526530265808,1,0,125.64796447753906,21010.json,NotBuggy
3,0.8330968618392944,1,0,133.59722900390625,18801.json,NotBuggy
7,0.2138509452342987,2,4,110.8880844116211,5832.json,NotBuggy
3,0.8958381414413452,1,1,131.43582153320312,4164.json,NotBuggy
12,0.0027090124785900116,1,13,98.57463073730469,3116.json,NotBuggy
3,0.008578628301620483,1,1,127.76728820800781,11620.json,NotBuggy
4,0.794481635093689,1,1,125.5254898071289,15885.json,NotBuggy
8,0.1453637182712555,1,4,110.25841522216797,4788.json,NotBuggy
3,0.13615623116493225,1,1,129.81976318359375,3169.json,NotBuggy
17,0.10687334835529327,9,1,93.40608215332031,8902.json,NotBuggy
15,0.001053085783496499,3,8,93.99088287353516,13774.json,NotBuggy
10,0.0010150652378797531,1,16,101.39092254638672,20492.json,NotBuggy
5,0.006216344889253378,1,5,116.85465240478516,5204.json,NotBuggy
4,0.3260059356689453,1,1,124.05243682861328,6994.json,NotBuggy
3,0.9346750378608704,1,0,133.59722900390625,11613.json,NotBuggy
8,0.23544733226299286,2,2,107.78910827636719,5623.json,NotBuggy
3,0.7224268317222595,1,1,132.086669921875,16154.json,NotBuggy
16,5.906191654503345E-4,6,1,93.93190002441406,14953.json,NotBuggy
3,0.48704779148101807,1,2,129.47398376464844,12373.json,NotBuggy
3,0.9407153129577637,1,1,133.80813598632812,9211.json,NotBuggy
21,0.10630949586629868,4,10,87.515625,8300.json,NotBuggy
3,0.7626180648803711,1,1,131.1535186767578,4741.json,NotBuggy
3,0.8387273550033569,1,0,133.59722900390625,11971.json,NotBuggy
7,0.6952866911888123,2,2,112.11597442626953,19087.json,NotBuggy
8,0.03272314369678497,1,0,105.46204376220703,1681.json,Buggy
3,0.8505542874336243,1,0,133.59722900390625,13199.json,NotBuggy
7,0.009069751016795635,1,9,110.68449401855469,2642.json,NotBuggy
3,0.002869528019800782,1,0,127.94110107421875,18990.json,NotBuggy
3,0.8152434825897217,1,0,133.59722900390625,23457.json,NotBuggy
4,0.5581490993499756,1,0,125.64796447753906,19701.json,NotBuggy
3,0.7264226078987122,1,0,131.91592407226562,8525.json,NotBuggy
13,0.007603946607559919,2,8,96.83780670166016,11043.json,NotBuggy
10,0.2318701297044754,3,2,104.0413818359375,9711.json,NotBuggy
3,0.8912534713745117,1,0,133.59722900390625,10479.json,NotBuggy
6,0.07577114552259445,1,6,114.90958404541016,19474.json,NotBuggy
3,0.5980063080787659,1,0,131.28770446777344,10615.json,NotBuggy
3,0.844530463218689,1,1,132.086669921875,173.json,NotBuggy
10,0.10182145237922668,1,7,106.18388366699219,4762.json,NotBuggy
3,0.11678662896156311,1,1,128.8092498779297,18458.json,NotBuggy
10,0.03275063633918762,2,3,104.14152526855469,17955.json,NotBuggy
14,0.1842125952243805,3,5,97.81165313720703,17341.json,NotBuggy
3,0.03999057784676552,1,2,128.70916748046875,12839.json,NotBuggy
3,0.8794088959693909,1,0,131.91592407226562,11255.json,NotBuggy
4,0.6559662222862244,1,0,125.27178192138672,12870.json,NotBuggy
5,0.7483518719673157,2,2,120.6200180053711,19150.json,NotBuggy
3,0.7666890025138855,1,0,131.9385528564453,13104.json,NotBuggy
17,6.116093718446791E-4,4,15,90.71260833740234,6683.json,NotBuggy
7,0.09016198664903641,1,8,110.10730743408203,3053.json,NotBuggy
3,0.8576990962028503,1,0,133.59722900390625,13668.json,NotBuggy
5,0.5450031161308289,2,2,117.77754974365234,18345.json,NotBuggy
3,0.7356541156768799,1,0,133.59722900390625,9782.json,NotBuggy
3,0.8407416939735413,1,0,133.59722900390625,1455.json,NotBuggy
3,0.849532961845398,1,0,131.43582153320312,14003.json,NotBuggy
3,0.7665305137634277,1,0,133.59722900390625,23410.json,NotBuggy
4,0.7256754636764526,1,0,125.27178192138672,4632.json,NotBuggy
3,5.682558403350413E-4,1,0,130.85629272460938,2099.json,NotBuggy
3,0.00800804328173399,1,0,133.59722900390625,9791.json,NotBuggy
3,0.8127056360244751,1,1,132.086669921875,6545.json,NotBuggy
3,0.021804694086313248,1,4,127.8611831665039,9028.json,NotBuggy
7,0.061051517724990845,3,4,110.54624938964844,15041.json,Buggy
50,0.0,1,70,66.8709945678711,15534.json,NotBuggy
5,0.03017684444785118,1,2,117.93550109863281,87.json,NotBuggy
3,0.0,1,1,127.102294921875,19033.json,NotBuggy
3,0.9346576929092407,1,0,133.59722900390625,6206.json,NotBuggy
3,0.8194471597671509,1,0,132.4454345703125,896.json,NotBuggy
3,0.2732032835483551,1,1,130.99049377441406,5869.json,NotBuggy
3,0.5415523648262024,1,1,132.79563903808594,19968.json,NotBuggy
3,0.8152434825897217,1,0,133.59722900390625,21723.json,NotBuggy
6,0.09116940200328827,1,5,114.97969055175781,23584.json,NotBuggy
3,0.9038982391357422,1,0,133.59722900390625,23599.json,NotBuggy
8,0.0,1,15,104.1901626586914,1307.json,NotBuggy
3,0.7559108138084412,1,1,130.85629272460938,14034.json,NotBuggy
4,0.9850814342498779,1,1,129.14767456054688,5287.json,NotBuggy
2,0.7349764704704285,1,0,137.59957885742188,13711.json,NotBuggy
7,0.11364351958036423,2,4,110.1007080078125,9142.json,NotBuggy
11,3.643877280410379E-4,4,11,98.1174545288086,7150.json,NotBuggy
7,1.7969180771615356E-4,1,7,107.40352630615234,20767.json,NotBuggy
4,0.6321998238563538,1,0,125.64796447753906,10173.json,NotBuggy
3,0.9121384620666504,1,0,133.59722900390625,16920.json,NotBuggy
3,0.7988637089729309,1,1,133.80813598632812,9006.json,Buggy
13,0.4098326861858368,4,4,98.4986572265625,17061.json,NotBuggy
13,0.028990475460886955,2,11,95.94282531738281,13509.json,NotBuggy
6,0.0189108494669199,2,2,112.40403747558594,6081.json,NotBuggy
3,0.9457477331161499,1,0,133.59722900390625,11473.json,NotBuggy
8,0.28088366985321045,2,3,108.77935028076172,13924.json,NotBuggy
3,0.8507862091064453,1,0,133.59722900390625,9788.json,NotBuggy
21,0.06539210677146912,3,10,86.45071411132812,20552.json,Buggy
4,0.4180580973625183,1,0,125.64796447753906,22952.json,NotBuggy
4,0.7119079828262329,1,0,125.27178192138672,2724.json,NotBuggy
3,0.5359427332878113,1,0,133.59722900390625,9772.json,NotBuggy
5,0.0011556836543604732,1,5,117.36475372314453,15907.json,NotBuggy
13,0.0,3,24,93.60225677490234,1957.json,Buggy
3,0.6920579075813293,1,0,133.59722900390625,10469.json,NotBuggy
7,4.4469712884165347E-4,1,4,110.23165893554688,566.json,NotBuggy
8,0.010964288376271725,2,3,107.75645446777344,1486.json,NotBuggy
3,0.6889014840126038,1,0,131.91592407226562,7966.json,NotBuggy
3,0.9381090402603149,1,0,133.59722900390625,19684.json,NotBuggy
9,0.264889657497406,2,6,105.5770034790039,20556.json,Buggy
3,0.8983809351921082,1,0,133.59722900390625,21683.json,NotBuggy
3,0.9621713757514954,1,0,133.59722900390625,23176.json,NotBuggy
7,0.294518381357193,2,2,111.47267150878906,19088.json,NotBuggy
3,0.362996369600296,1,1,130.7338104248047,8701.json,NotBuggy
3,0.8795603513717651,1,0,133.59722900390625,22313.json,NotBuggy
3,0.029354941099882126,1,2,126.78704833984375,12103.json,NotBuggy
8,0.04125618934631348,2,9,107.55785369873047,17090.json,NotBuggy
3,0.9381090402603149,1,0,133.59722900390625,12435.json,NotBuggy
3,0.7475342154502869,1,0,132.9956512451172,4460.json,NotBuggy
3,0.7212031483650208,1,1,132.25152587890625,14017.json,NotBuggy
10,0.0010413742857053876,1,12,103.19448852539062,20869.json,NotBuggy
4,0.22008183598518372,1,0,125.64796447753906,11492.json,NotBuggy
4,0.07295440137386322,1,2,123.65223693847656,10078.json,NotBuggy
11,0.01913684606552124,4,3,100.71492004394531,2940.json,NotBuggy
3,0.9241483807563782,1,0,133.59722900390625,8640.json,NotBuggy
3,0.8409727811813354,1,0,133.59722900390625,646.json,NotBuggy
3,0.8339930772781372,1,0,131.91592407226562,18349.json,NotBuggy
3,0.9911566376686096,1,0,132.9956512451172,8198.json,NotBuggy
4,0.8541923761367798,2,1,122.96084594726562,6167.json,NotBuggy
4,0.8079021573066711,1,0,125.5254898071289,780.json,NotBuggy
3,0.3165442645549774,1,0,128.8216552734375,2124.json,NotBuggy
6,0.21678271889686584,1,4,114.73766326904297,10355.json,NotBuggy
11,0.04371995851397514,2,7,99.71261596679688,3465.json,NotBuggy
5,0.44990667700767517,1,2,119.58580780029297,6998.json,NotBuggy
3,0.9528278708457947,1,0,129.7158966064453,16722.json,NotBuggy
4,0.28476405143737793,1,0,124.58238983154297,21978.json,NotBuggy
25,0.0,6,26,78.76524353027344,20558.json,NotBuggy
5,0.3925735056400299,2,1,119.52839660644531,12121.json,NotBuggy
3,0.7873969078063965,1,0,133.59722900390625,12248.json,NotBuggy
3,0.8607810735702515,1,0,133.59722900390625,9655.json,NotBuggy
3,0.4692602753639221,1,0,133.59722900390625,18326.json,NotBuggy
3,0.6564422249794006,1,0,131.9385528564453,3470.json,NotBuggy
6,0.8929758667945862,2,2,117.90135955810547,17343.json,NotBuggy
3,0.9196702837944031,1,0,131.1535186767578,1745.json,NotBuggy
3,0.8328831791877747,1,0,133.59722900390625,16184.json,NotBuggy
4,0.7256754636764526,1,0,125.27178192138672,21252.json,NotBuggy
9,0.23447254300117493,2,5,104.98204040527344,14854.json,NotBuggy
3,0.791763424873352,1,0,132.9956512451172,16038.json,NotBuggy
4,0.7643980979919434,1,0,125.64796447753906,10345.json,NotBuggy
13,0.019701778888702393,2,9,97.85164642333984,16287.json,NotBuggy
3,0.8353855013847351,1,0,133.59722900390625,13160.json,NotBuggy
9,0.01836526207625866,1,6,104.01825714111328,2586.json,NotBuggy
16,0.0,1,41,89.68889617919922,7753.json,NotBuggy
12,0.0010609307792037725,1,15,98.21675872802734,2495.json,NotBuggy
3,0.0,1,1,125.37183380126953,610.json,NotBuggy
3,0.6898210644721985,1,0,133.59722900390625,3968.json,NotBuggy
3,0.9558944702148438,1,0,133.59722900390625,23304.json,NotBuggy
4,0.4968450665473938,1,0,125.64796447753906,19702.json,NotBuggy
6,0.3885742127895355,1,4,116.53829956054688,20840.json,NotBuggy
3,0.9401941895484924,1,0,133.59722900390625,2949.json,NotBuggy
4,0.4859175980091095,1,0,125.64796447753906,22828.json,NotBuggy
7,0.6952866911888123,2,2,112.11597442626953,19078.json,NotBuggy
3,0.9038982391357422,1,0,133.59722900390625,15350.json,NotBuggy
3,0.8052585124969482,1,0,131.43582153320312,16811.json,NotBuggy
3,0.03155077248811722,1,1,129.12539672851562,1810.json,NotBuggy
3,0.8074578642845154,1,2,131.91592407226562,6784.json,NotBuggy
3,0.7300571203231812,1,0,133.59722900390625,12655.json,NotBuggy
4,0.3140103220939636,1,1,124.71717071533203,2400.json,NotBuggy
3,0.939516544342041,1,0,133.59722900390625,12210.json,NotBuggy
3,0.7217891216278076,1,0,131.28770446777344,11557.json,NotBuggy
3,0.518505334854126,1,2,129.93223571777344,2334.json,NotBuggy
3,0.7693724036216736,1,0,133.59722900390625,2533.json,NotBuggy
3,0.8353855013847351,1,0,133.59722900390625,12017.json,NotBuggy
3,0.8814632296562195,1,0,133.59722900390625,12709.json,NotBuggy
7,0.006963685620576143,1,5,110.5815200805664,16468.json,NotBuggy
3,0.05433972179889679,1,3,127.690673828125,19428.json,NotBuggy
4,0.5121709704399109,1,0,125.64796447753906,21276.json,NotBuggy
3,0.7811756134033203,1,0,133.59722900390625,16016.json,NotBuggy
7,0.5051198601722717,3,2,114.13758850097656,914.json,NotBuggy
3,0.9320460557937622,1,0,132.9956512451172,14509.json,NotBuggy
4,0.52316814661026,1,0,125.64796447753906,9123.json,NotBuggy
9,0.09556956589221954,3,4,104.62779998779297,18828.json,NotBuggy
4,0.44834452867507935,1,0,125.64796447753906,9668.json,NotBuggy
2,0.9961547255516052,1,0,139.56419372558594,7275.json,NotBuggy
3,0.8353855013847351,1,0,133.59722900390625,22326.json,NotBuggy
4,0.0485345683991909,1,3,122.4349365234375,19709.json,NotBuggy
3,0.8967178463935852,1,0,133.59722900390625,13481.json,NotBuggy
3,0.9120115637779236,1,0,133.59722900390625,19350.json,NotBuggy
3,0.7249106764793396,1,0,133.59722900390625,23420.json,NotBuggy
4,0.07508169859647751,1,2,122.93054962158203,16930.json,NotBuggy
8,5.461845430545509E-4,1,9,106.08021545410156,1585.json,NotBuggy
3,0.898770809173584,1,0,133.59722900390625,20881.json,NotBuggy
4,0.2824782729148865,1,0,124.58238983154297,23193.json,NotBuggy
4,0.6540771722793579,1,1,125.02987670898438,7969.json,NotBuggy
3,0.07464545965194702,1,1,130.34019470214844,16725.json,NotBuggy
4,0.6178731322288513,1,0,125.64796447753906,18283.json,NotBuggy
4,0.6988435983657837,1,0,125.27178192138672,22788.json,NotBuggy
4,0.6251331567764282,1,1,125.02987670898438,8530.json,NotBuggy
3,0.2382749766111374,1,1,130.7338104248047,11864.json,NotBuggy
3,0.0639093890786171,1,3,128.22288513183594,14891.json,NotBuggy
4,0.7381744384765625,1,0,125.5254898071289,22237.json,NotBuggy
3,0.9167688488960266,1,0,133.59722900390625,1189.json,NotBuggy
4,0.5140860080718994,1,0,125.64796447753906,13161.json,NotBuggy
3,0.9381090402603149,1,0,133.59722900390625,11541.json,NotBuggy
3,0.8152434825897217,1,0,133.59722900390625,22125.json,NotBuggy
4,0.8179763555526733,1,0,125.5254898071289,7839.json,NotBuggy
3,0.04737117886543274,1,2,127.51214599609375,11683.json,NotBuggy
3,0.011789275333285332,1,0,127.59099578857422,7057.json,NotBuggy
3,0.9181838035583496,1,0,133.59722900390625,4800.json,NotBuggy
3,0.7151061296463013,1,1,131.9385528564453,4733.json,NotBuggy
4,0.7246156930923462,1,1,125.64796447753906,11878.json,NotBuggy
3,0.6405757069587708,1,0,131.28770446777344,20407.json,NotBuggy
18,1.7731041589286178E-4,4,20,88.7983627319336,15232.json,NotBuggy
3,0.9280931949615479,1,0,133.59722900390625,4713.json,NotBuggy
3,0.9621713757514954,1,0,133.59722900390625,21801.json,NotBuggy
3,0.9913766384124756,1,0,132.4454345703125,14713.json,NotBuggy
4,1.6944580420386046E-4,1,5,120.97968292236328,3207.json,NotBuggy
9,0.42832714319229126,3,4,106.32463073730469,14107.json,NotBuggy
3,0.37107735872268677,1,2,129.47398376464844,2473.json,NotBuggy
3,0.5179017782211304,1,1,132.25152587890625,6573.json,NotBuggy
3,0.9489667415618896,1,0,132.9956512451172,13972.json,NotBuggy
4,0.6291376352310181,1,0,125.5254898071289,9889.json,NotBuggy
3,0.8225110769271851,1,0,133.59722900390625,22718.json,NotBuggy
3,0.8814632296562195,1,0,133.59722900390625,12725.json,NotBuggy
3,0.8636916279792786,1,0,133.59722900390625,12871.json,NotBuggy
3,0.8641186952590942,1,0,132.43687438964844,3266.json,NotBuggy
24,0.0,6,13,81.34153747558594,7077.json,NotBuggy
3,0.9294750690460205,1,0,133.59722900390625,6733.json,NotBuggy
3,0.9457477331161499,1,0,133.59722900390625,19791.json,NotBuggy
4,5.748187541030347E-4,1,5,119.44434356689453,2436.json,NotBuggy
4,0.8288068175315857,1,0,125.15930938720703,10583.json,NotBuggy
3,0.8431631922721863,1,0,133.59722900390625,15769.json,NotBuggy
3,0.9153783321380615,1,0,133.59722900390625,18417.json,NotBuggy
3,0.7665154933929443,1,1,132.086669921875,19485.json,NotBuggy
3,0.8278162479400635,1,0,133.59722900390625,4635.json,NotBuggy
3,0.5278524160385132,1,0,131.1535186767578,7278.json,NotBuggy
3,0.9320460557937622,1,0,132.9956512451172,14581.json,NotBuggy
4,0.04043091461062431,1,2,122.44184875488281,6510.json,NotBuggy
13,0.0011321735801175237,1,11,96.36221313476562,14384.json,NotBuggy
17,0.03481362760066986,5,5,90.89136505126953,14047.json,NotBuggy
3,0.9457477331161499,1,0,133.59722900390625,20907.json,NotBuggy
4,0.1918839067220688,1,2,122.84404754638672,12954.json,NotBuggy
6,0.005912257824093103,1,6,114.13744354248047,2620.json,NotBuggy
4,0.42532312870025635,1,0,125.64796447753906,19751.json,NotBuggy
6,0.00250231777317822,2,5,112.66307830810547,7947.json,NotBuggy
3,0.8831815719604492,1,0,133.59722900390625,3900.json,NotBuggy
3,0.4935341477394104,1,0,133.59722900390625,13446.json,NotBuggy
12,0.0,1,20,97.24251556396484,13065.json,NotBuggy
4,0.7351298332214355,1,2,123.8484878540039,3110.json,NotBuggy
8,0.25514209270477295,1,3,108.37145233154297,19534.json,NotBuggy
7,0.14123913645744324,1,6,112.36882781982422,8247.json,NotBuggy
6,0.021652301773428917,1,3,114.90958404541016,20729.json,NotBuggy
3,0.8505144715309143,1,0,133.59722900390625,1441.json,NotBuggy
4,0.7151249647140503,1,0,125.27178192138672,22944.json,NotBuggy
3,0.9621713757514954,1,0,133.59722900390625,22992.json,NotBuggy
3,0.7260045409202576,1,0,131.91592407226562,9182.json,NotBuggy
3,0.0020620140712708235,1,2,127.02415466308594,18299.json,NotBuggy
3,0.3890976011753082,1,1,130.7338104248047,16454.json,NotBuggy
3,0.7608081102371216,1,0,133.59722900390625,971.json,NotBuggy
5,0.027369512245059013,1,2,118.3609390258789,22314.json,NotBuggy
3,0.0852365642786026,1,1,129.14646911621094,3605.json,NotBuggy
4,0.5768929123878479,1,2,124.26470947265625,19056.json,NotBuggy
3,0.010617857798933983,1,2,127.68843078613281,2733.json,NotBuggy
3,0.9549081921577454,1,0,129.7158966064453,16772.json,NotBuggy
3,0.4018903374671936,1,1,130.34019470214844,8222.json,NotBuggy
6,0.06195010244846344,1,6,114.3227767944336,2444.json,NotBuggy
4,0.661263108253479,1,0,125.64796447753906,7170.json,NotBuggy
8,0.8767461180686951,6,3,105.14190673828125,3497.json,NotBuggy
23,6.122113554738462E-4,1,14,86.54108428955078,3816.json,NotBuggy
19,0.02235451526939869,4,10,89.27322387695312,5712.json,NotBuggy
3,0.8431631922721863,1,0,133.59722900390625,12438.json,NotBuggy
8,0.08582884818315506,1,6,108.57424926757812,13432.json,NotBuggy
6,0.08758080005645752,1,4,114.84461975097656,9325.json,NotBuggy
9,8.701984770596027E-4,3,4,105.08909606933594,14428.json,NotBuggy
4,0.6986651420593262,1,0,125.64796447753906,5659.json,NotBuggy
4,0.7119079828262329,1,0,125.27178192138672,21750.json,NotBuggy
3,0.9193012118339539,1,0,133.59722900390625,17820.json,NotBuggy
3,0.9225454330444336,1,0,133.59722900390625,4054.json,NotBuggy
3,0.002019666600972414,1,3,126.71056365966797,1907.json,NotBuggy
4,0.7151249647140503,1,0,125.27178192138672,21190.json,NotBuggy
3,0.548283576965332,1,1,130.34019470214844,2177.json,NotBuggy
3,0.5118239521980286,1,0,132.9956512451172,5990.json,NotBuggy
3,0.48148542642593384,1,2,129.47398376464844,11732.json,NotBuggy
3,0.05095774680376053,1,1,129.2428436279297,16607.json,NotBuggy
6,0.0010905758244916797,2,3,113.1683349609375,10978.json,NotBuggy
4,0.6154986023902893,1,0,125.64796447753906,21495.json,NotBuggy
4,0.6067095398902893,1,0,125.64796447753906,23496.json,NotBuggy
4,0.45860567688941956,1,0,125.27178192138672,15601.json,NotBuggy
3,0.14639566838741302,1,4,126.94014739990234,20152.json,NotBuggy
3,0.004707324784249067,1,2,127.8512954711914,3712.json,NotBuggy
3,0.4681738317012787,1,0,134.26058959960938,5422.json,NotBuggy
7,0.026690538972616196,2,7,109.6711654663086,16640.json,NotBuggy
3,0.029703613370656967,1,2,128.31268310546875,4696.json,NotBuggy
3,0.898770809173584,1,0,133.59722900390625,11858.json,NotBuggy
3,0.5512233972549438,1,0,132.4454345703125,5123.json,NotBuggy
3,0.4868485629558563,1,0,133.59722900390625,23392.json,NotBuggy
3,0.7542890310287476,1,0,133.59722900390625,1324.json,NotBuggy
3,0.6101421117782593,1,0,133.59722900390625,22140.json,NotBuggy
7,0.002677357289940119,2,4,109.13788604736328,1714.json,NotBuggy
3,0.2097485065460205,1,2,129.0215301513672,23433.json,NotBuggy
4,0.7119079828262329,1,0,125.27178192138672,23017.json,NotBuggy
3,0.9294750690460205,1,0,133.59722900390625,14768.json,NotBuggy
3,0.047880083322525024,1,0,133.59722900390625,217.json,NotBuggy
4,0.7119079828262329,1,0,125.27178192138672,2956.json,NotBuggy
10,0.009113028645515442,1,4,103.18867492675781,14436.json,NotBuggy
12,6.414370727725327E-4,3,12,98.53768157958984,8165.json,NotBuggy
4,0.7256754636764526,1,0,125.27178192138672,23051.json,NotBuggy
4,0.49019455909729004,1,4,123.01455688476562,9223.json,NotBuggy
3,0.8124234080314636,1,1,132.25152587890625,14502.json,NotBuggy
3,0.2913617789745331,1,2,129.81976318359375,8596.json,NotBuggy
4,0.7119079828262329,1,0,125.27178192138672,22355.json,NotBuggy
22,2.8815309633500874E-4,6,14,84.54403686523438,4135.json,NotBuggy
6,0.901671826839447,1,0,117.59266662597656,8539.json,NotBuggy
3,0.8152434825897217,1,0,133.59722900390625,21046.json,NotBuggy
10,0.7917875647544861,4,5,102.72058868408203,273.json,NotBuggy
3,0.8353855013847351,1,0,133.59722900390625,21550.json,NotBuggy
19,0.3335632383823395,8,4,89.03827667236328,18138.json,NotBuggy
3,0.8770250082015991,1,0,134.26058959960938,10602.json,NotBuggy
3,0.92386394739151,1,0,131.9385528564453,937.json,NotBuggy
3,0.8509106040000916,1,0,133.59722900390625,12481.json,NotBuggy
3,0.36107978224754333,1,0,131.03103637695312,16560.json,NotBuggy
3,0.14548726379871368,1,1,130.07347106933594,18102.json,NotBuggy
2,0.8982434272766113,1,0,138.17149353027344,17464.json,NotBuggy
11,1.5270266158040613E-4,3,8,98.9473648071289,13242.json,NotBuggy
4,0.742217481136322,1,0,125.27178192138672,2858.json,NotBuggy
6,0.34160974621772766,1,4,114.33689880371094,15120.json,NotBuggy
10,0.01796422339975834,2,7,103.3442153930664,6528.json,NotBuggy
3,0.20200324058532715,1,1,130.85629272460938,4353.json,NotBuggy
7,0.0,2,7,107.90758514404297,14726.json,NotBuggy
4,0.4946480095386505,1,0,125.27178192138672,8456.json,NotBuggy
3,0.8730796575546265,1,0,133.59722900390625,22765.json,NotBuggy
3,0.9697022438049316,1,0,132.61029052734375,5558.json,NotBuggy
4,0.623573899269104,1,0,125.64796447753906,22329.json,NotBuggy
3,0.9156070351600647,1,0,128.31268310546875,934.json,NotBuggy
4,0.7125957012176514,1,1,124.81353759765625,8815.json,NotBuggy
3,0.11649832874536514,1,1,129.37762451171875,20302.json,NotBuggy
3,0.8152434825897217,1,0,133.59722900390625,21969.json,NotBuggy
3,0.9343262910842896,1,0,134.26058959960938,6603.json,NotBuggy
3,0.4847971796989441,1,2,130.18594360351562,17104.json,NotBuggy
3,0.08694832772016525,1,4,128.21994018554688,13650.json,NotBuggy
7,0.032065995037555695,2,4,109.80904388427734,3059.json,NotBuggy
4,0.3535047471523285,1,0,125.64796447753906,21656.json,NotBuggy
5,0.7706677317619324,1,2,120.3299331665039,17874.json,NotBuggy
3,0.08130460232496262,1,2,129.0215301513672,655.json,NotBuggy
4,0.5651124119758606,1,0,125.27178192138672,18161.json,NotBuggy
5,0.003137624356895685,1,2,116.4050064086914,83.json,NotBuggy
3,0.8806297183036804,1,0,133.59722900390625,19540.json,NotBuggy
3,0.8582584857940674,1,0,133.59722900390625,4654.json,NotBuggy
10,0.7445864677429199,3,3,104.4138412475586,512.json,NotBuggy
3,0.3449696898460388,1,3,128.91311645507812,11740.json,NotBuggy
3,0.23600266873836517,1,1,130.07347106933594,9272.json,NotBuggy
3,0.6754899621009827,1,0,132.4454345703125,15160.json,NotBuggy
5,0.24329590797424316,2,4,116.28157043457031,18829.json,NotBuggy
8,0.028119083493947983,1,8,108.5897445678711,22661.json,NotBuggy
3,0.6032326221466064,1,0,131.28770446777344,10769.json,NotBuggy
4,0.49658364057540894,1,0,125.64796447753906,12622.json,NotBuggy
3,0.8763893246650696,1,0,131.9385528564453,3082.json,NotBuggy
4,0.6254518628120422,1,0,125.27178192138672,23544.json,NotBuggy
16,0.0,2,18,90.8581314086914,16085.json,NotBuggy
4,0.49684232473373413,1,0,124.26470947265625,13133.json,NotBuggy
4,0.6988435983657837,1,0,125.27178192138672,23149.json,NotBuggy
3,0.11133193224668503,1,2,129.34671020507812,8834.json,NotBuggy
6,0.03312998265028,1,5,113.90103912353516,11435.json,NotBuggy
4,0.6721028089523315,1,0,125.64796447753906,18256.json,NotBuggy
4,0.6279253959655762,1,0,125.64796447753906,16340.json,NotBuggy
3,0.8830296397209167,1,0,133.59722900390625,18155.json,NotBuggy
2,0.9978470206260681,1,0,142.4026641845703,17458.json,NotBuggy
4,0.623573899269104,1,0,125.64796447753906,23209.json,NotBuggy
14,0.0,2,18,94.21161651611328,4812.json,NotBuggy
3,0.7401793599128723,1,0,131.28770446777344,10785.json,NotBuggy
3,0.41564372181892395,1,1,130.30841064453125,9596.json,NotBuggy
6,0.17178183794021606,2,3,114.22362518310547,176.json,NotBuggy
3,0.8537255525588989,1,0,133.59722900390625,9693.json,NotBuggy
10,0.005501597188413143,1,9,103.24462127685547,15091.json,NotBuggy
6,7.594223716296256E-4,2,2,112.88314056396484,2873.json,NotBuggy
3,0.9153783321380615,1,0,133.59722900390625,23048.json,NotBuggy
3,0.9379470348358154,1,0,130.45266723632812,16707.json,NotBuggy
6,0.056654006242752075,2,3,114.34648895263672,1808.json,NotBuggy
3,0.7124625444412231,1,0,131.9385528564453,4801.json,NotBuggy
3,0.3844294250011444,1,1,130.7338104248047,8567.json,NotBuggy
6,0.07780510932207108,2,2,117.66641235351562,6933.json,NotBuggy
3,0.9009784460067749,1,0,133.59722900390625,14985.json,NotBuggy
8,0.016077963635325432,2,5,108.78446960449219,3175.json,NotBuggy
3,0.027836598455905914,1,1,129.12539672851562,605.json,NotBuggy
7,0.01300977636128664,1,4,110.33877563476562,5168.json,NotBuggy
3,1.1719483154593036E-4,1,1,126.56620788574219,612.json,NotBuggy
3,0.8983809351921082,1,0,133.59722900390625,21785.json,NotBuggy
3,0.8890010714530945,1,0,133.59722900390625,6656.json,NotBuggy
3,0.7746005654335022,1,0,130.45266723632812,8460.json,NotBuggy
4,0.3917055130004883,1,0,125.64796447753906,21836.json,NotBuggy
3,0.9346750378608704,1,0,133.59722900390625,12434.json,NotBuggy
2,0.9977049231529236,1,0,142.4026641845703,14852.json,NotBuggy
3,0.39653363823890686,1,1,130.7338104248047,136.json,NotBuggy
9,0.40909531712532043,2,5,106.55463409423828,5288.json,NotBuggy
3,0.8659671545028687,1,1,131.1535186767578,534.json,NotBuggy
3,0.9346750378608704,1,0,133.59722900390625,9833.json,NotBuggy
3,0.0,1,5,125.93712615966797,13786.json,NotBuggy
3,0.0,1,1,126.41971588134766,5389.json,NotBuggy
4,0.6617034077644348,1,0,125.27178192138672,23492.json,NotBuggy
10,0.11444485187530518,1,8,104.93682098388672,3033.json,NotBuggy
6,0.7896548509597778,2,1,117.0499496459961,17207.json,NotBuggy
3,0.7627103924751282,1,0,132.086669921875,2348.json,NotBuggy
19,0.0,3,16,88.03907775878906,6675.json,NotBuggy
8,0.5486103892326355,2,4,109.13993835449219,1757.json,NotBuggy
2,0.8597637414932251,1,0,139.0139617919922,16803.json,NotBuggy
11,0.1413385570049286,2,2,102.78661346435547,17438.json,NotBuggy
9,0.29077839851379395,3,3,107.61432647705078,1198.json,NotBuggy
3,0.9621713757514954,1,0,133.59722900390625,21733.json,NotBuggy
3,0.06634973734617233,1,1,128.4090576171875,18300.json,NotBuggy
4,0.6934614777565002,1,0,125.64796447753906,2351.json,NotBuggy
3,0.4472811818122864,1,1,132.61029052734375,6695.json,NotBuggy
4,0.09514427185058594,1,2,122.44184875488281,114.json,NotBuggy
3,0.8455864191055298,1,1,130.85629272460938,15988.json,NotBuggy
3,0.7860099077224731,1,0,133.59722900390625,1642.json,NotBuggy
4,0.7603489756584167,1,1,124.91740417480469,11656.json,NotBuggy
3,0.7589207291603088,1,0,132.25152587890625,18420.json,NotBuggy
6,0.03898560628294945,1,8,113.3419189453125,4281.json,NotBuggy
3,0.00466828141361475,1,4,127.01653289794922,11211.json,NotBuggy
3,0.07313326746225357,1,0,130.07347106933594,730.json,NotBuggy
3,0.8763893246650696,1,0,131.9385528564453,3239.json,NotBuggy
3,0.012644574977457523,1,1,128.31268310546875,17925.json,NotBuggy
3,0.9540050625801086,1,1,132.086669921875,17151.json,NotBuggy
6,0.10308244079351425,1,3,115.05393981933594,19907.json,NotBuggy
12,0.16490167379379272,1,8,100.03021240234375,4663.json,NotBuggy
3,0.6191530227661133,1,0,133.59722900390625,5201.json,NotBuggy
3,0.4641641676425934,1,2,130.30841064453125,13449.json,NotBuggy
8,0.002248842269182205,2,7,107.75645446777344,5361.json,NotBuggy
6,0.07160330563783646,1,8,112.39662170410156,4624.json,NotBuggy
4,0.7808560132980347,1,0,125.5254898071289,14773.json,NotBuggy
3,0.40705418586730957,1,1,130.45266723632812,1490.json,NotBuggy
4,0.4287251830101013,1,3,124.1488037109375,13589.json,NotBuggy
3,0.48685115575790405,1,1,131.28770446777344,1114.json,NotBuggy
3,0.9691274166107178,1,0,133.59722900390625,10344.json,NotBuggy
5,0.12022288143634796,1,0,118.90401458740234,10836.json,NotBuggy
3,0.9294750690460205,1,0,133.59722900390625,22427.json,NotBuggy
6,0.5055249333381653,2,2,114.88836669921875,19785.json,NotBuggy
22,0.0013569425791501999,5,21,84.2437744140625,7207.json,Buggy
3,0.8703395128250122,1,0,133.59722900390625,13058.json,NotBuggy
31,0.0,1,50,76.28842163085938,9244.json,NotBuggy
9,0.3692709505558014,2,5,106.55463409423828,2736.json,NotBuggy
4,0.8581339716911316,1,0,125.15930938720703,13759.json,NotBuggy
4,0.010278137400746346,1,5,121.41315460205078,3436.json,NotBuggy
10,1.1616914707701653E-4,2,8,99.93864440917969,20798.json,NotBuggy
4,0.46687212586402893,1,0,125.64796447753906,21561.json,NotBuggy
3,0.9558944702148438,1,0,133.59722900390625,23352.json,NotBuggy
4,0.365886926651001,1,3,120.96509552001953,8306.json,NotBuggy
7,0.002067058812826872,1,11,108.5072021484375,15395.json,NotBuggy
3,0.018988417461514473,1,0,129.12539672851562,991.json,NotBuggy
3,0.8768324255943298,1,2,131.75106811523438,1177.json,NotBuggy
3,0.9381090402603149,1,0,133.59722900390625,22391.json,NotBuggy
6,0.33493876457214355,2,2,115.4832992553711,5584.json,NotBuggy
4,0.6978849768638611,1,1,124.361083984375,1095.json,NotBuggy
6,0.18635450303554535,2,1,114.67958068847656,19721.json,NotBuggy
12,0.019601762294769287,3,4,99.10175323486328,18622.json,NotBuggy
10,0.9643822908401489,3,3,104.4138412475586,13630.json,NotBuggy
3,0.8537255525588989,1,0,133.59722900390625,21709.json,NotBuggy
3,0.9165305495262146,1,0,133.59722900390625,10621.json,NotBuggy
4,0.7309846878051758,2,2,122.21184539794922,8065.json,NotBuggy
4,0.7180622220039368,1,0,125.64796447753906,10562.json,NotBuggy
3,0.6284272074699402,1,1,131.43582153320312,14337.json,NotBuggy
7,0.002677357289940119,2,4,109.13788604736328,1718.json,NotBuggy
4,0.7321978807449341,1,1,125.02987670898438,6213.json,NotBuggy
4,0.4859175980091095,1,0,125.64796447753906,22703.json,NotBuggy
8,0.01698291301727295,2,6,105.95664978027344,106.json,NotBuggy
4,0.8556634783744812,1,0,125.5254898071289,19582.json,NotBuggy
5,0.003077126806601882,1,5,118.3675537109375,10717.json,NotBuggy
3,0.16062121093273163,1,1,130.18594360351562,17519.json,NotBuggy
3,0.8519220948219299,1,0,131.91592407226562,4558.json,NotBuggy
4,0.20992511510849,1,0,125.64796447753906,7250.json,NotBuggy
3,0.5341992378234863,1,0,131.91592407226562,14805.json,NotBuggy
4,0.4165765643119812,1,0,125.27178192138672,17868.json,NotBuggy
3,0.9181838035583496,1,0,133.59722900390625,14936.json,NotBuggy
3,0.39900705218315125,1,1,130.7338104248047,19649.json,NotBuggy
3,0.48200955986976624,1,1,132.79563903808594,8711.json,NotBuggy
6,0.033013928681612015,1,2,114.45925903320312,1592.json,NotBuggy
29,0.0,7,25,78.14534759521484,2302.json,NotBuggy
5,2.814719919115305E-4,1,7,115.7303695678711,2555.json,NotBuggy
4,0.0,1,8,119.40454864501953,2425.json,NotBuggy
4,0.6540771722793579,1,1,125.02987670898438,7943.json,NotBuggy
4,0.5140860080718994,1,0,125.64796447753906,12200.json,NotBuggy
8,0.01882028393447399,2,6,105.60752868652344,5069.json,NotBuggy
4,0.4846827983856201,1,0,125.64796447753906,22181.json,NotBuggy
14,0.11831631511449814,6,3,97.47432708740234,3426.json,NotBuggy
3,0.5785351395606995,2,0,130.9235076904297,14653.json,NotBuggy
3,0.9153783321380615,1,0,133.59722900390625,4947.json,NotBuggy
4,0.6009476780891418,1,0,125.27178192138672,11587.json,NotBuggy
7,0.002677357289940119,2,4,109.13788604736328,1716.json,NotBuggy
8,0.09508034586906433,2,2,106.82501220703125,6083.json,NotBuggy
3,0.6985152959823608,1,1,130.85629272460938,1649.json,NotBuggy
3,0.10745984315872192,1,1,129.93223571777344,6093.json,NotBuggy
3,0.10226605087518692,1,2,127.51214599609375,12939.json,NotBuggy
2,0.998673141002655,1,0,142.4026641845703,20617.json,NotBuggy
6,0.16134177148342133,1,4,113.3419189453125,14114.json,NotBuggy
3,0.03695978596806526,1,3,129.12539672851562,10774.json,NotBuggy
4,0.5490197539329529,1,0,125.27178192138672,10660.json,NotBuggy
15,2.264169743284583E-4,2,16,92.57237243652344,8710.json,NotBuggy
3,0.3429505527019501,1,0,133.59722900390625,23395.json,NotBuggy
3,0.9717854857444763,1,0,130.621337890625,741.json,NotBuggy
3,0.3286903500556946,1,0,131.03103637695312,16532.json,NotBuggy
4,0.7119079828262329,1,0,125.27178192138672,3295.json,NotBuggy
3,0.10298921912908554,1,2,129.2428436279297,16484.json,NotBuggy
6,0.0036531765945255756,1,8,112.21414947509766,16135.json,NotBuggy
3,0.5823855996131897,1,0,133.59722900390625,1175.json,NotBuggy
3,0.6669154167175293,1,0,131.9385528564453,21979.json,NotBuggy
2,0.9970839619636536,1,0,142.4026641845703,7082.json,NotBuggy
3,0.9462820291519165,1,0,131.1535186767578,6229.json,NotBuggy
3,0.8703395128250122,1,0,133.59722900390625,23220.json,NotBuggy
3,0.667543351650238,1,1,132.25152587890625,14318.json,NotBuggy
21,0.0016723844455555081,5,13,85.85881042480469,15679.json,NotBuggy
3,0.49505820870399475,1,0,132.9956512451172,8778.json,NotBuggy
3,0.8924594521522522,1,1,130.7338104248047,1400.json,NotBuggy
3,0.028624707832932472,1,4,128.4090576171875,19789.json,NotBuggy
4,0.606551468372345,1,0,125.64796447753906,21692.json,NotBuggy
7,0.012361935339868069,1,6,109.11824035644531,5049.json,NotBuggy
3,0.3696226179599762,1,2,129.69032287597656,12756.json,NotBuggy
3,0.7853045463562012,1,0,133.59722900390625,9096.json,NotBuggy
3,0.613985538482666,1,0,131.91592407226562,14970.json,NotBuggy
3,0.9691274166107178,1,0,133.59722900390625,11550.json,NotBuggy
18,0.00471146497875452,2,16,89.31412506103516,4477.json,NotBuggy
4,0.658963680267334,1,0,125.64796447753906,1008.json,NotBuggy
11,0.05611531063914299,1,12,102.0585708618164,7826.json,NotBuggy
4,0.4823916256427765,1,0,124.58238983154297,5133.json,NotBuggy
3,0.8794088959693909,1,0,131.91592407226562,930.json,NotBuggy
3,0.6020168662071228,1,0,133.59722900390625,23415.json,NotBuggy
5,0.6825547814369202,1,0,120.53388214111328,6944.json,NotBuggy
4,0.15564517676830292,2,3,121.39991760253906,10608.json,NotBuggy
3,0.7445013523101807,1,0,131.9385528564453,4641.json,NotBuggy
9,0.0030554221011698246,2,7,104.86132049560547,20281.json,NotBuggy
3,0.06191660836338997,1,1,132.25152587890625,16419.json,NotBuggy
8,0.11713565140962601,3,2,110.36112976074219,3869.json,NotBuggy
4,0.8704289197921753,1,0,125.64796447753906,23071.json,NotBuggy
12,0.003912331536412239,1,12,98.25144958496094,5628.json,NotBuggy
3,0.0,1,4,125.07013702392578,12672.json,Buggy
3,0.1455940157175064,1,2,128.3351287841797,10236.json,NotBuggy
10,0.004482071381062269,2,7,102.34526062011719,7804.json,NotBuggy
3,0.09244032949209213,1,3,127.59430694580078,20204.json,NotBuggy
3,0.926612377166748,1,0,133.59722900390625,8522.json,NotBuggy
9,0.0,1,8,103.25157928466797,7998.json,NotBuggy
2,0.736174464225769,1,0,137.59957885742188,13860.json,NotBuggy
4,0.03176862373948097,1,3,121.41175079345703,19345.json,NotBuggy
4,0.4170215129852295,1,0,124.58238983154297,23528.json,NotBuggy
4,0.609193742275238,1,0,125.64796447753906,2794.json,NotBuggy
7,0.08628634363412857,2,2,111.72721862792969,10315.json,NotBuggy
5,0.11629024893045425,1,4,119.49191284179688,2883.json,NotBuggy
3,0.925599992275238,1,0,133.59722900390625,23038.json,NotBuggy
3,0.7890363335609436,1,0,133.59722900390625,19686.json,NotBuggy
10,1.59587332746014E-4,2,10,102.32910919189453,12769.json,NotBuggy
3,0.09361573308706284,1,2,128.50894165039062,16907.json,NotBuggy
4,0.8503776788711548,1,0,125.5254898071289,18268.json,NotBuggy
3,0.49200063943862915,1,1,130.05470275878906,11445.json,NotBuggy
3,0.8845427632331848,1,0,131.1535186767578,9337.json,NotBuggy
3,0.9060057401657104,1,0,133.59722900390625,12311.json,NotBuggy
2,0.9977049231529236,1,0,142.4026641845703,6766.json,NotBuggy
15,0.0015620068879798055,4,12,92.86529541015625,1495.json,NotBuggy
12,0.02676442451775074,3,8,98.13003540039062,16761.json,NotBuggy
3,0.013304811902344227,1,2,128.51292419433594,12958.json,NotBuggy
17,0.0,3,31,89.53443908691406,2445.json,NotBuggy
6,0.6405289173126221,2,2,115.97023010253906,16404.json,NotBuggy
4,0.365836501121521,1,0,124.58238983154297,22924.json,NotBuggy
3,0.4314146935939789,1,1,130.34019470214844,9275.json,NotBuggy
3,0.4746858477592468,1,1,129.7158966064453,17705.json,NotBuggy
34,0.0,6,25,75.91694641113281,907.json,NotBuggy
3,0.6405757069587708,1,0,131.28770446777344,9611.json,NotBuggy
4,0.6296772956848145,1,1,124.81353759765625,15738.json,NotBuggy
4,0.7119079828262329,1,0,125.27178192138672,22742.json,NotBuggy
4,0.623573899269104,1,0,125.64796447753906,14963.json,NotBuggy
3,0.8853198885917664,1,0,133.59722900390625,10477.json,NotBuggy
6,0.1852211356163025,1,4,114.13744354248047,12128.json,NotBuggy
3,0.5997300744056702,1,0,133.59722900390625,2466.json,NotBuggy
3,0.1525460183620453,1,1,130.99049377441406,6063.json,NotBuggy
3,0.5145940184593201,1,2,129.93223571777344,1726.json,NotBuggy
4,0.5426137447357178,1,1,124.91740417480469,599.json,NotBuggy
3,0.9346750378608704,1,0,133.59722900390625,23218.json,NotBuggy
3,0.9558944702148438,1,0,133.59722900390625,21233.json,NotBuggy
12,0.02327794022858143,5,5,99.06488037109375,20863.json,NotBuggy
3,0.6920579075813293,1,0,133.59722900390625,8931.json,NotBuggy
7,0.0716436505317688,1,6,111.76256561279297,20996.json,NotBuggy
3,0.8457058072090149,1,0,133.59722900390625,8619.json,NotBuggy
3,0.4868910610675812,1,1,130.45266723632812,15716.json,NotBuggy
3,0.4049926698207855,1,1,130.7338104248047,1104.json,NotBuggy
3,0.9621713757514954,1,0,133.59722900390625,22757.json,NotBuggy
5,0.0,1,3,115.44405364990234,14449.json,NotBuggy
3,0.9558944702148438,1,0,133.59722900390625,18176.json,NotBuggy
3,0.9572683572769165,1,0,129.7158966064453,16758.json,NotBuggy
3,0.7780510783195496,1,0,131.46876525878906,19456.json,NotBuggy
3,0.7247905135154724,1,2,130.70933532714844,19320.json,NotBuggy
4,0.7151249647140503,1,0,125.27178192138672,21526.json,NotBuggy
8,0.014525449834764004,1,8,108.16619873046875,3780.json,NotBuggy
6,0.006495427340269089,1,8,112.83601379394531,16209.json,NotBuggy
3,0.9563313722610474,1,0,127.8611831665039,1111.json,NotBuggy
3,0.9691274166107178,1,0,133.59722900390625,5989.json,NotBuggy
6,0.16907452046871185,2,7,112.3557357788086,8822.json,NotBuggy
3,0.06494791060686111,1,4,126.94014739990234,4872.json,NotBuggy
14,0.1667807698249817,3,3,96.76612854003906,1063.json,NotBuggy
7,0.01145345438271761,1,7,111.52066040039062,3423.json,NotBuggy
3,0.8688637018203735,1,1,131.60296630859375,15713.json,NotBuggy
4,0.4755558669567108,1,2,125.27178192138672,16956.json,NotBuggy
3,0.8403804898262024,1,0,133.59722900390625,6654.json,NotBuggy
7,0.12146724760532379,5,4,107.68666076660156,2403.json,NotBuggy
8,0.06984155625104904,1,7,109.60633850097656,8208.json,NotBuggy
3,0.7217597365379333,1,0,133.59722900390625,3902.json,NotBuggy
11,0.0,4,14,98.2418441772461,4111.json,NotBuggy
4,0.8306323289871216,1,0,125.15930938720703,11808.json,NotBuggy
2,0.736174464225769,1,0,137.59957885742188,13856.json,NotBuggy
3,0.793246865272522,1,0,133.59722900390625,9691.json,NotBuggy
7,3.460757143329829E-4,1,1,114.899169921875,17312.json,NotBuggy
3,0.8305076956748962,1,0,132.9956512451172,10798.json,NotBuggy
4,0.6385547518730164,1,0,125.64796447753906,18470.json,NotBuggy
8,0.014370129443705082,2,6,107.03741455078125,13178.json,NotBuggy
4,0.7119079828262329,1,0,125.27178192138672,23532.json,NotBuggy
4,0.8021368384361267,1,0,125.15930938720703,16336.json,NotBuggy
4,0.6297064423561096,1,0,125.64796447753906,11911.json,NotBuggy
10,9.220516658388078E-4,1,12,103.13742065429688,23299.json,NotBuggy
3,0.8591899871826172,1,0,131.43582153320312,14817.json,NotBuggy
3,0.8525376319885254,1,1,132.61029052734375,27.json,NotBuggy
12,0.19598102569580078,5,0,100.59161376953125,8414.json,NotBuggy
12,0.03353272005915642,1,7,100.75096893310547,12684.json,NotBuggy
4,0.6988435983657837,1,0,125.27178192138672,3068.json,NotBuggy
4,0.4585473835468292,1,1,124.05243682861328,9269.json,NotBuggy
3,0.005505303852260113,1,3,126.49983978271484,11462.json,NotBuggy
8,0.04199276864528656,2,6,106.33386993408203,5193.json,NotBuggy
4,0.7119079828262329,1,0,125.27178192138672,21644.json,NotBuggy
3,0.9197396636009216,1,0,133.59722900390625,15872.json,NotBuggy
3,0.8814632296562195,1,0,133.59722900390625,11168.json,NotBuggy
3,0.6023920178413391,1,1,128.83535766601562,14042.json,NotBuggy
4,0.8133049607276917,1,0,125.15930938720703,9600.json,NotBuggy
7,0.027065053582191467,2,3,110.52294921875,17697.json,NotBuggy
3,0.9267070293426514,1,0,133.59722900390625,8008.json,NotBuggy
8,0.031621746718883514,1,8,108.5897445678711,22662.json,NotBuggy
3,0.7279546856880188,1,0,133.59722900390625,7893.json,NotBuggy
3,0.3968536853790283,1,1,129.81976318359375,8889.json,NotBuggy
4,0.0,1,8,119.18046569824219,14529.json,NotBuggy
4,0.7044928669929504,1,0,125.27178192138672,21762.json,NotBuggy
7,0.060497935861349106,2,3,111.11923217773438,397.json,NotBuggy
3,0.8466514945030212,1,1,131.46876525878906,15990.json,NotBuggy
33,0.0,1,119,72.9633560180664,7783.json,NotBuggy
3,0.0014141377760097384,1,0,126.94014739990234,18935.json,NotBuggy
4,6.617132457904518E-4,1,4,120.35528564453125,2929.json,NotBuggy
3,0.925599992275238,1,0,133.59722900390625,12904.json,NotBuggy
3,0.04474753886461258,1,2,127.51214599609375,11203.json,NotBuggy
3,0.6742756366729736,1,0,133.59722900390625,11881.json,NotBuggy
3,0.4388713240623474,1,0,133.59722900390625,1247.json,NotBuggy
9,0.7258942127227783,2,3,108.83377838134766,17347.json,NotBuggy
3,0.9282047152519226,1,0,133.59722900390625,3213.json,NotBuggy
8,0.001807771623134613,1,9,107.92092895507812,23232.json,NotBuggy
6,0.6772268414497375,2,0,137.9091339111328,20438.json,NotBuggy
13,0.3509722054004669,4,2,98.42039489746094,6314.json,NotBuggy
4,0.6254704594612122,1,0,125.27178192138672,22046.json,NotBuggy
3,0.23952531814575195,1,5,127.09538269042969,5717.json,NotBuggy
3,0.614356517791748,1,1,131.75106811523438,5860.json,NotBuggy
3,0.7959065437316895,1,0,132.9956512451172,4461.json,NotBuggy
12,0.2787413001060486,3,2,100.42864990234375,20008.json,NotBuggy
3,0.9528924226760864,1,0,129.7158966064453,16767.json,NotBuggy
3,0.850900411605835,1,1,132.25152587890625,1201.json,NotBuggy
3,0.18046069145202637,1,1,127.76728820800781,1820.json,NotBuggy
3,0.24129876494407654,1,1,130.07347106933594,15967.json,NotBuggy
4,0.623573899269104,1,0,125.64796447753906,23053.json,NotBuggy
3,0.9294750690460205,1,0,133.59722900390625,3103.json,NotBuggy
3,0.9834396839141846,1,0,130.05470275878906,5696.json,NotBuggy
4,0.6114159226417542,1,1,125.27178192138672,1076.json,NotBuggy
5,0.3281899392604828,1,2,118.07797241210938,12055.json,NotBuggy
7,0.3089500963687897,2,2,112.11597442626953,17327.json,NotBuggy
4,0.23830606043338776,1,1,124.26470947265625,18477.json,NotBuggy
3,0.8323554992675781,1,0,133.59722900390625,18674.json,NotBuggy
4,0.7396451830863953,1,0,125.5254898071289,9670.json,NotBuggy
3,0.00606706365942955,1,0,127.79666137695312,2120.json,NotBuggy
4,0.0,1,4,120.62898254394531,20320.json,NotBuggy
3,0.6116673946380615,1,0,133.59722900390625,20676.json,NotBuggy
8,0.5737338662147522,3,3,108.27788543701172,2741.json,NotBuggy
4,0.6617034077644348,1,0,125.27178192138672,21504.json,NotBuggy
4,0.22041217982769012,1,0,124.58238983154297,22900.json,NotBuggy
11,1.964225375559181E-4,2,11,98.39603424072266,20425.json,NotBuggy
9,0.053570665419101715,1,3,105.4771957397461,12847.json,NotBuggy
4,0.625913679599762,1,0,125.64796447753906,23251.json,NotBuggy
5,0.0,1,3,115.35023498535156,14450.json,NotBuggy
3,0.9318479895591736,1,0,133.59722900390625,4279.json,NotBuggy
3,0.950853705406189,1,0,133.59722900390625,11162.json,NotBuggy
4,0.8611595034599304,1,0,126.19583892822266,9688.json,NotBuggy
3,0.8828085660934448,1,0,133.59722900390625,18355.json,NotBuggy
5,0.0013540209038183093,2,4,115.80237579345703,4356.json,NotBuggy
14,0.09490076452493668,2,7,97.57450103759766,20296.json,NotBuggy
3,0.6941432356834412,1,1,130.99049377441406,6544.json,NotBuggy
3,0.521538257598877,1,0,132.086669921875,19919.json,NotBuggy
3,0.5016465783119202,1,0,129.0215301513672,1113.json,NotBuggy
3,0.9533563256263733,1,0,129.7158966064453,16748.json,NotBuggy
7,0.046055570244789124,2,5,110.20597076416016,5183.json,NotBuggy
3,0.9346750378608704,1,0,133.59722900390625,5658.json,NotBuggy
3,0.8744332790374756,1,0,133.59722900390625,3690.json,NotBuggy
4,0.4859175980091095,1,0,125.64796447753906,22677.json,NotBuggy
4,0.6206701993942261,1,0,125.64796447753906,6746.json,NotBuggy
3,0.6180086135864258,1,1,132.25152587890625,15268.json,NotBuggy
3,0.9294750690460205,1,0,133.59722900390625,3099.json,NotBuggy
3,0.007793217431753874,1,1,127.8512954711914,17299.json,NotBuggy
6,0.08992639183998108,2,3,118.8780288696289,3891.json,NotBuggy
14,8.248701924458146E-4,4,11,93.9127426147461,20387.json,Buggy
3,0.8763893246650696,1,0,131.9385528564453,3234.json,NotBuggy
3,0.8237720727920532,1,0,133.59722900390625,3945.json,NotBuggy
14,0.13413682579994202,3,5,96.3444595336914,5474.json,NotBuggy
3,0.9476040005683899,1,0,133.59722900390625,19475.json,NotBuggy
3,0.9621713757514954,1,0,133.59722900390625,22164.json,NotBuggy
3,0.8853784203529358,1,0,131.03103637695312,9586.json,NotBuggy
9,0.0012979039456695318,2,8,105.29708862304688,14504.json,NotBuggy
8,0.0,2,12,103.66741943359375,4472.json,Buggy
3,0.0010117043275386095,1,3,126.20867156982422,17014.json,NotBuggy
4,0.7119079828262329,1,0,125.27178192138672,22954.json,NotBuggy
8,0.029509399086236954,2,6,108.63074493408203,14416.json,NotBuggy
13,0.14465291798114777,3,5,98.43416595458984,18294.json,NotBuggy
3,0.40444356203079224,1,1,130.30841064453125,12776.json,NotBuggy
3,0.05897177383303642,1,1,129.34671020507812,15865.json,NotBuggy
3,0.7048301100730896,1,1,132.25152587890625,12372.json,NotBuggy
5,0.31960251927375793,1,2,122.03304290771484,4722.json,NotBuggy
4,0.7499582767486572,1,0,125.64796447753906,11841.json,NotBuggy
10,0.0016859081806614995,1,11,103.99359893798828,7156.json,NotBuggy
3,0.008516879752278328,1,4,127.17938995361328,10201.json,NotBuggy
4,0.4859175980091095,1,0,125.64796447753906,23456.json,NotBuggy
3,0.07357481867074966,1,1,128.8092498779297,1778.json,NotBuggy
3,0.6920579075813293,1,0,133.59722900390625,16342.json,NotBuggy
3,0.4807950556278229,1,0,132.9956512451172,20820.json,NotBuggy
5,0.16595374047756195,1,5,118.90116882324219,9190.json,NotBuggy
2,0.7602106928825378,1,0,137.59957885742188,13706.json,NotBuggy
7,0.5798345804214478,2,2,112.83319091796875,4303.json,NotBuggy
11,0.0015197632601484656,2,10,101.14266967773438,7079.json,NotBuggy
14,3.0220235930755734E-4,2,9,96.10301208496094,15130.json,NotBuggy
3,0.7853045463562012,1,0,133.59722900390625,3965.json,NotBuggy
6,0.0,1,10,111.6943588256836,8482.json,NotBuggy
3,0.9294750690460205,1,0,133.59722900390625,20911.json,NotBuggy
4,0.4520498216152191,1,1,123.87862396240234,6361.json,NotBuggy
3,0.7542890310287476,1,0,133.59722900390625,1325.json,NotBuggy
7,0.0,1,12,107.51371765136719,10308.json,NotBuggy
3,0.7698478698730469,1,0,132.4454345703125,16824.json,NotBuggy
8,0.2738422453403473,2,2,110.59112548828125,17353.json,NotBuggy
3,0.9621713757514954,1,0,133.59722900390625,21024.json,NotBuggy
36,0.0,4,34,74.09207153320312,14061.json,Buggy
3,0.9732950329780579,1,1,129.2428436279297,11575.json,NotBuggy
3,0.3337128460407257,1,2,129.2428436279297,12850.json,NotBuggy
3,0.04873102530837059,1,1,128.1235809326172,1379.json,NotBuggy
3,0.11816969513893127,1,2,128.4090576171875,7028.json,NotBuggy
11,0.08262863010168076,3,11,100.1800765991211,20411.json,NotBuggy
3,0.9621713757514954,1,0,133.59722900390625,23350.json,NotBuggy
3,0.8477870225906372,1,0,133.59722900390625,2324.json,NotBuggy
4,0.9000774025917053,1,0,126.94251251220703,16994.json,NotBuggy
3,0.0844123363494873,1,3,128.31268310546875,8272.json,NotBuggy
3,0.8965196013450623,1,0,133.59722900390625,9657.json,NotBuggy
4,0.623573899269104,1,0,125.64796447753906,23167.json,NotBuggy
18,0.013754925690591335,3,10,90.59088134765625,35.json,NotBuggy
3,0.9169319272041321,1,0,133.59722900390625,18471.json,NotBuggy
3,0.9023971557617188,1,0,133.59722900390625,17348.json,NotBuggy
5,0.001680495566688478,1,3,118.90401458740234,10558.json,NotBuggy
3,0.5916086435317993,1,0,133.59722900390625,14940.json,NotBuggy
3,0.39489054679870605,1,1,130.34019470214844,8220.json,NotBuggy
14,0.019545510411262512,1,11,95.2904052734375,5452.json,NotBuggy
3,0.03689387068152428,1,3,129.12539672851562,11870.json,NotBuggy
8,0.20200443267822266,3,2,109.72416687011719,18261.json,NotBuggy
3,0.9155958294868469,1,0,132.4454345703125,14391.json,NotBuggy
11,0.001981070265173912,2,11,100.38370513916016,4929.json,NotBuggy
3,0.3720870614051819,1,0,133.59722900390625,23376.json,NotBuggy
3,0.5185884833335876,2,2,127.31407928466797,11865.json,NotBuggy
9,0.2216813713312149,3,3,105.99813842773438,8518.json,NotBuggy
3,0.2725014388561249,1,0,130.57513427734375,5654.json,NotBuggy
4,0.7234498262405396,1,0,125.64796447753906,23097.json,NotBuggy
3,0.8182704448699951,1,0,133.59722900390625,10486.json,NotBuggy
3,0.8353855013847351,1,0,133.59722900390625,22501.json,NotBuggy
6,0.6079390048980713,2,1,115.71755981445312,17077.json,NotBuggy
3,0.6591586470603943,1,0,133.59722900390625,1016.json,NotBuggy
3,0.8763893246650696,1,0,131.9385528564453,3232.json,NotBuggy
3,0.9294750690460205,1,0,133.59722900390625,23150.json,NotBuggy
9,0.09190032631158829,2,6,103.89791870117188,6272.json,NotBuggy
7,0.1116587445139885,1,6,111.8255386352539,22175.json,NotBuggy
3,0.8910459876060486,1,0,133.59722900390625,20979.json,NotBuggy
3,0.803116500377655,1,0,133.59722900390625,4672.json,NotBuggy
3,0.8353855013847351,1,0,133.59722900390625,12199.json,NotBuggy
8,0.02486223354935646,1,8,108.75569152832031,21282.json,NotBuggy
3,0.8152434825897217,1,0,133.59722900390625,21239.json,NotBuggy
3,0.1979498267173767,1,3,128.60531616210938,10707.json,NotBuggy
3,0.7542890310287476,1,0,133.59722900390625,1281.json,NotBuggy
3,0.7455846667289734,1,0,129.61952209472656,3480.json,NotBuggy
3,0.1900022178888321,1,1,129.14646911621094,1418.json,NotBuggy
3,0.8423022031784058,1,1,132.4454345703125,16416.json,NotBuggy
3,0.6642299890518188,1,0,131.28770446777344,18499.json,NotBuggy
3,0.8736476302146912,1,0,130.99049377441406,19146.json,NotBuggy
6,0.0,1,11,109.02967071533203,8890.json,NotBuggy
3,0.9000744223594666,1,0,133.59722900390625,13204.json,NotBuggy
3,0.8242781162261963,1,2,129.81976318359375,384.json,NotBuggy
13,0.0,1,24,95.09132385253906,7799.json,NotBuggy
3,0.9446148872375488,1,0,132.9956512451172,20825.json,NotBuggy
5,0.18309791386127472,1,2,118.37519836425781,14909.json,NotBuggy
3,0.0,1,2,127.42921447753906,13181.json,NotBuggy
4,0.725691020488739,1,0,125.64796447753906,13582.json,NotBuggy
3,0.9136298298835754,1,0,133.59722900390625,9890.json,NotBuggy
3,0.7135065793991089,1,1,130.99049377441406,19307.json,NotBuggy
19,4.981575184501708E-4,3,18,87.91683197021484,3697.json,NotBuggy
3,0.22425761818885803,1,3,127.68843078613281,10165.json,NotBuggy
17,0.0,3,19,89.83663177490234,4127.json,NotBuggy
3,0.689490020275116,1,1,130.45266723632812,4869.json,NotBuggy
4,0.7849471569061279,1,1,125.15930938720703,15887.json,NotBuggy
4,0.47843313217163086,1,3,122.3560791015625,14517.json,NotBuggy
4,0.7256754636764526,1,0,125.27178192138672,23007.json,NotBuggy
5,0.6300882697105408,1,2,120.03731536865234,7974.json,NotBuggy
18,0.009814467281103134,3,17,89.67184448242188,2438.json,NotBuggy
44,0.0,2,4,72.86965942382812,20683.json,NotBuggy
3,0.9621713757514954,1,0,133.59722900390625,23008.json,NotBuggy
5,8.608042844571173E-4,2,9,115.30775451660156,3749.json,NotBuggy
3,0.8152434825897217,1,0,133.59722900390625,21807.json,NotBuggy
10,0.029765261337161064,2,6,104.03091430664062,15908.json,NotBuggy
6,0.8375881910324097,1,0,117.59266662597656,14031.json,NotBuggy
3,0.7244874238967896,1,0,132.086669921875,17993.json,NotBuggy
3,0.8763893246650696,1,0,131.9385528564453,15566.json,NotBuggy
3,0.05225877836346626,1,2,128.50894165039062,18618.json,NotBuggy
8,0.0015411319909617305,2,5,107.36966705322266,12919.json,NotBuggy
4,0.11477247625589371,1,2,123.65223693847656,15003.json,NotBuggy
4,0.816085159778595,1,0,124.58238983154297,12480.json,NotBuggy
3,0.7589814066886902,1,0,133.59722900390625,12360.json,NotBuggy
8,0.007632676512002945,1,8,108.01911163330078,2560.json,NotBuggy
4,0.7119079828262329,1,0,125.27178192138672,22938.json,NotBuggy
16,0.0027760404627770185,2,12,92.3720703125,6561.json,Buggy
3,0.8353855013847351,1,0,133.59722900390625,13850.json,NotBuggy
3,0.38565680384635925,1,0,133.59722900390625,23373.json,NotBuggy
4,0.4859175980091095,1,0,125.64796447753906,22822.json,NotBuggy
3,0.1794658601284027,1,1,131.43582153320312,6097.json,NotBuggy
3,0.07978901267051697,1,1,129.81280517578125,5905.json,NotBuggy
10,0.05209362134337425,1,6,104.50616455078125,14620.json,NotBuggy
4,0.07196561247110367,1,1,124.1488037109375,19705.json,NotBuggy
8,0.012127496302127838,3,3,107.46369171142578,20272.json,NotBuggy
15,8.017295622266829E-4,4,13,93.46613311767578,5386.json,NotBuggy
8,0.08077241480350494,3,3,108.66363525390625,18401.json,NotBuggy
5,0.0191782359033823,1,8,116.68553161621094,10596.json,NotBuggy
9,0.05198949947953224,2,5,106.55463409423828,3770.json,NotBuggy
4,0.7764673233032227,1,2,124.4649429321289,2582.json,NotBuggy
3,0.9457477331161499,1,0,133.59722900390625,23128.json,NotBuggy
3,0.8152434825897217,1,0,133.59722900390625,3098.json,NotBuggy
4,0.42660942673683167,1,0,125.64796447753906,12720.json,NotBuggy
3,6.709021399728954E-4,1,0,127.09538269042969,18942.json,NotBuggy
17,0.0,2,17,88.42413330078125,5030.json,NotBuggy
4,0.7119079828262329,1,0,125.27178192138672,2188.json,NotBuggy
7,0.0,1,12,108.5072021484375,10229.json,NotBuggy
3,0.3274601399898529,1,2,130.70933532714844,15357.json,NotBuggy
3,0.8675491213798523,1,0,133.59722900390625,16501.json,NotBuggy
4,0.6647348999977112,1,0,125.64796447753906,10779.json,NotBuggy
3,0.8793336153030396,1,0,133.59722900390625,22031.json,NotBuggy
3,1.3148100697435439E-4,1,1,127.09538269042969,9359.json,NotBuggy
4,0.3936813473701477,1,2,121.55042266845703,19933.json,NotBuggy
3,0.4566384553909302,1,1,129.93223571777344,12508.json,NotBuggy
3,0.8703395128250122,1,0,133.59722900390625,23210.json,NotBuggy
3,0.10219048708677292,1,0,129.34671020507812,14810.json,NotBuggy
3,0.6150108575820923,1,0,133.59722900390625,9779.json,NotBuggy
3,0.8125036954879761,1,0,133.59722900390625,1048.json,NotBuggy
10,1.7906272842083126E-4,3,11,101.26671600341797,15239.json,NotBuggy
3,0.4777446389198303,1,0,133.59722900390625,488.json,NotBuggy
3,0.2577795088291168,1,1,131.60296630859375,19313.json,NotBuggy
4,0.4859175980091095,1,0,125.64796447753906,22808.json,NotBuggy
18,1.6891761333681643E-4,4,14,89.77854919433594,9034.json,Buggy
4,0.4859175980091095,1,0,125.64796447753906,22802.json,NotBuggy
3,0.8152434825897217,1,0,133.59722900390625,22450.json,NotBuggy
4,0.6932392120361328,1,2,125.78216552734375,20529.json,NotBuggy
8,0.020989859476685524,1,8,108.65271759033203,22983.json,NotBuggy
4,0.7153646349906921,1,0,125.5254898071289,10387.json,NotBuggy
3,0.06415893882513046,1,0,126.2267074584961,19916.json,NotBuggy
3,0.899881899356842,1,0,133.59722900390625,2678.json,NotBuggy
3,0.07143022119998932,1,2,128.70916748046875,10137.json,NotBuggy
12,0.0,3,16,97.64837646484375,8683.json,NotBuggy
3,0.5167108774185181,1,0,133.59722900390625,1617.json,NotBuggy
4,0.6426549553871155,1,0,125.27178192138672,12430.json,NotBuggy
3,0.9381090402603149,1,0,133.59722900390625,21269.json,NotBuggy
8,0.029766684398055077,2,5,106.7676010131836,3672.json,NotBuggy
15,5.880323587916791E-4,1,16,94.67233276367188,3454.json,NotBuggy
6,0.8760112524032593,1,2,115.78799438476562,19452.json,NotBuggy
3,0.03333224356174469,1,1,131.75106811523438,5888.json,NotBuggy
4,0.606551468372345,1,0,125.64796447753906,22341.json,NotBuggy
4,0.606551468372345,1,0,125.64796447753906,20884.json,NotBuggy
4,0.7119079828262329,1,0,125.27178192138672,2451.json,NotBuggy
3,0.3493717908859253,1,2,128.3351287841797,12491.json,NotBuggy
5,0.43975159525871277,1,2,120.74615478515625,20800.json,NotBuggy
3,0.9258068799972534,1,0,133.59722900390625,910.json,NotBuggy
4,0.6052833199501038,1,0,125.64796447753906,17857.json,NotBuggy
6,0.5114001035690308,1,4,115.27146911621094,3437.json,NotBuggy
4,0.7360889911651611,1,2,125.78216552734375,13400.json,NotBuggy
3,0.18899868428707123,1,1,130.99049377441406,5873.json,NotBuggy
4,0.8112392425537109,1,0,125.5254898071289,10603.json,NotBuggy
3,0.6612548232078552,1,0,131.46876525878906,1570.json,NotBuggy
3,0.6991680860519409,1,1,130.99049377441406,21194.json,NotBuggy
3,0.3735424876213074,1,1,130.34019470214844,16199.json,NotBuggy
8,0.0490049347281456,2,5,108.0998306274414,13187.json,NotBuggy
5,0.24317798018455505,1,3,118.5140380859375,10366.json,NotBuggy
13,0.0,1,12,94.71405792236328,7980.json,NotBuggy
7,0.4738343060016632,1,3,111.76954650878906,941.json,NotBuggy
4,0.8338580131530762,1,0,125.15930938720703,239.json,NotBuggy
3,0.8767094016075134,1,0,133.59722900390625,22724.json,NotBuggy
4,0.3510301113128662,1,2,124.1488037109375,6225.json,NotBuggy
3,0.9621713757514954,1,0,133.59722900390625,4067.json,NotBuggy
3,0.8469562530517578,1,0,132.4454345703125,19311.json,NotBuggy
4,0.4755558669567108,1,2,125.27178192138672,16953.json,NotBuggy
3,0.8353855013847351,1,0,133.59722900390625,15630.json,NotBuggy
3,0.6955319046974182,1,1,130.85629272460938,17873.json,NotBuggy
3,0.6920579075813293,1,0,133.59722900390625,11532.json,NotBuggy
3,0.11571063846349716,1,1,130.07347106933594,16511.json,NotBuggy
3,0.09662923216819763,1,1,129.2428436279297,15045.json,NotBuggy
3,0.38816043734550476,1,0,130.30841064453125,16899.json,NotBuggy
4,0.521520733833313,1,0,125.64796447753906,11319.json,NotBuggy
23,0.0036394172348082066,7,10,84.42002868652344,18959.json,Buggy
4,0.7527218461036682,1,1,124.4649429321289,6980.json,NotBuggy
14,0.0017943099373951554,3,11,94.93791198730469,10038.json,NotBuggy
18,0.0,5,15,89.42391204833984,3478.json,NotBuggy
6,0.0,1,4,111.70226287841797,1299.json,NotBuggy
3,0.8934524059295654,1,1,132.086669921875,5142.json,NotBuggy
7,0.0418965220451355,1,6,112.69537353515625,5407.json,NotBuggy
4,0.625913679599762,1,0,125.64796447753906,21826.json,NotBuggy
3,0.8536105751991272,1,2,131.75106811523438,15880.json,NotBuggy
3,0.8370397090911865,1,1,132.25152587890625,20738.json,NotBuggy
3,0.603922963142395,1,1,131.28770446777344,8562.json,NotBuggy
4,0.0,1,5,118.56218719482422,5248.json,NotBuggy
3,0.9427116513252258,1,0,133.59722900390625,21042.json,NotBuggy
17,0.004672550596296787,4,11,90.13519287109375,9189.json,NotBuggy
3,0.011747414246201515,1,2,128.712890625,13680.json,NotBuggy
4,0.5593329071998596,1,0,125.64796447753906,10290.json,NotBuggy
12,0.21702894568443298,4,1,99.69773864746094,20193.json,NotBuggy
4,0.5865752100944519,1,0,125.64796447753906,1542.json,NotBuggy
10,0.0,2,14,101.19918060302734,2622.json,NotBuggy
4,0.5873963832855225,1,0,126.04888916015625,2690.json,NotBuggy
3,0.7285370230674744,1,1,132.25152587890625,17906.json,NotBuggy
7,0.059364624321460724,2,4,110.09941101074219,6276.json,NotBuggy
5,0.23068954050540924,1,3,116.18830871582031,20775.json,NotBuggy
3,0.15500587224960327,1,2,128.3351287841797,13154.json,NotBuggy
4,0.7256754636764526,1,0,125.27178192138672,21766.json,NotBuggy
5,0.22569818794727325,1,4,117.93550109863281,4400.json,NotBuggy
4,0.606551468372345,1,0,125.64796447753906,21254.json,NotBuggy
9,0.8147470951080322,2,4,106.43616485595703,6032.json,NotBuggy
3,0.9442099928855896,1,0,130.45266723632812,19759.json,Buggy
4,0.5967966914176941,1,0,125.27178192138672,22455.json,NotBuggy
3,0.7253772020339966,1,0,133.59722900390625,7061.json,NotBuggy
13,0.008186733350157738,3,9,97.49382781982422,5358.json,NotBuggy
4,0.511468768119812,1,0,124.26470947265625,10815.json,NotBuggy
4,0.6316621899604797,1,0,125.64796447753906,23077.json,NotBuggy
4,0.7340254187583923,1,0,125.78216552734375,18275.json,NotBuggy
4,0.7256754636764526,1,0,125.27178192138672,21668.json,NotBuggy
3,0.7487351298332214,1,0,133.59722900390625,20650.json,NotBuggy
3,0.18492409586906433,1,1,130.99049377441406,6089.json,NotBuggy
6,0.0018763270927593112,1,9,111.69737243652344,2732.json,NotBuggy
3,0.7965894937515259,1,0,131.9385528564453,8535.json,NotBuggy
10,0.6126909852027893,3,3,104.10063934326172,11493.json,NotBuggy
3,0.6012694239616394,1,0,133.59722900390625,22218.json,NotBuggy
3,0.8369324207305908,1,0,133.59722900390625,6504.json,NotBuggy
3,0.6292991638183594,1,0,133.59722900390625,23375.json,NotBuggy
3,0.39786800742149353,1,2,129.34671020507812,11777.json,NotBuggy
3,0.19906291365623474,1,1,130.99049377441406,6098.json,NotBuggy
3,0.9340493083000183,1,0,133.59722900390625,17908.json,NotBuggy
3,0.793246865272522,1,0,133.59722900390625,13628.json,NotBuggy
4,0.5422448515892029,1,0,125.64796447753906,21512.json,NotBuggy
10,0.6488319039344788,3,3,104.4138412475586,20399.json,NotBuggy
4,0.4694291651248932,1,0,125.27178192138672,12009.json,NotBuggy
4,0.49658364057540894,1,0,125.64796447753906,11829.json,NotBuggy
3,0.9557621479034424,1,0,132.9956512451172,6782.json,Buggy
5,0.11741108447313309,1,3,116.45709991455078,530.json,NotBuggy
3,0.7589814066886902,1,0,133.59722900390625,12318.json,NotBuggy
3,0.3951875567436218,1,0,134.26058959960938,5124.json,NotBuggy
5,0.08312183618545532,1,4,118.0864028930664,1301.json,NotBuggy
3,0.7693724036216736,1,0,133.59722900390625,11920.json,NotBuggy
4,0.8019937872886658,2,2,122.21184539794922,18090.json,NotBuggy
8,0.013420921750366688,1,8,108.31733703613281,4320.json,NotBuggy
4,0.7587562203407288,1,0,125.64796447753906,19476.json,NotBuggy
4,0.7044928669929504,1,0,125.27178192138672,23163.json,NotBuggy
4,0.44361746311187744,1,0,125.64796447753906,12093.json,NotBuggy
5,0.0013684607110917568,1,5,117.12834930419922,20856.json,NotBuggy
4,0.6067095398902893,1,0,125.64796447753906,22902.json,NotBuggy
14,3.0220235930755734E-4,2,9,96.10301208496094,15129.json,NotBuggy
3,0.2179005742073059,1,1,129.14646911621094,1395.json,NotBuggy
4,0.49473878741264343,1,0,125.64796447753906,2541.json,NotBuggy
3,0.0,1,3,125.94194793701172,2829.json,NotBuggy
3,0.8427528142929077,1,1,132.25152587890625,14612.json,NotBuggy
4,0.6254518628120422,1,0,125.27178192138672,22689.json,NotBuggy
14,0.0,4,32,92.14622497558594,22654.json,NotBuggy
5,0.01668190211057663,1,2,118.4515609741211,6916.json,NotBuggy
8,0.010779931209981441,2,6,105.81417846679688,108.json,NotBuggy
3,0.9165305495262146,1,0,133.59722900390625,1489.json,NotBuggy
3,0.7733196020126343,1,0,131.9385528564453,13751.json,NotBuggy
6,0.02462087571620941,2,3,113.78789520263672,3265.json,NotBuggy
4,0.7256754636764526,1,0,125.27178192138672,23576.json,NotBuggy
3,0.9457477331161499,1,0,133.59722900390625,22990.json,NotBuggy
3,0.7524861693382263,1,0,134.26058959960938,2011.json,NotBuggy
3,0.546362578868866,1,1,131.75106811523438,5946.json,NotBuggy
5,0.36285361647605896,2,3,117.56822967529297,8519.json,NotBuggy
5,0.0015785048017278314,1,1,116.91962432861328,17127.json,NotBuggy
3,0.8853198885917664,1,0,133.59722900390625,23026.json,NotBuggy
4,0.6964671015739441,1,1,126.19583892822266,15166.json,NotBuggy
3,0.44706887006759644,1,1,130.30841064453125,11199.json,Buggy
3,0.9764177799224854,1,1,130.85629272460938,20032.json,NotBuggy
3,0.7066892981529236,1,1,130.85629272460938,8197.json,NotBuggy
3,0.9476040005683899,1,0,133.59722900390625,6345.json,NotBuggy
4,0.5250394344329834,1,0,125.27178192138672,11806.json,NotBuggy
20,0.0,1,63,84.28965759277344,7803.json,NotBuggy
5,0.014809956774115562,1,2,117.53816986083984,1546.json,NotBuggy
3,0.8936222195625305,1,0,133.59722900390625,6057.json,NotBuggy
3,0.5546029210090637,2,2,128.6053466796875,10654.json,NotBuggy
4,0.4859175980091095,1,0,125.64796447753906,22126.json,NotBuggy
3,0.82472825050354,1,1,131.28770446777344,16407.json,NotBuggy
3,0.10190242528915405,1,4,127.67500305175781,14525.json,NotBuggy
7,0.0012724555563181639,1,7,110.48055267333984,4790.json,NotBuggy
3,0.45133689045906067,1,0,132.4454345703125,20821.json,NotBuggy
3,0.34586289525032043,1,0,131.28770446777344,8461.json,NotBuggy
4,0.7499582767486572,1,0,125.64796447753906,11835.json,NotBuggy
3,0.9500990509986877,1,0,129.7158966064453,16752.json,NotBuggy
3,0.8828576803207397,1,1,131.60296630859375,6775.json,Buggy
12,0.03384925052523613,1,8,100.1854476928711,9162.json,NotBuggy
3,0.8853198885917664,1,0,133.59722900390625,22805.json,NotBuggy
3,0.9475016593933105,1,0,133.59722900390625,3017.json,NotBuggy
3,0.7436319589614868,1,0,133.59722900390625,10573.json,NotBuggy
8,0.04717365652322769,2,9,107.32735443115234,7874.json,NotBuggy
4,0.6623904705047607,1,0,125.27178192138672,10817.json,NotBuggy
4,0.623573899269104,1,0,125.64796447753906,22155.json,NotBuggy
3,0.8325664401054382,1,1,130.45266723632812,3150.json,NotBuggy
4,0.8095940947532654,1,0,125.5254898071289,9646.json,NotBuggy
3,0.9060057401657104,1,0,133.59722900390625,12356.json,NotBuggy
10,0.7619326114654541,3,3,104.4138412475586,17569.json,NotBuggy
24,3.4963051439262927E-4,4,15,81.48098754882812,993.json,Buggy
3,0.7878124713897705,1,0,131.91592407226562,9340.json,NotBuggy
11,0.0,1,17,99.16866302490234,11338.json,NotBuggy
7,0.03866054117679596,2,4,110.45449829101562,4232.json,NotBuggy
10,0.0014889106387272477,2,5,101.38197326660156,2305.json,NotBuggy
3,0.7843428254127502,1,0,131.9385528564453,15938.json,NotBuggy
3,0.13636283576488495,1,1,130.07347106933594,6322.json,NotBuggy
22,0.17328429222106934,6,9,85.749267578125,5480.json,Buggy
3,0.17777730524539948,1,2,127.76480865478516,7806.json,NotBuggy
3,0.9457477331161499,1,0,133.59722900390625,14956.json,NotBuggy
3,0.9621713757514954,1,0,133.59722900390625,21028.json,NotBuggy
10,4.161499091424048E-4,2,8,100.5817642211914,14661.json,Buggy
4,0.7119079828262329,1,0,125.27178192138672,4708.json,NotBuggy
3,0.39791783690452576,1,2,128.3351287841797,10906.json,NotBuggy
3,0.9558944702148438,1,0,133.59722900390625,23006.json,NotBuggy
3,0.6167619228363037,1,0,132.9956512451172,1786.json,NotBuggy
14,0.012250024825334549,3,6,96.04044342041016,11006.json,NotBuggy
3,0.4938339591026306,1,0,130.30841064453125,17948.json,NotBuggy
9,0.0030840914696455,2,7,104.69528198242188,2626.json,NotBuggy
11,0.0,1,31,95.69291687011719,3742.json,NotBuggy
3,0.6722716689109802,1,1,131.60296630859375,753.json,NotBuggy
9,0.004979066085070372,1,9,104.12792205810547,9841.json,NotBuggy
3,0.4218486249446869,1,1,130.30841064453125,13156.json,NotBuggy
3,0.8831847906112671,1,2,129.93223571777344,3111.json,NotBuggy
4,0.6627662181854248,1,0,125.64796447753906,18279.json,NotBuggy
3,0.2242075502872467,1,2,129.81280517578125,8651.json,NotBuggy
5,0.16000491380691528,1,5,115.49394989013672,9922.json,NotBuggy
4,0.823269248008728,1,0,125.5254898071289,10577.json,NotBuggy
3,0.8782468438148499,1,0,133.59722900390625,20195.json,NotBuggy
3,0.8639432191848755,1,0,133.59722900390625,2538.json,NotBuggy
3,0.7138606309890747,1,1,132.61029052734375,8899.json,NotBuggy
3,0.8244766592979431,1,1,132.25152587890625,14634.json,NotBuggy
3,0.8763893246650696,1,0,131.9385528564453,2911.json,NotBuggy
3,0.011865004897117615,1,2,127.26738739013672,11431.json,NotBuggy
3,0.9605140686035156,1,0,130.45266723632812,167.json,NotBuggy
4,0.002058568876236677,1,8,120.8353271484375,8506.json,NotBuggy
3,0.012644574977457523,1,1,128.31268310546875,17924.json,NotBuggy
8,8.874944760464132E-4,1,11,106.64690399169922,10393.json,NotBuggy
3,0.793246865272522,1,0,133.59722900390625,12241.json,NotBuggy
10,9.824868757277727E-4,1,11,100.63928985595703,3922.json,NotBuggy
10,0.18850675225257874,3,2,104.39786529541016,20520.json,NotBuggy
3,0.8353855013847351,1,0,133.59722900390625,22473.json,NotBuggy
10,0.7624288201332092,3,3,104.4138412475586,17839.json,NotBuggy
4,0.7256754636764526,1,0,125.27178192138672,23183.json,NotBuggy
4,0.725691020488739,1,0,125.64796447753906,16019.json,NotBuggy
14,0.009060065262019634,3,11,95.20390319824219,2422.json,NotBuggy
3,0.7309708595275879,1,1,130.99049377441406,9760.json,NotBuggy
8,1.0511919390410185E-4,1,14,105.06792449951172,3444.json,NotBuggy
11,5.753013538196683E-4,1,16,101.37266540527344,2370.json,NotBuggy
3,0.831851065158844,1,0,133.59722900390625,11126.json,NotBuggy
2,0.736174464225769,1,0,137.59957885742188,13862.json,NotBuggy
4,0.6988435983657837,1,0,125.27178192138672,23311.json,NotBuggy
4,0.37217384576797485,1,0,125.64796447753906,10599.json,NotBuggy
3,0.8795603513717651,1,0,133.59722900390625,18637.json,NotBuggy
4,0.6400206685066223,1,1,124.91740417480469,597.json,NotBuggy
9,0.37340956926345825,2,5,105.81339263916016,15117.json,NotBuggy
3,0.07072179019451141,1,1,129.69032287597656,6372.json,NotBuggy
15,0.001999868778511882,5,13,92.1837387084961,48.json,NotBuggy
3,0.9294750690460205,1,0,133.59722900390625,22789.json,NotBuggy
4,0.3974985182285309,1,0,125.64796447753906,12583.json,NotBuggy
10,0.09590425342321396,3,5,104.34339141845703,7074.json,NotBuggy
18,0.0,7,26,86.01748657226562,2866.json,NotBuggy
7,0.0,2,6,109.05691528320312,14724.json,NotBuggy
3,0.3601102828979492,1,2,129.47398376464844,17834.json,NotBuggy
6,0.11201164871454239,1,3,116.4616928100586,11960.json,NotBuggy
3,0.9040838479995728,1,0,133.59722900390625,10286.json,NotBuggy
4,0.027188647538423538,1,3,120.64608764648438,10160.json,NotBuggy
3,0.9198765158653259,1,0,133.59722900390625,16783.json,NotBuggy
3,0.8542589545249939,1,0,133.59722900390625,8160.json,NotBuggy
3,0.27762964367866516,1,2,128.3351287841797,12489.json,NotBuggy
6,0.06944978982210159,2,4,113.38532257080078,19342.json,NotBuggy
17,0.0,1,15,91.12000274658203,7730.json,NotBuggy
8,0.020175740122795105,2,2,108.06251525878906,16851.json,NotBuggy
8,0.5385411977767944,1,6,109.01446533203125,4791.json,NotBuggy
8,0.11949225515127182,2,4,107.19059753417969,2583.json,NotBuggy
3,0.8726048469543457,1,0,133.59722900390625,12611.json,NotBuggy
5,0.04054488241672516,1,5,116.24040222167969,8704.json,NotBuggy
3,0.8670198321342468,1,1,132.4454345703125,7123.json,NotBuggy
3,4.8632550169713795E-4,1,3,127.33940887451172,11209.json,NotBuggy
4,0.606551468372345,1,0,125.64796447753906,23257.json,NotBuggy
4,0.6948463320732117,1,1,125.5254898071289,586.json,NotBuggy
3,0.8463761806488037,1,0,133.59722900390625,22899.json,NotBuggy
3,0.8537255525588989,1,0,133.59722900390625,21717.json,NotBuggy
4,0.24681730568408966,1,0,124.58238983154297,22066.json,NotBuggy
12,0.9401540160179138,3,3,100.9034423828125,1080.json,NotBuggy
11,0.004840364214032888,2,5,102.87629699707031,8716.json,NotBuggy
3,0.8218857049942017,1,0,133.59722900390625,6657.json,NotBuggy
4,0.4859175980091095,1,0,125.64796447753906,2540.json,NotBuggy
3,0.8682249188423157,1,0,133.59722900390625,17231.json,NotBuggy
3,0.8674365282058716,1,0,133.59722900390625,1590.json,NotBuggy
3,0.8963106870651245,1,0,133.59722900390625,20107.json,NotBuggy
7,0.12021424621343613,2,2,110.61402893066406,7133.json,NotBuggy
3,0.7533001899719238,1,0,133.59722900390625,11254.json,NotBuggy
4,0.5937210917472839,1,0,125.64796447753906,20978.json,NotBuggy
10,0.1472529023885727,3,2,104.72284698486328,13981.json,NotBuggy
7,0.45548132061958313,2,2,110.83072662353516,18970.json,NotBuggy
3,0.10220280289649963,1,1,132.25152587890625,5884.json,NotBuggy
3,3.064964839722961E-4,1,0,126.78941345214844,14326.json,NotBuggy
7,0.03206469491124153,1,5,109.76287841796875,7723.json,NotBuggy
4,0.20726726949214935,1,3,122.14535522460938,13520.json,NotBuggy
3,0.7391228675842285,1,0,131.28770446777344,14413.json,NotBuggy
3,0.8053200840950012,1,1,131.60296630859375,15987.json,NotBuggy
16,1.1015708150807768E-4,2,18,89.42201232910156,7149.json,NotBuggy
3,0.7497267127037048,1,2,129.0215301513672,4264.json,NotBuggy
4,0.45442983508110046,1,0,124.26470947265625,15595.json,NotBuggy
7,0.037213392555713654,1,4,110.04309844970703,2361.json,NotBuggy
3,0.9381090402603149,1,0,133.59722900390625,20993.json,NotBuggy
3,0.7676065564155579,1,0,131.9385528564453,938.json,NotBuggy
3,0.5228433012962341,1,0,131.03103637695312,7276.json,NotBuggy
3,0.9282047152519226,1,0,133.59722900390625,20604.json,NotBuggy
11,0.38312384486198425,2,3,100.9485092163086,18310.json,NotBuggy
3,0.12799249589443207,1,2,128.8092498779297,6927.json,NotBuggy
4,0.606551468372345,1,0,125.64796447753906,23021.json,NotBuggy
5,0.2953094244003296,1,3,119.41305541992188,16635.json,NotBuggy
2,0.4554450511932373,1,0,139.0139617919922,15393.json,NotBuggy
3,0.925599992275238,1,0,133.59722900390625,10360.json,NotBuggy
4,0.6921359896659851,1,1,127.25547790527344,21559.json,NotBuggy
3,0.8853198885917664,1,0,133.59722900390625,10388.json,NotBuggy
3,0.5223527550697327,1,0,133.59722900390625,23399.json,NotBuggy
4,0.0019769431091845036,2,6,119.26423645019531,2184.json,NotBuggy
4,0.5504927039146423,1,0,125.27178192138672,11161.json,NotBuggy
3,0.9457477331161499,1,0,133.59722900390625,19679.json,NotBuggy
4,0.016216862946748734,1,4,121.4874496459961,11429.json,NotBuggy
3,0.7996417284011841,1,0,133.59722900390625,9139.json,NotBuggy
3,0.9060057401657104,1,0,133.59722900390625,22113.json,NotBuggy
7,0.055403437465429306,2,7,112.05997467041016,5440.json,NotBuggy
9,0.5100418329238892,2,4,105.11150360107422,8598.json,NotBuggy
9,0.0,1,6,102.7329330444336,5247.json,NotBuggy
3,0.06044312193989754,1,2,127.51214599609375,10848.json,NotBuggy
4,0.6370430588722229,1,0,125.64796447753906,10287.json,NotBuggy
10,0.0011973187793046236,1,12,103.06468963623047,21539.json,NotBuggy
3,0.8537255525588989,1,0,133.59722900390625,10095.json,NotBuggy
18,0.0047220769338309765,1,17,91.20257568359375,4538.json,NotBuggy
3,0.8353855013847351,1,0,133.59722900390625,12859.json,NotBuggy
3,0.9381090402603149,1,0,133.59722900390625,10673.json,NotBuggy
11,0.0,1,16,98.45475769042969,14490.json,NotBuggy
4,0.5210591554641724,1,1,126.04888916015625,6192.json,NotBuggy
4,0.06942740082740784,1,2,123.19084167480469,17880.json,NotBuggy
8,0.010672518983483315,2,5,107.36966705322266,5194.json,NotBuggy
3,0.4443184435367584,1,2,131.1385955810547,458.json,NotBuggy
3,0.9558944702148438,1,0,133.59722900390625,23477.json,NotBuggy
4,0.5094456076622009,1,0,125.64796447753906,7918.json,NotBuggy
3,0.03871864080429077,1,1,129.34671020507812,9370.json,NotBuggy
3,0.980475127696991,1,0,130.18594360351562,20418.json,NotBuggy
3,0.7621216773986816,1,0,131.9385528564453,4965.json,NotBuggy
4,0.28650954365730286,1,1,123.47842407226562,808.json,NotBuggy
14,0.010878240689635277,1,11,97.31491088867188,5296.json,NotBuggy
3,0.5129429697990417,1,2,129.93223571777344,17296.json,NotBuggy
7,0.1282784342765808,1,6,111.95084381103516,21297.json,NotBuggy
3,0.9053906798362732,1,0,132.9956512451172,19346.json,NotBuggy
4,0.578184962272644,1,1,124.81353759765625,17156.json,NotBuggy
17,0.0,1,0,91.46292877197266,19578.json,NotBuggy
3,0.08427734673023224,1,2,128.50894165039062,16903.json,NotBuggy
3,0.8040208220481873,1,0,134.26058959960938,19782.json,NotBuggy
3,0.9022731781005859,1,0,133.59722900390625,1387.json,NotBuggy
3,0.9552918672561646,1,0,129.7158966064453,16763.json,NotBuggy
3,0.793246865272522,1,0,133.59722900390625,12351.json,NotBuggy
5,0.0,1,9,113.22523498535156,3842.json,NotBuggy
3,0.4392603635787964,1,2,130.44261169433594,1226.json,NotBuggy
4,0.726651668548584,1,0,125.64796447753906,12426.json,NotBuggy
4,0.16797266900539398,1,0,125.64796447753906,22153.json,NotBuggy
3,0.9072917699813843,1,0,134.26058959960938,6589.json,NotBuggy
4,0.5554463267326355,1,1,125.64796447753906,12367.json,NotBuggy
4,0.555076539516449,1,0,125.64796447753906,22422.json,NotBuggy
3,0.8044759631156921,1,1,132.086669921875,17952.json,NotBuggy
3,0.8730796575546265,1,0,133.59722900390625,23330.json,NotBuggy
3,0.9002125263214111,1,0,133.59722900390625,21273.json,NotBuggy
7,0.13487085700035095,1,6,111.95084381103516,23364.json,NotBuggy
3,0.6442622542381287,1,1,131.28770446777344,8719.json,NotBuggy
4,0.4142889380455017,1,0,124.58238983154297,6753.json,NotBuggy
5,0.03409489616751671,1,3,116.7403564453125,20263.json,NotBuggy
3,0.8931158185005188,1,0,132.9956512451172,17625.json,NotBuggy
3,0.9038982391357422,1,0,133.59722900390625,16582.json,NotBuggy
16,1.0606721480144188E-4,5,13,92.51512908935547,13389.json,NotBuggy
3,0.9282357692718506,1,0,133.59722900390625,4709.json,NotBuggy
3,0.04159217327833176,1,0,130.07347106933594,735.json,NotBuggy
3,0.2834503650665283,1,0,131.1535186767578,5564.json,NotBuggy
4,0.5499122142791748,1,0,125.64796447753906,208.json,Buggy
3,0.7909863591194153,1,1,131.60296630859375,18947.json,NotBuggy
3,0.06364552676677704,1,4,129.12539672851562,17443.json,NotBuggy
3,0.8544600009918213,1,0,133.59722900390625,1031.json,NotBuggy
3,0.6409619450569153,1,0,131.9385528564453,4633.json,NotBuggy
4,0.7044928669929504,1,0,125.27178192138672,22638.json,NotBuggy
3,0.658657968044281,1,0,131.28770446777344,9612.json,NotBuggy
3,0.8763893246650696,1,0,131.9385528564453,15590.json,NotBuggy
3,0.8536105751991272,1,2,131.75106811523438,16355.json,NotBuggy
7,0.496602326631546,2,2,113.13916015625,8194.json,NotBuggy
3,0.8145123720169067,1,0,131.75106811523438,23438.json,NotBuggy
3,0.44337454438209534,1,1,130.44261169433594,11781.json,Buggy
4,0.33487868309020996,1,0,125.64796447753906,12603.json,NotBuggy
3,0.546362578868866,1,1,131.75106811523438,5935.json,NotBuggy
6,0.21824295818805695,1,1,115.88497924804688,765.json,NotBuggy
4,0.7119079828262329,1,0,125.27178192138672,22756.json,NotBuggy
7,0.0060022142715752125,2,9,108.89440155029297,13263.json,NotBuggy
3,0.589981734752655,1,0,133.59722900390625,9792.json,NotBuggy
4,0.7287734150886536,1,0,125.64796447753906,9650.json,NotBuggy
7,0.11525101214647293,2,2,111.65786743164062,7062.json,NotBuggy
3,0.7506674528121948,1,2,130.18594360351562,20505.json,NotBuggy
3,0.8176655769348145,1,0,133.59722900390625,1125.json,NotBuggy
3,0.989118754863739,1,1,128.92515563964844,18882.json,NotBuggy
3,0.7072885632514954,1,0,131.75106811523438,1384.json,NotBuggy
3,0.039836373180150986,1,2,127.87090301513672,12743.json,NotBuggy
4,0.6370430588722229,1,0,125.64796447753906,12192.json,NotBuggy
6,0.002689778571948409,1,7,113.61502838134766,9928.json,NotBuggy
3,0.7341422438621521,1,1,131.60296630859375,6503.json,NotBuggy
4,0.4859175980091095,1,0,125.64796447753906,2507.json,NotBuggy
3,0.13774710893630981,1,1,130.07347106933594,6550.json,NotBuggy
4,0.6540771722793579,1,1,125.02987670898438,7953.json,NotBuggy
4,0.0016473177820444107,2,6,119.16648864746094,2153.json,NotBuggy
12,0.02195134200155735,2,12,96.38224792480469,3526.json,NotBuggy
17,1.1690103565342724E-4,3,19,89.55426788330078,15964.json,NotBuggy
4,0.7119079828262329,1,0,125.27178192138672,22669.json,NotBuggy
3,0.8463761806488037,1,0,133.59722900390625,12362.json,NotBuggy
6,0.05967307090759277,2,3,113.22821807861328,19674.json,NotBuggy
3,0.8357439041137695,1,0,131.9385528564453,3015.json,NotBuggy
4,0.004395642783492804,1,3,122.76876068115234,11248.json,NotBuggy
3,0.8161693215370178,1,1,133.18099975585938,8295.json,NotBuggy
13,0.2148536890745163,2,3,98.64924621582031,5692.json,NotBuggy
6,0.25265324115753174,2,3,116.13201141357422,17271.json,NotBuggy
3,0.9153783321380615,1,0,133.59722900390625,23062.json,NotBuggy
25,7.717223488725722E-4,6,19,82.29072570800781,6859.json,Buggy
10,0.806066632270813,3,2,104.72284698486328,9884.json,NotBuggy
13,0.6037910580635071,5,3,97.93431854248047,17628.json,NotBuggy
3,0.898770809173584,1,0,133.59722900390625,14799.json,NotBuggy
3,0.10661961138248444,1,4,128.4090576171875,17007.json,NotBuggy
26,0.00821874849498272,3,6,82.37944793701172,1069.json,NotBuggy
3,0.5251666903495789,1,2,130.18594360351562,13468.json,NotBuggy
3,0.8828085660934448,1,0,133.59722900390625,12799.json,NotBuggy
3,0.8983809351921082,1,0,133.59722900390625,23290.json,NotBuggy
4,0.7119079828262329,1,0,125.27178192138672,22482.json,NotBuggy
3,0.8607810735702515,1,0,133.59722900390625,15749.json,NotBuggy
3,0.7720083594322205,1,0,131.60296630859375,931.json,NotBuggy
3,0.020189836621284485,1,3,129.2428436279297,8938.json,NotBuggy
5,0.029349636286497116,1,5,118.74115753173828,4698.json,NotBuggy
3,0.7860099077224731,1,0,133.59722900390625,9819.json,NotBuggy
7,0.0023261860478669405,1,6,110.0031509399414,17200.json,NotBuggy
3,0.8152434825897217,1,0,133.59722900390625,19680.json,NotBuggy
3,0.5963409543037415,1,0,133.59722900390625,11949.json,NotBuggy
3,0.26089709997177124,1,1,129.7158966064453,3029.json,NotBuggy
4,0.633312463760376,1,0,125.64796447753906,7093.json,NotBuggy
13,0.032319724559783936,1,11,98.59263610839844,4571.json,NotBuggy
3,0.39653363823890686,1,1,130.7338104248047,132.json,NotBuggy
3,0.829308032989502,1,1,130.7338104248047,4843.json,NotBuggy
9,0.0015605129301548004,2,6,103.76741790771484,8056.json,NotBuggy
3,0.8152434825897217,1,0,133.59722900390625,21207.json,NotBuggy
3,0.25260376930236816,1,2,128.92515563964844,2558.json,NotBuggy
10,0.21577595174312592,1,5,105.01141357421875,3283.json,NotBuggy
3,0.9561492204666138,1,0,131.9385528564453,869.json,NotBuggy
3,0.9310894012451172,1,1,131.60296630859375,22167.json,NotBuggy
6,0.10202185064554214,1,5,112.781982421875,17414.json,NotBuggy
3,0.3656580448150635,1,2,129.34671020507812,10641.json,NotBuggy
7,0.04936191439628601,1,4,112.14561462402344,6402.json,NotBuggy
3,0.9321475625038147,2,0,128.48287963867188,18967.json,NotBuggy
4,0.8138564229011536,1,0,125.5254898071289,12213.json,NotBuggy
3,0.8586137294769287,1,0,134.26058959960938,14996.json,NotBuggy
3,0.0,1,4,127.33940887451172,2424.json,NotBuggy
44,0.0,3,39,68.60699462890625,2429.json,NotBuggy
7,6.638726918026805E-4,2,13,107.56688690185547,14354.json,NotBuggy
15,0.0,1,22,91.64138793945312,3446.json,NotBuggy
3,0.8968747854232788,1,0,133.59722900390625,10331.json,NotBuggy
4,0.8512922525405884,1,0,125.5254898071289,12180.json,NotBuggy
3,0.5303998589515686,1,2,130.99049377441406,21571.json,NotBuggy
4,0.5554463267326355,1,1,125.64796447753906,11171.json,NotBuggy
2,0.9977049231529236,1,0,142.4026641845703,7992.json,NotBuggy
7,0.006595698185265064,2,3,109.13788604736328,20037.json,NotBuggy
14,0.029338426887989044,3,9,94.88925170898438,19971.json,NotBuggy
4,0.7119079828262329,1,0,125.27178192138672,15577.json,NotBuggy
3,0.5734754204750061,1,0,132.086669921875,9072.json,NotBuggy
6,0.1392865926027298,1,5,114.90958404541016,21853.json,NotBuggy
7,0.13888058066368103,1,6,111.95084381103516,23365.json,NotBuggy
4,0.6206701993942261,1,0,125.64796447753906,6754.json,NotBuggy
3,0.9533982276916504,1,0,133.59722900390625,23228.json,NotBuggy
3,0.6996553540229797,1,2,130.57513427734375,2414.json,NotBuggy
6,0.46437573432922363,1,4,116.4460220336914,23113.json,NotBuggy
9,5.239073652774096E-4,1,11,105.18570709228516,23089.json,NotBuggy
12,0.03852987289428711,2,7,98.20785522460938,5619.json,NotBuggy
14,0.046882133930921555,2,9,95.95724487304688,7303.json,NotBuggy
4,0.10055024176836014,1,2,123.74861145019531,17139.json,NotBuggy
16,0.012615530751645565,2,9,93.76040649414062,14435.json,NotBuggy
3,0.8853198885917664,1,0,133.59722900390625,9685.json,NotBuggy
4,0.004600836429744959,1,4,120.6494140625,6529.json,NotBuggy
4,0.4215068221092224,1,0,125.64796447753906,9179.json,NotBuggy
3,0.8537255525588989,1,0,133.59722900390625,21896.json,NotBuggy
7,0.010288195684552193,3,6,110.78065490722656,8151.json,NotBuggy
3,0.4491959810256958,1,2,131.1385955810547,19967.json,NotBuggy
13,1.425525260856375E-4,2,19,95.37450408935547,6972.json,NotBuggy
6,0.4043341279029846,2,2,116.3923110961914,14759.json,NotBuggy
5,0.010560463182628155,1,6,117.59646606445312,2522.json,NotBuggy
4,0.5779730677604675,1,2,126.33003997802734,14912.json,NotBuggy
3,0.9928791522979736,1,0,133.59722900390625,17460.json,NotBuggy
8,0.18964828550815582,1,3,110.24913024902344,4574.json,NotBuggy
4,0.29214513301849365,1,0,124.58238983154297,23494.json,NotBuggy
3,0.07219883799552917,1,1,129.7158966064453,17447.json,NotBuggy
3,0.3001214861869812,1,0,131.60296630859375,15863.json,NotBuggy
3,0.7365348935127258,1,1,130.85629272460938,2082.json,NotBuggy
3,0.7604460716247559,1,0,132.4454345703125,14540.json,NotBuggy
3,0.40516382455825806,1,2,131.1385955810547,10982.json,NotBuggy
3,0.9588214159011841,1,3,130.70933532714844,17446.json,NotBuggy
3,0.29291969537734985,1,0,131.1535186767578,2327.json,NotBuggy
4,4.778070724569261E-4,1,7,119.9625473022461,16844.json,NotBuggy
7,0.4763314723968506,1,5,112.36882781982422,5058.json,NotBuggy
24,0.0,1,42,82.81422424316406,4047.json,NotBuggy
3,0.803116500377655,1,0,133.59722900390625,4596.json,NotBuggy
4,0.7322589159011841,1,0,125.64796447753906,9180.json,NotBuggy
5,0.11347676068544388,1,3,120.3299331665039,3148.json,NotBuggy
12,0.004977117758244276,3,11,97.009521484375,20741.json,NotBuggy
3,0.9381090402603149,1,0,133.59722900390625,12855.json,NotBuggy
3,0.8537255525588989,1,0,133.59722900390625,21749.json,NotBuggy
5,0.20947377383708954,1,2,118.74115753173828,12046.json,NotBuggy
3,0.9038982391357422,1,0,133.59722900390625,16101.json,NotBuggy
4,0.8342766165733337,1,0,125.15930938720703,17919.json,NotBuggy
3,0.6975537538528442,1,1,132.61029052734375,8963.json,NotBuggy
3,0.8671424388885498,1,0,131.9385528564453,8817.json,NotBuggy
3,0.9399699568748474,1,0,132.9956512451172,21565.json,NotBuggy
4,0.6561738848686218,1,1,124.6862564086914,13766.json,NotBuggy
3,0.16507616639137268,1,3,128.8092498779297,12498.json,NotBuggy
4,0.696147084236145,1,0,125.64796447753906,11863.json,NotBuggy
3,0.5341992378234863,1,0,131.91592407226562,14466.json,NotBuggy
4,0.5107506513595581,1,0,125.27178192138672,16343.json,NotBuggy
10,0.16094033420085907,4,2,104.49284362792969,6761.json,NotBuggy
3,0.08795245736837387,1,1,128.41912841796875,1845.json,NotBuggy
4,0.7827232480049133,1,0,125.64796447753906,23303.json,NotBuggy
3,0.1075497418642044,1,3,128.31268310546875,16384.json,NotBuggy
3,0.29530537128448486,1,2,129.69032287597656,12383.json,NotBuggy
3,0.0,1,5,125.07545471191406,3206.json,NotBuggy
10,0.5412095189094543,3,2,105.84111022949219,18896.json,NotBuggy
3,0.6377588510513306,1,0,131.9385528564453,22491.json,NotBuggy
3,0.9183051586151123,1,0,133.59722900390625,11868.json,NotBuggy
4,0.6347320079803467,1,0,125.64796447753906,1491.json,NotBuggy
6,0.4754696786403656,1,1,117.58026885986328,4941.json,NotBuggy
7,0.6829153299331665,3,2,110.72028350830078,18913.json,NotBuggy
14,3.829633933492005E-4,3,9,95.2942123413086,17201.json,NotBuggy
4,0.027188647538423538,1,3,120.64608764648438,10159.json,NotBuggy
18,0.0,4,25,88.10651397705078,4284.json,NotBuggy
9,0.38425201177597046,2,6,105.06881713867188,23.json,NotBuggy
3,0.9425960183143616,1,0,133.59722900390625,12717.json,NotBuggy
3,0.9457477331161499,1,0,133.59722900390625,22138.json,NotBuggy
5,0.785790741443634,1,0,120.53388214111328,6936.json,NotBuggy
3,0.025040006265044212,1,6,126.96322631835938,4859.json,NotBuggy
8,0.11002923548221588,2,6,108.15971374511719,7264.json,NotBuggy
4,0.7832936644554138,1,0,125.64796447753906,2972.json,NotBuggy
3,0.693448007106781,1,0,131.9385528564453,22716.json,NotBuggy
3,0.6920579075813293,1,0,133.59722900390625,10264.json,NotBuggy
4,0.18005238473415375,1,3,122.3560791015625,3858.json,NotBuggy
8,0.4518343508243561,3,4,108.54934692382812,8188.json,NotBuggy
4,0.05177551507949829,1,0,123.96263122558594,2470.json,NotBuggy
11,0.1750665158033371,2,2,102.78661346435547,17440.json,NotBuggy
4,0.8212149739265442,1,0,125.5254898071289,14774.json,NotBuggy
4,0.23713091015815735,1,0,125.64796447753906,23606.json,NotBuggy
3,0.8480919003486633,1,1,129.81976318359375,10545.json,NotBuggy
4,0.32572007179260254,1,1,123.56243133544922,1044.json,NotBuggy
12,0.2630927264690399,3,5,99.94831085205078,383.json,NotBuggy
7,0.02944161184132099,1,8,109.36788940429688,4819.json,NotBuggy
4,0.8612672686576843,1,0,124.91740417480469,12470.json,NotBuggy
3,0.07358931005001068,1,1,129.69032287597656,20672.json,NotBuggy
3,0.6920579075813293,1,0,133.59722900390625,12783.json,NotBuggy
3,0.8845427632331848,1,0,131.1535186767578,8946.json,NotBuggy
5,0.0855405256152153,1,4,118.3675537109375,2341.json,NotBuggy
3,0.04781553894281387,1,0,133.59722900390625,22700.json,NotBuggy
3,0.6511806845664978,1,1,130.45266723632812,6404.json,NotBuggy
3,0.9197396636009216,1,0,133.59722900390625,20963.json,NotBuggy
2,0.8949863314628601,1,0,137.7220458984375,8741.json,NotBuggy
3,0.8152434825897217,1,0,133.59722900390625,4487.json,NotBuggy
4,0.5779730677604675,1,2,126.33003997802734,15186.json,NotBuggy
3,0.8537255525588989,1,0,133.59722900390625,21789.json,NotBuggy
4,0.9684526920318604,1,1,124.71717071533203,14977.json,NotBuggy
3,0.9320460557937622,1,0,132.9956512451172,14596.json,NotBuggy
3,0.9381090402603149,1,0,133.59722900390625,12294.json,NotBuggy
10,0.002397234318777919,2,4,101.93452453613281,461.json,NotBuggy
3,0.9381090402603149,1,0,133.59722900390625,14980.json,NotBuggy
4,0.701014518737793,1,1,126.19583892822266,436.json,NotBuggy
4,0.625913679599762,1,0,125.64796447753906,21033.json,NotBuggy
8,0.12881247699260712,2,3,108.34425354003906,3915.json,NotBuggy
6,0.5525107383728027,1,4,115.95040893554688,8774.json,NotBuggy
3,0.64143967628479,1,0,132.4454345703125,16924.json,NotBuggy
3,0.26405495405197144,1,2,129.69032287597656,12505.json,NotBuggy
3,0.9060057401657104,1,0,133.59722900390625,22881.json,NotBuggy
3,0.35272467136383057,1,0,133.59722900390625,1219.json,NotBuggy
4,0.7119079828262329,1,0,125.27178192138672,23281.json,NotBuggy
3,0.8853198885917664,1,0,133.59722900390625,1505.json,NotBuggy
7,0.19002312421798706,2,6,110.83819580078125,20445.json,NotBuggy
4,0.905069887638092,1,2,124.91740417480469,6155.json,NotBuggy
3,0.8218857049942017,1,0,133.59722900390625,2948.json,NotBuggy
3,0.9070456027984619,1,0,133.59722900390625,2012.json,NotBuggy
4,0.7119079828262329,1,0,125.27178192138672,3764.json,NotBuggy
22,1.2448968482203782E-4,5,17,83.63043975830078,386.json,NotBuggy
3,0.662436306476593,1,2,131.91592407226562,18845.json,NotBuggy
3,0.9381090402603149,1,0,133.59722900390625,23342.json,NotBuggy
3,0.8101958632469177,1,0,133.59722900390625,16054.json,NotBuggy
11,0.005276285577565432,3,10,99.18122863769531,7113.json,NotBuggy
9,0.1522640585899353,2,2,105.97821807861328,11004.json,NotBuggy
6,0.10923609137535095,1,5,114.97969055175781,21959.json,NotBuggy
4,0.48717501759529114,1,0,125.64796447753906,10795.json,NotBuggy
3,0.7042097449302673,1,0,133.59722900390625,22907.json,NotBuggy
3,0.0018273668829351664,1,4,126.71056365966797,11440.json,NotBuggy
9,0.02111172489821911,1,9,104.73169708251953,3410.json,NotBuggy
3,0.667543351650238,1,1,132.25152587890625,14317.json,NotBuggy
4,0.6498504281044006,1,0,125.27178192138672,9662.json,NotBuggy
3,0.5963418483734131,1,0,131.9385528564453,3467.json,NotBuggy
3,0.7434450387954712,1,0,133.59722900390625,11252.json,NotBuggy
4,0.4732613265514374,1,0,124.26470947265625,15561.json,NotBuggy
3,0.7898126244544983,1,0,133.59722900390625,4246.json,NotBuggy
3,0.7733477354049683,1,2,131.75106811523438,6502.json,NotBuggy
3,0.11183512955904007,1,1,128.712890625,17707.json,NotBuggy
2,0.9180760383605957,1,0,142.4026641845703,8844.json,NotBuggy
3,0.8890010714530945,1,0,133.59722900390625,16654.json,NotBuggy
3,0.9491667747497559,1,1,133.80813598632812,17101.json,NotBuggy
10,0.045562200248241425,3,4,103.04877471923828,16094.json,NotBuggy
2,0.9974479675292969,1,0,140.82913208007812,5336.json,NotBuggy
3,0.05111566558480263,1,1,129.57785034179688,19269.json,NotBuggy
25,0.011377126909792423,6,12,83.2385482788086,4863.json,NotBuggy
4,0.36309319734573364,1,1,123.47842407226562,11807.json,NotBuggy
8,0.7306584119796753,2,2,111.64537811279297,18859.json,NotBuggy
6,0.0,1,7,110.3603744506836,4292.json,NotBuggy
15,7.535598706454039E-4,4,15,92.35543060302734,2493.json,NotBuggy
4,0.4755558669567108,1,2,125.27178192138672,16964.json,NotBuggy
13,0.0016655945219099522,3,13,95.19725799560547,19924.json,NotBuggy
3,0.944431722164154,1,0,133.59722900390625,20836.json,NotBuggy
10,0.07453487813472748,3,3,101.69550323486328,4035.json,NotBuggy
10,0.002345606917515397,3,11,101.00947570800781,6146.json,NotBuggy
3,0.5091457962989807,1,0,129.9696044921875,18333.json,NotBuggy
6,0.019639959558844566,1,6,112.7767562866211,8277.json,NotBuggy
31,0.0,4,31,78.42417907714844,4607.json,NotBuggy
21,2.554922830313444E-4,4,18,84.2204818725586,6629.json,Buggy
4,0.6040081977844238,1,0,125.27178192138672,21250.json,NotBuggy
3,0.9060057401657104,1,0,133.59722900390625,12290.json,NotBuggy
7,0.009199072606861591,1,7,111.19754791259766,23140.json,NotBuggy
3,0.8511210083961487,1,1,131.60296630859375,15950.json,NotBuggy
12,0.2911202311515808,3,7,99.10175323486328,13792.json,NotBuggy
3,0.9320460557937622,1,0,132.9956512451172,14456.json,NotBuggy
3,0.8974397778511047,1,0,133.59722900390625,4437.json,NotBuggy
6,1.794261479517445E-4,1,12,112.38211822509766,15899.json,NotBuggy
3,0.8717180490493774,1,0,133.59722900390625,16451.json,NotBuggy
3,0.5664218664169312,1,1,132.25152587890625,5880.json,NotBuggy
15,2.2842123871669173E-4,3,9,93.73082733154297,796.json,NotBuggy
4,0.7144284844398499,1,0,125.64796447753906,3052.json,NotBuggy
3,0.0017096654046326876,1,0,127.94110107421875,2133.json,NotBuggy
3,0.7302044630050659,1,0,129.37762451171875,10915.json,NotBuggy
3,0.7623425126075745,1,1,130.85629272460938,16861.json,NotBuggy
13,0.0,1,11,94.66871643066406,2026.json,Buggy
5,0.7359544634819031,1,2,119.76210021972656,12395.json,NotBuggy
3,0.9558944702148438,1,0,133.59722900390625,22493.json,NotBuggy
3,0.0733422115445137,1,2,128.8092498779297,19514.json,NotBuggy
3,0.009451402351260185,1,4,126.35334777832031,2497.json,NotBuggy
4,0.388414204120636,1,1,123.87862396240234,15916.json,NotBuggy
3,0.5429952144622803,1,1,130.7338104248047,14086.json,NotBuggy
8,0.06471171975135803,2,7,105.96018981933594,9141.json,NotBuggy
11,0.13230180740356445,1,6,101.87797546386719,4690.json,NotBuggy
12,0.07437071949243546,3,8,97.16093444824219,8467.json,NotBuggy
3,0.848872721195221,1,0,131.28770446777344,20132.json,NotBuggy
3,0.5761685967445374,1,1,130.7338104248047,954.json,NotBuggy
3,0.618083119392395,1,0,131.9385528564453,2198.json,NotBuggy
3,0.9165305495262146,1,0,133.59722900390625,17808.json,NotBuggy
12,0.0,1,17,98.30360412597656,22985.json,NotBuggy
8,0.08568258583545685,2,7,106.81181335449219,340.json,NotBuggy
4,0.7119079828262329,1,0,125.27178192138672,23313.json,NotBuggy
3,0.936884880065918,1,0,133.59722900390625,13488.json,NotBuggy
6,0.23628368973731995,2,4,115.04146575927734,13324.json,NotBuggy
3,0.8206725120544434,1,0,133.59722900390625,9771.json,NotBuggy
3,0.8537255525588989,1,0,133.59722900390625,11017.json,NotBuggy
3,0.9691274166107178,1,0,133.59722900390625,10282.json,NotBuggy
3,0.009798978455364704,1,1,127.87090301513672,16805.json,NotBuggy
4,0.7587562203407288,1,0,125.64796447753906,16021.json,NotBuggy
3,0.8503592610359192,1,0,130.99049377441406,4764.json,NotBuggy
3,0.2108006328344345,1,1,129.0215301513672,6258.json,NotBuggy
5,0.3459453880786896,1,3,118.82691955566406,2634.json,NotBuggy
3,0.4807669520378113,1,1,129.7158966064453,5398.json,NotBuggy
3,0.4195365905761719,1,1,130.7338104248047,18215.json,NotBuggy
9,0.057320211082696915,1,6,105.38337707519531,12934.json,NotBuggy
16,0.014638388529419899,4,10,92.33523559570312,18938.json,NotBuggy
3,0.19819079339504242,1,1,128.83535766601562,6358.json,NotBuggy
3,0.5259118676185608,1,1,129.37762451171875,1210.json,NotBuggy
7,0.4269295334815979,2,4,112.53359985351562,6269.json,NotBuggy
31,0.0,2,38,76.55490112304688,5533.json,NotBuggy
11,0.0026134054642170668,1,8,99.30941009521484,4613.json,NotBuggy
3,0.9691274166107178,1,0,133.59722900390625,11814.json,NotBuggy
2,0.9919046759605408,1,0,140.82913208007812,13327.json,NotBuggy
3,0.9320460557937622,1,0,132.9956512451172,14415.json,NotBuggy
3,0.8763893246650696,1,0,131.9385528564453,2512.json,NotBuggy
31,4.727226623799652E-4,8,24,76.38690948486328,1824.json,NotBuggy
3,0.8537255525588989,1,0,133.59722900390625,12590.json,NotBuggy
3,0.8537255525588989,1,0,133.59722900390625,22344.json,NotBuggy
3,0.4080842137336731,1,1,130.34019470214844,3609.json,NotBuggy
4,0.625913679599762,1,0,125.64796447753906,21055.json,NotBuggy
7,0.06711696088314056,1,7,110.38150024414062,8572.json,NotBuggy
3,0.3659355640411377,1,3,128.41912841796875,22470.json,NotBuggy
9,0.004922262858599424,1,10,105.60616302490234,21540.json,NotBuggy
7,0.19253429770469666,2,4,110.83072662353516,1373.json,NotBuggy
58,0.0,5,33,63.398807525634766,63.json,NotBuggy
8,7.015447481535375E-4,2,7,106.3458251953125,8910.json,NotBuggy
3,0.7680214643478394,1,1,132.086669921875,6572.json,NotBuggy
3,0.073545902967453,1,1,130.7338104248047,5333.json,NotBuggy
3,0.48979929089546204,1,0,133.59722900390625,6949.json,NotBuggy
3,0.8537255525588989,1,0,133.59722900390625,12619.json,NotBuggy
3,1.7132158973254263E-4,1,2,125.74249267578125,10876.json,NotBuggy
10,0.014701303094625473,1,7,104.04376220703125,7863.json,NotBuggy
5,0.025960614904761314,1,4,118.82691955566406,14351.json,NotBuggy
14,0.09490076452493668,2,7,97.57450103759766,20297.json,NotBuggy
3,0.41295960545539856,1,1,129.93223571777344,11634.json,NotBuggy
3,0.22403806447982788,1,2,128.712890625,1738.json,NotBuggy
4,0.4845001995563507,1,0,125.64796447753906,21224.json,NotBuggy
4,0.8323127031326294,1,2,125.78216552734375,17220.json,NotBuggy
5,0.2109123170375824,1,3,118.74115753173828,13592.json,NotBuggy
3,0.9346750378608704,1,0,133.59722900390625,8932.json,NotBuggy
4,0.8373404145240784,1,0,126.94251251220703,16993.json,NotBuggy
4,0.6039813756942749,1,0,125.27178192138672,22004.json,NotBuggy
6,0.42352813482284546,1,4,114.25980377197266,17143.json,NotBuggy
12,0.05125895142555237,1,9,100.11382293701172,2802.json,NotBuggy
14,0.0,3,20,93.60562896728516,4404.json,NotBuggy
18,0.015492253005504608,3,13,89.1401138305664,2360.json,NotBuggy
10,0.0027103745378553867,1,11,102.03451538085938,14406.json,NotBuggy
7,0.4096996784210205,2,2,111.59798431396484,20043.json,NotBuggy
6,0.012492177076637745,1,5,112.09561920166016,17708.json,NotBuggy
5,0.7770370841026306,1,0,120.53388214111328,6940.json,NotBuggy
10,0.006309572607278824,1,11,102.2547607421875,2376.json,NotBuggy
3,0.4418681263923645,1,1,132.25152587890625,9377.json,NotBuggy
3,0.03865960240364075,1,0,131.91592407226562,4503.json,NotBuggy
11,0.3609999716281891,2,5,102.13217163085938,835.json,NotBuggy
3,0.5477293729782104,1,1,130.85629272460938,19568.json,NotBuggy
3,6.709021399728954E-4,1,0,127.09538269042969,18932.json,NotBuggy
3,0.9476040005683899,1,0,133.59722900390625,16035.json,NotBuggy
13,0.016686109825968742,3,5,98.41924285888672,20851.json,NotBuggy
3,0.8085047602653503,1,1,130.7338104248047,5716.json,NotBuggy
3,0.01318282075226307,1,3,128.4090576171875,2100.json,NotBuggy
7,0.017418215051293373,1,7,111.00830841064453,3329.json,NotBuggy
3,0.7482753992080688,1,0,133.59722900390625,10799.json,NotBuggy
3,0.9006157517433167,1,0,132.4454345703125,19179.json,NotBuggy
3,0.9625387191772461,2,0,129.24398803710938,20295.json,NotBuggy
13,3.8599869003519416E-4,2,13,96.18395233154297,4492.json,NotBuggy
8,0.0025751683861017227,2,7,107.14398193359375,16730.json,NotBuggy
4,0.7119079828262329,1,0,125.27178192138672,22752.json,NotBuggy
4,0.6592701077461243,1,0,125.64796447753906,15349.json,NotBuggy
3,0.8353855013847351,1,0,133.59722900390625,22015.json,NotBuggy
4,0.2804792523384094,1,0,125.64796447753906,11239.json,NotBuggy
20,0.0021912422962486744,1,17,89.31969451904297,3529.json,NotBuggy
3,0.47040799260139465,1,1,130.7338104248047,1463.json,NotBuggy
14,0.0010191506007686257,2,7,94.2267074584961,11041.json,NotBuggy
3,0.3239971101284027,1,0,133.59722900390625,9816.json,NotBuggy
3,0.05199272930622101,1,1,130.59072875976562,8799.json,NotBuggy
11,0.08119010925292969,1,4,101.76881408691406,18824.json,NotBuggy
4,0.606551468372345,1,0,125.64796447753906,4579.json,NotBuggy
3,0.9340493083000183,1,0,133.59722900390625,17853.json,NotBuggy
3,0.9427116513252258,1,0,133.59722900390625,23288.json,NotBuggy
3,0.90879225730896,1,0,133.59722900390625,23076.json,NotBuggy
6,0.19650442898273468,2,2,115.25157928466797,6405.json,NotBuggy
3,0.7324844598770142,1,0,133.59722900390625,3981.json,NotBuggy
4,0.6469483375549316,1,0,125.27178192138672,12057.json,NotBuggy
11,0.7837391495704651,3,4,103.85990142822266,14144.json,NotBuggy
4,0.7624704837799072,1,0,125.64796447753906,22404.json,NotBuggy
3,0.9346750378608704,1,0,133.59722900390625,15190.json,NotBuggy
4,0.6034828424453735,1,0,125.27178192138672,10104.json,NotBuggy
4,0.8441123366355896,1,1,127.59107971191406,20249.json,NotBuggy
5,0.23344790935516357,1,6,118.90401458740234,17018.json,NotBuggy
3,0.6920579075813293,1,0,133.59722900390625,12807.json,NotBuggy
3,0.7487626075744629,1,1,131.60296630859375,13191.json,NotBuggy
3,0.8877264261245728,1,1,131.60296630859375,15697.json,NotBuggy
3,0.9381090402603149,1,0,133.59722900390625,22174.json,NotBuggy
7,0.011977248825132847,1,7,111.28950500488281,2372.json,NotBuggy
4,0.20726726949214935,1,3,122.14535522460938,13519.json,NotBuggy
3,0.46320614218711853,1,1,130.34019470214844,16508.json,NotBuggy
6,7.433329010382295E-4,2,6,112.3624267578125,15235.json,NotBuggy
3,0.8853198885917664,1,0,133.59722900390625,11021.json,NotBuggy
5,0.02027297578752041,2,2,117.36647033691406,9169.json,NotBuggy
3,0.9153783321380615,1,0,133.59722900390625,19001.json,NotBuggy
4,0.5766465663909912,1,0,125.27178192138672,15631.json,NotBuggy
3,0.9060057401657104,1,0,133.59722900390625,11883.json,NotBuggy
2,0.99614018201828,1,0,142.4026641845703,8876.json,NotBuggy
9,0.43011659383773804,2,5,106.55463409423828,5283.json,NotBuggy
8,0.005742144305258989,1,8,106.5758285522461,2808.json,NotBuggy
4,0.5121709704399109,1,0,125.64796447753906,23291.json,NotBuggy
3,0.12608058750629425,1,2,129.0215301513672,6914.json,NotBuggy
3,0.9153783321380615,1,0,133.59722900390625,21171.json,NotBuggy
5,0.01056666113436222,2,1,118.83403015136719,17929.json,NotBuggy
3,0.36684486269950867,1,2,129.47398376464844,2472.json,NotBuggy
8,0.23825468122959137,3,2,108.89744567871094,2585.json,NotBuggy
3,0.7693724036216736,1,0,133.59722900390625,12079.json,NotBuggy
4,0.7119079828262329,1,0,125.27178192138672,4502.json,NotBuggy
4,0.42179545760154724,1,2,124.4649429321289,19503.json,NotBuggy
3,0.8152434825897217,1,0,133.59722900390625,21874.json,NotBuggy
10,0.2288183867931366,2,1,104.89295959472656,1033.json,NotBuggy
3,0.21064412593841553,1,2,129.2428436279297,18878.json,NotBuggy
3,0.4040755033493042,1,1,130.45266723632812,1571.json,NotBuggy
3,0.6773489117622375,1,0,133.59722900390625,19147.json,NotBuggy
3,0.05069775506854057,1,1,132.25152587890625,5848.json,NotBuggy
27,0.0,2,35,79.79212188720703,6593.json,NotBuggy
3,0.4613507390022278,1,0,130.07347106933594,16754.json,NotBuggy
3,0.936884880065918,1,0,133.59722900390625,13484.json,NotBuggy
3,0.9539768099784851,1,0,132.9956512451172,1723.json,NotBuggy
14,1.2572635023389012E-4,3,21,93.00374603271484,4925.json,NotBuggy
4,0.8342766165733337,1,0,125.15930938720703,18014.json,NotBuggy
12,6.273030885495245E-4,1,11,99.2109146118164,4689.json,NotBuggy
4,0.7119079828262329,1,0,125.27178192138672,22858.json,NotBuggy
3,0.768871545791626,1,2,131.75106811523438,18419.json,NotBuggy
6,0.051369886845350266,2,5,114.21808624267578,3928.json,NotBuggy
9,0.028492556884884834,2,5,104.736328125,4126.json,NotBuggy
4,0.6659062504768372,1,0,124.1749038696289,9109.json,NotBuggy
3,0.6190877556800842,1,1,130.45266723632812,18995.json,NotBuggy
3,0.0,1,1,126.94014739990234,6029.json,NotBuggy
11,0.19826513528823853,2,9,102.07585906982422,8382.json,NotBuggy
3,0.6035752296447754,1,1,130.18594360351562,19022.json,NotBuggy
3,0.8967178463935852,1,0,133.59722900390625,8564.json,NotBuggy
6,0.3880215287208557,2,2,114.41285705566406,17654.json,NotBuggy
4,0.144156813621521,2,3,120.30455017089844,6023.json,NotBuggy
3,0.8838618397712708,1,1,131.75106811523438,1705.json,NotBuggy
3,0.9381090402603149,1,0,133.59722900390625,3949.json,NotBuggy
12,0.02871027961373329,2,4,100.80113220214844,4784.json,NotBuggy
3,0.801215648651123,1,0,133.59722900390625,11236.json,NotBuggy
5,0.011348312720656395,1,4,117.53009796142578,443.json,NotBuggy
4,0.37190383672714233,1,0,125.64796447753906,23562.json,NotBuggy
3,0.8502739667892456,1,0,133.59722900390625,7906.json,NotBuggy
4,0.5485867857933044,1,0,125.64796447753906,16338.json,NotBuggy
3,0.7206036448478699,1,0,133.59722900390625,1779.json,NotBuggy
3,0.9165305495262146,1,0,133.59722900390625,1284.json,NotBuggy
4,0.48298558592796326,1,2,125.39425659179688,8407.json,NotBuggy
8,8.338067564181983E-4,1,10,106.48905181884766,7008.json,NotBuggy
3,0.07458366453647614,1,3,127.94976043701172,11217.json,NotBuggy
4,0.4859175980091095,1,0,125.64796447753906,3105.json,NotBuggy
3,0.06815038621425629,1,1,129.2428436279297,14720.json,NotBuggy
3,0.08636602759361267,1,0,130.70933532714844,18928.json,NotBuggy
3,0.9197396636009216,1,0,133.59722900390625,20987.json,NotBuggy
8,0.35303983092308044,1,3,109.85400390625,14338.json,NotBuggy
7,0.031111761927604675,1,5,112.0172119140625,17041.json,NotBuggy
3,0.9621713757514954,1,0,133.59722900390625,22093.json,NotBuggy
3,0.2138877958059311,1,2,129.57785034179688,12137.json,NotBuggy
4,0.7119079828262329,1,0,125.27178192138672,15607.json,NotBuggy
9,0.003983890637755394,2,3,104.73219299316406,2.json,NotBuggy
8,0.0018566095968708396,2,8,107.08950805664062,14451.json,NotBuggy
3,0.9297971725463867,1,0,133.59722900390625,17331.json,NotBuggy
3,0.8152434825897217,1,0,133.59722900390625,21759.json,NotBuggy
4,0.2665501832962036,1,2,124.05243682861328,15737.json,NotBuggy
3,0.9346750378608704,1,0,133.59722900390625,13580.json,NotBuggy
20,0.0,1,8,90.4614486694336,3430.json,NotBuggy
15,0.37954410910606384,6,0,96.2082748413086,3425.json,NotBuggy
3,0.0,1,4,126.2772445678711,2820.json,NotBuggy
6,0.011102638207376003,2,4,113.55674743652344,16063.json,NotBuggy
3,0.9106290936470032,1,0,133.59722900390625,20635.json,NotBuggy
10,0.026601092889904976,1,8,103.77035522460938,2729.json,NotBuggy
3,0.7212031483650208,1,1,132.25152587890625,13576.json,NotBuggy
8,0.08758940547704697,2,6,107.93619537353516,8100.json,NotBuggy
6,0.8496967554092407,2,1,116.30830383300781,19800.json,NotBuggy
3,0.7777345776557922,1,0,131.9385528564453,10652.json,NotBuggy
8,0.03248779848217964,2,3,107.37835693359375,14152.json,NotBuggy
4,0.7936185002326965,1,0,125.5254898071289,6250.json,NotBuggy
3,0.9533982276916504,1,0,133.59722900390625,22785.json,NotBuggy
8,0.02516873925924301,2,4,107.64988708496094,16208.json,NotBuggy
3,0.9402146339416504,1,0,133.59722900390625,4258.json,NotBuggy
4,0.7151249647140503,1,0,125.27178192138672,23015.json,NotBuggy
18,0.021399250254034996,2,20,88.8215560913086,6640.json,NotBuggy
4,0.00907269399613142,1,1,122.06648254394531,14551.json,NotBuggy
3,0.04504018649458885,1,2,128.4090576171875,12757.json,NotBuggy
19,6.251413724385202E-4,6,4,88.77279663085938,1401.json,NotBuggy
4,0.5806622505187988,1,0,125.27178192138672,4962.json,NotBuggy
3,0.8845427632331848,1,0,131.1535186767578,8945.json,NotBuggy
4,0.4520498216152191,1,1,123.87862396240234,6359.json,NotBuggy
3,0.39688780903816223,1,2,129.34671020507812,11206.json,NotBuggy
4,0.0026597168762236834,1,4,120.70597839355469,2828.json,NotBuggy
4,0.4180580973625183,1,0,125.64796447753906,22824.json,NotBuggy
4,0.7044928669929504,1,0,125.27178192138672,21861.json,NotBuggy
11,0.0010503772646188736,3,13,97.99475860595703,5059.json,NotBuggy
10,0.8840764760971069,3,2,104.72284698486328,6334.json,NotBuggy
11,0.0027712788432836533,2,14,98.95270538330078,4128.json,NotBuggy
3,0.7917148470878601,1,0,133.59722900390625,15671.json,NotBuggy
4,0.5967966914176941,1,0,125.27178192138672,22697.json,NotBuggy
4,0.6617034077644348,1,0,125.27178192138672,20929.json,NotBuggy
4,0.7119079828262329,1,0,125.27178192138672,23223.json,NotBuggy
7,0.135457843542099,1,6,112.0172119140625,23111.json,NotBuggy
7,0.2974490523338318,2,2,112.98392486572266,17875.json,NotBuggy
3,0.7405849695205688,1,0,131.9385528564453,22933.json,NotBuggy
7,0.058955710381269455,2,4,110.88778686523438,9920.json,NotBuggy
4,0.569024384021759,1,1,126.1969985961914,10278.json,NotBuggy
3,0.9691274166107178,1,0,133.59722900390625,11291.json,NotBuggy
3,0.85118168592453,1,0,133.59722900390625,8618.json,NotBuggy
3,0.7307322025299072,1,0,133.59722900390625,16997.json,NotBuggy
18,4.364759079180658E-4,5,14,88.07677459716797,1742.json,NotBuggy
4,0.6734119653701782,1,0,126.19583892822266,17646.json,NotBuggy
5,0.051034823060035706,2,1,117.64252471923828,20434.json,NotBuggy
8,0.05575305223464966,2,3,109.13993835449219,10556.json,NotBuggy
4,0.4288351833820343,1,0,125.64796447753906,22717.json,NotBuggy
7,3.2951380126178265E-4,1,4,109.00080108642578,2304.json,NotBuggy
4,0.8704496622085571,1,3,123.28931427001953,13218.json,NotBuggy
4,0.4755558669567108,1,2,125.27178192138672,16957.json,NotBuggy
3,0.936884880065918,1,0,133.59722900390625,14236.json,NotBuggy
4,0.4180580973625183,1,0,125.64796447753906,23009.json,NotBuggy
3,0.289213091135025,1,2,128.62307739257812,14276.json,NotBuggy
3,0.9294750690460205,1,0,133.59722900390625,20889.json,NotBuggy
3,0.547896146774292,1,0,131.75106811523438,16569.json,NotBuggy
11,0.13818137347698212,4,0,102.19456481933594,7316.json,Buggy
3,0.3520383834838867,1,2,129.47398376464844,16220.json,NotBuggy
4,0.8863202929496765,1,0,124.91740417480469,12484.json,NotBuggy
3,0.8152434825897217,1,0,133.59722900390625,23106.json,NotBuggy
8,0.0016727775800973177,1,3,106.89742279052734,12833.json,NotBuggy
28,0.0,11,20,77.1170654296875,18868.json,NotBuggy
8,0.02540053427219391,1,8,107.51077270507812,19458.json,NotBuggy
3,0.7212031483650208,1,1,132.25152587890625,14874.json,NotBuggy
8,0.0032668747007846832,2,4,105.63968658447266,78.json,NotBuggy
3,0.7589814066886902,1,0,133.59722900390625,10174.json,NotBuggy
3,0.8767094016075134,1,0,133.59722900390625,21884.json,NotBuggy
4,0.7119079828262329,1,0,125.27178192138672,23323.json,NotBuggy
3,0.5712593197822571,1,0,131.9385528564453,4559.json,NotBuggy
16,3.39039892423898E-4,3,17,92.30084991455078,2997.json,NotBuggy
6,0.1201646476984024,2,2,115.97023010253906,18492.json,NotBuggy
3,0.8189057111740112,1,0,133.59722900390625,23609.json,NotBuggy
4,0.6359264850616455,1,0,125.64796447753906,11091.json,NotBuggy
3,0.44934579730033875,1,0,131.9385528564453,14156.json,NotBuggy
3,0.9409566521644592,1,0,133.59722900390625,1186.json,NotBuggy
3,0.6081819534301758,1,0,133.59722900390625,16556.json,NotBuggy
4,0.6988435983657837,1,0,125.27178192138672,22187.json,NotBuggy
45,0.0,9,48,66.0095443725586,20758.json,NotBuggy
3,0.6099089980125427,1,0,133.59722900390625,9094.json,NotBuggy
7,9.126303484663367E-4,1,8,109.63444519042969,2553.json,NotBuggy
2,0.9961547255516052,1,0,139.56419372558594,8845.json,NotBuggy
4,0.5007357001304626,1,0,124.58238983154297,10662.json,NotBuggy
3,0.9317474365234375,1,0,133.59722900390625,223.json,NotBuggy
5,0.11032435297966003,1,1,122.4339599609375,3026.json,NotBuggy
3,0.0,1,4,126.2772445678711,2822.json,NotBuggy
4,0.48066097497940063,1,0,124.48601531982422,3275.json,NotBuggy
12,0.4531458914279938,3,4,99.53533935546875,3863.json,NotBuggy
4,0.501011312007904,1,0,125.64796447753906,21305.json,NotBuggy
12,0.0020413617603480816,3,8,97.77164459228516,10884.json,NotBuggy
3,0.9649789929389954,1,0,133.59722900390625,2126.json,NotBuggy
3,0.8910459876060486,1,0,133.59722900390625,22423.json,NotBuggy
11,6.622152286581695E-4,2,10,98.76526641845703,13221.json,NotBuggy
3,0.9210337996482849,1,0,130.57513427734375,1362.json,NotBuggy
3,0.7260045409202576,1,0,131.91592407226562,6407.json,NotBuggy
3,0.4215012788772583,1,1,132.25152587890625,19900.json,NotBuggy
24,0.001681421184912324,6,15,82.73197937011719,18989.json,NotBuggy
3,0.9153783321380615,1,0,133.59722900390625,20928.json,NotBuggy
12,0.002663617953658104,3,11,98.15805053710938,10036.json,NotBuggy
3,0.7693724036216736,1,0,133.59722900390625,22071.json,NotBuggy
3,0.9380925893783569,1,0,133.59722900390625,12089.json,NotBuggy
55,0.0,1,53,68.5450210571289,19656.json,Buggy
4,0.7119079828262329,1,0,125.27178192138672,4946.json,NotBuggy
13,0.0,3,27,115.8363037109375,22034.json,NotBuggy
5,0.02526126801967621,2,3,117.77186584472656,2090.json,NotBuggy
4,0.36551642417907715,1,1,123.47842407226562,11241.json,NotBuggy
15,0.1483859419822693,1,0,95.74999237060547,12012.json,NotBuggy
3,0.7139409184455872,1,0,131.91592407226562,7923.json,NotBuggy
5,0.340474396944046,1,3,118.07797241210938,3594.json,NotBuggy
12,0.4597473740577698,3,3,100.32208251953125,16510.json,NotBuggy
7,0.0010201174300163984,1,6,108.98359680175781,2072.json,NotBuggy
3,0.5341992378234863,1,0,131.91592407226562,14352.json,NotBuggy
3,0.7417846918106079,1,1,130.85629272460938,20033.json,NotBuggy
5,0.052829936146736145,2,2,118.1375503540039,6045.json,NotBuggy
13,0.004666686058044434,3,15,95.25935363769531,14360.json,NotBuggy
3,0.44499504566192627,1,2,129.47398376464844,12118.json,NotBuggy
15,0.01306380145251751,4,10,92.37022399902344,17640.json,NotBuggy
3,0.9257471561431885,1,0,133.59722900390625,9647.json,NotBuggy
3,0.7736914157867432,1,0,133.59722900390625,11160.json,NotBuggy
8,0.01618984341621399,2,7,106.3458251953125,10896.json,NotBuggy
17,0.008965980261564255,6,8,90.45681762695312,3933.json,Buggy
3,0.7240781188011169,1,0,131.9385528564453,10098.json,NotBuggy
25,0.0,4,22,81.9903564453125,17605.json,Buggy
11,0.17840641736984253,3,2,100.81038665771484,3651.json,NotBuggy
3,0.3330729901790619,1,1,132.25152587890625,1279.json,NotBuggy
5,0.2233365923166275,1,1,116.79476165771484,1083.json,NotBuggy
4,0.015196561813354492,1,3,120.40968322753906,803.json,NotBuggy
4,0.7119079828262329,1,0,125.27178192138672,22337.json,NotBuggy
3,0.7279999256134033,1,1,130.85629272460938,20088.json,NotBuggy
11,0.018095696344971657,2,11,100.2794189453125,6321.json,NotBuggy
7,0.6829153299331665,3,2,110.72028350830078,18922.json,NotBuggy
10,0.05126716196537018,2,6,102.85294342041016,389.json,NotBuggy
3,0.8509601354598999,1,0,131.9385528564453,3692.json,NotBuggy
3,0.20598110556602478,1,0,127.42049407958984,8055.json,NotBuggy
3,0.07596448063850403,1,2,129.69032287597656,13927.json,NotBuggy
3,0.7462075352668762,1,1,130.85629272460938,20026.json,NotBuggy
13,0.5873545408248901,3,2,98.37139129638672,1088.json,NotBuggy
3,0.9402101635932922,1,0,133.59722900390625,20600.json,NotBuggy
4,0.7119079828262329,1,0,125.27178192138672,21986.json,NotBuggy
3,0.40622010827064514,1,1,129.93223571777344,16137.json,NotBuggy
4,0.7659953236579895,1,0,125.64796447753906,17566.json,NotBuggy
4,0.7119079828262329,1,0,125.27178192138672,22050.json,NotBuggy
3,0.6888290047645569,1,0,131.75106811523438,13031.json,NotBuggy
9,0.002824467606842518,1,7,107.5124282836914,15870.json,NotBuggy
11,0.0010735963005572557,1,16,99.92545318603516,2629.json,NotBuggy
3,0.761040985584259,1,0,133.59722900390625,18033.json,NotBuggy
3,0.15786795318126678,1,2,127.76728820800781,17496.json,NotBuggy
3,0.7582122087478638,1,0,132.086669921875,999.json,NotBuggy
3,0.3930233120918274,1,0,130.70933532714844,19329.json,NotBuggy
3,0.029506247490644455,1,5,128.0374755859375,9217.json,NotBuggy
14,0.0013466550735756755,7,5,94.72154998779297,7916.json,NotBuggy
4,0.0012294268235564232,1,4,120.24345397949219,14535.json,NotBuggy
3,0.975588858127594,1,0,130.236328125,17461.json,NotBuggy
5,0.11537637561559677,1,3,118.43518829345703,4124.json,NotBuggy
40,0.0,8,26,71.01299285888672,3477.json,NotBuggy
4,0.7151249647140503,1,0,125.27178192138672,23466.json,NotBuggy
5,0.10480758547782898,1,4,119.1451187133789,4398.json,NotBuggy
5,0.012080843560397625,2,2,117.23712158203125,20435.json,NotBuggy
7,0.04409352317452431,2,7,110.16584014892578,13343.json,NotBuggy
3,0.7747441530227661,1,0,131.9385528564453,22087.json,NotBuggy
3,0.8579599857330322,1,0,133.59722900390625,9811.json,NotBuggy
3,0.4953788220882416,1,1,129.7158966064453,14424.json,NotBuggy
3,0.957419216632843,1,0,133.59722900390625,6734.json,NotBuggy
3,0.5404261946678162,1,0,133.59722900390625,11816.json,NotBuggy
3,0.9392729997634888,1,0,133.59722900390625,12778.json,NotBuggy
3,0.9532923698425293,1,0,129.7158966064453,16778.json,NotBuggy
3,0.6294314861297607,1,2,130.57513427734375,582.json,NotBuggy
3,0.6541221737861633,1,0,131.28770446777344,19148.json,NotBuggy
3,0.8353855013847351,1,0,133.59722900390625,10292.json,NotBuggy
4,0.7953705787658691,2,3,122.45118713378906,14575.json,NotBuggy
9,0.04477175697684288,3,9,103.98953247070312,3860.json,NotBuggy
19,0.016506562009453773,1,15,91.28611755371094,2529.json,NotBuggy
5,0.785047173500061,2,1,121.30742645263672,13023.json,NotBuggy
11,0.0027549131773412228,3,12,98.42634582519531,61.json,NotBuggy
3,0.8152434825897217,1,0,133.59722900390625,21265.json,NotBuggy
5,0.0015452667139470577,2,4,115.8033676147461,4107.json,NotBuggy
3,0.9381090402603149,1,0,133.59722900390625,17565.json,NotBuggy
10,0.5807257890701294,3,1,104.87965393066406,1746.json,NotBuggy
4,0.4544495940208435,1,0,125.64796447753906,10216.json,NotBuggy
4,0.606551468372345,1,0,125.64796447753906,22679.json,NotBuggy
20,0.008501896634697914,5,14,85.51272583007812,891.json,NotBuggy
9,0.017722442746162415,2,5,103.80441284179688,5066.json,NotBuggy
3,0.7906191945075989,1,0,133.59722900390625,18474.json,NotBuggy
11,8.220232557505369E-4,4,7,99.76322937011719,19991.json,NotBuggy
4,0.7321991324424744,1,0,125.27178192138672,11135.json,NotBuggy
3,1.886525860754773E-4,1,4,126.28292083740234,11731.json,NotBuggy
7,0.014107753522694111,1,9,108.68408203125,5675.json,NotBuggy
3,0.8353855013847351,1,0,133.59722900390625,22007.json,NotBuggy
3,0.6126872301101685,1,1,131.43582153320312,13686.json,NotBuggy
3,0.8152434825897217,1,0,133.59722900390625,23322.json,NotBuggy
8,0.5829221606254578,1,5,109.92411041259766,4271.json,NotBuggy
3,0.9734896421432495,1,0,128.8216552734375,16974.json,NotBuggy
3,0.2702672481536865,1,1,130.45266723632812,20772.json,NotBuggy
5,0.0577828548848629,1,4,117.73384857177734,3188.json,NotBuggy
16,9.869104251265526E-4,4,8,91.780029296875,4759.json,NotBuggy
4,0.8530820608139038,1,0,125.5254898071289,19058.json,NotBuggy
3,0.11105511337518692,1,1,130.70933532714844,1580.json,NotBuggy
4,0.6406107544898987,1,0,125.64796447753906,17865.json,NotBuggy
4,0.5180507898330688,1,1,125.64796447753906,11751.json,NotBuggy
3,0.9165305495262146,1,0,133.59722900390625,6778.json,NotBuggy
9,7.592662586830556E-4,2,9,103.80879211425781,14804.json,NotBuggy
3,0.7834091186523438,1,1,130.99049377441406,15457.json,NotBuggy
3,0.5221478343009949,1,1,130.18594360351562,17096.json,NotBuggy
3,0.8537255525588989,1,0,133.59722900390625,22334.json,NotBuggy
22,0.0,2,41,82.70115661621094,16240.json,NotBuggy
3,0.9457477331161499,1,0,133.59722900390625,12280.json,NotBuggy
9,4.3377160909585655E-4,1,12,105.77667236328125,8441.json,NotBuggy
3,0.8793336153030396,1,0,133.59722900390625,23188.json,NotBuggy
7,0.005768786650151014,2,7,109.27063751220703,4665.json,NotBuggy
4,0.9559065699577332,1,0,125.79222106933594,13093.json,NotBuggy
5,0.6431066393852234,1,1,119.76210021972656,20017.json,NotBuggy
8,0.05064104497432709,2,3,109.13993835449219,10557.json,NotBuggy
3,0.39319220185279846,1,0,130.18594360351562,15862.json,NotBuggy
16,4.511076840572059E-4,1,16,91.4760513305664,4023.json,NotBuggy
2,0.9955105185508728,1,0,142.4026641845703,7997.json,NotBuggy
3,0.039836373180150986,1,2,127.87090301513672,12742.json,NotBuggy
3,0.5152236223220825,1,1,131.1385955810547,881.json,NotBuggy
3,0.07220348715782166,1,0,128.91311645507812,18199.json,NotBuggy
4,0.043169766664505005,1,0,123.47842407226562,5135.json,NotBuggy
3,0.5169301629066467,1,1,129.7158966064453,1465.json,NotBuggy
3,0.775612473487854,1,0,132.4454345703125,6254.json,NotBuggy
3,0.904654860496521,1,1,132.25152587890625,18888.json,NotBuggy
3,0.849532961845398,1,0,131.43582153320312,14356.json,NotBuggy
4,0.4859175980091095,1,0,125.64796447753906,22950.json,NotBuggy
3,0.7811756134033203,1,0,133.59722900390625,12218.json,NotBuggy
3,9.848210029304028E-4,1,1,126.48982238769531,9823.json,NotBuggy
3,0.5223527550697327,1,0,133.59722900390625,23388.json,NotBuggy
3,0.8537255525588989,1,0,133.59722900390625,22456.json,NotBuggy
3,0.7804059386253357,1,0,134.26058959960938,8570.json,NotBuggy
3,0.10641148686408997,1,3,127.8512954711914,14197.json,NotBuggy
3,0.648941695690155,1,0,133.59722900390625,10348.json,NotBuggy
4,0.7686504125595093,1,0,125.64796447753906,18361.json,NotBuggy
4,0.10290557891130447,1,2,122.14535522460938,10163.json,NotBuggy
8,0.017343798652291298,1,8,108.42887878417969,23592.json,NotBuggy
13,0.0,1,38,93.84880065917969,7795.json,NotBuggy
3,0.4833996593952179,1,1,132.25152587890625,17121.json,NotBuggy
3,0.29892125725746155,1,2,128.3351287841797,11065.json,NotBuggy
8,0.24208317697048187,1,10,105.3105697631836,9167.json,NotBuggy
9,7.208171300590038E-4,2,5,104.69950866699219,19974.json,NotBuggy
14,8.559473790228367E-4,5,15,92.20285034179688,3620.json,NotBuggy
4,0.2769632041454315,1,1,125.78216552734375,11536.json,NotBuggy
3,0.41295960545539856,1,1,129.93223571777344,11641.json,NotBuggy
3,0.8828085660934448,1,0,133.59722900390625,427.json,NotBuggy
3,0.8814632296562195,1,0,133.59722900390625,18280.json,NotBuggy
3,0.8827071189880371,1,0,133.59722900390625,12575.json,NotBuggy
12,0.19354674220085144,3,4,99.91877746582031,190.json,NotBuggy
6,0.3634934425354004,1,4,115.95040893554688,9999.json,NotBuggy
3,0.7214420437812805,1,1,130.99049377441406,17516.json,NotBuggy
3,0.6786439418792725,1,1,130.85629272460938,6243.json,NotBuggy
4,0.7768858075141907,1,0,125.15930938720703,12301.json,NotBuggy
3,0.4617830216884613,1,2,128.3351287841797,12683.json,NotBuggy
3,0.8636916279792786,1,0,133.59722900390625,22381.json,NotBuggy
3,0.068672314286232,1,1,129.14646911621094,758.json,NotBuggy
3,0.2334340363740921,1,1,130.57513427734375,17337.json,NotBuggy
4,0.7256754636764526,1,0,125.27178192138672,2918.json,NotBuggy
12,1.8177488527726382E-4,5,13,97.43145751953125,3523.json,NotBuggy
4,0.6624916791915894,1,1,126.19583892822266,433.json,NotBuggy
10,0.023123295977711678,1,12,101.68478393554688,670.json,Buggy
3,0.9320460557937622,1,0,132.9956512451172,14501.json,NotBuggy
3,0.7553460597991943,1,0,133.59722900390625,13229.json,NotBuggy
6,0.008586320094764233,2,4,112.45612335205078,20325.json,NotBuggy
3,0.03842458501458168,1,2,128.1235809326172,12673.json,Buggy
3,0.9244766235351562,1,1,132.61029052734375,6077.json,NotBuggy
3,0.4538843035697937,1,1,132.25152587890625,11939.json,NotBuggy
7,0.4671044647693634,2,3,114.26372528076172,4185.json,NotBuggy
23,0.015201364643871784,5,21,82.94072723388672,2030.json,NotBuggy
3,0.4116801917552948,1,1,130.7338104248047,8538.json,NotBuggy
7,0.5110101699829102,2,2,110.83819580078125,659.json,NotBuggy
7,0.05099227651953697,1,4,110.1856918334961,8310.json,NotBuggy
3,0.8152434825897217,1,0,133.59722900390625,22799.json,NotBuggy
7,0.0334586463868618,2,3,110.67108917236328,7068.json,NotBuggy
4,0.8791892528533936,1,0,124.91740417480469,12466.json,NotBuggy
4,0.7056105136871338,1,0,125.64796447753906,22420.json,NotBuggy
3,0.14844496548175812,1,3,128.712890625,14856.json,NotBuggy
24,0.0,1,24,82.48162078857422,4089.json,NotBuggy
8,0.013184662908315659,2,3,107.36966705322266,1717.json,NotBuggy
15,4.542423994280398E-4,4,15,92.25794219970703,4234.json,NotBuggy
7,0.6211934685707092,1,0,114.06831359863281,16225.json,NotBuggy
3,0.552636981010437,1,2,129.14646911621094,13428.json,NotBuggy
5,0.40125301480293274,1,3,120.3299331665039,4681.json,NotBuggy
3,0.0,1,1,125.37183380126953,608.json,NotBuggy
10,0.8753138184547424,3,3,104.4138412475586,12371.json,NotBuggy
8,0.0019323498709127307,2,12,106.30162048339844,23591.json,NotBuggy
4,0.46553975343704224,1,0,125.64796447753906,23179.json,NotBuggy
6,0.07561932504177094,1,5,115.11836242675781,9992.json,NotBuggy
23,0.0,1,61,81.67426300048828,7757.json,NotBuggy
3,0.618645429611206,1,3,130.70933532714844,1187.json,NotBuggy
3,0.32903486490249634,1,2,129.34671020507812,11733.json,NotBuggy
7,0.14944054186344147,1,6,111.8255386352539,22128.json,NotBuggy
8,0.04645062983036041,1,8,109.99835968017578,2943.json,NotBuggy
4,0.23898153007030487,1,2,123.28931427001953,18479.json,NotBuggy
3,0.47113707661628723,1,0,131.28770446777344,11946.json,NotBuggy
7,0.2013811618089676,2,2,111.3503189086914,14731.json,NotBuggy
3,0.9038982391357422,1,0,133.59722900390625,23493.json,NotBuggy
11,0.0021227779798209667,2,10,101.14266967773438,7080.json,NotBuggy
3,0.9165305495262146,1,0,133.59722900390625,20397.json,NotBuggy
4,0.5968576073646545,1,0,125.64796447753906,13089.json,NotBuggy
3,0.8814632296562195,1,0,133.59722900390625,10288.json,NotBuggy
3,0.8537255525588989,1,0,133.59722900390625,21888.json,NotBuggy
4,0.4180580973625183,1,0,125.64796447753906,23043.json,NotBuggy
5,0.3895929157733917,1,0,120.53388214111328,6946.json,NotBuggy
3,0.8339069485664368,1,0,133.59722900390625,10786.json,NotBuggy
3,0.8387273550033569,1,0,133.59722900390625,8446.json,NotBuggy
18,0.011332123540341854,6,11,89.20013427734375,2314.json,NotBuggy
11,0.15852779150009155,4,3,102.27214050292969,18402.json,NotBuggy
3,0.9489667415618896,1,0,132.9956512451172,14899.json,NotBuggy
3,0.8767094016075134,1,0,133.59722900390625,22680.json,NotBuggy
3,0.7217891216278076,1,0,131.28770446777344,10765.json,NotBuggy
4,0.4363728165626526,1,0,125.27178192138672,6755.json,NotBuggy
3,0.5881221890449524,1,0,133.59722900390625,23403.json,NotBuggy
4,0.6526999473571777,1,0,125.64796447753906,11535.json,NotBuggy
5,0.8326882123947144,1,1,120.74615478515625,8102.json,NotBuggy
3,0.9320460557937622,1,0,132.9956512451172,14601.json,NotBuggy
3,0.4760381579399109,1,1,132.086669921875,19917.json,NotBuggy
14,6.789682665839791E-4,5,10,93.55240631103516,6875.json,NotBuggy
3,0.8152434825897217,1,0,133.59722900390625,3192.json,NotBuggy
3,0.12311513721942902,1,2,129.58164978027344,464.json,NotBuggy
4,0.8226006627082825,1,0,126.19583892822266,19718.json,NotBuggy
10,0.5484552383422852,3,2,105.52442932128906,6036.json,NotBuggy
8,0.23362192511558533,2,2,109.82251739501953,5561.json,NotBuggy
4,0.7373149991035461,1,2,124.7987289428711,20842.json,NotBuggy
6,0.0661843940615654,1,0,115.4029769897461,4349.json,NotBuggy
14,0.06978434324264526,1,10,96.5083999633789,3859.json,NotBuggy
3,0.7930861115455627,1,0,133.59722900390625,19349.json,NotBuggy
3,0.8152434825897217,1,0,133.59722900390625,22146.json,NotBuggy
4,0.606551468372345,1,0,125.64796447753906,22764.json,NotBuggy
3,0.0,1,1,127.8611831665039,12911.json,NotBuggy
4,0.623573899269104,1,0,125.64796447753906,22884.json,NotBuggy
6,0.03775576874613762,2,2,114.28445434570312,16175.json,NotBuggy
3,0.7796823978424072,1,0,133.59722900390625,1122.json,NotBuggy
3,0.7405849695205688,1,0,131.9385528564453,22877.json,NotBuggy
3,0.26582399010658264,1,2,129.0215301513672,9919.json,NotBuggy
3,0.9346750378608704,1,0,133.59722900390625,12465.json,NotBuggy
3,0.8795603513717651,1,0,133.59722900390625,16649.json,NotBuggy
3,0.7048301100730896,1,1,132.25152587890625,8930.json,NotBuggy
3,0.024389933794736862,1,1,128.31268310546875,17019.json,NotBuggy
3,0.7324844598770142,1,0,133.59722900390625,484.json,NotBuggy
4,0.37977027893066406,2,0,122.14173889160156,17614.json,NotBuggy
3,0.9320460557937622,1,0,132.9956512451172,14583.json,NotBuggy
4,0.18586578965187073,1,3,123.37702178955078,8796.json,NotBuggy
10,0.0014741687336936593,1,7,104.8330078125,12220.json,NotBuggy
3,0.8537255525588989,1,0,133.59722900390625,10359.json,NotBuggy
4,0.6494480967521667,1,0,125.64796447753906,1043.json,NotBuggy
3,0.35236185789108276,1,0,131.03103637695312,16932.json,NotBuggy
7,0.0016761571168899536,1,11,111.17255401611328,14594.json,NotBuggy
3,0.8120281100273132,1,0,133.59722900390625,20536.json,NotBuggy
13,3.6420798278413713E-4,4,12,95.67221069335938,18624.json,NotBuggy
12,0.004227763973176479,1,11,98.4649887084961,3638.json,NotBuggy
4,0.4414624273777008,1,3,122.76004028320312,14548.json,NotBuggy
13,0.03321365267038345,3,9,96.70166015625,8250.json,NotBuggy
7,0.16479192674160004,2,1,109.57734680175781,685.json,NotBuggy
3,0.47015857696533203,1,1,129.2428436279297,13834.json,NotBuggy
3,0.5282968282699585,1,2,128.50894165039062,8624.json,NotBuggy
3,0.03206203505396843,1,2,127.94110107421875,14437.json,NotBuggy
3,0.39535823464393616,1,1,130.34019470214844,16519.json,NotBuggy
4,0.6144726872444153,1,0,125.15930938720703,16317.json,NotBuggy
3,0.8726048469543457,1,0,133.59722900390625,11912.json,NotBuggy
3,0.04484930634498596,1,1,130.45266723632812,18217.json,NotBuggy
6,0.3495858609676361,2,2,116.9500732421875,140.json,NotBuggy
3,0.7849682569503784,1,1,131.60296630859375,14146.json,NotBuggy
15,0.19872497022151947,4,7,95.9469223022461,5473.json,NotBuggy
6,0.31169840693473816,1,0,117.59266662597656,15438.json,NotBuggy
6,0.07015814632177353,2,3,114.96073150634766,12139.json,NotBuggy
3,0.8971986770629883,1,0,133.39190673828125,18909.json,Buggy
3,0.7839915752410889,1,0,133.59722900390625,19574.json,NotBuggy
3,0.9080716967582703,1,0,133.59722900390625,21257.json,NotBuggy
3,0.5963409543037415,1,0,133.59722900390625,14789.json,NotBuggy
8,0.11835865676403046,2,2,108.55803680419922,8105.json,NotBuggy
3,0.9294750690460205,1,0,133.59722900390625,21074.json,NotBuggy
7,0.003652601270005107,2,7,109.28382873535156,1558.json,NotBuggy
3,0.9452358484268188,1,0,132.9956512451172,18635.json,NotBuggy
3,0.634615421295166,1,1,130.34019470214844,15914.json,NotBuggy
3,0.8793336153030396,1,0,133.59722900390625,11822.json,NotBuggy
3,0.9356664419174194,1,0,130.45266723632812,16738.json,NotBuggy
3,0.8035597801208496,1,0,133.59722900390625,23412.json,NotBuggy
23,6.122113554738462E-4,1,14,86.54108428955078,3827.json,NotBuggy
3,0.8910459876060486,1,0,133.59722900390625,22923.json,NotBuggy
10,0.5921709537506104,3,4,103.6401596069336,18228.json,NotBuggy
3,0.3040536046028137,1,2,129.69032287597656,12754.json,NotBuggy
3,0.749021053314209,1,0,131.9385528564453,23551.json,NotBuggy
3,0.05265236273407936,1,3,127.03218841552734,7738.json,NotBuggy
4,0.41053307056427,1,0,125.64796447753906,11882.json,NotBuggy
3,0.6202432513237,1,0,131.28770446777344,10842.json,NotBuggy
4,0.7119079828262329,1,0,125.27178192138672,22772.json,NotBuggy
9,0.33137235045433044,2,2,107.28234100341797,15754.json,NotBuggy
3,0.9381090402603149,1,0,133.59722900390625,18178.json,NotBuggy
4,0.623573899269104,1,0,125.64796447753906,23035.json,NotBuggy
3,0.8794088959693909,1,0,131.91592407226562,18158.json,NotBuggy
3,0.0,1,2,126.07219696044922,18623.json,NotBuggy
3,0.6723040342330933,1,0,130.85629272460938,11584.json,NotBuggy
4,0.05926493555307388,1,2,123.48088836669922,16141.json,NotBuggy
3,0.5363666415214539,1,1,130.85629272460938,19526.json,NotBuggy
12,0.0066963317804038525,2,9,98.57904052734375,2964.json,NotBuggy
3,0.9381090402603149,1,0,133.59722900390625,14327.json,NotBuggy
12,0.010723792016506195,2,8,99.15386199951172,4179.json,NotBuggy
3,0.0031835848931223154,1,0,127.94976043701172,1155.json,NotBuggy
3,0.39656364917755127,1,2,129.69032287597656,11775.json,NotBuggy
6,0.783551037311554,2,1,118.00019836425781,1830.json,NotBuggy
4,0.028256282210350037,1,0,123.47842407226562,4567.json,NotBuggy
22,0.023434309288859367,5,9,85.43479919433594,1133.json,Buggy
3,0.7372584342956543,1,0,133.59722900390625,22479.json,NotBuggy
3,0.9165305495262146,1,0,133.59722900390625,20406.json,NotBuggy
3,0.9621713757514954,1,0,133.59722900390625,22921.json,NotBuggy
3,0.1026492640376091,1,4,128.70916748046875,8283.json,NotBuggy
4,0.6032774448394775,1,0,125.27178192138672,4515.json,NotBuggy
3,0.020814837887883186,1,2,128.4090576171875,11467.json,NotBuggy
7,0.002010205527767539,1,8,110.2843017578125,2652.json,NotBuggy
3,0.1751689612865448,1,1,131.75106811523438,5866.json,NotBuggy
5,0.5087849497795105,1,3,117.86318969726562,2666.json,NotBuggy
3,0.3922092616558075,1,0,132.25152587890625,1073.json,NotBuggy
4,0.7119079828262329,1,0,125.27178192138672,21883.json,NotBuggy
9,0.3277839422225952,2,1,106.70701599121094,975.json,NotBuggy
4,0.8675000667572021,1,0,125.15930938720703,17623.json,NotBuggy
3,7.420068723149598E-4,1,5,126.28292083740234,11438.json,NotBuggy
12,0.013408561237156391,1,9,100.1854476928711,16791.json,NotBuggy
3,0.7455370426177979,1,1,131.1535186767578,13931.json,NotBuggy
3,0.29926541447639465,1,0,133.59722900390625,9767.json,NotBuggy
10,0.0,3,11,99.53878784179688,3654.json,NotBuggy
3,0.7570729851722717,1,1,129.93223571777344,19080.json,NotBuggy
3,0.059203535318374634,1,2,129.69032287597656,19498.json,NotBuggy
3,0.7756392359733582,1,0,131.9385528564453,9074.json,NotBuggy
3,0.057854559272527695,1,4,128.60531616210938,3347.json,NotBuggy
9,0.01836526207625866,1,6,104.01825714111328,2587.json,NotBuggy
3,0.8072013854980469,1,0,133.59722900390625,20509.json,NotBuggy
3,0.8353855013847351,1,0,133.59722900390625,18318.json,NotBuggy
4,0.48826977610588074,1,0,125.27178192138672,4944.json,NotBuggy
4,0.44834452867507935,1,0,125.64796447753906,13171.json,NotBuggy
3,0.502195417881012,1,1,130.7338104248047,19648.json,NotBuggy
4,0.4341757595539093,1,0,125.64796447753906,11857.json,NotBuggy
3,0.6750338673591614,1,0,131.9385528564453,16653.json,NotBuggy
3,0.46301010251045227,1,1,129.93223571777344,10373.json,NotBuggy
7,0.0957786813378334,1,6,112.0172119140625,21498.json,NotBuggy
4,0.4552217125892639,1,0,125.27178192138672,11989.json,NotBuggy
6,0.49314960837364197,1,4,116.4460220336914,20972.json,NotBuggy
3,0.521603524684906,1,2,129.93223571777344,23430.json,NotBuggy
6,0.0,1,7,110.74969482421875,5294.json,NotBuggy
3,0.9394945502281189,1,0,133.59722900390625,11150.json,NotBuggy
5,1.9526678079273552E-4,1,5,118.14434051513672,5450.json,NotBuggy
3,0.8896969556808472,1,0,130.7338104248047,8223.json,NotBuggy
5,0.5146893858909607,1,2,119.41529846191406,18229.json,NotBuggy
3,0.8152434825897217,1,0,133.59722900390625,21783.json,NotBuggy
4,0.8923241496086121,1,2,126.33003997802734,17412.json,NotBuggy
15,7.609792519360781E-4,3,12,92.88513946533203,14600.json,NotBuggy
3,0.9381090402603149,1,0,133.59722900390625,23320.json,NotBuggy
3,0.8853198885917664,1,0,133.59722900390625,22745.json,NotBuggy
4,0.017560550943017006,1,4,121.27667999267578,14394.json,NotBuggy
3,0.7053405046463013,1,1,130.99049377441406,948.json,NotBuggy
3,0.6149036884307861,1,0,131.28770446777344,820.json,NotBuggy
6,0.001781334402039647,2,5,112.84876251220703,19922.json,NotBuggy
5,0.4842820167541504,1,1,122.4339599609375,3843.json,NotBuggy
3,0.9155157804489136,1,0,133.59722900390625,12659.json,NotBuggy
3,0.882658839225769,1,0,133.59722900390625,19424.json,NotBuggy
4,0.3832613229751587,1,0,124.58238983154297,3274.json,NotBuggy
3,0.081592857837677,1,3,127.43789672851562,10699.json,NotBuggy
3,0.69813072681427,1,1,131.75106811523438,6344.json,NotBuggy
3,0.7401793599128723,1,0,131.28770446777344,13029.json,NotBuggy
5,0.25071099400520325,2,2,120.09993743896484,16840.json,NotBuggy
5,0.0,1,4,115.50847625732422,2418.json,NotBuggy
14,0.05934537202119827,5,4,97.203369140625,18841.json,NotBuggy
4,0.623573899269104,1,0,125.64796447753906,23171.json,NotBuggy
3,0.8763893246650696,1,0,131.9385528564453,3236.json,NotBuggy
3,0.7676065564155579,1,0,131.9385528564453,893.json,NotBuggy
4,0.8574307560920715,1,0,125.5254898071289,12215.json,NotBuggy
10,0.012653394602239132,2,7,104.14152526855469,7193.json,NotBuggy
6,0.010596038773655891,1,1,118.35266876220703,14868.json,NotBuggy
3,0.575719952583313,1,0,132.4454345703125,17627.json,NotBuggy
3,0.9558944702148438,1,0,133.59722900390625,21799.json,NotBuggy
3,0.9193012118339539,1,0,133.59722900390625,1568.json,NotBuggy
3,0.8189057111740112,1,0,133.59722900390625,22117.json,NotBuggy
4,0.29330506920814514,1,2,123.75868225097656,16256.json,NotBuggy
5,0.9273211359977722,1,1,121.53742980957031,13983.json,NotBuggy
3,0.05353068560361862,1,3,127.67500305175781,21493.json,NotBuggy
3,0.7353261709213257,1,2,130.18594360351562,1394.json,NotBuggy
3,0.9381090402603149,1,0,133.59722900390625,19681.json,NotBuggy
3,0.9438602924346924,1,0,133.59722900390625,10796.json,NotBuggy
3,0.9294750690460205,1,0,133.59722900390625,22336.json,NotBuggy
4,0.8096189498901367,1,0,125.5254898071289,12217.json,NotBuggy
4,0.7328300476074219,1,0,125.5254898071289,10482.json,NotBuggy
4,0.8244292140007019,1,0,125.5254898071289,12181.json,NotBuggy
8,0.005651808809489012,2,5,106.72502899169922,14884.json,NotBuggy
12,0.07195605337619781,3,5,99.49462890625,16214.json,NotBuggy
11,0.0,3,15,97.45797729492188,2584.json,NotBuggy
3,0.8562331795692444,1,0,133.59722900390625,3774.json,NotBuggy
3,0.7716076970100403,1,1,130.57513427734375,1425.json,NotBuggy
3,0.005293042398989201,1,1,128.92515563964844,6176.json,NotBuggy
6,0.6166042685508728,2,1,116.48211669921875,18883.json,NotBuggy
16,0.014551454223692417,4,10,92.97381591796875,5635.json,Buggy
5,0.3531881868839264,1,0,119.66572570800781,1010.json,NotBuggy
3,0.8978111743927002,1,0,132.4454345703125,12515.json,NotBuggy
3,0.8197553753852844,1,2,129.14646911621094,17941.json,NotBuggy
3,0.6567911505699158,1,0,133.59722900390625,4551.json,NotBuggy
6,0.31169840693473816,1,0,117.59266662597656,15444.json,NotBuggy
3,0.9457477331161499,1,0,133.59722900390625,5556.json,NotBuggy
4,0.2727111876010895,1,1,123.39956665039062,807.json,NotBuggy
3,0.9381090402603149,1,0,133.59722900390625,4166.json,NotBuggy
9,6.123632192611694E-4,1,1,109.2620849609375,4910.json,NotBuggy
15,0.018025437369942665,1,13,95.9071273803711,2479.json,NotBuggy
12,0.01082129031419754,2,8,100.65923309326172,7871.json,NotBuggy
6,0.006397444289177656,1,3,113.13323974609375,539.json,NotBuggy
3,0.6918727159500122,1,0,133.59722900390625,13447.json,NotBuggy
3,0.9294750690460205,1,0,133.59722900390625,10574.json,NotBuggy
6,7.433329010382295E-4,2,6,112.3624267578125,15234.json,NotBuggy
11,4.1460362263023853E-4,3,12,99.4654541015625,3934.json,NotBuggy
3,0.9377641677856445,1,0,133.59722900390625,17703.json,NotBuggy
4,0.27532756328582764,1,0,125.64796447753906,22054.json,NotBuggy
3,0.08289431780576706,1,1,132.25152587890625,5901.json,NotBuggy
13,0.003274321323260665,3,14,95.6909408569336,20273.json,NotBuggy
4,0.611807644367218,1,0,125.64796447753906,21006.json,NotBuggy
3,0.7519037127494812,1,0,133.59722900390625,1721.json,NotBuggy
3,0.8353039622306824,1,1,131.60296630859375,17161.json,NotBuggy
4,0.11967351287603378,1,2,123.94486236572266,6787.json,NotBuggy
12,0.011271515861153603,2,9,99.76060485839844,5543.json,NotBuggy
9,0.006579969078302383,2,6,105.73775482177734,17245.json,NotBuggy
4,0.7256754636764526,1,0,125.27178192138672,21037.json,NotBuggy
3,0.8853198885917664,1,0,133.59722900390625,9683.json,NotBuggy
3,0.44803398847579956,1,1,129.81976318359375,6574.json,NotBuggy
3,0.5012641549110413,1,1,130.30841064453125,21154.json,NotBuggy
3,0.9381090402603149,1,0,133.59722900390625,3979.json,NotBuggy
7,1.4748664398211986E-4,1,4,109.2952880859375,5528.json,NotBuggy
3,0.82071852684021,1,0,133.59722900390625,14943.json,NotBuggy
6,0.293008416891098,3,3,112.50331115722656,18139.json,NotBuggy
3,0.8469316363334656,1,0,133.59722900390625,16558.json,NotBuggy
3,0.18692919611930847,1,1,129.14646911621094,14311.json,NotBuggy
4,0.7083218097686768,1,0,125.64796447753906,19572.json,NotBuggy
5,0.2518695294857025,1,1,120.03731536865234,10862.json,NotBuggy
3,0.8607810735702515,1,0,133.59722900390625,9572.json,NotBuggy
5,0.1317441314458847,2,1,118.596923828125,13976.json,NotBuggy
3,0.13220025599002838,1,1,132.79563903808594,5522.json,NotBuggy
4,0.7256754636764526,1,0,125.27178192138672,22183.json,NotBuggy
3,0.41327667236328125,1,1,130.30841064453125,9728.json,NotBuggy
3,0.8828085660934448,1,0,133.59722900390625,5567.json,NotBuggy
8,0.03677993640303612,1,4,107.82987213134766,17632.json,NotBuggy
3,0.8763893246650696,1,0,131.9385528564453,3240.json,NotBuggy
3,0.8983809351921082,1,0,133.59722900390625,21890.json,NotBuggy
3,0.6465965509414673,1,1,131.28770446777344,2096.json,NotBuggy
14,0.005364987999200821,2,2,94.9428939819336,1079.json,NotBuggy
3,0.6920527815818787,1,0,131.28770446777344,810.json,NotBuggy
3,0.8726048469543457,1,0,133.59722900390625,4366.json,NotBuggy
5,0.1154010221362114,1,1,119.57592010498047,1611.json,NotBuggy
3,0.930927038192749,1,0,133.59722900390625,6759.json,NotBuggy
6,0.6906991600990295,2,3,114.09522247314453,5710.json,NotBuggy
3,0.4231587052345276,1,0,133.59722900390625,8620.json,NotBuggy
3,0.3645535409450531,1,1,130.7338104248047,9170.json,NotBuggy
3,0.6138993501663208,1,1,130.621337890625,15974.json,NotBuggy
3,0.011430262587964535,1,4,127.25540161132812,4339.json,NotBuggy
4,0.8381872773170471,1,0,125.5254898071289,19564.json,NotBuggy
3,0.4012504816055298,1,1,129.81976318359375,8521.json,NotBuggy
3,0.48273253440856934,1,2,129.47398376464844,12221.json,NotBuggy
3,0.8763893246650696,1,0,131.9385528564453,4065.json,NotBuggy
8,0.2924056649208069,3,5,107.13993072509766,14819.json,NotBuggy
4,0.19948360323905945,1,1,123.21045684814453,8851.json,NotBuggy
4,0.4916428327560425,1,0,125.64796447753906,20925.json,NotBuggy
3,0.276654988527298,1,2,128.3351287841797,11686.json,NotBuggy
3,0.10146443545818329,1,2,128.60531616210938,20477.json,NotBuggy
6,0.41317304968833923,1,1,116.80848693847656,3954.json,NotBuggy
19,0.012543495744466782,1,14,91.38811492919922,3310.json,NotBuggy
4,0.6988435983657837,1,0,125.27178192138672,21170.json,NotBuggy
3,0.6865581274032593,1,0,132.086669921875,2129.json,NotBuggy
3,0.010807470418512821,1,0,128.8092498779297,17008.json,NotBuggy
3,0.6332810521125793,1,1,132.25152587890625,20612.json,NotBuggy
21,0.0030422706622630358,5,12,86.39630126953125,7054.json,NotBuggy
3,0.8763893246650696,1,0,131.9385528564453,4079.json,NotBuggy
3,0.9023922085762024,1,0,133.59722900390625,19747.json,NotBuggy
25,0.0,1,29,81.49087524414062,5237.json,NotBuggy
3,0.9380123615264893,1,1,132.9956512451172,15958.json,NotBuggy
3,0.07317585498094559,1,3,128.50894165039062,18893.json,NotBuggy
8,0.016112195327878,1,8,108.65271759033203,21176.json,NotBuggy
3,0.8853198885917664,1,0,133.59722900390625,22955.json,NotBuggy
8,0.017442036420106888,2,4,107.5999984741211,8908.json,NotBuggy
4,0.3626030683517456,1,0,125.64796447753906,22139.json,NotBuggy
3,0.8143788576126099,1,1,130.45266723632812,3786.json,NotBuggy
17,0.010624689050018787,4,7,90.28803253173828,19000.json,NotBuggy
3,0.20171988010406494,1,1,128.60531616210938,5911.json,NotBuggy
3,0.44061923027038574,1,0,131.03103637695312,23064.json,NotBuggy
4,0.7119079828262329,1,0,125.27178192138672,22820.json,NotBuggy
3,0.9506677985191345,1,0,133.59722900390625,18250.json,NotBuggy
10,0.0,1,32,99.49544525146484,7781.json,NotBuggy
3,0.9346750378608704,1,0,133.59722900390625,15931.json,NotBuggy
3,0.9377610087394714,1,0,132.9956512451172,339.json,NotBuggy
3,0.8991098403930664,1,0,133.59722900390625,8784.json,NotBuggy
3,0.9913766384124756,1,0,132.4454345703125,14712.json,NotBuggy
3,0.03409072756767273,1,2,128.21994018554688,13152.json,NotBuggy
3,0.8564472794532776,1,0,131.28770446777344,17463.json,NotBuggy
3,0.9320460557937622,1,0,132.9956512451172,14063.json,NotBuggy
3,0.5625284910202026,1,1,130.57513427734375,19629.json,NotBuggy
7,9.456435218453407E-4,2,7,108.5396499633789,20791.json,NotBuggy
3,0.7693724036216736,1,0,133.59722900390625,22811.json,NotBuggy
7,0.09419950842857361,1,6,112.14561462402344,22358.json,NotBuggy
13,0.004200268536806107,4,11,97.1459732055664,5295.json,Buggy
20,0.0035462016239762306,6,8,86.82206726074219,5475.json,NotBuggy
14,3.1640264205634594E-4,2,14,94.85049438476562,6854.json,NotBuggy
3,0.9621713757514954,1,0,133.59722900390625,23543.json,NotBuggy
3,0.0,1,1,126.34735107421875,17134.json,NotBuggy
3,0.8910459876060486,1,0,133.59722900390625,23061.json,NotBuggy
3,0.0012602965580299497,1,2,126.94014739990234,14440.json,NotBuggy
4,0.7249876260757446,1,0,125.64796447753906,6750.json,NotBuggy
3,0.8925783634185791,1,0,133.59722900390625,6604.json,NotBuggy
3,0.8537255525588989,1,0,133.59722900390625,21727.json,NotBuggy
3,0.7217891216278076,1,0,131.28770446777344,9834.json,NotBuggy
3,0.9427116513252258,1,0,133.59722900390625,23088.json,NotBuggy
4,0.7400206327438354,1,0,125.64796447753906,17568.json,NotBuggy
3,0.7413616180419922,1,1,132.79563903808594,9322.json,NotBuggy
3,0.5702950358390808,1,0,131.9385528564453,15936.json,NotBuggy
11,0.015810692682862282,1,10,102.77344512939453,16745.json,NotBuggy
3,0.6324557065963745,1,0,131.9385528564453,10651.json,NotBuggy
3,0.9381090402603149,1,0,133.59722900390625,4417.json,NotBuggy
4,0.7256754636764526,1,0,125.27178192138672,23448.json,NotBuggy
3,0.7586450576782227,1,1,131.1535186767578,14939.json,NotBuggy
3,0.6988011598587036,1,1,130.99049377441406,909.json,NotBuggy
3,0.8000056147575378,1,0,133.59722900390625,20675.json,NotBuggy
14,0.01966817118227482,4,7,95.12042236328125,13380.json,NotBuggy
3,0.9153783321380615,1,0,133.59722900390625,21056.json,NotBuggy
3,0.6284272074699402,1,1,131.43582153320312,13969.json,NotBuggy
3,0.18454359471797943,1,1,130.05470275878906,14459.json,NotBuggy
7,0.09088228642940521,1,5,111.88787078857422,2359.json,NotBuggy
4,0.029357118532061577,1,3,121.41315460205078,2599.json,NotBuggy
3,0.7639174461364746,1,0,133.59722900390625,9.json,NotBuggy
3,0.8323626518249512,1,0,132.4454345703125,1151.json,NotBuggy
4,0.4859175980091095,1,0,125.64796447753906,23538.json,NotBuggy
7,0.0011855209013447165,1,10,109.17036437988281,19966.json,NotBuggy
4,0.7403702735900879,1,0,125.64796447753906,10351.json,NotBuggy
3,0.6187664866447449,1,0,131.28770446777344,3988.json,NotBuggy
7,0.02723667025566101,3,8,108.4175796508789,14479.json,NotBuggy
3,0.9124325513839722,1,0,133.59722900390625,5557.json,NotBuggy
13,0.024641230702400208,1,14,97.43447875976562,3284.json,NotBuggy
7,0.08377556502819061,2,4,110.09941101074219,2552.json,NotBuggy
3,0.9181838035583496,1,0,133.59722900390625,4056.json,NotBuggy
3,0.08156047761440277,1,1,129.2428436279297,14097.json,NotBuggy
3,0.9346750378608704,1,0,133.59722900390625,13760.json,NotBuggy
15,0.01447492279112339,1,13,95.9071273803711,2485.json,NotBuggy
3,0.6681156754493713,1,0,131.75106811523438,13033.json,NotBuggy
7,0.3943760395050049,2,1,109.90446472167969,7899.json,NotBuggy
3,0.9318479895591736,1,0,133.59722900390625,2969.json,NotBuggy
4,0.7499582767486572,1,0,125.64796447753906,11294.json,NotBuggy
3,0.8814632296562195,1,0,133.59722900390625,9641.json,NotBuggy
4,0.606551468372345,1,0,125.64796447753906,4484.json,NotBuggy
11,0.0078881299123168,3,6,99.68075561523438,996.json,NotBuggy
4,0.625913679599762,1,0,125.64796447753906,21869.json,NotBuggy
12,0.0,1,17,98.25763702392578,21860.json,NotBuggy
3,0.4590741991996765,1,1,130.45266723632812,15714.json,NotBuggy
4,0.024417070671916008,1,1,126.04888916015625,8286.json,NotBuggy
8,0.017065504565835,1,6,107.30072784423828,5693.json,NotBuggy
3,0.6860776543617249,1,1,130.99049377441406,20866.json,NotBuggy
32,0.0,11,11,74.42448425292969,360.json,Buggy
3,0.0,1,1,126.9422836303711,609.json,NotBuggy
4,0.7256754636764526,1,0,125.27178192138672,23468.json,NotBuggy
14,0.005041847471147776,1,12,96.92706298828125,17977.json,NotBuggy
10,0.0,2,19,98.35711669921875,2978.json,NotBuggy
3,0.8983809351921082,1,0,133.59722900390625,22749.json,NotBuggy
3,0.637811005115509,1,0,133.59722900390625,18025.json,NotBuggy
11,0.026070723310112953,1,12,98.87910461425781,4273.json,NotBuggy
7,0.6823720932006836,2,1,111.59553527832031,17862.json,Buggy
3,0.9381090402603149,1,0,133.59722900390625,22119.json,NotBuggy
3,0.8537255525588989,1,0,133.59722900390625,21876.json,NotBuggy
15,0.02202054113149643,3,12,92.95108032226562,5297.json,NotBuggy
4,0.7114298343658447,1,1,125.02987670898438,7090.json,NotBuggy
4,0.3482820391654968,1,0,125.64796447753906,5132.json,NotBuggy
10,0.0,1,12,101.79131317138672,3665.json,NotBuggy
7,0.24573928117752075,2,2,110.95027923583984,17863.json,NotBuggy
3,0.7911167144775391,1,0,133.59722900390625,11984.json,NotBuggy
3,0.8152434825897217,1,0,133.59722900390625,21235.json,NotBuggy
10,0.11459068953990936,2,5,104.62786102294922,3547.json,NotBuggy
4,0.0,1,7,118.64958190917969,2435.json,NotBuggy
3,2.2025381622370332E-4,1,4,126.13856506347656,14465.json,NotBuggy
3,0.41072529554367065,1,3,129.69032287597656,6428.json,NotBuggy
3,0.7772130966186523,1,0,133.59722900390625,12300.json,NotBuggy
3,0.5843667387962341,1,0,133.59722900390625,21001.json,NotBuggy
17,0.0,1,27,88.98491668701172,6148.json,NotBuggy
3,0.5941854119300842,1,1,131.28770446777344,5894.json,NotBuggy
3,0.8330968618392944,1,0,133.59722900390625,14228.json,NotBuggy
3,0.8367751836776733,1,0,131.9385528564453,23555.json,NotBuggy
3,0.22802723944187164,1,0,131.60296630859375,694.json,NotBuggy
3,0.035234495997428894,1,1,129.4591827392578,880.json,NotBuggy
4,8.343862136825919E-4,1,2,122.12896728515625,11632.json,NotBuggy
6,0.11201164871454239,1,3,116.4616928100586,10354.json,NotBuggy
4,0.7119079828262329,1,0,125.27178192138672,2542.json,NotBuggy
3,0.6861366033554077,1,1,130.85629272460938,8381.json,NotBuggy
3,0.8761618733406067,1,0,133.59722900390625,17822.json,NotBuggy
3,0.7608081102371216,1,0,133.59722900390625,1030.json,NotBuggy
13,0.03421702980995178,3,3,96.91436767578125,14161.json,NotBuggy
10,0.014099509455263615,3,9,102.01432037353516,15223.json,NotBuggy
3,0.544666051864624,1,0,133.59722900390625,19512.json,NotBuggy
4,0.6540771722793579,1,1,125.02987670898438,7948.json,NotBuggy
3,0.9457477331161499,1,0,133.59722900390625,19682.json,NotBuggy
3,0.043782446533441544,1,4,126.86129760742188,8831.json,NotBuggy
3,0.8991098403930664,1,0,133.59722900390625,14166.json,NotBuggy
3,0.7874718308448792,1,1,130.45266723632812,12845.json,NotBuggy
4,0.7119079828262329,1,0,125.27178192138672,21166.json,NotBuggy
5,0.08762381970882416,1,3,120.3299331665039,4686.json,NotBuggy
8,0.8782668709754944,1,0,110.37943267822266,14987.json,NotBuggy
10,0.060638125985860825,2,5,103.1622314453125,4907.json,NotBuggy
8,0.018053408712148666,1,8,108.65271759033203,23141.json,NotBuggy
3,0.8423022031784058,1,1,132.4454345703125,17420.json,NotBuggy
9,0.16022701561450958,1,5,106.21300506591797,12931.json,NotBuggy
3,0.8342829942703247,1,1,131.1535186767578,13277.json,NotBuggy
