SLOCStandard,Readability,SimpleReadability,NVAR,NCOMP,Mcclure,McCabe,IndentSTD,MaximumBlockDepth,totalFanOut,Length,MaintainabilityIndex,SATD,Parameters,LocalVariables,ChangeAtMethodAge,CriticalEditDistances,file,Detection
3,0.9235057830810547,0.9082679409010616,0,0,0,1,3.77,0,0,12.0,133.59722900390625,0,0,0,0,0,2810.json,NotBuggy
17,0.01930048316717148,1.7106280656011627E-7,2,1,3,3,4.94,1,5,128.0,90.10555267333984,0,1,7,0,0,5277.json,Buggy
5,0.7601523995399475,0.8240151323775787,1,1,2,2,5.99,0,1,24.0,120.6200180053711,0,0,0,0,0,922.json,NotBuggy
19,0.006082402542233467,2.4671561894288697E-7,0,0,0,4,4.28,1,7,141.0,87.6475830078125,0,1,5,0,0,274.json,NotBuggy
4,0.5584523677825928,0.1202915961844672,0,0,0,1,4.9,0,4,42.0,120.95767974853516,0,1,0,0,0,3599.json,NotBuggy
7,0.309130996465683,0.01446672556388324,2,3,5,4,1.81,0,3,62.0,108.87591552734375,0,1,1,0,0,2930.json,NotBuggy
3,0.8175028562545776,0.7971853115227512,0,0,0,1,1.89,0,1,21.0,130.05470275878906,0,0,0,0,0,3191.json,NotBuggy
3,0.9235057830810547,0.9082679409010616,0,0,0,1,3.77,0,0,12.0,133.59722900390625,0,0,0,0,0,2812.json,NotBuggy
13,0.04278020188212395,0.004420207283330105,3,2,5,3,5.66,3,4,81.0,97.53760528564453,0,1,2,0,0,5045.json,NotBuggy
33,0.06202000379562378,0.0015361675221264453,1,1,2,2,5.28,2,1,146.0,79.03742218017578,0,0,2,0,0,4917.json,NotBuggy
3,0.5020562410354614,0.9485784741002395,0,0,0,1,1.89,0,0,12.0,133.59722900390625,0,0,0,0,0,4795.json,NotBuggy
3,0.7612021565437317,0.9476528303828204,0,0,0,1,1.89,0,0,12.0,133.59722900390625,0,0,0,0,0,2773.json,NotBuggy
3,0.27758485078811646,0.5410472838766989,0,0,0,1,3.77,0,1,22.0,129.47398376464844,0,0,0,0,0,2953.json,NotBuggy
4,0.14743997156620026,0.4615690298184291,0,0,0,1,2.0,0,2,29.0,123.19084167480469,0,1,0,0,0,4376.json,NotBuggy
3,0.5934724807739258,0.8857753517993264,1,1,2,2,1.89,0,1,17.0,130.9235076904297,0,0,0,0,0,2742.json,NotBuggy
13,0.033909671008586884,4.245952764581975E-6,3,2,5,4,3.2,2,4,108.0,95.1817855834961,0,3,4,0,0,194.json,Buggy
7,0.06998755037784576,0.041391519025797976,0,0,0,1,1.81,0,3,51.0,110.69306182861328,0,1,1,0,0,188.json,NotBuggy
3,0.6372058391571045,0.7685849910791266,0,0,0,1,1.89,0,0,16.0,131.46876525878906,0,0,0,0,0,5029.json,NotBuggy
13,0.09903869032859802,9.020625138176623E-4,0,0,0,4,4.18,2,4,88.0,96.35874938964844,0,2,3,0,0,5527.json,Buggy
2,0.9978325366973877,0.9907400745038032,0,0,0,1,0.0,0,0,9.0,142.4026641845703,0,0,0,0,0,1404.json,NotBuggy
13,0.009579287841916084,7.498687427834903E-4,0,0,0,2,3.34,2,5,84.0,97.2193374633789,0,0,2,0,0,3045.json,NotBuggy
3,0.5192803740501404,0.8539219883388569,0,0,0,1,1.89,0,2,18.0,130.99049377441406,0,0,0,0,0,1423.json,NotBuggy
5,0.005267550703138113,0.03770943792016932,3,2,5,2,2.99,0,4,47.0,116.22709655761719,0,1,0,0,0,3127.json,NotBuggy
5,0.012551709078252316,0.2860374479241739,0,0,0,1,5.43,0,3,36.0,118.54136657714844,0,1,0,0,0,898.json,NotBuggy
3,0.9277615547180176,0.9641530039307813,0,0,0,1,1.89,0,0,12.0,133.59722900390625,0,0,0,0,0,574.json,NotBuggy
3,0.9112564921379089,0.8443323006008158,0,0,0,1,1.89,0,0,21.0,130.05470275878906,0,1,0,0,0,4898.json,NotBuggy
15,0.004543530289083719,2.2046491559672676E-10,3,2,5,4,3.16,2,9,158.0,90.54759216308594,0,2,5,0,0,5053.json,Buggy
20,0.0,1.002862939228815E-11,2,3,5,4,12.58,1,22,189.0,84.7486801147461,0,2,5,0,0,5249.json,Buggy
3,0.07198993116617203,0.4333289986993898,0,0,0,1,1.89,0,1,24.0,129.0215301513672,0,1,0,0,0,2987.json,NotBuggy
3,0.9279651045799255,0.9804471999132195,0,0,0,1,1.89,0,0,12.0,133.59722900390625,0,0,0,0,0,1402.json,NotBuggy
3,0.35681262612342834,0.9736860765570017,0,0,0,1,1.89,0,0,13.0,132.9956512451172,0,0,0,0,0,1601.json,NotBuggy
6,0.28292781114578247,0.640503365308425,0,0,0,2,2.75,1,3,32.0,115.97023010253906,0,0,1,0,0,681.json,NotBuggy
3,0.07032320648431778,0.4818863028566822,0,0,0,1,1.89,0,4,27.0,128.51292419433594,0,1,0,0,0,4350.json,Buggy
65,0.0,1.3337572988169233E-29,10,11,21,12,7.46,5,41,467.0,59.065086364746094,0,0,6,0,0,3121.json,Buggy
4,0.2123926281929016,0.285961645697913,0,0,0,1,6.63,0,0,28.0,123.21045684814453,0,4,0,0,0,572.json,NotBuggy
3,0.695430338382721,0.9204839257696652,0,0,0,1,1.89,0,1,15.0,132.25152587890625,0,0,0,0,0,5187.json,NotBuggy
3,0.3106670379638672,0.774994275657224,0,0,0,1,1.89,0,2,19.0,130.70933532714844,0,0,0,0,0,4979.json,NotBuggy
4,0.6760580539703369,0.8682976145050428,0,0,0,1,2.0,0,1,20.0,125.5254898071289,0,1,0,0,0,3255.json,NotBuggy
3,0.7340269088745117,0.8636361029038452,0,0,0,1,1.89,0,1,18.0,130.85629272460938,0,1,0,0,0,3235.json,NotBuggy
3,0.785973310470581,0.8760592203439301,0,0,0,1,3.77,0,0,14.0,132.4454345703125,0,0,0,0,0,5213.json,NotBuggy
8,0.03010515309870243,0.06361165680154945,2,1,3,2,3.12,1,5,52.0,108.14181518554688,0,1,1,0,0,651.json,NotBuggy
4,0.011976090259850025,0.11399489712014894,1,1,2,2,2.0,0,2,41.0,120.78662109375,0,1,0,0,0,3149.json,NotBuggy
3,0.7758607864379883,0.9456843416498243,0,0,0,1,1.89,0,1,15.0,132.25152587890625,0,0,0,0,0,3225.json,NotBuggy
3,0.8469435572624207,0.7197675742887049,0,0,0,1,1.89,0,0,20.0,130.18594360351562,0,1,0,0,0,680.json,NotBuggy
4,0.29131263494491577,0.6976050391757957,0,0,0,1,3.32,0,1,23.0,124.48601531982422,0,0,0,0,0,5094.json,Buggy
3,0.7932906150817871,0.8282851226378686,0,0,0,1,1.89,0,0,17.0,131.03103637695312,0,1,0,0,0,4393.json,NotBuggy
3,0.8170433044433594,0.8183135541237788,0,0,0,1,3.77,0,1,15.0,132.25152587890625,0,0,0,0,0,3453.json,NotBuggy
10,0.002089907880872488,0.004060296525654049,0,0,0,1,3.69,1,2,71.0,102.88714599609375,0,2,0,0,0,1051.json,NotBuggy
3,0.05882079154253006,0.4762277584006915,0,0,0,1,1.89,0,1,24.0,128.83535766601562,0,0,0,0,0,3055.json,NotBuggy
4,0.9087103605270386,0.8632084568633319,0,0,0,1,1.0,0,1,18.0,126.19583892822266,0,0,0,0,0,3901.json,NotBuggy
8,0.0,4.89791642952391E-4,0,0,0,1,0.87,0,14,86.0,106.0019760131836,0,1,0,0,0,3957.json,NotBuggy
3,0.695430338382721,0.9204839257696652,0,0,0,1,1.89,0,1,15.0,132.25152587890625,0,0,0,0,0,95.json,Buggy
8,0.8312175869941711,0.32372324734485675,1,3,4,5,3.32,2,0,46.0,108.08934783935547,0,1,0,0,0,2224.json,NotBuggy
3,0.8025190830230713,0.720150902143537,0,0,0,1,1.89,0,2,21.0,129.93223571777344,0,1,0,0,0,1893.json,NotBuggy
4,0.003565182676538825,0.178357342786356,0,0,0,1,9.52,0,2,35.0,121.83938598632812,0,2,0,0,0,5120.json,NotBuggy
3,0.8234679102897644,0.8639908365676152,0,0,0,1,1.89,0,0,19.0,130.57513427734375,0,0,0,0,0,3197.json,NotBuggy
6,0.0,5.740494605283544E-4,0,0,0,1,11.54,0,4,77.0,111.10789489746094,0,4,0,0,0,4344.json,NotBuggy
6,0.21824480593204498,0.821682305781983,0,0,0,1,1.89,0,1,27.0,117.283935546875,0,0,0,0,0,2481.json,NotBuggy
6,0.23751263320446014,0.021602090250124575,4,2,6,3,2.75,1,4,52.0,112.41580963134766,0,1,1,0,0,2714.json,NotBuggy
8,0.19439105689525604,0.12490099414879763,1,1,2,2,1.41,1,2,46.0,108.83641052246094,0,1,1,0,0,3929.json,NotBuggy
20,1.489044225309044E-4,3.705227517512268E-13,7,5,12,6,4.47,2,14,197.0,84.26099395751953,0,1,7,0,0,5052.json,NotBuggy
3,0.4902867376804352,0.8636052970104425,0,0,0,1,1.89,0,1,17.0,131.28770446777344,0,0,0,0,0,2789.json,NotBuggy
3,0.5692585706710815,0.8072332895906175,0,0,0,1,1.89,0,1,21.0,129.61952209472656,0,0,0,0,0,1046.json,NotBuggy
3,0.8173424601554871,0.8132178972475893,0,0,0,1,1.89,0,1,19.0,130.57513427734375,0,1,0,0,0,2551.json,NotBuggy
10,0.12231481820344925,0.010761612682632963,2,3,5,4,6.97,2,0,65.0,102.90653991699219,0,1,2,0,0,4875.json,NotBuggy
3,0.9396195411682129,0.9855460793274262,0,0,0,1,1.89,0,0,12.0,133.59722900390625,0,0,0,0,0,4891.json,NotBuggy
3,0.9217595458030701,0.8269931697466858,0,0,0,1,1.89,0,0,18.0,130.7338104248047,0,1,0,0,0,4403.json,NotBuggy
3,0.9289069771766663,0.9628483359553315,0,0,0,1,1.89,0,0,12.0,133.59722900390625,0,0,0,0,0,2809.json,NotBuggy
1,0.9919390678405762,0.8749046797463423,0,0,0,1,0.0,0,0,13.0,150.7931671142578,0,0,0,0,0,1066.json,NotBuggy
3,1.1731429549399763E-4,0.14767450182476544,0,0,0,1,1.89,0,1,34.0,126.78704833984375,0,3,0,0,0,485.json,NotBuggy
3,0.9482436776161194,0.9364597064242631,0,0,0,1,1.89,0,0,15.0,131.9385528564453,0,0,0,0,0,703.json,NotBuggy
4,0.08454660326242447,0.6154106014419003,0,0,0,2,2.0,0,1,28.0,123.23312377929688,0,1,1,0,0,3257.json,NotBuggy
3,0.9484614729881287,0.9721251949698775,0,0,0,1,1.89,0,0,12.0,133.59722900390625,0,0,0,0,0,4827.json,NotBuggy
4,0.4716717004776001,0.7320855474944065,0,0,0,1,2.0,0,1,22.0,124.81353759765625,0,0,0,0,0,2523.json,NotBuggy
4,0.9426126480102539,0.960216685069325,0,0,0,1,2.0,0,0,19.0,125.79222106933594,0,1,0,0,0,4858.json,NotBuggy
3,0.9550763964653015,0.9793007046890447,0,0,0,1,1.89,0,0,13.0,132.9956512451172,0,0,0,0,0,4382.json,NotBuggy
3,0.5692585706710815,0.8072332895906175,0,0,0,1,1.89,0,1,21.0,129.61952209472656,0,0,0,0,0,1049.json,NotBuggy
4,0.8237388134002686,0.38721310674163406,1,1,2,2,2.0,0,0,30.0,122.62169647216797,0,1,0,0,0,2803.json,NotBuggy
6,0.14715352654457092,0.10646321613246906,1,1,2,2,2.75,1,2,49.0,113.05679321289062,0,0,0,0,0,972.json,NotBuggy
3,0.6937661170959473,0.9143536677464168,0,0,0,1,1.89,0,0,17.0,131.28770446777344,0,1,0,0,0,4823.json,NotBuggy
87,0.0,1.6178202905458503E-14,3,2,5,4,6.57,3,2,380.0,57.34782028198242,0,0,3,0,0,4927.json,NotBuggy
3,0.008748226799070835,0.9121565213980722,0,0,0,1,1.89,0,0,13.0,132.9956512451172,0,0,0,0,0,2503.json,NotBuggy
4,0.003461835440248251,0.2190075093045809,0,0,0,1,2.0,0,2,33.0,122.3560791015625,0,2,0,0,0,1934.json,NotBuggy
4,0.3911474943161011,0.5119649262656263,0,0,0,2,2.0,0,1,28.0,123.14331817626953,0,1,1,0,0,3051.json,NotBuggy
2,0.8669668436050415,0.7724365565411427,0,0,0,1,3.77,0,0,16.0,138.17149353027344,0,2,0,0,0,5218.json,NotBuggy
3,0.7501177787780762,0.9053332027318398,0,0,0,1,0.47,0,0,14.0,132.4454345703125,0,0,0,0,0,5214.json,NotBuggy
17,0.14814084768295288,0.001097096616745033,3,3,6,4,3.39,2,8,97.0,91.63157653808594,0,2,2,0,0,4756.json,NotBuggy
1,0.9919390678405762,0.8749046797463423,0,0,0,1,0.0,0,0,13.0,150.7931671142578,0,0,0,0,0,1054.json,NotBuggy
3,0.8191396594047546,0.9738815829991783,0,0,0,1,1.89,0,0,12.0,133.59722900390625,0,0,0,0,0,4347.json,NotBuggy
17,0.006408120971173048,6.295562342882333E-7,5,5,10,6,9.98,3,2,128.0,89.7295150756836,0,2,3,0,0,4871.json,NotBuggy
4,0.29724788665771484,0.5552296296785776,0,0,0,1,2.0,0,2,25.0,123.96263122558594,0,0,0,0,0,3261.json,NotBuggy
3,0.9312708973884583,0.9050609062133405,0,0,0,1,3.77,0,0,12.0,133.59722900390625,0,0,0,0,0,634.json,NotBuggy
11,0.00554255535826087,2.2147841714457275E-7,5,6,11,5,3.09,2,6,118.0,97.25212860107422,0,1,2,0,0,1712.json,NotBuggy
5,0.40349099040031433,0.05436471742716076,1,2,3,3,1.96,0,0,45.0,116.33476257324219,0,1,0,0,0,2750.json,NotBuggy
3,0.06343353539705276,0.25846035293285,0,0,0,1,3.77,0,2,27.0,128.22288513183594,0,2,0,0,0,1754.json,NotBuggy
3,0.7760503888130188,0.9017209523676682,0,0,0,1,1.89,0,0,15.0,131.9385528564453,0,0,0,0,0,463.json,NotBuggy
3,0.9550763964653015,0.9793007046890447,0,0,0,1,1.89,0,0,13.0,132.9956512451172,0,0,0,0,0,4386.json,NotBuggy
3,0.5131309032440186,0.8153310403158591,0,0,0,1,1.89,0,1,20.0,129.9696044921875,0,0,0,0,0,1336.json,NotBuggy
3,0.5902283787727356,0.7570463809048398,0,0,0,1,1.89,0,1,19.0,130.57513427734375,0,1,0,0,0,5001.json,NotBuggy
3,0.9525805115699768,0.9908735098860593,0,0,0,1,1.89,0,0,14.0,132.4454345703125,0,0,0,0,0,4913.json,NotBuggy
15,0.0046992553398013115,4.014705379928988E-5,1,1,2,3,3.81,2,6,101.0,93.55403900146484,0,1,2,0,0,5044.json,Buggy
5,0.2401583194732666,0.022435689623312383,2,2,4,3,1.96,0,2,50.0,115.84677124023438,0,1,0,0,0,2855.json,NotBuggy
31,0.0011495843064039946,5.822993903916644E-12,8,7,15,6,10.98,4,12,205.0,77.09532165527344,0,3,9,0,0,4937.json,NotBuggy
6,0.011569465510547161,0.016960537070267297,0,0,0,1,1.89,0,3,56.0,112.89320373535156,0,2,0,0,0,1298.json,NotBuggy
6,0.855919599533081,0.5289915634063126,1,1,2,2,3.77,0,1,31.0,116.13532257080078,0,0,1,0,0,3125.json,Buggy
5,0.504168689250946,0.28632731546815293,1,1,2,2,3.92,0,1,34.0,118.28166961669922,0,1,1,0,0,4742.json,NotBuggy
3,0.5131309032440186,0.8153310403158591,0,0,0,1,1.89,0,1,20.0,129.9696044921875,0,0,0,0,0,1342.json,NotBuggy
3,0.67863529920578,0.9112809219763344,0,0,0,1,1.89,0,0,15.0,131.9385528564453,0,0,0,0,0,2917.json,NotBuggy
3,0.023592336103320122,0.21257535525402618,0,0,0,1,1.89,0,3,30.0,127.43789672851562,0,1,0,0,0,5101.json,NotBuggy
3,0.5901426076889038,0.2764924147054241,0,0,0,1,1.89,0,0,28.0,127.79666137695312,0,1,0,0,0,4888.json,NotBuggy
3,0.7841925024986267,0.9188372661390143,0,0,0,1,1.89,0,1,15.0,132.25152587890625,0,0,0,0,0,2912.json,NotBuggy
21,0.0024710302241146564,1.0350521699112499E-7,4,5,9,7,3.8,3,8,143.0,85.23674011230469,0,1,3,0,0,1634.json,Buggy
3,0.032367683947086334,0.25455119192543096,0,0,0,1,1.89,0,2,31.0,127.42049407958984,0,2,0,0,0,2671.json,NotBuggy
7,0.027004381641745567,0.03087496594321144,2,1,3,3,2.56,1,2,56.0,109.7467269897461,0,1,2,0,0,2563.json,NotBuggy
4,0.367824912071228,8.082780750553731E-4,3,4,7,4,2.0,0,0,65.0,117.45596313476562,0,1,1,0,0,4878.json,NotBuggy
4,0.507699728012085,0.45755913479474086,2,1,3,3,2.0,0,1,34.0,121.59648895263672,0,1,1,0,0,4922.json,NotBuggy
3,0.8387935161590576,0.8876028572932233,0,0,0,1,3.77,0,1,15.0,132.25152587890625,0,0,0,0,0,4844.json,NotBuggy
9,0.0578821562230587,6.552733474004078E-4,3,3,6,4,5.96,2,6,78.0,103.3708267211914,0,1,1,0,0,2631.json,Buggy
3,0.8419503569602966,0.9776841559494099,0,0,0,1,1.89,0,0,12.0,133.59722900390625,0,0,0,0,0,4348.json,NotBuggy
3,0.6196519732475281,0.9184681294356379,0,0,0,1,1.89,0,0,15.0,132.25152587890625,0,0,0,0,0,4314.json,NotBuggy
11,0.3442854881286621,0.7291562132526195,2,2,4,2,4.27,2,5,47.0,103.8249740600586,0,0,1,0,0,4222.json,NotBuggy
3,0.6991973519325256,0.8888349171646124,0,0,0,1,1.89,0,0,14.0,132.4454345703125,0,1,0,0,0,1589.json,NotBuggy
3,0.650050938129425,0.796891678926983,0,0,0,1,1.89,0,1,19.0,130.34019470214844,0,0,0,0,0,1603.json,Buggy
5,0.8970170617103577,0.7932428272636974,0,0,0,1,1.96,0,1,24.0,120.74615478515625,0,1,0,0,0,2996.json,NotBuggy
3,0.21421417593955994,0.5101002407116544,0,0,0,1,1.89,0,3,26.0,128.70916748046875,0,0,0,0,0,1979.json,NotBuggy
3,0.9550763964653015,0.9793007046890447,0,0,0,1,1.89,0,0,13.0,132.9956512451172,0,0,0,0,0,4390.json,NotBuggy
3,0.05779532343149185,0.18178685729861932,0,0,0,1,1.89,0,5,34.0,127.02415466308594,0,1,0,0,0,2649.json,NotBuggy
3,0.5765146017074585,0.9197548185314659,0,0,0,1,1.89,0,1,13.0,133.18099975585938,0,0,0,0,0,4190.json,NotBuggy
3,0.9006614089012146,0.9622888423858739,0,0,0,1,1.89,0,0,12.0,133.59722900390625,0,0,0,0,0,4087.json,NotBuggy
3,0.5980542302131653,0.7738451526178038,0,0,0,1,1.89,0,2,22.0,129.57785034179688,0,1,0,0,0,2683.json,NotBuggy
3,0.9450470209121704,0.5897219616455125,0,0,0,1,1.89,0,0,24.0,128.7513427734375,0,1,0,0,0,4902.json,NotBuggy
3,0.13166335225105286,0.4130720714756863,0,0,0,1,3.77,0,1,23.0,129.14646911621094,0,1,0,0,0,4510.json,NotBuggy
8,0.0,3.288677495472411E-5,0,0,0,2,2.4,1,8,94.0,104.81287384033203,0,0,3,0,0,3057.json,NotBuggy
30,0.001143192290328443,0.001660275570109481,5,9,14,7,3.14,4,5,137.0,80.3376235961914,0,0,2,0,0,3338.json,NotBuggy
3,0.010700990445911884,0.37747772866468327,0,0,0,1,1.89,0,1,25.0,128.712890625,0,2,0,0,0,2986.json,NotBuggy
3,0.4254409968852997,0.854210080295365,0,0,0,1,1.89,0,2,18.0,130.99049377441406,0,0,0,0,0,1426.json,NotBuggy
9,0.2624025344848633,3.488353884776127E-4,4,4,8,5,4.53,1,3,78.0,103.01760864257812,0,1,2,0,0,4846.json,NotBuggy
3,0.9621745347976685,0.9425308134569428,0,0,0,1,1.89,0,0,17.0,131.28770446777344,0,0,0,0,0,4895.json,NotBuggy
4,0.3358640670776367,0.30872747294574,0,0,0,1,2.0,0,2,29.0,123.02798461914062,0,0,0,0,0,4334.json,NotBuggy
3,0.9217595458030701,0.8269931697466858,0,0,0,1,1.89,0,0,18.0,130.7338104248047,0,1,0,0,0,4407.json,NotBuggy
4,0.2609580457210541,0.2769261955654783,0,0,0,1,6.63,0,0,28.0,123.1362075805664,0,3,0,0,0,5681.json,NotBuggy
3,0.0695418044924736,0.7322818376444211,0,0,0,1,1.89,0,2,22.0,129.81280517578125,0,1,0,0,0,2682.json,NotBuggy
11,0.0,1.6161771439313714E-4,0,0,0,1,1.54,0,9,87.0,100.24211883544922,0,0,1,0,0,3557.json,NotBuggy
3,0.9649078249931335,0.9134158151577482,0,0,0,1,3.77,0,0,12.0,133.59722900390625,0,0,0,0,0,4866.json,NotBuggy
3,0.9140077829360962,0.8329170292142702,0,0,0,1,1.89,0,0,17.0,131.28770446777344,0,1,0,0,0,296.json,NotBuggy
4,0.16562707722187042,0.5675299597109599,0,0,0,1,2.0,0,3,28.0,123.55950164794922,0,1,0,0,0,2051.json,NotBuggy
3,0.8501209020614624,0.9042037760887339,0,0,0,1,1.89,0,1,15.0,132.086669921875,0,0,0,0,0,1417.json,NotBuggy
4,0.27399247884750366,0.5842648514809443,0,0,0,1,2.0,0,4,28.0,123.66336059570312,0,1,0,0,0,4335.json,NotBuggy
3,0.9581897258758545,0.9579314139531364,0,0,0,1,1.89,0,0,13.0,132.9956512451172,0,0,0,0,0,2044.json,NotBuggy
21,0.09992463141679764,8.071355585263371E-5,1,1,2,3,4.7,2,7,120.0,87.177734375,0,1,1,0,0,2048.json,NotBuggy
22,0.1548014134168625,1.5700376175086487E-8,1,1,2,4,7.45,3,12,163.0,84.2608413696289,0,2,7,0,0,98.json,Buggy
3,0.0024224144872277975,0.0805633339948803,0,0,0,1,1.89,0,2,37.0,126.14789581298828,0,2,0,0,0,500.json,NotBuggy
3,0.8282424807548523,0.9502799420713488,0,0,0,1,1.89,0,0,13.0,132.9956512451172,0,0,0,0,0,536.json,NotBuggy
4,0.002417235169559717,0.03129741431160088,1,1,2,2,4.9,0,4,42.0,120.42691040039062,0,2,0,0,0,3041.json,NotBuggy
3,0.32321956753730774,0.7396234124995641,0,0,0,1,1.89,0,3,20.0,130.44261169433594,0,0,0,0,0,2845.json,NotBuggy
10,0.7294173240661621,0.11414229599608468,2,2,4,4,8.16,2,2,53.0,104.08479309082031,0,0,0,0,0,5683.json,NotBuggy
30,0.0015243181260302663,6.972227717967112E-13,6,6,12,6,3.65,1,19,231.0,76.84591674804688,0,2,6,0,0,5116.json,NotBuggy
4,0.18803682923316956,0.1610200582342265,1,1,2,2,2.0,0,3,36.0,121.67362213134766,0,1,0,0,0,2010.json,NotBuggy
12,0.004708847030997276,4.689379023892611E-7,3,4,7,4,2.89,1,8,118.0,96.13003540039062,0,1,2,0,0,5043.json,NotBuggy
11,0.20160269737243652,0.002116877534903722,2,5,7,4,2.86,1,4,81.0,99.9679183959961,0,2,2,0,0,2925.json,NotBuggy
3,0.002176402835175395,0.09085664800128579,0,0,0,1,1.89,0,3,39.0,126.00349426269531,0,1,0,0,0,3258.json,NotBuggy
3,0.8766111135482788,0.9817737533963042,0,0,0,1,1.89,0,0,14.0,132.4454345703125,0,0,0,0,0,4890.json,NotBuggy
5,0.8307421803474426,0.8824594286152858,1,1,2,2,2.99,0,1,24.0,120.6200180053711,0,0,0,0,0,4757.json,NotBuggy
3,0.5020562410354614,0.9485784741002395,0,0,0,1,1.89,0,0,12.0,133.59722900390625,0,0,0,0,0,4829.json,NotBuggy
3,0.9417896866798401,0.942601408967027,0,0,0,1,1.89,0,0,14.0,132.4454345703125,0,0,0,0,0,1295.json,NotBuggy
3,0.541132926940918,0.8803995785860037,0,0,0,1,3.77,0,0,13.0,132.9956512451172,0,0,0,0,0,4797.json,NotBuggy
8,0.18817415833473206,0.4226698279829492,2,1,3,2,4.87,1,0,42.0,109.56880950927734,0,1,0,0,0,1595.json,NotBuggy
9,0.34811702370643616,0.06590899322524359,1,4,5,6,3.33,2,0,52.0,105.43067932128906,0,0,0,0,0,4032.json,Buggy
3,0.6562961339950562,0.8203340744417352,0,0,0,1,1.89,0,1,18.0,130.85629272460938,0,0,0,0,0,5162.json,NotBuggy
3,0.7827872037887573,0.9262054460118403,0,0,0,1,1.89,0,1,15.0,132.086669921875,0,0,0,0,0,3143.json,NotBuggy
3,0.2933603525161743,0.8345110158350744,0,0,0,1,1.89,0,1,16.0,131.75106811523438,0,0,0,0,0,3975.json,NotBuggy
6,0.623196005821228,0.7306259573177488,1,1,2,2,1.89,0,2,34.0,115.56517028808594,0,0,1,0,0,2432.json,NotBuggy
4,0.933008074760437,0.44718171967402737,0,0,0,1,9.8,0,1,26.0,124.04872131347656,0,0,0,0,0,921.json,NotBuggy
3,0.1326903998851776,0.9307687865801314,0,0,0,1,1.89,0,0,12.0,133.59722900390625,0,0,0,0,0,3398.json,NotBuggy
3,0.89423006772995,0.7179800894954637,0,0,0,1,1.89,0,0,21.0,129.7158966064453,0,1,0,0,0,2896.json,NotBuggy
3,0.7450147271156311,0.6990147407785712,0,0,0,1,1.89,0,0,21.0,129.61952209472656,0,1,0,0,0,2895.json,NotBuggy
3,0.695430338382721,0.9204839257696652,0,0,0,1,1.89,0,1,15.0,132.25152587890625,0,0,0,0,0,559.json,NotBuggy
3,0.9682589173316956,0.8452952957133807,0,0,0,1,1.89,0,0,19.0,130.45266723632812,0,1,0,0,0,4921.json,NotBuggy
4,0.5546000599861145,0.3651290406197142,1,1,2,2,2.0,0,0,29.0,122.79798126220703,0,1,0,0,0,3276.json,NotBuggy
4,0.14743997156620026,0.4615690298184291,0,0,0,1,2.0,0,2,29.0,123.19084167480469,0,1,0,0,0,4380.json,NotBuggy
3,0.16168172657489777,0.39701903263414484,0,0,0,1,1.89,0,0,27.0,128.31268310546875,0,2,0,0,0,4877.json,NotBuggy
3,0.695430338382721,0.9204839257696652,0,0,0,1,1.89,0,1,15.0,132.25152587890625,0,0,0,0,0,3367.json,NotBuggy
28,0.002368452725932002,1.3725249866246855E-6,5,3,8,7,3.99,3,8,158.0,80.0069580078125,0,2,2,0,0,940.json,Buggy
3,0.27758485078811646,0.5410472838766989,0,0,0,1,3.77,0,1,22.0,129.47398376464844,0,0,0,0,0,2954.json,NotBuggy
7,0.5841674208641052,0.04519470606031239,3,2,5,3,5.11,1,1,49.0,110.38402557373047,0,1,2,0,0,4848.json,NotBuggy
4,0.14743997156620026,0.4615690298184291,0,0,0,1,2.0,0,2,29.0,123.19084167480469,0,1,0,0,0,4368.json,NotBuggy
3,0.8524844646453857,0.9502457027915648,0,0,0,1,1.89,0,0,12.0,133.59722900390625,0,0,0,0,0,2588.json,NotBuggy
13,0.00411984883248806,1.238476263167437E-4,4,3,7,3,1.48,2,5,99.0,96.4941177368164,0,1,1,0,0,3937.json,NotBuggy
3,0.12727832794189453,0.6940644516051561,0,0,0,1,1.89,0,0,20.0,130.07347106933594,0,3,0,0,0,2616.json,Buggy
3,0.8495965600013733,0.7040927204726579,0,0,0,1,1.89,0,1,23.0,129.4591827392578,0,0,0,0,0,509.json,NotBuggy
3,0.9225170612335205,0.9733985979609056,0,0,0,1,1.89,0,0,12.0,133.59722900390625,0,0,0,0,0,2931.json,NotBuggy
3,0.9253777861595154,0.8575050495199972,0,0,0,1,1.89,0,0,18.0,130.7338104248047,0,1,0,0,0,4389.json,NotBuggy
5,0.480155885219574,0.658673825990383,0,0,0,1,1.96,0,3,28.0,119.84819793701172,0,1,0,0,0,499.json,NotBuggy
7,0.5430594682693481,0.2306191782680219,0,0,0,2,3.02,1,1,41.0,111.59798431396484,0,0,0,0,0,5063.json,Buggy
3,0.9235057830810547,0.9082679409010616,0,0,0,1,3.77,0,0,12.0,133.59722900390625,0,0,0,0,0,4857.json,NotBuggy
4,0.018102185800671577,0.15345966433801167,0,0,0,1,2.0,0,1,37.0,121.68689727783203,0,2,0,0,0,1948.json,NotBuggy
9,0.5213528871536255,0.5648052446945458,0,0,0,2,2.95,1,4,40.0,107.7779541015625,0,0,0,0,0,5270.json,Buggy
3,0.719375491142273,0.8425911081509904,0,0,0,1,3.77,0,1,15.0,132.25152587890625,0,0,0,0,0,3420.json,NotBuggy
8,4.5549854985438287E-4,5.782844812385767E-4,0,0,0,2,2.4,1,7,76.0,105.9181900024414,0,2,2,0,0,3354.json,NotBuggy
3,0.8173424601554871,0.8132178972475893,0,0,0,1,1.89,0,1,19.0,130.57513427734375,0,1,0,0,0,2575.json,NotBuggy
3,0.8667088747024536,0.40062895091477563,0,0,0,1,1.89,0,1,29.0,127.8512954711914,0,1,0,0,0,4306.json,NotBuggy
3,0.5131309032440186,0.8153310403158591,0,0,0,1,1.89,0,1,20.0,129.9696044921875,0,0,0,0,0,1338.json,NotBuggy
3,0.9569032192230225,0.89924593561144,0,0,0,1,1.89,0,0,17.0,131.28770446777344,0,0,0,0,0,4905.json,NotBuggy
3,0.7294135093688965,0.8441887350132886,0,0,0,1,1.89,0,2,19.0,130.57513427734375,0,1,0,0,0,4765.json,NotBuggy
3,0.01878989487886429,0.38002681522878945,0,0,0,1,1.89,0,2,27.0,128.1388702392578,0,0,0,0,0,3089.json,Buggy
3,0.16018524765968323,0.570184221425469,0,0,0,1,1.89,0,1,22.0,129.47398376464844,0,1,0,0,0,961.json,NotBuggy
3,0.8051202297210693,0.9471757227099541,0,0,0,1,1.89,0,0,14.0,132.4454345703125,0,0,0,0,0,3140.json,NotBuggy
3,0.49841374158859253,0.6449227980886469,0,0,0,1,1.89,0,2,23.0,129.34671020507812,0,1,0,0,0,3569.json,NotBuggy
3,0.6760697960853577,0.8961312148170089,0,0,0,1,1.89,0,0,20.0,130.30841064453125,0,1,0,0,0,927.json,NotBuggy
6,0.8776738047599792,0.6092940752712144,2,1,3,2,1.37,1,0,34.0,115.48116302490234,0,0,1,0,0,3903.json,NotBuggy
10,0.0638921931385994,3.162984100902306E-5,4,4,8,4,3.12,2,6,94.0,100.39112091064453,0,1,2,0,0,1760.json,NotBuggy
3,0.9225170612335205,0.9733985979609056,0,0,0,1,1.89,0,0,12.0,133.59722900390625,0,0,0,0,0,3270.json,NotBuggy
4,0.8860810399055481,0.9683260658413014,0,0,0,1,2.0,0,1,19.0,125.79222106933594,0,0,0,0,0,1363.json,NotBuggy
3,0.9449957609176636,0.8988900294260261,0,0,0,1,1.89,0,0,14.0,132.4454345703125,0,0,0,0,0,1399.json,NotBuggy
3,0.9263728857040405,0.9032596498004435,0,0,0,1,1.89,0,0,17.0,131.28770446777344,0,0,0,0,0,2047.json,NotBuggy
4,0.4250689446926117,0.25600358069210316,1,1,2,2,2.0,0,1,35.0,121.82011413574219,0,1,0,0,0,5670.json,NotBuggy
3,0.6196519732475281,0.9184681294356379,0,0,0,1,1.89,0,0,15.0,132.25152587890625,0,0,0,0,0,4311.json,NotBuggy
26,0.005368626676499844,4.1966043541188015E-8,3,2,5,6,3.63,2,10,159.0,81.18311309814453,0,3,6,0,0,5171.json,NotBuggy
3,0.7087037563323975,0.8120108197554842,0,0,0,1,1.89,0,0,19.0,130.236328125,0,2,0,0,0,1403.json,NotBuggy
3,0.9253777861595154,0.8575050495199972,0,0,0,1,1.89,0,0,18.0,130.7338104248047,0,1,0,0,0,4381.json,NotBuggy
12,0.0626550167798996,2.5223275649334144E-5,4,4,8,6,1.97,1,4,99.0,96.70801544189453,0,1,4,0,0,2770.json,Buggy
3,0.49669772386550903,0.7449391657169079,0,0,0,1,1.0,0,0,23.0,129.34671020507812,0,2,0,0,0,3936.json,NotBuggy
3,0.36332666873931885,0.8868756133606674,0,0,0,1,0.94,0,0,17.0,131.28770446777344,0,1,0,0,0,3943.json,NotBuggy
73,0.0,9.09511708976253E-11,3,2,5,4,4.28,2,3,306.0,61.3839111328125,0,0,2,0,0,4906.json,NotBuggy
3,0.41325435042381287,0.7212381583458095,0,0,0,1,1.89,0,1,22.0,129.47398376464844,0,0,0,0,0,4854.json,NotBuggy
3,0.7719694375991821,0.9732141630924112,0,0,0,1,1.89,0,0,12.0,133.59722900390625,0,0,0,0,0,2807.json,NotBuggy
3,0.7932906150817871,0.8282851226378686,0,0,0,1,1.89,0,0,17.0,131.03103637695312,0,1,0,0,0,4305.json,NotBuggy
3,0.7176759839057922,0.8873922145789117,0,0,0,1,1.89,0,1,16.0,131.60296630859375,0,0,0,0,0,2737.json,NotBuggy
3,0.03305591642856598,0.9163192895217708,0,0,0,1,1.89,0,0,15.0,132.43687438964844,0,0,0,0,0,1964.json,NotBuggy
3,0.941757082939148,0.985766076903981,0,0,0,1,1.89,0,0,12.0,133.59722900390625,0,0,0,0,0,5225.json,NotBuggy
3,0.5041719675064087,0.8895730199758736,0,0,0,1,0.94,0,1,15.0,132.086669921875,0,0,0,0,0,3953.json,NotBuggy
2,0.996904194355011,0.9527712199640664,0,0,0,1,0.0,0,0,11.0,140.82913208007812,0,1,0,0,0,4336.json,Buggy
3,0.9682589173316956,0.8452952957133807,0,0,0,1,1.89,0,0,19.0,130.45266723632812,0,1,0,0,0,4887.json,NotBuggy
3,0.022046979516744614,0.3175347032051542,0,0,0,1,0.94,0,2,27.0,128.1388702392578,0,0,0,0,0,3935.json,NotBuggy
3,0.07924525439739227,0.1493792039856263,0,0,0,1,1.89,0,2,32.0,126.9658203125,0,1,0,0,0,2961.json,NotBuggy
5,0.4627549350261688,0.818047273501239,0,0,0,1,1.96,0,3,25.0,120.7502212524414,0,0,0,0,0,2459.json,NotBuggy
9,0.0578821562230587,6.552733474004078E-4,3,3,6,4,5.96,2,6,78.0,103.3708267211914,0,1,1,0,0,2632.json,NotBuggy
13,0.00619669072329998,1.5079842625270458E-5,3,3,6,4,4.67,3,9,110.0,95.32344818115234,0,1,2,0,0,2958.json,NotBuggy
3,0.5048728585243225,0.84867600870956,0,0,0,1,1.89,0,2,18.0,130.99049377441406,0,0,0,0,0,1424.json,NotBuggy
2,0.7524945735931396,0.9636085746513329,0,0,0,1,0.0,0,0,9.0,142.4026641845703,0,0,0,0,0,841.json,NotBuggy
4,0.022423453629016876,0.057406345897783394,2,1,3,2,2.0,0,1,43.0,120.35902404785156,0,2,1,0,0,1220.json,NotBuggy
3,0.7932906150817871,0.8282851226378686,0,0,0,1,1.89,0,0,17.0,131.03103637695312,0,1,0,0,0,4392.json,NotBuggy
3,0.9703206419944763,0.9309080943400566,0,0,0,1,1.89,0,0,12.0,133.59722900390625,0,0,0,0,0,3097.json,NotBuggy
16,0.06223078444600105,2.3686627307903033E-4,2,2,4,4,3.46,2,4,108.0,92.0887451171875,0,2,3,0,0,2456.json,NotBuggy
3,0.8819122910499573,0.9568859258218805,0,0,0,1,1.89,0,0,12.0,133.59722900390625,0,0,0,0,0,3075.json,NotBuggy
3,0.6705988645553589,0.7168299707272705,0,0,0,1,1.89,0,1,18.0,130.7338104248047,0,0,0,0,0,189.json,NotBuggy
3,0.6927386522293091,0.955789725856789,0,0,0,1,1.89,0,0,18.0,130.621337890625,0,0,0,0,0,4893.json,NotBuggy
3,0.9436360597610474,0.9266551864323997,0,0,0,1,0.94,0,0,15.0,132.086669921875,0,1,0,0,0,3926.json,NotBuggy
5,0.1975117325782776,0.06295890369539853,1,2,3,3,1.96,0,1,47.0,116.10863494873047,0,1,0,0,0,4931.json,NotBuggy
5,0.07295934110879898,0.013013083617537842,0,0,0,1,1.96,0,3,49.0,116.04459381103516,0,1,0,0,0,1604.json,Buggy
6,0.07630377262830734,0.013162433654750848,2,2,4,3,2.75,1,3,55.0,112.1241455078125,0,1,0,0,0,2957.json,NotBuggy
3,0.08762810379266739,0.5855089057616149,0,0,0,1,1.89,0,2,24.0,129.2378692626953,0,2,0,0,0,4204.json,NotBuggy
4,0.7092675566673279,0.8935571916454577,0,0,0,1,2.0,0,2,22.0,124.91740417480469,0,0,0,0,0,4590.json,NotBuggy
4,5.044435383751988E-4,0.10925610811065409,0,0,0,1,13.81,0,1,45.0,120.99594116210938,0,4,0,0,0,4345.json,NotBuggy
3,0.5531408190727234,0.9680498228629939,0,0,0,1,1.89,0,0,12.0,133.59722900390625,0,0,0,0,0,3195.json,NotBuggy
3,0.793876588344574,0.9337503111458049,0,0,0,1,0.94,0,1,14.0,132.79563903808594,0,0,0,0,0,3941.json,NotBuggy
3,0.00326737342402339,0.18703552390566455,0,0,0,1,1.89,0,1,37.0,126.03094482421875,0,1,0,0,0,193.json,NotBuggy
3,0.0,0.018750886423609968,0,0,0,1,3.77,0,1,43.0,125.3664321899414,0,5,0,0,0,639.json,NotBuggy
4,0.24365219473838806,0.614702056166194,0,0,0,1,2.0,0,2,27.0,123.65223693847656,0,1,0,0,0,3139.json,NotBuggy
3,0.41325435042381287,0.7212381583458095,0,0,0,1,1.89,0,1,22.0,129.47398376464844,0,0,0,0,0,3910.json,NotBuggy
3,0.41284263134002686,0.9286495074737577,0,0,0,1,1.89,0,0,15.0,132.25152587890625,0,0,0,0,0,110.json,NotBuggy
3,0.539006769657135,0.914965814307535,0,0,0,1,1.89,0,0,14.0,132.4454345703125,0,0,0,0,0,5093.json,NotBuggy
3,0.927474319934845,0.9580742190402356,0,0,0,1,1.89,0,0,12.0,133.59722900390625,0,0,0,0,0,960.json,NotBuggy
3,0.18093034625053406,0.832532002698103,0,0,0,1,1.89,0,1,25.0,128.46022033691406,0,2,0,0,0,2581.json,NotBuggy
3,0.831676721572876,0.7249234740053898,0,0,0,1,3.77,0,2,17.0,131.28770446777344,0,0,0,0,0,4867.json,NotBuggy
3,0.655320942401886,0.7655382624565358,0,0,0,1,1.89,0,1,18.0,130.7338104248047,0,0,0,0,0,833.json,NotBuggy
4,0.04303031414747238,0.019344235187937875,2,2,4,2,2.0,0,1,48.0,119.78701782226562,0,1,0,0,0,4332.json,NotBuggy
3,0.873651921749115,0.9475433474562562,0,0,0,1,1.89,0,0,12.0,133.59722900390625,0,0,0,0,0,3102.json,NotBuggy
4,0.14684796333312988,0.41130787912013045,0,0,0,1,2.0,0,2,29.0,123.19084167480469,0,1,0,0,0,4319.json,NotBuggy
5,0.09054733067750931,0.29562993886643035,0,0,0,1,1.96,0,4,34.0,118.58592224121094,0,0,0,0,0,2788.json,Buggy
3,0.8478639721870422,0.8991264413832873,0,0,0,1,1.89,0,1,15.0,132.086669921875,0,1,0,0,0,2661.json,NotBuggy
3,0.8395971655845642,0.9632989625410319,0,0,0,1,1.89,0,0,12.0,133.59722900390625,0,0,0,0,0,3077.json,NotBuggy
5,0.231863334774971,0.13501586329850288,3,2,5,3,1.96,0,2,43.0,116.90475463867188,0,1,0,0,0,2744.json,NotBuggy
4,0.3653128147125244,0.6104767488865496,0,0,0,1,2.0,0,3,25.0,124.05243682861328,0,0,0,0,0,4333.json,NotBuggy
3,0.011820439249277115,0.48615223033793514,0,0,0,1,1.89,0,2,27.0,128.31268310546875,0,3,0,0,0,1019.json,NotBuggy
7,0.309130996465683,0.01446672556388324,2,3,5,4,1.81,0,3,62.0,108.87591552734375,0,1,1,0,0,2924.json,NotBuggy
3,0.7666745781898499,0.5692483674054478,0,0,0,1,1.89,0,0,22.0,129.37762451171875,0,2,0,0,0,590.json,NotBuggy
16,0.0021557060535997152,2.042170875698711E-6,0,0,0,1,3.46,1,11,116.0,92.13644409179688,0,1,2,0,0,4592.json,NotBuggy
2,0.9973176121711731,0.9774112584506548,0,0,0,1,1.89,0,0,9.0,142.4026641845703,0,0,0,0,0,5203.json,NotBuggy
6,0.31146639585494995,0.09266009850095475,1,1,2,2,1.89,0,3,47.0,113.3850326538086,0,1,1,0,0,3352.json,NotBuggy
2,0.9659347534179688,0.9257010390757021,0,0,0,1,3.77,0,0,9.0,142.4026641845703,0,0,0,0,0,990.json,NotBuggy
3,0.2135312706232071,0.2040972118602011,1,1,2,2,3.77,0,4,30.0,127.44500732421875,0,0,0,0,0,3180.json,NotBuggy
3,0.08152533322572708,0.30940670807957915,0,0,0,1,1.89,0,3,30.0,127.76480865478516,0,0,0,0,0,4352.json,NotBuggy
4,0.008936378173530102,0.023468417006533862,1,1,2,2,2.0,0,3,47.0,119.95356750488281,0,2,0,0,0,4408.json,NotBuggy
3,0.831676721572876,0.7249234740053898,0,0,0,1,3.77,0,2,17.0,131.28770446777344,0,0,0,0,0,4845.json,NotBuggy
3,0.6875556111335754,0.7836959409952862,0,0,0,1,1.89,0,2,20.0,130.18594360351562,0,1,0,0,0,1314.json,NotBuggy
3,0.9235057830810547,0.9082679409010616,0,0,0,1,3.77,0,0,12.0,133.59722900390625,0,0,0,0,0,3372.json,NotBuggy
32,2.3166387109085917E-4,7.526855433568213E-13,2,2,4,4,21.25,1,19,221.0,76.2464828491211,0,4,7,0,0,5114.json,Buggy
8,0.251776784658432,0.4527452900721251,1,1,2,3,3.97,2,3,40.0,109.52240753173828,0,0,1,0,0,5671.json,NotBuggy
8,0.6164674162864685,0.09460294507065777,1,3,4,5,3.32,2,0,49.0,107.65425109863281,0,1,0,0,0,1648.json,NotBuggy
3,0.041969772428274155,0.14696693760815094,1,1,2,2,1.89,0,2,35.0,126.26983642578125,0,1,0,0,0,5251.json,Buggy
3,0.05224684253334999,0.4448585907038777,0,0,0,2,1.89,0,3,29.0,127.71109771728516,0,0,1,0,0,5062.json,Buggy
3,0.6991788148880005,0.9183990651371358,0,0,0,1,1.89,0,1,14.0,132.61029052734375,0,0,0,0,0,831.json,NotBuggy
33,0.0,1.2493599377979496E-21,3,3,6,9,6.11,4,30,320.0,72.67316436767578,1,2,15,0,0,5099.json,NotBuggy
25,0.0,1.2511217898392156E-11,7,7,14,8,5.06,4,23,195.0,80.40203094482422,0,1,2,0,0,3202.json,NotBuggy
3,0.9253777861595154,0.8575050495199972,0,0,0,1,1.89,0,0,18.0,130.7338104248047,0,1,0,0,0,4385.json,NotBuggy
33,0.06202000379562378,0.0015361675221264453,1,1,2,2,5.28,2,1,146.0,79.03742218017578,0,0,2,0,0,4896.json,NotBuggy
10,0.29948481917381287,0.013903637787791471,0,0,0,3,2.8,1,3,63.0,102.96199798583984,0,0,1,0,0,5264.json,Buggy
3,0.13818037509918213,0.9308408162248634,0,0,0,1,1.89,0,0,12.0,133.59722900390625,0,0,0,0,0,2404.json,NotBuggy
3,0.6844100952148438,0.8443031569280086,0,0,0,1,1.89,0,2,17.0,131.28770446777344,0,0,0,0,0,4982.json,NotBuggy
12,0.38815081119537354,6.040446506731187E-4,0,0,0,2,5.77,1,4,81.0,98.63887023925781,0,2,4,0,0,5697.json,NotBuggy
4,0.0029038339853286743,0.048350334163942715,2,2,4,3,1.0,0,0,42.0,120.3084487915039,0,1,0,0,0,3944.json,NotBuggy
12,0.0626550167798996,2.5223275649334144E-5,4,4,8,6,1.97,1,4,99.0,96.70801544189453,0,1,4,0,0,2771.json,NotBuggy
3,0.695430338382721,0.9204839257696652,0,0,0,1,1.89,0,1,15.0,132.25152587890625,0,0,0,0,0,3473.json,NotBuggy
3,0.23441512882709503,0.9367323116741517,0,0,0,1,3.77,0,0,11.0,134.26058959960938,0,0,0,0,0,992.json,NotBuggy
6,0.8590272665023804,0.8025285737453245,1,1,2,2,1.89,0,1,31.0,116.13532257080078,0,0,1,0,0,3914.json,NotBuggy
20,0.0021885365713387728,5.2534705411799484E-5,5,5,10,6,5.99,4,9,120.0,87.43231201171875,0,1,1,0,0,2611.json,Buggy
3,0.5383849740028381,0.7045828526232475,0,0,0,1,1.89,0,1,20.0,130.07347106933594,0,1,0,0,0,834.json,NotBuggy
3,0.7392198443412781,0.8216163716405431,0,0,0,1,1.89,0,2,19.0,130.70933532714844,0,1,0,0,0,4219.json,NotBuggy
3,0.8236731886863708,0.9618077500135057,0,0,0,1,1.89,0,0,12.0,133.59722900390625,0,0,0,0,0,224.json,NotBuggy
9,0.04700801894068718,0.024713529706839637,3,3,6,2,5.37,1,4,61.0,105.2471923828125,0,0,1,0,0,292.json,NotBuggy
13,0.5179249048233032,0.05838429508897478,1,1,2,2,2.79,1,5,66.0,98.74236297607422,0,0,3,0,0,1366.json,NotBuggy
5,0.7071248292922974,0.46142997974116895,0,0,0,1,3.92,0,1,30.0,119.48943328857422,0,1,1,0,0,4938.json,NotBuggy
3,0.2135312706232071,0.2040972118602011,1,1,2,2,3.77,0,4,30.0,127.44500732421875,0,0,0,0,0,507.json,NotBuggy
3,0.9767982363700867,0.7430392232157524,0,0,0,1,1.89,0,0,19.0,130.45266723632812,0,0,0,0,0,3424.json,NotBuggy
3,0.665803849697113,0.8599559037388321,0,0,0,1,1.89,0,1,16.0,131.60296630859375,0,0,0,0,0,1323.json,NotBuggy
3,0.9247835278511047,0.7040516043323609,0,0,0,1,1.89,0,0,22.0,129.37762451171875,0,1,0,0,0,4924.json,NotBuggy
62,0.0,5.390522346677229E-37,10,10,20,13,2.91,2,47,499.0,58.73455047607422,0,4,19,0,0,1657.json,Buggy
3,0.7262460589408875,0.8442370803643103,0,0,0,1,1.89,0,1,18.0,130.85629272460938,0,1,0,0,0,3083.json,NotBuggy
4,0.6473208665847778,0.27056966215532874,0,0,0,1,4.0,0,2,34.0,122.27970123291016,0,2,0,0,0,5267.json,NotBuggy
14,0.09756811708211899,0.0011988068662666627,1,1,2,2,2.8,1,6,82.0,96.04613494873047,0,1,3,0,0,1343.json,NotBuggy
3,0.7324067950248718,0.9245908443337627,0,0,0,1,1.89,0,1,15.0,132.086669921875,0,0,0,0,0,1525.json,NotBuggy
13,0.03656347468495369,9.95938991358412E-5,0,0,0,5,2.79,1,1,94.0,95.91082000732422,0,2,0,0,0,5122.json,Buggy
3,0.695430338382721,0.9204839257696652,0,0,0,1,1.89,0,1,15.0,132.25152587890625,0,0,0,0,0,3383.json,NotBuggy
3,0.794566810131073,0.9278524185563779,0,0,0,1,1.89,0,0,16.0,131.75106811523438,0,0,0,0,0,4918.json,NotBuggy
3,0.439596027135849,0.79376250538567,0,0,0,1,1.89,0,2,21.0,130.05470275878906,0,1,0,0,0,2913.json,NotBuggy
3,0.8406314849853516,0.9077177230546285,0,0,0,1,1.89,0,1,14.0,132.61029052734375,0,0,0,0,0,682.json,NotBuggy
42,1.9506292301230133E-4,2.5185867519445472E-14,8,6,14,9,8.6,4,16,264.0,69.84144592285156,0,6,8,0,0,5703.json,Buggy
12,0.7652764916419983,0.15074886221751235,3,3,6,5,3.72,2,1,65.0,99.47265625,0,1,1,0,0,1412.json,NotBuggy
11,0.21588310599327087,0.005230020710254284,4,3,7,4,2.22,0,7,84.0,99.7345962524414,1,0,1,0,0,3115.json,NotBuggy
3,0.23583969473838806,0.7827309207978035,0,0,0,1,1.89,0,1,19.0,130.45266723632812,0,0,0,0,0,2826.json,NotBuggy
4,0.7706535458564758,0.8959121650753139,0,0,0,1,2.0,0,0,18.0,126.0733642578125,0,0,0,0,0,3501.json,NotBuggy
5,0.4657820761203766,0.6728057253842747,0,0,0,1,1.96,0,3,28.0,119.84819793701172,0,1,0,0,0,823.json,NotBuggy
3,0.10265957564115524,0.6413879902475573,0,0,0,1,1.89,0,2,23.0,129.4591827392578,0,1,0,0,0,2679.json,NotBuggy
4,0.0,0.002389474639128392,0,0,0,1,2.0,0,0,58.0,118.92639923095703,0,0,1,0,0,3267.json,NotBuggy
20,0.0036405157297849655,5.602880552485774E-7,1,3,4,4,3.98,1,16,143.0,86.94783782958984,0,2,2,0,0,607.json,Buggy
3,0.02462800219655037,0.42037505127583147,0,0,0,1,1.89,0,1,25.0,128.712890625,0,2,0,0,0,2985.json,NotBuggy
5,0.8408470749855042,0.04131175282857513,1,1,2,2,3.92,0,1,43.0,116.80116271972656,0,1,1,0,0,4743.json,NotBuggy
3,0.9325878620147705,0.8474301794982068,0,0,0,1,1.89,0,0,15.0,131.9385528564453,0,0,0,0,0,3344.json,NotBuggy
4,0.2926572263240814,0.17089322727853393,1,1,2,2,2.0,0,6,38.0,121.31822204589844,0,0,0,0,0,2711.json,Buggy
3,0.935778021812439,0.9743167773367911,0,0,0,1,1.89,0,0,13.0,132.9956512451172,0,0,0,0,0,4315.json,NotBuggy
3,0.3196811079978943,0.7161238819593073,0,0,0,1,1.89,0,3,24.0,129.12539672851562,0,0,0,0,0,103.json,NotBuggy
3,0.8304112553596497,0.8636613061618847,0,0,0,1,1.89,0,1,16.0,131.60296630859375,0,0,0,0,0,700.json,NotBuggy
3,0.6006538271903992,0.8234178541721127,0,0,0,1,1.89,0,2,22.0,129.57785034179688,0,1,0,0,0,2647.json,NotBuggy
1,0.9927825331687927,0.8645318594736,0,0,0,1,0.0,0,0,13.0,150.7931671142578,0,0,0,0,0,4591.json,NotBuggy
3,0.7680290341377258,0.8660456583408604,0,0,0,1,1.89,0,0,17.0,131.03103637695312,0,0,0,0,0,1969.json,NotBuggy
12,0.011605111882090569,0.002027002011394092,0,0,0,1,4.46,1,6,81.0,99.00564575195312,0,1,3,0,0,1968.json,NotBuggy
3,0.4173620343208313,0.36105513206917084,1,1,2,2,1.89,0,2,30.0,127.28214263916016,0,1,0,0,0,5196.json,NotBuggy
3,0.2896154224872589,0.9084894938964456,0,0,0,1,1.89,0,0,14.0,132.4454345703125,0,0,0,0,0,3049.json,NotBuggy
9,0.007282610516995192,0.5352701160410114,0,0,0,1,3.77,1,1,48.0,107.12625122070312,0,1,1,0,0,1967.json,NotBuggy
3,0.32742246985435486,0.7987735631572039,0,0,0,1,1.89,0,1,21.0,129.93223571777344,0,2,0,0,0,4406.json,NotBuggy
3,0.6396634578704834,0.8920121853323303,0,0,0,1,0.94,0,1,15.0,132.086669921875,0,0,0,0,0,3956.json,NotBuggy
11,0.2681848704814911,0.03425589983910403,3,2,5,2,1.34,1,1,68.0,101.64495849609375,0,0,3,0,0,3904.json,NotBuggy
3,0.9235057830810547,0.9082679409010616,0,0,0,1,3.77,0,0,12.0,133.59722900390625,0,0,0,0,0,3386.json,NotBuggy
3,0.2317742556333542,0.2558215703525151,0,0,0,1,1.89,0,1,31.0,127.06793212890625,0,2,0,0,0,825.json,NotBuggy
2,0.9972463846206665,0.946180555470014,0,0,0,1,0.0,0,0,11.0,140.82913208007812,0,1,0,0,0,4338.json,NotBuggy
3,0.9217595458030701,0.8269931697466858,0,0,0,1,1.89,0,0,18.0,130.7338104248047,0,1,0,0,0,4401.json,NotBuggy
4,0.8470354676246643,0.9730790141303622,0,0,0,1,2.0,0,1,17.0,126.62725830078125,0,0,0,0,0,837.json,NotBuggy
33,0.0,4.877324363842009E-14,3,18,21,22,3.69,6,0,250.0,71.55977630615234,0,1,3,0,0,3112.json,NotBuggy
16,0.19420288503170013,1.9504651569617675E-4,1,1,2,3,6.91,2,5,93.0,92.96755981445312,0,2,4,0,0,5691.json,NotBuggy
4,0.558275580406189,0.8353213101371013,2,2,4,2,3.32,0,2,23.0,124.69120788574219,0,0,0,0,0,5216.json,NotBuggy
4,0.796680212020874,0.8668205544185815,1,1,2,2,3.32,0,0,21.0,125.04178619384766,0,0,0,0,0,5137.json,NotBuggy
3,0.9581897258758545,0.9579314139531364,0,0,0,1,1.89,0,0,13.0,132.9956512451172,0,0,0,0,0,3913.json,NotBuggy
5,0.7135434746742249,0.9022269206672572,1,1,2,2,2.99,0,1,24.0,120.6200180053711,0,0,0,0,0,4751.json,NotBuggy
9,0.07362805306911469,0.008301146165654048,2,3,5,4,1.33,1,3,65.0,104.50682067871094,0,1,1,0,0,3927.json,NotBuggy
5,0.6846821904182434,0.8853288390641285,1,1,2,2,2.99,0,1,24.0,120.6200180053711,0,0,0,0,0,4761.json,NotBuggy
3,0.011536501348018646,0.2645242779567509,0,0,0,1,1.89,0,2,31.0,127.50450134277344,0,3,0,0,0,483.json,NotBuggy
3,0.27609601616859436,0.7543634702884597,0,0,0,1,1.89,0,3,20.0,130.44261169433594,0,0,0,0,0,4030.json,NotBuggy
5,0.04607602208852768,0.13207392428385345,0,0,0,1,1.96,0,3,41.0,117.69127655029297,0,1,0,0,0,454.json,NotBuggy
3,0.9367898106575012,0.961048503552627,0,0,0,1,1.89,0,0,12.0,133.59722900390625,0,0,0,0,0,4391.json,NotBuggy
10,0.2558131217956543,0.019642305623658974,3,3,6,4,5.6,0,4,62.0,103.20932006835938,0,1,1,0,0,923.json,NotBuggy
4,0.507699728012085,0.45755913479474086,2,1,3,3,2.0,0,1,34.0,121.59648895263672,0,1,1,0,0,4901.json,NotBuggy
3,0.6984202861785889,0.8831999140252936,0,0,0,1,1.89,0,1,16.0,131.75106811523438,0,0,0,0,0,357.json,NotBuggy
4,0.9314292073249817,0.7672063122115764,0,0,0,1,4.0,0,1,18.0,126.19583892822266,0,0,0,0,0,4815.json,NotBuggy
14,0.5763883590698242,0.16098588222161397,2,4,6,6,2.2,3,3,64.0,97.02184295654297,0,0,1,0,0,3932.json,NotBuggy
3,0.5306860208511353,0.8498234383968978,0,0,0,1,3.77,0,0,15.0,132.25152587890625,0,0,0,0,0,647.json,NotBuggy
8,0.023551665246486664,0.016720022327266097,1,1,2,2,2.4,1,4,60.0,107.34321594238281,0,1,1,0,0,641.json,NotBuggy
3,0.9225170612335205,0.9733985979609056,0,0,0,1,1.89,0,0,12.0,133.59722900390625,0,0,0,0,0,505.json,NotBuggy
3,0.9367898106575012,0.961048503552627,0,0,0,1,1.89,0,0,12.0,133.59722900390625,0,0,0,0,0,4375.json,NotBuggy
6,0.9392327666282654,0.16895876559502182,1,1,2,2,5.5,0,3,43.0,113.9074478149414,0,2,2,0,0,5219.json,NotBuggy
3,0.007982914336025715,0.03303637113550943,0,0,0,1,1.89,0,5,44.0,125.30986022949219,0,3,0,0,0,570.json,NotBuggy
15,0.04645766317844391,0.0010576948686305673,0,0,0,3,3.71,2,5,86.0,94.48247528076172,0,2,0,0,0,5100.json,Buggy
6,0.40694278478622437,0.1216898128811235,3,2,5,3,2.75,1,1,48.0,112.98848724365234,0,0,1,0,0,679.json,NotBuggy
3,0.0033134189434349537,0.1807134017742043,0,0,0,1,1.89,0,3,32.0,127.102294921875,0,0,0,0,0,227.json,NotBuggy
5,0.02284834161400795,0.10645601949285306,0,0,0,1,1.96,0,1,42.0,117.34275817871094,0,2,1,0,0,1294.json,NotBuggy
3,0.948209285736084,0.9673823761165479,0,0,0,1,1.89,0,0,12.0,133.59722900390625,0,0,0,0,0,504.json,NotBuggy
3,0.9665988087654114,0.9742568610719724,0,0,0,1,1.89,0,0,12.0,133.59722900390625,0,0,0,0,0,4828.json,NotBuggy
3,0.8472122550010681,0.954888418391714,0,0,0,1,1.89,0,0,12.0,133.59722900390625,0,0,0,0,0,1631.json,NotBuggy
1,0.9919390678405762,0.8749046797463423,0,0,0,1,0.0,0,0,13.0,150.7931671142578,0,0,0,0,0,1047.json,NotBuggy
22,0.004693700931966305,5.2944910089858615E-8,4,4,8,6,17.64,1,13,153.0,84.13006591796875,0,4,1,0,0,101.json,Buggy
3,0.8696047067642212,0.9633815678698101,0,0,0,1,1.89,0,0,12.0,133.59722900390625,0,0,0,0,0,2804.json,NotBuggy
3,0.9235057830810547,0.9082679409010616,0,0,0,1,3.77,0,0,12.0,133.59722900390625,0,0,0,0,0,3384.json,NotBuggy
20,0.0,1.487815710635823E-11,1,1,2,2,3.22,1,14,177.0,85.79573822021484,0,1,2,0,0,3260.json,NotBuggy
24,0.14760734140872955,1.6801580304978035E-5,3,2,5,5,4.9,4,11,133.0,83.69989013671875,0,1,4,0,0,5173.json,Buggy
3,0.004345404915511608,0.08871694064113736,0,0,0,1,1.89,0,4,36.0,126.41971588134766,0,2,0,0,0,569.json,NotBuggy
5,0.2779158055782318,0.7688439622506352,0,0,0,1,3.92,0,3,25.0,121.00688934326172,0,0,0,0,0,259.json,NotBuggy
2,0.8633230924606323,0.9006909480847304,0,0,0,1,0.0,0,0,11.0,140.82913208007812,0,0,0,0,0,220.json,NotBuggy
5,0.4074876606464386,0.7730038849742842,0,0,0,1,1.96,0,1,26.0,120.3299331665039,0,1,0,0,0,3562.json,NotBuggy
3,0.7278702259063721,0.8270510117399299,0,0,0,1,1.89,0,2,19.0,130.57513427734375,0,1,0,0,0,4763.json,NotBuggy
3,0.7642135620117188,0.8051841745432639,0,0,0,1,1.89,0,1,19.0,130.57513427734375,0,1,0,0,0,2576.json,NotBuggy
14,0.10212089866399765,0.006549384339625344,4,3,7,4,3.18,1,9,91.0,95.32794189453125,0,1,0,0,0,5209.json,NotBuggy
3,0.4649346172809601,0.8521026542554473,0,0,0,1,1.89,0,2,18.0,130.99049377441406,0,0,0,0,0,1421.json,NotBuggy
3,0.5143157243728638,0.9179501617237312,0,0,0,1,1.89,0,1,15.0,132.086669921875,0,0,0,0,0,264.json,NotBuggy
3,0.9367898106575012,0.961048503552627,0,0,0,1,1.89,0,0,12.0,133.59722900390625,0,0,0,0,0,4371.json,NotBuggy
3,0.2135312706232071,0.2040972118602011,1,1,2,2,3.77,0,4,30.0,127.44500732421875,0,0,0,0,0,501.json,NotBuggy
5,0.0,4.0649967346149436E-4,0,0,0,1,1.96,0,3,73.0,114.16748046875,0,3,0,0,0,4342.json,NotBuggy
4,0.8020578026771545,0.9135627141123761,0,0,0,1,2.0,0,2,19.0,125.91468811035156,0,0,0,0,0,5065.json,NotBuggy
3,0.7710490226745605,0.7454128200723198,0,0,0,1,3.77,0,0,16.0,131.75106811523438,0,0,0,0,0,4821.json,NotBuggy
3,0.06224612146615982,0.3275905466782378,0,0,0,1,1.89,0,1,29.0,127.76728820800781,0,2,0,0,0,933.json,NotBuggy
3,0.8945329785346985,0.9582346142829655,0,0,0,1,1.89,0,1,20.0,130.07347106933594,0,1,0,0,0,3119.json,NotBuggy
3,0.4692044258117676,0.8691924179562989,0,0,0,1,1.89,0,0,15.0,132.25152587890625,0,0,0,0,0,2702.json,NotBuggy
3,0.7988675832748413,0.9550818100285684,0,0,0,1,1.89,0,0,12.0,133.59722900390625,0,0,0,0,0,959.json,NotBuggy
3,0.06841911375522614,0.6974098221138042,0,0,0,1,1.89,0,1,22.0,129.47398376464844,0,0,0,0,0,1300.json,NotBuggy
3,0.7040551900863647,0.8479313800735941,0,0,0,1,1.89,0,1,19.0,130.57513427734375,0,1,0,0,0,3187.json,NotBuggy
5,0.5636149644851685,0.4062964277990684,1,1,2,2,1.96,0,1,34.0,118.28166961669922,0,1,1,0,0,4885.json,NotBuggy
5,0.7702754735946655,0.7438246912012955,0,0,0,1,3.92,0,1,22.0,121.53742980957031,0,0,0,0,0,4811.json,NotBuggy
3,0.9581897258758545,0.9579314139531364,0,0,0,1,1.89,0,0,13.0,132.9956512451172,0,0,0,0,0,3964.json,NotBuggy
4,0.796680212020874,0.8668205544185815,1,1,2,2,3.32,0,0,21.0,125.04178619384766,0,0,0,0,0,111.json,NotBuggy
3,0.0024224144872277975,0.0805633339948803,0,0,0,1,1.89,0,2,37.0,126.14789581298828,0,2,0,0,0,824.json,NotBuggy
3,0.9225170612335205,0.9733985979609056,0,0,0,1,1.89,0,0,12.0,133.59722900390625,0,0,0,0,0,2927.json,NotBuggy
3,0.35681262612342834,0.9736860765570017,0,0,0,1,1.89,0,0,13.0,132.9956512451172,0,0,0,0,0,1624.json,NotBuggy
3,0.8788749575614929,0.9661272600561702,0,0,0,1,1.89,0,0,12.0,133.59722900390625,0,0,0,0,0,988.json,NotBuggy
4,0.6124297380447388,0.40943082684843646,1,1,2,2,2.0,0,1,32.0,122.36495208740234,0,1,0,0,0,1567.json,NotBuggy
3,0.8641471266746521,0.9091902731428981,0,0,0,1,1.89,0,0,12.0,133.59722900390625,0,0,0,0,0,2677.json,NotBuggy
3,0.7742577791213989,0.8724782332908971,0,0,0,1,1.89,0,0,15.0,131.9385528564453,0,0,0,0,0,4486.json,NotBuggy
3,0.4779187738895416,0.7452281006145599,0,0,0,1,1.89,0,1,18.0,130.85629272460938,0,0,0,0,0,654.json,NotBuggy
3,2.76255450444296E-4,0.22344335733863788,0,0,0,1,1.89,0,1,31.0,127.50450134277344,0,3,0,0,0,1042.json,NotBuggy
3,0.8979341387748718,0.4640022654427715,0,0,0,1,3.77,0,0,24.0,128.7513427734375,0,2,0,0,0,3404.json,NotBuggy
3,0.5867078304290771,0.9283611168889764,0,0,0,1,1.89,0,0,15.0,132.25152587890625,0,0,0,0,0,1405.json,NotBuggy
3,0.4371092617511749,0.7191098632206121,0,0,0,1,1.89,0,1,26.0,128.3351287841797,0,0,0,0,0,198.json,NotBuggy
3,0.695430338382721,0.9204839257696652,0,0,0,1,1.89,0,1,15.0,132.25152587890625,0,0,0,0,0,658.json,NotBuggy
7,0.3345447778701782,0.06706572439062383,1,1,2,2,1.81,0,0,54.0,110.10877227783203,0,0,2,0,0,965.json,NotBuggy
10,0.7666221261024475,0.1105069628867322,4,2,6,3,6.25,1,3,49.0,104.66295623779297,0,0,1,0,0,1584.json,Buggy
4,0.23673893511295319,0.45751027860609333,0,0,0,1,2.0,0,2,28.0,123.28931427001953,0,1,0,0,0,2014.json,NotBuggy
8,0.03956880792975426,0.018020281411482493,0,0,0,1,3.97,1,4,58.0,107.55370330810547,0,2,0,0,0,2684.json,NotBuggy
3,0.9242736101150513,0.817287635929332,0,0,0,1,1.89,0,0,18.0,130.7338104248047,0,1,0,0,0,4318.json,NotBuggy
20,0.007334464229643345,6.46296869663808E-7,4,4,8,5,5.0,3,11,135.0,86.83968353271484,0,4,3,0,0,690.json,NotBuggy
13,0.5101199746131897,0.05210183531290172,1,1,2,2,2.79,1,5,66.0,98.78657531738281,0,0,3,0,0,1364.json,NotBuggy
3,0.0,0.35029904508526727,0,0,0,1,1.89,0,1,32.0,127.62944793701172,0,1,0,0,0,1330.json,NotBuggy
6,0.7884360551834106,0.059719209648808204,1,1,2,2,2.75,0,4,52.0,112.59795379638672,0,1,1,0,0,5107.json,NotBuggy
3,0.34400391578674316,0.6905561496619219,0,0,0,1,1.89,0,2,22.0,129.57785034179688,0,2,0,0,0,1020.json,NotBuggy
3,0.7682719230651855,0.9533795041699922,0,0,0,1,1.89,0,0,12.0,133.59722900390625,0,0,0,0,0,4412.json,NotBuggy
3,0.061410848051309586,0.470933289425772,0,0,0,1,1.89,0,1,24.0,128.83535766601562,0,0,0,0,0,3056.json,NotBuggy
3,0.8650034666061401,0.875964620063693,0,0,0,1,1.89,0,0,16.0,131.75106811523438,0,0,0,0,0,1249.json,NotBuggy
11,0.030375991016626358,0.013512190040397382,2,1,3,3,3.92,2,4,69.0,101.03170013427734,0,0,3,0,0,4748.json,NotBuggy
7,0.6132255792617798,0.7786722171994788,0,0,0,2,3.02,1,1,31.0,113.54827117919922,0,0,0,0,0,4980.json,NotBuggy
14,0.10573232918977737,0.04215089413964289,0,0,0,3,4.99,2,7,72.0,96.6978759765625,0,0,0,0,0,5031.json,NotBuggy
25,0.0,5.3126041033355884E-5,4,2,6,5,4.9,2,11,182.0,81.23301696777344,0,5,6,0,0,5239.json,Buggy
3,0.054669249802827835,0.4151900876646041,0,0,0,1,3.77,0,1,25.0,128.8092498779297,0,2,0,0,0,1216.json,NotBuggy
3,0.839963972568512,0.8784537356970575,0,0,0,1,1.89,0,0,14.0,132.4454345703125,0,1,0,0,0,2638.json,NotBuggy
3,0.8755052089691162,0.5252061163460912,0,0,0,1,1.89,0,1,26.0,128.8216552734375,0,0,0,0,0,5085.json,NotBuggy
3,0.5692585706710815,0.8072332895906175,0,0,0,1,1.89,0,1,21.0,129.61952209472656,0,0,0,0,0,1062.json,NotBuggy
8,0.039705418050289154,0.0015921547839533997,3,4,7,3,2.83,0,6,79.0,105.53284454345703,0,1,1,0,0,1437.json,Buggy
4,0.933008074760437,0.44718171967402737,0,0,0,1,9.8,0,1,26.0,124.04872131347656,0,0,0,0,0,1410.json,NotBuggy
3,0.8762956857681274,0.4573380737210883,0,0,0,1,1.89,0,0,27.0,128.22288513183594,0,1,0,0,0,1777.json,NotBuggy
3,0.8282424807548523,0.9502799420713488,0,0,0,1,1.89,0,0,13.0,132.9956512451172,0,0,0,0,0,465.json,NotBuggy
6,0.14039471745491028,0.0024667688022423796,2,3,5,3,1.89,0,4,66.0,111.22595977783203,0,1,1,0,0,4637.json,NotBuggy
11,0.05469430238008499,0.008464152221790675,1,1,2,2,5.06,2,3,73.0,100.96866607666016,0,1,0,0,0,1435.json,NotBuggy
10,0.018189536407589912,7.795107903595008E-4,1,1,2,2,2.53,1,6,77.0,101.99259948730469,0,2,2,0,0,5003.json,NotBuggy
3,0.4594348967075348,0.8765596395757267,0,0,0,1,1.89,0,0,16.0,131.46876525878906,0,0,0,0,0,2892.json,NotBuggy
3,0.7363205552101135,0.9605554050326962,0,0,0,1,1.89,0,1,16.0,131.75106811523438,0,0,0,0,0,2046.json,NotBuggy
6,0.1067119687795639,0.12691806260176472,0,0,0,1,3.77,0,5,40.0,114.64286041259766,0,2,0,0,0,2469.json,NotBuggy
8,0.0,8.49692235464376E-5,0,0,0,1,3.46,0,12,87.0,105.49124908447266,0,2,0,0,0,3291.json,NotBuggy
3,0.541132926940918,0.8803995785860037,0,0,0,1,3.77,0,0,13.0,132.9956512451172,0,0,0,0,0,1902.json,NotBuggy
3,0.2447788119316101,0.1468882569161329,0,0,0,1,1.89,0,6,35.0,126.71056365966797,0,1,0,0,0,4983.json,NotBuggy
3,0.9587222933769226,0.739089337439285,0,0,0,1,1.89,0,0,19.0,130.45266723632812,0,0,0,0,0,3967.json,NotBuggy
11,0.3442854881286621,0.7291562132526195,2,2,4,2,4.27,2,5,47.0,103.8249740600586,0,0,1,0,0,4223.json,NotBuggy
3,0.7699209451675415,0.8588299433876154,0,0,0,1,3.77,0,1,15.0,132.25152587890625,0,0,0,0,0,3538.json,NotBuggy
6,0.46988216042518616,0.05003391196494779,1,3,4,4,1.89,0,1,52.0,112.5221939086914,0,1,0,0,0,1322.json,NotBuggy
3,0.0015636776806786656,0.28528613449559387,0,0,0,1,1.89,0,3,31.0,127.50450134277344,0,2,0,0,0,4768.json,NotBuggy
4,0.8284112811088562,0.9016753464171241,0,0,0,1,4.0,0,0,16.0,127.09062194824219,0,0,0,0,0,4807.json,NotBuggy
8,0.25882163643836975,0.08011621728094397,1,1,2,2,4.8,1,5,48.0,108.80433654785156,0,1,1,0,0,595.json,Buggy
3,0.8874804973602295,0.8242322799966327,0,0,0,1,1.89,0,1,18.0,130.85629272460938,0,0,0,0,0,4831.json,NotBuggy
4,0.2985149621963501,0.549166181713049,0,0,0,1,2.0,0,2,25.0,123.96263122558594,0,0,0,0,0,3262.json,NotBuggy
3,0.904819905757904,0.8201315491815706,0,0,0,1,1.89,0,0,20.0,130.18594360351562,0,1,0,0,0,4932.json,NotBuggy
3,0.9623178243637085,0.9924054747828429,0,0,0,1,1.89,0,0,14.0,132.4454345703125,0,0,0,0,0,4912.json,NotBuggy
4,0.6343680620193481,0.8934345340409082,0,0,0,1,2.0,0,1,20.0,125.64796447753906,0,1,0,0,0,575.json,NotBuggy
3,0.06311145424842834,0.2971667912571421,0,0,0,1,1.89,0,0,28.0,127.94976043701172,0,4,0,0,0,691.json,NotBuggy
3,0.058268796652555466,0.16676925430571912,0,0,0,1,1.89,0,1,31.0,127.19728088378906,0,2,0,0,0,96.json,NotBuggy
3,0.9140077829360962,0.8329170292142702,0,0,0,1,1.89,0,0,17.0,131.28770446777344,0,1,0,0,0,336.json,NotBuggy
107,0.0,1.9810502041028175E-73,22,29,51,20,9.06,8,93,915.0,44.969722747802734,0,1,31,0,0,1672.json,Buggy
3,0.695430338382721,0.9204839257696652,0,0,0,1,1.89,0,1,15.0,132.25152587890625,0,0,0,0,0,5250.json,NotBuggy
3,0.9550763964653015,0.9793007046890447,0,0,0,1,1.89,0,0,13.0,132.9956512451172,0,0,0,0,0,4378.json,NotBuggy
4,0.7532790303230286,0.9597776683918632,0,0,0,1,2.0,0,2,20.0,125.64796447753906,0,0,0,0,0,5131.json,NotBuggy
3,0.8612895011901855,0.8269906030431374,0,0,0,1,1.89,0,0,17.0,131.28770446777344,0,1,0,0,0,3498.json,NotBuggy
4,0.9440462589263916,0.8466975708260364,0,0,0,1,4.0,0,0,17.0,126.4930648803711,0,1,0,0,0,633.json,NotBuggy
3,0.0,0.019553813298025222,0,0,0,1,1.89,0,1,44.0,125.18699645996094,0,3,0,0,0,2990.json,NotBuggy
3,0.0010539913782849908,0.3228538812384279,0,0,0,1,1.89,0,3,31.0,127.50450134277344,0,2,0,0,0,4766.json,NotBuggy
3,0.9418112635612488,0.9487550482651943,0,0,0,1,1.89,0,0,14.0,132.4454345703125,0,1,0,0,0,3166.json,NotBuggy
3,0.41325435042381287,0.7212381583458095,0,0,0,1,1.89,0,1,22.0,129.47398376464844,0,0,0,0,0,4044.json,NotBuggy
3,0.7299643158912659,0.7446156906845991,0,0,0,1,1.89,0,1,20.0,130.07347106933594,0,1,0,0,0,2015.json,NotBuggy
3,0.695430338382721,0.9204839257696652,0,0,0,1,1.89,0,1,15.0,132.25152587890625,0,0,0,0,0,5115.json,NotBuggy
6,0.0011410481529310346,3.509946968934158E-4,3,2,5,3,3.77,0,8,72.0,110.62979125976562,0,1,1,0,0,3969.json,NotBuggy
4,0.7878895401954651,0.8266745760588454,0,0,0,1,2.0,0,1,20.0,125.5254898071289,0,0,0,0,0,490.json,NotBuggy
4,0.7027708292007446,0.8900369364753369,0,0,0,1,2.0,0,0,18.0,126.0733642578125,0,0,0,0,0,3502.json,NotBuggy
18,0.027065971866250038,3.090414562856909E-6,1,1,2,3,2.4,1,11,133.0,89.08413696289062,0,4,2,0,0,1351.json,NotBuggy
3,0.6916501522064209,0.9427843803847715,0,0,0,1,1.89,0,0,14.0,132.4454345703125,0,0,0,0,0,3455.json,NotBuggy
19,0.2799571454524994,6.782570082442183E-5,2,2,4,5,9.87,3,11,111.0,88.58470153808594,0,1,5,0,0,5272.json,Buggy
3,0.6399912238121033,0.7111914037861311,0,0,0,1,3.77,0,1,19.0,130.57513427734375,0,1,0,0,0,4935.json,NotBuggy
3,0.5360655784606934,0.6908739478974102,0,0,0,1,1.89,0,2,21.0,130.05470275878906,0,1,0,0,0,1014.json,Buggy
3,0.7315497994422913,0.9049956783767921,0,0,0,1,1.89,0,1,18.0,130.99049377441406,0,1,0,0,0,2325.json,NotBuggy
3,0.3181917667388916,0.878651005740466,0,0,0,1,3.77,0,0,12.0,133.59722900390625,0,0,0,0,0,4809.json,NotBuggy
3,0.8495965600013733,0.7040927204726579,0,0,0,1,1.89,0,1,23.0,129.4591827392578,0,0,0,0,0,503.json,NotBuggy
9,0.007558634504675865,0.030813634522272752,0,0,0,1,3.82,1,2,59.0,105.700439453125,0,2,0,0,0,3013.json,NotBuggy
3,0.7699209451675415,0.8588299433876154,0,0,0,1,3.77,0,1,15.0,132.25152587890625,0,0,0,0,0,3433.json,NotBuggy
3,0.6923775672912598,0.7562298017857113,0,0,0,1,1.89,0,1,20.0,130.07347106933594,0,1,0,0,0,3439.json,NotBuggy
3,0.9312708973884583,0.9050609062133405,0,0,0,1,3.77,0,0,12.0,133.59722900390625,0,0,0,0,0,2745.json,NotBuggy
6,0.6821672916412354,0.12138443958258996,3,2,5,3,5.5,1,0,41.0,113.92510986328125,0,1,1,0,0,4842.json,NotBuggy
7,0.024878835305571556,0.038444354855013754,1,1,2,3,2.56,1,3,54.0,109.93583679199219,0,0,2,0,0,2458.json,NotBuggy
3,0.0,0.08560062248095981,0,0,0,1,1.89,0,1,37.0,126.2772445678711,0,3,0,0,0,1040.json,NotBuggy
3,0.21487833559513092,0.42071368711274515,1,1,2,2,1.89,0,1,27.0,127.83001708984375,0,1,0,0,0,1928.json,Buggy
14,0.020414449274539948,0.0010691732867115023,1,1,2,2,2.8,1,5,84.0,95.95252227783203,0,4,2,0,0,1339.json,NotBuggy
6,0.7612817287445068,0.08237257919749916,0,0,0,1,3.77,0,4,51.0,113.31317138671875,0,3,1,0,0,920.json,Buggy
9,0.01807473786175251,0.005778239204329632,5,3,8,5,3.66,3,4,68.0,103.8542709350586,0,2,1,0,0,3152.json,NotBuggy
6,0.3262556493282318,0.2031325835422065,0,0,0,1,3.77,0,4,39.0,114.91886901855469,0,1,1,0,0,2468.json,NotBuggy
6,0.8015457987785339,0.03662072217277918,1,2,3,2,2.56,0,2,53.0,112.32511901855469,0,2,1,0,0,5112.json,Buggy
7,0.8280519247055054,0.5544767154420792,0,2,2,4,3.33,2,0,36.0,112.1478500366211,0,0,0,0,0,2852.json,NotBuggy
3,0.802193284034729,0.95979452136076,0,0,0,1,1.89,0,0,12.0,133.59722900390625,0,0,0,0,0,683.json,NotBuggy
3,0.8996275663375854,0.9653389058346765,0,0,0,1,1.89,0,0,12.0,133.59722900390625,0,0,0,0,0,2993.json,NotBuggy
6,0.07700249552726746,0.0940782991432479,0,0,0,1,1.89,0,4,44.0,114.01789855957031,0,1,1,0,0,1032.json,NotBuggy
3,0.4594348967075348,0.8765596395757267,0,0,0,1,1.89,0,0,16.0,131.46876525878906,0,0,0,0,0,3194.json,NotBuggy
3,0.26131168007850647,0.5337178231874563,0,0,0,1,1.89,0,2,24.0,129.0215301513672,0,2,0,0,0,1937.json,NotBuggy
4,0.14743997156620026,0.4615690298184291,0,0,0,1,2.0,0,2,29.0,123.19084167480469,0,1,0,0,0,4384.json,NotBuggy
3,0.6021714210510254,0.8830499305381999,0,0,0,1,1.89,0,0,15.0,132.25152587890625,0,0,0,0,0,4413.json,NotBuggy
3,0.9159363508224487,0.8012653033805515,0,0,0,1,0.94,0,0,18.0,131.1385955810547,0,0,0,0,0,3906.json,NotBuggy
11,0.08562175929546356,0.006401173125541996,4,3,7,3,3.33,2,3,71.0,100.92908477783203,0,2,1,0,0,1609.json,Buggy
8,0.7952311038970947,0.5243876132427852,1,1,2,3,3.87,1,2,41.0,109.26466369628906,0,1,0,0,0,4977.json,NotBuggy
3,0.27462080121040344,0.8312121201418917,0,0,0,1,1.89,0,1,18.0,130.7338104248047,0,0,0,0,0,4193.json,NotBuggy
3,0.560149610042572,0.9308904538800665,0,0,0,1,1.89,0,0,12.0,133.59722900390625,0,0,0,0,0,5089.json,NotBuggy
4,0.16743949055671692,0.517482749417441,0,0,0,1,2.0,0,2,29.0,123.28064727783203,0,2,0,0,0,984.json,Buggy
5,0.1291363686323166,0.24549553627497842,0,0,0,1,3.92,0,3,34.0,118.51167297363281,0,1,1,0,0,2017.json,NotBuggy
3,0.5240567326545715,0.9234982567633985,0,0,0,1,3.77,0,0,12.0,133.59722900390625,0,0,0,0,0,1000.json,NotBuggy
6,0.9002401232719421,0.07219952446154108,1,2,3,3,1.89,0,1,47.0,113.09796142578125,0,1,1,0,0,2772.json,NotBuggy
4,0.6990777254104614,0.7837871324302388,0,0,0,1,2.0,0,1,22.0,124.91740417480469,0,1,0,0,0,187.json,NotBuggy
4,0.0032433161977678537,0.10269227207880005,3,2,5,2,2.0,0,1,42.0,120.7276840209961,0,3,0,0,0,1180.json,NotBuggy
21,0.0017478710506111383,2.3673703941084596E-8,1,1,2,4,2.44,1,13,159.0,85.349609375,0,4,2,0,0,1349.json,Buggy
3,0.5068603754043579,0.446717354036464,0,0,0,1,3.77,0,1,25.0,128.8092498779297,0,1,0,0,0,1753.json,NotBuggy
4,0.046347249299287796,0.025743057061032245,2,2,4,2,2.0,0,3,45.0,120.06814575195312,0,1,0,0,0,3431.json,NotBuggy
3,0.7559091448783875,0.8669158935732859,0,0,0,1,1.89,0,1,18.0,130.99049377441406,0,1,0,0,0,2561.json,NotBuggy
3,0.7693373560905457,0.8566743792392171,0,0,0,1,0.94,0,1,18.0,130.99049377441406,0,1,0,0,0,3946.json,NotBuggy
10,0.025546494871377945,0.002330642275654767,3,4,7,5,2.99,3,1,75.0,101.82585144042969,0,2,0,0,0,5026.json,Buggy
3,0.8058035969734192,0.9391134512197582,0,0,0,1,1.89,0,1,14.0,132.61029052734375,0,0,0,0,0,5096.json,NotBuggy
6,0.8862400650978088,0.7176866865662372,0,0,0,1,0.94,0,1,29.0,116.71211242675781,0,1,0,0,0,3897.json,NotBuggy
3,0.21421417593955994,0.5101002407116544,0,0,0,1,1.89,0,3,26.0,128.70916748046875,0,0,0,0,0,3229.json,NotBuggy
5,0.03161695599555969,0.36433354070054086,0,0,0,1,1.96,0,2,34.0,118.83859252929688,0,1,0,0,0,2782.json,NotBuggy
3,0.39548400044441223,0.7601666073064662,0,0,0,1,1.89,0,3,20.0,130.44261169433594,0,0,0,0,0,2843.json,NotBuggy
4,0.23802195489406586,0.538560930500273,1,1,2,2,2.0,0,1,28.0,123.14331817626953,0,0,0,0,0,3171.json,NotBuggy
3,0.008801629766821861,0.6356367385456962,0,0,0,1,1.89,0,2,28.0,127.87090301513672,0,1,0,0,0,2645.json,NotBuggy
3,0.8208542466163635,0.8720678570457959,0,0,0,1,1.89,0,1,16.0,131.75106811523438,0,0,0,0,0,2577.json,NotBuggy
7,0.07998814433813095,4.829256382884835E-4,3,4,7,3,5.11,1,2,70.0,108.11161041259766,0,2,2,0,0,4934.json,NotBuggy
3,0.5144469738006592,0.8122121159646661,0,0,0,1,1.89,0,0,18.0,130.7338104248047,0,1,0,0,0,2832.json,NotBuggy
3,0.6792197227478027,0.864346085980401,0,0,0,1,1.89,0,1,18.0,130.99049377441406,0,1,0,0,0,2562.json,NotBuggy
13,0.05282457917928696,0.01719712892240408,1,4,5,5,2.79,4,0,80.0,97.66292572021484,0,1,0,0,0,5190.json,Buggy
7,0.309130996465683,0.01446672556388324,2,3,5,4,1.81,0,3,62.0,108.87591552734375,0,1,1,0,0,508.json,NotBuggy
4,0.8284112811088562,0.9016753464171241,0,0,0,1,4.0,0,0,16.0,127.09062194824219,0,0,0,0,0,4808.json,NotBuggy
3,0.43462905287742615,0.8768064589733205,0,0,0,1,0.94,0,1,15.0,132.086669921875,0,0,0,0,0,3955.json,NotBuggy
3,0.6006538271903992,0.8234178541721127,0,0,0,1,1.89,0,2,22.0,129.57785034179688,0,1,0,0,0,2669.json,NotBuggy
6,0.053129643201828,0.05885422586690594,0,0,0,1,1.89,0,4,48.0,113.50555419921875,0,2,1,0,0,956.json,NotBuggy
3,0.001366557669825852,0.06552321322641104,0,0,0,1,1.89,0,3,39.0,125.93712615966797,0,2,0,0,0,3201.json,NotBuggy
3,0.8387935161590576,0.8876028572932233,0,0,0,1,3.77,0,1,15.0,132.25152587890625,0,0,0,0,0,4851.json,NotBuggy
14,0.036036185920238495,0.014063748351925656,2,3,5,4,5.89,4,4,77.0,96.41825866699219,0,2,0,0,0,2776.json,Buggy
8,0.20898741483688354,0.23772146955073994,2,2,4,2,2.83,1,4,53.0,108.04276275634766,0,0,1,0,0,5197.json,NotBuggy
5,0.33912137150764465,0.7241573018490445,0,0,0,1,1.96,0,1,26.0,120.3299331665039,0,1,0,0,0,2983.json,NotBuggy
4,0.4716717004776001,0.7320855474944065,0,0,0,1,2.0,0,1,22.0,124.81353759765625,0,0,0,0,0,2520.json,NotBuggy
3,0.026447419077157974,0.6695124408125405,0,0,0,1,0.94,0,0,20.0,130.18594360351562,0,0,0,0,0,3942.json,NotBuggy
4,0.008780288510024548,0.01501413462143832,0,0,0,1,2.0,0,2,52.0,119.84709930419922,0,2,0,0,0,4340.json,NotBuggy
3,0.23040296137332916,0.5983131808830304,0,0,0,1,0.94,0,3,25.0,129.0255889892578,0,0,0,0,0,3951.json,NotBuggy
3,0.8304112553596497,0.8636613061618847,0,0,0,1,1.89,0,1,16.0,131.60296630859375,0,0,0,0,0,705.json,NotBuggy
3,0.33323901891708374,0.6859149384092187,0,0,0,1,1.89,0,1,20.0,130.07347106933594,0,0,0,0,0,3196.json,NotBuggy
3,0.9773615002632141,0.6716183519030144,0,0,0,1,3.77,0,0,18.0,130.99049377441406,0,0,0,0,0,5191.json,NotBuggy
3,0.9283403754234314,0.9126632993767985,0,0,0,1,3.77,0,0,12.0,133.59722900390625,0,0,0,0,0,1406.json,NotBuggy
3,0.7356581687927246,0.9204819687100229,0,0,0,1,1.89,0,1,17.0,131.28770446777344,0,0,0,0,0,107.json,NotBuggy
3,0.9500985741615295,0.7728511175793077,0,0,0,1,1.89,0,0,19.0,130.45266723632812,0,0,0,0,0,3414.json,NotBuggy
3,0.7908267974853516,0.9026006703854295,0,0,0,1,1.89,0,0,15.0,131.9385528564453,0,0,0,0,0,1565.json,NotBuggy
3,0.08152533322572708,0.30940670807957915,0,0,0,1,1.89,0,3,30.0,127.76480865478516,0,0,0,0,0,4327.json,NotBuggy
5,0.4297834634780884,0.8368726164347304,0,0,0,1,1.96,0,1,23.0,121.18380737304688,0,1,0,0,0,2490.json,NotBuggy
5,0.2834603786468506,0.018475022484733778,2,2,4,3,1.96,0,2,52.0,115.64282989501953,0,1,0,0,0,5081.json,NotBuggy
3,0.5692585706710815,0.8072332895906175,0,0,0,1,1.89,0,1,21.0,129.61952209472656,0,0,0,0,0,1059.json,NotBuggy
21,0.0,2.4825691857959757E-10,5,4,9,5,7.96,5,11,173.0,84.53903198242188,0,1,2,0,0,2959.json,NotBuggy
11,0.45857417583465576,0.2537470761343875,0,3,3,5,4.21,2,2,52.0,102.1863021850586,0,1,0,0,0,2894.json,NotBuggy
35,0.0,9.50621222692442E-31,2,18,20,14,5.88,3,34,435.0,69.33479309082031,0,3,1,0,0,5054.json,NotBuggy
3,0.9773615002632141,0.6716183519030144,0,0,0,1,3.77,0,0,18.0,130.99049377441406,0,0,0,0,0,49.json,NotBuggy
5,0.2779158055782318,0.7688439622506352,0,0,0,1,3.92,0,3,25.0,121.00688934326172,0,0,0,0,0,238.json,NotBuggy
3,0.3194240927696228,0.8900549823707239,0,0,0,1,1.89,0,0,16.0,131.91592407226562,0,0,0,0,0,2670.json,NotBuggy
3,0.7340269088745117,0.8636361029038452,0,0,0,1,1.89,0,1,18.0,130.85629272460938,0,1,0,0,0,1970.json,NotBuggy
25,0.0,1.8424191427743775E-12,7,6,13,11,3.85,2,22,208.0,79.35458374023438,0,0,4,0,0,836.json,NotBuggy
6,0.010815968737006187,0.03342386051166572,0,0,0,1,1.89,0,3,50.0,113.23621368408203,0,1,1,0,0,2975.json,Buggy
3,0.9396195411682129,0.9855460793274262,0,0,0,1,1.89,0,0,12.0,133.59722900390625,0,0,0,0,0,4909.json,NotBuggy
3,0.8741174936294556,0.6838300137280191,0,0,0,1,3.77,0,1,19.0,130.45266723632812,0,1,0,0,0,4747.json,NotBuggy
73,0.0,2.3059852175473435E-47,23,25,48,21,7.55,5,68,635.0,52.9541015625,0,3,21,0,0,2060.json,Buggy
3,0.0024224144872277975,0.0805633339948803,0,0,0,1,1.89,0,2,37.0,126.14789581298828,0,2,0,0,0,895.json,NotBuggy
3,0.6936511397361755,0.6106411171915087,0,0,0,1,1.89,0,0,22.0,129.47398376464844,0,2,0,0,0,4886.json,NotBuggy
3,0.9235057830810547,0.9082679409010616,0,0,0,1,3.77,0,0,12.0,133.59722900390625,0,0,0,0,0,3452.json,NotBuggy
6,0.03138269484043121,0.0046233896960459365,3,2,5,3,1.89,0,5,61.0,111.58573150634766,0,1,1,0,0,3230.json,NotBuggy
3,0.5018251538276672,0.8369731977133723,0,0,0,1,1.89,0,1,18.0,130.85629272460938,0,1,0,0,0,3280.json,NotBuggy
3,0.8428696990013123,0.9600226144973003,0,0,0,1,1.89,0,0,12.0,133.59722900390625,0,0,0,0,0,4533.json,NotBuggy
7,0.1042357087135315,0.005662796308354377,2,3,5,4,1.81,0,4,65.0,108.63020324707031,0,1,1,0,0,3522.json,NotBuggy
3,0.980193018913269,0.7766918387015724,0,0,0,1,1.89,0,0,22.0,129.94700622558594,0,0,0,0,0,4638.json,NotBuggy
3,0.8710300922393799,0.851580987985401,0,0,0,1,3.77,0,1,15.0,132.086669921875,0,0,0,0,0,4738.json,NotBuggy
6,0.4582570493221283,0.0174601175667897,2,2,4,3,1.89,0,2,54.0,112.26944732666016,0,1,1,0,0,2767.json,NotBuggy
2,0.8669668436050415,0.7724365565411427,0,0,0,1,3.77,0,0,16.0,138.17149353027344,0,2,0,0,0,5222.json,NotBuggy
4,0.933008074760437,0.44718171967402737,0,0,0,1,9.8,0,1,26.0,124.04872131347656,0,0,0,0,0,924.json,NotBuggy
7,0.023146534338593483,0.1552262668721651,0,0,0,1,1.81,0,5,47.0,111.37712860107422,0,2,0,0,0,3351.json,NotBuggy
3,0.8553066849708557,0.8214697272740441,0,0,0,1,1.89,0,1,17.0,131.28770446777344,0,1,0,0,0,1936.json,NotBuggy
3,0.7699209451675415,0.8588299433876154,0,0,0,1,3.77,0,1,15.0,132.25152587890625,0,0,0,0,0,2839.json,NotBuggy
3,0.9367898106575012,0.961048503552627,0,0,0,1,1.89,0,0,12.0,133.59722900390625,0,0,0,0,0,4383.json,NotBuggy
3,0.5692585706710815,0.8072332895906175,0,0,0,1,1.89,0,1,21.0,129.61952209472656,0,0,0,0,0,1056.json,NotBuggy
4,0.45580199360847473,0.7462873133016625,0,0,0,1,2.0,0,2,23.0,124.7987289428711,0,1,0,0,0,1807.json,NotBuggy
7,0.003033072454854846,0.0033627955201513708,2,3,5,4,2.83,1,0,66.0,108.35501098632812,0,1,1,0,0,2763.json,Buggy
3,0.8819122910499573,0.9568859258218805,0,0,0,1,1.89,0,0,12.0,133.59722900390625,0,0,0,0,0,3268.json,NotBuggy
3,0.9394250512123108,0.9217403582170687,0,0,0,1,1.89,0,0,14.0,132.4454345703125,0,0,0,0,0,5145.json,NotBuggy
8,0.11684279143810272,0.0374731111621034,0,0,0,1,3.97,1,4,56.0,107.82999420166016,0,1,0,0,0,2648.json,Buggy
3,0.006690286565572023,0.12190256524527071,0,0,0,1,1.89,0,3,34.0,126.7169418334961,0,2,0,0,0,5113.json,NotBuggy
3,0.9253777861595154,0.8575050495199972,0,0,0,1,1.89,0,0,18.0,130.7338104248047,0,1,0,0,0,4373.json,NotBuggy
3,0.7699209451675415,0.8588299433876154,0,0,0,1,3.77,0,1,15.0,132.25152587890625,0,0,0,0,0,3368.json,NotBuggy
4,0.4716717004776001,0.7320855474944065,0,0,0,1,2.0,0,1,22.0,124.81353759765625,0,0,0,0,0,2543.json,NotBuggy
3,0.8547940850257874,0.945442932662884,0,0,0,1,1.89,0,0,12.0,133.59722900390625,0,0,0,0,0,816.json,NotBuggy
3,0.948209285736084,0.9673823761165479,0,0,0,1,1.89,0,0,12.0,133.59722900390625,0,0,0,0,0,4634.json,NotBuggy
7,0.012916827574372292,0.3541241755243418,1,1,2,2,3.02,1,0,40.0,112.05997467041016,0,1,0,0,0,5009.json,NotBuggy
3,0.3123854398727417,0.8847092002903877,0,0,0,1,1.89,0,1,15.0,132.25152587890625,0,0,0,0,0,221.json,NotBuggy
6,0.31146639585494995,0.09266009850095475,1,1,2,2,1.89,0,3,47.0,113.3850326538086,0,1,1,0,0,3353.json,NotBuggy
2,0.8846036791801453,0.9376646577976192,0,0,0,1,0.0,0,0,11.0,140.82913208007812,0,0,0,0,0,1382.json,NotBuggy
3,0.5068603754043579,0.446717354036464,0,0,0,1,3.77,0,1,25.0,128.8092498779297,0,1,0,0,0,1751.json,NotBuggy
6,7.497321930713952E-4,0.026171966307532612,0,0,0,1,15.39,0,5,53.0,112.87873840332031,0,2,0,0,0,94.json,NotBuggy
15,0.1369851529598236,0.01905704231343395,1,1,2,3,3.52,1,5,73.0,95.36732482910156,0,0,1,0,0,1052.json,NotBuggy
3,0.005989834200590849,0.13888347934154716,0,0,0,1,1.89,0,2,32.0,127.102294921875,0,1,0,0,0,308.json,NotBuggy
3,0.6276978850364685,0.7195684077633879,0,0,0,1,3.77,0,1,19.0,130.57513427734375,0,1,0,0,0,3067.json,NotBuggy
3,0.054215606302022934,0.5457459553673936,0,0,0,1,1.89,0,2,23.0,129.34671020507812,0,0,0,0,0,3577.json,NotBuggy
17,0.007298605516552925,2.8765642619123536E-5,3,3,6,3,3.39,2,10,106.0,91.19003295898438,0,0,4,0,0,5161.json,Buggy
19,0.0012504876358434558,1.2778172150124426E-5,0,0,0,2,5.28,1,11,122.0,88.8602294921875,0,1,5,0,0,5220.json,NotBuggy
5,0.2804518938064575,0.4011929772477572,2,1,3,2,2.99,0,3,35.0,118.20518493652344,0,1,0,0,0,3048.json,NotBuggy
3,0.8945329785346985,0.9582346142829655,0,0,0,1,1.89,0,1,20.0,130.07347106933594,0,1,0,0,0,3122.json,NotBuggy
2,0.06709212064743042,0.43497566248393227,0,0,0,1,1.89,0,0,25.0,135.10760498046875,0,4,0,0,0,5046.json,Buggy
3,0.8156518936157227,0.9153320856125916,0,0,0,1,1.89,0,0,14.0,132.4454345703125,0,1,0,0,0,1606.json,NotBuggy
3,0.4447043538093567,0.88440640649405,0,0,0,1,1.89,0,2,16.0,131.75106811523438,0,0,0,0,0,3572.json,NotBuggy
3,0.04747023060917854,0.38669949249669244,0,0,0,1,1.89,0,2,25.0,128.91311645507812,0,0,0,0,0,3549.json,NotBuggy
53,0.0,3.2972472172367156E-22,4,5,9,7,3.79,4,40,351.0,64.96275329589844,0,2,3,0,0,1639.json,Buggy
3,0.7798917293548584,0.9148829227988771,0,0,0,1,1.89,0,0,17.0,131.28770446777344,0,1,0,0,0,4824.json,NotBuggy
3,0.9581897258758545,0.9579314139531364,0,0,0,1,1.89,0,0,13.0,132.9956512451172,0,0,0,0,0,4045.json,NotBuggy
3,0.5131309032440186,0.8153310403158591,0,0,0,1,1.89,0,1,20.0,129.9696044921875,0,0,0,0,0,1344.json,NotBuggy
10,0.6616786122322083,0.6885787197750003,0,3,3,5,4.08,2,0,41.0,105.18973541259766,0,0,0,0,0,2888.json,NotBuggy
7,0.01049070991575718,0.0032624327335163327,2,2,4,3,0.9,0,4,63.0,108.82691192626953,0,1,1,0,0,3938.json,NotBuggy
107,0.0,1.9810502041028175E-73,22,29,51,20,9.06,8,93,915.0,44.969722747802734,0,1,31,0,0,1671.json,Buggy
3,0.9497587084770203,0.9764809550705218,0,0,0,1,1.89,0,0,15.0,131.9385528564453,0,0,0,0,0,5129.json,NotBuggy
3,0.5615657567977905,0.9055540733210843,0,0,0,1,1.89,0,0,14.0,132.4454345703125,0,0,0,0,0,5160.json,NotBuggy
15,0.006144008599221706,0.0010870243536863892,3,2,5,3,7.89,1,6,127.0,92.27778625488281,1,7,6,0,0,91.json,NotBuggy
4,0.29724788665771484,0.5552296296785776,0,0,0,1,2.0,0,2,25.0,123.96263122558594,0,0,0,0,0,3263.json,NotBuggy
9,0.04700801894068718,0.024713529706839637,3,3,6,2,5.37,1,4,61.0,105.2471923828125,0,0,1,0,0,297.json,NotBuggy
4,0.7346014380455017,0.8899112645529206,0,0,0,1,2.0,0,3,19.0,126.04888916015625,0,0,0,0,0,2800.json,Buggy
5,0.2016434371471405,0.12123416870533558,0,0,0,1,1.96,0,5,41.0,117.2788314819336,0,1,0,0,0,4750.json,NotBuggy
3,0.5117172002792358,0.6235458456306061,0,0,0,1,1.89,0,2,22.0,129.57785034179688,0,1,0,0,0,4206.json,NotBuggy
26,9.48708038777113E-4,4.37063642195108E-8,5,5,10,6,6.19,5,12,166.0,81.28446960449219,0,2,1,0,0,4022.json,Buggy
3,0.7962050437927246,0.9295305080890759,0,0,0,1,1.89,0,1,14.0,132.61029052734375,0,0,0,0,0,3571.json,NotBuggy
59,1.3673902139998972E-4,1.4012600498483996E-21,7,7,14,13,9.31,3,27,380.0,61.288143157958984,1,2,16,0,0,5245.json,NotBuggy
11,0.008921978063881397,5.635018957994097E-4,2,2,4,3,2.56,1,9,88.0,99.56121063232422,0,1,1,0,0,2454.json,NotBuggy
3,0.5692585706710815,0.8072332895906175,0,0,0,1,1.89,0,1,21.0,129.61952209472656,0,0,0,0,0,1053.json,NotBuggy
3,0.9550763964653015,0.9793007046890447,0,0,0,1,1.89,0,0,13.0,132.9956512451172,0,0,0,0,0,4374.json,NotBuggy
8,0.013491878286004066,2.2138770925441467E-4,3,2,5,2,4.8,1,5,76.0,105.63968658447266,0,3,2,0,0,2619.json,Buggy
3,0.9235057830810547,0.9082679409010616,0,0,0,1,3.77,0,0,12.0,133.59722900390625,0,0,0,0,0,3369.json,NotBuggy
3,0.3392263352870941,0.6901170339997879,0,0,0,1,3.77,0,1,20.0,130.07347106933594,0,1,0,0,0,4847.json,NotBuggy
6,0.4365294575691223,0.03567614385526643,1,2,3,3,3.77,0,1,48.0,112.93401336669922,0,1,1,0,0,502.json,NotBuggy
3,0.11678824573755264,0.6866657201844844,0,0,0,1,1.89,0,3,25.0,129.1480712890625,0,0,0,0,0,3208.json,NotBuggy
3,0.7392198443412781,0.8216163716405431,0,0,0,1,1.89,0,2,19.0,130.70933532714844,0,1,0,0,0,4217.json,NotBuggy
4,0.5884899497032166,0.1369591060129626,0,0,0,1,4.0,0,2,36.0,121.75926971435547,0,1,0,0,0,2326.json,Buggy
4,0.6681716442108154,0.3117502382626693,0,0,0,1,2.0,0,2,31.0,122.84404754638672,0,1,0,0,0,5091.json,Buggy
3,0.9225170612335205,0.9733985979609056,0,0,0,1,1.89,0,0,12.0,133.59722900390625,0,0,0,0,0,2922.json,NotBuggy
10,0.3212026357650757,4.739249444319688E-4,1,1,2,2,2.15,1,5,81.0,101.84412384033203,0,1,5,0,0,957.json,NotBuggy
1,0.9919390678405762,0.8749046797463423,0,0,0,1,0.0,0,0,13.0,150.7931671142578,0,0,0,0,0,1060.json,NotBuggy
3,0.008748226799070835,0.9092907776778123,0,0,0,1,1.89,0,0,13.0,132.9956512451172,0,0,0,0,0,2530.json,NotBuggy
14,0.013241035863757133,2.0417970638451255E-5,6,5,11,8,5.89,6,5,114.0,93.27721405029297,0,1,2,0,0,2955.json,NotBuggy
11,0.3553835451602936,0.1445075825380875,1,1,2,3,7.13,2,1,51.0,102.91090393066406,0,0,1,0,0,5679.json,NotBuggy
3,0.9535742402076721,0.9778179694263252,0,0,0,1,1.89,0,0,12.0,133.59722900390625,0,0,0,0,0,676.json,NotBuggy
4,0.0032433161977678537,0.10269227207880005,3,2,5,2,2.0,0,1,42.0,120.7276840209961,0,3,0,0,0,1179.json,NotBuggy
3,0.9585011601448059,0.8593662536529211,0,0,0,1,1.89,0,0,18.0,130.99049377441406,0,0,0,0,0,3157.json,NotBuggy
18,0.0100431889295578,8.374309194091683E-7,1,1,2,3,2.4,1,11,135.0,88.97959899902344,0,4,2,0,0,1350.json,NotBuggy
3,0.7551884651184082,0.8652224086722383,0,0,0,1,3.77,0,1,14.0,132.79563903808594,0,0,0,0,0,648.json,NotBuggy
8,0.47969478368759155,0.011286592364738671,2,2,4,3,6.93,0,2,63.0,107.09391021728516,0,0,2,0,0,1408.json,NotBuggy
8,0.0,3.5954019856475955E-5,0,0,0,2,2.4,1,8,91.0,104.85371398925781,0,0,3,0,0,3058.json,NotBuggy
3,0.0,0.08275769082995788,0,0,0,1,1.89,0,1,37.0,126.2772445678711,0,3,0,0,0,1041.json,NotBuggy
5,0.8143410086631775,0.6958912979552846,0,0,0,1,1.96,0,2,29.0,119.66572570800781,0,0,1,0,0,1526.json,NotBuggy
3,0.6643685102462769,0.7298489314740809,0,0,0,1,1.89,0,0,18.0,130.85629272460938,0,0,0,0,0,5678.json,NotBuggy
3,0.9682589173316956,0.8452952957133807,0,0,0,1,1.89,0,0,19.0,130.45266723632812,0,1,0,0,0,4900.json,NotBuggy
23,0.0033329720608890057,6.809778738895676E-10,6,6,12,6,4.25,3,13,173.0,82.88042449951172,0,2,6,0,0,671.json,NotBuggy
5,0.2607582211494446,0.508955638389543,0,0,0,1,1.96,0,2,30.0,119.48943328857422,0,1,0,0,0,3252.json,NotBuggy
3,0.24299070239067078,0.8336202384368137,0,0,0,1,1.89,0,1,16.0,131.75106811523438,0,0,0,0,0,3974.json,NotBuggy
4,0.2123926281929016,0.285961645697913,0,0,0,1,6.63,0,0,28.0,123.21045684814453,0,4,0,0,0,573.json,NotBuggy
35,2.923645079135895E-4,3.2312163459635696E-17,5,5,10,6,4.91,4,9,281.0,73.17621612548828,0,0,14,0,0,5098.json,NotBuggy
25,0.0,5.3126041033355884E-5,4,2,6,5,4.9,2,11,182.0,81.23301696777344,0,5,6,0,0,5238.json,NotBuggy
3,0.89423006772995,0.7179800894954637,0,0,0,1,1.89,0,0,21.0,129.7158966064453,0,1,0,0,0,2897.json,NotBuggy
3,0.30791953206062317,0.49123556998190615,0,0,0,1,1.89,0,1,25.0,128.712890625,0,1,0,0,0,2554.json,NotBuggy
3,0.7726458311080933,0.9611755022598575,0,0,0,1,1.89,0,0,12.0,133.59722900390625,0,0,0,0,0,456.json,NotBuggy
4,0.5488358736038208,0.34145308237998706,0,0,0,1,2.0,0,2,26.0,123.67467498779297,0,0,1,0,0,2415.json,NotBuggy
3,0.02998727187514305,0.42804785249537064,0,0,0,1,1.89,0,2,25.0,128.91311645507812,0,0,0,0,0,3602.json,NotBuggy
5,0.0027399295940995216,0.00483692693844545,0,0,0,1,1.96,0,2,56.0,115.35023498535156,0,2,1,0,0,5121.json,NotBuggy
7,0.7067241072654724,0.18573679102455387,2,1,3,3,5.11,1,1,41.0,111.42787170410156,0,1,2,0,0,4813.json,NotBuggy
13,0.1274813562631607,0.053807728505976,4,3,7,3,1.48,2,3,66.0,98.70028686523438,0,1,1,0,0,3898.json,NotBuggy
20,0.0014905373100191355,2.3415096734192554E-9,0,0,0,7,2.65,1,3,162.0,85.35281372070312,0,2,3,0,0,4942.json,NotBuggy
3,0.9283403754234314,0.9126632993767985,0,0,0,1,3.77,0,0,12.0,133.59722900390625,0,0,0,0,0,1407.json,NotBuggy
29,0.0,8.761219649932521E-15,5,9,14,8,3.48,2,20,237.0,76.87847137451172,0,3,7,0,0,2753.json,Buggy
3,0.13562355935573578,0.5837657001426391,0,0,0,1,1.89,0,1,22.0,129.47398376464844,0,1,0,0,0,962.json,NotBuggy
3,0.11685413867235184,0.3089818742570249,0,0,0,1,0.94,0,4,32.0,127.52558135986328,0,0,0,0,0,3950.json,NotBuggy
3,0.6984202861785889,0.8831999140252936,0,0,0,1,1.89,0,1,16.0,131.75106811523438,0,0,0,0,0,367.json,NotBuggy
3,0.9206726551055908,0.6963345271852732,0,0,0,1,1.89,0,0,22.0,129.37762451171875,0,1,0,0,0,4904.json,NotBuggy
3,0.04747023060917854,0.38669949249669244,0,0,0,1,1.89,0,2,25.0,128.91311645507812,0,0,0,0,0,3576.json,NotBuggy
10,0.05623931810259819,0.534293191347641,1,1,2,2,2.53,1,0,48.0,105.25951385498047,0,1,1,0,0,1925.json,NotBuggy
3,0.7258177995681763,0.9615349585147245,0,0,0,1,1.89,0,0,12.0,133.59722900390625,0,0,0,0,0,2779.json,NotBuggy
3,0.7083232998847961,0.9274964559564497,0,0,0,1,1.89,0,1,15.0,132.086669921875,0,0,0,0,0,2823.json,NotBuggy
6,0.14043501019477844,0.0889857733627044,3,2,5,3,2.75,1,0,47.0,113.04348754882812,0,2,1,0,0,4876.json,NotBuggy
25,0.0,7.931240886024164E-15,4,2,6,3,4.11,2,24,233.0,80.24483489990234,1,3,4,0,0,980.json,NotBuggy
4,0.013350886292755604,0.023226058370999537,4,2,6,3,2.0,0,1,48.0,119.50254821777344,0,2,1,0,0,4884.json,NotBuggy
13,0.4677276909351349,0.07361970639638342,1,1,2,2,2.79,1,5,65.0,98.91192626953125,0,0,3,0,0,1346.json,NotBuggy
3,0.9235057830810547,0.9082679409010616,0,0,0,1,3.77,0,0,12.0,133.59722900390625,0,0,0,0,0,3442.json,NotBuggy
5,0.8862788081169128,0.91561567937281,0,0,0,1,1.96,0,0,23.0,121.18380737304688,0,1,1,0,0,1415.json,NotBuggy
9,0.5749786496162415,0.9213014685267845,1,1,2,2,1.89,2,1,28.0,110.09605407714844,0,0,0,0,0,3948.json,NotBuggy
3,0.041969772428274155,0.14696693760815094,1,1,2,2,1.89,0,2,35.0,126.26983642578125,0,1,0,0,0,5252.json,Buggy
5,0.24301555752754211,0.70216110482391,0,0,0,1,1.96,0,2,31.0,119.31893157958984,0,1,0,0,0,4928.json,NotBuggy
1,0.9919390678405762,0.8749046797463423,0,0,0,1,0.0,0,0,13.0,150.7931671142578,0,0,0,0,0,1057.json,NotBuggy
3,0.8924878835678101,0.9774911414508951,0,0,0,1,1.89,0,0,12.0,133.59722900390625,0,0,0,0,0,4930.json,NotBuggy
4,0.2609580457210541,0.2769261955654783,0,0,0,1,6.63,0,0,28.0,123.1362075805664,0,3,0,0,0,5246.json,NotBuggy
3,0.9456103444099426,0.8660380927132155,0,0,0,1,1.89,0,0,17.0,131.28770446777344,0,0,0,0,0,622.json,NotBuggy
3,0.8650034666061401,0.875964620063693,0,0,0,1,1.89,0,0,16.0,131.75106811523438,0,0,0,0,0,1493.json,NotBuggy
3,0.0034859972074627876,0.21303041365152814,0,0,0,1,1.89,0,0,35.0,126.96322631835938,0,1,0,0,0,3200.json,NotBuggy
3,0.7553495764732361,0.9283093123528733,0,0,0,1,1.89,0,1,15.0,132.086669921875,0,0,0,0,0,3080.json,NotBuggy
5,0.0,4.0649967346149436E-4,0,0,0,1,1.96,0,3,73.0,114.16748046875,0,3,0,0,0,4343.json,NotBuggy
3,0.14618076384067535,0.28393394169099345,0,0,0,1,1.89,0,1,29.0,127.76728820800781,0,2,0,0,0,1227.json,NotBuggy
3,0.541132926940918,0.8803995785860037,0,0,0,1,3.77,0,0,13.0,132.9956512451172,0,0,0,0,0,3095.json,NotBuggy
3,0.9569032192230225,0.89924593561144,0,0,0,1,1.89,0,0,17.0,131.28770446777344,0,0,0,0,0,4889.json,NotBuggy
10,0.01155023742467165,0.002110508442342901,2,1,3,2,2.99,1,4,73.0,102.38487243652344,0,2,2,0,0,653.json,NotBuggy
5,0.6704176068305969,0.9536420263021864,0,0,0,1,1.5,1,1,18.0,123.02808380126953,0,0,0,0,0,3960.json,NotBuggy
3,0.4535258710384369,0.80821806512713,0,0,0,1,1.89,0,2,21.0,130.05470275878906,0,1,0,0,0,2914.json,NotBuggy
3,0.0016100727953016758,0.5683134358359939,0,0,0,1,1.89,0,1,30.0,127.59099578857422,0,3,0,0,0,1434.json,NotBuggy
3,0.9396195411682129,0.9855460793274262,0,0,0,1,1.89,0,0,12.0,133.59722900390625,0,0,0,0,0,4881.json,NotBuggy
3,0.5131309032440186,0.8153310403158591,0,0,0,1,1.89,0,1,20.0,129.9696044921875,0,0,0,0,0,1340.json,NotBuggy
7,0.011481616646051407,0.0030401416775054954,0,0,0,2,2.56,1,2,69.0,108.58385467529297,0,3,2,0,0,5118.json,NotBuggy
5,0.03625524044036865,0.043173003470861435,0,0,0,1,1.96,0,4,44.0,116.85455322265625,0,2,0,0,0,1932.json,NotBuggy
22,0.003124899696558714,5.031920817669032E-6,3,2,5,4,5.68,2,9,129.0,85.78968048095703,0,1,4,0,0,5680.json,NotBuggy
3,0.8055093288421631,0.9043177433238615,0,0,0,1,1.89,0,0,15.0,131.9385528564453,0,0,0,0,0,3184.json,NotBuggy
3,5.892618792131543E-4,0.4904637165232388,0,0,0,1,1.89,0,1,26.0,128.41912841796875,0,1,0,0,0,5153.json,NotBuggy
4,0.30204540491104126,0.6796353306892675,0,0,0,1,2.0,0,1,24.0,124.361083984375,0,1,0,0,0,1623.json,NotBuggy
20,0.0036405157297849655,5.602880552485774E-7,1,3,4,4,3.98,1,16,143.0,86.94783782958984,0,2,2,0,0,606.json,Buggy
4,0.20911909639835358,0.6435432069406143,0,0,0,1,2.0,0,1,25.0,123.87862396240234,0,1,0,0,0,3256.json,NotBuggy
9,0.29265937209129333,0.03997506210511046,1,4,5,6,3.27,2,2,56.0,104.72405242919922,0,0,0,0,0,4331.json,NotBuggy
3,1.5790150791872293E-4,0.09916091303990698,0,0,0,1,1.89,0,0,39.0,126.1478500366211,0,3,0,0,0,3209.json,NotBuggy
3,0.902388870716095,0.971366530848012,0,0,0,1,1.89,0,0,12.0,133.59722900390625,0,0,0,0,0,5224.json,NotBuggy
3,0.02733367681503296,0.5744674803026607,0,0,0,1,1.89,0,1,24.0,128.83535766601562,0,1,0,0,0,985.json,NotBuggy
19,0.006082402542233467,2.4671561894288697E-7,0,0,0,4,4.28,1,7,141.0,87.6475830078125,0,1,5,0,0,275.json,NotBuggy
4,0.007177149411290884,0.06641199097506675,1,1,2,2,2.0,0,1,39.0,120.86674499511719,0,1,0,0,0,1927.json,NotBuggy
3,0.7811070680618286,0.9737259291003688,0,0,0,1,1.89,0,0,12.0,133.59722900390625,0,0,0,0,0,4310.json,NotBuggy
3,0.9456103444099426,0.8660380927132155,0,0,0,1,1.89,0,0,17.0,131.28770446777344,0,0,0,0,0,621.json,NotBuggy
3,0.8387935161590576,0.8876028572932233,0,0,0,1,3.77,0,1,15.0,132.25152587890625,0,0,0,0,0,2974.json,NotBuggy
3,0.9217595458030701,0.8269931697466858,0,0,0,1,1.89,0,0,18.0,130.7338104248047,0,1,0,0,0,4405.json,NotBuggy
3,0.9289069771766663,0.965785262535897,0,0,0,1,1.89,0,0,12.0,133.59722900390625,0,0,0,0,0,535.json,NotBuggy
17,0.059661272913217545,2.1803787596841282E-5,2,2,4,3,2.99,1,7,117.0,90.57280731201172,0,7,2,0,0,4758.json,NotBuggy
3,0.61268150806427,0.6492241450106443,0,0,0,1,1.89,0,2,26.0,128.8216552734375,0,0,0,0,0,4534.json,NotBuggy
3,0.001968247117474675,0.13422576909112782,0,0,0,1,1.89,0,3,38.0,126.28292083740234,0,1,0,0,0,2005.json,NotBuggy
13,0.07818501442670822,2.154235088272185E-4,2,1,3,4,4.05,2,3,95.0,95.99067687988281,1,2,1,0,0,981.json,Buggy
3,0.7932906150817871,0.8282851226378686,0,0,0,1,1.89,0,0,17.0,131.03103637695312,0,1,0,0,0,4308.json,NotBuggy
3,0.008748226799070835,0.9092907776778123,0,0,0,1,1.89,0,0,13.0,132.9956512451172,0,0,0,0,0,2504.json,NotBuggy
8,7.147161522880197E-4,0.0021834353172413196,0,0,0,1,1.66,0,6,70.0,106.62179565429688,1,1,1,0,0,2624.json,Buggy
3,0.9253777861595154,0.8575050495199972,0,0,0,1,1.89,0,0,18.0,130.7338104248047,0,1,0,0,0,4369.json,NotBuggy
9,8.601651061326265E-4,5.085970874423112E-6,0,0,0,1,1.66,0,5,98.0,102.53862762451172,0,2,4,0,0,1933.json,NotBuggy
8,0.03010515309870243,0.06361165680154945,2,1,3,2,3.12,1,5,52.0,108.14181518554688,0,1,1,0,0,650.json,NotBuggy
3,0.9196484684944153,0.8847808089613728,0,0,0,1,3.77,0,0,12.0,133.59722900390625,0,0,0,0,0,486.json,NotBuggy
3,0.8421861529350281,0.8081831832104146,0,0,0,1,1.89,0,0,23.0,129.58164978027344,0,0,0,0,0,4351.json,NotBuggy
3,0.9711110591888428,0.8464915744888143,0,0,0,1,1.89,0,0,19.0,130.45266723632812,0,1,0,0,0,4899.json,NotBuggy
3,0.33323901891708374,0.6859149384092187,0,0,0,1,1.89,0,1,20.0,130.07347106933594,0,0,0,0,0,2891.json,NotBuggy
3,0.8913548588752747,0.9301560009396711,0,0,0,1,1.89,0,0,14.0,132.61029052734375,0,0,0,0,0,2825.json,NotBuggy
6,0.18483318388462067,0.017134294646762364,2,3,5,3,5.5,1,0,50.0,112.5718994140625,0,1,1,0,0,4870.json,NotBuggy
7,0.8200514316558838,0.4812913463813989,0,0,0,1,1.81,0,0,39.0,112.42162322998047,0,0,1,0,0,2765.json,NotBuggy
3,0.7789871096611023,0.7210339354728399,0,0,0,1,3.77,0,1,18.0,130.85629272460938,0,1,0,0,0,4746.json,NotBuggy
6,0.07272899895906448,0.15841055769210563,0,0,0,1,4.0,0,6,43.0,114.57400512695312,0,0,1,0,0,2768.json,NotBuggy
3,0.802773118019104,0.8001224182404723,0,0,0,1,3.77,0,1,15.0,132.086669921875,0,0,0,0,0,4735.json,NotBuggy
3,0.7258177995681763,0.9615349585147245,0,0,0,1,1.89,0,0,12.0,133.59722900390625,0,0,0,0,0,3977.json,NotBuggy
5,0.1291363686323166,0.24549553627497842,0,0,0,1,3.92,0,3,34.0,118.51167297363281,0,1,1,0,0,2016.json,NotBuggy
4,0.8970963358879089,0.5545492966009776,0,0,0,1,9.8,0,0,28.0,123.77584075927734,0,0,0,0,0,5217.json,NotBuggy
3,0.9006614089012146,0.9622888423858739,0,0,0,1,1.89,0,0,12.0,133.59722900390625,0,0,0,0,0,3619.json,NotBuggy
5,0.013239428400993347,0.3827660194829373,0,0,0,1,1.96,0,1,33.0,118.74115753173828,0,1,0,0,0,3342.json,NotBuggy
14,0.001468463335186243,2.6569743082082114E-7,8,5,13,5,7.77,1,7,124.0,93.2373046875,0,1,3,0,0,3556.json,Buggy
3,0.05881107226014137,0.24741250186913297,0,0,0,1,1.89,0,2,30.0,127.59099578857422,0,2,0,0,0,1739.json,NotBuggy
3,0.2135312706232071,0.2040972118602011,1,1,2,2,3.77,0,4,30.0,127.44500732421875,0,0,0,0,0,3272.json,NotBuggy
3,0.41325435042381287,0.7212381583458095,0,0,0,1,1.89,0,1,22.0,129.47398376464844,0,0,0,0,0,3072.json,NotBuggy
12,0.03160375729203224,0.1329924018853566,1,1,2,3,6.35,2,3,60.0,100.49259185791016,0,2,0,0,0,5211.json,NotBuggy
3,0.0,0.08012434639078313,0,0,0,1,1.89,0,1,37.0,126.21087646484375,0,3,0,0,0,814.json,Buggy
3,0.9621745347976685,0.9425308134569428,0,0,0,1,1.89,0,0,17.0,131.28770446777344,0,0,0,0,0,4916.json,NotBuggy
3,0.1326903998851776,0.9307687865801314,0,0,0,1,1.89,0,0,12.0,133.59722900390625,0,0,0,0,0,3399.json,NotBuggy
7,0.01101011410355568,0.0015029705515481743,2,1,3,3,2.56,1,4,67.0,108.37899017333984,0,2,2,0,0,2680.json,NotBuggy
19,0.03628336638212204,2.8030106631875284E-4,6,6,12,4,1.48,2,3,118.0,89.40776062011719,0,0,4,0,0,3905.json,NotBuggy
12,0.0030861389823257923,3.400381913666931E-6,5,5,10,6,3.83,3,5,112.0,96.06644439697266,0,1,3,0,0,2654.json,NotBuggy
19,0.0,3.4784476894934195E-15,3,3,6,4,1.79,1,25,212.0,84.98246765136719,0,3,5,0,0,5024.json,NotBuggy
12,9.697484783828259E-4,2.8203953414842437E-6,5,4,9,5,3.77,2,9,117.0,96.24874114990234,0,1,3,0,0,4410.json,NotBuggy
3,0.46401911973953247,0.9427352860761187,0,0,0,1,1.89,0,1,14.0,132.79563903808594,0,0,0,0,0,5102.json,NotBuggy
3,0.9235057830810547,0.9082679409010616,0,0,0,1,3.77,0,0,12.0,133.59722900390625,0,0,0,0,0,2746.json,NotBuggy
3,0.9235057830810547,0.9082679409010616,0,0,0,1,3.77,0,0,12.0,133.59722900390625,0,0,0,0,0,3545.json,NotBuggy
3,0.20963753759860992,0.5315852507762762,0,0,0,1,1.89,0,2,24.0,128.92515563964844,0,0,0,0,0,974.json,NotBuggy
17,0.0,8.288297022763767E-10,8,12,20,13,2.72,6,0,180.0,86.69352722167969,0,2,0,0,0,2902.json,NotBuggy
3,0.6849416494369507,0.9208029231783866,0,0,0,1,1.89,0,1,16.0,131.75106811523438,0,0,0,0,0,556.json,NotBuggy
3,0.7612021565437317,0.9476528303828204,0,0,0,1,1.89,0,0,12.0,133.59722900390625,0,0,0,0,0,2781.json,NotBuggy
3,0.8992260098457336,0.9689673192677375,0,0,0,1,1.89,0,0,15.0,132.086669921875,0,1,0,0,0,678.json,NotBuggy
4,0.0,0.0021657268592209736,0,0,0,1,6.63,0,4,59.0,118.83750915527344,0,7,0,0,0,587.json,Buggy
5,0.8756856918334961,0.8882061334867171,1,1,2,2,2.99,0,1,24.0,120.6200180053711,0,0,0,0,0,4755.json,NotBuggy
3,0.664474368095398,0.9440912796958801,0,0,0,1,0.94,0,0,15.0,131.9385528564453,0,0,0,0,0,3899.json,NotBuggy
3,0.7719694375991821,0.9732141630924112,0,0,0,1,1.89,0,0,12.0,133.59722900390625,0,0,0,0,0,2806.json,NotBuggy
3,0.935778021812439,0.9743167773367911,0,0,0,1,1.89,0,0,13.0,132.9956512451172,0,0,0,0,0,4309.json,NotBuggy
35,0.0,2.460979607316995E-18,5,5,10,10,14.46,4,28,306.0,71.98523712158203,0,3,9,0,0,68.json,Buggy
15,0.0,1.7352233276193218E-13,2,4,6,7,2.85,4,13,197.0,88.92280578613281,0,2,4,0,0,3151.json,NotBuggy
3,0.3951352536678314,0.8913164580711926,0,0,0,1,1.89,0,0,15.0,132.25152587890625,0,0,0,0,0,1370.json,NotBuggy
7,0.4341118633747101,0.26026964163545685,1,1,2,2,1.81,0,1,45.0,111.30314636230469,0,1,2,0,0,1930.json,Buggy
3,0.18372011184692383,0.5872359305654534,0,0,0,1,1.89,0,2,25.0,129.0255889892578,0,1,0,0,0,579.json,NotBuggy
5,0.8787660598754883,0.9013782411189691,1,1,2,2,2.99,0,1,24.0,120.6200180053711,0,0,0,0,0,4753.json,NotBuggy
3,0.741529107093811,0.8028655426094489,0,0,0,1,1.89,0,2,19.0,130.57513427734375,0,1,0,0,0,4767.json,NotBuggy
7,0.26749444007873535,0.23146709815576233,3,2,5,4,2.56,1,2,45.0,110.77677917480469,0,1,1,0,0,3177.json,NotBuggy
5,0.5046926140785217,0.4027382716848998,0,0,0,1,1.96,0,5,34.0,118.58592224121094,0,0,0,0,0,4754.json,NotBuggy
15,0.08602768182754517,1.9775107101670346E-5,7,8,15,6,2.29,1,8,116.0,92.30268096923828,0,3,2,0,0,588.json,NotBuggy
3,0.713691771030426,0.8199342348913421,0,0,0,1,1.89,0,1,18.0,130.85629272460938,0,0,0,0,0,5095.json,NotBuggy
3,0.6006538271903992,0.8234178541721127,0,0,0,1,1.89,0,2,22.0,129.57785034179688,0,1,0,0,0,2668.json,NotBuggy
8,0.2167954295873642,0.04016874280669496,0,0,0,1,4.36,0,7,53.0,108.0224838256836,0,0,1,0,0,3509.json,NotBuggy
3,0.9456103444099426,0.8660380927132155,0,0,0,1,1.89,0,0,17.0,131.28770446777344,0,0,0,0,0,707.json,NotBuggy
11,0.2386031299829483,0.005165332834493131,4,3,7,4,2.67,1,4,73.0,100.38084411621094,0,2,2,0,0,4861.json,NotBuggy
3,0.0024224144872277975,0.0805633339948803,0,0,0,1,1.89,0,2,37.0,126.14789581298828,0,2,0,0,0,576.json,NotBuggy
3,0.5131309032440186,0.8153310403158591,0,0,0,1,1.89,0,1,20.0,129.9696044921875,0,0,0,0,0,1334.json,NotBuggy
36,0.0,1.100449558485312E-21,14,15,29,7,7.27,2,28,329.0,71.70191192626953,0,1,11,0,0,5493.json,Buggy
3,0.541132926940918,0.8803995785860037,0,0,0,1,3.77,0,0,13.0,132.9956512451172,0,0,0,0,0,3279.json,Buggy
3,0.2135312706232071,0.2040972118602011,1,1,2,2,3.77,0,4,30.0,127.44500732421875,0,0,0,0,0,3189.json,NotBuggy
3,6.420778227038682E-4,0.3952535686058956,0,0,0,1,1.89,0,1,25.0,128.91311645507812,0,2,0,0,0,5170.json,NotBuggy
3,0.7438695430755615,0.840835629318536,0,0,0,1,1.89,0,0,17.0,131.28770446777344,0,0,0,0,0,5057.json,NotBuggy
3,0.7991687655448914,0.8430264299866888,0,0,0,1,3.77,0,1,15.0,132.25152587890625,0,0,0,0,0,2898.json,NotBuggy
3,0.8811901211738586,0.9739784174463212,0,0,0,1,1.89,0,1,17.0,131.28770446777344,0,1,0,0,0,1006.json,Buggy
3,0.1326903998851776,0.9307687865801314,0,0,0,1,1.89,0,0,12.0,133.59722900390625,0,0,0,0,0,3277.json,NotBuggy
3,0.923443615436554,0.86727691463411,0,0,0,1,2.0,0,1,18.0,130.7338104248047,1,0,0,0,0,1369.json,NotBuggy
3,1.6845135542098433E-4,0.18389491219576798,0,0,0,1,1.89,0,1,30.0,127.36779022216797,0,1,0,0,0,487.json,NotBuggy
4,0.5953667759895325,0.8834358115527396,0,0,0,1,2.0,0,1,20.0,125.64796447753906,0,1,0,0,0,3507.json,NotBuggy
3,0.8819122910499573,0.9568859258218805,0,0,0,1,1.89,0,0,12.0,133.59722900390625,0,0,0,0,0,3205.json,NotBuggy
3,0.532102644443512,0.5969923173910094,0,0,0,1,1.89,0,2,26.0,128.8216552734375,0,0,0,0,0,3084.json,NotBuggy
3,0.8220066428184509,0.9185817154073774,0,0,0,1,1.89,0,1,15.0,132.086669921875,0,0,0,0,0,2738.json,NotBuggy
5,0.0,0.01313857477156139,0,0,0,1,7.16,0,1,51.0,116.08684539794922,0,7,0,0,0,813.json,NotBuggy
9,0.5257850885391235,0.1740148779024283,1,1,2,3,5.14,1,3,45.0,106.87250518798828,0,0,0,0,0,5673.json,Buggy
6,0.043721772730350494,0.00720417915377605,3,3,6,3,3.77,0,3,56.0,112.08033752441406,0,2,1,0,0,4787.json,NotBuggy
7,0.7515479326248169,0.12382891313432792,2,1,3,3,5.11,1,1,43.0,111.12031555175781,0,1,2,0,0,4810.json,NotBuggy
3,0.44889765977859497,0.9661021688208464,0,0,0,1,1.89,0,0,15.0,132.25152587890625,0,0,0,0,0,5200.json,NotBuggy
4,0.8650745749473572,0.8176107473184434,0,0,0,1,4.0,0,1,21.0,125.39425659179688,0,0,0,0,0,4046.json,NotBuggy
3,0.7284248471260071,0.8962826799439394,0,0,0,1,1.89,0,0,15.0,131.9385528564453,0,0,0,0,0,1566.json,NotBuggy
3,0.6159390211105347,0.8465318679980535,0,0,0,1,1.89,0,0,17.0,131.1535186767578,0,1,0,0,0,4825.json,NotBuggy
3,0.7946651577949524,0.7992249977978544,0,0,0,1,1.89,0,0,20.0,130.30841064453125,0,1,0,0,0,3093.json,NotBuggy
3,0.8449391722679138,0.8965832724444782,0,0,0,1,1.89,0,0,14.0,132.4454345703125,0,1,0,0,0,3973.json,NotBuggy
3,0.7932906150817871,0.8282851226378686,0,0,0,1,1.89,0,0,17.0,131.03103637695312,0,1,0,0,0,4414.json,NotBuggy
3,0.8040070533752441,0.8701978332070854,0,0,0,1,1.89,0,0,16.0,131.46876525878906,0,1,0,0,0,3570.json,NotBuggy
12,0.5386689901351929,0.0014501509572430933,1,1,2,2,3.2,0,7,91.0,98.03353881835938,0,4,2,0,0,4760.json,NotBuggy
14,1.0982259846059605E-4,2.9419236401708275E-9,3,2,5,3,2.47,1,22,149.0,92.5647201538086,0,0,5,0,0,2793.json,Buggy
2,0.7524945735931396,0.9636085746513329,0,0,0,1,0.0,0,0,9.0,142.4026641845703,0,0,0,0,0,2700.json,NotBuggy
2,0.9977839589118958,0.9500444200283088,0,0,0,1,0.0,0,0,11.0,140.82913208007812,0,1,0,0,0,4337.json,NotBuggy
5,0.09054733067750931,0.29562993886643035,0,0,0,1,1.96,0,4,34.0,118.58592224121094,0,0,0,0,0,2780.json,Buggy
8,0.0044976938515901566,0.004135412766184499,3,2,5,4,3.87,2,6,67.0,106.11360168457031,0,1,1,0,0,4024.json,NotBuggy
12,0.02261834591627121,0.0013087575013400112,0,0,0,3,6.9,1,6,74.0,98.97982788085938,0,3,1,0,0,563.json,Buggy
20,0.005112027749419212,1.6394290660338639E-6,9,8,17,7,10.08,4,10,130.0,86.78608703613281,0,0,1,0,0,3963.json,NotBuggy
8,0.6151116490364075,0.24832745672756637,0,3,3,5,3.46,2,0,44.0,108.79000854492188,0,0,0,0,0,4839.json,Buggy
3,0.745807409286499,0.6248173537093421,0,0,0,1,1.89,0,0,23.0,129.14646911621094,0,1,0,0,0,2752.json,NotBuggy
25,0.0,6.45848288399243E-13,2,3,5,5,4.4,3,13,211.0,80.6177749633789,0,0,3,0,0,1630.json,Buggy
15,0.013579861260950565,6.740773416399648E-8,4,4,8,4,8.16,3,4,136.0,91.935546875,0,2,3,0,0,4873.json,NotBuggy
19,6.897551938891411E-4,1.7894963712527767E-5,2,3,5,4,4.74,3,11,128.0,88.23348236083984,0,4,2,0,0,976.json,Buggy
12,0.4448597729206085,0.1029923072045835,1,1,2,2,2.75,1,5,60.0,100.62483978271484,0,0,2,0,0,1347.json,NotBuggy
3,0.658980667591095,0.8048430926816111,0,0,0,1,1.89,0,1,18.0,130.85629272460938,0,1,0,0,0,2612.json,NotBuggy
15,0.044812172651290894,0.0014646743029501504,1,1,2,3,6.76,2,5,91.0,94.2895736694336,0,1,1,0,0,5676.json,NotBuggy
1,0.9953560829162598,0.869953428325417,0,0,0,1,0.0,0,0,13.0,150.7931671142578,0,0,0,0,0,492.json,NotBuggy
7,0.4729279577732086,0.1442886004605286,2,1,3,2,5.11,1,0,43.0,111.47318267822266,0,1,2,0,0,4874.json,NotBuggy
3,0.9665988087654114,0.9742568610719724,0,0,0,1,1.89,0,0,12.0,133.59722900390625,0,0,0,0,0,4794.json,NotBuggy
27,0.0010076420148834586,1.0024071556491936E-7,1,1,2,4,11.75,2,20,154.0,81.23851776123047,0,4,2,0,0,5011.json,NotBuggy
3,0.23684366047382355,0.5116139072765257,0,0,0,1,1.89,0,3,26.0,128.70916748046875,0,0,0,0,0,4636.json,NotBuggy
3,0.9569032192230225,0.89924593561144,0,0,0,1,1.89,0,0,17.0,131.28770446777344,0,0,0,0,0,4926.json,NotBuggy
4,0.008732306770980358,0.04306277110589963,2,1,3,2,2.0,0,3,46.0,120.06539916992188,0,2,1,0,0,1221.json,NotBuggy
10,0.03705368563532829,0.009844104727024327,1,1,2,3,3.12,1,3,66.0,102.80687713623047,0,0,1,0,0,5082.json,Buggy
5,0.8589836359024048,0.20738247139705063,2,2,4,2,1.96,0,1,38.0,117.63319396972656,0,0,1,0,0,4833.json,NotBuggy
3,0.41325435042381287,0.7212381583458095,0,0,0,1,1.89,0,1,22.0,129.47398376464844,0,0,0,0,0,3909.json,NotBuggy
3,0.9500115513801575,0.5295130853870981,0,0,0,1,1.89,0,1,27.0,128.22288513183594,0,1,0,0,0,2790.json,NotBuggy
3,0.849617063999176,0.9587884125681889,0,0,0,1,1.89,0,0,12.0,133.59722900390625,0,0,0,0,0,3101.json,NotBuggy
3,0.7751907110214233,0.9573999586648115,0,0,0,1,1.89,0,0,12.0,133.59722900390625,0,0,0,0,0,3204.json,NotBuggy
3,0.9217595458030701,0.8269931697466858,0,0,0,1,1.89,0,0,18.0,130.7338104248047,0,1,0,0,0,4399.json,NotBuggy
2,0.7524945735931396,0.9636085746513329,0,0,0,1,0.0,0,0,9.0,142.4026641845703,0,0,0,0,0,842.json,NotBuggy
3,0.26916876435279846,0.6571487762447764,0,0,0,1,1.89,0,1,23.0,129.2428436279297,0,1,0,0,0,2572.json,NotBuggy
4,0.7532790303230286,0.9597776683918632,0,0,0,1,2.0,0,2,20.0,125.64796447753906,0,0,0,0,0,5136.json,NotBuggy
7,0.287660151720047,0.004907106217504349,3,2,5,3,3.02,1,4,63.0,108.78269958496094,0,1,2,0,0,2617.json,Buggy
3,0.9289069771766663,0.9609190774973841,0,0,0,1,1.89,0,0,12.0,133.59722900390625,0,0,0,0,0,2824.json,NotBuggy
3,0.0,0.3392780852341874,0,0,0,1,1.89,0,4,28.0,128.0337677001953,0,0,0,0,0,580.json,NotBuggy
3,0.8737342953681946,0.9589424057219988,0,0,0,1,1.89,0,0,12.0,133.59722900390625,0,0,0,0,0,1591.json,NotBuggy
3,0.9840019941329956,0.6379816618092036,0,0,0,1,0.94,0,0,25.0,129.0255889892578,0,0,0,0,0,3947.json,NotBuggy
3,0.9240276217460632,0.9210794725655341,0,0,0,1,3.77,0,0,12.0,133.59722900390625,0,0,0,0,0,4737.json,NotBuggy
3,0.9641444087028503,0.8908126383617199,0,0,0,1,1.89,0,0,18.0,130.99049377441406,0,0,0,0,0,4803.json,NotBuggy
3,0.9063717126846313,0.9529509953884809,0,0,0,1,1.89,0,0,12.0,133.59722900390625,0,0,0,0,0,3244.json,NotBuggy
3,0.9136513471603394,0.6805762849119011,1,1,2,2,1.89,0,1,22.0,129.3478546142578,0,1,0,0,0,69.json,NotBuggy
3,0.14549767971038818,0.705100400374452,0,0,0,1,1.89,0,1,23.0,129.4591827392578,0,2,0,0,0,4040.json,NotBuggy
3,0.7825257778167725,0.9576768762536225,0,0,0,1,1.89,0,0,12.0,133.59722900390625,0,0,0,0,0,5677.json,NotBuggy
3,0.16534395515918732,0.49909518056744,0,0,0,1,1.89,0,1,29.0,128.14134216308594,0,2,0,0,0,4341.json,NotBuggy
3,0.7362534999847412,0.8694095959030501,0,0,0,1,2.0,0,0,18.0,130.85629272460938,0,1,0,0,0,1943.json,NotBuggy
3,0.6277787685394287,0.7567963908342614,0,0,0,1,1.89,0,1,19.0,130.45266723632812,0,1,0,0,0,4882.json,NotBuggy
22,0.0026436063926666975,9.667608559025663E-7,2,2,4,4,9.03,2,12,138.0,85.2359390258789,0,3,3,0,0,5167.json,Buggy
3,0.7258177995681763,0.9615349585147245,0,0,0,1,1.89,0,0,12.0,133.59722900390625,0,0,0,0,0,2787.json,NotBuggy
11,0.033050622791051865,2.958380871990763E-4,1,2,3,3,4.63,2,3,83.0,99.86539459228516,0,3,1,0,0,2615.json,Buggy
6,0.33857688307762146,0.4164743061004981,0,0,0,1,8.0,0,3,35.0,115.56043243408203,0,0,1,0,0,5273.json,NotBuggy
3,0.7100642919540405,0.8481834251411892,0,0,0,1,1.89,0,1,18.0,130.85629272460938,0,1,0,0,0,3226.json,NotBuggy
3,0.5263105630874634,0.9479713526317686,0,0,0,1,1.89,0,0,12.0,133.59722900390625,0,0,0,0,0,2027.json,NotBuggy
7,0.020494164898991585,0.009177818417103537,0,0,0,1,1.81,0,6,61.0,109.41046142578125,0,2,3,0,0,1965.json,NotBuggy
8,0.013491878286004066,2.2138770925441467E-4,3,2,5,2,4.8,1,5,76.0,105.63968658447266,0,3,2,0,0,2618.json,Buggy
3,0.695430338382721,0.9204839257696652,0,0,0,1,1.89,0,1,15.0,132.25152587890625,0,0,0,0,0,811.json,NotBuggy
3,0.9148455262184143,0.9736865946855815,0,0,0,1,1.89,0,0,12.0,133.59722900390625,0,0,0,0,0,3343.json,NotBuggy
3,0.2135312706232071,0.2040972118602011,1,1,2,2,3.77,0,4,30.0,127.44500732421875,0,0,0,0,0,3172.json,NotBuggy
6,0.8174089789390564,0.9424018526713376,0,0,0,1,1.63,1,1,22.0,118.58381652832031,0,0,0,0,0,3961.json,NotBuggy
14,0.5763883590698242,0.16098588222161397,2,4,6,6,2.2,3,3,64.0,97.02184295654297,0,0,1,0,0,3959.json,NotBuggy
5,0.040972787886857986,0.037890543536658966,0,0,0,2,1.96,0,2,47.0,116.22709655761719,0,2,2,0,0,3014.json,NotBuggy
3,0.5160296559333801,0.866138641121937,0,0,0,1,1.89,0,2,18.0,130.99049377441406,0,0,0,0,0,1422.json,NotBuggy
3,0.8867116570472717,0.7503106415357625,0,0,0,1,1.89,0,2,19.0,130.57513427734375,0,1,0,0,0,1939.json,NotBuggy
3,0.5746195316314697,0.8512621028902663,0,0,0,1,1.89,0,2,21.0,129.93223571777344,0,0,0,0,0,2045.json,NotBuggy
3,0.8274266719818115,0.9377557894170343,0,0,0,1,1.89,0,0,14.0,132.4454345703125,0,0,0,0,0,635.json,NotBuggy
3,0.6190336346626282,0.7638296867546607,0,0,0,1,1.89,0,1,19.0,130.57513427734375,0,1,0,0,0,5000.json,NotBuggy
4,0.4716717004776001,0.7320855474944065,0,0,0,1,2.0,0,1,22.0,124.81353759765625,0,0,0,0,0,2550.json,NotBuggy
3,0.41791364550590515,0.7285883334596208,0,0,0,1,1.89,0,1,19.0,130.34019470214844,0,0,0,0,0,3090.json,NotBuggy
3,0.9456103444099426,0.8660380927132155,0,0,0,1,1.89,0,0,17.0,131.28770446777344,0,0,0,0,0,701.json,NotBuggy
3,0.02998727187514305,0.42804785249537064,0,0,0,1,1.89,0,2,25.0,128.91311645507812,0,0,0,0,0,3578.json,NotBuggy
3,0.8015275001525879,0.6898115411654423,0,0,0,1,1.89,0,2,22.0,129.57785034179688,0,1,0,0,0,4104.json,NotBuggy
14,0.026205724105238914,0.0030831003889289694,1,1,2,3,4.12,2,4,83.0,95.88575744628906,0,1,2,0,0,5064.json,Buggy
3,0.9773576855659485,0.9671883505612056,0,0,0,1,1.89,0,0,13.0,132.9956512451172,0,0,0,0,0,3124.json,NotBuggy
14,1.657702960073948E-4,6.0085899340942675E-9,3,2,5,3,2.47,1,22,147.0,92.69097137451172,0,0,5,0,0,2728.json,Buggy
3,0.21421417593955994,0.5101002407116544,0,0,0,1,1.89,0,3,26.0,128.70916748046875,0,0,0,0,0,3238.json,NotBuggy
3,0.9094628691673279,0.9781669615542166,0,0,0,1,1.89,0,0,12.0,133.59722900390625,0,0,0,0,0,2460.json,NotBuggy
4,0.22333188354969025,0.060739174858507806,4,2,6,3,2.0,0,3,44.0,120.06654357910156,0,1,1,0,0,2916.json,NotBuggy
3,0.9235057830810547,0.9082679409010616,0,0,0,1,3.77,0,0,12.0,133.59722900390625,0,0,0,0,0,3536.json,NotBuggy
14,0.2568116784095764,0.17196032381928714,7,5,12,6,2.7,0,2,69.0,96.80210876464844,0,1,1,0,0,966.json,NotBuggy
8,0.07261659950017929,0.03779216645670507,2,1,3,2,2.4,1,4,54.0,107.8910903930664,0,1,1,0,0,684.json,NotBuggy
6,0.03697534278035164,0.12496946516626023,0,0,0,1,3.77,0,3,40.0,114.64286041259766,0,1,0,0,0,4805.json,NotBuggy
3,0.9469813704490662,0.8539482486311908,0,0,0,1,3.77,0,0,15.0,132.086669921875,0,1,0,0,0,4865.json,NotBuggy
3,0.4938490092754364,0.40701993939218667,0,0,0,1,1.89,0,0,27.0,127.98577117919922,0,1,0,0,0,4923.json,NotBuggy
13,0.8139017224311829,0.724705726921958,1,1,2,3,11.35,2,5,71.0,98.00941467285156,1,2,2,0,0,5223.json,NotBuggy
2,0.9973176121711731,0.9774112584506548,0,0,0,1,1.89,0,0,9.0,142.4026641845703,0,0,0,0,0,5199.json,NotBuggy
3,0.802773118019104,0.8001224182404723,0,0,0,1,3.77,0,1,15.0,132.086669921875,0,0,0,0,0,4736.json,NotBuggy
43,0.0,2.979072008696158E-36,3,6,9,8,3.41,3,53,459.0,66.45549011230469,0,2,14,0,0,2001.json,Buggy
3,0.4442969262599945,0.6992319019999929,0,0,0,1,1.89,0,2,23.0,129.34671020507812,0,0,0,0,0,3245.json,NotBuggy
3,0.9112564921379089,0.8443323006008158,0,0,0,1,1.89,0,0,21.0,130.05470275878906,0,1,0,0,0,4919.json,NotBuggy
3,0.319767028093338,0.5354143186420417,0,0,0,1,1.89,0,1,25.0,128.62307739257812,0,1,0,0,0,1898.json,NotBuggy
3,0.2135312706232071,0.2040972118602011,1,1,2,2,3.77,0,4,30.0,127.44500732421875,0,0,0,0,0,3155.json,NotBuggy
2,0.8717721700668335,0.934345442687795,0,0,0,1,0.0,0,0,11.0,140.82913208007812,0,0,0,0,0,1381.json,NotBuggy
3,0.7866691946983337,0.5686594904773629,0,0,0,1,1.89,0,0,22.0,129.37762451171875,0,2,0,0,0,592.json,NotBuggy
14,0.7389064431190491,0.2663795871363449,0,0,0,4,8.14,2,3,71.0,96.7922592163086,0,0,2,0,0,57.json,Buggy
4,0.08188886195421219,0.25385591610435204,1,1,2,2,2.0,0,2,34.0,122.13370513916016,0,1,0,0,0,3264.json,NotBuggy
19,0.0,8.178846474406415E-13,3,3,6,4,3.52,2,19,190.0,85.79814147949219,0,2,7,0,0,688.json,NotBuggy
6,0.08612462133169174,0.032839022013933336,2,1,3,2,1.89,0,3,53.0,112.64874267578125,0,1,2,0,0,1214.json,NotBuggy
3,0.9528504014015198,0.8278639027760595,0,0,0,1,3.77,0,0,15.0,131.9385528564453,0,1,0,0,0,4868.json,NotBuggy
4,0.06948959082365036,0.32445806960940776,0,0,0,1,4.0,0,2,31.0,122.76004028320312,0,2,0,0,0,4734.json,NotBuggy
4,0.028839707374572754,0.06060601854962592,1,1,2,2,2.0,0,4,36.0,121.46289825439453,0,1,0,0,0,830.json,NotBuggy
10,0.6113917231559753,0.6388541850721876,0,3,3,5,4.08,2,1,41.0,105.25271606445312,0,0,0,0,0,900.json,NotBuggy
13,6.15062250290066E-4,3.109202558437124E-7,4,5,9,5,3.3,3,12,125.0,94.27454376220703,0,2,1,0,0,2662.json,Buggy
3,0.8447132110595703,0.2501688989463533,1,1,2,2,3.77,0,1,30.0,127.44500732421875,0,1,0,0,0,5694.json,NotBuggy
3,0.8214501142501831,0.9235067382738061,0,0,0,1,3.77,0,0,12.0,133.59722900390625,0,0,0,0,0,5212.json,NotBuggy
3,0.32264581322669983,0.8587936984430757,0,0,0,1,1.89,0,0,17.0,131.43582153320312,0,0,0,0,0,3074.json,NotBuggy
4,0.8138498663902283,0.5912846220190057,0,0,0,1,4.0,0,0,21.0,125.0554428100586,0,1,0,0,0,3493.json,Buggy
4,0.14743997156620026,0.4615690298184291,0,0,0,1,2.0,0,2,29.0,123.19084167480469,0,1,0,0,0,4372.json,NotBuggy
3,0.6901459693908691,0.8473252308469019,0,0,0,1,1.89,0,1,18.0,130.85629272460938,0,1,0,0,0,3154.json,NotBuggy
3,0.7924601435661316,0.9601772036530971,0,0,0,1,1.89,0,1,14.0,132.79563903808594,0,0,0,0,0,695.json,NotBuggy
4,0.10903142392635345,0.2568695171982002,0,0,0,1,2.0,0,1,33.0,122.28182983398438,0,1,0,0,0,1919.json,NotBuggy
3,0.7699209451675415,0.8588299433876154,0,0,0,1,3.77,0,1,15.0,132.25152587890625,0,0,0,0,0,4249.json,NotBuggy
5,0.8492550253868103,0.7142235727235408,0,0,0,1,5.43,0,0,33.0,119.19406127929688,0,0,0,0,0,5233.json,NotBuggy
29,6.722116377204657E-4,1.400440668474808E-10,5,3,8,5,5.51,2,15,229.0,77.56533813476562,0,3,4,0,0,982.json,Buggy
3,0.07776902616024017,0.4292612175916698,0,0,0,1,1.89,0,1,24.0,128.92515563964844,0,1,0,0,0,2988.json,NotBuggy
15,0.00882285088300705,1.770042294795547E-5,3,3,6,6,4.95,3,5,107.0,92.53482818603516,0,1,1,0,0,1353.json,NotBuggy
3,0.695430338382721,0.9204839257696652,0,0,0,1,1.89,0,1,15.0,132.25152587890625,0,0,0,0,0,3474.json,NotBuggy
3,0.11650973558425903,0.6236325099363877,0,0,0,1,1.89,0,2,23.0,129.2428436279297,0,1,0,0,0,2835.json,NotBuggy
13,0.05717679485678673,1.7808803263816503E-7,5,4,9,4,3.34,1,4,127.0,94.39364624023438,0,1,4,0,0,1411.json,NotBuggy
16,0.07573644071817398,4.8597777070083026E-4,2,3,5,4,4.44,3,2,94.0,92.68194580078125,0,2,4,0,0,1922.json,Buggy
2,0.8846036791801453,0.9369678194905191,0,0,0,1,0.0,0,0,11.0,140.82913208007812,0,0,0,0,0,637.json,NotBuggy
7,0.5067512392997742,0.2590659694486934,0,2,2,4,3.33,2,0,43.0,110.833251953125,0,0,0,0,0,2846.json,NotBuggy
6,0.8590272665023804,0.8025285737453245,1,1,2,2,1.89,0,1,31.0,116.13532257080078,0,0,1,0,0,616.json,NotBuggy
3,0.6942852735519409,0.7441639566260735,0,0,0,1,1.89,0,1,20.0,130.07347106933594,0,1,0,0,0,1917.json,NotBuggy
3,0.7932906150817871,0.8282851226378686,0,0,0,1,1.89,0,0,17.0,131.03103637695312,0,1,0,0,0,4307.json,NotBuggy
13,0.003312778891995549,2.1527567002787304E-4,2,2,4,4,4.31,2,6,90.0,96.43526458740234,0,1,3,0,0,4667.json,NotBuggy
4,0.2609580457210541,0.2769261955654783,0,0,0,1,6.63,0,0,28.0,123.1362075805664,0,3,0,0,0,5184.json,NotBuggy
1,0.9919390678405762,0.8749046797463423,0,0,0,1,0.0,0,0,13.0,150.7931671142578,0,0,0,0,0,1050.json,NotBuggy
47,0.0,1.1641436898439392E-21,9,10,19,14,5.67,5,31,332.0,65.54685974121094,0,1,11,0,0,1637.json,Buggy
3,0.8127560615539551,0.7521646144419386,0,0,0,1,1.89,0,2,21.0,129.93223571777344,0,1,0,0,0,1894.json,NotBuggy
3,0.0026179091073572636,0.22373724264449676,0,0,0,1,1.89,0,2,31.0,127.13091278076172,0,0,0,0,0,5210.json,NotBuggy
10,0.00683988444507122,4.813730417988919E-4,1,2,3,3,5.99,1,3,81.0,101.83576202392578,0,3,2,0,0,4933.json,NotBuggy
5,0.24925196170806885,0.07508952335787232,2,2,4,3,1.96,0,3,44.0,116.5744857788086,0,0,0,0,0,4026.json,NotBuggy
4,0.006826536729931831,0.048486242173308464,1,1,2,2,2.0,0,3,42.0,120.5384521484375,0,2,0,0,0,3972.json,NotBuggy
3,0.6090587973594666,0.8772708231214379,0,0,0,1,1.89,0,2,16.0,131.91592407226562,0,0,0,0,0,4216.json,NotBuggy
3,0.8945329785346985,0.9582346142829655,0,0,0,1,1.89,0,1,20.0,130.07347106933594,0,1,0,0,0,3120.json,NotBuggy
27,0.0,2.3776683609260356E-17,5,3,8,4,7.36,3,21,252.0,78.4552993774414,0,4,6,0,0,2004.json,NotBuggy
3,0.9049878120422363,0.7506606316589486,0,0,0,1,3.77,0,0,17.0,131.28770446777344,0,1,0,0,0,4818.json,NotBuggy
3,0.9225170612335205,0.9733985979609056,0,0,0,1,1.89,0,0,12.0,133.59722900390625,0,0,0,0,0,497.json,NotBuggy
3,0.6908929347991943,0.9114943752797926,0,0,0,1,1.89,0,0,15.0,131.9385528564453,0,0,0,0,0,496.json,NotBuggy
3,0.9289069771766663,0.9681826839454876,0,0,0,1,1.89,0,0,12.0,133.59722900390625,0,0,0,0,0,498.json,NotBuggy
6,0.48554694652557373,0.17035095472064388,4,2,6,3,2.75,1,3,43.0,113.67744445800781,0,1,1,0,0,2715.json,NotBuggy
3,0.7356581687927246,0.9204819687100229,0,0,0,1,1.89,0,1,17.0,131.28770446777344,0,0,0,0,0,102.json,NotBuggy
3,0.4671535789966583,0.9751791798322754,0,0,0,1,1.89,0,0,15.0,132.25152587890625,0,0,0,0,0,5134.json,NotBuggy
2,0.8633230924606323,0.9006909480847304,0,0,0,1,0.0,0,0,11.0,140.82913208007812,0,0,0,0,0,219.json,NotBuggy
3,0.7399714589118958,0.8221244016823588,0,0,0,1,1.89,0,2,19.0,130.70933532714844,0,1,0,0,0,4197.json,NotBuggy
3,0.8387935161590576,0.8876028572932233,0,0,0,1,3.77,0,1,15.0,132.25152587890625,0,0,0,0,0,3069.json,NotBuggy
3,0.9581897258758545,0.9579314139531364,0,0,0,1,1.89,0,0,13.0,132.9956512451172,0,0,0,0,0,2431.json,NotBuggy
3,0.9382485747337341,0.947480953690933,0,0,0,1,1.89,0,0,13.0,132.9956512451172,0,0,0,0,0,3182.json,NotBuggy
8,0.023391708731651306,3.3460027403548907E-4,9,7,16,4,6.24,0,4,77.0,105.48403930664062,0,0,0,0,0,3554.json,Buggy
3,0.2135312706232071,0.2040972118602011,1,1,2,2,3.77,0,4,30.0,127.44500732421875,0,0,0,0,0,3167.json,NotBuggy
4,0.0973830297589302,0.4905198604264733,0,0,0,1,9.95,0,0,28.0,123.28931427001953,0,4,0,0,0,5111.json,NotBuggy
7,0.041930604726076126,0.14561031261094967,1,1,2,2,3.02,1,4,48.0,111.03765106201172,0,1,0,0,0,1332.json,NotBuggy
3,0.8956023454666138,0.6736430830618976,0,0,0,1,1.89,0,1,21.0,129.93223571777344,0,0,0,0,0,2708.json,NotBuggy
3,0.7340269088745117,0.8636361029038452,0,0,0,1,1.89,0,1,18.0,130.85629272460938,0,1,0,0,0,2691.json,NotBuggy
3,0.6716994047164917,0.9020736008401039,0,0,0,1,0.94,0,1,15.0,132.086669921875,0,0,0,0,0,3952.json,NotBuggy
3,0.9550763964653015,0.9793007046890447,0,0,0,1,1.89,0,0,13.0,132.9956512451172,0,0,0,0,0,4370.json,NotBuggy
19,0.5628885626792908,0.18275701518500712,1,1,2,2,3.39,1,1,86.0,91.0197525024414,0,0,1,0,0,4894.json,NotBuggy
4,0.6142972111701965,0.874683706772306,0,0,0,1,2.0,0,2,20.0,125.78216552734375,0,0,0,0,0,2471.json,NotBuggy
8,0.01635274849832058,0.026913967997582017,2,2,4,2,2.4,0,6,59.0,107.43061065673828,0,2,1,0,0,2457.json,NotBuggy
3,0.665803849697113,0.8599559037388321,0,0,0,1,1.89,0,1,16.0,131.60296630859375,0,0,0,0,0,1498.json,NotBuggy
3,0.9247835278511047,0.7040516043323609,0,0,0,1,1.89,0,0,22.0,129.37762451171875,0,1,0,0,0,4903.json,NotBuggy
5,0.3345182240009308,0.18528293463806092,2,1,3,2,5.99,1,1,33.0,118.3667984008789,0,3,0,0,0,5698.json,NotBuggy
3,0.719375491142273,0.8425911081509904,0,0,0,1,3.77,0,1,15.0,132.25152587890625,0,0,0,0,0,2899.json,NotBuggy
5,0.2779158055782318,0.7688439622506352,0,0,0,1,3.92,0,3,25.0,121.00688934326172,0,0,0,0,0,271.json,NotBuggy
3,0.053111910820007324,0.32947636776970746,0,0,0,1,1.89,0,1,29.0,127.76728820800781,0,2,0,0,0,967.json,NotBuggy
3,0.542949378490448,0.8829200632145771,0,0,0,1,0.94,0,1,17.0,131.28770446777344,0,0,0,0,0,3940.json,NotBuggy
10,0.0010960085783153772,6.658880244055132E-7,3,4,7,6,2.8,3,6,113.0,98.81965637207031,0,2,1,0,0,3153.json,NotBuggy
3,0.011536501348018646,0.2645242779567509,0,0,0,1,1.89,0,2,31.0,127.50450134277344,0,3,0,0,0,482.json,NotBuggy
3,0.00326737342402339,0.18703552390566455,0,0,0,1,1.89,0,1,37.0,126.03094482421875,0,1,0,0,0,200.json,NotBuggy
4,0.026303665712475777,0.09589596594644226,3,2,5,2,2.0,0,5,39.0,121.11304473876953,0,0,0,0,0,2799.json,Buggy
9,3.903960750903934E-4,8.173412834093604E-6,0,0,0,1,7.77,0,2,110.0,102.1895980834961,0,4,2,0,0,5244.json,NotBuggy
3,0.07575017213821411,0.6065781432191797,0,0,0,1,1.89,0,1,22.0,129.57785034179688,0,2,0,0,0,945.json,NotBuggy
5,0.011194856837391853,0.005350331322682664,1,1,2,2,1.96,0,4,60.0,114.7172622680664,0,1,0,0,0,2657.json,NotBuggy
3,0.7205249667167664,0.6166904121588126,0,0,0,1,3.77,0,0,20.0,130.07347106933594,0,1,0,0,0,4820.json,NotBuggy
17,0.08940713107585907,1.1670753759468022E-4,1,1,2,2,2.76,1,8,102.0,91.62005615234375,0,2,4,0,0,1337.json,NotBuggy
7,0.041930604726076126,0.14561031261094967,1,1,2,2,3.02,1,4,48.0,111.03765106201172,0,1,0,0,0,1499.json,NotBuggy
3,0.8474888801574707,0.9534703539326186,0,0,0,1,1.89,0,0,12.0,133.59722900390625,0,0,0,0,0,892.json,NotBuggy
3,0.935778021812439,0.9743167773367911,0,0,0,1,1.89,0,0,13.0,132.9956512451172,0,0,0,0,0,4312.json,NotBuggy
3,0.6643685102462769,0.7298489314740809,0,0,0,1,1.89,0,0,18.0,130.85629272460938,0,0,0,0,0,686.json,NotBuggy
4,0.6732680797576904,0.8452219708766733,0,0,0,1,2.0,0,2,19.0,126.04888916015625,0,0,0,0,0,489.json,NotBuggy
3,0.33323901891708374,0.6859149384092187,0,0,0,1,1.89,0,1,20.0,130.07347106933594,0,0,0,0,0,3144.json,NotBuggy
3,0.675929844379425,0.9121265913282776,0,0,0,1,1.89,0,0,15.0,132.25152587890625,0,0,0,0,0,3278.json,NotBuggy
3,0.41325435042381287,0.7212381583458095,0,0,0,1,1.89,0,1,22.0,129.47398376464844,0,0,0,0,0,3911.json,NotBuggy
10,0.3330197036266327,0.3274845042913214,0,0,0,2,2.99,1,2,49.0,104.89295959472656,0,2,1,0,0,1413.json,NotBuggy
11,0.033050622791051865,2.958380871990763E-4,1,2,3,3,4.63,2,3,83.0,99.86539459228516,0,3,1,0,0,2614.json,Buggy
3,0.8077356219291687,0.9507817347903706,0,0,0,1,1.89,0,0,12.0,133.59722900390625,0,0,0,0,0,815.json,NotBuggy
4,4.715943359769881E-4,0.003773102099962825,0,0,0,1,2.0,0,5,53.0,119.29743957519531,0,2,1,0,0,944.json,NotBuggy
3,0.8421861529350281,0.8081831832104146,0,0,0,1,1.89,0,0,23.0,129.58164978027344,0,0,0,0,0,4326.json,NotBuggy
4,0.4716717004776001,0.7320855474944065,0,0,0,1,2.0,0,1,22.0,124.81353759765625,0,0,0,0,0,2545.json,NotBuggy
3,0.9077809453010559,0.9650341474705374,0,0,0,1,1.89,0,0,12.0,133.59722900390625,0,0,0,0,0,2021.json,NotBuggy
9,0.2624025344848633,3.488353884776127E-4,4,4,8,5,4.53,1,3,78.0,103.01760864257812,0,1,2,0,0,4853.json,NotBuggy
3,0.7189786434173584,0.793378815169715,0,0,0,1,1.89,0,2,20.0,130.30841064453125,0,1,0,0,0,2743.json,NotBuggy
10,0.2385634481906891,0.2081156063717425,1,1,2,2,2.8,1,1,55.0,104.29228973388672,0,1,2,0,0,1921.json,NotBuggy
37,0.0,8.392670379052831E-22,6,6,12,8,4.06,3,31,317.0,71.11319732666016,0,1,6,0,0,2660.json,Buggy
3,0.8304112553596497,0.8636613061618847,0,0,0,1,1.89,0,1,16.0,131.60296630859375,0,0,0,0,0,696.json,NotBuggy
3,0.4594348967075348,0.8765596395757267,0,0,0,1,1.89,0,0,16.0,131.46876525878906,0,0,0,0,0,3185.json,NotBuggy
3,0.7551884651184082,0.8652224086722383,0,0,0,1,3.77,0,1,14.0,132.79563903808594,0,0,0,0,0,649.json,NotBuggy
3,0.24226348102092743,0.7302890670438101,0,0,0,1,1.89,0,1,20.0,130.07347106933594,0,1,0,0,0,1329.json,NotBuggy
10,0.7670280933380127,0.6298838282362544,1,1,2,2,2.8,1,5,51.0,104.62786102294922,0,0,1,0,0,5198.json,NotBuggy
3,0.9591540098190308,0.5489377857324809,1,1,2,2,1.89,0,0,22.0,129.3478546142578,0,1,0,0,0,251.json,NotBuggy
3,0.19416126608848572,0.6152644354855014,0,0,0,1,1.89,0,0,24.0,129.12539672851562,0,2,0,0,0,1472.json,NotBuggy
3,0.05573686957359314,0.4670895198270543,0,0,0,1,1.89,0,1,24.0,128.83535766601562,0,0,0,0,0,3054.json,NotBuggy
3,0.8212200999259949,0.7780395583285447,0,0,0,1,1.89,0,1,19.0,130.45266723632812,0,0,0,0,0,1564.json,NotBuggy
10,0.015038921497762203,0.0031567056443448944,2,2,4,3,2.8,1,5,76.0,102.21697998046875,0,2,2,0,0,2222.json,NotBuggy
4,0.0032433161977678537,0.10269227207880005,3,2,5,2,2.0,0,1,42.0,120.7276840209961,0,3,0,0,0,1181.json,NotBuggy
3,0.786567747592926,0.8417108362183933,0,0,0,1,1.89,0,0,20.0,130.18594360351562,0,1,0,0,0,968.json,NotBuggy
4,0.7328978180885315,0.42304581366878286,0,0,0,1,2.0,0,2,29.0,123.1068344116211,0,1,1,0,0,2455.json,NotBuggy
8,0.31607431173324585,0.6939530790755402,1,1,2,2,2.83,1,4,35.0,110.66998291015625,0,0,0,0,0,3092.json,NotBuggy
4,0.5125718712806702,0.8775366717667726,0,0,0,1,2.0,0,1,20.0,125.5254898071289,0,1,0,0,0,3254.json,NotBuggy
9,0.04700801894068718,0.024713529706839637,3,3,6,2,5.37,1,4,61.0,105.2471923828125,0,0,1,0,0,287.json,NotBuggy
18,0.0011986199533566833,2.1739986763847075E-5,2,3,5,5,4.94,3,10,118.0,89.42391204833984,0,3,1,0,0,5706.json,Buggy
3,0.11650973558425903,0.6236325099363877,0,0,0,1,1.89,0,2,23.0,129.2428436279297,0,1,0,0,0,2836.json,NotBuggy
3,0.9367898106575012,0.961048503552627,0,0,0,1,1.89,0,0,12.0,133.59722900390625,0,0,0,0,0,4379.json,NotBuggy
3,0.6602647304534912,0.9669979843190898,0,0,0,1,1.89,0,0,12.0,133.59722900390625,0,0,0,0,0,3403.json,NotBuggy
6,0.08084481954574585,0.04624436970183443,2,1,3,2,1.89,0,3,52.0,112.85932922363281,0,1,2,0,0,1213.json,NotBuggy
8,0.04723091050982475,7.498161656997969E-4,2,2,4,3,2.4,0,3,80.0,105.42146301269531,0,2,2,0,0,3931.json,NotBuggy
10,0.2558131217956543,0.019642305623658974,3,3,6,4,5.6,0,4,62.0,103.20932006835938,0,1,1,0,0,1409.json,NotBuggy
5,0.20732465386390686,0.017295785596375728,2,2,4,3,3.92,0,3,50.0,115.7868881225586,0,1,0,0,0,897.json,NotBuggy
3,0.4671535789966583,0.9751791798322754,0,0,0,1,1.89,0,0,15.0,132.25152587890625,0,0,0,0,0,5130.json,NotBuggy
3,0.8055148720741272,0.9535299497074275,0,0,0,1,1.89,0,1,15.0,132.25152587890625,0,0,0,0,0,2915.json,NotBuggy
3,0.5625467896461487,0.8464081369109394,0,0,0,1,1.89,0,0,15.0,131.9385528564453,0,0,0,0,0,2608.json,Buggy
3,0.8212200999259949,0.7732778819785832,0,0,0,1,1.89,0,1,19.0,130.45266723632812,0,0,0,0,0,1563.json,NotBuggy
18,0.18316233158111572,0.00828770404858863,1,2,3,4,3.27,2,8,86.0,91.39982604980469,0,0,0,0,0,5146.json,NotBuggy
3,0.9497587084770203,0.9764809550705218,0,0,0,1,1.89,0,0,15.0,131.9385528564453,0,0,0,0,0,5110.json,NotBuggy
3,0.013260455802083015,0.3956483868147308,0,0,0,1,1.89,0,1,28.0,128.1235809326172,0,2,0,0,0,100.json,NotBuggy
3,0.9495198726654053,0.8616777346262654,0,0,0,1,3.77,0,0,14.0,132.4454345703125,0,1,0,0,0,4864.json,NotBuggy
4,0.8124123811721802,0.9677455231611568,0,0,0,1,2.0,0,2,20.0,125.64796447753906,0,0,0,0,0,5128.json,NotBuggy
19,0.004084504209458828,8.733129984201983E-7,1,2,3,5,11.94,4,9,128.0,87.84369659423828,0,3,3,0,0,5705.json,NotBuggy
3,0.8214759230613708,0.8623561690282622,0,0,0,1,1.89,0,0,17.0,131.28770446777344,0,0,0,0,0,636.json,NotBuggy
4,0.16562707722187042,0.5675299597109599,0,0,0,1,2.0,0,3,28.0,123.55950164794922,0,1,0,0,0,2052.json,NotBuggy
3,0.8282424807548523,0.9502799420713488,0,0,0,1,1.89,0,0,13.0,132.9956512451172,0,0,0,0,0,3468.json,NotBuggy
3,0.6467316746711731,0.6712847007991095,0,0,0,1,3.77,0,1,18.0,130.7338104248047,0,0,0,0,0,4744.json,NotBuggy
6,0.4365294575691223,0.03567614385526643,1,2,3,3,3.77,0,1,48.0,112.93401336669922,0,1,1,0,0,2834.json,Buggy
20,0.0012167553650215268,1.131762502417536E-5,0,0,0,3,5.59,1,7,123.0,87.9295883178711,0,2,2,0,0,5172.json,NotBuggy
6,0.10784389823675156,0.0033904519358475527,0,0,0,1,1.89,0,1,57.0,112.21780395507812,0,1,1,0,0,1956.json,NotBuggy
7,0.041930604726076126,0.14561031261094967,1,1,2,2,3.02,1,4,48.0,111.03765106201172,0,1,0,0,0,1255.json,NotBuggy
9,0.5257850885391235,0.1740148779024283,1,1,2,3,5.14,1,3,45.0,106.87250518798828,0,0,0,0,0,5674.json,Buggy
9,0.12010322511196136,0.3051133880294872,1,1,2,3,7.54,2,1,42.0,107.23126983642578,0,0,1,0,0,2419.json,NotBuggy
4,1.1427351273596287E-4,0.015486002536087505,2,2,4,3,2.0,0,2,52.0,119.38710021972656,0,4,0,0,0,1011.json,Buggy
11,0.03210638836026192,0.008683615802814888,1,1,2,3,13.51,1,4,71.0,100.75529479980469,0,1,1,0,0,2769.json,Buggy
3,0.9620180130004883,0.6206929648570868,0,0,0,1,3.77,0,0,19.0,130.45266723632812,0,1,0,0,0,4840.json,NotBuggy
6,0.07323964685201645,0.10647895497483927,0,0,0,1,4.99,0,7,45.0,114.03038787841797,0,1,1,0,0,4984.json,NotBuggy
3,0.4692044258117676,0.8691924179562989,0,0,0,1,1.89,0,0,15.0,132.25152587890625,0,0,0,0,0,3126.json,NotBuggy
5,0.35529425740242004,0.055451431995080146,1,2,3,3,1.96,0,0,45.0,116.27769470214844,0,1,0,0,0,2751.json,NotBuggy
3,0.665803849697113,0.8599559037388321,0,0,0,1,1.89,0,1,16.0,131.60296630859375,0,0,0,0,0,1254.json,NotBuggy
3,0.7408078908920288,0.9098003993972281,0,0,0,1,1.89,0,1,15.0,132.25152587890625,0,0,0,0,0,3227.json,NotBuggy
3,0.6849416494369507,0.9208029231783866,0,0,0,1,1.89,0,1,16.0,131.75106811523438,0,0,0,0,0,199.json,NotBuggy
3,0.9285386204719543,0.9636927801356658,0,0,0,1,1.89,0,0,12.0,133.59722900390625,0,0,0,0,0,455.json,NotBuggy
8,0.2803489863872528,0.008498079424112268,0,0,0,1,3.46,0,8,63.0,107.43104553222656,0,0,2,0,0,4850.json,NotBuggy
3,0.9357609748840332,0.9806562038191183,0,0,0,1,1.89,0,0,12.0,133.59722900390625,0,0,0,0,0,538.json,NotBuggy
4,0.04408416524529457,0.11922495784788922,2,1,3,2,4.0,0,1,39.0,121.25740051269531,0,2,0,0,0,2427.json,NotBuggy
3,0.948209285736084,0.9673823761165479,0,0,0,1,1.89,0,0,12.0,133.59722900390625,0,0,0,0,0,506.json,NotBuggy
4,0.024312056601047516,0.15862334175850587,0,0,0,1,2.0,0,3,36.0,121.90362548828125,0,1,0,0,0,4411.json,Buggy
3,0.9508069753646851,0.9840517975413064,0,0,0,1,1.89,0,0,12.0,133.59722900390625,0,0,0,0,0,537.json,NotBuggy
4,0.7277674078941345,0.4855781674777742,1,1,2,2,4.0,0,2,26.0,123.71485900878906,0,0,0,0,0,2556.json,Buggy
12,0.2904030382633209,0.03393227346737373,1,1,2,4,3.52,1,5,72.0,98.89230346679688,1,0,2,0,0,5103.json,Buggy
3,0.532102644443512,0.5969923173910094,0,0,0,1,1.89,0,2,26.0,128.8216552734375,0,0,0,0,0,3271.json,NotBuggy
3,0.9313173890113831,0.9087842993057557,0,0,0,1,2.0,0,0,18.0,130.85629272460938,0,1,0,0,0,1946.json,NotBuggy
8,0.8673994541168213,0.48196860277418924,0,0,0,1,7.94,1,1,42.0,109.87305450439453,0,0,0,0,0,4855.json,NotBuggy
3,0.9620180130004883,0.6206929648570868,0,0,0,1,3.77,0,0,19.0,130.45266723632812,0,1,0,0,0,4841.json,NotBuggy
3,0.6006538271903992,0.8234178541721127,0,0,0,1,1.89,0,2,22.0,129.57785034179688,0,1,0,0,0,2667.json,NotBuggy
3,0.010351487435400486,0.22322404494608425,0,0,0,1,1.89,0,3,30.0,127.67500305175781,0,2,0,0,0,943.json,NotBuggy
3,0.5851531624794006,0.8856539241712378,0,0,0,1,1.89,0,0,20.0,130.18594360351562,0,0,0,0,0,2221.json,NotBuggy
4,0.026303665712475777,0.09589596594644226,3,2,5,2,2.0,0,5,39.0,121.11304473876953,0,0,0,0,0,2735.json,Buggy
3,0.6489083766937256,0.8627481142093072,0,0,0,1,1.89,0,0,17.0,131.1535186767578,0,1,0,0,0,4826.json,NotBuggy
3,0.9367898106575012,0.961048503552627,0,0,0,1,1.89,0,0,12.0,133.59722900390625,0,0,0,0,0,4387.json,NotBuggy
3,0.794566810131073,0.9278524185563779,0,0,0,1,1.89,0,0,16.0,131.75106811523438,0,0,0,0,0,4897.json,NotBuggy
3,0.9190999865531921,0.9627610586823951,0,0,0,1,1.89,0,0,12.0,133.59722900390625,0,0,0,0,0,3248.json,NotBuggy
3,0.541132926940918,0.8803995785860037,0,0,0,1,3.77,0,0,13.0,132.9956512451172,0,0,0,0,0,4798.json,Buggy
3,0.5531408190727234,0.9680498228629939,0,0,0,1,1.89,0,0,12.0,133.59722900390625,0,0,0,0,0,3186.json,NotBuggy
24,0.0,7.089698150410591E-14,2,2,4,7,5.54,4,22,221.0,80.59925842285156,0,2,9,0,0,652.json,NotBuggy
3,0.06761400401592255,0.950273242350385,0,0,0,1,1.89,0,1,20.0,130.18594360351562,0,1,0,0,0,1966.json,NotBuggy
3,0.15413214266300201,0.40460932752157724,0,0,0,1,1.89,0,2,28.0,128.1235809326172,0,1,0,0,0,1708.json,NotBuggy
3,0.554945170879364,0.39265496228004665,0,0,0,1,3.77,0,1,25.0,128.8092498779297,0,1,0,0,0,1756.json,NotBuggy
5,0.5328278541564941,0.043472869021525064,1,3,4,2,2.99,1,1,50.0,116.13975524902344,0,1,0,0,0,1793.json,NotBuggy
3,0.19833886623382568,0.9332320717709416,0,0,0,1,1.89,0,0,12.0,133.59722900390625,0,0,0,0,0,2508.json,NotBuggy
3,0.7399714589118958,0.8221244016823588,0,0,0,1,1.89,0,2,19.0,130.70933532714844,0,1,0,0,0,4202.json,NotBuggy
3,0.6526920795440674,0.7975794483818378,0,0,0,1,1.89,0,2,20.0,130.18594360351562,0,1,0,0,0,1313.json,NotBuggy
3,0.6788762807846069,0.8729028306268926,0,0,0,1,1.89,0,1,16.0,131.75106811523438,0,0,0,0,0,1038.json,Buggy
3,0.41981735825538635,0.6424793679730351,0,0,0,1,1.89,0,2,23.0,129.2428436279297,0,2,0,0,0,1018.json,NotBuggy
3,0.5097569227218628,0.7521405575481129,0,0,0,1,1.89,0,1,20.0,130.18594360351562,0,0,0,0,0,222.json,NotBuggy
3,0.9289069771766663,0.965785262535897,0,0,0,1,1.89,0,0,12.0,133.59722900390625,0,0,0,0,0,3246.json,NotBuggy
14,0.036036185920238495,0.014063748351925656,2,3,5,4,5.89,4,4,77.0,96.41825866699219,0,2,0,0,0,2784.json,Buggy
5,0.21089377999305725,0.4961838561985905,0,0,0,1,1.96,0,2,30.0,119.48943328857422,0,1,0,0,0,3251.json,NotBuggy
4,0.9075002670288086,0.2964602848112159,1,1,2,2,2.0,0,0,30.0,122.54744720458984,0,1,0,0,0,184.json,NotBuggy
3,2.6666809571906924E-4,0.1511122399105953,0,0,0,1,1.89,0,0,34.0,126.7169418334961,0,2,0,0,0,4346.json,NotBuggy
7,0.030190614983439445,0.34372765654749204,1,1,2,2,15.33,1,2,36.0,112.60784912109375,0,0,0,0,0,3595.json,Buggy
3,0.8420994877815247,0.9604177660728354,0,0,0,1,1.89,0,0,12.0,133.59722900390625,0,0,0,0,0,3100.json,NotBuggy
3,0.7811070680618286,0.9737259291003688,0,0,0,1,1.89,0,0,12.0,133.59722900390625,0,0,0,0,0,4313.json,NotBuggy
3,0.8319922089576721,0.8505195793500889,0,0,0,1,3.77,0,0,15.0,131.9385528564453,0,0,0,0,0,4817.json,NotBuggy
3,0.4495365023612976,0.6795907941527514,0,0,0,1,1.89,0,3,24.0,129.12539672851562,0,1,0,0,0,979.json,NotBuggy
4,0.8153272867202759,0.6564938628985162,1,1,2,2,2.0,0,0,28.0,123.14331817626953,0,1,0,0,0,1912.json,NotBuggy
12,0.022312050685286522,1.2722026464141595E-4,1,3,4,4,2.79,3,2,94.0,97.43750762939453,1,0,1,0,0,5143.json,Buggy
5,0.0867522805929184,0.30652398528299685,1,1,2,2,1.96,0,4,38.0,117.85639953613281,0,0,1,0,0,2712.json,NotBuggy
4,0.15040871500968933,0.20786856370781398,1,1,2,2,2.0,0,4,37.0,121.45690155029297,0,1,0,0,0,2008.json,Buggy
3,0.2601402997970581,0.3678478920154,0,0,0,1,1.89,0,2,27.0,128.1388702392578,0,1,0,0,0,1983.json,Buggy
9,0.20081447064876556,0.005295288746690069,1,1,2,3,2.27,1,7,66.0,104.30802154541016,0,0,2,0,0,5684.json,NotBuggy
33,0.034480150789022446,4.8067844518032374E-8,4,4,8,8,9.29,2,16,200.0,75.72950744628906,1,4,7,0,0,92.json,NotBuggy
3,0.7174275517463684,0.8118421227144152,0,0,0,1,1.89,0,0,19.0,130.34019470214844,0,1,0,0,0,3141.json,NotBuggy
3,0.6927386522293091,0.955789725856789,0,0,0,1,1.89,0,0,18.0,130.621337890625,0,0,0,0,0,4911.json,NotBuggy
11,0.0678127333521843,0.007091771255917532,2,2,4,3,3.45,2,8,72.0,100.64295959472656,0,2,0,0,0,4752.json,NotBuggy
3,0.8634352087974548,0.9709936496900048,0,0,0,1,1.89,0,0,12.0,133.59722900390625,0,0,0,0,0,989.json,NotBuggy
14,0.024891840294003487,9.425422696650075E-5,3,2,5,5,4.65,2,11,96.0,94.44661712646484,0,0,1,0,0,5067.json,NotBuggy
15,0.22434721887111664,1.2695640139068808E-4,1,1,2,4,8.99,3,6,97.0,93.5641098022461,0,2,3,0,0,5707.json,Buggy
60,0.0,1.2578320395045414E-45,7,10,17,16,6.87,8,30,568.0,57.869083404541016,0,2,21,0,0,5047.json,Buggy
25,1.2138848251197487E-4,8.559532167089301E-12,2,1,3,8,2.3,1,10,194.0,80.38552856445312,0,0,5,0,0,255.json,NotBuggy
6,0.8890014886856079,0.5446921599914607,1,1,2,2,1.89,0,2,36.0,115.10508728027344,0,0,1,0,0,1258.json,NotBuggy
3,0.8996275663375854,0.9653389058346765,0,0,0,1,1.89,0,0,12.0,133.59722900390625,0,0,0,0,0,1944.json,NotBuggy
3,0.0033737984485924244,0.21367919262532659,0,0,0,1,1.89,0,0,35.0,126.96322631835938,0,1,0,0,0,3178.json,NotBuggy
6,6.426103063859046E-4,0.010585052906128833,0,0,0,1,6.87,0,2,56.0,112.49044799804688,0,4,1,0,0,5119.json,NotBuggy
4,0.8860810399055481,0.9683260658413014,0,0,0,1,2.0,0,1,19.0,125.79222106933594,0,0,0,0,0,1365.json,NotBuggy
2,0.9996019005775452,0.9377687439542631,0,0,0,1,3.77,0,0,9.0,142.4026641845703,0,0,0,0,0,5266.json,NotBuggy
3,0.8589413166046143,0.9471363614268208,0,0,0,1,1.89,0,0,14.0,132.79563903808594,0,1,0,0,0,1456.json,NotBuggy
5,0.20103387534618378,0.011463204961449315,1,1,2,2,1.96,0,2,52.0,115.55155944824219,0,1,2,0,0,2020.json,NotBuggy
3,0.3951352536678314,0.8913164580711926,0,0,0,1,1.89,0,0,15.0,132.25152587890625,0,0,0,0,0,3117.json,NotBuggy
6,0.03138269484043121,0.0046233896960459365,3,2,5,3,1.89,0,5,61.0,111.58573150634766,0,1,1,0,0,1980.json,NotBuggy
46,0.0,5.144408475972856E-28,6,7,13,13,8.14,7,49,396.0,65.09369659423828,0,2,13,0,0,5016.json,Buggy
11,0.066200852394104,0.056630510397714315,1,1,2,2,3.92,2,4,60.0,102.08228302001953,0,1,1,0,0,4879.json,NotBuggy
3,0.2896154224872589,0.9084894938964456,0,0,0,1,1.89,0,0,14.0,132.4454345703125,0,0,0,0,0,3456.json,NotBuggy
4,0.5936301946640015,0.2566310142337647,0,0,0,1,2.0,0,3,33.0,122.28182983398438,0,1,1,0,0,2467.json,NotBuggy
3,0.32742246985435486,0.7987735631572039,0,0,0,1,1.89,0,1,21.0,129.93223571777344,0,2,0,0,0,4402.json,NotBuggy
8,0.012075064703822136,7.561427302204305E-4,2,2,4,3,2.83,1,5,75.0,105.75706481933594,0,1,1,0,0,2960.json,NotBuggy
3,0.3657534420490265,0.7893363296515967,0,0,0,1,1.89,0,2,22.0,129.69032287597656,0,0,0,0,0,2923.json,NotBuggy
3,0.5436930060386658,0.5574496876896515,0,0,0,1,3.77,0,1,22.0,129.47398376464844,0,1,0,0,0,2428.json,NotBuggy
3,0.9048478007316589,0.9743726034926028,0,0,0,1,1.89,0,0,12.0,133.59722900390625,0,0,0,0,0,963.json,NotBuggy
5,0.0,0.02650037132214655,0,0,0,1,1.96,0,3,48.0,116.402099609375,0,3,1,0,0,4668.json,NotBuggy
3,0.9253777861595154,0.8575050495199972,0,0,0,1,1.89,0,0,18.0,130.7338104248047,0,1,0,0,0,4377.json,NotBuggy
13,0.007281151600182056,3.812228424741371E-5,2,4,6,4,3.96,3,11,103.0,95.84475708007812,0,2,1,0,0,2755.json,NotBuggy
3,0.30791953206062317,0.49123556998190615,0,0,0,1,1.89,0,1,25.0,128.712890625,0,1,0,0,0,2578.json,NotBuggy
9,0.33168622851371765,0.09558274609509373,0,0,0,1,9.32,0,6,51.0,106.68165588378906,0,1,1,0,0,203.json,NotBuggy
3,0.7056585550308228,0.8515369723211651,0,0,0,1,1.89,0,1,18.0,130.85629272460938,0,0,0,0,0,3088.json,NotBuggy
25,0.0,6.45848288399243E-13,2,3,5,5,4.4,3,13,211.0,80.6177749633789,0,0,3,0,0,1629.json,Buggy
3,0.49213385581970215,0.6899587913494798,0,0,0,1,1.89,0,1,21.0,129.7158966064453,0,0,0,0,0,1607.json,Buggy
8,0.015465912409126759,2.556600196554877E-4,2,2,4,3,1.73,0,4,82.0,105.24885559082031,0,1,4,0,0,1924.json,NotBuggy
3,0.6238198280334473,0.9522615240433657,0,0,0,1,1.89,0,0,12.0,133.59722900390625,0,0,0,0,0,4830.json,NotBuggy
21,0.0024710302241146564,1.0350521699112499E-7,4,5,9,7,3.8,3,8,143.0,85.23674011230469,0,1,3,0,0,1635.json,Buggy
3,0.948209285736084,0.9673823761165479,0,0,0,1,1.89,0,0,12.0,133.59722900390625,0,0,0,0,0,2926.json,NotBuggy
3,0.9493958950042725,0.8962192188791636,0,0,0,1,1.89,0,1,15.0,132.086669921875,0,0,0,0,0,2840.json,NotBuggy
9,0.8175047636032104,0.990377521941544,0,0,0,2,3.3,1,3,41.0,107.78602600097656,0,0,0,0,0,5174.json,NotBuggy
3,0.21421417593955994,0.5101002407116544,0,0,0,1,1.89,0,3,26.0,128.70916748046875,0,0,0,0,0,3521.json,NotBuggy
3,0.3657534420490265,0.7893363296515967,0,0,0,1,1.89,0,2,22.0,129.69032287597656,0,0,0,0,0,2928.json,NotBuggy
4,0.007177149411290884,0.06641199097506675,1,1,2,2,2.0,0,1,39.0,120.86674499511719,0,1,0,0,0,1926.json,NotBuggy
3,0.9625870585441589,0.538225624735444,0,0,0,1,1.89,0,1,27.0,128.22288513183594,0,1,0,0,0,2725.json,NotBuggy
10,0.2385634481906891,0.2081156063717425,1,1,2,2,2.8,1,1,55.0,104.29228973388672,0,1,2,0,0,1914.json,Buggy
7,0.43907228112220764,0.030673675135098145,2,2,4,2,2.56,1,4,52.0,110.19845581054688,0,1,1,0,0,2950.json,NotBuggy
10,0.1874769926071167,0.010965767812278471,2,3,5,3,3.12,1,1,67.0,102.60086059570312,0,2,2,0,0,1916.json,NotBuggy
16,0.5758729577064514,9.914737230436413E-4,2,2,4,4,3.38,2,4,101.0,92.403564453125,0,1,3,0,0,5279.json,NotBuggy
3,0.9258639812469482,0.9760672973341353,0,0,0,1,1.89,0,0,12.0,133.59722900390625,0,0,0,0,0,4304.json,NotBuggy
3,0.002109677530825138,0.6604393807172999,0,0,0,1,1.89,0,1,21.0,129.7158966064453,0,0,0,0,0,888.json,NotBuggy
3,0.41284263134002686,0.9286495074737577,0,0,0,1,1.89,0,0,15.0,132.25152587890625,0,0,0,0,0,105.json,NotBuggy
4,0.7941275835037231,0.9170317176251654,0,0,0,1,2.0,0,2,18.0,126.4781494140625,0,0,0,0,0,2557.json,NotBuggy
3,0.9175161719322205,0.9606157578912724,0,0,0,1,1.89,0,0,13.0,132.9956512451172,0,0,0,0,0,987.json,NotBuggy
5,0.6903110146522522,0.19961539427052818,1,2,3,3,1.96,0,0,39.0,117.33822631835938,0,1,0,0,0,2740.json,NotBuggy
19,0.07016879320144653,2.7626468909732176E-5,6,5,11,5,2.71,2,3,124.0,88.19770812988281,0,0,1,0,0,1583.json,Buggy
3,0.9569156765937805,0.9402591753406542,0,0,0,1,1.89,0,0,19.0,130.57513427734375,0,1,0,0,0,4914.json,NotBuggy
3,0.5692585706710815,0.8072332895906175,0,0,0,1,1.89,0,1,21.0,129.61952209472656,0,0,0,0,0,1065.json,NotBuggy
3,0.8766111135482788,0.9817737533963042,0,0,0,1,1.89,0,0,14.0,132.4454345703125,0,0,0,0,0,4908.json,NotBuggy
3,0.007787390612065792,0.18635143034671536,1,1,2,2,1.89,0,1,32.0,126.7358169555664,0,2,0,0,0,1929.json,Buggy
3,0.06721802055835724,0.71478881632371,0,0,0,1,1.89,0,2,22.0,129.69032287597656,0,1,0,0,0,2681.json,NotBuggy
10,0.23670850694179535,0.05207445740817445,2,2,4,3,2.41,1,6,61.0,103.41233825683594,0,1,1,0,0,832.json,NotBuggy
3,0.84965580701828,0.8709940237430901,0,0,0,1,1.89,0,0,14.0,132.4454345703125,0,1,0,0,0,2596.json,Buggy
3,0.09407047927379608,0.5009969540780915,0,0,0,1,1.89,0,1,25.0,128.712890625,0,2,0,0,0,809.json,NotBuggy
7,0.007605354767292738,0.018895384062707098,2,1,3,2,1.73,0,2,58.0,109.68270874023438,0,0,1,0,0,1597.json,NotBuggy
3,0.05224684253334999,0.4448585907038777,0,0,0,2,1.89,0,3,29.0,127.71109771728516,0,0,1,0,0,5068.json,Buggy
3,0.30147379636764526,0.5108367370124834,0,0,0,1,1.89,0,2,25.0,128.8092498779297,0,1,0,0,0,1900.json,NotBuggy
12,0.19963476061820984,0.009194716484708291,2,2,4,3,3.82,2,1,72.0,99.2333755493164,0,2,2,0,0,1940.json,NotBuggy
3,0.7363779544830322,0.8375017922476302,0,0,0,1,1.89,0,1,18.0,130.85629272460938,0,0,0,0,0,5265.json,NotBuggy
3,0.9420709609985352,0.9149027881669229,0,0,0,1,1.89,0,0,15.0,131.9385528564453,0,0,0,0,0,1257.json,NotBuggy
3,0.7825257778167725,0.9576768762536225,0,0,0,1,1.89,0,0,12.0,133.59722900390625,0,0,0,0,0,52.json,NotBuggy
10,0.06348862498998642,0.00489374082649246,2,2,4,3,6.97,2,4,67.0,102.82249450683594,0,2,1,0,0,2426.json,NotBuggy
9,0.06705459207296371,0.14063314080997283,0,0,0,1,3.82,1,3,50.0,106.61320495605469,0,0,0,0,0,3091.json,NotBuggy
12,0.015573954209685326,6.349132687209256E-4,2,2,4,2,4.85,2,3,86.0,98.50117492675781,0,3,0,0,0,3123.json,NotBuggy
3,0.25799325108528137,0.8890928115249341,0,0,0,1,1.89,0,1,15.0,132.086669921875,0,0,0,0,0,3417.json,NotBuggy
3,0.01860813796520233,0.4052199500441922,0,0,0,1,3.77,0,1,27.0,128.22288513183594,0,1,0,0,0,2039.json,Buggy
4,0.4716717004776001,0.7320855474944065,0,0,0,1,2.0,0,1,22.0,124.81353759765625,0,0,0,0,0,2519.json,NotBuggy
4,0.0010381224565207958,0.021213787348349524,0,0,0,1,2.0,0,3,45.0,120.29814910888672,0,3,0,0,0,2049.json,NotBuggy
3,0.31574609875679016,0.6788666131411197,0,0,0,1,1.89,0,2,22.0,129.69032287597656,0,0,0,0,0,2692.json,NotBuggy
3,0.25810277462005615,0.5433596932926594,0,0,0,1,1.89,0,1,24.0,129.0215301513672,0,1,0,0,0,3971.json,NotBuggy
2,0.7524945735931396,0.9636085746513329,0,0,0,1,0.0,0,0,9.0,142.4026641845703,0,0,0,0,0,2701.json,NotBuggy
4,0.15040871500968933,0.20786856370781398,1,1,2,2,2.0,0,4,37.0,121.45690155029297,0,1,0,0,0,2009.json,Buggy
26,5.748528055846691E-4,1.2084783988725864E-7,3,2,5,4,8.5,2,14,158.0,82.00131225585938,1,1,2,0,0,5275.json,Buggy
3,0.9312708973884583,0.9050609062133405,0,0,0,1,3.77,0,0,12.0,133.59722900390625,0,0,0,0,0,2811.json,NotBuggy
14,0.0020693771075457335,7.071174855132749E-8,7,7,14,8,3.09,2,3,139.0,92.05445861816406,0,1,3,0,0,4328.json,NotBuggy
3,0.5494120121002197,0.8473300992179092,0,0,0,1,3.77,0,1,15.0,132.25152587890625,0,0,0,0,0,3421.json,NotBuggy
2,0.9953814148902893,0.9718540288938057,0,0,0,1,0.0,0,0,9.0,142.4026641845703,0,0,0,0,0,2417.json,NotBuggy
3,0.9234111905097961,0.9693854704479994,0,0,0,1,1.89,0,0,12.0,133.59722900390625,0,0,0,0,0,624.json,NotBuggy
4,0.46778857707977295,0.7458776662453497,0,0,0,1,2.0,0,1,21.0,125.15930938720703,0,0,0,0,0,263.json,NotBuggy
3,0.6006538271903992,0.8234178541721127,0,0,0,1,1.89,0,2,22.0,129.57785034179688,0,1,0,0,0,2655.json,NotBuggy
3,0.08053161948919296,0.785504150167099,0,0,0,1,1.89,0,1,25.0,128.62307739257812,0,1,0,0,0,697.json,NotBuggy
4,0.0,0.0021657268592209736,0,0,0,1,6.63,0,4,59.0,118.83750915527344,0,7,0,0,0,5704.json,Buggy
3,0.03390629589557648,0.3882786044376467,0,0,0,1,1.89,0,1,26.0,128.60531616210938,0,2,0,0,0,5105.json,NotBuggy
3,0.7324061989784241,0.8747292068895016,0,0,0,1,3.77,0,1,14.0,132.79563903808594,0,0,0,0,0,1023.json,NotBuggy
3,0.0,0.018750886423609968,0,0,0,1,3.77,0,1,43.0,125.3664321899414,0,5,0,0,0,640.json,NotBuggy
3,0.6197837591171265,0.9525875324133589,0,0,0,1,1.89,0,0,12.0,133.59722900390625,0,0,0,0,0,1593.json,NotBuggy
27,0.0,5.920572556206265E-11,4,3,7,6,2.79,4,11,193.0,79.7856216430664,0,1,5,0,0,3939.json,NotBuggy
12,0.45752671360969543,0.10831049098172568,1,1,2,2,2.75,1,5,60.0,100.62483978271484,0,0,2,0,0,1368.json,NotBuggy
8,0.03651459142565727,0.027038730976511983,2,1,3,3,2.4,1,3,59.0,107.25508880615234,0,1,2,0,0,2559.json,NotBuggy
5,0.03161695599555969,0.36433354070054086,0,0,0,1,1.96,0,2,34.0,118.83859252929688,0,1,0,0,0,2774.json,NotBuggy
3,0.8095859289169312,0.9567378314155919,0,0,0,1,1.89,0,0,15.0,131.9385528564453,0,0,0,0,0,964.json,NotBuggy
3,0.5254606604576111,0.9382277857810882,0,0,0,1,1.89,0,0,12.0,133.59722900390625,0,0,0,0,0,5090.json,NotBuggy
3,0.45628035068511963,0.8772941417829584,0,0,0,1,1.89,0,1,16.0,131.60296630859375,0,0,0,0,0,2719.json,NotBuggy
3,0.7363205552101135,0.9605554050326962,0,0,0,1,1.89,0,1,16.0,131.75106811523438,0,0,0,0,0,2023.json,NotBuggy
4,0.5584523677825928,0.1202915961844672,0,0,0,1,4.9,0,4,42.0,120.95767974853516,0,1,0,0,0,3584.json,NotBuggy
5,0.28142687678337097,0.01950966020311724,2,2,4,3,1.96,0,5,51.0,115.62684631347656,0,0,0,0,0,4025.json,Buggy
3,0.7526296973228455,0.857153655228795,0,0,0,1,1.89,0,1,19.0,130.45266723632812,0,1,0,0,0,3012.json,NotBuggy
6,0.2379464954137802,0.40909683469786784,2,2,4,2,3.27,1,2,35.0,115.10722351074219,0,0,0,0,0,493.json,NotBuggy
3,0.9532077312469482,0.9815129485240703,0,0,0,1,1.89,0,0,12.0,133.59722900390625,0,0,0,0,0,973.json,NotBuggy
3,0.4371092617511749,0.7191098632206121,0,0,0,1,1.89,0,1,26.0,128.3351287841797,0,0,0,0,0,192.json,NotBuggy
5,0.9231827259063721,0.9678658770371946,1,1,2,2,2.99,1,1,20.0,121.80303955078125,0,0,0,0,0,935.json,NotBuggy
3,0.6726911067962646,0.8419847600094919,0,0,0,1,1.89,0,2,17.0,131.28770446777344,0,0,0,0,0,4981.json,NotBuggy
17,0.08940713107585907,1.1670753759468022E-4,1,1,2,2,2.76,1,8,102.0,91.62005615234375,0,2,4,0,0,1335.json,NotBuggy
3,0.9484614729881287,0.9721251949698775,0,0,0,1,1.89,0,0,12.0,133.59722900390625,0,0,0,0,0,4793.json,NotBuggy
3,0.5731960535049438,0.8957477023152745,0,0,0,1,1.89,0,3,18.0,131.30345153808594,0,0,0,0,0,3147.json,NotBuggy
14,0.01861836016178131,4.6147663526657105E-5,3,3,6,3,4.49,2,10,102.0,94.65042877197266,0,0,2,0,0,2726.json,NotBuggy
25,0.032653771340847015,2.2626957103165226E-8,5,5,10,6,5.55,2,7,151.0,82.1485366821289,0,0,5,0,0,4806.json,NotBuggy
3,0.9235057830810547,0.9082679409010616,0,0,0,1,3.77,0,0,12.0,133.59722900390625,0,0,0,0,0,3391.json,NotBuggy
3,0.8729019165039062,0.9138505026497307,0,0,0,1,1.89,0,1,14.0,132.61029052734375,0,0,0,0,0,3079.json,NotBuggy
3,0.576793909072876,0.859098893041176,0,0,0,1,1.89,0,1,18.0,130.7338104248047,0,0,0,0,0,2574.json,NotBuggy
3,0.9482436776161194,0.9364597064242631,0,0,0,1,1.89,0,0,15.0,131.9385528564453,0,0,0,0,0,698.json,NotBuggy
3,0.055459409952163696,0.42992359092997895,0,0,0,1,3.77,0,1,25.0,128.8092498779297,0,2,0,0,0,1215.json,NotBuggy
3,0.6709601283073425,0.9042812679121365,0,0,0,1,1.89,0,0,15.0,131.9385528564453,0,0,0,0,0,2564.json,NotBuggy
3,0.5705128908157349,0.8256162854132096,0,0,0,1,1.89,0,0,20.0,130.30841064453125,0,1,0,0,0,929.json,NotBuggy
3,0.9089742302894592,0.921674889471491,0,0,0,1,1.89,0,0,17.0,131.28770446777344,0,1,0,0,0,4892.json,NotBuggy
17,3.3899550908245146E-4,9.025327367511957E-11,2,1,3,3,1.62,1,20,163.0,88.55033111572266,0,2,5,0,0,5022.json,NotBuggy
4,0.2609580457210541,0.2769261955654783,0,0,0,1,6.63,0,0,28.0,123.1362075805664,0,3,0,0,0,93.json,NotBuggy
9,0.030179429799318314,0.18272427331983496,0,0,0,1,3.82,1,2,49.0,106.7727279663086,0,0,0,0,0,3043.json,NotBuggy
4,0.5685082674026489,0.7389283167775671,0,0,0,1,2.0,0,2,26.0,123.67467498779297,0,0,0,0,0,826.json,NotBuggy
3,0.7811070680618286,0.9737259291003688,0,0,0,1,1.89,0,0,12.0,133.59722900390625,0,0,0,0,0,4316.json,NotBuggy
8,1.423432695446536E-4,2.860742787201806E-6,0,0,0,1,1.73,0,13,104.0,104.17034149169922,0,1,2,0,0,2003.json,NotBuggy
12,0.05956943333148956,0.037233618479006386,3,3,6,4,4.15,3,6,70.0,99.51309967041016,0,0,0,0,0,3912.json,NotBuggy
3,0.7991687655448914,0.8430264299866888,0,0,0,1,3.77,0,1,15.0,132.25152587890625,0,0,0,0,0,3422.json,NotBuggy
19,0.2799571454524994,6.782570082442183E-5,2,2,4,5,9.87,3,11,111.0,88.58470153808594,0,1,5,0,0,5271.json,NotBuggy
6,0.37305882573127747,0.4345556668196715,2,1,3,3,2.75,1,1,37.0,114.5882568359375,0,1,1,0,0,3199.json,NotBuggy
3,0.750139057636261,0.7784839190113307,0,0,0,1,1.89,0,1,19.0,130.45266723632812,0,1,0,0,0,205.json,NotBuggy
4,0.9314292073249817,0.7672063122115764,0,0,0,1,4.0,0,1,18.0,126.19583892822266,0,0,0,0,0,4814.json,NotBuggy
12,0.0,2.707579110847485E-12,2,2,4,4,2.75,1,13,179.0,93.85115814208984,0,2,5,0,0,53.json,NotBuggy
3,0.4431416690349579,0.6462812048446285,0,0,0,1,1.89,0,2,25.0,128.62307739257812,0,1,0,0,0,3259.json,NotBuggy
22,0.0,2.1540132472385117E-19,4,3,7,6,2.89,2,16,253.0,81.0318832397461,0,3,6,0,0,5056.json,Buggy
3,0.007380204740911722,0.0727459743700794,1,1,2,2,1.89,0,1,37.0,125.98087310791016,0,3,0,0,0,2754.json,NotBuggy
3,0.6006538271903992,0.8234178541721127,0,0,0,1,1.89,0,2,22.0,129.57785034179688,0,1,0,0,0,2659.json,NotBuggy
3,0.7918867468833923,0.885827089857623,0,0,0,1,1.89,0,1,21.0,129.93223571777344,0,1,0,0,0,932.json,NotBuggy
10,0.008650412783026695,1.8504079677938144E-4,2,2,4,3,2.8,1,6,85.0,101.32386779785156,0,1,4,0,0,4940.json,NotBuggy
3,8.478637901134789E-4,0.22696074488586587,0,0,0,1,1.89,0,4,34.0,126.78704833984375,0,1,0,0,0,3046.json,NotBuggy
20,0.0014045977732166648,1.193103536424812E-6,2,1,3,4,2.44,1,6,135.0,86.99088287353516,0,1,3,0,0,5104.json,Buggy
4,9.527768124826252E-4,0.17965799877634386,0,0,0,1,6.63,0,2,34.0,122.36370849609375,0,4,0,0,0,593.json,NotBuggy
3,0.19833886623382568,0.9332320717709416,0,0,0,1,1.89,0,0,12.0,133.59722900390625,0,0,0,0,0,2534.json,NotBuggy
3,0.8739116191864014,0.9427517044150241,0,0,0,1,0.94,0,0,12.0,133.59722900390625,0,0,0,0,0,3896.json,NotBuggy
9,9.933020919561386E-4,0.022763105313827133,2,1,3,2,3.14,1,4,58.0,105.50943756103516,0,1,1,0,0,1962.json,Buggy
6,0.8590272665023804,0.8025285737453245,1,1,2,2,1.89,0,1,31.0,116.13532257080078,0,0,1,0,0,619.json,NotBuggy
3,0.8421861529350281,0.8081831832104146,0,0,0,1,1.89,0,0,23.0,129.58164978027344,0,0,0,0,0,4329.json,NotBuggy
4,0.6476373076438904,0.8826461487276389,0,0,0,1,2.0,0,1,20.0,125.64796447753906,0,1,0,0,0,894.json,NotBuggy
11,0.004586995579302311,2.3936849583349106E-7,5,6,11,5,3.09,2,6,118.0,97.25212860107422,0,1,2,0,0,1755.json,NotBuggy
6,0.011569465510547161,0.016960537070267297,0,0,0,1,1.89,0,3,56.0,112.89320373535156,0,2,0,0,0,1297.json,NotBuggy
17,0.051223065704107285,2.5076658551827256E-5,2,1,3,4,3.85,2,3,110.0,90.66361236572266,0,3,2,0,0,1004.json,NotBuggy
3,0.7942510843276978,0.8179011354748267,0,0,0,1,3.77,0,1,15.0,132.086669921875,0,0,0,0,0,4745.json,NotBuggy
10,0.7670280933380127,0.6298838282362544,1,1,2,2,2.8,1,5,51.0,104.62786102294922,0,0,1,0,0,5202.json,NotBuggy
8,0.10433840751647949,0.021617598051109698,1,1,2,2,5.66,1,2,55.0,107.74358367919922,0,4,1,0,0,1012.json,NotBuggy
5,0.45452243089675903,0.8769341515494242,0,0,0,1,1.96,0,1,21.0,121.6568603515625,0,0,0,0,0,2482.json,NotBuggy
15,0.03308192640542984,6.514180424655144E-5,1,1,2,2,4.57,1,5,100.0,93.80665588378906,0,2,3,0,0,5494.json,Buggy
3,0.626815915107727,0.7625239083751555,0,0,0,1,1.89,0,1,19.0,130.45266723632812,0,1,0,0,0,4883.json,NotBuggy
3,0.6865676045417786,0.8830870206718364,0,0,0,1,1.89,0,1,16.0,131.60296630859375,0,0,0,0,0,4028.json,NotBuggy
7,0.005679495632648468,0.0072708178614677085,0,0,0,1,1.81,0,7,64.0,109.57225036621094,0,2,1,0,0,955.json,NotBuggy
6,0.9527047276496887,0.8286985468424904,1,1,2,2,2.75,0,2,30.0,116.21601867675781,0,0,0,0,0,3116.json,NotBuggy
3,0.7343507409095764,0.8926083921985921,0,0,0,1,1.89,0,1,16.0,131.60296630859375,0,0,0,0,0,3169.json,NotBuggy
3,0.44889765977859497,0.9661021688208464,0,0,0,1,1.89,0,0,15.0,132.25152587890625,0,0,0,0,0,5204.json,NotBuggy
9,0.4651118516921997,0.0633628403009395,1,1,2,2,5.33,1,2,54.0,106.15443420410156,0,2,1,0,0,4741.json,NotBuggy
12,0.09104369580745697,0.026712876131050153,1,2,3,3,2.56,2,3,67.0,99.82103729248047,0,2,2,0,0,1950.json,Buggy
3,0.8052859902381897,0.8633902138879465,0,0,0,1,1.89,0,0,14.0,132.4454345703125,0,1,0,0,0,2642.json,NotBuggy
5,0.22524912655353546,0.9506616723051062,0,0,0,1,1.96,0,3,18.0,123.02808380126953,0,0,0,0,0,4762.json,NotBuggy
3,0.8714715838432312,0.9505825888150663,0,0,0,1,1.89,0,0,14.0,132.79563903808594,0,1,0,0,0,1455.json,NotBuggy
6,0.11077520996332169,0.021093591097014825,1,1,2,2,3.77,0,4,49.0,113.1683349609375,0,1,0,0,0,2841.json,Buggy
3,0.6806976199150085,0.8358973962182917,0,0,0,1,1.89,0,1,18.0,130.85629272460938,0,1,0,0,0,2220.json,NotBuggy
18,0.021722421050071716,7.894605288984139E-5,1,3,4,5,4.19,2,7,106.0,89.9815902709961,0,1,2,0,0,1957.json,NotBuggy
9,0.05653099715709686,0.05171688611544931,0,0,0,1,2.95,1,4,55.0,106.01560974121094,0,3,1,0,0,566.json,NotBuggy
3,0.7825257778167725,0.9576768762536225,0,0,0,1,1.89,0,0,12.0,133.59722900390625,0,0,0,0,0,646.json,NotBuggy
3,0.8766111135482788,0.9817737533963042,0,0,0,1,1.89,0,0,14.0,132.4454345703125,0,0,0,0,0,4880.json,NotBuggy
5,0.6975370645523071,0.08448933953230935,1,1,2,2,1.96,0,4,41.0,117.048828125,0,0,0,0,0,2586.json,NotBuggy
3,0.04818376153707504,0.43338235562584576,0,0,0,1,1.89,0,1,27.0,128.22288513183594,0,1,0,0,0,3968.json,NotBuggy
2,0.9881951212882996,0.9428060358763306,0,0,0,1,1.89,0,0,10.0,141.56829833984375,1,0,0,0,0,1585.json,NotBuggy
3,0.9357609748840332,0.9806562038191183,0,0,0,1,1.89,0,0,12.0,133.59722900390625,0,0,0,0,0,3266.json,NotBuggy
3,0.948209285736084,0.9673823761165479,0,0,0,1,1.89,0,0,12.0,133.59722900390625,0,0,0,0,0,4635.json,NotBuggy
3,0.5561925172805786,0.8481707262363609,0,0,0,1,1.89,0,0,15.0,131.9385528564453,0,0,0,0,0,2620.json,NotBuggy
11,0.6146925687789917,0.40156581896324245,1,1,2,2,1.56,1,1,51.0,103.33013916015625,0,0,1,0,0,3900.json,NotBuggy
3,0.07255369424819946,0.9458450695302884,0,0,0,1,1.89,0,0,12.0,133.59722900390625,0,0,0,0,0,342.json,NotBuggy
3,0.4594348967075348,0.8765596395757267,0,0,0,1,1.89,0,0,16.0,131.46876525878906,0,0,0,0,0,3142.json,NotBuggy
9,0.3308807611465454,0.00538568735728955,2,1,3,2,2.67,1,2,67.0,104.71148681640625,0,1,3,0,0,1324.json,NotBuggy
9,0.1966390758752823,0.0012056604622092473,3,3,6,4,3.82,3,5,77.0,103.43791961669922,0,1,1,0,0,2956.json,NotBuggy
19,0.006082402542233467,2.4671561894288697E-7,0,0,0,4,4.28,1,7,141.0,87.6475830078125,0,1,5,0,0,273.json,NotBuggy
14,0.0020693771075457335,7.071174855132749E-8,7,7,14,8,3.09,2,3,139.0,92.05445861816406,0,1,3,0,0,4353.json,NotBuggy
3,0.6432675719261169,0.7009860389246847,0,0,0,1,1.89,0,1,24.0,128.83535766601562,0,1,0,0,0,934.json,NotBuggy
3,0.4408889710903168,0.6570750629262899,0,0,0,1,1.89,0,1,21.0,129.7158966064453,0,1,0,0,0,3082.json,NotBuggy
4,0.8796759843826294,0.589324667286284,1,1,2,2,4.0,0,1,26.0,123.8187255859375,0,1,0,0,0,4812.json,NotBuggy
3,0.2135312706232071,0.2040972118602011,1,1,2,2,3.77,0,4,30.0,127.44500732421875,0,0,0,0,0,4801.json,NotBuggy
3,0.8440746665000916,0.8758554882792099,0,0,0,1,1.89,0,0,19.0,130.57513427734375,0,0,0,0,0,3175.json,NotBuggy
20,0.0036405157297849655,5.602880552485774E-7,1,3,4,4,3.98,1,16,143.0,86.94783782958984,0,2,2,0,0,605.json,Buggy
34,3.54891293682158E-4,1.7627640022887873E-12,3,3,6,4,8.0,3,20,221.0,75.35481262207031,0,1,6,0,0,5168.json,Buggy
3,0.9289069771766663,0.9681826839454876,0,0,0,1,1.89,0,0,12.0,133.59722900390625,0,0,0,0,0,534.json,NotBuggy
43,0.0,2.2220039054737458E-30,13,15,28,14,4.96,3,34,411.0,65.73918151855469,0,1,9,0,0,3033.json,Buggy
3,0.0785975232720375,0.23713737687657782,0,0,0,1,3.77,0,2,27.0,128.22288513183594,0,2,0,0,0,1757.json,NotBuggy
8,0.3629699945449829,0.4976956568175969,0,0,0,2,2.4,1,2,39.0,109.81769561767578,0,0,0,0,0,5163.json,NotBuggy
15,0.00882285088300705,1.770042294795547E-5,3,3,6,6,4.95,3,5,107.0,92.53482818603516,0,1,1,0,0,1354.json,Buggy
9,0.036368146538734436,0.0015659677163922612,4,3,7,4,2.95,3,3,74.0,103.78260040283203,0,1,0,0,0,1642.json,NotBuggy
6,0.03138269484043121,0.0046233896960459365,3,2,5,3,1.89,0,5,61.0,111.58573150634766,0,1,1,0,0,3239.json,NotBuggy
8,0.20898741483688354,0.23772146955073994,2,2,4,2,2.83,1,4,53.0,108.04276275634766,0,0,1,0,0,5201.json,NotBuggy
4,0.7346014380455017,0.8899112645529206,0,0,0,1,2.0,0,3,19.0,126.04888916015625,0,0,0,0,0,2736.json,Buggy
2,0.9659347534179688,0.9257010390757021,0,0,0,1,3.77,0,0,9.0,142.4026641845703,0,0,0,0,0,991.json,NotBuggy
3,0.41284263134002686,0.9286495074737577,0,0,0,1,1.89,0,0,15.0,132.25152587890625,0,0,0,0,0,5702.json,NotBuggy
13,6.15062250290066E-4,3.109202558437124E-7,4,5,9,5,3.3,3,12,125.0,94.27454376220703,0,2,1,0,0,2651.json,Buggy
3,0.9004510641098022,0.5576654992353481,0,0,0,1,3.77,0,0,21.0,130.05470275878906,0,1,0,0,0,4822.json,NotBuggy
3,0.8672339916229248,0.9666629082689635,0,0,0,1,1.89,0,0,12.0,133.59722900390625,0,0,0,0,0,1592.json,NotBuggy
4,0.7295026183128357,0.25755386715226825,1,1,2,2,2.0,0,1,33.0,122.12608337402344,0,1,0,0,0,2555.json,NotBuggy
3,0.9172887206077576,0.846799561724843,0,0,0,1,3.77,0,1,14.0,132.61029052734375,0,0,0,0,0,2425.json,NotBuggy
3,0.6090587973594666,0.8772708231214379,0,0,0,1,1.89,0,2,16.0,131.91592407226562,0,0,0,0,0,4218.json,NotBuggy
2,0.9691202640533447,0.989658515780461,0,0,0,1,0.0,0,0,9.0,142.4026641845703,0,0,0,0,0,1400.json,NotBuggy
5,0.32681378722190857,0.6344591366454233,0,0,0,2,2.99,1,2,28.0,119.52839660644531,0,0,1,0,0,1008.json,NotBuggy
3,0.9497587084770203,0.9764809550705218,0,0,0,1,1.89,0,0,15.0,131.9385528564453,0,0,0,0,0,5133.json,NotBuggy
3,0.555042028427124,0.6648613962809687,0,0,0,1,1.89,0,0,23.0,129.14646911621094,0,1,0,0,0,930.json,NotBuggy
10,0.1874769926071167,0.010965767812278471,2,3,5,3,3.12,1,1,67.0,102.60086059570312,0,2,2,0,0,1915.json,NotBuggy
59,1.3673902139998972E-4,1.4012600498483996E-21,7,7,14,13,9.31,3,27,380.0,61.288143157958984,1,2,16,0,0,5189.json,NotBuggy
7,0.34183207154273987,0.8011181877576057,3,3,6,3,3.02,1,2,39.0,111.96162414550781,0,2,0,0,0,2466.json,NotBuggy
12,0.08278414607048035,2.5771100596333496E-4,4,2,6,3,7.54,2,1,87.0,98.28892517089844,0,2,3,0,0,4872.json,NotBuggy
1,0.9919390678405762,0.8749046797463423,0,0,0,1,0.0,0,0,13.0,150.7931671142578,0,0,0,0,0,1063.json,NotBuggy
3,0.8969966173171997,0.9631633915271142,0,0,0,1,1.89,0,0,12.0,133.59722900390625,0,0,0,0,0,3423.json,NotBuggy
3,0.9297953248023987,0.9456428578129127,0,0,0,1,0.94,0,0,13.0,132.9956512451172,0,0,0,0,0,3902.json,NotBuggy
4,0.00131501245778054,0.04655767086435699,0,0,0,1,4.9,0,4,46.0,120.48462677001953,0,1,0,0,0,1895.json,NotBuggy
3,0.6006538271903992,0.8234178541721127,0,0,0,1,1.89,0,2,22.0,129.57785034179688,0,1,0,0,0,2658.json,NotBuggy
3,0.6196519732475281,0.9184681294356379,0,0,0,1,1.89,0,0,15.0,132.25152587890625,0,0,0,0,0,4317.json,NotBuggy
11,0.20160269737243652,0.002116877534903722,2,5,7,4,2.86,1,4,81.0,99.9679183959961,0,2,2,0,0,2929.json,NotBuggy
16,0.19420288503170013,1.9504651569617675E-4,1,1,2,3,6.91,2,5,93.0,92.96755981445312,0,2,4,0,0,5696.json,NotBuggy
3,0.7719694375991821,0.9732141630924112,0,0,0,1,1.89,0,0,12.0,133.59722900390625,0,0,0,0,0,2741.json,NotBuggy
2,0.9973176121711731,0.9774112584506548,0,0,0,1,1.89,0,0,9.0,142.4026641845703,0,0,0,0,0,5183.json,NotBuggy
3,0.8011731505393982,0.9439957866912118,0,0,0,1,1.89,0,0,12.0,133.59722900390625,0,0,0,0,0,3099.json,NotBuggy
3,0.6957517266273499,0.9084985482143086,0,0,0,1,0.94,0,1,15.0,132.25152587890625,0,0,0,0,0,3945.json,NotBuggy
3,0.8698985576629639,0.4561994593426171,0,0,0,1,1.89,0,0,27.0,128.22288513183594,0,1,0,0,0,1778.json,NotBuggy
3,0.9258639812469482,0.9760672973341353,0,0,0,1,1.89,0,0,12.0,133.59722900390625,0,0,0,0,0,4303.json,NotBuggy
6,0.8590272665023804,0.8025285737453245,1,1,2,2,1.89,0,1,31.0,116.13532257080078,0,0,1,0,0,3965.json,NotBuggy
3,0.24584056437015533,0.7830162548977238,0,0,0,1,1.89,0,1,19.0,130.45266723632812,0,0,0,0,0,1325.json,NotBuggy
4,0.47595497965812683,0.46253723215778625,0,0,0,1,4.0,0,2,28.0,123.46312713623047,0,1,0,0,0,2324.json,Buggy
3,0.9505731463432312,0.9715990409392089,0,0,0,1,1.89,0,0,13.0,132.9956512451172,0,0,0,0,0,4929.json,NotBuggy
3,0.2601402997970581,0.3678478920154,0,0,0,1,1.89,0,2,27.0,128.1388702392578,0,1,0,0,0,2019.json,Buggy
4,0.004709945991635323,0.07100342849956033,0,0,0,1,2.0,0,2,41.0,121.0166244506836,0,1,0,0,0,1418.json,NotBuggy
7,0.1042357087135315,0.005662796308354377,2,3,5,4,1.81,0,4,65.0,108.63020324707031,0,1,1,0,0,2707.json,NotBuggy
6,0.18922321498394012,0.015334152297019385,2,3,5,3,5.5,1,0,50.0,112.52593231201172,0,1,1,0,0,4869.json,NotBuggy
4,0.01989208348095417,0.2832318906823271,0,0,0,1,2.0,0,1,30.0,122.85169219970703,0,1,0,0,0,286.json,NotBuggy
4,0.7908745408058167,0.9111974388250528,0,0,0,1,2.0,0,1,18.0,126.19583892822266,0,0,0,0,0,2560.json,NotBuggy
10,0.0,0.0016448530597865827,1,1,2,2,1.6,0,21,81.0,102.27928924560547,0,0,1,0,0,3098.json,NotBuggy
6,0.4050428569316864,0.8196010210055648,1,1,2,2,3.27,1,3,30.0,116.50606536865234,0,0,0,0,0,5030.json,NotBuggy
3,0.10462780296802521,0.621726624222577,0,0,0,1,1.89,0,2,23.0,129.34671020507812,0,1,0,0,0,2678.json,NotBuggy
13,0.04105253145098686,0.003792245810323186,1,2,3,4,2.89,1,4,79.0,97.26383209228516,0,2,1,0,0,1355.json,NotBuggy
3,0.8170433044433594,0.8183135541237788,0,0,0,1,3.77,0,1,15.0,132.25152587890625,0,0,0,0,0,3454.json,NotBuggy
10,1.2929944205097854E-4,6.262618114718861E-7,0,0,0,1,1.6,0,6,111.0,100.15237426757812,0,4,4,0,0,1931.json,NotBuggy
2,0.998108983039856,0.9076073389086257,0,0,0,1,1.89,0,0,11.0,140.82913208007812,0,0,0,0,0,941.json,Buggy
16,0.030002688989043236,5.6834279074224985E-6,3,3,6,5,3.29,1,8,115.0,91.31600952148438,0,1,1,0,0,239.json,Buggy
3,0.7528207302093506,0.889179268771434,0,0,0,1,1.89,0,0,16.0,131.75106811523438,0,0,0,0,0,1299.json,NotBuggy
12,0.008447092026472092,1.1006219460141687E-4,1,3,4,4,2.79,3,4,96.0,97.36166381835938,1,0,1,0,0,5142.json,Buggy
32,3.7111807614564896E-4,1.7540845853206063E-10,3,3,6,5,20.0,3,16,198.0,76.6171646118164,0,2,5,0,0,5248.json,Buggy
3,0.7758607864379883,0.9456843416498243,0,0,0,1,1.89,0,1,15.0,132.25152587890625,0,0,0,0,0,2703.json,NotBuggy
3,0.17994610965251923,0.6550728597401433,0,0,0,1,1.89,0,2,24.0,129.12539672851562,0,2,0,0,0,4400.json,NotBuggy
3,0.0048775868490338326,0.419731437151655,0,0,0,1,1.89,0,1,28.0,128.0337677001953,0,1,0,0,0,1301.json,NotBuggy
3,0.7932906150817871,0.8282851226378686,0,0,0,1,1.89,0,0,17.0,131.03103637695312,0,1,0,0,0,4320.json,NotBuggy
10,0.6273554563522339,0.7356804139002907,0,2,2,4,4.4,2,0,41.0,105.48271179199219,0,1,0,0,0,2829.json,NotBuggy
3,0.8108569979667664,0.9591577709020527,0,0,0,1,1.89,0,0,12.0,133.59722900390625,0,0,0,0,0,4749.json,NotBuggy
3,0.3196811079978943,0.7161238819593073,0,0,0,1,1.89,0,3,24.0,129.12539672851562,0,0,0,0,0,108.json,NotBuggy
3,0.9339318871498108,0.9836088511294618,0,0,0,1,1.89,0,0,12.0,133.59722900390625,0,0,0,0,0,3265.json,NotBuggy
4,0.4680018424987793,0.292824012329981,1,1,2,2,2.0,0,2,37.0,121.61000061035156,0,1,0,0,0,4860.json,NotBuggy
3,0.541132926940918,0.8803995785860037,0,0,0,1,3.77,0,0,13.0,132.9956512451172,0,0,0,0,0,4790.json,NotBuggy
15,0.0,1.7352233276193218E-13,2,4,6,7,2.85,4,13,197.0,88.92280578613281,0,2,4,0,0,3150.json,NotBuggy
9,3.903960750903934E-4,8.173412834093604E-6,0,0,0,1,7.77,0,2,110.0,102.1895980834961,0,4,2,0,0,5188.json,NotBuggy
33,0.0,4.877324363842009E-14,3,18,21,22,3.69,6,0,250.0,71.55977630615234,0,1,3,0,0,3111.json,NotBuggy
4,0.019736910238862038,0.15157964938390112,0,0,0,1,2.0,0,2,36.0,121.75926971435547,0,2,0,0,0,2911.json,NotBuggy
3,0.7292437553405762,0.9128957359244,0,0,0,1,1.89,0,0,17.0,131.28770446777344,0,1,0,0,0,4791.json,NotBuggy
4,0.0,0.0021657268592209736,0,0,0,1,6.63,0,4,59.0,118.83750915527344,0,7,0,0,0,586.json,Buggy
3,0.6991973519325256,0.8888349171646124,0,0,0,1,1.89,0,0,14.0,132.4454345703125,0,1,0,0,0,1590.json,NotBuggy
5,0.8143410086631775,0.6958912979552846,0,0,0,1,1.96,0,2,29.0,119.66572570800781,0,0,1,0,0,1527.json,NotBuggy
13,0.07162915915250778,0.002652327054160371,2,1,3,2,2.65,1,5,82.0,97.57106018066406,0,1,3,0,0,1942.json,NotBuggy
8,7.147161522880197E-4,0.0021834353172413196,0,0,0,1,1.66,0,6,70.0,106.62179565429688,1,1,1,0,0,2623.json,Buggy
3,0.0,0.15515076048039672,0,0,0,1,1.89,0,1,34.0,127.02415466308594,0,4,0,0,0,808.json,NotBuggy
3,0.8323521614074707,0.9427980451343279,0,0,0,1,1.89,0,1,14.0,132.61029052734375,0,0,0,0,0,2223.json,NotBuggy
18,0.013439621776342392,2.5071771535968863E-5,2,1,3,3,2.98,2,10,111.0,90.05201721191406,0,1,4,0,0,1226.json,Buggy
14,0.0473153330385685,0.004024766558375767,1,1,2,2,2.8,1,5,78.0,96.47465515136719,0,4,2,0,0,1341.json,NotBuggy
3,0.7191351056098938,0.7679994951725886,0,0,0,1,3.77,0,1,18.0,130.85629272460938,0,1,0,0,0,4849.json,NotBuggy
4,0.6905937790870667,0.9526489692868421,0,0,0,1,2.0,0,1,15.0,127.59107971191406,0,0,0,0,0,735.json,NotBuggy
3,0.8236731886863708,0.9670315031415363,0,0,0,1,1.89,0,0,12.0,133.59722900390625,0,0,0,0,0,1416.json,NotBuggy
3,0.015435555949807167,0.36312056229044315,0,0,0,1,1.89,0,0,30.0,127.76480865478516,0,2,0,0,0,4633.json,NotBuggy
3,0.8852241039276123,0.9585141271851508,0,0,0,1,1.89,0,0,12.0,133.59722900390625,0,0,0,0,0,3526.json,NotBuggy
7,0.7645180225372314,0.5892439684837805,0,0,0,2,6.05,1,1,30.0,113.71878051757812,0,0,0,0,0,5692.json,Buggy
5,0.3560871481895447,0.5746723920509259,0,0,0,1,1.96,0,3,30.0,119.39962768554688,0,1,0,0,0,931.json,NotBuggy
3,0.9383273720741272,0.8814817609837318,0,0,0,1,3.77,0,0,13.0,132.9956512451172,0,0,0,0,0,4843.json,NotBuggy
10,0.011525966227054596,8.263556146104699E-5,4,3,7,4,2.15,1,5,91.0,100.6639175415039,0,0,3,0,0,2558.json,Buggy
10,0.003600197145715356,9.317414069030457E-4,1,1,2,2,2.15,1,8,78.0,102.1681900024414,0,3,0,0,0,3283.json,Buggy
7,0.0637291967868805,0.002334682928788646,2,1,3,2,2.91,0,6,62.0,109.28382873535156,0,0,1,0,0,2424.json,NotBuggy
3,0.7715305685997009,0.637168066906891,0,0,0,1,3.77,0,1,23.0,129.4591827392578,0,1,0,0,0,2429.json,NotBuggy
10,0.008798394352197647,0.034292472465051835,1,1,2,2,5.6,1,1,58.0,103.85248565673828,0,0,2,0,0,2414.json,NotBuggy
10,0.011753133498132229,2.9749881493295152E-5,4,4,8,6,2.99,3,2,95.0,100.01722717285156,0,2,1,0,0,5058.json,Buggy
8,0.6151116490364075,0.24832745672756637,0,3,3,5,3.46,2,0,44.0,108.79000854492188,0,0,0,0,0,3148.json,Buggy
3,0.2135312706232071,0.2040972118602011,1,1,2,2,3.77,0,4,30.0,127.44500732421875,0,0,0,0,0,3206.json,NotBuggy
10,0.5930498838424683,0.04919235387121345,0,0,0,1,4.08,1,1,64.0,103.38267517089844,0,2,1,0,0,4859.json,NotBuggy
3,0.6276978850364685,0.7195684077633879,0,0,0,1,3.77,0,1,19.0,130.57513427734375,0,1,0,0,0,2972.json,NotBuggy
8,0.01130196824669838,1.6740601327133026E-4,2,1,3,2,1.73,0,7,82.0,105.3952407836914,0,0,3,0,0,2470.json,NotBuggy
3,0.7087662220001221,0.5949325666532264,0,0,0,1,3.77,0,0,20.0,130.07347106933594,0,1,0,0,0,4819.json,NotBuggy
10,0.029067058116197586,5.369993864175917E-5,4,3,7,4,2.99,1,8,95.0,100.47722625732422,0,2,3,0,0,1219.json,NotBuggy
4,0.6335272789001465,0.3149899378905929,0,0,0,1,4.0,0,3,29.0,123.19084167480469,0,1,1,0,0,1608.json,NotBuggy
5,0.2779158055782318,0.7688439622506352,0,0,0,1,3.92,0,3,25.0,121.00688934326172,0,0,0,0,0,236.json,NotBuggy
3,0.4877597689628601,0.8560524851481487,0,0,0,1,1.89,0,0,16.0,131.60296630859375,0,0,0,0,0,3078.json,NotBuggy
3,0.9619667530059814,0.843106242950429,0,0,0,1,1.89,0,1,19.0,130.70933532714844,0,0,0,0,0,3174.json,NotBuggy
3,0.95221346616745,0.8589262131312968,0,0,0,1,3.77,0,0,14.0,132.4454345703125,0,1,0,0,0,4863.json,NotBuggy
3,0.6821399331092834,0.5654922359246569,0,0,0,1,1.89,0,0,24.0,128.7513427734375,0,1,0,0,0,4920.json,NotBuggy
3,0.3603515028953552,0.7551719871590475,0,0,0,1,1.89,0,3,20.0,130.44261169433594,0,0,0,0,0,2844.json,NotBuggy
5,0.45096442103385925,0.8324637741519602,0,0,0,1,1.96,0,1,26.0,120.43379974365234,0,0,1,0,0,2026.json,NotBuggy
3,0.0012119633611291647,0.29808578073337094,0,0,0,1,1.89,0,3,31.0,127.50450134277344,0,2,0,0,0,4764.json,NotBuggy
3,0.22635510563850403,0.6032279170472056,0,0,0,1,1.89,0,0,24.0,129.0215301513672,0,0,0,0,0,3118.json,Buggy
3,0.19375896453857422,0.3442520740724145,0,0,0,1,1.89,0,2,28.0,128.1235809326172,0,1,0,0,0,1738.json,NotBuggy
3,0.17994610965251923,0.6550728597401433,0,0,0,1,1.89,0,2,24.0,129.12539672851562,0,2,0,0,0,4404.json,NotBuggy
5,0.741234540939331,0.46200591761781606,0,0,0,1,1.96,0,1,33.0,118.82000732421875,0,1,1,0,0,835.json,NotBuggy
3,0.8696047067642212,0.9633815678698101,0,0,0,1,1.89,0,0,12.0,133.59722900390625,0,0,0,0,0,2808.json,NotBuggy
3,0.4619082808494568,0.6484657487159953,0,0,0,1,1.89,0,2,20.0,130.07347106933594,0,0,0,0,0,2585.json,NotBuggy
3,0.831676721572876,0.7249234740053898,0,0,0,1,3.77,0,2,17.0,131.28770446777344,0,0,0,0,0,4852.json,NotBuggy
3,0.9206726551055908,0.6963345271852732,0,0,0,1,1.89,0,0,22.0,129.37762451171875,0,1,0,0,0,4925.json,NotBuggy
3,0.7584871649742126,0.7925958521186747,0,0,0,1,0.94,0,1,18.0,130.99049377441406,0,1,0,0,0,3928.json,NotBuggy
3,0.9189387559890747,0.9580359694753977,0,0,0,1,0.94,0,0,12.0,133.59722900390625,0,0,0,0,0,3949.json,NotBuggy
4,0.8860810399055481,0.9683260658413014,0,0,0,1,2.0,0,1,19.0,125.79222106933594,0,0,0,0,0,1367.json,NotBuggy
6,0.2642873525619507,0.14134599597796915,2,2,4,2,2.75,1,3,44.0,113.85087585449219,0,1,0,0,0,1779.json,NotBuggy
5,0.6374852061271667,0.5895299340112052,1,1,2,2,1.96,0,3,33.0,118.76382446289062,0,0,1,0,0,2729.json,NotBuggy
3,0.3037570118904114,0.8549694449668207,0,0,0,1,1.89,0,0,17.0,131.28770446777344,0,0,0,0,0,1401.json,NotBuggy
3,0.5531408190727234,0.9680498228629939,0,0,0,1,1.89,0,0,12.0,133.59722900390625,0,0,0,0,0,2893.json,NotBuggy
10,0.011753133498132229,2.9749881493295152E-5,4,4,8,6,2.99,3,2,95.0,100.01722717285156,0,2,1,0,0,5059.json,Buggy
11,0.010144216008484364,2.24275803063838E-7,5,6,11,5,3.09,2,6,118.0,97.25212860107422,0,1,2,0,0,1742.json,NotBuggy
6,7.406336371786892E-4,0.016195870797179553,0,0,0,1,1.89,0,2,52.0,113.14921569824219,0,1,0,0,0,2997.json,NotBuggy
13,0.001829782035201788,2.3352700646002766E-5,5,4,9,6,3.08,4,9,105.0,95.1736831665039,0,1,1,0,0,5158.json,NotBuggy
3,0.8208542466163635,0.8720678570457959,0,0,0,1,1.89,0,1,16.0,131.75106811523438,0,0,0,0,0,2553.json,NotBuggy
19,0.5628885626792908,0.18275701518500712,1,1,2,2,3.39,1,1,86.0,91.0197525024414,0,0,1,0,0,4915.json,NotBuggy
3,0.8833815455436707,0.9410361730001479,0,0,0,1,1.89,0,0,13.0,132.9956512451172,0,0,0,0,0,2822.json,NotBuggy
3,0.37401527166366577,0.9672140179101045,0,0,0,1,1.89,0,0,12.0,133.59722900390625,0,0,0,0,0,3275.json,NotBuggy
8,0.6576681733131409,0.09722509358586673,1,1,2,2,2.4,1,2,57.0,107.7813720703125,0,2,0,0,0,1362.json,NotBuggy
6,0.05703335627913475,0.008932427262949993,3,2,5,3,1.89,0,5,59.0,111.91553497314453,0,1,1,0,0,3527.json,NotBuggy
27,0.0031369775533676147,0.04278072168647269,7,6,13,6,4.62,3,8,116.0,82.65179443359375,0,1,1,0,0,3933.json,NotBuggy
5,0.031780652701854706,0.16715088900238423,0,0,0,1,5.43,0,6,41.0,117.77528381347656,0,0,0,0,0,2766.json,NotBuggy
3,0.4760574400424957,0.8615951186095833,0,0,0,1,1.89,0,2,18.0,130.99049377441406,0,0,0,0,0,1419.json,NotBuggy
8,0.007781765423715115,0.013073085851194021,0,0,0,3,3.97,2,5,61.0,107.02725982666016,0,0,3,0,0,999.json,NotBuggy
6,0.08248696476221085,0.1965069805951327,2,1,3,3,2.75,1,4,44.0,113.6208724975586,0,2,1,0,0,4398.json,NotBuggy
9,0.10373341292142868,0.5923193151990055,1,1,2,2,2.67,1,0,45.0,107.45506286621094,0,1,1,0,0,1918.json,NotBuggy
3,0.008748226799070835,0.9121565213980722,0,0,0,1,1.89,0,0,13.0,132.9956512451172,0,0,0,0,0,2529.json,NotBuggy
12,0.015569648705422878,0.007116184220687579,2,1,3,2,2.89,1,5,76.0,99.59993743896484,0,1,1,0,0,61.json,Buggy
3,0.2861620783805847,0.8357876086936029,0,0,0,1,1.89,0,1,18.0,130.7338104248047,0,0,0,0,0,4107.json,NotBuggy
15,0.030628914013504982,8.135846722893561E-5,3,2,5,5,4.62,2,12,99.0,93.14055633544922,0,0,1,0,0,5066.json,NotBuggy
3,0.33323901891708374,0.6859149384092187,0,0,0,1,1.89,0,1,20.0,130.07347106933594,0,0,0,0,0,3188.json,NotBuggy
5,0.7687018513679504,0.8822562819779479,1,1,2,2,2.99,0,1,24.0,120.6200180053711,0,0,0,0,0,4759.json,NotBuggy
14,0.09756811708211899,0.0011988068662666627,1,1,2,2,2.8,1,6,82.0,96.04613494873047,0,1,3,0,0,1345.json,NotBuggy
3,0.9646860361099243,0.9746383027122573,0,0,0,1,1.89,0,0,12.0,133.59722900390625,0,0,0,0,0,3203.json,NotBuggy
3,0.9283403754234314,0.9126632993767985,0,0,0,1,3.77,0,0,12.0,133.59722900390625,0,0,0,0,0,623.json,NotBuggy
3,0.6849416494369507,0.9208029231783866,0,0,0,1,1.89,0,1,16.0,131.75106811523438,0,0,0,0,0,190.json,NotBuggy
3,0.8505394458770752,0.956815387209281,0,0,0,1,1.89,0,0,12.0,133.59722900390625,0,0,0,0,0,2918.json,NotBuggy
9,0.5072919130325317,0.7983887684622053,0,0,0,1,2.67,1,4,37.0,108.70293426513672,0,1,1,0,0,670.json,NotBuggy
3,0.6984202861785889,0.8831999140252936,0,0,0,1,1.89,0,1,16.0,131.75106811523438,0,0,0,0,0,659.json,NotBuggy
8,0.25882163643836975,0.08011621728094397,1,1,2,2,4.8,1,5,48.0,108.80433654785156,0,1,1,0,0,608.json,Buggy
6,0.21543008089065552,0.3297054085370719,0,0,0,1,1.89,0,4,38.0,114.97969055175781,0,1,1,0,0,1923.json,NotBuggy
3,0.07961349934339523,0.3449426916287013,0,0,0,1,1.89,0,0,32.0,127.52558135986328,0,1,0,0,0,3192.json,NotBuggy
4,0.14743997156620026,0.4615690298184291,0,0,0,1,2.0,0,2,29.0,123.19084167480469,0,1,0,0,0,4388.json,NotBuggy
3,0.391194224357605,0.8791496960085909,0,0,0,1,1.89,0,0,16.0,131.46876525878906,0,0,0,0,0,464.json,NotBuggy
10,0.025546494871377945,0.002330642275654767,3,4,7,5,2.99,3,1,75.0,101.82585144042969,0,2,0,0,0,5025.json,Buggy
3,0.011068999767303467,0.49001118753351824,0,0,0,1,1.89,0,1,26.0,128.41912841796875,0,0,0,0,0,4349.json,NotBuggy
3,0.813069224357605,0.7527525814677267,0,0,0,1,1.89,0,2,21.0,129.93223571777344,0,1,0,0,0,1897.json,NotBuggy
3,0.9235057830810547,0.9082679409010616,0,0,0,1,3.77,0,0,12.0,133.59722900390625,0,0,0,0,0,2573.json,NotBuggy
9,0.2224094271659851,0.042796703649740066,2,2,4,3,2.67,1,2,61.0,105.35358428955078,0,1,1,0,0,484.json,NotBuggy
7,0.002802422968670726,0.00377992482721895,2,3,5,4,2.83,1,0,66.0,108.40097045898438,0,1,1,0,0,2764.json,Buggy
9,0.0,6.725402886784747E-7,0,0,0,3,3.82,2,12,111.0,101.46353149414062,0,2,3,0,0,685.json,NotBuggy
3,0.8449391722679138,0.8965832724444782,0,0,0,1,1.89,0,0,14.0,132.4454345703125,0,1,0,0,0,3397.json,NotBuggy
3,0.008801629766821861,0.6356367385456962,0,0,0,1,1.89,0,2,28.0,127.87090301513672,0,1,0,0,0,2652.json,NotBuggy
10,0.17308445274829865,0.18367017294010754,1,2,3,4,4.4,2,0,48.0,104.1886215209961,0,1,0,0,0,2666.json,NotBuggy
21,0.1255364716053009,7.656167337145399E-4,4,2,6,6,3.98,2,4,106.0,87.1918716430664,1,2,1,0,0,975.json,Buggy
4,0.7532790303230286,0.9597776683918632,0,0,0,1,2.0,0,2,20.0,125.64796447753906,0,0,0,0,0,5127.json,NotBuggy
12,6.824039155617356E-4,1.1658118783754898E-7,6,4,10,4,2.56,1,10,124.0,95.78701782226562,0,2,3,0,0,820.json,NotBuggy
3,0.8729019165039062,0.9138505026497307,0,0,0,1,1.89,0,1,14.0,132.61029052734375,0,0,0,0,0,3274.json,NotBuggy
4,0.9735634326934814,0.7644106754121281,0,0,0,1,2.0,0,3,27.0,123.39956665039062,0,0,0,0,0,5208.json,NotBuggy
3,0.8882124423980713,0.9509974857589758,0,0,0,1,1.89,0,0,12.0,133.59722900390625,0,0,0,0,0,893.json,NotBuggy
4,0.6241728067398071,0.3924659383385215,1,1,2,2,2.0,0,1,32.0,122.36495208740234,0,1,0,0,0,1568.json,NotBuggy
3,0.6586847305297852,0.8670668283107564,0,0,0,1,1.89,0,1,16.0,131.75106811523438,0,0,0,0,0,1037.json,NotBuggy
7,0.171769380569458,1.0548798020255077E-4,4,3,7,4,3.02,1,4,83.0,107.11903381347656,0,1,1,0,0,2584.json,Buggy
3,0.4649346172809601,0.846601197688684,0,0,0,1,1.89,0,2,18.0,130.99049377441406,0,0,0,0,0,1425.json,NotBuggy
3,0.2135312706232071,0.2040972118602011,1,1,2,2,3.77,0,4,30.0,127.44500732421875,0,0,0,0,0,4837.json,NotBuggy
3,0.6849416494369507,0.9208029231783866,0,0,0,1,1.89,0,1,16.0,131.75106811523438,0,0,0,0,0,807.json,NotBuggy
3,0.9089742302894592,0.921674889471491,0,0,0,1,1.89,0,0,17.0,131.28770446777344,0,1,0,0,0,4910.json,NotBuggy
105,0.0,3.158215584418682E-34,18,21,39,22,2.8,6,23,709.0,46.533321380615234,1,0,25,0,0,3934.json,NotBuggy
3,0.08425436168909073,0.6979889494497254,0,0,0,1,1.89,0,2,22.0,129.94700622558594,0,1,0,0,0,4205.json,NotBuggy
3,0.00326737342402339,0.18703552390566455,0,0,0,1,1.89,0,1,37.0,126.03094482421875,0,1,0,0,0,201.json,NotBuggy
6,0.6726912260055542,0.6301469664046119,1,1,2,2,2.75,0,2,32.0,115.71755981445312,0,0,0,0,0,5522.json,Buggy
3,0.00326737342402339,0.18703552390566455,0,0,0,1,1.89,0,1,37.0,126.03094482421875,0,1,0,0,0,197.json,NotBuggy
3,0.11594533175230026,0.48408775753846955,0,0,0,1,1.89,0,1,25.0,128.712890625,0,2,0,0,0,810.json,NotBuggy
8,0.05533412843942642,0.07925062122646039,1,1,2,2,2.83,1,4,50.0,108.29129028320312,0,1,1,0,0,1611.json,Buggy
5,0.2779158055782318,0.7688439622506352,0,0,0,1,3.92,0,3,25.0,121.00688934326172,0,0,0,0,0,270.json,NotBuggy
2,0.9953987002372742,0.957262763646395,0,0,0,1,1.89,0,0,9.0,142.4026641845703,1,0,0,0,0,4339.json,NotBuggy
3,0.7982532978057861,0.9276167924963075,0,0,0,1,0.94,0,1,15.0,132.086669921875,0,0,0,0,0,3954.json,NotBuggy
25,0.0,5.3126041033355884E-5,4,2,6,5,4.9,2,11,182.0,81.23301696777344,0,5,6,0,0,5237.json,NotBuggy
3,0.6238198280334473,0.9522615240433657,0,0,0,1,1.89,0,0,12.0,133.59722900390625,0,0,0,0,0,4796.json,NotBuggy
3,0.050990909337997437,0.2686579348079121,0,0,0,1,1.89,0,2,30.0,127.59099578857422,0,2,0,0,0,1709.json,NotBuggy
3,0.5625467896461487,0.8464081369109394,0,0,0,1,1.89,0,0,15.0,131.9385528564453,0,0,0,0,0,2599.json,Buggy
10,0.003600197145715356,9.317414069030457E-4,1,1,2,2,2.15,1,8,78.0,102.1681900024414,0,3,0,0,0,3284.json,Buggy
3,0.7642135620117188,0.8051841745432639,0,0,0,1,1.89,0,1,19.0,130.57513427734375,0,1,0,0,0,2552.json,NotBuggy
4,0.1579085886478424,0.1251318389212603,0,0,0,1,2.0,0,3,37.0,121.4874496459961,0,1,1,0,0,307.json,NotBuggy
12,0.0,2.707579110847485E-12,2,2,4,4,2.75,1,13,179.0,93.85115814208984,0,2,5,0,0,5164.json,NotBuggy
3,0.695430338382721,0.9204839257696652,0,0,0,1,1.89,0,1,15.0,132.25152587890625,0,0,0,0,0,5693.json,NotBuggy
7,0.4569106101989746,0.23188724783928077,1,1,2,2,5.11,1,2,39.0,112.11737823486328,0,1,1,0,0,609.json,Buggy
16,1.1698156595230103E-4,4.552388718418527E-7,3,3,6,4,3.39,2,7,136.0,90.85638427734375,0,1,1,0,0,2603.json,Buggy
4,0.8124123811721802,0.9677455231611568,0,0,0,1,2.0,0,2,20.0,125.64796447753906,0,0,0,0,0,5132.json,NotBuggy
3,0.9408955574035645,0.965106288670043,0,0,0,1,1.89,0,0,12.0,133.59722900390625,0,0,0,0,0,694.json,NotBuggy
3,0.49817153811454773,0.7674932774775495,0,0,0,1,1.89,0,1,19.0,130.45266723632812,0,0,0,0,0,4907.json,NotBuggy
