SLOCStandard,Readability,SimpleReadability,NVAR,NCOMP,Mcclure,McCabe,IndentSTD,MaximumBlockDepth,totalFanOut,Length,MaintainabilityIndex,SATD,Parameters,LocalVariables,ChangeAtMethodAge,CriticalEditDistances,file,Decision
4,0.7512565851211548,0.9150042111713717,0,0,0,1,1.73,0,1,18.0,126.19583892822266,0,1,0,0,0,3815.json,NotBuggy
3,0.347249299287796,0.8417996950620726,0,0,0,1,1.89,0,0,17.0,131.28770446777344,0,1,0,0,0,3511.json,NotBuggy
8,0.5609995722770691,0.6124343500618258,1,1,2,2,2.65,1,0,37.0,110.15780639648438,0,1,0,0,0,794.json,Buggy
4,0.8053211569786072,0.9541241844465032,0,0,0,1,1.73,0,0,13.0,128.335205078125,0,0,0,0,0,3191.json,Buggy
18,0.2719666361808777,0.6128981272007794,2,4,6,6,4.73,3,4,66.0,92.79053497314453,0,1,0,0,0,1454.json,Buggy
18,0.03454045578837395,0.9999856090454484,1,1,2,2,3.25,1,6,4.0,116.50724792480469,0,2,7,0,0,2546.json,NotBuggy
12,0.7411203980445862,0.9236736686622443,4,2,6,3,2.56,1,4,46.0,102.1607437133789,0,0,2,0,0,2773.json,Buggy
4,0.538820207118988,0.6281363787744111,0,0,0,1,1.73,0,2,22.0,124.91740417480469,0,1,0,0,0,2953.json,NotBuggy
3,0.9417726397514343,0.9811530236163047,0,0,0,1,1.89,0,0,12.0,133.59722900390625,0,0,0,0,0,2942.json,NotBuggy
4,0.6442633867263794,0.9142227940968479,0,0,0,1,1.73,0,1,18.0,126.19583892822266,0,1,0,0,0,1475.json,Buggy
6,0.3196620047092438,0.5093181376738851,0,0,0,1,2.98,0,4,32.0,115.94755554199219,0,0,1,0,0,2742.json,Buggy
10,0.6909192800521851,0.250057074535845,1,1,2,2,2.67,1,3,52.0,104.52688598632812,0,1,2,0,0,3743.json,Buggy
4,0.6336440443992615,0.9697862769081607,0,0,0,1,1.73,0,1,14.0,127.94984436035156,0,1,0,0,0,839.json,NotBuggy
14,0.09449616074562073,0.007042347214356248,2,2,4,3,2.62,1,6,79.0,96.42109680175781,0,1,3,0,0,2297.json,Buggy
10,0.11496451497077942,0.23282124463807669,1,1,2,2,2.67,1,3,51.0,104.87416076660156,0,2,1,0,0,2301.json,NotBuggy
11,0.4764673709869385,0.9624605091654601,4,3,7,2,2.72,1,6,40.0,104.59346008300781,0,0,1,0,0,2710.json,Buggy
4,0.9109201431274414,0.9746352277285663,0,0,0,1,1.73,0,0,15.0,127.42622375488281,0,1,0,0,0,799.json,NotBuggy
3,0.5975646376609802,0.8433953282472992,0,0,0,1,1.89,0,1,17.0,131.43582153320312,0,1,0,0,0,3846.json,NotBuggy
12,2.567024785093963E-4,9.11487049023732E-4,3,2,5,2,3.64,1,8,84.0,98.74243927001953,0,2,1,0,0,3045.json,Buggy
3,0.9326223731040955,0.963911506773457,0,0,0,1,1.89,0,0,12.0,133.59722900390625,0,0,0,0,0,3127.json,NotBuggy
4,0.9458140730857849,0.9375066603093875,0,0,0,1,1.73,0,0,17.0,126.62725830078125,0,1,0,0,0,3799.json,NotBuggy
4,0.9307262301445007,0.9666752594041597,0,0,0,1,1.73,0,0,15.0,127.42622375488281,0,1,0,0,0,1646.json,NotBuggy
15,0.025708366185426712,0.0021564910445643986,2,3,5,4,5.89,2,2,94.0,93.89090728759766,0,4,3,0,0,884.json,Buggy
3,0.161168172955513,0.8706084356347807,0,0,0,1,1.89,0,0,16.0,131.60296630859375,0,1,0,0,0,681.json,NotBuggy
4,0.7979804277420044,0.9703925005307524,0,0,0,1,1.73,0,0,12.0,128.936767578125,0,0,0,0,0,3776.json,NotBuggy
3,0.5663295388221741,0.8355807080959751,0,0,0,1,1.89,0,1,19.0,130.34019470214844,0,0,0,0,0,2944.json,NotBuggy
15,0.05165398493409157,0.002875851788245046,3,2,5,3,4.41,2,7,84.0,94.70579528808594,0,2,3,0,0,3255.json,NotBuggy
4,0.636830747127533,0.9315306300545682,0,0,0,1,1.73,0,0,15.0,127.42622375488281,0,1,0,0,0,1805.json,NotBuggy
4,0.5819938778877258,0.943173720112583,0,0,0,1,1.73,0,0,15.0,127.42622375488281,0,1,0,0,0,1469.json,NotBuggy
7,0.3632502257823944,0.26152602280638676,0,0,0,1,3.33,0,1,39.0,112.21089935302734,0,1,1,0,0,2816.json,NotBuggy
4,0.6291235685348511,0.9394671866244212,0,0,0,1,1.73,0,1,15.0,127.42622375488281,0,0,0,0,0,2785.json,NotBuggy
7,0.2652929127216339,0.7275684683668322,0,0,0,1,5.42,0,5,33.0,113.54297637939453,0,1,0,0,0,3453.json,NotBuggy
10,0.1329602301120758,0.12967699990736034,2,2,4,3,4.08,2,3,55.0,104.06228637695312,0,1,2,0,0,1051.json,NotBuggy
5,0.24376295506954193,0.7906679021527562,0,0,0,1,3.2,0,2,24.0,120.96249389648438,0,0,0,0,0,2635.json,Buggy
33,2.987622865475714E-4,2.9985251378880302E-5,3,12,15,7,2.52,2,11,152.0,77.70635223388672,0,1,2,0,0,1813.json,Buggy
9,0.014755930751562119,0.03601103866395766,0,0,0,1,3.33,0,7,59.0,106.12340545654297,0,1,0,0,0,2801.json,NotBuggy
4,0.4034862220287323,0.8965911593985476,0,0,0,1,1.73,0,0,17.0,126.4930648803711,0,1,0,0,0,3197.json,NotBuggy
4,0.06353820860385895,0.23103119099488043,0,0,0,1,2.0,0,2,33.0,122.3560791015625,0,1,1,0,0,2481.json,NotBuggy
13,0.271261990070343,0.011379416960121866,3,2,5,3,4.11,1,8,79.0,97.62165069580078,0,1,3,0,0,2566.json,Buggy
3,0.7092029452323914,0.9226762552056705,0,0,0,1,1.89,0,1,17.0,131.28770446777344,0,1,0,0,0,767.json,NotBuggy
4,0.5877751708030701,0.9412144415351207,0,0,0,1,1.73,0,1,17.0,126.62725830078125,0,0,0,0,0,2714.json,Buggy
5,0.17063653469085693,0.9409533316195376,0,0,0,1,1.96,0,2,17.0,123.32530975341797,0,0,0,0,0,2789.json,NotBuggy
6,0.15173019468784332,0.36395588021154196,0,0,0,1,1.98,0,3,37.0,114.98188781738281,0,1,2,0,0,1239.json,Buggy
14,0.0,4.9925416112674266E-5,0,0,0,1,4.64,0,6,118.0,95.51445770263672,0,0,0,0,0,3296.json,NotBuggy
4,0.4705789387226105,0.972314518375148,0,0,0,1,1.73,0,0,12.0,128.936767578125,0,0,0,0,0,3190.json,NotBuggy
4,0.7008339762687683,0.9766707339184325,0,0,0,1,1.73,0,1,13.0,128.73146057128906,0,0,0,0,0,3485.json,Buggy
4,0.831341564655304,0.8843601512313921,0,0,0,1,1.73,0,1,18.0,126.19583892822266,0,0,0,0,0,1066.json,NotBuggy
4,0.9075614809989929,0.6827491627488962,0,0,0,1,2.0,0,0,23.0,124.48601531982422,0,1,0,0,0,2344.json,NotBuggy
4,0.6078895330429077,0.8709271908188548,0,0,0,1,1.73,0,0,19.0,125.91468811035156,0,1,0,0,0,716.json,NotBuggy
15,0.17534789443016052,0.00491398943452026,2,4,6,4,3.77,3,4,83.0,94.7723617553711,0,1,3,0,0,1049.json,NotBuggy
8,0.2972845733165741,0.14682235168432925,4,2,6,2,2.65,1,5,47.0,108.613037109375,0,0,2,0,0,2579.json,Buggy
4,0.7433620691299438,0.9426910268899169,0,0,0,1,1.73,0,0,15.0,127.42622375488281,0,1,0,0,0,972.json,Buggy
47,0.0,2.0391744750773482E-10,16,11,27,8,7.9,5,25,232.0,69.18727111816406,0,1,8,0,0,2503.json,Buggy
10,0.023633526638150215,0.7124271057875495,2,1,3,2,2.53,1,5,48.0,105.25951385498047,0,1,1,0,0,899.json,Buggy
9,0.028516922146081924,0.8843725406374604,0,0,0,1,3.5,0,0,31.0,109.79678344726562,0,0,0,0,0,1904.json,NotBuggy
4,0.8866028785705566,0.9507329827081644,0,0,0,1,1.73,0,0,15.0,127.42622375488281,0,1,0,0,0,3051.json,NotBuggy
12,0.041683439165353775,0.013849190899028392,2,1,3,2,2.21,1,6,68.0,99.92803192138672,0,1,2,0,0,2103.json,Buggy
19,3.232882882002741E-4,2.2659647216583812E-8,6,6,12,4,3.48,1,17,151.0,87.4957275390625,0,1,5,0,0,1666.json,NotBuggy
11,0.5664061307907104,0.334591338486343,4,3,7,2,3.85,1,2,53.0,102.77725219726562,0,1,3,0,0,1054.json,NotBuggy
4,0.8013161420822144,0.9412849642123176,0,0,0,1,1.73,0,0,15.0,127.42622375488281,0,1,0,0,0,2273.json,NotBuggy
4,0.14006228744983673,0.7779878629329592,0,0,0,1,1.73,0,1,22.0,125.02987670898438,0,2,0,0,0,828.json,NotBuggy
13,0.5209015607833862,0.7811361310402978,1,3,4,5,2.97,2,3,47.0,100.35858917236328,0,1,0,0,0,1064.json,NotBuggy
8,0.07635899633169174,0.8930419828836559,0,0,0,1,3.46,0,0,27.0,112.51962280273438,0,0,0,0,0,1644.json,NotBuggy
7,0.38964781165122986,0.2090593768459944,1,1,2,2,3.33,0,3,45.0,111.17379760742188,0,2,1,0,0,2750.json,Buggy
4,0.021928628906607628,0.0826663718224202,0,0,0,1,2.0,0,2,38.0,121.87513732910156,0,0,0,0,0,3312.json,NotBuggy
31,4.403598723001778E-4,4.587493338533805E-4,9,7,16,7,3.09,2,15,162.0,78.5093994140625,1,2,5,0,0,1754.json,NotBuggy
4,0.7608674764633179,0.9807458570359698,0,0,0,1,1.73,0,1,14.0,128.13519287109375,0,0,0,0,0,2630.json,Buggy
12,0.25209060311317444,0.04270113423956695,0,0,0,2,2.56,1,1,64.0,100.33709716796875,0,1,2,0,0,2549.json,Buggy
3,0.7643868327140808,0.9647094157553551,0,0,0,1,1.89,0,0,12.0,133.59722900390625,0,0,0,0,0,2354.json,NotBuggy
4,0.7754533886909485,0.9884712148071266,0,0,0,1,1.73,0,0,12.0,128.936767578125,0,0,0,0,0,1342.json,NotBuggy
3,0.9908121228218079,0.9838570389524891,0,0,0,1,1.73,0,0,9.0,135.83412170410156,0,0,0,0,0,2723.json,NotBuggy
15,0.00400045420974493,0.0021572601245964593,3,2,5,3,4.45,2,12,94.0,94.3994140625,0,1,3,0,0,2111.json,Buggy
12,0.17861932516098022,0.5771585335444619,1,4,5,6,4.04,2,2,49.0,101.20858001708984,0,1,0,0,0,1093.json,NotBuggy
5,0.1857309192419052,0.9436635909680501,0,0,0,1,1.96,0,2,17.0,123.32530975341797,0,0,0,0,0,2671.json,NotBuggy
3,0.5596054792404175,0.8749197647626026,0,0,0,1,1.89,0,2,21.0,129.93223571777344,0,1,0,0,0,3598.json,NotBuggy
18,0.07648079842329025,2.93876043943279E-5,3,2,5,3,2.71,1,7,116.0,89.85126495361328,1,0,5,0,0,783.json,Buggy
4,0.9514790773391724,0.9714879874573812,0,0,0,1,1.73,0,0,13.0,128.335205078125,0,0,0,0,0,3798.json,NotBuggy
10,0.3155350685119629,0.7307626283577013,1,1,2,2,2.8,1,4,41.0,106.00907897949219,0,0,1,0,0,2730.json,Buggy
8,0.06121859699487686,0.13076158880129027,1,2,3,2,3.71,1,4,48.0,108.94869232177734,0,1,1,0,0,3463.json,NotBuggy
4,0.6074831485748291,0.8789065986836059,0,0,0,1,1.73,0,1,18.0,126.19583892822266,0,0,0,0,0,2717.json,Buggy
6,0.07474206387996674,0.9301825758815345,0,0,0,1,2.98,0,0,19.0,119.34615325927734,0,0,0,0,0,2996.json,NotBuggy
4,0.3563527464866638,0.9277720117906753,0,0,0,1,1.73,0,0,15.0,127.42622375488281,0,1,0,0,0,1979.json,NotBuggy
4,0.5906170606613159,0.8585408614266349,0,0,0,1,1.73,0,1,18.0,126.19583892822266,0,0,0,0,0,2649.json,Buggy
9,0.024401241913437843,0.8662606597211938,0,0,0,1,3.5,0,0,31.0,109.79678344726562,0,0,0,0,0,3107.json,NotBuggy
3,0.6797986030578613,0.7556777505679892,0,0,0,1,1.89,0,1,21.0,130.05470275878906,0,1,0,0,0,845.json,Buggy
5,0.102230004966259,0.747389263187196,0,0,0,1,4.66,0,2,23.0,121.07132720947266,0,1,0,0,0,1232.json,NotBuggy
8,0.6056401133537292,0.3765458287022167,1,1,2,3,3.87,2,3,44.0,108.89744567871094,0,1,1,0,0,1614.json,NotBuggy
4,0.8609198927879333,0.9601092382415302,0,0,0,1,1.73,0,0,15.0,127.42622375488281,0,1,0,0,0,3181.json,NotBuggy
3,0.7189555168151855,0.9189552321272497,0,0,0,1,1.89,0,0,14.0,132.4454345703125,0,0,0,0,0,598.json,NotBuggy
3,0.7815108299255371,0.912750946496201,0,0,0,1,1.89,0,0,14.0,132.4454345703125,0,0,0,0,0,529.json,NotBuggy
3,0.8422347903251648,0.6950776896601902,0,0,0,1,1.89,0,2,20.0,130.18594360351562,0,1,0,0,0,3557.json,NotBuggy
4,0.29127243161201477,0.3604691919611412,0,0,0,1,2.0,0,3,33.0,122.4349365234375,0,2,1,0,0,1853.json,NotBuggy
3,0.018636520951986313,0.21859176176343662,0,0,0,1,1.89,0,3,30.0,127.59099578857422,0,1,0,0,0,2119.json,NotBuggy
35,7.749481592327356E-4,6.498686312106067E-6,3,11,14,13,4.3,3,9,164.0,75.00713348388672,0,1,3,0,0,1417.json,Buggy
4,0.6675601601600647,0.9433289469762783,0,0,0,1,1.73,0,1,15.0,127.42622375488281,0,0,0,0,0,2786.json,NotBuggy
3,0.10827614367008209,0.3690806503264419,0,0,0,1,1.89,0,3,27.0,128.22288513183594,0,1,0,0,0,918.json,NotBuggy
5,0.8557252287864685,0.9348419881002867,0,0,0,1,1.96,0,1,18.0,122.58091735839844,0,0,0,0,0,2486.json,NotBuggy
7,0.1281462460756302,0.531509817769884,0,0,0,1,1.98,0,4,35.0,113.06318664550781,0,3,0,0,0,3323.json,Buggy
9,0.02981530874967575,0.016289577232880735,2,1,3,3,3.82,2,5,61.0,105.06708526611328,0,2,2,0,0,500.json,NotBuggy
3,0.8043752908706665,0.9293053454844917,0,0,0,1,1.89,0,0,12.0,133.59722900390625,0,0,0,0,0,536.json,NotBuggy
22,0.0291889701038599,2.3944267247027473E-5,1,1,2,2,6.62,1,11,132.0,86.1025161743164,0,4,4,0,0,3041.json,NotBuggy
8,0.6567973494529724,0.1630030961574683,2,1,3,2,3.12,1,1,46.0,108.83641052246094,0,1,1,0,0,2845.json,NotBuggy
4,0.7923370003700256,0.9545229797031237,0,0,0,1,1.73,0,1,13.0,128.5205535888672,0,0,0,0,0,2633.json,NotBuggy
4,0.29127243161201477,0.3604691919611412,0,0,0,1,2.0,0,3,33.0,122.4349365234375,0,2,1,0,0,1866.json,NotBuggy
3,0.46764078736305237,0.8833849986903439,0,0,0,1,1.89,0,1,15.0,132.25152587890625,0,0,0,0,0,3479.json,NotBuggy
11,0.2930033504962921,0.13027365469853783,2,1,3,3,3.92,2,3,56.0,102.21104431152344,0,1,3,0,0,2925.json,NotBuggy
50,0.0,4.2439142069218725E-17,8,9,17,10,6.98,4,34,314.0,65.91661071777344,0,2,12,0,0,3258.json,Buggy
4,0.522602379322052,0.900311580969043,0,0,0,1,1.73,0,0,16.0,126.94251251220703,0,1,0,0,0,2007.json,NotBuggy
3,0.7501014471054077,0.7144900304788672,0,0,0,1,1.89,0,1,19.0,130.45266723632812,0,1,0,0,0,1840.json,NotBuggy
20,9.91680077277124E-4,0.6419291856307391,2,2,4,3,3.68,1,20,69.0,91.9876708984375,0,1,0,0,0,3560.json,NotBuggy
3,0.6246797442436218,0.9028621732841631,0,0,0,1,1.89,0,1,15.0,132.086669921875,0,0,0,0,0,533.json,NotBuggy
4,0.9344408512115479,0.9778733533528424,0,0,0,1,1.73,0,0,15.0,127.42622375488281,0,1,0,0,0,797.json,NotBuggy
3,0.7664092183113098,0.950836505777875,0,0,0,1,1.89,0,1,12.0,133.80813598632812,0,0,0,0,0,1099.json,NotBuggy
8,0.046648211777210236,0.08550806129034144,0,0,0,1,4.66,0,6,49.0,108.73788452148438,0,0,2,0,0,2689.json,NotBuggy
14,0.017825299873948097,1.1256003289066936E-4,1,2,3,3,4.98,2,8,100.0,95.15113067626953,0,1,3,0,0,3834.json,NotBuggy
3,0.6233307123184204,0.901683628595841,0,0,0,1,1.89,0,0,17.0,131.28770446777344,0,1,0,0,0,666.json,NotBuggy
3,0.5519450306892395,0.7257965448920012,0,0,0,1,1.89,0,1,19.0,130.34019470214844,0,0,0,0,0,559.json,NotBuggy
3,0.06173443794250488,0.9415146099304615,0,0,0,1,1.89,0,0,12.0,133.59722900390625,0,0,0,0,0,1553.json,NotBuggy
4,0.4365830719470978,0.9733872964171548,0,0,0,1,1.73,0,0,12.0,128.936767578125,0,0,0,0,0,3773.json,NotBuggy
3,0.06173443794250488,0.9415146099304615,0,0,0,1,1.89,0,0,12.0,133.59722900390625,0,0,0,0,0,2328.json,NotBuggy
4,0.6860044598579407,0.9323859069996108,0,0,0,1,1.73,0,0,15.0,127.42622375488281,0,1,0,0,0,1804.json,NotBuggy
6,0.5273672342300415,0.27412325928960735,0,0,0,1,2.0,0,3,37.0,115.11836242675781,0,1,2,0,0,1677.json,NotBuggy
8,0.6764518618583679,0.6150060165176815,1,1,2,2,2.65,1,2,36.0,110.60749816894531,0,1,1,0,0,1318.json,NotBuggy
8,0.08408854901790619,0.05021444246817947,1,1,2,2,3.12,1,11,53.0,108.2890625,0,0,0,0,0,2588.json,NotBuggy
4,0.45705217123031616,0.9601926336632137,0,0,0,1,1.73,0,0,12.0,128.936767578125,0,0,0,0,0,2616.json,Buggy
28,0.0,2.608746841071808E-8,4,3,7,4,4.12,2,10,167.0,80.56867218017578,0,2,5,0,0,2931.json,NotBuggy
9,0.05333603546023369,0.11101205798988344,2,3,5,2,4.22,1,4,51.0,106.58100128173828,0,1,1,0,0,3464.json,NotBuggy
9,0.8995743989944458,0.31468284060360807,1,1,2,2,2.4,1,2,48.0,106.70701599121094,0,1,2,0,0,3828.json,Buggy
3,0.890204906463623,0.9536877974969233,0,0,0,1,1.89,0,0,12.0,133.59722900390625,0,0,0,0,0,3471.json,NotBuggy
5,0.6222655177116394,0.6223509675685437,0,0,0,1,4.66,0,2,24.0,120.6497802734375,0,1,0,0,0,1948.json,NotBuggy
8,0.01786164939403534,0.8765103648855179,0,0,0,1,10.0,0,0,31.0,111.70487213134766,0,0,0,0,0,2194.json,NotBuggy
3,0.0017176559194922447,0.8502083363745245,0,0,0,1,1.89,0,1,17.0,131.28770446777344,0,1,0,0,0,3643.json,NotBuggy
14,0.11546534299850464,0.6606353568235209,1,3,4,4,4.75,2,4,52.0,98.86233520507812,0,1,0,0,0,1675.json,Buggy
13,0.03956218808889389,0.07661300190275495,2,2,4,3,3.64,2,5,65.0,98.88624572753906,0,1,2,0,0,1578.json,Buggy
4,0.643344521522522,0.9308732081444004,0,0,0,1,1.73,0,0,15.0,127.42622375488281,0,1,0,0,0,3315.json,NotBuggy
3,0.4008580446243286,0.9329833224026465,0,0,0,1,1.89,0,0,12.0,133.59722900390625,0,0,0,0,0,3771.json,NotBuggy
3,0.7138702273368835,0.9556668633747984,0,0,0,1,1.89,0,0,12.0,133.59722900390625,0,0,0,0,0,1849.json,NotBuggy
5,0.15069206058979034,0.8833365026349215,0,0,0,1,3.2,0,3,21.0,121.77933502197266,0,0,0,0,0,2575.json,Buggy
12,0.23469454050064087,0.041201659122466566,0,0,0,2,3.59,1,1,64.0,100.24327850341797,0,1,1,0,0,777.json,Buggy
3,0.6246797442436218,0.9028621732841631,0,0,0,1,1.89,0,1,15.0,132.086669921875,0,0,0,0,0,596.json,NotBuggy
17,0.02237747050821781,0.05993784415879864,1,3,4,5,4.22,2,4,75.0,93.28176879882812,0,1,1,0,0,1285.json,NotBuggy
3,0.26586446166038513,0.5283886073528599,0,0,0,1,1.89,0,2,24.0,129.0215301513672,0,1,0,0,0,3835.json,NotBuggy
3,0.9074175357818604,0.8330069174772305,0,0,0,1,1.89,0,0,18.0,130.99049377441406,0,0,0,0,0,542.json,NotBuggy
3,0.824433445930481,0.8826999054448973,0,0,0,1,1.89,0,0,15.0,132.086669921875,0,1,0,0,0,776.json,NotBuggy
17,0.16197507083415985,0.9693177197077611,2,2,4,3,2.82,1,6,53.0,96.34135437011719,0,0,0,0,0,3346.json,Buggy
4,0.7790248394012451,0.9301361376839051,0,0,0,1,1.73,0,0,15.0,127.42622375488281,0,1,0,0,0,3228.json,NotBuggy
23,0.004943030420690775,1.4342034219626614E-5,7,5,12,6,7.84,4,14,125.0,84.71881103515625,0,1,6,0,0,3282.json,Buggy
6,0.3196620047092438,0.5093181376738851,0,0,0,1,2.98,0,4,32.0,115.94755554199219,0,0,1,0,0,2737.json,Buggy
3,0.2777561843395233,0.5851554599077448,0,0,0,1,1.89,0,1,22.0,129.37762451171875,0,1,0,0,0,1964.json,NotBuggy
3,0.04885352402925491,0.933680666018963,0,0,0,1,1.89,0,0,12.0,133.59722900390625,0,0,0,0,0,946.json,NotBuggy
3,0.31146591901779175,0.8597083833735502,0,0,0,1,1.89,0,0,17.0,131.28770446777344,0,1,0,0,0,1200.json,NotBuggy
4,0.6597408652305603,0.9305739708463091,0,0,0,1,1.73,0,2,21.0,125.52845764160156,0,0,0,0,0,2628.json,Buggy
3,0.399231493473053,0.39384382725490025,0,0,0,1,1.89,0,2,24.0,129.0215301513672,0,1,0,0,0,2353.json,NotBuggy
3,0.13558532297611237,0.9020558165363158,0,0,0,1,1.89,0,1,15.0,132.25152587890625,0,0,0,0,0,3645.json,NotBuggy
4,0.647135853767395,0.8549559046205264,0,0,0,1,1.73,0,1,18.0,126.19583892822266,0,1,0,0,0,1901.json,NotBuggy
4,0.7381616830825806,0.9060703503227228,0,0,0,1,1.73,0,1,18.0,126.19583892822266,0,1,0,0,0,3808.json,NotBuggy
15,7.863459759391844E-4,5.061712973443751E-7,7,4,11,3,2.53,1,17,131.0,92.32669067382812,0,1,4,0,0,1168.json,Buggy
13,0.6027087569236755,0.7236700916476638,2,2,4,3,3.41,2,5,63.0,99.04875183105469,0,1,2,0,0,2632.json,Buggy
4,0.02326306514441967,0.9028486771316725,0,0,0,1,1.73,0,0,17.0,126.62725830078125,0,1,0,0,0,1358.json,NotBuggy
28,1.698431296972558E-4,3.257961741345724E-5,6,9,15,8,6.49,4,17,142.0,80.71443939208984,0,1,2,0,0,1220.json,Buggy
4,0.5516368746757507,0.8711299188801824,0,0,0,1,1.73,0,1,18.0,126.0733642578125,0,0,0,0,0,1573.json,NotBuggy
9,0.2625230550765991,0.04968364543259612,3,2,5,2,2.95,1,6,55.0,105.69178771972656,0,2,1,0,0,3075.json,Buggy
20,0.004036846105009317,2.2359714697955524E-6,6,5,11,5,4.17,3,18,133.0,86.89037322998047,0,2,3,0,0,3242.json,Buggy
10,0.7065894603729248,0.8787909255636623,1,1,2,2,2.53,1,1,41.0,106.07918548583984,0,2,1,0,0,2067.json,NotBuggy
4,0.42658376693725586,0.09349920908571516,0,0,0,1,2.0,0,3,37.0,121.68689727783203,0,1,1,0,0,2384.json,NotBuggy
22,0.01516782771795988,2.5855313102380024E-5,5,5,10,5,4.25,2,14,140.0,85.191650390625,1,1,4,0,0,2951.json,Buggy
12,0.11566753685474396,7.643687249953335E-4,1,1,2,2,2.21,1,7,82.0,98.78710174560547,0,1,6,0,0,1680.json,Buggy
4,0.581935703754425,0.9428505806888435,0,0,0,1,1.73,0,0,15.0,127.42622375488281,0,1,0,0,0,2268.json,NotBuggy
4,0.26000794768333435,0.9314721420378861,0,0,0,1,1.73,0,0,15.0,127.42622375488281,0,1,0,0,0,1978.json,NotBuggy
14,0.18300652503967285,0.09186751644373883,0,0,0,2,3.19,1,1,64.0,97.79199981689453,0,1,2,0,0,644.json,Buggy
4,0.7349525094032288,0.928785153630198,0,0,0,1,1.73,0,0,15.0,127.42622375488281,0,1,0,0,0,2132.json,NotBuggy
4,0.35599857568740845,0.8716635414466452,0,0,0,1,1.73,0,0,16.0,126.94251251220703,0,1,0,0,0,2496.json,NotBuggy
4,0.6957510709762573,0.9200540422785847,0,0,0,1,1.73,0,0,15.0,127.42622375488281,0,1,0,0,0,763.json,NotBuggy
4,0.8166608810424805,0.9213761691162928,0,0,0,1,1.73,0,0,17.0,126.4930648803711,0,1,0,0,0,3195.json,NotBuggy
13,0.14760468900203705,0.23195628325810408,2,3,5,3,3.96,2,2,58.0,99.42427825927734,0,1,2,0,0,1625.json,NotBuggy
4,0.36871862411499023,0.907338652869597,0,0,0,1,1.73,0,0,15.0,127.42622375488281,0,1,0,0,0,1357.json,NotBuggy
4,0.7595005631446838,0.8812657546717217,0,0,0,1,1.73,0,1,18.0,126.19583892822266,0,0,0,0,0,1789.json,NotBuggy
15,0.0025144268292933702,0.01180579248062459,4,2,6,3,4.81,2,6,79.0,95.25920867919922,0,5,1,0,0,2761.json,Buggy
3,0.6902966499328613,0.8813758459482199,0,0,0,1,1.89,0,1,17.0,131.28770446777344,0,1,0,0,0,560.json,NotBuggy
6,0.8276008367538452,0.5321926433795917,0,0,0,1,2.98,0,2,33.0,115.86640167236328,0,1,1,0,0,2164.json,NotBuggy
18,0.2655693590641022,0.2217897384531964,3,3,6,4,2.63,1,9,84.0,92.1080322265625,0,1,2,0,0,3333.json,Buggy
22,0.003897005459293723,1.0940362653887267E-4,2,2,4,3,2.6,1,9,117.0,86.7099380493164,0,3,6,0,0,2031.json,NotBuggy
12,0.043044719845056534,0.35798470618676353,0,0,0,1,3.32,0,9,54.0,102.0765380859375,0,0,0,0,0,2788.json,Buggy
25,0.062038227915763855,1.7990832626000721E-6,7,5,12,5,4.97,3,11,153.0,82.4456787109375,0,1,6,0,0,3077.json,Buggy
5,0.010833026841282845,0.44786175844000764,0,0,0,1,12.75,0,2,33.0,118.82000732421875,0,3,0,0,0,1776.json,NotBuggy
43,0.0052371518686413765,2.1574089324265205E-7,9,10,19,10,6.45,5,8,202.0,71.16661834716797,0,1,9,0,0,2185.json,Buggy
3,0.4632857143878937,0.7707485518981076,0,0,0,1,1.89,0,1,18.0,130.99049377441406,0,2,0,0,0,590.json,NotBuggy
3,0.11487578600645065,0.9039208202905286,0,0,0,1,1.89,0,1,13.0,133.18099975585938,0,0,0,0,0,611.json,NotBuggy
4,0.9307262301445007,0.9666752594041597,0,0,0,1,1.73,0,0,15.0,127.42622375488281,0,1,0,0,0,2379.json,NotBuggy
4,0.5646315813064575,0.9458526620586913,0,0,0,1,1.73,0,1,16.0,127.09062194824219,0,1,0,0,0,3503.json,NotBuggy
4,0.3662082254886627,0.937823071425401,0,0,0,1,1.73,0,0,15.0,127.42622375488281,0,1,0,0,0,2276.json,NotBuggy
4,0.5977913737297058,0.9660011647905501,0,0,0,1,1.73,0,0,13.0,128.335205078125,0,0,0,0,0,2095.json,NotBuggy
5,0.07875443249940872,0.9007464286209919,0,0,0,1,14.09,0,1,23.0,121.18380737304688,0,3,0,0,0,3810.json,Buggy
3,0.9097299575805664,0.8968286199754886,0,0,0,1,1.89,0,0,15.0,131.9385528564453,0,1,0,0,0,1602.json,NotBuggy
13,0.32973572611808777,0.39685292031674557,1,3,4,5,2.97,2,3,54.0,99.44740295410156,0,1,0,0,0,1650.json,NotBuggy
4,0.6771830320358276,0.9031204762187255,0,0,0,1,1.73,0,1,18.0,126.33003997802734,0,1,0,0,0,667.json,NotBuggy
4,0.2264762967824936,0.9362646168625072,0,0,0,1,1.73,0,1,15.0,127.59107971191406,0,0,0,0,0,831.json,NotBuggy
13,0.17340724170207977,0.26499537228583125,2,2,4,3,2.46,2,3,58.0,99.47875213623047,0,2,1,0,0,2404.json,NotBuggy
13,0.3317367732524872,0.03769515395939116,4,3,7,4,3.52,2,7,73.0,97.8023910522461,0,1,2,0,0,1348.json,Buggy
3,0.4713984727859497,0.9368320717898831,0,0,0,1,1.89,0,0,12.0,133.59722900390625,0,0,0,0,0,3473.json,NotBuggy
4,0.9294669032096863,0.9881911667809635,0,0,0,1,1.73,0,0,12.0,128.936767578125,0,0,0,0,0,992.json,NotBuggy
10,0.18145214021205902,0.007016696782998098,5,4,9,3,4.8,2,7,67.0,102.72867584228516,0,1,2,0,0,1507.json,NotBuggy
4,0.7349525094032288,0.9280598834033424,0,0,0,1,1.73,0,0,15.0,127.42622375488281,0,1,0,0,0,2131.json,NotBuggy
5,0.7141630053520203,0.914578437773889,0,0,0,1,1.96,0,1,21.0,121.77933502197266,0,0,1,0,0,834.json,NotBuggy
4,0.7216610312461853,0.7199434559105504,0,0,0,1,1.73,0,2,22.0,124.91740417480469,0,1,0,0,0,3662.json,NotBuggy
5,0.019453540444374084,0.2872150901670535,0,0,0,1,4.66,0,3,36.0,118.07797241210938,0,3,0,0,0,1323.json,NotBuggy
4,0.6516684293746948,0.9844019784034068,0,0,0,1,1.73,0,0,12.0,128.936767578125,0,0,0,0,0,1343.json,NotBuggy
3,0.752953827381134,0.8978374993388542,0,0,0,1,1.89,0,0,14.0,132.4454345703125,0,0,0,0,0,604.json,NotBuggy
3,0.054157983511686325,0.9426324298035706,0,0,0,1,1.89,0,0,12.0,133.59722900390625,0,0,0,0,0,1529.json,NotBuggy
4,0.29219624400138855,0.46683778596669034,0,0,0,1,1.73,0,3,27.0,123.74861145019531,0,1,0,0,0,1149.json,NotBuggy
12,0.13373753428459167,0.014822825296582838,1,1,2,2,3.2,1,7,66.0,100.12922668457031,0,1,2,0,0,3115.json,NotBuggy
3,0.765251636505127,0.7163982453639934,0,0,0,1,1.89,0,1,18.0,130.85629272460938,0,1,0,0,0,1170.json,NotBuggy
10,0.5543472170829773,0.6541370960354033,1,1,2,2,2.53,1,1,39.0,106.33924102783203,0,1,1,0,0,2826.json,NotBuggy
3,1.6074272571131587E-4,0.849991395987642,0,0,0,1,1.89,0,1,17.0,131.43582153320312,0,1,0,0,0,3501.json,NotBuggy
3,0.029123181477189064,0.3022458823615934,0,0,0,1,1.89,0,1,27.0,128.1388702392578,0,2,0,0,0,1182.json,NotBuggy
8,0.033796317875385284,0.07737819574446103,1,1,2,2,2.83,1,4,51.0,108.29985046386719,0,2,1,0,0,2679.json,NotBuggy
15,0.37574389576911926,0.3271734530129101,4,3,7,4,2.99,2,6,75.0,95.43742370605469,0,1,3,0,0,2433.json,Buggy
3,0.9062639474868774,0.9589014124787432,0,0,0,1,1.89,0,0,12.0,133.59722900390625,0,0,0,0,0,607.json,NotBuggy
4,0.880396842956543,0.9512304054322438,0,0,0,1,1.73,0,0,15.0,127.42622375488281,0,1,0,0,0,722.json,NotBuggy
4,0.5662112832069397,0.697851134228903,0,0,0,1,1.73,0,2,23.0,124.58238983154297,0,1,0,0,0,3344.json,Buggy
4,0.7725218534469604,0.9644531539242023,0,0,0,1,1.73,0,1,15.0,127.42622375488281,0,0,0,0,0,2711.json,Buggy
5,0.24376295506954193,0.7906679021527562,0,0,0,1,3.2,0,2,24.0,120.96249389648438,0,0,0,0,0,2647.json,Buggy
3,0.9341458678245544,0.9702165949876502,0,0,0,1,1.89,0,0,12.0,133.59722900390625,0,0,0,0,0,915.json,NotBuggy
31,0.0,3.34266836620551E-5,1,18,19,20,2.21,2,5,139.0,76.28395080566406,0,1,0,0,0,1783.json,NotBuggy
4,0.06509915739297867,0.9345327729601852,0,0,0,1,1.73,0,0,15.0,127.42622375488281,0,1,0,0,0,2606.json,NotBuggy
3,0.037188462913036346,0.7342887861017363,0,0,0,1,1.89,0,0,20.0,129.87322998046875,0,1,0,0,0,2477.json,NotBuggy
4,0.47332870960235596,0.8866015242051436,0,0,0,1,1.73,0,2,18.0,126.33003997802734,0,1,0,0,0,772.json,NotBuggy
4,0.5696132183074951,0.9614837745961604,0,0,0,1,1.73,0,0,13.0,128.335205078125,0,0,0,0,0,3751.json,NotBuggy
3,0.6069072484970093,0.7493189885388722,0,0,0,1,1.89,0,1,19.0,130.34019470214844,0,0,0,0,0,712.json,NotBuggy
12,0.004450501408427954,3.974487244296643E-5,3,2,5,3,3.82,2,8,99.0,97.43164825439453,0,1,5,0,0,627.json,NotBuggy
31,0.06367409974336624,6.383719673565503E-5,6,5,11,7,3.34,2,7,148.0,78.72307586669922,0,2,3,0,0,3753.json,Buggy
4,0.557104229927063,0.9024314571344907,0,0,0,1,1.73,0,1,17.0,126.62725830078125,0,1,0,0,0,825.json,NotBuggy
6,0.7394723296165466,0.7553345538580422,1,1,2,2,2.98,1,1,26.0,116.96014404296875,0,1,0,0,0,1485.json,Buggy
3,0.10585658997297287,0.8444228198405958,0,0,0,1,1.89,0,0,17.0,131.28770446777344,0,1,0,0,0,1664.json,NotBuggy
5,0.6571168899536133,0.6993371534910816,0,0,0,1,1.96,0,2,26.0,120.3299331665039,0,1,0,0,0,1652.json,NotBuggy
4,0.7297197580337524,0.877012300223978,0,0,0,1,1.73,0,1,16.0,126.94251251220703,0,1,0,0,0,2501.json,NotBuggy
6,0.3187803328037262,0.2563946167547102,0,0,0,1,5.5,0,1,43.0,114.33689880371094,0,1,0,0,0,1153.json,Buggy
4,0.6475445032119751,0.9404009717310258,0,0,0,1,1.73,0,0,15.0,127.42622375488281,0,1,0,0,0,766.json,NotBuggy
9,9.691960294730961E-4,0.0011689834039084347,0,0,0,1,9.75,0,4,73.0,104.2821044921875,0,5,2,0,0,3314.json,NotBuggy
10,0.1989283263683319,0.679513741621555,2,1,3,3,4.08,2,1,43.0,105.46504974365234,0,1,2,0,0,3646.json,NotBuggy
11,0.11050228774547577,0.4279413741519022,2,2,4,3,4.0,2,4,51.0,103.17024230957031,0,1,1,0,0,1119.json,NotBuggy
3,0.297427237033844,0.8513310474490995,0,0,0,1,1.89,0,2,18.0,130.85629272460938,0,1,0,0,0,866.json,NotBuggy
3,0.17320381104946136,0.1802986975063125,0,0,0,1,1.89,0,3,32.0,127.102294921875,0,2,0,0,0,1212.json,NotBuggy
4,0.5065964460372925,0.9657719912958702,0,0,0,1,1.73,0,0,12.0,128.936767578125,0,0,0,0,0,2070.json,NotBuggy
20,0.0010259223636239767,3.571698735665926E-8,4,3,7,3,3.85,2,8,146.0,86.76412200927734,0,4,6,0,0,3247.json,Buggy
3,0.9327423572540283,0.9532854762645253,0,0,0,1,1.89,0,0,12.0,133.59722900390625,0,0,0,0,0,2416.json,NotBuggy
5,0.10492521524429321,0.4928547892853017,0,0,0,1,3.58,0,1,29.0,119.2686996459961,0,2,0,0,0,647.json,NotBuggy
19,0.0,0.1255447447628125,0,0,0,1,2.61,0,0,75.0,92.34781646728516,0,0,0,0,0,2890.json,NotBuggy
3,0.297427237033844,0.8513310474490995,0,0,0,1,1.89,0,2,18.0,130.85629272460938,0,1,0,0,0,867.json,NotBuggy
4,0.52764493227005,0.9237100064528528,0,0,0,1,1.73,0,0,15.0,127.42622375488281,0,1,0,0,0,1163.json,NotBuggy
24,0.040188372135162354,3.521940375988313E-5,2,2,4,5,4.88,2,9,133.0,83.93675994873047,0,0,3,0,0,782.json,Buggy
4,0.28114667534828186,0.9150917200579077,0,0,0,1,1.73,0,0,16.0,126.94251251220703,0,1,0,0,0,2860.json,NotBuggy
6,0.5463913083076477,0.7668317596693334,2,1,3,2,2.98,1,2,26.0,117.0499496459961,0,1,0,0,0,1094.json,Buggy
3,0.8876162171363831,0.8822043526074885,0,0,0,1,1.89,0,0,16.0,131.60296630859375,0,1,0,0,0,679.json,NotBuggy
4,0.39573368430137634,0.9851466850421834,0,0,0,1,1.73,0,0,12.0,128.936767578125,0,0,0,0,0,2697.json,Buggy
8,0.7536935210227966,0.7503713305437975,1,1,2,2,6.32,1,2,32.0,110.98286437988281,0,0,0,0,0,2851.json,Buggy
7,0.3263200521469116,0.34779463028070573,2,2,4,2,2.56,1,3,43.0,111.60965728759766,0,1,1,0,0,2219.json,NotBuggy
28,0.0,1.422759048119621E-4,1,18,19,20,2.08,2,3,128.0,78.42585754394531,0,1,0,0,0,1784.json,NotBuggy
4,0.018909893929958344,0.8288167935241508,0,0,0,1,1.73,0,2,22.0,125.02987670898438,0,0,0,0,0,2576.json,Buggy
45,0.0,1.3425868770070938E-15,10,15,25,13,4.86,8,37,308.0,67.49472045898438,0,2,2,0,0,1421.json,Buggy
11,0.6390557289123535,0.9432536272655633,2,3,5,3,2.22,1,3,56.0,102.68390655517578,1,1,1,0,0,2656.json,Buggy
3,0.8692639470100403,0.755805420104772,0,0,0,1,1.89,0,1,19.0,130.45266723632812,0,1,0,0,0,1952.json,NotBuggy
8,0.03864997252821922,0.04022480198523759,1,1,2,2,5.98,1,10,55.0,107.7956771850586,0,0,1,0,0,2580.json,NotBuggy
31,0.0,3.350066524014205E-5,1,19,20,21,2.12,2,4,139.0,76.05394744873047,0,1,0,0,0,1569.json,Buggy
6,0.6172659397125244,0.9130472899558341,0,0,0,1,2.0,0,2,23.0,118.23019409179688,0,0,0,0,0,2439.json,Buggy
3,0.5566662549972534,0.8808401773664655,0,0,0,1,1.89,0,1,15.0,132.086669921875,0,0,0,0,0,3476.json,NotBuggy
3,0.8953095078468323,0.9756226352817791,0,0,0,1,1.89,0,0,12.0,133.59722900390625,0,0,0,0,0,1524.json,NotBuggy
38,0.0,2.0213889718083815E-4,0,0,0,1,2.28,0,0,147.0,76.94644927978516,0,0,0,0,0,1245.json,NotBuggy
6,0.012096867896616459,0.06772556118002464,0,0,0,1,4.99,0,2,46.0,114.1393051147461,0,0,0,0,0,3301.json,NotBuggy
4,0.9205211400985718,0.9818430326047843,0,0,0,1,1.73,0,0,12.0,128.936767578125,0,0,0,0,0,3187.json,NotBuggy
4,0.8915078639984131,0.9754128035839472,0,0,0,1,1.73,0,0,12.0,128.936767578125,0,0,0,0,0,2069.json,NotBuggy
4,0.924234926700592,0.9784641687273568,0,0,0,1,1.73,0,0,12.0,128.936767578125,0,0,0,0,0,824.json,NotBuggy
4,0.431585431098938,0.8921987328574148,0,0,0,1,1.73,0,0,17.0,126.4930648803711,0,1,0,0,0,2172.json,Buggy
19,0.02798641100525856,0.010870363394968437,1,1,2,4,6.53,2,7,89.0,90.45671081542969,0,2,1,0,0,865.json,Buggy
5,0.5610404014587402,0.37063769184924805,0,0,0,1,2.99,0,3,33.0,118.90401458740234,0,1,1,0,0,2155.json,NotBuggy
5,0.687613308429718,0.8657410470798527,0,0,0,1,1.96,0,1,22.0,121.41495513916016,0,0,0,0,0,988.json,NotBuggy
40,0.0,4.527561483088099E-8,5,7,12,8,7.57,4,17,236.0,71.98927307128906,1,3,4,0,0,817.json,Buggy
4,0.1657986044883728,0.6256369978560619,0,0,0,1,2.0,0,2,28.0,123.55950164794922,0,1,0,0,0,522.json,NotBuggy
6,0.38034573197364807,0.9392181131336368,0,0,0,1,2.98,0,0,19.0,119.34615325927734,0,0,0,0,0,2886.json,NotBuggy
12,0.0142060536891222,0.004226542548363782,2,2,4,3,2.31,1,7,79.0,99.16861724853516,0,0,3,0,0,1042.json,NotBuggy
4,0.04008111730217934,0.9641220924351408,0,0,0,1,1.73,0,0,12.0,128.936767578125,0,0,0,0,0,1405.json,NotBuggy
3,0.6627423167228699,0.7097841069610488,0,0,0,1,1.89,0,0,19.0,130.57513427734375,0,0,0,0,0,965.json,NotBuggy
7,0.344901978969574,0.4377758737677078,3,1,4,2,2.56,1,2,38.0,112.18234252929688,0,1,1,0,0,1195.json,NotBuggy
10,0.007963687181472778,0.8528893751645729,0,0,0,1,3.49,0,0,35.0,107.36906433105469,0,0,0,0,0,1360.json,NotBuggy
3,0.8656308650970459,0.8729292958367437,0,0,0,1,1.89,0,1,15.0,132.086669921875,0,1,0,0,0,1503.json,NotBuggy
13,0.014359291642904282,0.001860022954825829,2,2,4,3,3.45,2,5,80.0,97.42842102050781,0,1,3,0,0,2232.json,NotBuggy
10,0.25344118475914,0.02288408894567534,3,2,5,3,4.47,2,1,69.0,102.71943664550781,0,1,1,0,0,2409.json,Buggy
7,0.10887347161769867,0.4613960304869131,1,1,2,2,2.56,1,3,38.0,112.40554809570312,0,0,1,0,0,1842.json,NotBuggy
4,0.8675945997238159,0.9750511923976122,0,0,0,1,1.73,0,0,12.0,128.936767578125,0,0,0,0,0,2071.json,NotBuggy
16,0.050688404589891434,2.907107927611118E-4,1,1,2,3,4.18,2,10,94.0,92.97442626953125,0,1,3,0,0,3293.json,NotBuggy
3,0.06173443794250488,0.9415146099304615,0,0,0,1,1.89,0,0,12.0,133.59722900390625,0,0,0,0,0,1216.json,NotBuggy
11,0.12533417344093323,0.04722948681886337,4,2,6,3,3.74,2,1,63.0,101.70055389404297,0,1,3,0,0,2298.json,Buggy
7,0.04609135538339615,0.6479465935238998,0,0,0,1,19.03,0,1,33.0,113.21605682373047,0,3,0,0,0,812.json,NotBuggy
16,0.026945944875478745,0.0045401351268658,1,3,4,3,4.1,2,6,82.0,93.97730255126953,0,1,3,0,0,1410.json,NotBuggy
3,0.5069955587387085,0.5007971505334275,0,0,0,1,1.89,0,2,24.0,129.0215301513672,0,1,0,0,0,2300.json,NotBuggy
4,0.7541362047195435,0.9849131538757679,0,0,0,1,1.73,0,0,11.0,129.6001434326172,0,0,0,0,0,2968.json,NotBuggy
49,2.766613324638456E-4,8.059903689477268E-10,20,16,36,10,5.16,4,24,255.0,67.58116912841797,0,1,10,0,0,1682.json,Buggy
4,0.603286862373352,0.9345978596984342,0,0,0,1,1.73,0,1,17.0,126.77537536621094,0,1,0,0,0,3484.json,NotBuggy
4,0.7272559404373169,0.9194334332377652,0,0,0,1,1.73,0,0,15.0,127.42622375488281,0,1,0,0,0,3506.json,NotBuggy
4,0.9774665832519531,0.8413587196011165,0,0,0,1,1.73,0,0,23.0,124.92120361328125,0,0,0,0,0,3825.json,NotBuggy
3,0.2400004267692566,0.9386290597282213,0,0,0,1,1.89,0,0,12.0,133.59722900390625,0,0,0,0,0,917.json,NotBuggy
3,0.7763092517852783,0.5266886314513726,0,0,0,1,1.89,0,2,25.0,128.712890625,0,1,0,0,0,3336.json,NotBuggy
16,0.00474891159683466,0.013811085209582049,1,5,6,8,4.35,3,5,80.0,93.04248046875,0,2,1,0,0,3839.json,NotBuggy
13,0.0021187306847423315,6.110770822525973E-4,6,3,9,3,12.73,2,11,91.0,96.79953002929688,0,2,2,0,0,2934.json,NotBuggy
10,0.016184939071536064,0.11022437842271947,2,4,6,2,4.08,1,5,57.0,104.36589813232422,0,1,1,0,0,1827.json,NotBuggy
5,0.43292543292045593,0.7649783120159646,0,0,0,1,1.96,0,2,23.0,121.07132720947266,0,1,0,0,0,3553.json,Buggy
4,0.0017576559912413359,0.6031520411679563,0,0,0,1,3.32,0,1,28.0,123.55950164794922,0,1,0,0,0,2201.json,NotBuggy
5,0.7492368221282959,0.9202874300997348,0,0,0,1,1.96,0,0,22.0,121.30247497558594,0,2,0,0,0,3777.json,Buggy
3,0.902388870716095,0.9766473566839672,0,0,0,1,1.89,0,0,12.0,133.59722900390625,0,0,0,0,0,912.json,NotBuggy
5,0.08015797287225723,0.1802922225159976,0,0,0,1,3.58,0,3,39.0,117.66175079345703,0,3,0,0,0,1322.json,NotBuggy
3,8.764575468376279E-4,0.7377016880796049,0,0,0,1,1.89,0,1,19.0,130.34019470214844,0,0,0,0,0,3644.json,NotBuggy
3,0.06057086959481239,0.8648375472498734,0,0,0,1,1.89,0,1,14.0,132.61029052734375,0,0,0,0,0,3183.json,NotBuggy
4,0.6465839743614197,0.9261956414910271,0,0,0,1,1.73,0,2,21.0,125.52845764160156,0,0,0,0,0,2627.json,Buggy
5,0.34070661664009094,0.9018772897287153,0,0,0,1,2.99,0,0,19.0,122.29976654052734,0,0,0,0,0,3281.json,NotBuggy
8,0.22191360592842102,0.30657168997744844,1,1,2,2,18.53,1,3,42.0,109.49869537353516,0,2,1,0,0,2352.json,NotBuggy
10,0.09044378995895386,0.07809222214914632,2,1,3,2,3.1,1,12,58.0,104.01612091064453,0,0,1,0,0,2674.json,Buggy
3,0.8753518462181091,0.8099934880122095,0,0,0,1,1.89,0,0,18.0,130.7338104248047,0,1,0,0,0,1331.json,NotBuggy
4,0.6097021698951721,0.9355778388880365,0,0,0,1,1.73,0,0,15.0,127.42622375488281,0,1,0,0,0,2269.json,NotBuggy
3,0.05921575427055359,0.4681575074609216,0,0,0,1,1.89,0,2,25.0,128.91311645507812,0,2,0,0,0,2759.json,NotBuggy
4,0.925738513469696,0.9923299686043605,0,0,0,1,1.73,0,0,12.0,128.936767578125,0,0,0,0,0,630.json,NotBuggy
31,0.06367409974336624,6.383719673565503E-5,6,5,11,7,3.34,2,7,148.0,78.72307586669922,0,2,3,0,0,3755.json,Buggy
4,0.029463931918144226,0.23141958027370163,0,0,0,1,1.73,0,3,32.0,122.44184875488281,0,2,0,0,0,3044.json,NotBuggy
3,0.15809930860996246,0.8358146774997773,0,0,0,1,1.89,0,0,17.0,131.28770446777344,0,1,0,0,0,2378.json,NotBuggy
3,0.6995810866355896,0.8789140123725515,0,0,0,1,1.89,0,1,17.0,131.28770446777344,0,1,0,0,0,3568.json,NotBuggy
31,0.02577681466937065,1.091799630109311E-7,4,5,9,6,7.28,1,11,174.0,77.92649841308594,0,0,5,0,0,778.json,Buggy
4,0.6169288158416748,0.7588124269195702,0,0,0,1,1.73,0,2,20.0,125.41301727294922,0,1,0,0,0,2747.json,Buggy
4,0.698140025138855,0.9333358586247749,0,0,0,1,1.73,0,1,17.0,126.62725830078125,0,1,0,0,0,3502.json,NotBuggy
7,0.27868521213531494,0.39282251242798216,0,0,0,1,3.33,1,3,37.0,112.62112426757812,0,2,0,0,0,3341.json,Buggy
7,0.787632942199707,0.5878714362074162,0,0,0,1,1.89,0,3,40.0,112.2157211303711,0,1,2,0,0,870.json,Buggy
10,0.050569839775562286,0.6096724082171728,2,3,5,3,5.14,2,4,48.0,105.1826171875,0,1,0,0,0,906.json,Buggy
3,0.9219033122062683,0.9550970637142686,0,0,0,1,1.89,0,0,12.0,133.59722900390625,0,0,0,0,0,603.json,NotBuggy
14,0.5066486597061157,0.2092282658213058,3,3,6,3,4.46,2,3,61.0,98.01596069335938,0,1,3,0,0,2183.json,Buggy
15,0.11061741411685944,6.588378489781957E-4,3,2,5,3,3.8,1,7,94.0,94.23198699951172,1,1,5,0,0,1014.json,Buggy
4,0.5906170606613159,0.8585408614266349,0,0,0,1,1.73,0,1,18.0,126.19583892822266,0,0,0,0,0,2716.json,Buggy
9,5.908445455133915E-4,3.905147392060914E-5,0,0,0,1,3.14,0,10,87.0,103.0078353881836,0,2,1,0,0,788.json,NotBuggy
7,0.7324691414833069,0.9780344205396473,1,1,2,2,2.8,1,1,23.0,115.62542724609375,0,0,0,0,0,2745.json,Buggy
8,0.10777299851179123,0.03181390461511507,2,1,3,2,2.65,1,1,57.0,107.5079574584961,0,3,2,0,0,3488.json,Buggy
7,0.24693793058395386,0.924452362065834,0,0,0,1,3.33,0,0,23.0,115.62047576904297,0,0,0,0,0,1643.json,NotBuggy
3,0.8499853014945984,0.9697720038453067,0,0,0,1,1.73,0,0,9.0,135.83412170410156,0,0,0,0,0,2592.json,NotBuggy
11,0.5580846071243286,0.6031956693937757,2,2,4,3,2.83,2,2,48.0,103.4153823852539,0,1,1,0,0,2458.json,Buggy
5,0.24222710728645325,0.6039503043220456,0,0,0,1,3.58,0,3,29.0,119.66572570800781,0,2,0,0,0,1459.json,NotBuggy
4,0.7397817373275757,0.9357677690138176,0,0,0,1,1.73,0,0,15.0,127.42622375488281,0,1,0,0,0,1165.json,NotBuggy
6,0.5649316906929016,0.27352304201660876,0,0,0,1,2.0,0,3,37.0,115.19261169433594,0,1,2,0,0,1679.json,Buggy
7,0.03657669574022293,0.2940232334940861,0,0,0,1,1.98,0,5,42.0,111.76256561279297,0,1,0,0,0,2881.json,NotBuggy
4,0.8342402577400208,0.982961824655767,0,0,0,1,1.73,0,0,12.0,128.936767578125,0,0,0,0,0,1339.json,NotBuggy
31,0.06367409974336624,6.383719673565503E-5,6,5,11,7,3.34,2,7,148.0,78.72307586669922,0,2,3,0,0,3754.json,Buggy
3,0.3423805236816406,0.8759163511856556,0,0,0,1,1.89,0,0,15.0,132.086669921875,0,1,0,0,0,2468.json,NotBuggy
10,0.3817923367023468,0.6561234314285209,1,1,2,2,2.53,1,4,45.0,105.52500915527344,0,1,1,0,0,2405.json,NotBuggy
7,0.2651461064815521,0.875701856976948,0,0,0,1,4.5,0,4,27.0,114.58646392822266,0,0,0,0,0,2644.json,Buggy
4,0.0644487515091896,0.5927928037741113,0,0,0,1,1.73,0,2,25.0,124.1488037109375,0,2,0,0,0,3844.json,Buggy
15,0.44756391644477844,0.049753387153368654,2,2,4,3,4.1,2,4,69.0,96.1509017944336,0,1,3,0,0,3286.json,NotBuggy
4,0.9172963500022888,0.9890323171332667,0,0,0,1,1.73,0,0,12.0,128.936767578125,0,0,0,0,0,798.json,NotBuggy
5,0.5603375434875488,0.3817008635686283,0,0,0,1,2.99,0,3,33.0,118.90401458740234,0,1,1,0,0,2199.json,NotBuggy
4,0.3105293810367584,0.9207344904077552,0,0,0,1,1.73,0,1,15.0,127.42622375488281,0,0,0,0,0,1101.json,NotBuggy
4,0.9231956601142883,0.5864127436112234,0,0,0,1,2.0,0,1,25.0,124.05243682861328,0,1,1,0,0,3855.json,NotBuggy
6,0.8330240845680237,0.8199950700624096,0,0,0,1,2.0,0,0,24.0,117.69617462158203,0,1,0,0,0,1483.json,Buggy
3,0.8067988157272339,0.9075299973820119,0,0,0,1,1.89,0,0,17.0,131.28770446777344,0,1,0,0,0,1032.json,NotBuggy
4,0.8318331837654114,0.9325727240635024,0,0,0,1,1.73,0,0,17.0,126.4930648803711,0,1,0,0,0,3194.json,NotBuggy
9,0.05044085532426834,0.29380896043385707,1,1,2,2,4.22,1,3,45.0,107.23184967041016,0,0,2,0,0,1937.json,NotBuggy
4,0.9983015060424805,0.9996610600329209,0,0,0,1,1.64,0,0,12.0,128.936767578125,1,0,0,0,0,2636.json,Buggy
4,0.751280665397644,0.9679677310044866,0,0,0,1,1.73,0,1,14.0,128.13519287109375,0,0,0,0,0,3740.json,NotBuggy
4,0.9307262301445007,0.9666752594041597,0,0,0,1,1.73,0,0,15.0,127.42622375488281,0,1,0,0,0,984.json,NotBuggy
9,0.17593374848365784,0.45672497325194067,1,1,2,2,2.51,1,2,43.0,107.33891296386719,0,2,2,0,0,2017.json,NotBuggy
12,0.49998268485069275,0.7880894326845587,4,2,6,3,2.37,1,5,52.0,101.28880310058594,0,0,2,0,0,2772.json,Buggy
4,0.6599998474121094,0.9845888847161012,0,0,0,1,1.73,0,0,11.0,129.6001434326172,0,0,0,0,0,1070.json,NotBuggy
26,0.00353349931538105,6.66575021142233E-4,3,6,9,6,4.8,3,3,116.0,83.46243286132812,0,2,1,0,0,1973.json,NotBuggy
4,0.7695528268814087,0.9327141876608117,0,0,0,1,1.73,0,0,15.0,127.42622375488281,0,1,0,0,0,764.json,NotBuggy
9,0.009340012446045876,0.33617154288483475,0,0,0,1,11.62,0,3,47.0,107.23572540283203,0,2,0,0,0,1180.json,NotBuggy
38,0.00510222977027297,1.7461579309076963E-9,8,7,15,7,6.09,5,17,212.0,73.50659942626953,0,1,9,0,0,1349.json,Buggy
34,0.0,1.800135416560177E-13,0,0,0,1,4.31,0,16,298.0,76.16971588134766,0,0,0,0,0,3308.json,NotBuggy
4,0.6767662167549133,0.9072309574685491,0,0,0,1,1.73,0,0,15.0,127.42622375488281,0,1,0,0,0,3233.json,NotBuggy
43,0.0,3.3895006463654196E-29,0,0,0,1,1.47,0,34,452.0,68.6550064086914,1,0,9,0,0,3745.json,Buggy
5,0.14906899631023407,0.9405239408292384,0,0,0,1,1.96,0,2,17.0,123.32530975341797,0,0,0,0,0,2645.json,NotBuggy
8,0.3267609179019928,0.3049548557863623,0,0,0,1,2.95,0,8,43.0,109.47699737548828,0,0,1,0,0,2577.json,Buggy
10,0.24601776897907257,0.498615481841444,1,1,2,2,2.53,1,3,43.0,105.8315200805664,0,1,1,0,0,2832.json,NotBuggy
13,0.08957485854625702,0.21049330350170473,1,2,3,3,3.61,2,4,63.0,99.29505157470703,0,1,1,0,0,1292.json,NotBuggy
14,0.025503166019916534,0.008874840584647103,1,1,2,2,3.89,1,4,76.0,96.8082046508789,0,1,3,0,0,508.json,NotBuggy
12,0.16191376745700836,0.2153525517239017,3,2,5,3,7.62,2,5,57.0,100.86588287353516,0,3,0,0,0,819.json,Buggy
7,0.39750567078590393,0.9900474661000098,1,1,2,2,2.8,1,2,22.0,115.99077606201172,0,0,0,0,0,2669.json,Buggy
4,0.924234926700592,0.9784641687273568,0,0,0,1,1.73,0,0,12.0,128.936767578125,0,0,0,0,0,3030.json,NotBuggy
4,0.91476970911026,0.9476901327052042,0,0,0,1,1.73,0,0,15.0,127.42622375488281,0,1,0,0,0,956.json,NotBuggy
4,0.8403705358505249,0.9592582716381828,0,0,0,1,1.73,0,0,15.0,127.42622375488281,0,1,0,0,0,2463.json,NotBuggy
4,0.357526034116745,0.8040453809992477,0,0,0,1,1.73,0,2,21.0,125.27178192138672,0,1,0,0,0,2871.json,NotBuggy
4,0.643344521522522,0.9308732081444004,0,0,0,1,1.73,0,0,15.0,127.42622375488281,0,1,0,0,0,3505.json,NotBuggy
13,0.12162981927394867,0.23450694599982483,2,3,5,3,3.96,2,2,58.0,99.42427825927734,0,1,2,0,0,2291.json,NotBuggy
4,0.06642624735832214,0.906955319802034,0,0,0,1,1.73,0,0,15.0,127.42622375488281,0,1,0,0,0,2175.json,Buggy
4,0.5121928453445435,0.9075557928074508,0,0,0,1,1.73,0,0,17.0,126.4930648803711,0,1,0,0,0,3196.json,NotBuggy
4,0.8171273469924927,0.9318857111285491,0,0,0,1,1.73,0,1,15.0,127.59107971191406,0,1,0,0,0,1406.json,NotBuggy
24,0.0,0.05427182468105854,0,0,0,1,2.75,0,0,91.0,87.36980438232422,0,0,0,0,0,1565.json,Buggy
4,0.500538170337677,0.8974378638140939,0,0,0,1,1.73,0,0,17.0,126.4930648803711,0,1,0,0,0,1740.json,NotBuggy
13,3.9235971053130925E-4,0.7744605156663582,0,0,0,1,3.34,0,0,47.0,101.34869384765625,0,0,0,0,0,1059.json,NotBuggy
4,0.4196203351020813,0.8903612250748851,0,0,0,1,1.73,0,0,16.0,126.94251251220703,0,1,0,0,0,2006.json,NotBuggy
3,0.9962679147720337,0.9740990908962505,0,0,0,1,1.49,0,0,23.0,129.34671020507812,0,0,0,0,0,2408.json,NotBuggy
7,0.1599886566400528,0.10521773480423965,1,1,2,2,2.56,1,4,48.0,110.96754455566406,0,1,1,0,0,2894.json,NotBuggy
3,0.5387635231018066,0.7708259517853427,0,0,0,1,1.89,0,1,19.0,130.34019470214844,0,0,0,0,0,3567.json,NotBuggy
6,0.3196620047092438,0.5093181376738851,0,0,0,1,2.98,0,4,32.0,115.94755554199219,0,0,1,0,0,2670.json,Buggy
12,0.1606702208518982,0.23418727737791922,2,2,4,3,3.33,2,7,60.0,100.71611022949219,1,1,1,0,0,2446.json,Buggy
6,0.5697048902511597,0.6954887929306528,2,1,3,2,2.98,1,2,32.0,115.88042449951172,0,1,1,0,0,1579.json,NotBuggy
4,0.9308362603187561,0.9548023523197005,0,0,0,1,1.73,0,0,16.0,126.94251251220703,0,1,0,0,0,1102.json,NotBuggy
9,0.09087428450584412,0.6632297745189505,3,3,6,3,4.99,2,4,42.0,107.66783142089844,0,1,0,0,0,895.json,NotBuggy
5,0.006100185215473175,0.10540116358727009,0,0,0,1,5.43,0,3,41.0,117.61241912841797,0,1,0,0,0,3452.json,NotBuggy
4,0.860178530216217,0.9381877056381865,0,0,0,1,1.73,0,0,15.0,127.42622375488281,0,1,0,0,0,2157.json,NotBuggy
13,0.0809735506772995,0.410682792294656,5,4,9,3,2.72,1,7,55.0,99.8119888305664,0,0,1,0,0,2706.json,Buggy
7,0.24674421548843384,0.8951272828656459,0,0,0,1,3.33,0,0,23.0,115.62047576904297,0,0,0,0,0,3280.json,NotBuggy
25,0.03363963961601257,8.433320321531304E-4,7,6,13,6,5.35,4,6,121.0,83.70990753173828,0,3,3,0,0,2474.json,Buggy
4,0.7763217091560364,0.9813251030047144,0,0,0,1,1.73,0,0,12.0,128.936767578125,0,0,0,0,0,2767.json,Buggy
3,0.7757930755615234,0.8368830606819483,0,0,0,1,1.89,0,1,18.0,130.7338104248047,0,1,0,0,0,692.json,NotBuggy
5,0.7047479152679443,0.5155980814669017,0,0,0,1,1.96,0,2,29.0,119.41305541992188,0,1,1,0,0,2839.json,Buggy
3,0.66694176197052,0.9570393928948244,0,0,0,1,1.89,0,0,12.0,133.59722900390625,0,0,0,0,0,1056.json,NotBuggy
14,0.2318921685218811,0.7099067839273512,3,2,5,3,2.48,1,4,69.0,97.49210357666016,1,2,2,0,0,2763.json,Buggy
4,0.044491808861494064,0.8944335773561943,0,0,0,1,1.73,0,0,17.0,126.62725830078125,0,1,0,0,0,1920.json,NotBuggy
4,0.9881178736686707,0.9821208515335929,0,0,0,1,1.96,0,0,12.0,128.936767578125,0,0,0,0,0,2648.json,Buggy
4,0.7619823813438416,0.9459437686220049,0,0,0,1,1.73,0,0,15.0,127.42622375488281,0,1,0,0,0,2567.json,NotBuggy
3,0.9189788699150085,0.9335357184238218,0,0,0,1,1.89,0,0,15.0,132.086669921875,0,1,0,0,0,2543.json,NotBuggy
4,0.522602379322052,0.8879598831179002,0,0,0,1,1.73,0,0,16.0,126.94251251220703,0,1,0,0,0,2142.json,NotBuggy
28,0.009311223402619362,2.334640056372371E-8,5,5,10,6,5.25,3,11,175.0,79.75619506835938,0,2,7,0,0,816.json,Buggy
4,0.2979620099067688,0.93573552537822,0,0,0,1,1.73,0,1,14.0,127.94984436035156,0,0,0,0,0,1256.json,NotBuggy
12,0.11209967732429504,0.19519586185529422,3,2,5,3,3.82,2,3,59.0,100.74361419677734,0,2,2,0,0,1449.json,NotBuggy
31,2.1206737437751144E-4,4.2208583608997165E-7,0,0,0,5,6.5,1,13,166.0,78.75015258789062,0,1,2,0,0,3318.json,Buggy
3,0.7186862826347351,0.9546552081136944,0,0,0,1,1.89,0,0,12.0,133.59722900390625,0,0,0,0,0,3472.json,NotBuggy
6,0.41533708572387695,0.7102494969305815,2,1,3,2,3.27,1,3,33.0,115.72040557861328,0,1,0,0,0,1052.json,NotBuggy
6,0.4773908257484436,0.38630659665535766,0,0,0,1,4.27,0,2,33.0,115.86640167236328,0,1,1,0,0,2368.json,NotBuggy
4,0.7115362882614136,0.9228886212637551,0,0,0,1,1.73,0,0,15.0,127.42622375488281,0,1,0,0,0,1161.json,NotBuggy
9,0.22817428410053253,0.13292776800271455,1,1,2,2,2.95,1,4,53.0,106.19174194335938,0,0,3,0,0,3490.json,Buggy
4,0.6711631417274475,0.9188401008506069,0,0,0,1,1.73,0,1,18.0,126.19583892822266,0,1,0,0,0,1476.json,Buggy
11,0.12612660229206085,0.03970245587295106,1,1,2,2,2.41,1,5,65.0,101.93946838378906,0,1,2,0,0,2337.json,NotBuggy
5,0.38295480608940125,0.29672715820035556,0,0,0,1,1.96,0,3,33.0,118.74115753173828,0,1,1,0,0,1306.json,NotBuggy
6,0.21556495130062103,0.8329653122734296,0,0,0,1,3.27,0,0,23.0,118.11772155761719,0,0,0,0,0,2792.json,NotBuggy
5,0.41201215982437134,0.39271097661631027,0,0,0,1,1.96,0,3,32.0,118.98002624511719,0,1,1,0,0,1243.json,NotBuggy
3,0.925003170967102,0.9627542128495842,0,0,0,1,1.89,0,0,12.0,133.59722900390625,0,0,0,0,0,531.json,NotBuggy
7,0.19962984323501587,0.2356650996708359,2,1,3,2,2.8,1,2,41.0,111.65786743164062,0,1,1,0,0,1639.json,Buggy
7,0.2194068878889084,0.29680092539124764,1,1,2,2,2.56,1,1,42.0,111.73201751708984,0,2,1,0,0,565.json,NotBuggy
8,0.07278937101364136,0.8781570677439435,0,0,0,1,3.46,0,0,27.0,112.51962280273438,0,0,0,0,0,1671.json,Buggy
4,0.49887967109680176,0.947400826032052,0,0,0,1,1.73,0,0,15.0,127.42622375488281,0,1,0,0,0,2270.json,NotBuggy
12,0.056676074862480164,0.019826235595469973,1,1,2,2,2.56,1,4,66.0,99.91584014892578,0,1,3,0,0,793.json,Buggy
4,0.2591153383255005,0.8922529704712657,0,0,0,1,1.73,0,0,17.0,126.4930648803711,0,1,0,0,0,1737.json,NotBuggy
4,0.4330030381679535,0.4089268221162303,0,0,0,1,6.14,0,2,28.0,123.46312713623047,0,1,0,0,0,1242.json,NotBuggy
11,0.1226625144481659,0.183671398782439,1,1,2,2,2.41,1,2,55.0,102.69120025634766,0,1,2,0,0,2454.json,NotBuggy
4,0.8799620270729065,0.9730855327447291,0,0,0,1,2.0,0,0,17.0,126.77537536621094,0,0,0,0,0,1053.json,NotBuggy
4,0.8950088024139404,0.9796651073736294,0,0,0,1,1.73,0,0,12.0,128.936767578125,0,0,0,0,0,3193.json,NotBuggy
12,0.029469037428498268,2.753760089205801E-4,0,0,0,1,7.18,0,9,94.0,98.3069076538086,0,2,2,0,0,3042.json,Buggy
4,0.7507286667823792,0.9294864176500514,0,0,0,1,1.73,0,0,15.0,127.42622375488281,0,1,0,0,0,1164.json,NotBuggy
21,0.005057801958173513,7.339027753083562E-5,0,0,0,3,3.8,1,10,116.0,87.44387817382812,0,2,1,0,0,2619.json,Buggy
12,5.356033216230571E-4,0.008018685565085955,5,3,8,4,3.83,2,10,76.0,99.1969985961914,0,3,0,0,0,2590.json,NotBuggy
3,0.8737919926643372,0.9499198816614475,0,0,0,1,1.89,0,0,12.0,133.59722900390625,0,0,0,0,0,3481.json,NotBuggy
3,0.8547940850257874,0.9534287752345245,0,0,0,1,1.89,0,0,12.0,133.59722900390625,0,0,0,0,0,3128.json,NotBuggy
4,0.5070342421531677,0.6035120705298,0,0,0,1,1.73,0,2,24.0,124.361083984375,0,1,0,0,0,2306.json,NotBuggy
3,0.6929517984390259,0.8153289073059976,0,0,0,1,1.89,0,0,15.0,132.086669921875,0,1,0,0,0,1447.json,NotBuggy
4,0.9307262301445007,0.9666752594041597,0,0,0,1,1.73,0,0,15.0,127.42622375488281,0,1,0,0,0,1060.json,NotBuggy
3,0.7241350412368774,0.9520903995651165,0,0,0,1,1.89,0,1,17.0,131.28770446777344,0,1,0,0,0,2945.json,NotBuggy
25,0.0,1.3705496608499847E-7,0,0,0,5,3.9,1,5,152.0,82.63562774658203,0,2,3,0,0,648.json,NotBuggy
12,0.004539058543741703,3.30528100639514E-5,3,2,5,3,3.82,2,8,100.0,97.37938690185547,0,1,5,0,0,727.json,Buggy
6,0.02667216770350933,0.1674673262630557,0,0,0,1,5.5,0,4,43.0,114.33689880371094,0,2,0,0,0,1207.json,NotBuggy
11,0.8036182522773743,0.1937999146299992,3,2,5,3,3.85,2,1,62.0,101.7316665649414,0,1,2,0,0,2461.json,Buggy
3,0.672393798828125,0.9305045750534019,0,0,0,1,1.89,0,1,17.0,131.28770446777344,0,1,0,0,0,1526.json,NotBuggy
4,0.8783573508262634,0.9440068278087246,0,0,0,1,1.73,0,0,15.0,127.42622375488281,0,1,0,0,0,3510.json,Buggy
3,0.7796823978424072,0.9604996572722813,0,0,0,1,1.89,0,0,12.0,133.59722900390625,0,0,0,0,0,3772.json,NotBuggy
4,0.6768094897270203,0.9239053368883702,0,0,0,1,1.73,0,1,17.0,126.62725830078125,0,1,0,0,0,3735.json,NotBuggy
4,0.7451691627502441,0.9781961350115463,0,0,0,1,1.73,0,0,11.0,129.6001434326172,0,0,0,0,0,2415.json,Buggy
13,0.03016800992190838,0.037360646648103644,1,3,4,4,3.72,2,4,69.0,98.46265411376953,0,1,2,0,0,1829.json,NotBuggy
3,0.7353190183639526,0.855386088719012,0,0,0,1,1.89,0,1,18.0,130.99049377441406,0,1,0,0,0,3845.json,NotBuggy
16,0.07936356961727142,0.4991386193130906,2,2,4,3,9.85,2,1,63.0,95.86492919921875,0,3,1,0,0,2350.json,NotBuggy
6,0.8234317898750305,0.7166386409045384,0,0,0,1,2.8,0,3,33.0,115.71329498291016,1,1,1,0,0,2753.json,Buggy
4,0.91476970911026,0.9476901327052042,0,0,0,1,1.73,0,0,15.0,127.42622375488281,0,1,0,0,0,962.json,NotBuggy
4,0.8105521202087402,0.2316062155027504,0,0,0,1,2.0,0,2,32.0,122.44184875488281,0,1,1,0,0,1819.json,NotBuggy
35,0.0,4.065019578651726E-26,0,0,0,1,1.98,0,25,418.0,72.93187713623047,0,1,0,0,0,3746.json,NotBuggy
8,0.256318598985672,0.37794360159968815,1,1,2,2,2.65,1,3,41.0,109.84721374511719,0,1,1,0,0,2779.json,NotBuggy
3,0.8577793836593628,0.8857748736080318,0,0,0,1,1.89,0,0,15.0,132.086669921875,0,1,0,0,0,1167.json,NotBuggy
3,0.3369908630847931,0.9497268506773943,0,0,0,1,1.89,0,0,13.0,132.9956512451172,0,0,0,0,0,2357.json,NotBuggy
4,0.08310640603303909,0.9245716116942447,0,0,0,1,1.73,0,2,16.0,127.09062194824219,0,0,0,0,0,2722.json,NotBuggy
7,0.030477959662675858,0.8050338940782399,0,0,0,1,5.42,0,5,37.0,113.51742553710938,0,1,0,0,0,1865.json,Buggy
4,0.04008111730217934,0.9641220924351408,0,0,0,1,1.73,0,0,12.0,128.936767578125,0,0,0,0,0,1311.json,NotBuggy
4,0.6872988939285278,0.9347093863781721,0,0,0,1,1.73,0,0,15.0,127.42622375488281,0,1,0,0,0,2410.json,NotBuggy
13,4.011948767583817E-4,0.7779295621740212,0,0,0,1,3.34,0,0,47.0,101.34869384765625,0,0,0,0,0,1057.json,NotBuggy
4,0.7679934501647949,0.6922489512494785,0,0,0,1,0.87,0,1,20.0,125.41301727294922,0,1,0,0,0,3818.json,NotBuggy
4,0.880396842956543,0.9512304054322438,0,0,0,1,1.73,0,0,15.0,127.42622375488281,0,1,0,0,0,622.json,NotBuggy
4,0.7472668886184692,0.9521936418097148,0,0,0,1,1.73,0,1,17.0,126.77537536621094,0,1,0,0,0,3039.json,NotBuggy
4,0.7987989783287048,0.9274974507288727,0,0,0,1,1.73,0,0,17.0,126.4930648803711,0,1,0,0,0,3200.json,NotBuggy
22,0.022521251812577248,4.820851532910847E-5,6,5,11,4,2.07,1,18,145.0,85.2999038696289,1,0,5,0,0,2650.json,Buggy
13,0.013995207846164703,2.850538947439011E-4,3,2,5,3,6.98,2,6,91.0,96.50684356689453,0,2,4,0,0,3496.json,Buggy
33,2.9556461959145963E-4,3.878087177047849E-11,12,7,19,7,7.02,4,21,219.0,75.40625762939453,0,2,8,0,0,3080.json,Buggy
9,0.23561562597751617,0.33882231444386374,4,3,7,2,3.66,1,3,44.0,107.28234100341797,0,1,1,0,0,1227.json,NotBuggy
4,0.7517833709716797,0.9781837340941651,0,0,0,1,1.73,0,0,12.0,128.936767578125,0,0,0,0,0,3096.json,NotBuggy
10,0.38260576128959656,0.5312994121846312,1,1,2,2,3.1,1,1,44.0,105.57550048828125,0,1,1,0,0,653.json,Buggy
17,0.005339907947927713,2.1325092701797427E-5,5,3,8,4,4.11,2,13,117.0,90.69039916992188,0,1,4,0,0,1458.json,Buggy
4,0.750235378742218,0.9268063591355177,0,0,0,1,1.73,0,0,15.0,127.42622375488281,0,1,0,0,0,2156.json,NotBuggy
5,0.563147246837616,0.36095665425027473,0,0,0,1,2.99,0,3,33.0,118.90401458740234,0,1,1,0,0,2212.json,NotBuggy
4,0.5662112832069397,0.697851134228903,0,0,0,1,1.73,0,2,23.0,124.58238983154297,0,1,0,0,0,3345.json,Buggy
12,0.07958350330591202,0.08548043443734278,4,3,7,4,5.51,3,5,65.0,100.06988525390625,0,1,2,0,0,1618.json,NotBuggy
8,0.015530305914580822,0.7711882150921534,0,0,0,1,3.32,0,0,32.0,111.4499740600586,0,0,0,0,0,1091.json,NotBuggy
4,0.7058275938034058,0.9880749127542477,0,0,0,1,1.73,0,0,12.0,128.936767578125,0,0,0,0,0,1340.json,NotBuggy
4,0.8908465504646301,0.9640057115954738,0,0,0,1,1.73,0,0,13.0,128.335205078125,0,0,0,0,0,1803.json,NotBuggy
6,0.057533763349056244,0.05883484696396226,0,0,0,1,5.5,0,7,48.0,113.69478607177734,0,2,0,0,0,3460.json,NotBuggy
3,0.6211203336715698,0.9014723155881745,0,0,0,1,1.89,0,1,13.0,133.18099975585938,0,0,0,0,0,606.json,NotBuggy
10,0.12097881734371185,0.32673975719601944,2,1,3,2,2.53,1,4,46.0,105.48082733154297,0,1,1,0,0,2819.json,NotBuggy
7,0.03373101353645325,0.15027772420830657,1,1,2,2,2.8,1,4,45.0,111.1139144897461,0,3,1,0,0,728.json,Buggy
3,0.2904013693332672,0.57409379576539,0,0,0,1,1.89,0,2,24.0,129.0215301513672,0,1,0,0,0,1533.json,NotBuggy
4,0.8633096814155579,0.9755654640733595,0,0,0,1,1.73,0,0,12.0,128.936767578125,0,0,0,0,0,3762.json,NotBuggy
8,0.5609995722770691,0.6124343500618258,1,1,2,2,2.65,1,0,37.0,110.15780639648438,0,1,0,0,0,795.json,Buggy
3,0.6746581792831421,0.9043307651925245,0,0,0,1,1.89,0,1,15.0,132.086669921875,0,0,0,0,0,535.json,NotBuggy
4,0.6658350229263306,0.9123329613121837,0,0,0,1,1.73,0,0,16.0,126.94251251220703,0,1,0,0,0,2005.json,NotBuggy
10,0.006537824869155884,0.8559520893113133,0,0,0,1,3.49,0,0,35.0,107.36906433105469,0,0,0,0,0,981.json,NotBuggy
10,0.0021064539905637503,0.7243285129904021,0,0,0,1,3.2,0,0,39.0,106.72234344482422,0,0,0,0,0,2889.json,NotBuggy
11,0.01227481383830309,0.007939289219397004,1,1,2,2,3.85,1,7,69.0,101.35552215576172,0,2,2,0,0,1039.json,NotBuggy
9,0.2738490402698517,0.13011398855134051,1,1,2,2,2.95,1,4,53.0,106.19174194335938,0,0,3,0,0,3491.json,Buggy
4,0.3507521450519562,0.9650105705547064,0,0,0,1,1.73,0,1,13.0,128.5205535888672,0,0,0,0,0,2624.json,Buggy
6,0.006765015423297882,0.0630666742999602,0,0,0,1,1.89,0,2,47.0,113.80426025390625,0,0,2,0,0,3132.json,NotBuggy
3,0.8577793836593628,0.8946539397675317,0,0,0,1,1.89,0,0,15.0,132.086669921875,0,1,0,0,0,1166.json,NotBuggy
4,0.5891923308372498,0.822173689402518,0,0,0,1,1.73,0,3,21.0,125.39425659179688,0,0,0,0,0,1045.json,Buggy
11,0.2564682066440582,0.5201708118506412,1,3,4,3,3.53,2,2,55.0,102.40672302246094,0,2,1,0,0,1836.json,NotBuggy
7,0.030477959662675858,0.8050338940782399,0,0,0,1,5.42,0,5,37.0,113.51742553710938,0,1,0,0,0,1850.json,Buggy
16,0.08533525466918945,0.11799961465610634,1,5,6,7,2.78,2,4,67.0,94.33833312988281,0,1,0,0,0,986.json,NotBuggy
26,0.005416658706963062,0.004261391400140573,8,5,13,5,4.31,2,13,134.0,82.74308776855469,1,3,4,0,0,2765.json,Buggy
4,0.7763217091560364,0.9813251030047144,0,0,0,1,1.73,0,0,12.0,128.936767578125,0,0,0,0,0,2768.json,Buggy
4,0.5868125557899475,0.9154005717158832,0,0,0,1,1.73,0,1,17.0,126.62725830078125,0,1,0,0,0,770.json,NotBuggy
7,0.008900011889636517,0.7153875360732015,0,0,0,1,3.33,0,0,31.0,113.86808013916016,0,0,0,0,0,1481.json,Buggy
4,0.23516404628753662,0.8695433453203157,0,0,0,1,1.73,0,1,18.0,126.0733642578125,0,1,0,0,0,3342.json,Buggy
12,0.03654985502362251,0.16928636166705974,1,1,2,4,3.83,2,6,57.0,100.58140563964844,0,2,2,0,0,3556.json,NotBuggy
7,0.0936398133635521,0.8933237427377474,0,0,0,1,3.33,0,0,23.0,115.62047576904297,0,0,0,0,0,3163.json,NotBuggy
4,0.04991482198238373,0.887989403328046,0,0,0,1,1.73,0,0,17.0,126.4930648803711,0,1,0,0,0,1739.json,NotBuggy
4,0.7515485882759094,0.9651582445005986,0,0,0,1,1.73,0,0,12.0,128.936767578125,0,0,0,0,0,3763.json,NotBuggy
11,0.5442163944244385,0.41603857082265205,2,2,4,3,3.45,2,2,49.0,103.0618667602539,0,1,1,0,0,1971.json,NotBuggy
24,0.031386978924274445,4.366422057154878E-4,7,5,12,5,5.63,3,11,117.0,84.6861801147461,0,1,6,0,0,3072.json,Buggy
9,0.023488666862249374,0.37528485272812206,4,3,7,2,4.22,1,5,48.0,107.11946105957031,0,1,1,0,0,2797.json,NotBuggy
36,0.0,4.0657355181378436E-4,9,9,18,8,4.54,4,15,172.0,75.48303985595703,1,2,4,0,0,1752.json,NotBuggy
6,0.06953752040863037,0.8215033555187894,0,0,0,1,10.0,0,0,27.0,117.1800765991211,0,0,0,0,0,2214.json,Buggy
5,0.3789210915565491,0.03569801127864044,0,0,0,1,1.96,0,3,45.0,116.68321990966797,0,2,1,0,0,3623.json,Buggy
7,0.04021034762263298,0.6340350735337075,0,0,0,1,19.03,0,1,33.0,113.21605682373047,0,3,0,0,0,814.json,NotBuggy
3,0.6177800297737122,0.5788524906342564,0,0,0,1,1.89,0,1,24.0,128.83535766601562,0,2,0,0,0,1209.json,NotBuggy
4,0.8707547187805176,0.9170511071577947,0,0,0,1,1.73,0,0,17.0,126.4930648803711,0,1,0,0,0,3760.json,NotBuggy
4,0.43851858377456665,0.7161954379986626,0,0,0,1,1.73,0,1,21.0,125.27178192138672,0,1,0,0,0,2672.json,NotBuggy
10,0.2429368644952774,0.0976368929315049,3,3,6,3,2.53,1,3,55.0,103.95075225830078,0,1,1,0,0,709.json,NotBuggy
4,0.8013161420822144,0.9432254789824287,0,0,0,1,1.73,0,0,15.0,127.42622375488281,0,1,0,0,0,2272.json,NotBuggy
14,0.09156285971403122,0.024714203947892827,3,3,6,3,2.25,1,6,81.0,96.16326904296875,0,2,2,0,0,2544.json,Buggy
4,0.43526506423950195,0.9093908914906055,0,0,0,1,1.73,0,1,16.0,126.94251251220703,0,0,0,0,0,2746.json,Buggy
4,0.6594977378845215,0.9236372832709128,0,0,0,1,1.73,0,0,15.0,127.42622375488281,0,1,0,0,0,2594.json,NotBuggy
4,0.6244408488273621,0.937624422849918,0,0,0,1,1.73,0,0,15.0,127.42622375488281,0,1,0,0,0,974.json,Buggy
3,0.8846278786659241,0.8742789673798598,0,0,0,1,1.89,0,0,16.0,131.60296630859375,0,1,0,0,0,678.json,NotBuggy
10,0.4873279631137848,0.06109910438623801,7,5,12,6,1.69,0,1,76.0,101.5269775390625,0,1,1,0,0,3779.json,Buggy
8,0.16463914513587952,0.08144383141312905,0,0,0,1,4.44,0,4,51.0,108.71908569335938,0,2,0,0,0,2806.json,NotBuggy
10,0.006735462229698896,0.8537148475216585,0,0,0,1,3.49,0,0,35.0,107.36906433105469,0,0,0,0,0,983.json,NotBuggy
8,0.07119207084178925,0.18862438161685066,2,2,4,2,2.4,1,3,45.0,109.01058959960938,0,1,1,0,0,2252.json,NotBuggy
3,0.8431515097618103,0.8544834539734931,0,0,0,1,1.89,0,1,15.0,132.086669921875,0,1,0,0,0,2734.json,NotBuggy
8,0.0657922774553299,0.013969351207097126,1,1,2,2,2.4,1,6,59.0,107.37852478027344,0,1,2,0,0,2349.json,NotBuggy
12,0.006017532665282488,0.005886297763072498,2,1,3,3,3.77,2,4,72.0,99.27298736572266,0,1,4,0,0,1975.json,NotBuggy
3,0.925003170967102,0.9711232663575946,0,0,0,1,1.89,0,0,12.0,133.59722900390625,0,0,0,0,0,916.json,NotBuggy
6,0.648758590221405,0.619707236988505,0,0,0,1,2.8,0,4,34.0,115.71116638183594,0,0,1,0,0,2668.json,Buggy
4,0.515957772731781,0.9205965525493988,0,0,0,1,1.73,0,0,16.0,126.94251251220703,0,1,0,0,0,3509.json,NotBuggy
3,0.9268442392349243,0.9164738557446339,0,0,0,1,1.89,0,0,15.0,132.086669921875,0,1,0,0,0,707.json,NotBuggy
4,0.3989204168319702,0.839741344246593,0,0,0,1,1.73,0,3,19.0,125.91468811035156,0,0,0,0,0,2720.json,Buggy
5,0.24376295506954193,0.7906679021527562,0,0,0,1,3.2,0,2,24.0,120.96249389648438,0,0,0,0,0,2709.json,Buggy
4,0.6213219165802002,0.9766220293786871,0,0,0,1,1.73,0,0,12.0,128.936767578125,0,0,0,0,0,3189.json,NotBuggy
16,0.25487205386161804,0.6533477200953288,1,3,4,5,3.0,2,3,56.0,95.89453125,0,1,0,0,0,1484.json,Buggy
5,0.8474829196929932,0.9149459996405491,0,0,0,1,1.96,0,0,19.0,122.29976654052734,0,1,0,0,0,1006.json,NotBuggy
4,0.6942897439002991,0.9277901797286395,0,0,0,1,1.73,0,0,15.0,127.42622375488281,0,1,0,0,0,2130.json,NotBuggy
4,0.6353418827056885,0.9410994893080586,0,0,0,1,1.73,0,0,15.0,127.42622375488281,0,1,0,0,0,3507.json,NotBuggy
9,0.02757303975522518,0.8827067703329304,0,0,0,1,3.5,0,0,31.0,109.79678344726562,0,0,0,0,0,1905.json,NotBuggy
4,0.07526778429746628,0.58659204470266,0,0,0,1,1.73,0,0,23.0,124.6862564086914,0,0,0,0,0,3205.json,NotBuggy
5,0.1857309192419052,0.9436635909680501,0,0,0,1,1.96,0,2,17.0,123.32530975341797,0,0,0,0,0,2738.json,NotBuggy
3,0.6113569140434265,0.9445671895457053,0,0,0,1,1.89,0,0,12.0,133.59722900390625,0,0,0,0,0,518.json,NotBuggy
5,0.04680825397372246,0.1604288153600836,0,0,0,1,5.43,0,3,37.0,118.2250747680664,0,1,0,0,0,3458.json,NotBuggy
4,0.7744070887565613,0.965818180965505,0,0,0,1,1.73,0,0,12.0,128.936767578125,0,0,0,0,0,3093.json,NotBuggy
4,0.7804255485534668,0.6861412402097562,0,0,0,1,3.32,0,2,23.0,124.6862564086914,0,1,0,0,0,2295.json,NotBuggy
3,0.6786856055259705,0.9328438213574763,0,0,0,1,1.89,0,1,15.0,132.25152587890625,0,0,0,0,0,3738.json,NotBuggy
4,0.8710209131240845,0.989973259239063,0,0,0,1,1.73,0,0,12.0,128.936767578125,0,0,0,0,0,631.json,NotBuggy
5,0.15748287737369537,0.8228119630773584,0,0,0,1,1.96,0,2,23.0,121.18380737304688,0,1,0,0,0,3500.json,NotBuggy
10,0.2586868107318878,0.0016038767728554003,0,0,0,1,5.71,0,9,77.0,102.60900115966797,0,1,4,0,0,2813.json,NotBuggy
7,0.4427609443664551,0.5651876269793082,1,1,2,2,2.56,1,3,36.0,112.77070617675781,0,1,1,0,0,2837.json,NotBuggy
16,0.3482997417449951,0.9293754760724754,1,6,7,7,3.57,3,0,55.0,95.58811950683594,0,3,0,0,0,79.json,Buggy
31,0.0032110409811139107,1.8378658257413769E-4,8,5,13,6,4.48,3,21,154.0,78.88121032714844,0,0,5,0,0,2653.json,Buggy
4,0.7553077340126038,0.895798181450537,0,0,0,1,1.73,0,1,16.0,126.94251251220703,0,1,0,0,0,1993.json,NotBuggy
6,0.05793300271034241,0.5233673529731301,0,0,0,1,7.57,0,4,33.0,115.78754425048828,0,1,0,0,0,2018.json,NotBuggy
5,0.5636454820632935,0.7419979382782809,0,0,0,1,3.2,0,2,24.0,120.74615478515625,0,1,0,0,0,1302.json,NotBuggy
4,0.6271028518676758,0.8923757156016495,0,0,0,1,1.73,0,1,18.0,126.0733642578125,0,0,0,0,0,2780.json,NotBuggy
3,0.4632857143878937,0.7707485518981076,0,0,0,1,1.89,0,1,18.0,130.99049377441406,0,2,0,0,0,602.json,NotBuggy
3,0.9460781812667847,0.959025905684245,0,0,0,1,1.89,0,0,13.0,132.9956512451172,0,0,0,0,0,563.json,NotBuggy
3,0.06057086959481239,0.8648375472498734,0,0,0,1,1.89,0,1,14.0,132.61029052734375,0,0,0,0,0,3222.json,NotBuggy
3,0.5380436778068542,0.47059733483387206,0,0,0,1,1.89,0,2,24.0,129.0215301513672,0,1,0,0,0,1192.json,NotBuggy
4,0.9747240543365479,0.8254387933706625,0,0,0,1,1.73,0,0,23.0,124.92120361328125,0,0,0,0,0,3741.json,NotBuggy
16,0.071900375187397,0.024683776180561764,5,4,9,3,4.47,2,9,86.0,94.06668853759766,0,1,3,0,0,2752.json,Buggy
4,0.8180599212646484,0.9508910891104029,0,0,0,1,1.73,0,0,15.0,127.42622375488281,0,1,0,0,0,976.json,Buggy
31,0.06367409974336624,6.383719673565503E-5,6,5,11,7,3.34,2,7,148.0,78.72307586669922,0,2,3,0,0,3756.json,Buggy
4,0.04088280722498894,0.878997535859983,0,0,0,1,1.73,0,0,17.0,126.4930648803711,0,1,0,0,0,2174.json,Buggy
8,0.12247460335493088,0.895259541760626,0,0,0,1,3.46,0,0,27.0,112.51962280273438,0,0,0,0,0,1673.json,NotBuggy
4,0.46546486020088196,0.7173863079477034,0,0,0,1,1.73,0,1,21.0,125.27178192138672,0,1,0,0,0,2790.json,NotBuggy
6,0.4484714865684509,0.7641689869413625,0,0,0,1,5.5,0,4,29.0,116.80848693847656,0,1,0,0,0,3447.json,NotBuggy
11,0.5473635196685791,0.020657404455850424,4,3,7,3,2.83,1,5,68.0,101.02083587646484,0,1,2,0,0,1769.json,Buggy
5,0.6196606159210205,0.04881649279438637,0,0,0,1,4.38,0,4,44.0,116.91162109375,0,1,1,0,0,2572.json,NotBuggy
6,0.3196620047092438,0.5093181376738851,0,0,0,1,2.98,0,4,32.0,115.94755554199219,0,0,1,0,0,2617.json,Buggy
5,0.24376295506954193,0.7906679021527562,0,0,0,1,3.2,0,2,24.0,120.96249389648438,0,0,0,0,0,2696.json,Buggy
3,0.9097299575805664,0.8968286199754886,0,0,0,1,1.89,0,0,15.0,131.9385528564453,0,1,0,0,0,1591.json,NotBuggy
21,0.0758926197886467,2.105347333292283E-5,2,1,3,4,5.77,2,6,124.0,86.77722930908203,1,1,4,0,0,3748.json,Buggy
6,0.22981441020965576,0.9621558026252085,0,0,0,1,2.98,0,0,19.0,119.34615325927734,0,0,0,0,0,1273.json,Buggy
3,0.2642594873905182,0.8762267532764773,0,0,0,1,1.89,0,0,17.0,131.28770446777344,0,1,0,0,0,2200.json,NotBuggy
10,0.11392191052436829,0.16835091893029008,1,1,2,2,7.57,1,4,56.0,104.14152526855469,0,3,1,0,0,1771.json,Buggy
7,0.41400206089019775,0.1186984384493457,2,2,4,2,2.8,1,4,45.0,111.1139144897461,0,1,1,0,0,2412.json,Buggy
5,0.04683814197778702,0.9580008373921047,0,0,0,1,1.96,0,0,15.0,123.81129455566406,0,1,0,0,0,1470.json,NotBuggy
7,0.8737594485282898,0.9132910382116193,1,1,2,2,2.51,1,4,33.0,113.62568664550781,1,0,0,0,0,2787.json,Buggy
3,0.32816970348358154,0.9439640985853103,0,0,0,1,1.89,0,0,12.0,133.59722900390625,0,0,0,0,0,2615.json,NotBuggy
13,0.02573130838572979,0.0012577121588832352,4,3,7,3,2.46,1,7,86.0,97.09339141845703,0,1,3,0,0,1965.json,NotBuggy
4,0.7609155774116516,0.9050519458175833,0,0,0,1,1.73,0,1,18.0,126.33003997802734,0,1,0,0,0,3857.json,NotBuggy
4,0.5160509943962097,0.9314189157026845,0,0,0,1,1.73,0,0,15.0,127.42622375488281,0,1,0,0,0,2277.json,NotBuggy
5,0.4313729703426361,0.8123052777047781,0,0,0,1,1.96,0,2,23.0,121.07132720947266,0,1,0,0,0,3343.json,Buggy
3,0.9131848216056824,0.9571932614820733,0,0,0,1,1.89,0,0,12.0,133.59722900390625,0,0,0,0,0,528.json,NotBuggy
3,0.7781976461410522,0.9420975653343999,0,0,0,1,1.89,0,0,13.0,132.9956512451172,0,0,0,0,0,517.json,NotBuggy
13,0.060431551188230515,0.49136205872171107,7,5,12,2,2.72,1,9,56.0,99.83675384521484,0,0,2,0,0,2713.json,Buggy
5,0.6433183550834656,0.9424291363611853,0,0,0,1,1.96,0,1,18.0,122.58091735839844,0,0,0,0,0,2045.json,NotBuggy
4,0.7425077557563782,0.937136475826965,0,0,0,1,1.73,0,0,15.0,127.42622375488281,0,1,0,0,0,1017.json,NotBuggy
15,0.09511995315551758,0.004194478815922163,4,4,8,3,3.41,1,9,81.0,94.89490509033203,0,1,2,0,0,2346.json,Buggy
13,0.08892075717449188,0.0337412064853863,3,2,5,3,2.72,2,7,69.0,98.37139129638672,0,1,1,0,0,790.json,Buggy
5,0.24376295506954193,0.7906679021527562,0,0,0,1,3.2,0,2,24.0,120.96249389648438,0,0,0,0,0,2728.json,Buggy
4,0.5847836136817932,0.9328037859367433,0,0,0,1,1.73,0,1,17.0,126.62725830078125,0,1,0,0,0,769.json,NotBuggy
9,0.8643554449081421,0.6902223728906202,1,1,2,2,2.95,1,3,39.0,107.84662628173828,0,1,1,0,0,1303.json,NotBuggy
23,0.10189016163349152,0.06081595475276529,7,4,11,5,4.06,2,6,103.0,86.15989685058594,0,5,1,0,0,2478.json,Buggy
12,0.04313978925347328,0.2042862632850355,4,3,7,3,12.9,2,2,57.0,100.86588287353516,0,2,0,0,0,1938.json,NotBuggy
3,0.6206606030464172,0.9162733961165674,0,0,0,1,1.89,0,1,17.0,131.28770446777344,0,1,0,0,0,1846.json,NotBuggy
4,0.5508482456207275,0.9131484920575799,0,0,0,1,1.73,0,0,15.0,127.42622375488281,0,1,0,0,0,2411.json,NotBuggy
31,0.06367409974336624,6.383719673565503E-5,6,5,11,7,3.34,2,7,148.0,78.72307586669922,0,2,3,0,0,3758.json,Buggy
7,0.8533912301063538,0.6527710288150024,2,1,3,2,2.8,1,4,33.0,113.060302734375,0,1,1,0,0,2998.json,NotBuggy
35,1.420091575710103E-4,5.995103940003112E-11,9,8,17,8,9.06,7,15,222.0,74.36917877197266,0,2,7,0,0,3245.json,Buggy
3,0.9074175357818604,0.8330069174772305,0,0,0,1,1.89,0,0,18.0,130.99049377441406,0,0,0,0,0,600.json,NotBuggy
9,0.3768855333328247,0.1479567742268571,1,1,2,2,3.5,1,3,51.0,106.45166015625,0,1,2,0,0,1521.json,NotBuggy
4,0.9881178736686707,0.9821208515335929,0,0,0,1,1.96,0,0,12.0,128.936767578125,0,0,0,0,0,2693.json,Buggy
4,0.19341041147708893,0.9091483635351317,0,0,0,1,1.73,0,0,15.0,127.42622375488281,0,1,0,0,0,2947.json,NotBuggy
3,0.6959225535392761,0.8838154241189795,0,0,0,1,1.89,0,0,17.0,131.28770446777344,0,1,0,0,0,2420.json,NotBuggy
8,0.08336406946182251,0.8957919336863343,0,0,0,1,3.46,0,0,27.0,112.51962280273438,0,0,0,0,0,1550.json,NotBuggy
34,0.0,6.288709451521113E-10,9,9,18,7,4.46,3,28,218.0,75.57003784179688,0,1,2,0,0,1381.json,Buggy
5,0.24376295506954193,0.7906679021527562,0,0,0,1,3.2,0,2,24.0,120.96249389648438,0,0,0,0,0,2646.json,Buggy
3,0.7675378918647766,0.8964565039469127,0,0,0,1,1.89,0,0,14.0,132.4454345703125,0,0,0,0,0,592.json,NotBuggy
9,0.0067793200723826885,0.07090649136995798,0,0,0,1,14.05,0,6,56.0,105.87405395507812,0,2,0,0,0,688.json,NotBuggy
4,0.5629940032958984,0.9228052758839729,0,0,0,1,1.73,0,0,15.0,127.42622375488281,0,1,0,0,0,1214.json,NotBuggy
3,0.3648737967014313,0.9317419970947183,0,0,0,1,1.89,0,0,12.0,133.59722900390625,0,0,0,0,0,830.json,NotBuggy
5,0.4134896695613861,0.8967923251640741,0,0,0,1,1.96,0,2,19.0,122.58207702636719,0,0,0,0,0,1537.json,Buggy
4,0.43737292289733887,0.7900792714791092,0,0,0,1,1.73,0,4,22.0,125.02987670898438,0,0,0,0,0,2662.json,Buggy
5,0.24376295506954193,0.7906679021527562,0,0,0,1,3.2,0,2,24.0,120.96249389648438,0,0,0,0,0,2641.json,Buggy
3,0.1035110130906105,0.838415077881386,0,0,0,1,1.89,0,0,17.0,131.28770446777344,0,1,0,0,0,1806.json,NotBuggy
12,0.4717109501361847,0.8857755228056066,3,3,6,4,2.83,1,2,44.0,102.37261199951172,0,2,0,0,0,3074.json,Buggy
6,0.0016773204552009702,0.7674298002619732,0,0,0,1,14.21,0,1,33.0,116.13658905029297,0,5,0,0,0,3812.json,Buggy
9,0.1502338945865631,0.0496855845181511,1,1,2,2,2.95,1,4,57.0,105.64976501464844,0,1,3,0,0,3495.json,Buggy
43,0.0,5.8242657965271915E-9,3,27,30,14,3.95,3,8,205.0,69.9330825805664,0,1,1,0,0,1935.json,Buggy
18,0.0,1.2923425175105485E-6,0,0,0,1,4.53,0,8,154.0,90.0585708618164,0,0,0,0,0,3307.json,NotBuggy
5,0.5694229602813721,0.897204003891827,0,0,0,1,1.96,0,1,24.0,120.96249389648438,0,1,1,0,0,2625.json,Buggy
4,0.32705798745155334,0.9442608636221652,0,0,0,1,1.73,0,0,15.0,127.42622375488281,0,1,0,0,0,1919.json,NotBuggy
4,0.4781078100204468,0.8398138862878046,0,0,0,1,1.73,0,0,19.0,125.91468811035156,0,0,0,0,0,982.json,NotBuggy
3,0.6064549684524536,0.897840435742477,0,0,0,1,1.89,0,1,15.0,132.086669921875,0,0,0,0,0,3474.json,NotBuggy
6,0.3236890733242035,0.11705806705860836,0,0,0,1,2.0,0,3,42.0,114.45925903320312,0,1,2,0,0,1411.json,NotBuggy
12,0.4783250391483307,0.21183629277568072,4,3,7,3,3.59,2,2,59.0,100.53009796142578,0,2,2,0,0,1922.json,NotBuggy
5,0.46974724531173706,0.877311089211742,0,0,0,1,1.96,0,1,19.0,122.29976654052734,0,1,0,0,0,2846.json,Buggy
14,0.0,4.1871602790327133E-5,0,0,0,1,4.64,0,6,118.0,95.51445770263672,0,0,0,0,0,3303.json,NotBuggy
11,0.01113701518625021,0.05950951594429212,2,2,4,2,3.17,1,2,61.0,102.15278625488281,0,1,0,0,0,1917.json,Buggy
4,0.6121172308921814,0.9707238380237015,0,0,0,1,1.73,0,1,12.0,129.14767456054688,0,0,0,0,0,2665.json,NotBuggy
3,0.27338528633117676,0.3650578289218476,0,0,0,1,1.89,0,3,27.0,128.31268310546875,0,1,0,0,0,1951.json,NotBuggy
3,0.6449771523475647,0.9077126735636893,0,0,0,1,1.89,0,1,17.0,131.43582153320312,0,1,0,0,0,871.json,NotBuggy
4,0.6590509414672852,0.8925982910747345,0,0,0,1,1.73,0,1,18.0,126.19583892822266,0,0,0,0,0,3037.json,NotBuggy
11,0.43598318099975586,0.5277968517720647,1,1,2,2,2.41,1,3,49.0,103.6825180053711,0,1,2,0,0,1050.json,NotBuggy
4,0.8600867986679077,0.956626756292019,0,0,0,1,1.73,0,0,13.0,128.335205078125,0,0,0,0,0,1894.json,NotBuggy
19,0.10511156171560287,2.597643310334284E-4,7,5,12,5,6.73,3,12,122.0,88.19715118408203,0,1,6,0,0,3109.json,Buggy
42,0.0,0.9999999989956412,7,11,18,10,4.26,4,15,5.0,99.78067779541016,0,2,1,0,0,3380.json,Buggy
3,0.2756229341030121,0.8626337112166694,0,0,0,1,1.89,0,0,17.0,131.28770446777344,0,1,0,0,0,3220.json,NotBuggy
4,0.3300166428089142,0.8919776950938291,0,0,0,1,1.73,0,0,16.0,126.94251251220703,0,1,0,0,0,2004.json,NotBuggy
3,0.9388217926025391,0.9235803981746633,0,0,0,1,1.89,0,0,12.0,133.59722900390625,0,0,0,0,0,591.json,NotBuggy
6,0.19882012903690338,0.34624221101022484,0,0,0,1,1.98,0,3,36.0,115.19073486328125,1,0,2,0,0,3782.json,Buggy
3,0.6504442095756531,0.9057601979794515,0,0,0,1,1.89,0,0,17.0,131.28770446777344,0,1,0,0,0,1522.json,NotBuggy
8,0.8306010365486145,0.9147424905843091,1,1,2,2,2.51,1,3,32.0,111.1359634399414,1,0,1,0,0,2715.json,Buggy
3,0.5359141826629639,0.9093497117467014,0,0,0,1,1.89,0,1,15.0,132.25152587890625,0,0,0,0,0,3475.json,NotBuggy
31,0.12769289314746857,0.0354077503901341,7,7,14,8,8.09,5,12,130.0,79.2738265991211,0,1,2,0,0,2216.json,Buggy
3,0.5425459742546082,0.8173150703360992,0,0,0,1,1.89,0,1,19.0,130.45266723632812,0,1,0,0,0,1863.json,NotBuggy
4,0.15968038141727448,0.7398551642410847,0,0,0,1,1.73,0,0,19.0,125.91468811035156,0,0,0,0,0,3182.json,NotBuggy
15,0.022375192493200302,7.321543870333461E-4,4,3,7,4,3.83,2,9,92.0,94.0385513305664,0,2,3,0,0,3320.json,Buggy
17,0.16930267214775085,4.576901016579196E-5,3,2,5,3,3.89,1,9,111.0,91.16051483154297,0,1,4,0,0,3073.json,Buggy
37,9.553294512443244E-4,5.696831873768084E-8,10,13,23,10,2.9,3,15,202.0,73.71321868896484,0,1,4,0,0,1995.json,Buggy
5,0.24376295506954193,0.7924288337188322,0,0,0,1,3.2,0,2,24.0,120.96249389648438,0,0,0,0,0,2708.json,Buggy
4,0.42294880747795105,0.7122865806488634,0,0,0,1,1.73,0,1,21.0,125.27178192138672,0,1,0,0,0,2691.json,NotBuggy
3,0.4971791207790375,0.749193206489539,0,0,0,1,1.89,0,0,19.0,130.57513427734375,0,0,0,0,0,2471.json,NotBuggy
11,0.11014577746391296,0.052653657834116685,2,3,5,3,2.41,1,3,61.0,101.97985076904297,0,1,2,0,0,3833.json,NotBuggy
4,0.7722200751304626,0.9842876714085285,0,0,0,1,1.73,0,0,12.0,128.936767578125,0,0,0,0,0,2525.json,NotBuggy
11,0.21965275704860687,0.013568718791888014,4,4,8,5,3.74,2,8,74.0,100.45819091796875,0,1,1,0,0,3781.json,Buggy
3,0.9046097993850708,0.9541203515431154,0,0,0,1,1.89,0,0,12.0,133.59722900390625,0,0,0,0,0,594.json,NotBuggy
12,0.17913968861103058,0.02569842763385435,4,2,6,2,2.83,1,9,68.0,100.12383270263672,0,1,3,0,0,1448.json,Buggy
4,0.8341630697250366,0.9346942537178823,0,0,0,1,1.73,0,0,15.0,127.42622375488281,0,1,0,0,0,2274.json,NotBuggy
6,0.26857051253318787,0.26294343017032834,0,0,0,1,2.98,0,3,36.0,115.2608413696289,0,1,1,0,0,1308.json,NotBuggy
3,0.11705157905817032,0.9329203589960362,0,0,0,1,1.89,0,0,12.0,133.59722900390625,0,0,0,0,0,945.json,NotBuggy
11,2.0637304987758398E-4,0.0340389894073246,0,0,0,1,4.96,0,5,64.0,102.07866668701172,0,1,1,0,0,759.json,NotBuggy
10,0.047380559146404266,0.2220156548367129,1,2,3,3,3.6,2,5,54.0,104.49129486083984,0,0,1,0,0,2657.json,NotBuggy
4,0.021139713004231453,0.9636312850603961,0,0,0,1,1.73,0,0,12.0,128.936767578125,0,0,0,0,0,2605.json,NotBuggy
5,0.034046441316604614,0.0953033234866887,0,0,0,1,3.58,0,6,43.0,117.36475372314453,0,2,0,0,0,3580.json,NotBuggy
3,0.7325850129127502,0.8662504312980409,0,0,0,1,1.89,0,0,15.0,132.086669921875,0,1,0,0,0,1499.json,Buggy
8,0.03216144070029259,0.003628763982595788,2,1,3,2,2.83,1,3,67.0,106.5293960571289,0,1,3,0,0,686.json,NotBuggy
3,0.5187432765960693,0.8523613419572681,0,0,0,1,1.89,0,0,17.0,131.28770446777344,0,1,0,0,0,1413.json,NotBuggy
6,0.42807736992836,0.6492360691453036,0,0,0,1,5.5,0,0,30.0,116.4460220336914,0,1,0,0,0,1224.json,NotBuggy
23,3.1776208197697997E-4,4.0259116477886794E-6,0,0,0,3,13.89,1,5,126.0,85.24220275878906,0,4,3,0,0,815.json,NotBuggy
4,0.4755253791809082,0.9189934472684773,0,0,0,1,1.73,0,0,15.0,127.42622375488281,0,1,0,0,0,1271.json,NotBuggy
20,3.69516754290089E-4,7.86031482231616E-9,4,4,8,4,2.86,3,15,162.0,86.3317642211914,0,4,4,0,0,2545.json,Buggy
4,0.47283247113227844,0.9425472083808626,0,0,0,1,1.73,0,0,15.0,127.42622375488281,0,1,0,0,0,2021.json,NotBuggy
30,0.003651653416454792,1.9951909411637086E-4,12,11,23,8,2.91,2,10,151.0,79.20887756347656,0,1,3,0,0,746.json,Buggy
5,0.1857309192419052,0.9436635909680501,0,0,0,1,1.96,0,2,17.0,123.32530975341797,0,0,0,0,0,2743.json,NotBuggy
31,0.06367409974336624,6.383719673565503E-5,6,5,11,7,3.34,2,7,148.0,78.72307586669922,0,2,3,0,0,3757.json,Buggy
3,0.06173443794250488,0.9415146099304615,0,0,0,1,1.89,0,0,12.0,133.59722900390625,0,0,0,0,0,1690.json,NotBuggy
5,0.09490929543972015,0.5036732581577217,0,0,0,1,3.2,0,1,27.0,119.86349487304688,0,2,0,0,0,1178.json,NotBuggy
4,0.6474235653877258,0.8316393323428315,0,0,0,1,1.73,0,1,20.0,125.41301727294922,0,1,0,0,0,696.json,Buggy
4,0.8769215941429138,0.9265992348829464,0,0,0,1,1.73,0,0,14.0,127.78498840332031,0,1,0,0,0,1009.json,NotBuggy
44,1.0356045822845772E-4,1.7660477077740692E-10,12,11,23,9,3.92,3,22,251.0,69.61647033691406,1,1,10,0,0,2329.json,Buggy
4,0.49968671798706055,0.915540500151981,0,0,0,1,1.73,0,1,17.0,126.62725830078125,0,1,0,0,0,3486.json,NotBuggy
3,1.2684808461926877E-4,0.860155660774134,0,0,0,1,1.89,0,1,17.0,131.43582153320312,0,1,0,0,0,3483.json,NotBuggy
5,0.08769866079092026,0.9450107710321841,0,0,0,1,1.96,0,0,15.0,123.81129455566406,0,1,0,0,0,1472.json,NotBuggy
5,0.0061074490658938885,0.09925770901801532,0,0,0,1,5.43,0,3,41.0,117.61241912841797,0,1,0,0,0,3448.json,NotBuggy
4,0.6474629640579224,0.9711332399145245,0,0,0,1,1.73,0,1,14.0,127.94984436035156,0,1,0,0,0,838.json,NotBuggy
4,0.6074831485748291,0.8789065986836059,0,0,0,1,1.73,0,1,18.0,126.19583892822266,0,0,0,0,0,2718.json,Buggy
3,0.05391271784901619,0.7950826219190456,0,0,0,1,1.89,0,0,17.0,131.28770446777344,0,1,0,0,0,1564.json,NotBuggy
5,0.06095283105969429,0.045758311601759936,0,0,0,1,2.99,0,5,46.0,116.68047332763672,0,1,1,0,0,1310.json,NotBuggy
3,0.026956193149089813,0.33086241447543796,0,0,0,1,1.89,0,1,27.0,128.1388702392578,0,2,0,0,0,1181.json,NotBuggy
4,0.8921201825141907,0.6904129310725211,0,0,0,1,1.73,0,1,23.0,124.48601531982422,0,0,0,0,0,3092.json,Buggy
17,0.09498300403356552,0.010674393630981901,0,0,0,2,3.34,1,6,83.0,93.12110900878906,0,1,2,0,0,3590.json,Buggy
3,0.5015354156494141,0.8572006367266753,0,0,0,1,1.89,0,0,17.0,131.28770446777344,0,1,0,0,0,1647.json,NotBuggy
13,0.17178502678871155,0.35368843621298474,1,2,3,4,3.08,2,4,53.0,99.77460479736328,0,1,0,0,0,2317.json,NotBuggy
4,0.042429015040397644,0.9532043844446584,0,0,0,1,1.73,0,0,13.0,128.335205078125,0,0,0,0,0,3145.json,NotBuggy
5,0.4438058137893677,0.46520577304861954,0,0,0,1,1.96,0,2,30.0,119.48943328857422,0,1,1,0,0,2884.json,NotBuggy
4,0.47283247113227844,0.9404728081956865,0,0,0,1,1.73,0,0,15.0,127.42622375488281,0,1,0,0,0,2112.json,NotBuggy
4,0.39923781156539917,0.8865549113594697,0,0,0,1,1.73,0,0,16.0,126.94251251220703,0,1,0,0,0,1213.json,NotBuggy
10,0.3576771020889282,0.7649618168366812,0,0,0,1,2.8,1,2,39.0,106.56924438476562,0,0,1,0,0,3841.json,Buggy
8,0.09613420069217682,0.24865730637413072,3,2,5,3,4.47,2,2,45.0,108.84356689453125,0,2,1,0,0,2838.json,NotBuggy
15,0.001597053138539195,0.12798763506456892,0,0,0,1,3.22,0,2,66.0,96.84204864501953,0,0,1,0,0,2637.json,Buggy
4,0.3010050654411316,0.9587419569223381,0,0,0,1,1.73,0,1,13.0,128.5205535888672,0,0,0,0,0,2608.json,NotBuggy
25,0.004247109405696392,1.3834739480386404E-8,2,2,4,4,3.92,2,10,165.0,82.21302795410156,0,2,7,0,0,786.json,NotBuggy
13,0.09493745863437653,0.014052663956002706,4,2,6,3,3.72,2,4,71.0,98.13262939453125,0,2,3,0,0,1910.json,NotBuggy
3,0.2872737646102905,0.8047515940596071,0,0,0,1,1.89,0,0,16.0,131.60296630859375,0,1,0,0,0,3135.json,NotBuggy
3,0.5580771565437317,0.8017154720937111,0,0,0,1,1.89,0,1,19.0,130.34019470214844,0,0,0,0,0,3565.json,NotBuggy
4,0.9352355003356934,0.9799640569008922,0,0,0,1,1.73,0,0,12.0,128.936767578125,0,0,0,0,0,3775.json,NotBuggy
3,0.5479726791381836,0.9503070414194816,0,0,0,1,1.89,0,0,12.0,133.59722900390625,0,0,0,0,0,562.json,NotBuggy
4,0.13263244926929474,0.6461441347660437,0,0,0,1,1.73,0,0,23.0,124.6862564086914,0,0,0,0,0,1255.json,NotBuggy
4,0.7763217091560364,0.9813251030047144,0,0,0,1,1.73,0,0,12.0,128.936767578125,0,0,0,0,0,2769.json,Buggy
27,4.942064406350255E-4,9.509308309367925E-9,11,10,21,6,5.66,3,17,180.0,80.14823150634766,0,1,4,0,0,1144.json,Buggy
3,0.668612539768219,0.9633384613900037,0,0,0,1,1.89,0,0,12.0,133.59722900390625,0,0,0,0,0,2394.json,NotBuggy
3,0.7975882291793823,0.6200086739358351,0,0,0,1,1.89,0,1,19.0,130.45266723632812,0,1,0,0,0,1841.json,NotBuggy
8,0.8447615504264832,0.516912738097925,1,1,2,2,2.65,1,2,42.0,109.36935424804688,0,1,1,0,0,699.json,Buggy
3,0.9408955574035645,0.965106288670043,0,0,0,1,1.89,0,0,12.0,133.59722900390625,0,0,0,0,0,3126.json,NotBuggy
3,0.09198712557554245,0.9174066838565283,0,0,0,1,1.89,0,1,14.0,132.79563903808594,0,0,0,0,0,3647.json,NotBuggy
4,0.8757740259170532,0.8691498125324718,0,0,0,1,1.73,0,2,20.0,125.64796447753906,0,1,0,0,0,2751.json,Buggy
4,0.4755253791809082,0.9189934472684773,0,0,0,1,1.73,0,0,15.0,127.42622375488281,0,1,0,0,0,1254.json,NotBuggy
18,0.0,1.234060284943369E-6,0,0,0,1,4.53,0,8,154.0,90.0585708618164,0,0,0,0,0,3300.json,NotBuggy
3,0.9099981784820557,0.8951627520894009,0,0,0,1,1.89,0,0,15.0,131.9385528564453,0,1,0,0,0,561.json,NotBuggy
6,0.7003971934318542,0.3254078183062717,0,0,0,1,2.0,0,3,39.0,114.7745132446289,0,1,2,0,0,2870.json,NotBuggy
7,0.647301435470581,0.8685684620991709,1,1,2,2,2.8,1,1,29.0,114.08124542236328,0,0,0,0,0,773.json,Buggy
3,0.9477936029434204,0.7651377599517942,0,0,0,1,1.89,0,0,21.0,130.05470275878906,0,1,0,0,0,2401.json,NotBuggy
5,0.05911216139793396,0.1629143671760699,0,0,0,1,7.76,0,3,37.0,118.00186920166016,0,1,0,0,0,1946.json,NotBuggy
10,0.3155350685119629,0.7307626283577013,1,1,2,2,2.8,1,4,41.0,106.00907897949219,0,0,1,0,0,2667.json,Buggy
4,0.5787438750267029,0.9376457265767693,0,0,0,1,1.73,0,1,15.0,127.59107971191406,0,0,0,0,0,652.json,Buggy
3,0.7454553246498108,0.7977518799210881,0,0,0,1,1.89,0,1,19.0,130.45266723632812,0,1,0,0,0,2402.json,NotBuggy
4,0.9205211400985718,0.984146841523396,0,0,0,1,1.73,0,0,12.0,128.936767578125,0,0,0,0,0,3028.json,NotBuggy
18,0.14855270087718964,0.10346891653458717,5,4,9,4,5.13,3,8,78.0,92.14183807373047,0,1,1,0,0,1708.json,Buggy
3,0.0021756989881396294,0.8389535158883076,0,0,0,1,1.89,0,1,17.0,131.28770446777344,0,1,0,0,0,3642.json,NotBuggy
4,0.02002609148621559,0.8395581905048123,0,0,0,1,1.73,0,2,22.0,125.02987670898438,0,0,0,0,0,2663.json,Buggy
12,0.6860593557357788,0.45338031374505555,2,2,4,3,3.82,2,2,56.0,101.01498413085938,0,1,2,0,0,1879.json,NotBuggy
13,0.10373112559318542,0.007762764638293054,4,2,6,2,2.22,1,5,73.0,98.09496307373047,0,3,3,0,0,1288.json,Buggy
3,0.8101900815963745,0.9715634225901663,0,0,0,1,1.89,0,0,12.0,133.59722900390625,0,0,0,0,0,1055.json,NotBuggy
4,0.08962003141641617,0.9177678576989319,0,0,0,1,1.73,0,0,15.0,127.42622375488281,0,1,0,0,0,997.json,NotBuggy
8,0.12086701393127441,0.3858572733133257,1,1,2,2,2.83,1,1,41.0,109.5576400756836,0,3,1,0,0,3246.json,NotBuggy
3,0.015720784664154053,0.8202584216560518,0,0,0,1,1.89,0,0,17.0,131.28770446777344,0,1,0,0,0,1087.json,NotBuggy
13,0.22479236125946045,0.00736426215722587,1,2,3,3,3.56,2,3,76.0,97.7361831665039,0,1,3,0,0,2847.json,Buggy
7,0.17501206696033478,0.40465074616955166,1,1,2,2,5.42,1,2,37.0,112.25464630126953,0,1,0,0,0,2176.json,Buggy
10,0.11413984000682831,0.43099767293885816,3,1,4,3,4.08,2,2,48.0,104.65863800048828,0,1,2,0,0,2946.json,NotBuggy
4,0.7752267122268677,0.9255043767761834,0,0,0,1,1.73,0,0,15.0,127.42622375488281,0,1,0,0,0,3104.json,NotBuggy
3,0.16293756663799286,0.8407582160419091,0,0,0,1,1.89,0,0,17.0,131.28770446777344,0,1,0,0,0,1359.json,NotBuggy
3,0.7088555693626404,0.9609835249006198,0,0,0,1,1.89,0,0,12.0,133.59722900390625,0,0,0,0,0,979.json,NotBuggy
5,0.007763918023556471,0.08988262246424988,0,0,0,1,5.43,0,3,41.0,117.61241912841797,0,1,0,0,0,3450.json,NotBuggy
15,0.004791145212948322,4.95621894862569E-7,2,2,4,3,3.41,1,10,129.0,92.28164672851562,0,2,4,0,0,687.json,NotBuggy
4,0.39573368430137634,0.9851466850421834,0,0,0,1,1.73,0,0,12.0,128.936767578125,0,0,0,0,0,2712.json,Buggy
15,0.016069142147898674,0.006583350595082699,3,3,6,4,5.09,3,5,80.0,94.96379852294922,0,1,2,0,0,1582.json,NotBuggy
17,0.05818191543221474,2.2188838440620712E-5,3,3,6,2,3.76,1,11,116.0,91.22972869873047,0,1,8,0,0,1983.json,Buggy
7,0.016405096277594566,0.7953483625769722,0,0,0,1,10.47,0,0,31.0,113.86808013916016,0,0,0,0,0,2441.json,Buggy
4,0.8537684679031372,0.986462187511756,0,0,0,1,1.73,0,0,12.0,128.936767578125,0,0,0,0,0,1477.json,NotBuggy
6,0.4160136878490448,0.9437900623975434,0,0,0,1,2.98,0,0,19.0,119.34615325927734,0,0,0,0,0,1452.json,NotBuggy
3,0.643431544303894,0.8943502835769448,0,0,0,1,1.89,0,1,17.0,131.28770446777344,0,1,0,0,0,1530.json,NotBuggy
4,0.7619823813438416,0.9520968275970847,0,0,0,1,1.73,0,0,15.0,127.42622375488281,0,1,0,0,0,2464.json,NotBuggy
13,3.604772500693798E-4,0.7179151354261291,0,0,0,1,3.34,0,0,47.0,101.34869384765625,0,0,0,0,0,1361.json,NotBuggy
4,0.46514153480529785,0.5484003099985779,0,0,0,1,1.73,0,2,24.0,124.361083984375,0,1,0,0,0,2287.json,NotBuggy
4,0.8498951196670532,0.9881079805144305,0,0,0,1,1.73,0,0,11.0,129.6001434326172,0,0,0,0,0,2967.json,NotBuggy
14,3.68368870113045E-4,1.151663188246307E-4,5,4,9,3,5.49,2,6,97.0,95.04053497314453,0,4,3,0,0,2515.json,NotBuggy
4,0.500538170337677,0.8974378638140939,0,0,0,1,1.73,0,0,17.0,126.4930648803711,0,1,0,0,0,2171.json,Buggy
16,0.031652748584747314,4.537284585660483E-4,4,2,6,4,9.04,3,8,93.0,92.73756408691406,0,0,3,0,0,3138.json,NotBuggy
12,0.5901174545288086,0.12320923945830267,0,0,0,1,4.95,0,8,67.0,100.14828491210938,1,1,3,0,0,3317.json,Buggy
21,0.032461196184158325,0.0059956318889832745,3,2,5,3,4.66,3,9,101.0,88.29656219482422,0,0,3,0,0,3840.json,Buggy
4,0.49887967109680176,0.9409438615475584,0,0,0,1,1.73,0,0,15.0,127.42622375488281,0,1,0,0,0,2271.json,NotBuggy
5,0.7175843715667725,0.8469204091575775,0,0,0,1,1.96,0,1,23.0,121.07132720947266,0,0,0,0,0,1653.json,NotBuggy
18,0.0011966418242082,1.748202463030186E-7,7,6,13,5,4.41,3,13,140.0,88.33048248291016,0,1,6,0,0,1252.json,Buggy
4,0.5160509943962097,0.9338940667474662,0,0,0,1,1.73,0,0,15.0,127.42622375488281,0,1,0,0,0,2020.json,NotBuggy
4,0.2979620099067688,0.93573552537822,0,0,0,1,1.73,0,1,14.0,127.94984436035156,0,0,0,0,0,1058.json,Buggy
15,0.4469109773635864,0.044236847515548496,4,4,8,3,3.43,1,5,76.0,95.3373031616211,0,3,0,0,0,3243.json,Buggy
5,0.005401466973125935,0.1081399881337191,0,0,0,1,5.43,0,3,41.0,117.61241912841797,0,1,0,0,0,3456.json,NotBuggy
3,0.08397849649190903,0.8499981215646489,0,0,0,1,1.89,0,0,17.0,131.28770446777344,0,1,0,0,0,1710.json,NotBuggy
4,0.8568917512893677,0.9661216790369334,0,0,0,1,1.73,0,0,14.0,127.78498840332031,0,0,0,0,0,3767.json,NotBuggy
4,0.6710191369056702,0.9556431924975566,0,0,0,1,1.73,0,0,15.0,127.42622375488281,0,1,0,0,0,2022.json,NotBuggy
10,0.07749005407094955,0.08099313697838119,4,2,6,3,3.92,2,5,63.0,103.1426010131836,0,1,2,0,0,2755.json,Buggy
6,0.005401283502578735,0.058439583110783164,0,0,0,1,4.99,0,2,46.0,113.9862060546875,0,0,0,0,0,3299.json,NotBuggy
4,0.9881178736686707,0.9821208515335929,0,0,0,1,1.96,0,0,12.0,128.936767578125,0,0,0,0,0,2578.json,Buggy
9,0.4633294343948364,0.0027853269970053384,2,1,3,2,2.95,1,4,76.0,103.88228607177734,0,0,4,0,0,785.json,NotBuggy
4,0.7142977118492126,0.9142556112302901,0,0,0,1,1.73,0,1,17.0,126.62725830078125,0,1,0,0,0,3340.json,Buggy
3,0.8185001015663147,0.8800872267816715,0,0,0,1,1.89,0,1,16.0,131.60296630859375,0,0,0,0,0,710.json,NotBuggy
4,0.4321542978286743,0.9314905538336646,0,0,0,1,1.73,0,0,14.0,127.78498840332031,0,1,0,0,0,2725.json,Buggy
7,0.1801636964082718,0.94521898413821,0,0,0,1,3.33,0,0,23.0,115.62047576904297,0,0,0,0,0,1130.json,NotBuggy
25,0.0017746228259056807,0.9999981528271521,3,6,9,7,3.98,3,14,3.0,111.53142547607422,0,1,2,0,0,1914.json,Buggy
11,0.8302861452102661,0.0559198956174289,3,2,5,3,3.92,2,6,65.0,101.3882064819336,0,1,3,0,0,2180.json,Buggy
14,0.06080683693289757,0.020113217872888712,2,2,4,2,5.18,1,5,72.0,97.22738647460938,0,1,3,0,0,1199.json,Buggy
4,0.3945903182029724,0.7976567973037635,0,0,0,1,1.73,0,0,19.0,125.91468811035156,0,0,0,0,0,1158.json,Buggy
4,0.6527838706970215,0.940378103813773,0,0,0,1,1.73,0,1,17.0,126.62725830078125,0,1,0,0,0,1473.json,NotBuggy
9,0.2699330747127533,0.023195314527401322,2,1,3,2,4.54,1,5,63.0,104.9856185913086,0,1,2,0,0,1078.json,Buggy
15,0.12631738185882568,0.19701519070585863,1,5,6,7,2.78,2,3,64.0,95.67415618896484,0,1,0,0,0,987.json,NotBuggy
12,0.0,3.0266192852956066E-4,0,0,0,1,4.71,0,5,100.0,98.87236785888672,0,0,0,0,0,3306.json,NotBuggy
4,0.7382156252861023,0.8758416514198186,0,0,0,1,1.73,0,1,19.0,125.91468811035156,0,0,0,0,0,3038.json,Buggy
16,0.06556051224470139,0.0036177874600429416,5,4,9,3,5.98,2,7,85.0,93.67154693603516,0,1,4,0,0,1516.json,NotBuggy
7,0.009218432009220123,0.7139614363687191,0,0,0,1,3.33,0,0,31.0,113.86808013916016,0,0,0,0,0,1480.json,Buggy
7,0.3568759262561798,0.12467139365049745,2,1,3,2,2.56,1,5,45.0,111.30314636230469,0,1,1,0,0,1191.json,NotBuggy
4,0.6029676198959351,0.877111334615164,0,0,0,1,1.73,0,1,18.0,126.33003997802734,0,1,0,0,0,832.json,NotBuggy
5,0.01766524277627468,0.9531726797975336,0,0,0,1,1.96,0,0,15.0,123.81129455566406,0,1,0,0,0,1471.json,NotBuggy
3,0.7705280780792236,0.8477875415928292,0,0,0,1,1.89,0,1,16.0,131.60296630859375,0,0,0,0,0,564.json,NotBuggy
5,0.24376295506954193,0.7906679021527562,0,0,0,1,3.2,0,2,24.0,120.96249389648438,0,0,0,0,0,2727.json,Buggy
3,0.9097299575805664,0.8968286199754886,0,0,0,1,1.89,0,0,15.0,131.9385528564453,0,1,0,0,0,1547.json,NotBuggy
5,0.3235531747341156,0.8294350156212348,0,0,0,1,1.96,0,1,21.0,121.54438018798828,0,1,0,0,0,809.json,NotBuggy
3,0.6233307123184204,0.901683628595841,0,0,0,1,1.89,0,0,17.0,131.28770446777344,0,1,0,0,0,708.json,NotBuggy
9,0.04990474507212639,0.0023074999885523747,2,2,4,2,2.67,1,6,71.0,104.31977081298828,0,1,3,0,0,1940.json,NotBuggy
3,0.8067988157272339,0.9075299973820119,0,0,0,1,1.89,0,0,17.0,131.28770446777344,0,1,0,0,0,1543.json,NotBuggy
4,0.4755253791809082,0.9189934472684773,0,0,0,1,1.73,0,0,15.0,127.42622375488281,0,1,0,0,0,1283.json,NotBuggy
4,0.9486632347106934,0.9807905980485593,0,0,0,1,1.73,0,0,12.0,128.936767578125,0,0,0,0,0,3091.json,NotBuggy
23,0.09339932352304459,0.022342529150140723,1,1,2,4,4.41,3,4,90.0,87.15774536132812,0,1,4,0,0,3417.json,Buggy
4,0.8393586874008179,0.9339673076605948,0,0,0,1,1.73,0,1,15.0,127.59107971191406,0,1,0,0,0,1785.json,NotBuggy
10,0.3155350685119629,0.7307626283577013,1,1,2,2,2.8,1,4,41.0,106.00907897949219,0,0,1,0,0,2692.json,Buggy
3,0.9153017401695251,0.9267538914107374,0,0,0,1,1.89,0,0,15.0,132.086669921875,0,1,0,0,0,913.json,NotBuggy
21,0.08383751660585403,0.002316754879299294,3,3,6,3,4.26,2,8,100.0,88.38411712646484,0,1,3,0,0,2345.json,Buggy
3,0.8067988157272339,0.9075299973820119,0,0,0,1,1.89,0,0,17.0,131.28770446777344,0,1,0,0,0,1598.json,NotBuggy
4,0.9113366007804871,0.9759678277593079,0,0,0,1,1.73,0,0,15.0,127.42622375488281,0,1,0,0,0,792.json,NotBuggy
12,0.2107539027929306,0.49389760751626677,1,4,5,6,4.04,2,3,50.0,101.03715515136719,0,1,0,0,0,1092.json,NotBuggy
4,0.9329303503036499,0.9839992621569323,0,0,0,1,1.73,0,0,12.0,128.936767578125,0,0,0,0,0,3761.json,NotBuggy
19,0.23251557350158691,0.005065485725337618,4,4,8,3,3.48,2,9,100.0,90.39187622070312,0,0,6,0,0,2655.json,NotBuggy
4,0.5567881464958191,0.9169117614326707,0,0,0,1,1.73,0,0,16.0,126.94251251220703,0,1,0,0,0,697.json,NotBuggy
3,0.9877338409423828,0.9681215294725468,0,0,0,1,1.73,0,0,11.0,134.26058959960938,0,1,0,0,0,1023.json,NotBuggy
8,0.20868118107318878,0.18224334057861155,1,1,2,2,2.4,1,3,47.0,108.66751861572266,0,1,2,0,0,2831.json,NotBuggy
4,0.9287307858467102,0.9893464761688558,0,0,0,1,1.73,0,0,11.0,129.6001434326172,0,0,0,0,0,2965.json,NotBuggy
5,0.004832628183066845,0.10528531178225549,0,0,0,1,5.43,0,3,41.0,117.61241912841797,0,1,0,0,0,3451.json,NotBuggy
22,0.022521251812577248,4.820851532910847E-5,6,5,11,4,2.07,1,18,145.0,85.2999038696289,1,0,5,0,0,2719.json,Buggy
4,0.6337543725967407,0.8643686878103359,0,0,0,1,1.73,0,1,19.0,125.79222106933594,0,1,0,0,0,3796.json,NotBuggy
4,0.6969563961029053,0.9414294648503656,0,0,0,1,1.73,0,0,15.0,127.42622375488281,0,1,0,0,0,973.json,Buggy
10,0.3320249319076538,0.013439293457709044,1,1,2,2,2.4,1,6,72.0,102.63037872314453,0,0,4,0,0,2621.json,Buggy
8,0.566003680229187,0.12753837027610013,1,1,2,2,2.95,0,3,52.0,108.08734130859375,1,3,1,0,0,2749.json,Buggy
11,0.22247415781021118,0.3611773071654663,1,4,5,2,4.6,1,3,47.0,103.62551879882812,0,1,1,0,0,1801.json,NotBuggy
15,0.014274046756327152,0.009036800923132934,2,2,4,3,4.62,2,7,81.0,95.21937561035156,0,1,3,0,0,1575.json,Buggy
14,1.5479743888136E-4,0.6090380556326613,0,0,0,1,3.28,0,0,51.0,99.65331268310547,0,0,0,0,0,2178.json,NotBuggy
4,0.9881178736686707,0.9821208515335929,0,0,0,1,1.96,0,0,12.0,128.936767578125,0,0,0,0,0,2726.json,Buggy
4,0.5912356972694397,0.4241087257331198,0,0,0,1,2.0,0,3,31.0,122.68119049072266,0,1,1,0,0,2685.json,NotBuggy
3,0.4373772144317627,0.846370077238487,0,0,0,1,1.89,0,0,15.0,132.086669921875,0,1,0,0,0,1215.json,NotBuggy
6,0.07474206387996674,0.9301825758815345,0,0,0,1,2.98,0,0,19.0,119.34615325927734,0,0,0,0,0,3221.json,NotBuggy
22,0.0013868022942915559,6.792298818112886E-5,3,7,10,4,4.97,1,12,127.0,86.02083587646484,0,2,2,0,0,3043.json,Buggy
4,0.5194031596183777,0.8715570772447521,0,0,0,1,1.73,0,1,18.0,126.19583892822266,0,1,0,0,0,826.json,NotBuggy
4,0.8694813251495361,0.98300129343276,0,0,0,1,1.73,0,0,12.0,128.936767578125,0,0,0,0,0,2003.json,NotBuggy
4,0.809013843536377,0.8448359608297851,0,0,0,1,1.73,0,1,21.0,125.39425659179688,0,0,0,0,0,3728.json,NotBuggy
4,0.7469247579574585,0.9117969590088979,0,0,0,1,1.73,0,0,17.0,126.4930648803711,0,1,0,0,0,3199.json,NotBuggy
3,0.8067988157272339,0.9075299973820119,0,0,0,1,1.89,0,0,17.0,131.28770446777344,0,1,0,0,0,1587.json,NotBuggy
6,0.8234317898750305,0.7166386409045384,0,0,0,1,2.8,0,3,33.0,115.71329498291016,1,1,1,0,0,2754.json,Buggy
22,0.022521251812577248,4.820851532910847E-5,6,5,11,4,2.07,1,18,145.0,85.2999038696289,1,0,5,0,0,2659.json,Buggy
12,0.15657958388328552,0.002936628376246349,1,1,2,2,2.56,1,6,79.0,99.1483383178711,0,1,4,0,0,1729.json,Buggy
75,0.0,6.002457032339243E-19,3,16,19,18,4.31,3,26,389.0,56.60865783691406,0,1,6,0,0,1393.json,Buggy
30,4.910824354737997E-4,2.2239551682296161E-7,0,0,0,2,2.58,1,14,184.0,79.35090637207031,0,3,7,0,0,949.json,Buggy
3,0.8778161406517029,0.9554560961467687,0,0,0,1,1.89,0,0,12.0,133.59722900390625,0,0,0,0,0,593.json,NotBuggy
5,0.6729023456573486,0.7112811711074227,0,0,0,1,1.96,0,2,26.0,120.3299331665039,0,1,0,0,0,1068.json,NotBuggy
5,0.8678571581840515,0.8676488350943612,0,0,0,1,2.8,0,3,26.0,120.3299331665039,0,1,0,0,0,1438.json,Buggy
3,0.9074175357818604,0.8330069174772305,0,0,0,1,1.89,0,0,18.0,130.99049377441406,0,0,0,0,0,613.json,NotBuggy
4,0.23768018186092377,0.6135027376174783,0,0,0,1,1.73,0,0,23.0,124.6862564086914,0,0,0,0,0,1012.json,NotBuggy
17,0.5739043951034546,0.0171054371555306,0,0,0,2,2.93,1,10,93.0,92.3788833618164,0,1,3,0,0,3847.json,Buggy
6,0.16714581847190857,0.9496278931861022,0,0,0,1,2.98,0,0,19.0,119.34615325927734,0,0,0,0,0,2905.json,NotBuggy
8,0.09698452055454254,0.2780699874880144,1,1,2,2,3.12,1,2,45.0,109.13993835449219,0,0,2,0,0,589.json,NotBuggy
8,0.21553754806518555,0.021654951630906787,1,1,2,2,2.4,1,5,58.0,107.63104248046875,0,1,2,0,0,757.json,NotBuggy
4,0.34320762753486633,0.6796699333319038,0,0,0,1,1.73,0,0,21.0,125.27178192138672,0,0,0,0,0,2213.json,Buggy
3,0.006619585212320089,0.9212126297542919,0,0,0,1,1.89,0,0,12.0,133.59722900390625,0,0,0,0,0,3134.json,NotBuggy
3,0.4950807988643646,0.49786701609913436,0,0,0,1,1.89,0,2,23.0,129.34671020507812,0,1,0,0,0,2151.json,NotBuggy
6,0.22381840646266937,0.8348040818607759,0,0,0,1,3.27,0,0,23.0,118.11772155761719,0,0,0,0,0,2791.json,NotBuggy
4,0.39573368430137634,0.9851466850421834,0,0,0,1,1.73,0,0,12.0,128.936767578125,0,0,0,0,0,2698.json,Buggy
8,0.566003680229187,0.12753837027610013,1,1,2,2,2.95,0,3,52.0,108.08734130859375,1,3,1,0,0,2748.json,Buggy
3,0.2788960635662079,0.9272728791438567,0,0,0,1,1.89,0,0,12.0,133.59722900390625,0,0,0,0,0,1204.json,NotBuggy
4,0.977817714214325,0.9900775451368317,0,0,0,1,1.94,0,0,12.0,128.936767578125,1,0,0,0,0,2642.json,NotBuggy
3,0.06057086959481239,0.8648375472498734,0,0,0,1,1.89,0,1,14.0,132.61029052734375,0,0,0,0,0,3053.json,NotBuggy
4,0.6103099584579468,0.9686839868497145,0,0,0,1,1.73,0,0,12.0,128.936767578125,0,0,0,0,0,2074.json,NotBuggy
4,0.4321542978286743,0.9314905538336646,0,0,0,1,1.73,0,0,14.0,127.78498840332031,0,1,0,0,0,2724.json,Buggy
13,0.01664462871849537,2.7392475722611096E-4,1,1,2,2,3.31,1,4,89.0,97.02617645263672,0,2,4,0,0,2940.json,Buggy
11,0.1576654613018036,0.02110945888575631,1,1,2,2,3.41,1,4,63.0,101.73475646972656,0,1,3,0,0,1745.json,NotBuggy
4,0.4545372426509857,0.8998975994699357,0,0,0,1,1.73,0,0,16.0,126.94251251220703,0,1,0,0,0,2495.json,NotBuggy
3,0.07665830850601196,0.8960899255332304,0,0,0,1,1.89,0,1,13.0,133.18099975585938,0,0,0,0,0,610.json,NotBuggy
8,0.07775852084159851,0.8965419812296147,0,0,0,1,3.46,0,0,27.0,112.51962280273438,0,0,0,0,0,2949.json,NotBuggy
4,0.664024829864502,0.9068235061337062,0,0,0,1,1.73,0,0,15.0,127.42622375488281,0,1,0,0,0,2400.json,NotBuggy
18,0.01469248067587614,6.834730714542017E-5,2,2,4,3,4.99,2,8,105.0,90.42839813232422,0,1,5,0,0,2334.json,Buggy
16,0.20511749386787415,0.0011208226840346129,5,4,9,4,5.15,3,8,99.0,92.54119873046875,0,2,3,0,0,2533.json,NotBuggy
4,0.39573368430137634,0.9851466850421834,0,0,0,1,1.73,0,0,12.0,128.936767578125,0,0,0,0,0,2694.json,Buggy
3,0.24598358571529388,0.9465543828618251,0,0,0,1,1.89,0,0,12.0,133.59722900390625,0,0,0,0,0,914.json,NotBuggy
3,0.990539014339447,0.9619047686603313,0,0,0,1,1.73,0,0,11.0,134.26058959960938,1,1,0,0,0,1189.json,Buggy
4,0.6525624990463257,0.9303219168638074,0,0,0,1,1.73,0,1,17.0,126.62725830078125,0,1,0,0,0,3736.json,NotBuggy
5,0.6238113045692444,0.6654789165401995,0,0,0,1,1.96,0,2,30.0,119.31562042236328,0,1,1,0,0,2620.json,Buggy
16,0.0416889563202858,0.08631983688717706,2,5,7,5,3.32,3,6,73.0,94.57585906982422,0,1,0,0,0,2444.json,Buggy
9,0.15272200107574463,0.04905059586875107,1,1,2,2,2.95,1,4,57.0,105.64976501464844,0,1,3,0,0,3497.json,Buggy
8,0.4723142087459564,0.16999386491981058,3,3,6,2,2.4,1,3,54.0,107.83899688720703,0,1,1,0,0,3816.json,Buggy
10,0.026914477348327637,0.5876900032522926,3,2,5,2,5.12,1,6,44.0,105.6418685913086,0,1,0,0,0,1907.json,Buggy
4,0.6682161092758179,0.9548424969617103,0,0,0,1,1.73,0,0,13.0,128.335205078125,0,0,0,0,0,2177.json,Buggy
4,0.9248043298721313,0.9325191570254608,0,0,0,1,1.73,0,0,15.0,127.27810668945312,0,1,0,0,0,1714.json,NotBuggy
12,0.21447938680648804,0.22656064241817614,3,2,5,3,4.75,2,4,55.0,101.0516128540039,0,1,2,0,0,2956.json,NotBuggy
20,0.014340351335704327,0.018947569559404735,2,2,4,3,8.26,1,5,90.0,90.05890655517578,0,3,4,0,0,2480.json,NotBuggy
4,0.20872780680656433,0.9825374131702589,0,0,0,1,1.73,0,0,11.0,129.6001434326172,0,0,0,0,0,934.json,Buggy
8,0.19472970068454742,0.03611511003855766,0,0,0,1,1.94,0,4,55.0,108.08014678955078,0,0,4,0,0,3801.json,Buggy
3,0.6105390191078186,0.8967887796625241,0,0,0,1,1.89,0,1,13.0,133.18099975585938,0,0,0,0,0,605.json,NotBuggy
6,0.6137601733207703,0.9110331210221763,0,0,0,1,2.0,0,2,23.0,118.23019409179688,0,0,0,0,0,1674.json,Buggy
3,0.43273305892944336,0.8735559874857037,0,0,0,1,1.89,0,1,13.0,133.18099975585938,0,0,0,0,0,612.json,NotBuggy
3,0.5713716149330139,0.8899237532912732,0,0,0,1,1.89,0,1,15.0,132.086669921875,0,0,0,0,0,534.json,NotBuggy
12,0.052171625196933746,0.18476155813523862,3,2,5,4,5.99,3,4,56.0,100.67344665527344,0,1,3,0,0,2348.json,NotBuggy
5,0.4860415756702423,0.6725174006246194,0,0,0,1,1.96,0,2,27.0,119.94750213623047,0,1,1,0,0,1757.json,NotBuggy
14,0.08459978550672531,0.019562108186368794,2,2,4,2,3.83,1,5,72.0,97.22738647460938,0,1,3,0,0,1198.json,Buggy
8,0.08040551841259003,0.8954916587366442,0,0,0,1,3.46,0,0,27.0,112.51962280273438,0,0,0,0,0,1642.json,NotBuggy
13,0.017415691167116165,2.6547755231689704E-4,3,3,6,4,4.83,3,8,88.0,96.48379516601562,0,2,3,0,0,3832.json,NotBuggy
9,0.09292016178369522,0.16412962658304803,0,0,0,2,4.62,1,1,51.0,106.22814178466797,0,3,0,0,0,730.json,NotBuggy
5,0.020640891045331955,0.8525557340543523,0,0,0,1,3.2,0,0,23.0,121.07132720947266,0,4,0,0,0,2098.json,NotBuggy
7,0.057125672698020935,0.09719819159499526,2,1,3,2,2.56,1,4,45.0,111.05684661865234,0,1,1,0,0,1095.json,NotBuggy
36,0.006145724095404148,1.1698758299792295E-8,8,9,17,7,5.04,3,13,197.0,74.76407623291016,0,1,9,0,0,2388.json,Buggy
3,0.5906446576118469,0.9611199608969281,0,0,0,1,1.89,0,0,12.0,133.59722900390625,0,0,0,0,0,2393.json,NotBuggy
11,0.0022295904345810413,0.7904467610938509,0,0,0,1,3.45,0,0,39.0,105.1783218383789,0,0,0,0,0,2651.json,NotBuggy
16,0.0030765999108552933,7.079751978001309E-6,1,1,2,2,2.54,1,11,116.0,92.21184539794922,0,1,5,0,0,2302.json,NotBuggy
3,0.749550461769104,0.9089923890891792,0,0,0,1,1.89,0,0,15.0,132.086669921875,0,1,0,0,0,2280.json,NotBuggy
4,0.666670560836792,0.949536318370594,0,0,0,1,1.73,0,1,17.0,126.62725830078125,0,1,0,0,0,1474.json,NotBuggy
3,0.06173443794250488,0.9415146099304615,0,0,0,1,1.89,0,0,12.0,133.59722900390625,0,0,0,0,0,2794.json,NotBuggy
5,0.46400776505470276,0.46956070004213823,0,0,0,1,1.96,0,2,30.0,119.48943328857422,0,1,1,0,0,2883.json,NotBuggy
4,0.7021040320396423,0.9192442443495895,0,0,0,1,1.73,0,1,15.0,127.42622375488281,0,1,0,0,0,2664.json,Buggy
3,0.9378372430801392,0.7708548119370134,0,0,0,1,1.89,0,0,19.0,130.45266723632812,0,1,0,0,0,1500.json,NotBuggy
4,0.5277447700500488,0.9469931137605686,0,0,0,1,1.73,0,0,15.0,127.42622375488281,0,1,0,0,0,2466.json,NotBuggy
3,0.8043752908706665,0.9293053454844917,0,0,0,1,1.89,0,0,12.0,133.59722900390625,0,0,0,0,0,599.json,NotBuggy
4,0.5057526230812073,0.6426564535962788,0,0,0,1,1.73,0,2,24.0,124.361083984375,0,1,0,0,0,1063.json,NotBuggy
7,0.07213301211595535,0.6437474365832254,3,1,4,2,2.4,1,1,35.0,112.91719818115234,0,2,1,0,0,2403.json,NotBuggy
13,0.6027087569236755,0.7236700916476638,2,2,4,3,3.41,2,5,63.0,99.04875183105469,0,1,2,0,0,2658.json,Buggy
12,0.14524541795253754,0.051821649252149535,2,1,3,3,4.04,2,4,61.0,100.21871948242188,0,1,3,0,0,2231.json,NotBuggy
4,0.6668490767478943,0.9420115940152044,0,0,0,1,1.73,0,1,15.0,127.42622375488281,0,0,0,0,0,3797.json,NotBuggy
4,0.6378273367881775,0.9172305712502815,0,0,0,1,1.73,0,0,15.0,127.42622375488281,0,1,0,0,0,3103.json,NotBuggy
4,0.08621395379304886,0.9697612084335965,0,0,0,1,1.73,0,0,12.0,128.936767578125,0,0,0,0,0,2741.json,NotBuggy
6,0.49537143111228943,0.3938139094898495,0,0,0,1,4.27,0,2,33.0,115.71329498291016,0,1,1,0,0,2147.json,NotBuggy
15,0.0,0.4659241480938373,0,0,0,1,3.22,0,0,56.0,97.9199447631836,0,0,0,0,0,2875.json,NotBuggy
3,0.008201946504414082,0.3284140223275611,0,0,0,1,1.89,0,3,31.0,127.59430694580078,0,1,0,0,0,2324.json,NotBuggy
4,0.91476970911026,0.9476901327052042,0,0,0,1,1.73,0,0,15.0,127.42622375488281,0,1,0,0,0,1016.json,NotBuggy
4,0.6378273367881775,0.9172305712502815,0,0,0,1,1.73,0,0,15.0,127.42622375488281,0,1,0,0,0,3232.json,NotBuggy
3,0.2962116003036499,0.8863483853093216,0,0,0,1,1.89,0,1,15.0,132.25152587890625,0,0,0,0,0,3480.json,NotBuggy
4,0.9393712878227234,0.9344715693489104,0,0,0,1,1.73,0,2,18.0,126.33003997802734,0,0,0,0,0,2707.json,Buggy
5,0.35743412375450134,0.8839034134591874,0,0,0,1,1.96,0,0,19.0,122.29976654052734,0,0,0,0,0,2919.json,NotBuggy
3,0.8971901535987854,0.9728070505804639,0,0,0,1,1.89,0,0,12.0,133.59722900390625,0,0,0,0,0,2941.json,NotBuggy
3,0.0723189041018486,0.828582776791807,0,0,0,1,1.89,0,0,17.0,131.28770446777344,0,1,0,0,0,2059.json,NotBuggy
10,0.09435491263866425,0.03940757882918495,1,1,2,2,2.8,1,3,61.0,103.75387573242188,0,1,2,0,0,2188.json,Buggy
4,0.5403208136558533,0.8155076764188532,0,0,0,1,1.73,0,3,21.0,125.39425659179688,0,0,0,0,0,1048.json,Buggy
5,0.6976737976074219,0.5395850940532888,0,0,0,1,1.96,0,2,29.0,119.41305541992188,0,1,1,0,0,2854.json,Buggy
4,0.9205211400985718,0.984146841523396,0,0,0,1,1.73,0,0,12.0,128.936767578125,0,0,0,0,0,3672.json,NotBuggy
5,0.03119056113064289,0.18748918080136753,0,0,0,1,5.43,0,3,37.0,118.2250747680664,0,1,0,0,0,3454.json,NotBuggy
33,0.0,1.5993487064118903E-5,1,19,20,21,2.27,2,6,148.0,74.6541519165039,0,1,0,0,0,1570.json,Buggy
4,0.0042875660583376884,0.8489532118254466,0,0,0,1,1.73,0,0,18.0,126.19583892822266,0,1,0,0,0,1931.json,NotBuggy
3,0.5419178605079651,0.8890965997363568,0,0,0,1,1.89,0,1,15.0,132.25152587890625,0,0,0,0,0,3478.json,NotBuggy
6,0.7309873700141907,0.7161238080323539,0,0,0,1,2.0,0,1,27.0,116.993896484375,0,1,0,0,0,1299.json,NotBuggy
4,0.5877751708030701,0.9412144415351207,0,0,0,1,1.73,0,1,17.0,126.62725830078125,0,0,0,0,0,2703.json,Buggy
4,0.8134075999259949,0.977704961072179,0,0,0,1,1.73,0,0,12.0,128.936767578125,0,0,0,0,0,2073.json,NotBuggy
14,0.13087721168994904,9.341622320727574E-4,3,2,5,3,5.39,2,11,88.0,95.65438842773438,0,0,4,0,0,1542.json,Buggy
37,0.00337271299213171,2.015474962566139E-5,2,2,4,6,5.34,2,10,156.0,75.78804779052734,0,2,3,0,0,2622.json,Buggy
4,0.4949091076850891,0.5816847658777976,0,0,0,1,1.73,0,2,24.0,124.361083984375,0,1,0,0,0,2690.json,NotBuggy
7,0.15474937856197357,0.3508966208219471,1,1,2,2,2.56,1,3,41.0,112.09442901611328,0,1,1,0,0,1291.json,NotBuggy
3,0.9063717126846313,0.9548276640406765,0,0,0,1,1.89,0,0,12.0,133.59722900390625,0,0,0,0,0,530.json,NotBuggy
16,0.07997684180736542,0.21386633786119286,1,3,4,5,3.0,2,5,64.0,95.08863067626953,0,1,0,0,0,1301.json,NotBuggy
7,0.11293690651655197,0.400239831036418,2,2,4,2,2.56,1,2,39.0,112.27047729492188,0,1,1,0,0,1519.json,NotBuggy
11,0.3153199255466461,0.15391115218792473,1,1,2,2,4.11,1,6,57.0,102.45098876953125,0,1,1,0,0,2541.json,NotBuggy
6,0.5328590869903564,0.9073838291332916,0,0,0,1,2.0,0,3,23.0,118.48686981201172,0,1,0,0,0,3150.json,NotBuggy
4,0.8964919447898865,0.9912224471100975,0,0,0,1,1.73,0,0,12.0,128.936767578125,0,0,0,0,0,993.json,NotBuggy
4,0.8393586874008179,0.9339673076605948,0,0,0,1,1.73,0,1,15.0,127.59107971191406,0,1,0,0,0,1786.json,NotBuggy
5,0.35745474696159363,0.5526354323794557,0,0,0,1,3.2,0,2,27.0,120.13368225097656,0,1,0,0,0,2778.json,NotBuggy
5,0.5034574866294861,0.7186080574512825,0,0,0,1,1.96,0,3,30.0,119.58580780029297,0,0,1,0,0,2626.json,Buggy
23,0.005515943747013807,8.991488984511058E-9,5,4,9,5,9.2,3,13,160.0,83.53997039794922,0,1,7,0,0,3111.json,Buggy
5,0.24376295506954193,0.7906679021527562,0,0,0,1,3.2,0,2,24.0,120.96249389648438,0,0,0,0,0,2640.json,Buggy
31,0.02577681466937065,1.091799630109311E-7,4,5,9,6,7.28,1,11,174.0,77.92649841308594,0,0,5,0,0,779.json,Buggy
20,0.007585389539599419,0.0011907287018039637,3,5,8,5,12.16,3,6,105.0,88.57568359375,0,2,3,0,0,3444.json,Buggy
3,0.5713716149330139,0.8899237532912732,0,0,0,1,1.89,0,1,15.0,132.086669921875,0,0,0,0,0,597.json,NotBuggy
23,0.11600179225206375,0.013402978671345179,5,5,10,4,6.05,2,7,99.0,86.80789947509766,0,1,2,0,0,2181.json,Buggy
4,0.46160000562667847,0.6912282203219869,0,0,0,1,1.73,0,1,21.0,125.27178192138672,0,1,0,0,0,2583.json,NotBuggy
4,0.40461602807044983,0.21472581089903797,0,0,0,1,2.0,0,4,34.0,122.20084381103516,0,1,1,0,0,2540.json,NotBuggy
3,0.057189103215932846,0.9356549872031024,0,0,0,1,1.89,0,0,12.0,133.59722900390625,0,0,0,0,0,2391.json,NotBuggy
15,0.18021883070468903,0.027473894934005268,3,2,5,4,6.2,3,5,72.0,95.3884506225586,0,1,3,0,0,2184.json,Buggy
18,0.0014340992784127593,1.5354810736029713E-4,3,5,8,4,2.63,1,7,110.0,90.31166076660156,0,3,2,0,0,2623.json,Buggy
9,0.11139770597219467,0.014838305191066771,2,2,4,3,4.26,2,5,63.0,104.89933013916016,0,1,2,0,0,2223.json,NotBuggy
4,0.26809272170066833,0.6709162107497608,0,0,0,1,2.0,0,2,22.0,125.02987670898438,0,0,0,0,0,3842.json,NotBuggy
4,0.5792973041534424,0.9846303844256095,0,0,0,1,1.73,0,0,12.0,128.936767578125,0,0,0,0,0,1341.json,NotBuggy
4,0.7176163792610168,0.9491541787957849,0,0,0,1,1.73,0,0,15.0,127.42622375488281,0,1,0,0,0,765.json,NotBuggy
4,0.8338840007781982,0.9838937649350187,0,0,0,1,1.73,0,0,12.0,128.936767578125,0,0,0,0,0,1069.json,NotBuggy
4,0.9434067606925964,0.982645336091891,0,0,0,1,1.73,0,0,12.0,128.936767578125,0,0,0,0,0,3029.json,NotBuggy
5,0.6526081562042236,0.7131212446789189,0,0,0,1,3.2,0,2,28.0,119.84819793701172,0,2,0,0,0,3446.json,Buggy
4,0.6714504361152649,0.9775477071249355,0,0,0,1,1.73,0,0,12.0,128.936767578125,0,0,0,0,0,2522.json,NotBuggy
4,0.4512391686439514,0.9631509493299525,0,0,0,1,1.73,0,0,13.0,128.335205078125,0,0,0,0,0,3795.json,NotBuggy
7,0.056996382772922516,0.8842978029333636,0,0,0,1,9.36,0,0,27.0,114.68283081054688,0,0,0,0,0,3206.json,NotBuggy
3,0.9239848256111145,0.9530746871342238,0,0,0,1,1.89,0,1,13.0,133.18099975585938,0,0,0,0,0,2117.json,NotBuggy
4,0.1790124773979187,0.6262697342388593,0,0,0,1,1.73,0,0,23.0,124.6862564086914,0,0,0,0,0,2470.json,NotBuggy
4,0.2457823008298874,0.621053730310223,0,0,0,1,1.73,0,0,23.0,124.6862564086914,0,0,0,0,0,2948.json,NotBuggy
4,0.8275972008705139,0.9182520760449014,0,0,0,1,1.73,0,1,16.0,126.94251251220703,0,0,0,0,0,3764.json,NotBuggy
19,0.07348006963729858,2.936163502060206E-4,6,5,11,6,5.59,5,6,110.0,88.78404235839844,0,1,2,0,0,3078.json,Buggy
4,0.1847154051065445,0.8026595448272057,0,0,0,1,1.73,0,2,21.0,125.15930938720703,0,0,0,0,0,3800.json,NotBuggy
4,0.9395503997802734,0.9906108193986265,0,0,0,1,1.73,0,0,12.0,128.936767578125,0,0,0,0,0,796.json,NotBuggy
6,0.07474206387996674,0.9301825758815345,0,0,0,1,2.98,0,0,19.0,119.34615325927734,0,0,0,0,0,3052.json,NotBuggy
3,0.06057086959481239,0.8648375472498734,0,0,0,1,1.89,0,1,14.0,132.61029052734375,0,0,0,0,0,3164.json,NotBuggy
3,0.18754632771015167,0.4879285465614991,0,0,0,1,1.89,0,2,26.0,128.50894165039062,0,2,0,0,0,1210.json,NotBuggy
16,0.00278598559089005,2.7044588002856543E-5,1,1,2,3,3.0,2,8,109.0,92.14207458496094,0,2,7,0,0,1824.json,NotBuggy
7,0.03955749794840813,0.09666935111527102,0,0,0,1,3.52,0,5,48.0,111.4207534790039,0,1,0,0,0,2802.json,NotBuggy
3,0.3097199499607086,0.9514896166219682,0,0,0,1,1.89,0,0,12.0,133.59722900390625,0,0,0,0,0,2360.json,NotBuggy
4,0.140259250998497,0.6379468067220285,0,0,0,1,1.73,0,2,25.0,124.25267028808594,0,2,0,0,0,835.json,NotBuggy
34,0.0040038470178842545,1.6031878070111388E-7,4,3,7,6,5.12,4,13,165.0,76.68527221679688,0,1,8,0,0,2100.json,Buggy
5,0.45738086104393005,0.9488506349990254,0,0,0,1,1.96,0,2,19.0,122.74693298339844,0,0,0,0,0,3329.json,Buggy
28,0.0032094810158014297,5.22771533321844E-7,6,5,11,5,2.26,1,13,157.0,80.55059814453125,0,2,6,0,0,1463.json,Buggy
4,0.2923571467399597,0.9276162695288686,0,0,0,1,1.73,0,0,15.0,127.42622375488281,0,1,0,0,0,1723.json,NotBuggy
19,0.018477408215403557,7.007388512169565E-7,8,6,14,5,4.35,3,14,134.0,87.70929718017578,0,1,5,0,0,1284.json,Buggy
4,0.0241763424128294,0.13792027134451232,0,0,0,1,3.32,0,7,39.0,121.83644104003906,0,1,0,0,0,2820.json,NotBuggy
4,0.7923370003700256,0.9545229797031237,0,0,0,1,1.73,0,1,13.0,128.5205535888672,0,0,0,0,0,2729.json,NotBuggy
7,0.3478245437145233,0.5198684456165649,1,1,2,2,2.56,1,3,39.0,112.44429016113281,0,1,1,0,0,2893.json,NotBuggy
3,0.06057086959481239,0.8648375472498734,0,0,0,1,1.89,0,1,14.0,132.61029052734375,0,0,0,0,0,2997.json,NotBuggy
10,0.2618855834007263,0.6445776359536938,2,1,3,3,4.08,2,1,43.0,105.46504974365234,0,1,2,0,0,711.json,NotBuggy
16,7.417803280986845E-4,2.1610773656433944E-4,4,6,10,4,11.0,2,11,103.0,92.5206069946289,0,2,2,0,0,2822.json,NotBuggy
4,0.8044964671134949,0.9821416959633803,0,0,0,1,1.73,0,0,12.0,128.936767578125,0,0,0,0,0,2072.json,NotBuggy
15,0.017621511593461037,0.7553819237689827,4,3,7,3,4.44,2,8,62.0,96.65726470947266,0,0,2,0,0,2766.json,Buggy
4,0.8339826464653015,0.9441131064229626,0,0,0,1,1.73,0,0,15.0,127.42622375488281,0,1,0,0,0,1279.json,NotBuggy
3,0.8101280331611633,0.8795378414485077,0,0,0,1,1.89,0,0,18.0,130.85629272460938,0,1,0,0,0,1088.json,NotBuggy
4,0.13818255066871643,0.7731953211771466,0,0,0,1,1.73,0,1,25.0,124.25267028808594,0,2,0,0,0,2629.json,Buggy
4,0.23768018186092377,0.6135027376174783,0,0,0,1,1.73,0,0,23.0,124.6862564086914,0,0,0,0,0,999.json,NotBuggy
3,0.1584240198135376,0.8545538455488774,0,0,0,1,1.89,0,1,15.0,132.25152587890625,0,0,0,0,0,3477.json,NotBuggy
4,0.36816132068634033,0.28788886660233065,0,0,0,1,4.9,0,3,31.0,122.84404754638672,0,1,0,0,0,1945.json,NotBuggy
4,0.18457278609275818,0.9129429972846478,0,0,0,1,1.73,0,0,15.0,127.42622375488281,0,1,0,0,0,1918.json,NotBuggy
3,0.7721955180168152,0.8929074424522512,0,0,0,1,1.89,0,0,17.0,131.28770446777344,0,1,0,0,0,2058.json,NotBuggy
4,0.9200966358184814,0.9795430334926816,0,0,0,1,1.73,0,0,12.0,128.936767578125,0,0,0,0,0,3188.json,NotBuggy
17,0.01052827388048172,1.0022218606229001E-4,2,2,4,3,5.02,2,8,107.0,91.38499450683594,0,1,4,0,0,1580.json,NotBuggy
4,0.010651789605617523,0.1168043146163407,0,0,0,1,3.32,0,5,39.0,121.21369934082031,0,2,0,0,0,2336.json,Buggy
6,0.5106868147850037,0.4013789822208572,0,0,0,1,2.0,0,3,33.0,115.6431884765625,0,1,1,0,0,2285.json,NotBuggy
5,0.11742664128541946,0.13821619741832153,0,0,0,1,1.96,0,4,40.0,117.59646606445312,0,0,2,0,0,1717.json,NotBuggy
3,0.7220084071159363,0.849284882530471,0,0,0,1,1.89,0,1,15.0,132.086669921875,0,1,0,0,0,608.json,NotBuggy
9,0.005853638052940369,0.8742936526675319,0,0,0,1,10.24,0,0,35.0,109.0759048461914,0,0,0,0,0,1187.json,NotBuggy
3,0.8835563659667969,0.9747527982381325,0,0,0,1,1.89,0,0,12.0,133.59722900390625,0,0,0,0,0,2943.json,NotBuggy
4,0.8443449139595032,0.9715221788249658,0,0,0,1,1.73,0,0,12.0,128.936767578125,0,0,0,0,0,3192.json,NotBuggy
33,0.0,4.67150305059218E-5,11,8,19,7,5.82,2,15,192.0,76.15082550048828,1,3,8,0,0,2757.json,Buggy
4,0.15200507640838623,0.7583317563074788,0,0,0,1,1.73,0,1,22.0,124.91740417480469,0,2,0,0,0,3859.json,NotBuggy
11,0.03513646498322487,0.010428580141427942,2,2,4,2,3.85,1,7,70.0,101.3305892944336,0,0,3,0,0,1043.json,NotBuggy
7,0.21628129482269287,0.2674024534486799,0,0,0,1,3.33,0,5,43.0,111.52324676513672,0,1,1,0,0,2764.json,Buggy
3,0.8835563659667969,0.9729632931069424,0,0,0,1,1.89,0,0,12.0,133.59722900390625,0,0,0,0,0,1523.json,NotBuggy
4,0.6860044598579407,0.9333852759558229,0,0,0,1,1.73,0,0,15.0,127.42622375488281,0,1,0,0,0,2964.json,NotBuggy
9,0.2667098641395569,0.9050228687153886,1,1,2,2,2.95,1,2,31.0,109.56678771972656,0,1,0,0,0,2666.json,Buggy
33,0.0,0.0010978988532138858,0,0,0,1,2.42,0,0,127.0,80.14229583740234,0,0,0,0,0,1073.json,NotBuggy
4,0.7926634550094604,0.944317479136981,0,0,0,1,1.73,0,0,15.0,127.42622375488281,0,1,0,0,0,975.json,Buggy
11,0.19634856283664703,0.9228635779117047,1,2,3,2,2.95,1,2,34.0,105.6617660522461,0,1,0,0,0,2587.json,Buggy
6,0.061419691890478134,0.017472471462023773,0,0,0,1,4.0,0,6,54.0,112.58573913574219,0,2,2,0,0,820.json,NotBuggy
6,0.2960226833820343,0.19137109000234323,0,0,0,1,2.98,0,3,39.0,114.70814514160156,0,2,1,0,0,3843.json,Buggy
4,0.8613417744636536,0.9700430706854829,0,0,0,1,1.73,0,0,12.0,128.936767578125,0,0,0,0,0,3774.json,NotBuggy
4,0.6078895330429077,0.8709271908188548,0,0,0,1,1.73,0,0,19.0,125.91468811035156,0,1,0,0,0,617.json,NotBuggy
25,0.00879005528986454,1.119829534020262E-4,6,4,10,5,5.44,3,13,126.0,83.5835189819336,0,1,6,0,0,3240.json,Buggy
3,0.045267071574926376,0.8466969042096794,0,0,0,1,1.89,0,0,17.0,131.28770446777344,0,1,0,0,0,1611.json,NotBuggy
4,0.021572818979620934,0.39788546002306135,0,0,0,1,4.9,0,1,26.0,123.75868225097656,0,0,0,0,0,3310.json,NotBuggy
4,0.7539367079734802,0.9362760887540741,0,0,0,1,1.73,0,0,15.0,127.42622375488281,0,1,0,0,0,2129.json,NotBuggy
4,0.8469845652580261,0.972659188790826,0,0,0,1,1.73,0,0,12.0,128.936767578125,0,0,0,0,0,3786.json,NotBuggy
9,0.14891593158245087,1.899078937863359E-4,0,0,0,1,2.15,0,7,85.0,103.49070739746094,0,1,5,0,0,1709.json,NotBuggy
16,0.0686209425330162,0.002682411359184429,2,2,4,4,6.08,3,7,86.0,93.30791473388672,0,1,4,0,0,742.json,Buggy
11,0.22254177927970886,0.24372148483707304,4,2,6,3,3.74,2,2,53.0,102.54724884033203,0,3,1,0,0,1151.json,Buggy
4,0.9307262301445007,0.9666752594041597,0,0,0,1,1.73,0,0,15.0,127.42622375488281,0,1,0,0,0,996.json,NotBuggy
3,0.1005798727273941,0.9016924793258637,0,0,0,1,1.89,0,1,13.0,133.18099975585938,0,0,0,0,0,609.json,NotBuggy
12,0.06947027891874313,0.0608125243412727,1,3,4,3,3.03,1,3,71.0,99.19503021240234,1,4,2,0,0,2758.json,Buggy
17,0.178106889128685,0.016139076775441987,6,4,10,5,4.52,3,4,85.0,92.34833526611328,0,2,3,0,0,2265.json,NotBuggy
