SLOCStandard,Readability,McCabe,totalFanOut,MaintainabilityIndex,file,Decision
3,0.7958027720451355,1,0,132.4454345703125,104.json,NotBuggy
21,0.008962912485003471,4,9,87.564453125,1843.json,NotBuggy
14,0.01780790090560913,3,9,94.43236541748047,474.json,Buggy
9,0.013474694453179836,2,5,104.30687713623047,922.json,Buggy
4,0.8197059631347656,1,0,125.79222106933594,260.json,NotBuggy
3,0.3733134865760803,1,0,131.28770446777344,2527.json,NotBuggy
3,0.7067021727561951,1,1,132.25152587890625,26.json,NotBuggy
4,0.7991421818733215,1,0,125.79222106933594,326.json,NotBuggy
8,0.02071489952504635,2,5,107.41751861572266,2812.json,Buggy
11,0.7560816407203674,2,2,107.13067626953125,1454.json,NotBuggy
9,0.4301929175853729,2,3,107.27902221679688,1731.json,NotBuggy
3,0.41790494322776794,1,0,133.18099975585938,2546.json,NotBuggy
4,0.7495469450950623,1,0,125.79222106933594,2121.json,NotBuggy
4,0.20976465940475464,1,0,123.96263122558594,2094.json,NotBuggy
93,0.0,28,52,48.42460632324219,1475.json,NotBuggy
16,0.005055613815784454,3,7,92.71894073486328,88.json,Buggy
3,0.7026416659355164,1,1,130.99049377441406,2742.json,NotBuggy
9,0.5500848889350891,2,3,107.84432220458984,1747.json,NotBuggy
10,0.0013349358923733234,2,8,102.04037475585938,1581.json,NotBuggy
3,0.880047619342804,1,0,135.83412170410156,194.json,NotBuggy
5,0.511682391166687,2,1,118.92383575439453,1268.json,NotBuggy
4,0.45073339343070984,1,1,125.67974090576172,1871.json,NotBuggy
4,0.9360744953155518,1,0,128.936767578125,188.json,NotBuggy
3,0.15586312115192413,1,1,130.30841064453125,632.json,NotBuggy
4,0.9673378467559814,1,0,128.335205078125,1404.json,NotBuggy
4,0.8077273368835449,1,0,125.79222106933594,366.json,NotBuggy
21,0.0010532161686569452,2,7,86.1091079711914,154.json,NotBuggy
3,0.7683966755867004,1,0,132.4454345703125,2739.json,NotBuggy
10,9.214032907038927E-4,2,4,102.12874603271484,908.json,NotBuggy
6,0.6567857265472412,1,2,114.6588134765625,2710.json,NotBuggy
18,0.002505055395886302,4,13,90.77888488769531,799.json,NotBuggy
5,0.1801479011774063,1,2,119.57592010498047,544.json,NotBuggy
4,0.02215450070798397,1,2,123.10436248779297,1605.json,NotBuggy
44,0.0,6,19,69.90885162353516,1556.json,NotBuggy
4,0.3005369305610657,1,1,124.4649429321289,629.json,NotBuggy
4,0.8134622573852539,1,0,128.936767578125,1646.json,NotBuggy
13,0.09354725480079651,3,4,99.68614196777344,1402.json,NotBuggy
4,0.5307674407958984,1,0,126.19583892822266,884.json,NotBuggy
4,0.9311137199401855,1,0,128.936767578125,885.json,NotBuggy
21,0.07874003797769547,5,9,88.45153045654297,1601.json,NotBuggy
8,0.11790543049573898,2,3,108.78446960449219,572.json,NotBuggy
4,0.6387691497802734,1,1,125.67974090576172,1790.json,NotBuggy
3,0.8681986927986145,1,0,130.99049377441406,1136.json,NotBuggy
4,0.7618486285209656,1,0,126.62725830078125,319.json,NotBuggy
12,4.6126413508318365E-4,1,10,97.5270004272461,59.json,NotBuggy
22,0.012843238189816475,5,13,85.16786193847656,1469.json,NotBuggy
4,0.7022939920425415,1,0,126.62725830078125,370.json,NotBuggy
4,0.17265677452087402,1,1,124.4649429321289,651.json,NotBuggy
3,0.8367799520492554,1,0,131.9385528564453,510.json,NotBuggy
3,0.8178555965423584,1,0,133.59722900390625,2816.json,NotBuggy
4,0.2184639871120453,1,1,124.6862564086914,680.json,NotBuggy
4,0.9664027690887451,1,0,128.936767578125,549.json,NotBuggy
3,0.7364437580108643,1,1,131.75106811523438,1150.json,NotBuggy
4,0.8150073885917664,1,0,125.79222106933594,387.json,NotBuggy
4,0.7583714723587036,1,0,126.62725830078125,248.json,NotBuggy
3,0.9408955574035645,1,0,133.59722900390625,2801.json,NotBuggy
16,0.011205734685063362,4,10,93.75679016113281,95.json,NotBuggy
4,0.3993903398513794,1,2,123.96263122558594,120.json,NotBuggy
3,0.4514847993850708,1,0,132.9956512451172,1127.json,NotBuggy
4,0.38956218957901,1,1,125.67974090576172,1893.json,NotBuggy
8,0.2049023061990738,2,4,109.64305114746094,2481.json,NotBuggy
20,0.0025546224787831306,2,9,88.08897399902344,44.json,NotBuggy
3,0.937061607837677,1,0,132.9956512451172,1276.json,NotBuggy
3,0.5130431652069092,1,0,131.28770446777344,2566.json,NotBuggy
15,0.1615634560585022,6,6,95.05167388916016,2714.json,NotBuggy
3,0.8067767024040222,1,1,131.1535186767578,481.json,NotBuggy
4,0.7721176743507385,1,4,121.84000396728516,2789.json,NotBuggy
3,0.7562012672424316,1,0,132.4454345703125,1239.json,NotBuggy
12,4.129770095460117E-4,3,14,95.77702331542969,1046.json,Buggy
54,0.0,12,26,65.24838256835938,827.json,Buggy
23,0.004777810536324978,4,10,85.68473815917969,1856.json,NotBuggy
6,0.23402699828147888,2,2,111.88763427734375,2551.json,NotBuggy
4,0.7649180889129639,1,0,125.79222106933594,359.json,NotBuggy
12,0.22623439133167267,3,4,100.07637023925781,2809.json,NotBuggy
12,0.033336903899908066,2,2,100.62734985351562,1066.json,NotBuggy
3,0.7768514156341553,1,0,131.9385528564453,485.json,NotBuggy
4,0.9233944416046143,1,0,127.27810668945312,1730.json,NotBuggy
4,0.8642770648002625,1,0,127.27810668945312,124.json,NotBuggy
3,0.8437293767929077,1,0,132.086669921875,2523.json,NotBuggy
17,0.38592657446861267,4,6,93.87142944335938,2344.json,NotBuggy
4,0.8204854130744934,1,0,125.79222106933594,258.json,NotBuggy
4,0.7014667987823486,1,0,126.62725830078125,226.json,NotBuggy
4,0.8417919874191284,1,0,125.79222106933594,309.json,NotBuggy
4,0.5751814246177673,1,0,124.71717071533203,2140.json,NotBuggy
3,0.8772633075714111,1,2,130.05470275878906,2569.json,NotBuggy
10,0.01294819638133049,5,10,99.35419464111328,2579.json,NotBuggy
8,0.018799101933836937,2,10,107.96463012695312,2803.json,Buggy
4,0.0011739912442862988,1,4,121.68689727783203,1736.json,NotBuggy
20,0.006590639241039753,4,8,88.35962677001953,972.json,NotBuggy
4,0.7488735914230347,1,0,126.62725830078125,250.json,NotBuggy
5,0.2978772521018982,1,4,118.58592224121094,1772.json,NotBuggy
4,0.6816187500953674,1,0,126.62725830078125,306.json,NotBuggy
53,3.9321189979091287E-4,13,20,65.8280258178711,1028.json,Buggy
12,0.1277448982000351,3,7,98.34830474853516,2503.json,NotBuggy
4,0.6510538458824158,1,1,124.39620971679688,1852.json,NotBuggy
4,0.22144179046154022,1,1,124.95906829833984,1904.json,NotBuggy
4,0.7739533185958862,1,0,126.62725830078125,2103.json,NotBuggy
54,1.5461992006748915E-4,12,28,64.94498443603516,1666.json,NotBuggy
10,0.07193125784397125,2,4,103.95905303955078,2489.json,Buggy
4,0.6881301999092102,1,0,126.62725830078125,409.json,NotBuggy
4,0.8392370343208313,1,1,125.91468811035156,634.json,NotBuggy
4,0.6954191327095032,1,0,126.62725830078125,327.json,NotBuggy
26,0.07018011063337326,4,12,84.12809753417969,8.json,NotBuggy
4,0.42617908120155334,1,0,124.81353759765625,2054.json,NotBuggy
5,0.02160453610122204,1,2,118.3609390258789,1135.json,NotBuggy
4,0.9001692533493042,1,0,128.936767578125,1644.json,NotBuggy
3,0.9875554442405701,1,0,133.59722900390625,2750.json,NotBuggy
9,0.6590093374252319,2,1,108.76189422607422,1754.json,NotBuggy
3,0.6278027296066284,1,0,131.1535186767578,1129.json,NotBuggy
3,0.7899158596992493,1,0,133.59722900390625,495.json,NotBuggy
3,0.0867297425866127,1,1,129.69032287597656,1222.json,NotBuggy
12,5.739671760238707E-4,1,6,100.80984497070312,71.json,NotBuggy
3,3.7372109363786876E-4,1,2,127.02415466308594,1160.json,NotBuggy
4,0.6078125238418579,1,0,124.71717071533203,2061.json,NotBuggy
3,0.32342901825904846,1,0,131.28770446777344,2549.json,NotBuggy
14,0.0019708138424903154,3,13,96.69815063476562,2855.json,NotBuggy
4,0.7564056515693665,1,0,127.27810668945312,1890.json,NotBuggy
3,0.7880718111991882,1,0,134.26058959960938,2354.json,NotBuggy
3,0.48660483956336975,1,1,130.30841064453125,1298.json,NotBuggy
4,0.7977865934371948,1,0,127.27810668945312,2342.json,NotBuggy
3,0.7683966755867004,1,0,132.4454345703125,2723.json,NotBuggy
4,0.7859746813774109,1,0,125.79222106933594,225.json,NotBuggy
10,0.024215932935476303,2,6,103.00464630126953,1554.json,NotBuggy
4,0.8126866817474365,1,0,125.79222106933594,2111.json,NotBuggy
3,0.525043249130249,1,1,130.57513427734375,1231.json,NotBuggy
27,0.13744863867759705,4,10,83.71041870117188,1634.json,NotBuggy
23,0.0013140961527824402,6,8,84.07614135742188,2671.json,Buggy
44,0.0,8,29,68.16321563720703,2563.json,NotBuggy
4,0.614001989364624,1,0,124.71717071533203,2056.json,NotBuggy
7,0.021393684670329094,2,4,109.06884002685547,1208.json,NotBuggy
3,0.8522692918777466,1,0,133.59722900390625,2730.json,NotBuggy
4,0.08898163586854935,1,1,124.25267028808594,146.json,NotBuggy
3,0.5185463428497314,1,0,131.1535186767578,1137.json,NotBuggy
13,0.11919819563627243,4,4,97.41368103027344,2717.json,NotBuggy
4,0.6385791897773743,1,0,126.62725830078125,1589.json,NotBuggy
22,0.02796640619635582,5,9,86.47705078125,1603.json,NotBuggy
4,0.8981297612190247,1,0,126.94251251220703,1976.json,NotBuggy
3,0.45821595191955566,1,1,131.43582153320312,1264.json,NotBuggy
14,0.1263332962989807,2,7,98.13526916503906,1979.json,NotBuggy
7,0.7502651810646057,2,6,111.42000579833984,2649.json,NotBuggy
4,0.5943915247917175,1,0,124.71717071533203,2088.json,NotBuggy
16,0.04371124878525734,4,6,93.88004302978516,2683.json,NotBuggy
4,0.7022939920425415,1,0,126.62725830078125,405.json,NotBuggy
8,0.5804232358932495,2,3,111.47486877441406,845.json,NotBuggy
3,0.43014833331108093,1,1,131.60296630859375,1232.json,NotBuggy
4,0.8749716877937317,1,0,128.936767578125,1614.json,NotBuggy
32,0.0,5,22,78.21392059326172,868.json,Buggy
4,0.019635457545518875,1,0,123.75868225097656,300.json,NotBuggy
4,0.0013028705725446343,1,1,121.82937622070312,2182.json,NotBuggy
4,0.16120843589305878,1,0,128.936767578125,1237.json,NotBuggy
7,0.002668089000508189,1,3,110.78955078125,58.json,NotBuggy
7,0.3838571012020111,2,1,112.11597442626953,1658.json,NotBuggy
3,0.6846007704734802,1,0,133.59722900390625,529.json,NotBuggy
4,0.52045738697052,1,0,128.936767578125,1610.json,NotBuggy
3,0.06067996472120285,1,2,127.59099578857422,1246.json,NotBuggy
16,0.05614523962140083,4,6,94.10619354248047,2682.json,NotBuggy
4,0.6150990724563599,1,0,125.41301727294922,2119.json,NotBuggy
3,0.7443792819976807,1,0,135.83412170410156,5.json,NotBuggy
4,0.7996227741241455,1,1,125.91468811035156,638.json,NotBuggy
4,0.2901453673839569,1,0,123.87862396240234,296.json,NotBuggy
4,0.04469632729887962,1,0,123.37332153320312,2051.json,NotBuggy
4,0.8016893863677979,1,0,126.19583892822266,2044.json,NotBuggy
3,0.5057114362716675,1,2,129.93223571777344,2486.json,NotBuggy
4,0.21905788779258728,1,0,124.05243682861328,2048.json,NotBuggy
11,0.05723319947719574,3,7,103.1367416381836,98.json,NotBuggy
3,0.6483608484268188,1,0,132.61029052734375,1233.json,NotBuggy
3,0.07121510803699493,1,1,130.34019470214844,500.json,NotBuggy
3,0.6969180107116699,1,0,133.59722900390625,536.json,NotBuggy
5,0.005255645141005516,2,2,118.08222198486328,1913.json,NotBuggy
4,0.7587073445320129,1,0,126.62725830078125,2110.json,NotBuggy
10,0.0,1,14,100.42645263671875,625.json,NotBuggy
4,0.6537641286849976,1,1,125.67974090576172,1866.json,NotBuggy
4,0.7958737015724182,1,0,126.62725830078125,268.json,NotBuggy
4,0.701370120048523,1,0,127.27810668945312,1840.json,NotBuggy
4,0.5759156942367554,1,0,126.62725830078125,2138.json,NotBuggy
3,0.10036321729421616,1,2,128.50894165039062,1140.json,NotBuggy
23,0.20071586966514587,3,7,87.31710052490234,177.json,Buggy
5,0.5260777473449707,2,1,118.92383575439453,1295.json,NotBuggy
4,0.13906551897525787,1,2,125.27178192138672,1595.json,NotBuggy
117,0.0,7,111,44.7027587890625,1572.json,Buggy
3,0.4363850951194763,1,2,131.1385955810547,34.json,Buggy
5,0.35010775923728943,1,2,119.84819793701172,533.json,NotBuggy
4,0.824088990688324,1,0,125.79222106933594,2075.json,NotBuggy
4,0.7583714723587036,1,0,126.62725830078125,393.json,NotBuggy
4,0.7335971593856812,1,0,125.79222106933594,2123.json,NotBuggy
26,0.0,2,15,81.20863342285156,1574.json,NotBuggy
65,6.432477384805679E-4,10,22,62.43213653564453,2356.json,NotBuggy
3,0.9298409223556519,1,0,131.1385955810547,1290.json,NotBuggy
43,0.0,10,19,68.95770263671875,921.json,Buggy
5,0.03890670835971832,1,2,118.98002624511719,1134.json,NotBuggy
3,0.056461647152900696,1,3,128.4090576171875,2689.json,NotBuggy
4,0.4125712513923645,1,1,125.67974090576172,1889.json,NotBuggy
4,0.2897951304912567,1,1,124.09089660644531,666.json,NotBuggy
3,0.302564799785614,1,0,129.05665588378906,2517.json,NotBuggy
4,0.4894098937511444,1,1,125.30915069580078,1804.json,NotBuggy
82,0.0,13,26,55.19601058959961,2208.json,Buggy
23,0.013299211859703064,5,12,85.99441528320312,99.json,NotBuggy
10,0.031282681971788406,2,4,101.99267578125,1545.json,NotBuggy
4,0.6713870763778687,1,2,126.77537536621094,1670.json,NotBuggy
4,0.7378736138343811,1,0,126.62725830078125,371.json,NotBuggy
22,0.0020312517881393433,8,13,82.99238586425781,2593.json,Buggy
3,0.7085170149803162,1,1,129.93223571777344,1188.json,NotBuggy
7,0.09296717494726181,2,5,112.40554809570312,1694.json,NotBuggy
3,0.0477895550429821,1,3,128.4090576171875,2687.json,NotBuggy
4,0.17758576571941376,1,2,126.1969985961914,2588.json,NotBuggy
3,0.062355391681194305,1,1,127.94976043701172,509.json,NotBuggy
4,0.5880106091499329,1,1,125.67974090576172,1837.json,NotBuggy
4,0.7891650199890137,1,0,125.79222106933594,422.json,NotBuggy
4,0.8988301753997803,1,0,128.335205078125,581.json,NotBuggy
9,0.0,1,15,101.78178405761719,1013.json,Buggy
4,0.06921707093715668,1,0,123.21045684814453,394.json,NotBuggy
4,0.3088681399822235,1,0,128.936767578125,1885.json,NotBuggy
4,0.494239866733551,1,1,126.0733642578125,2194.json,NotBuggy
4,0.3872864842414856,1,0,128.13519287109375,1675.json,NotBuggy
4,0.0,1,2,120.13397216796875,1578.json,NotBuggy
4,0.8408745527267456,1,0,128.936767578125,165.json,NotBuggy
4,0.6433744430541992,1,1,125.67974090576172,1849.json,NotBuggy
5,0.00763792684301734,1,5,116.45709991455078,1732.json,NotBuggy
3,0.9580329656600952,1,0,133.59722900390625,2575.json,NotBuggy
6,0.6335762143135071,2,4,114.61321258544922,2570.json,NotBuggy
3,0.8226081728935242,1,1,130.18594360351562,1173.json,NotBuggy
40,2.1383225976023823E-4,7,23,71.71075439453125,596.json,Buggy
5,0.6153659820556641,1,4,117.86318969726562,2367.json,NotBuggy
14,0.001236338634043932,4,19,93.55978393554688,12.json,Buggy
17,0.0,3,13,88.62520599365234,927.json,Buggy
4,0.8860750198364258,1,0,128.936767578125,2830.json,NotBuggy
4,0.6045091152191162,1,0,124.71717071533203,2057.json,NotBuggy
3,0.36430811882019043,1,1,130.18594360351562,1143.json,NotBuggy
4,0.6179030537605286,1,0,126.62725830078125,883.json,NotBuggy
4,0.4458068013191223,1,0,124.81353759765625,2047.json,NotBuggy
3,0.9340141415596008,1,0,133.59722900390625,2756.json,NotBuggy
4,0.2342030555009842,1,1,125.30915069580078,2195.json,NotBuggy
17,0.049389492720365524,3,11,93.43287658691406,10.json,Buggy
4,0.3453035056591034,1,2,124.81353759765625,459.json,NotBuggy
8,0.8422415256500244,2,2,111.14976501464844,1285.json,NotBuggy
3,0.10029029846191406,1,1,130.34019470214844,542.json,NotBuggy
22,0.0,5,15,84.57510375976562,1022.json,Buggy
4,0.0021527514327317476,1,3,121.28150177001953,903.json,NotBuggy
4,0.613834023475647,1,0,126.62725830078125,2134.json,NotBuggy
3,0.7054428458213806,1,1,132.25152587890625,2770.json,NotBuggy
4,0.789405345916748,1,0,126.62725830078125,388.json,NotBuggy
3,0.4885103404521942,1,2,129.93223571777344,2807.json,NotBuggy
5,0.5260777473449707,2,1,118.92383575439453,1253.json,NotBuggy
4,0.7172751426696777,1,0,128.936767578125,207.json,NotBuggy
3,0.8522692918777466,1,0,133.59722900390625,2737.json,NotBuggy
4,0.797663688659668,1,0,125.79222106933594,399.json,NotBuggy
3,0.0654875859618187,1,2,128.41912841796875,1203.json,NotBuggy
17,9.581290651112795E-4,4,17,89.11973571777344,946.json,Buggy
4,0.17085914313793182,1,0,123.1362075805664,363.json,NotBuggy
3,0.23383033275604248,1,2,129.34671020507812,1200.json,NotBuggy
3,0.6423733830451965,2,5,126.13177490234375,1193.json,NotBuggy
10,0.9714126586914062,2,1,105.76141357421875,174.json,NotBuggy
3,0.9511439204216003,1,0,131.28770446777344,2443.json,NotBuggy
3,0.9458854794502258,1,0,135.83412170410156,2353.json,NotBuggy
4,0.4184410572052002,1,1,125.67974090576172,1901.json,NotBuggy
3,0.031044773757457733,1,1,128.92515563964844,1168.json,NotBuggy
4,0.8038632869720459,1,0,125.79222106933594,372.json,NotBuggy
12,0.07998625934123993,3,3,100.09516906738281,2340.json,NotBuggy
4,0.8408745527267456,1,0,128.936767578125,168.json,NotBuggy
3,0.8154504299163818,1,0,132.4454345703125,1220.json,NotBuggy
4,0.02589011751115322,1,2,124.04872131347656,1795.json,NotBuggy
4,0.83030104637146,1,0,125.79222106933594,375.json,NotBuggy
21,0.0012516912538558245,6,13,84.47269439697266,2595.json,NotBuggy
10,0.14186471700668335,3,4,103.96858978271484,2456.json,NotBuggy
8,0.06249726936221123,2,1,108.08633422851562,784.json,NotBuggy
4,0.10983429849147797,1,1,124.71717071533203,2165.json,NotBuggy
3,0.5896123647689819,1,1,130.7338104248047,2491.json,NotBuggy
4,0.9311137199401855,1,0,128.936767578125,2067.json,NotBuggy
4,0.6732010841369629,1,1,126.62725830078125,189.json,NotBuggy
3,0.9241965413093567,1,0,132.4454345703125,2440.json,NotBuggy
4,0.0,1,3,119.80474853515625,2384.json,NotBuggy
4,0.713667094707489,1,2,126.77537536621094,1680.json,NotBuggy
3,0.7130167484283447,1,1,132.086669921875,2805.json,NotBuggy
4,0.11212147772312164,1,2,124.4649429321289,1604.json,NotBuggy
13,0.6223533749580383,3,4,99.90740203857422,1244.json,NotBuggy
4,0.7434749007225037,1,0,125.79222106933594,2137.json,NotBuggy
4,0.7810280323028564,1,0,126.62725830078125,242.json,NotBuggy
7,0.6813866496086121,2,1,117.182373046875,1446.json,NotBuggy
21,0.04763157665729523,4,3,87.53617858886719,1532.json,NotBuggy
4,0.6926289200782776,1,0,126.62725830078125,272.json,NotBuggy
4,0.8020436763763428,1,1,125.91468811035156,644.json,NotBuggy
4,0.6130447387695312,1,0,124.71717071533203,2132.json,NotBuggy
4,0.7990702390670776,1,0,126.62725830078125,343.json,NotBuggy
24,0.014901225455105305,5,15,84.64437866210938,97.json,NotBuggy
5,0.4019263684749603,2,1,118.28404235839844,1206.json,NotBuggy
9,0.7599696516990662,2,3,106.87638092041016,193.json,NotBuggy
4,0.7489978671073914,1,0,127.27810668945312,74.json,NotBuggy
4,0.7543430328369141,1,0,125.91468811035156,1625.json,NotBuggy
22,1.528957363916561E-4,4,18,83.77400970458984,852.json,Buggy
4,0.35583415627479553,1,1,125.15930938720703,1857.json,NotBuggy
4,0.24246090650558472,1,1,124.4649429321289,639.json,NotBuggy
4,0.6176248788833618,1,1,125.67974090576172,1789.json,NotBuggy
4,0.04981585592031479,1,0,122.9537353515625,110.json,NotBuggy
8,0.6611930131912231,3,3,108.22147369384766,2761.json,NotBuggy
31,0.0,7,19,78.82283782958984,1659.json,NotBuggy
14,0.0705191045999527,3,10,96.76109313964844,471.json,NotBuggy
3,0.9813353419303894,1,0,133.59722900390625,2581.json,NotBuggy
21,0.0046319784596562386,4,9,88.70950317382812,2164.json,NotBuggy
18,0.12817083299160004,4,6,89.95512390136719,833.json,Buggy
5,0.5260777473449707,2,1,118.92383575439453,1267.json,NotBuggy
4,0.01558106392621994,1,0,122.53683471679688,121.json,NotBuggy
4,0.008823292329907417,1,4,121.90575408935547,1482.json,NotBuggy
8,0.7458978891372681,3,3,108.494873046875,2760.json,NotBuggy
3,0.9083850979804993,1,0,133.59722900390625,2788.json,NotBuggy
12,0.29901787638664246,3,6,99.50308227539062,1701.json,NotBuggy
7,0.2716705799102783,2,3,111.41020202636719,2661.json,NotBuggy
3,0.6923916935920715,1,1,130.99049377441406,2744.json,NotBuggy
9,0.512386679649353,2,2,107.58657836914062,1776.json,NotBuggy
8,0.10999345779418945,2,5,109.28429412841797,2777.json,NotBuggy
4,0.5665430426597595,1,1,126.0733642578125,2193.json,NotBuggy
3,0.9417893886566162,1,2,129.93223571777344,2450.json,NotBuggy
10,0.10892463475465775,2,3,105.29888916015625,1162.json,NotBuggy
4,0.6048767566680908,1,1,125.67974090576172,1864.json,NotBuggy
15,0.009751599282026291,2,12,93.74280548095703,2185.json,Buggy
5,0.6195302605628967,1,4,117.86318969726562,2364.json,NotBuggy
40,2.1383225976023823E-4,7,23,71.71075439453125,590.json,Buggy
12,0.1543908417224884,3,2,99.86888885498047,856.json,NotBuggy
4,0.053777553141117096,1,0,124.1488037109375,2036.json,NotBuggy
4,0.18345537781715393,1,1,124.1488037109375,1750.json,NotBuggy
4,0.4095578193664551,1,0,126.62725830078125,611.json,NotBuggy
4,0.4965261220932007,1,1,125.5254898071289,545.json,NotBuggy
4,0.8884133696556091,1,1,128.5205535888672,1126.json,NotBuggy
3,0.6960719227790833,1,0,131.9385528564453,1815.json,NotBuggy
4,0.6223980188369751,1,1,125.67974090576172,548.json,NotBuggy
4,0.18995121121406555,1,3,123.65223693847656,1661.json,NotBuggy
4,0.3211778998374939,1,0,122.30536651611328,2095.json,NotBuggy
4,0.7944545149803162,1,0,125.79222106933594,395.json,NotBuggy
4,0.01624712347984314,1,1,123.37702178955078,1602.json,NotBuggy
3,0.9006614089012146,1,0,133.59722900390625,1157.json,NotBuggy
3,0.8263646960258484,1,0,132.9956512451172,1278.json,NotBuggy
6,0.9288198351860046,1,0,118.35266876220703,1648.json,NotBuggy
4,0.7684724926948547,1,0,126.19583892822266,1891.json,NotBuggy
4,0.7843084931373596,1,1,125.91468811035156,667.json,NotBuggy
4,0.7739533185958862,1,0,126.62725830078125,2101.json,NotBuggy
4,0.9221563935279846,1,0,128.936767578125,1586.json,NotBuggy
4,0.7721531391143799,1,0,126.62725830078125,407.json,NotBuggy
4,0.822187066078186,1,0,125.79222106933594,352.json,NotBuggy
4,0.5869906544685364,1,1,125.30915069580078,1882.json,NotBuggy
3,0.9408955574035645,1,0,133.59722900390625,2771.json,NotBuggy
5,0.6501779556274414,2,1,118.92383575439453,1266.json,NotBuggy
4,0.83030104637146,1,0,125.79222106933594,2131.json,NotBuggy
4,0.7269113659858704,1,0,128.936767578125,212.json,NotBuggy
3,0.9295868873596191,1,0,133.59722900390625,532.json,NotBuggy
11,0.0015361204277724028,2,9,99.12455749511719,834.json,Buggy
4,0.6847262978553772,1,0,126.62725830078125,224.json,NotBuggy
4,0.7536532878875732,1,0,126.62725830078125,334.json,Buggy
3,0.9413757920265198,1,0,133.59722900390625,507.json,NotBuggy
4,0.8761157989501953,1,0,128.936767578125,213.json,NotBuggy
4,0.1512422114610672,1,0,128.936767578125,555.json,NotBuggy
4,0.8008981347084045,2,2,124.45625305175781,2601.json,Buggy
36,2.6771746343001723E-4,7,16,75.6231689453125,1657.json,NotBuggy
4,0.8053274750709534,1,0,125.79222106933594,379.json,NotBuggy
4,0.015847142785787582,1,0,122.53683471679688,122.json,NotBuggy
4,0.4881586730480194,1,1,125.67974090576172,1847.json,NotBuggy
17,2.2292057110462338E-4,4,8,89.85112762451172,66.json,NotBuggy
3,0.44677871465682983,1,0,131.03103637695312,2518.json,NotBuggy
4,0.10217062383890152,1,1,124.71717071533203,604.json,NotBuggy
4,0.5758203268051147,1,1,125.5254898071289,1817.json,NotBuggy
3,0.6599046587944031,1,1,131.75106811523438,1149.json,NotBuggy
4,0.05946987494826317,1,2,121.82937622070312,1170.json,NotBuggy
4,0.9390717148780823,1,0,128.936767578125,2826.json,NotBuggy
4,0.06020568311214447,1,2,121.82937622070312,1182.json,NotBuggy
16,1.970990124391392E-4,2,14,91.04121398925781,823.json,NotBuggy
8,0.02247769385576248,2,9,106.3458251953125,2679.json,NotBuggy
4,0.7714634537696838,1,0,125.79222106933594,410.json,NotBuggy
4,0.7654915452003479,1,1,126.4930648803711,551.json,NotBuggy
3,0.8679191470146179,1,0,134.26058959960938,202.json,NotBuggy
4,0.6235142946243286,1,0,128.936767578125,2423.json,NotBuggy
34,1.5960863674990833E-4,5,14,76.77838897705078,139.json,Buggy
4,0.5321065783500671,1,1,122.93054962158203,19.json,NotBuggy
14,0.266823947429657,3,4,95.72724914550781,2711.json,NotBuggy
3,0.9600884318351746,1,0,130.85629272460938,2568.json,NotBuggy
4,0.06213601306080818,1,1,125.41301727294922,103.json,NotBuggy
8,0.23676320910453796,2,4,110.60749816894531,846.json,NotBuggy
32,6.189679843373597E-4,16,21,73.19023895263672,2647.json,Buggy
20,0.00926504097878933,5,12,88.1147689819336,806.json,NotBuggy
14,0.0066935778595507145,3,8,95.53752899169922,915.json,NotBuggy
4,0.7133086323738098,1,2,126.77537536621094,2606.json,NotBuggy
4,0.030201729387044907,1,2,124.62181854248047,2477.json,NotBuggy
9,0.6963367462158203,2,3,107.33891296386719,1744.json,NotBuggy
4,0.5863050222396851,1,1,124.71717071533203,662.json,NotBuggy
4,0.8749716877937317,1,0,128.936767578125,1588.json,NotBuggy
14,0.005612737033516169,3,8,94.63835906982422,76.json,NotBuggy
7,0.002665203996002674,1,3,110.78955078125,56.json,NotBuggy
4,0.30931544303894043,1,0,123.87862396240234,295.json,NotBuggy
3,0.7098463177680969,1,0,132.4454345703125,1124.json,NotBuggy
32,0.0,5,22,78.21392059326172,2167.json,Buggy
7,0.004851243924349546,1,7,109.21822357177734,1664.json,NotBuggy
5,0.5897459983825684,2,1,118.83403015136719,1293.json,NotBuggy
4,0.8103901147842407,1,0,125.79222106933594,333.json,Buggy
17,0.007735269609838724,3,7,92.11105346679688,1652.json,NotBuggy
4,0.6139724254608154,1,0,128.936767578125,546.json,NotBuggy
23,0.05401233583688736,4,8,86.513427734375,1654.json,NotBuggy
4,0.10910454392433167,1,0,124.05243682861328,2034.json,NotBuggy
4,0.8884133696556091,1,1,128.5205535888672,1153.json,NotBuggy
4,0.0,1,2,119.3500747680664,1534.json,NotBuggy
32,0.0,5,22,78.21392059326172,2158.json,Buggy
3,0.9657250642776489,1,0,132.25152587890625,1119.json,NotBuggy
4,0.2549789547920227,1,2,124.1488037109375,483.json,NotBuggy
3,0.8226081728935242,1,1,130.18594360351562,1228.json,NotBuggy
9,0.0,2,15,101.98851776123047,866.json,Buggy
4,0.44495919346809387,1,0,124.81353759765625,2040.json,NotBuggy
8,0.7510097026824951,2,1,112.6898193359375,480.json,NotBuggy
3,0.525043249130249,1,1,130.57513427734375,1218.json,NotBuggy
4,0.6637179255485535,1,0,124.71717071533203,357.json,NotBuggy
8,0.44591060280799866,2,5,109.40115356445312,2699.json,NotBuggy
3,0.952512800693512,1,1,130.85629272460938,2002.json,NotBuggy
3,0.023313673213124275,1,2,128.31268310546875,1212.json,NotBuggy
4,0.7669937014579773,1,0,126.62725830078125,2070.json,NotBuggy
4,0.04375481605529785,1,2,125.27178192138672,2416.json,NotBuggy
4,0.5863050222396851,1,1,124.71717071533203,647.json,NotBuggy
14,0.08022566884756088,3,8,96.44950866699219,1984.json,Buggy
4,0.5928353667259216,1,1,124.71717071533203,641.json,NotBuggy
5,0.194565549492836,1,2,119.57592010498047,505.json,NotBuggy
4,0.26090312004089355,2,1,122.28609466552734,1163.json,NotBuggy
26,0.0011597243137657642,5,6,83.72306060791016,570.json,NotBuggy
4,0.1339537352323532,1,3,123.85247039794922,873.json,NotBuggy
24,0.03949040547013283,6,9,83.55825805664062,2380.json,NotBuggy
4,3.720959066413343E-4,1,4,121.28150177001953,1733.json,NotBuggy
4,0.8261500597000122,1,1,125.91468811035156,679.json,NotBuggy
4,0.7944545149803162,1,0,125.79222106933594,227.json,NotBuggy
3,0.8522692918777466,1,0,133.59722900390625,2721.json,NotBuggy
8,0.08721973747015,2,7,108.2890625,2697.json,NotBuggy
5,0.6501779556274414,2,1,118.92383575439453,1294.json,NotBuggy
3,0.2909631133079529,1,0,133.59722900390625,504.json,NotBuggy
8,0.08748222142457962,2,4,109.24699401855469,2851.json,NotBuggy
13,8.200523443520069E-4,3,8,96.92306518554688,1047.json,NotBuggy
4,0.7409818172454834,1,0,126.62725830078125,321.json,NotBuggy
3,0.33622753620147705,1,0,131.28770446777344,2526.json,NotBuggy
12,0.003441226202994585,3,14,99.23486328125,2804.json,Buggy
5,0.021077563986182213,1,1,118.2244644165039,37.json,NotBuggy
6,0.021024107933044434,1,4,114.51445770263672,569.json,NotBuggy
4,0.7766219973564148,1,0,126.62725830078125,259.json,NotBuggy
3,0.893014669418335,1,0,134.26058959960938,220.json,NotBuggy
12,0.06522607803344727,3,7,100.81140899658203,1953.json,NotBuggy
11,0.1873265504837036,3,4,102.12569427490234,2656.json,NotBuggy
3,0.9375059008598328,1,0,134.26058959960938,210.json,NotBuggy
4,0.7787718176841736,1,0,125.79222106933594,380.json,NotBuggy
4,0.8213074207305908,1,0,125.79222106933594,229.json,NotBuggy
4,0.7598862648010254,1,0,126.62725830078125,264.json,NotBuggy
3,0.10750167071819305,1,0,133.59722900390625,501.json,NotBuggy
3,0.48660483956336975,1,1,130.30841064453125,1270.json,NotBuggy
3,0.7137269973754883,1,1,129.93223571777344,1229.json,NotBuggy
27,3.067525976803154E-4,8,24,78.69409942626953,2580.json,NotBuggy
4,0.8189821839332581,1,0,128.936767578125,1616.json,NotBuggy
4,0.932535707950592,1,0,128.936767578125,1569.json,NotBuggy
25,0.0,6,18,81.84844207763672,933.json,Buggy
4,0.12477981299161911,1,2,122.70733642578125,1996.json,NotBuggy
3,0.956814706325531,1,0,131.03103637695312,2439.json,NotBuggy
16,0.0051862988620996475,5,7,91.28612518310547,2702.json,NotBuggy
58,0.0,11,26,63.52519989013672,1524.json,Buggy
4,0.4449574947357178,1,1,125.67974090576172,1892.json,NotBuggy
3,0.945729672908783,1,0,133.59722900390625,526.json,NotBuggy
10,0.41897743940353394,2,7,103.98506927490234,1576.json,NotBuggy
5,0.7357677221298218,2,1,118.6711654663086,1205.json,NotBuggy
3,0.47409868240356445,1,1,129.34671020507812,1245.json,NotBuggy
3,0.5084215998649597,1,1,130.30841064453125,1300.json,NotBuggy
4,0.19183915853500366,1,0,128.936767578125,2863.json,NotBuggy
4,0.10963612049818039,1,0,124.05243682861328,2069.json,NotBuggy
4,0.6594268679618835,1,1,125.67974090576172,557.json,NotBuggy
4,0.47193434834480286,1,0,124.81353759765625,2097.json,NotBuggy
4,0.8664191961288452,1,1,126.4930648803711,1874.json,NotBuggy
12,0.011482602916657925,2,6,98.93485260009766,824.json,Buggy
12,0.8070106506347656,4,1,102.11140441894531,2818.json,NotBuggy
4,0.7860347032546997,1,1,127.94984436035156,2172.json,NotBuggy
3,0.8557224869728088,1,0,131.1535186767578,2449.json,NotBuggy
4,0.9312232136726379,1,0,128.335205078125,1624.json,NotBuggy
23,2.73238547379151E-4,2,16,84.16859436035156,988.json,NotBuggy
8,0.10264108330011368,2,4,107.59986877441406,817.json,NotBuggy
7,0.18669314682483673,2,4,111.53256225585938,1567.json,NotBuggy
3,0.7835597991943359,1,0,133.59722900390625,522.json,NotBuggy
20,0.02044305019080639,5,12,86.9733657836914,2677.json,NotBuggy
4,0.34362703561782837,1,0,123.87862396240234,2118.json,NotBuggy
4,0.053826481103897095,1,1,122.93054962158203,654.json,NotBuggy
4,0.013986239209771156,1,0,122.53683471679688,109.json,NotBuggy
7,0.6998029351234436,2,2,115.3904800415039,1445.json,NotBuggy
4,0.5813034772872925,1,0,124.71717071533203,364.json,NotBuggy
4,0.9261626601219177,1,0,127.27810668945312,1724.json,NotBuggy
4,0.6771673560142517,1,3,126.04888916015625,198.json,NotBuggy
3,0.7289683818817139,1,1,130.85629272460938,519.json,NotBuggy
4,0.7096958160400391,1,0,125.67974090576172,1727.json,NotBuggy
4,0.47024235129356384,1,0,124.81353759765625,2141.json,NotBuggy
4,0.8250306844711304,1,0,125.79222106933594,385.json,NotBuggy
4,0.7891650199890137,1,0,125.79222106933594,416.json,NotBuggy
4,0.7197059392929077,1,0,125.96089172363281,658.json,NotBuggy
4,0.942288875579834,1,0,128.936767578125,1584.json,NotBuggy
16,0.09311442077159882,4,6,93.88004302978516,2684.json,NotBuggy
4,0.6618008017539978,1,4,124.7987289428711,1195.json,NotBuggy
4,0.8368500471115112,1,0,125.79222106933594,257.json,NotBuggy
4,0.7810280323028564,1,0,126.62725830078125,245.json,NotBuggy
5,0.3477983772754669,1,1,118.07797241210938,81.json,NotBuggy
4,0.7074943780899048,1,0,126.62725830078125,325.json,NotBuggy
4,0.7766562104225159,1,0,128.936767578125,1330.json,NotBuggy
4,0.5132384300231934,1,0,127.42622375488281,1842.json,NotBuggy
3,0.8796484470367432,1,0,133.59722900390625,1249.json,NotBuggy
4,0.8884133696556091,1,1,128.5205535888672,1235.json,NotBuggy
6,0.0,1,4,109.5950927734375,1112.json,NotBuggy
4,0.8329167366027832,1,0,125.79222106933594,2071.json,NotBuggy
4,7.754987454973161E-4,1,1,122.05648803710938,2032.json,NotBuggy
3,0.7137269973754883,1,1,129.93223571777344,1216.json,NotBuggy
5,0.012272401712834835,2,2,116.17501068115234,812.json,Buggy
14,0.01780790090560913,3,9,94.43236541748047,477.json,Buggy
4,0.05308226868510246,1,2,123.37332153320312,1777.json,NotBuggy
4,0.5101883411407471,1,0,124.71717071533203,282.json,NotBuggy
5,0.07946739345788956,1,1,117.66657257080078,465.json,NotBuggy
4,0.681528627872467,1,0,125.67974090576172,1728.json,NotBuggy
4,0.5592139959335327,1,0,124.39620971679688,415.json,NotBuggy
8,0.7068836092948914,2,2,111.55557250976562,1682.json,NotBuggy
6,0.6288345456123352,2,2,116.3923110961914,2510.json,NotBuggy
4,0.4624093770980835,1,0,124.81353759765625,2046.json,NotBuggy
4,0.6537652611732483,1,1,125.67974090576172,1873.json,NotBuggy
4,0.0702592208981514,1,2,124.361083984375,1833.json,NotBuggy
4,0.8412608504295349,1,0,125.79222106933594,2035.json,NotBuggy
4,0.5002075433731079,1,1,125.67974090576172,1827.json,NotBuggy
15,0.04787112772464752,3,2,97.10118103027344,137.json,NotBuggy
6,0.5908542275428772,2,2,116.3923110961914,2509.json,NotBuggy
4,0.8493680357933044,1,0,127.27810668945312,2201.json,NotBuggy
4,0.43956127762794495,1,0,128.936767578125,1902.json,NotBuggy
3,0.4309914708137512,1,0,133.59722900390625,2548.json,NotBuggy
4,0.2861444354057312,1,0,123.87862396240234,2091.json,NotBuggy
4,0.0049207271076738834,1,3,122.12896728515625,2390.json,NotBuggy
40,2.1383225976023823E-4,7,23,71.71075439453125,595.json,Buggy
4,0.2358628213405609,1,0,124.91740417480469,2038.json,NotBuggy
3,0.1288590282201767,1,2,130.18594360351562,2795.json,NotBuggy
4,0.8188645243644714,1,1,128.13519287109375,575.json,NotBuggy
27,0.003914560656994581,6,16,82.01246643066406,2352.json,Buggy
3,0.4182513654232025,1,1,130.18594360351562,1142.json,NotBuggy
23,0.0056801107712090015,6,11,84.0590591430664,2674.json,NotBuggy
23,0.02069695107638836,5,14,85.52436828613281,96.json,NotBuggy
4,0.8730048537254333,1,0,128.936767578125,1331.json,NotBuggy
4,0.8175225257873535,1,0,125.79222106933594,332.json,NotBuggy
8,0.8621736168861389,3,2,108.83756256103516,2759.json,NotBuggy
4,0.7944545149803162,1,0,125.79222106933594,336.json,NotBuggy
4,0.9349207282066345,1,1,129.14767456054688,1672.json,NotBuggy
3,0.890744149684906,1,1,131.75106811523438,630.json,NotBuggy
4,0.30877283215522766,1,1,125.67974090576172,1818.json,NotBuggy
4,0.7488735914230347,1,0,126.62725830078125,2068.json,NotBuggy
4,0.5599008202552795,1,1,124.71717071533203,642.json,NotBuggy
3,0.06427007168531418,1,1,127.94976043701172,516.json,NotBuggy
5,0.3546847105026245,1,2,119.84819793701172,527.json,NotBuggy
32,0.0015498839784413576,7,15,78.10043334960938,800.json,NotBuggy
4,0.4736364185810089,1,1,125.39425659179688,2387.json,NotBuggy
4,0.7284463047981262,1,0,128.936767578125,1517.json,NotBuggy
3,0.5829814672470093,1,1,131.28770446777344,633.json,NotBuggy
11,0.21062155067920685,3,6,102.15320587158203,2488.json,NotBuggy
3,0.8580939173698425,1,0,132.9956512451172,2163.json,NotBuggy
4,0.7364993095397949,1,0,125.79222106933594,276.json,NotBuggy
4,0.192633256316185,1,2,122.9537353515625,1994.json,NotBuggy
3,0.07507175207138062,1,1,128.31268310546875,2747.json,NotBuggy
12,0.07774170488119125,3,8,100.41995239257812,2531.json,NotBuggy
5,0.6369507312774658,2,1,118.92383575439453,1265.json,NotBuggy
4,0.5193209052085876,1,0,123.1068344116211,361.json,NotBuggy
4,0.6856873035430908,1,1,125.91468811035156,660.json,NotBuggy
4,0.7781574130058289,1,0,126.37059020996094,1707.json,NotBuggy
15,0.07843581587076187,3,8,95.20342254638672,1986.json,Buggy
6,0.005167090333998203,1,5,112.9767837524414,906.json,NotBuggy
13,0.01792817749083042,3,8,97.73385620117188,603.json,NotBuggy
40,0.004147976636886597,6,21,73.78105163574219,2183.json,Buggy
4,0.8423159122467041,1,1,125.91468811035156,675.json,NotBuggy
4,0.8175886273384094,1,1,125.91468811035156,669.json,NotBuggy
13,0.2332610934972763,4,0,97.96793365478516,2716.json,NotBuggy
4,0.613834023475647,1,0,126.62725830078125,2145.json,NotBuggy
3,0.35016652941703796,1,1,131.43582153320312,1263.json,NotBuggy
28,0.0,5,15,79.51895141601562,90.json,Buggy
7,0.05183064565062523,2,5,112.40554809570312,1697.json,NotBuggy
3,0.09307043999433517,1,1,130.34019470214844,503.json,NotBuggy
4,0.7536532878875732,1,0,126.62725830078125,414.json,NotBuggy
3,0.08696161210536957,1,1,128.31268310546875,2745.json,NotBuggy
4,0.36802202463150024,1,0,126.62725830078125,1643.json,NotBuggy
4,0.6938204765319824,1,0,128.936767578125,1599.json,NotBuggy
21,0.004236822482198477,6,19,84.87298583984375,2592.json,Buggy
8,0.2501339018344879,2,4,110.30216217041016,1459.json,NotBuggy
3,5.820620572194457E-4,1,6,125.61813354492188,1165.json,NotBuggy
5,0.7788692712783813,1,2,123.64055633544922,1679.json,NotBuggy
3,0.811821460723877,1,0,135.83412170410156,2852.json,NotBuggy
26,0.0026022526435554028,5,12,81.72923278808594,798.json,NotBuggy
3,0.36430811882019043,1,1,130.18594360351562,1148.json,NotBuggy
5,0.19600507616996765,1,2,119.57592010498047,540.json,NotBuggy
4,0.7341685891151428,1,0,126.62725830078125,349.json,NotBuggy
12,0.7476695775985718,2,1,104.25431823730469,1483.json,NotBuggy
10,0.04652681574225426,3,7,104.15782928466797,2537.json,NotBuggy
4,0.25802746415138245,1,0,123.02798461914062,2516.json,NotBuggy
4,0.6326005458831787,1,0,126.62725830078125,316.json,NotBuggy
4,0.6824021339416504,1,1,126.4930648803711,1621.json,NotBuggy
4,0.7014667987823486,1,0,126.62725830078125,266.json,NotBuggy
4,9.164547082036734E-4,1,2,122.06648254394531,1609.json,NotBuggy
4,0.7440053820610046,1,0,126.62725830078125,377.json,NotBuggy
3,0.9264588356018066,1,1,131.91592407226562,2772.json,NotBuggy
4,0.5894709229469299,1,1,126.0733642578125,2202.json,NotBuggy
4,0.4152396619319916,1,1,124.26470947265625,187.json,NotBuggy
3,0.532770037651062,1,1,130.85629272460938,1180.json,NotBuggy
9,0.6718469858169556,2,1,108.76189422607422,1753.json,NotBuggy
19,0.00116653589066118,4,9,88.54095458984375,882.json,NotBuggy
4,0.9927960634231567,1,2,125.52845764160156,2561.json,NotBuggy
4,0.49557432532310486,1,0,124.81353759765625,2149.json,NotBuggy
6,2.6840329519473016E-4,1,5,112.92569732666016,16.json,Buggy
11,0.3677383363246918,4,2,104.02410125732422,2506.json,NotBuggy
3,0.015301769599318504,1,1,130.30841064453125,1280.json,NotBuggy
4,0.8249017596244812,1,0,128.936767578125,2398.json,NotBuggy
3,0.5775420069694519,1,2,129.57785034179688,1494.json,NotBuggy
4,0.7587073445320129,1,0,126.62725830078125,382.json,NotBuggy
4,0.6465235352516174,1,0,126.62725830078125,304.json,NotBuggy
3,0.758279025554657,1,0,131.1535186767578,2782.json,NotBuggy
4,0.5158818960189819,1,0,128.936767578125,1514.json,NotBuggy
13,0.0,3,25,93.87177276611328,2832.json,NotBuggy
3,0.5436576008796692,1,1,131.28770446777344,1292.json,NotBuggy
26,0.02244832180440426,8,14,81.36382293701172,2562.json,NotBuggy
4,0.21625301241874695,1,0,128.936767578125,1911.json,NotBuggy
3,0.949140191078186,1,0,132.4454345703125,1282.json,NotBuggy
21,0.030630817636847496,4,9,88.1183090209961,1655.json,NotBuggy
4,0.46632373332977295,1,0,124.81353759765625,2055.json,NotBuggy
15,0.019609445706009865,3,7,93.55403900146484,77.json,NotBuggy
44,0.0,8,29,69.48497772216797,819.json,Buggy
3,0.7085170149803162,1,1,129.93223571777344,1230.json,NotBuggy
25,0.030770916491746902,5,12,81.63288879394531,956.json,Buggy
7,0.11324642598628998,2,5,110.7762451171875,2463.json,NotBuggy
4,0.8581109642982483,1,0,125.79222106933594,2042.json,NotBuggy
9,0.015233149752020836,3,12,105.08968353271484,2776.json,Buggy
3,0.03663370758295059,1,1,129.12539672851562,29.json,NotBuggy
4,0.8479787707328796,1,0,125.79222106933594,2150.json,NotBuggy
3,0.775955080986023,1,0,133.59722900390625,2520.json,NotBuggy
4,0.0010462388163432479,1,4,121.68689727783203,1735.json,NotBuggy
9,0.6719574928283691,2,2,108.53655242919922,1774.json,NotBuggy
9,0.43669837713241577,2,2,107.04261779785156,1775.json,NotBuggy
4,0.8819135427474976,1,0,128.936767578125,2865.json,NotBuggy
11,0.021600699052214622,3,8,101.42285919189453,1955.json,Buggy
3,0.9256128668785095,1,0,132.9956512451172,1152.json,NotBuggy
3,0.8483501076698303,1,0,131.1535186767578,2448.json,NotBuggy
4,0.6909430027008057,1,0,126.62725830078125,269.json,NotBuggy
4,0.4589497447013855,1,0,124.81353759765625,356.json,NotBuggy
3,0.753085196018219,1,1,128.70916748046875,1287.json,NotBuggy
7,0.10503432154655457,1,4,117.02935791015625,1565.json,Buggy
4,0.9025080800056458,1,0,128.936767578125,171.json,NotBuggy
3,0.7412766814231873,1,0,133.59722900390625,543.json,NotBuggy
4,0.008008125238120556,1,2,123.28064727783203,1740.json,NotBuggy
8,0.2501339018344879,2,4,110.30216217041016,1457.json,NotBuggy
9,0.23685528337955475,2,3,106.3506851196289,2490.json,NotBuggy
5,0.007006510626524687,1,1,117.93550109863281,153.json,NotBuggy
4,0.7514627575874329,1,0,125.79222106933594,315.json,NotBuggy
3,0.811821460723877,1,0,135.83412170410156,2330.json,NotBuggy
4,0.2555598318576813,1,0,126.62725830078125,1903.json,NotBuggy
4,0.6847262978553772,1,0,126.62725830078125,238.json,NotBuggy
8,0.017245570197701454,2,3,107.74358367919922,2670.json,Buggy
3,0.8961580991744995,1,0,133.59722900390625,2446.json,NotBuggy
3,0.1939006894826889,1,1,130.57513427734375,2591.json,NotBuggy
4,0.2847606837749481,1,0,123.87862396240234,2060.json,NotBuggy
4,0.0,1,1,121.0166244506836,895.json,NotBuggy
4,0.8360921144485474,1,0,128.936767578125,216.json,NotBuggy
3,0.38829681277275085,1,1,130.18594360351562,1145.json,NotBuggy
5,0.9098814129829407,2,4,118.51878356933594,2706.json,NotBuggy
8,0.6655710935592651,2,5,109.16999816894531,2462.json,NotBuggy
14,0.01780790090560913,3,9,94.43236541748047,476.json,Buggy
7,0.6730432510375977,2,2,112.25244903564453,656.json,NotBuggy
5,0.022369220852851868,2,7,115.08147430419922,1289.json,NotBuggy
8,0.013918890617787838,2,5,107.64583587646484,1941.json,Buggy
18,0.0037555485032498837,5,8,90.4158935546875,2767.json,NotBuggy
4,0.7807644605636597,1,0,126.62725830078125,2125.json,NotBuggy
11,0.028597088530659676,3,7,100.28655242919922,1333.json,NotBuggy
17,0.057186901569366455,4,10,91.91888427734375,1936.json,Buggy
4,0.7891650199890137,1,0,125.79222106933594,417.json,NotBuggy
8,0.027851222082972527,2,3,109.44644927978516,2839.json,NotBuggy
4,0.7349000573158264,1,0,126.62725830078125,391.json,NotBuggy
12,0.07789527624845505,3,4,99.68583679199219,1807.json,NotBuggy
4,0.6378682255744934,1,1,125.67974090576172,1867.json,NotBuggy
3,0.9934808611869812,1,1,130.7338104248047,2763.json,NotBuggy
4,0.7816402912139893,1,0,125.79222106933594,256.json,NotBuggy
11,0.06067178398370743,4,6,101.58209228515625,2648.json,NotBuggy
4,0.3332241177558899,1,1,125.30915069580078,2203.json,NotBuggy
4,0.6887076497077942,1,0,126.62725830078125,1645.json,NotBuggy
4,0.7495469450950623,1,0,125.79222106933594,252.json,NotBuggy
3,0.9856464862823486,1,0,132.9956512451172,2567.json,NotBuggy
3,0.1330774426460266,1,0,129.37762451171875,2543.json,NotBuggy
3,0.7250349521636963,1,2,130.57513427734375,2465.json,NotBuggy
4,0.40017545223236084,1,0,123.32532501220703,2142.json,NotBuggy
14,0.09142134338617325,3,5,94.85845947265625,816.json,NotBuggy
3,0.3676288425922394,1,4,128.1235809326172,1138.json,NotBuggy
15,0.07843581587076187,3,8,95.20342254638672,1990.json,Buggy
77,0.0,9,29,58.1385498046875,1541.json,NotBuggy
4,0.7864664196968079,1,0,126.62725830078125,2115.json,NotBuggy
5,0.001426215167157352,1,3,116.63113403320312,42.json,NotBuggy
3,0.48660483956336975,1,1,130.30841064453125,1256.json,NotBuggy
23,6.577277090400457E-4,4,13,83.2057876586914,1449.json,Buggy
149,0.0,25,67,40.1567268371582,848.json,Buggy
3,0.8873789310455322,1,0,134.26058959960938,221.json,NotBuggy
4,0.7977865934371948,1,0,127.27810668945312,2217.json,NotBuggy
13,0.0,1,10,93.228759765625,2589.json,NotBuggy
4,0.5461092591285706,1,1,125.67974090576172,1884.json,NotBuggy
4,0.18122002482414246,1,1,124.1488037109375,1751.json,NotBuggy
16,0.011205734685063362,4,10,93.75679016113281,94.json,NotBuggy
13,0.15833494067192078,3,4,100.97834014892578,2369.json,Buggy
5,0.10423067957162857,1,3,118.00186920166016,1770.json,NotBuggy
4,0.8227754831314087,1,0,125.79222106933594,308.json,NotBuggy
4,0.5343025922775269,1,0,128.936767578125,204.json,NotBuggy
4,0.6456195712089539,1,0,126.62725830078125,2080.json,NotBuggy
4,0.6916728615760803,1,1,124.95906829833984,1725.json,NotBuggy
30,0.004116342402994633,6,11,80.88684844970703,1656.json,NotBuggy
4,0.3133554756641388,1,2,125.5254898071289,2368.json,NotBuggy
9,0.6895695328712463,2,2,109.3118896484375,1161.json,NotBuggy
4,0.2020314633846283,1,2,123.67467498779297,2337.json,NotBuggy
8,0.24055372178554535,2,3,110.38101959228516,520.json,NotBuggy
4,0.6822981834411621,1,2,125.27178192138672,2792.json,NotBuggy
6,0.20142878592014313,1,3,114.44808959960938,1304.json,NotBuggy
8,0.6549650430679321,2,2,110.90472412109375,1243.json,NotBuggy
18,0.16436667740345,5,6,91.14552307128906,1702.json,NotBuggy
3,0.4114006459712982,1,1,130.34019470214844,531.json,NotBuggy
4,0.013964707963168621,1,0,122.68119049072266,2093.json,NotBuggy
13,0.0012386146700009704,3,10,96.38411712646484,1639.json,NotBuggy
4,0.3133554756641388,1,2,125.5254898071289,2363.json,NotBuggy
6,0.5665099620819092,1,2,118.35266876220703,565.json,NotBuggy
9,0.04838687181472778,2,7,107.86528015136719,1671.json,NotBuggy
4,0.17321892082691193,1,4,123.01455688476562,1876.json,NotBuggy
4,0.8459389209747314,1,0,125.79222106933594,2043.json,NotBuggy
24,0.09885532408952713,4,5,86.16737365722656,135.json,Buggy
4,0.8423159122467041,1,1,125.91468811035156,674.json,NotBuggy
16,0.15824800729751587,4,4,96.15001678466797,2189.json,Buggy
16,6.492045940831304E-4,4,12,91.39657592773438,1640.json,NotBuggy
12,0.029358232393860817,3,6,100.34983825683594,1007.json,NotBuggy
4,0.4936700165271759,1,1,129.14767456054688,1781.json,NotBuggy
3,0.04456100985407829,2,3,126.40631103515625,1242.json,NotBuggy
22,0.012909111566841602,5,12,86.8126449584961,86.json,NotBuggy
4,0.7232366800308228,1,1,124.48601531982422,297.json,NotBuggy
7,0.6125706434249878,2,5,112.27047729492188,2800.json,NotBuggy
3,0.9258339405059814,1,0,132.086669921875,2161.json,NotBuggy
4,0.7890394926071167,1,0,125.79222106933594,2063.json,NotBuggy
24,0.0,6,39,78.92171478271484,818.json,Buggy
4,0.05343315005302429,2,1,121.89896392822266,1164.json,NotBuggy
16,0.5568580031394958,2,8,96.91283416748047,1451.json,NotBuggy
4,0.8918657898902893,1,3,122.76004028320312,2590.json,Buggy
4,0.5668752193450928,1,1,125.91468811035156,643.json,NotBuggy
6,0.989884078502655,2,3,115.55754852294922,2604.json,NotBuggy
4,0.8499964475631714,1,0,125.79222106933594,2106.json,NotBuggy
5,0.16721215844154358,1,2,119.57592010498047,502.json,NotBuggy
11,0.0011165300384163857,2,4,101.87958526611328,585.json,NotBuggy
3,0.9241965413093567,1,0,132.4454345703125,2539.json,NotBuggy
3,0.6949679851531982,1,1,131.43582153320312,2514.json,NotBuggy
3,0.015301769599318504,1,1,130.30841064453125,1238.json,NotBuggy
4,0.8380851745605469,1,0,125.79222106933594,381.json,NotBuggy
5,0.7584968209266663,1,1,123.47569274902344,1447.json,NotBuggy
37,0.0,6,26,73.3945541381836,957.json,NotBuggy
19,0.0,5,21,88.06058502197266,2530.json,NotBuggy
4,0.7486630082130432,1,1,125.91468811035156,676.json,NotBuggy
3,0.7690469026565552,1,0,132.9956512451172,1179.json,NotBuggy
4,0.8001102805137634,1,1,125.91468811035156,648.json,NotBuggy
123,0.0,25,45,43.81891632080078,2204.json,Buggy
4,0.1519450843334198,1,1,124.58238983154297,1906.json,NotBuggy
5,0.3323577642440796,1,1,118.07797241210938,82.json,NotBuggy
4,0.6365640759468079,1,0,126.62725830078125,2136.json,NotBuggy
4,0.8342775106430054,1,1,125.91468811035156,671.json,NotBuggy
4,0.7928828597068787,1,0,126.62725830078125,262.json,NotBuggy
8,0.038204509764909744,2,3,108.04276275634766,573.json,NotBuggy
4,0.7891650199890137,1,0,125.79222106933594,423.json,NotBuggy
7,0.03713957592844963,2,7,111.44750213623047,1700.json,NotBuggy
4,0.784877598285675,1,0,125.79222106933594,254.json,NotBuggy
3,0.09608831256628036,1,1,130.34019470214844,2554.json,NotBuggy
3,0.8840023875236511,1,0,133.59722900390625,2513.json,NotBuggy
7,0.5434677600860596,2,1,115.85657501220703,456.json,NotBuggy
4,0.535590410232544,1,1,126.19583892822266,2415.json,NotBuggy
4,0.24767428636550903,1,1,124.91740417480469,1444.json,NotBuggy
4,0.5815024971961975,1,1,127.42622375488281,1829.json,NotBuggy
3,0.9387786388397217,1,0,133.59722900390625,2753.json,NotBuggy
23,0.0,4,15,104.8675308227539,962.json,NotBuggy
4,0.9091500639915466,1,0,128.936767578125,2827.json,NotBuggy
4,0.5923084616661072,1,0,128.936767578125,215.json,NotBuggy
4,0.6146443486213684,1,0,124.71717071533203,367.json,NotBuggy
21,1.1207022907910869E-4,2,18,86.11260986328125,878.json,Buggy
5,0.01202986016869545,1,1,116.80007934570312,64.json,NotBuggy
4,0.8564833402633667,1,0,125.96089172363281,1706.json,NotBuggy
4,0.3877994418144226,1,1,125.67974090576172,1819.json,NotBuggy
5,0.34938690066337585,1,2,119.84819793701172,523.json,NotBuggy
31,7.893186993896961E-4,6,17,79.23821258544922,1660.json,NotBuggy
21,0.005212395917624235,2,8,87.41222381591797,157.json,NotBuggy
4,0.751897394657135,1,0,125.79222106933594,2077.json,NotBuggy
8,0.02248111180961132,2,5,107.41751861572266,2779.json,Buggy
34,0.0,7,29,74.93412017822266,1638.json,NotBuggy
3,0.532770037651062,1,1,130.85629272460938,1167.json,NotBuggy
8,0.3055751323699951,2,4,110.46502685546875,2215.json,NotBuggy
54,0.0,11,31,64.37602996826172,980.json,Buggy
3,0.6163362860679626,1,0,133.59722900390625,2565.json,NotBuggy
19,0.15501302480697632,4,3,91.56787872314453,2357.json,NotBuggy
3,0.8389142751693726,1,0,132.9956512451172,2722.json,NotBuggy
4,0.7900869846343994,1,1,125.91468811035156,673.json,NotBuggy
4,0.6438963413238525,1,1,125.67974090576172,1865.json,NotBuggy
4,0.8828453421592712,1,0,126.19583892822266,1311.json,NotBuggy
4,0.8249017596244812,1,0,128.936767578125,2410.json,NotBuggy
4,0.34362703561782837,1,0,123.87862396240234,345.json,NotBuggy
4,0.5797441601753235,1,1,124.81353759765625,665.json,NotBuggy
16,0.38919714093208313,2,8,96.3809585571289,1450.json,NotBuggy
3,0.9884282946586609,1,0,133.59722900390625,2442.json,NotBuggy
4,0.3461155295372009,1,0,123.32532501220703,2143.json,NotBuggy
4,0.8355745673179626,1,0,125.79222106933594,231.json,NotBuggy
7,0.9084998965263367,2,6,111.42000579833984,2650.json,NotBuggy
4,0.7014667987823486,1,0,126.62725830078125,335.json,NotBuggy
4,0.8304897546768188,1,1,127.42622375488281,148.json,NotBuggy
4,0.6932808756828308,1,2,123.46312713623047,1227.json,NotBuggy
4,0.7891650199890137,1,0,125.79222106933594,418.json,NotBuggy
4,0.5384707450866699,1,1,125.39425659179688,2386.json,NotBuggy
4,0.6599727869033813,1,1,124.71717071533203,653.json,NotBuggy
13,0.05796147510409355,3,7,98.40133666992188,1458.json,Buggy
4,0.6002708077430725,1,0,124.71717071533203,368.json,NotBuggy
3,0.4546317756175995,1,1,131.43582153320312,2505.json,NotBuggy
4,0.12923090159893036,1,1,124.57742309570312,664.json,NotBuggy
4,0.31966251134872437,1,2,124.4649429321289,2389.json,NotBuggy
15,0.07467479258775711,3,8,95.20342254638672,1989.json,Buggy
4,0.7123961448669434,1,0,126.62725830078125,365.json,NotBuggy
3,0.949140191078186,1,0,132.4454345703125,1131.json,NotBuggy
4,0.3151708245277405,1,1,125.67974090576172,1803.json,NotBuggy
15,0.07843581587076187,3,8,95.20342254638672,1991.json,Buggy
4,0.026630427688360214,1,2,124.04872131347656,1794.json,NotBuggy
4,0.9151015281677246,1,1,127.94984436035156,1623.json,NotBuggy
3,0.22556401789188385,1,3,129.36033630371094,2643.json,NotBuggy
4,0.8038632869720459,1,0,125.79222106933594,402.json,NotBuggy
4,0.6483052968978882,1,1,125.79222106933594,2819.json,NotBuggy
4,0.08898163586854935,1,1,124.25267028808594,142.json,NotBuggy
4,0.37334907054901123,1,1,125.5254898071289,1835.json,NotBuggy
4,0.7891650199890137,1,0,125.79222106933594,404.json,NotBuggy
5,0.31367290019989014,1,4,118.5140380859375,1766.json,NotBuggy
15,0.75013667345047,3,4,95.29904174804688,621.json,NotBuggy
9,0.0012585804797708988,2,5,103.53028869628906,1533.json,NotBuggy
4,0.8304897546768188,1,1,127.42622375488281,144.json,NotBuggy
5,0.6228357553482056,2,3,117.50384521484375,568.json,NotBuggy
4,0.6473485827445984,1,1,126.4930648803711,1622.json,NotBuggy
31,0.03950956091284752,8,14,78.64505004882812,73.json,NotBuggy
3,0.1157279685139656,1,1,130.34019470214844,535.json,NotBuggy
8,0.6144193410873413,2,2,110.08924102783203,2005.json,NotBuggy
6,0.1535155326128006,2,0,117.36266326904297,2504.json,NotBuggy
64,0.0,13,63,58.345314025878906,1933.json,Buggy
16,0.0,2,11,91.38346099853516,874.json,Buggy
4,0.181153804063797,1,0,128.335205078125,1128.json,NotBuggy
4,0.5731549859046936,1,1,124.71717071533203,650.json,NotBuggy
4,0.8627050518989563,1,0,125.0554428100586,32.json,NotBuggy
3,0.51488196849823,1,2,129.93223571777344,486.json,NotBuggy
25,0.01030705589801073,8,14,82.92431640625,2532.json,NotBuggy
4,0.06921707093715668,1,0,123.21045684814453,2144.json,NotBuggy
3,0.934192955493927,1,0,131.28770446777344,1166.json,NotBuggy
20,0.0,3,11,88.00973510742188,1001.json,Buggy
7,0.0,3,1,106.39054870605469,1045.json,NotBuggy
4,0.3438574969768524,1,1,125.5254898071289,1836.json,NotBuggy
4,0.5803493857383728,1,1,125.5254898071289,1850.json,NotBuggy
4,0.18913336098194122,1,2,123.75868225097656,2339.json,NotBuggy
4,0.777105450630188,1,1,127.42622375488281,460.json,NotBuggy
18,0.16436667740345,5,6,91.14552307128906,1703.json,NotBuggy
4,0.5242249369621277,1,0,128.936767578125,206.json,NotBuggy
3,0.9969549179077148,1,1,132.086669921875,2765.json,NotBuggy
15,0.01926741749048233,3,7,94.42919921875,155.json,NotBuggy
4,0.8949946761131287,1,0,128.335205078125,1115.json,NotBuggy
4,0.6043757200241089,1,2,126.04888916015625,2768.json,NotBuggy
4,0.5645177364349365,1,0,127.94984436035156,1515.json,NotBuggy
16,0.007697397377341986,3,7,92.8239974975586,159.json,NotBuggy
4,0.8279625773429871,1,2,127.09062194824219,33.json,NotBuggy
5,0.6369507312774658,2,1,118.92383575439453,1251.json,NotBuggy
4,0.7739533185958862,1,0,126.62725830078125,240.json,NotBuggy
7,0.1420251727104187,2,7,110.30502319335938,2483.json,NotBuggy
12,0.23996949195861816,3,3,100.84730529785156,1739.json,NotBuggy
4,0.7648908495903015,1,0,125.79222106933594,2109.json,NotBuggy
4,0.5620411038398743,1,1,126.0733642578125,2214.json,NotBuggy
4,0.024568339809775352,1,2,121.83938598632812,814.json,NotBuggy
54,1.5461992006748915E-4,12,28,64.94498443603516,1667.json,NotBuggy
3,0.0867297425866127,1,1,129.69032287597656,1209.json,NotBuggy
28,8.288801764138043E-4,7,13,79.13414764404297,2680.json,NotBuggy
3,0.33964967727661133,1,1,131.43582153320312,1259.json,NotBuggy
4,0.583383321762085,1,1,125.67974090576172,1872.json,NotBuggy
7,1.998126390390098E-4,2,5,109.19232940673828,1.json,Buggy
4,0.9036552906036377,1,0,128.936767578125,196.json,NotBuggy
4,0.19222943484783173,1,0,123.96263122558594,294.json,NotBuggy
7,0.7092701196670532,2,3,111.91561889648438,2654.json,NotBuggy
23,0.0013140961527824402,6,8,84.07614135742188,2672.json,Buggy
4,0.6942784786224365,1,0,125.41301727294922,2066.json,NotBuggy
3,0.8848883509635925,1,0,133.59722900390625,2544.json,NotBuggy
3,0.09438294172286987,1,1,128.31268310546875,2746.json,NotBuggy
5,0.020427245646715164,1,3,117.46711730957031,1987.json,NotBuggy
21,0.0012516912538558245,6,13,84.47269439697266,2594.json,Buggy
22,0.001087745069526136,5,10,85.37232208251953,974.json,NotBuggy
5,0.18820376694202423,2,2,117.11275482177734,2781.json,NotBuggy
16,0.1195283979177475,2,10,94.95630645751953,1453.json,NotBuggy
4,0.8261500597000122,1,1,125.91468811035156,678.json,NotBuggy
7,0.01965760812163353,2,5,110.72124481201172,587.json,NotBuggy
3,0.6729492545127869,1,1,132.086669921875,2806.json,NotBuggy
18,9.110701503232121E-4,4,8,89.50401306152344,68.json,NotBuggy
3,0.8680397272109985,1,0,130.45266723632812,249.json,NotBuggy
4,0.7096427083015442,1,0,126.62725830078125,329.json,NotBuggy
3,0.8819122910499573,1,0,133.59722900390625,2734.json,NotBuggy
10,0.039906736463308334,2,6,102.64412689208984,130.json,NotBuggy
4,0.6540070176124573,1,0,126.62725830078125,305.json,NotBuggy
15,0.3240928053855896,3,4,97.28852081298828,588.json,NotBuggy
4,0.02871605008840561,1,3,122.93054962158203,2338.json,NotBuggy
6,0.4571377635002136,2,0,117.36266326904297,2720.json,NotBuggy
8,0.006022174376994371,2,8,106.29315948486328,2709.json,NotBuggy
3,0.8263646960258484,1,0,132.9956512451172,1236.json,NotBuggy
4,0.8524912595748901,1,1,125.91468811035156,672.json,NotBuggy
18,0.6811733245849609,2,4,92.89484405517578,618.json,NotBuggy
4,0.00508699007332325,1,1,122.05648803710938,994.json,NotBuggy
4,0.41668811440467834,1,0,123.79976654052734,235.json,NotBuggy
4,0.7565293908119202,1,0,126.62725830078125,2083.json,NotBuggy
4,0.678810715675354,1,0,124.71717071533203,2130.json,NotBuggy
10,0.009174862876534462,3,9,103.35611724853516,487.json,NotBuggy
6,0.0018034017411991954,1,4,113.84114837646484,864.json,Buggy
13,0.0,1,9,94.62614440917969,1443.json,NotBuggy
4,0.21406497061252594,1,1,124.95906829833984,1905.json,NotBuggy
4,0.536250650882721,1,1,125.67974090576172,1881.json,NotBuggy
4,0.32884207367897034,1,1,125.67974090576172,1831.json,NotBuggy
3,0.8389142751693726,1,0,132.9956512451172,2738.json,NotBuggy
26,0.0024009449407458305,5,4,81.33114624023438,813.json,NotBuggy
3,0.806862473487854,1,0,133.59722900390625,1261.json,NotBuggy
15,0.3446778357028961,3,4,98.2540512084961,179.json,NotBuggy
5,0.029510943219065666,1,5,116.2955322265625,518.json,NotBuggy
5,0.9661547541618347,1,2,122.4339599609375,1566.json,NotBuggy
4,0.14109712839126587,1,2,124.1488037109375,631.json,NotBuggy
6,0.8419478535652161,2,0,117.66641235351562,2813.json,NotBuggy
4,0.8595965504646301,1,1,125.91468811035156,677.json,NotBuggy
4,0.2330261468887329,1,0,126.0733642578125,2837.json,NotBuggy
4,0.8411020636558533,1,0,125.79222106933594,354.json,NotBuggy
4,0.7620436549186707,1,0,126.62725830078125,331.json,NotBuggy
5,0.3465358018875122,1,1,118.07797241210938,79.json,NotBuggy
7,0.6849266886711121,2,3,111.91561889648438,2653.json,NotBuggy
4,0.813675582408905,1,0,125.79222106933594,2079.json,NotBuggy
5,0.5703195929527283,2,1,119.6359634399414,1302.json,NotBuggy
4,0.6540070176124573,1,0,126.62725830078125,2108.json,NotBuggy
3,0.508853554725647,1,2,129.93223571777344,2700.json,NotBuggy
9,0.08037745952606201,3,7,105.08909606933594,2780.json,NotBuggy
4,0.5261009931564331,1,0,125.02987670898438,602.json,NotBuggy
4,0.07920411229133606,1,0,128.936767578125,563.json,NotBuggy
9,0.04144303500652313,2,5,107.18766784667969,1559.json,NotBuggy
4,0.8018175959587097,1,0,128.936767578125,2864.json,NotBuggy
6,0.9124956727027893,2,1,116.9500732421875,1192.json,NotBuggy
18,0.0,2,11,87.76774597167969,2397.json,NotBuggy
8,0.030384786427021027,2,4,108.15971374511719,2752.json,NotBuggy
29,0.02753310464322567,4,10,82.29280090332031,1630.json,Buggy
4,0.7843084931373596,1,1,126.04888916015625,663.json,NotBuggy
4,0.5186982154846191,1,0,126.37059020996094,2218.json,NotBuggy
4,0.6338344812393188,1,1,124.71717071533203,657.json,NotBuggy
4,0.8087785243988037,1,0,125.79222106933594,351.json,NotBuggy
8,0.30274996161460876,2,3,109.3763427734375,571.json,NotBuggy
3,0.18735834956169128,1,2,130.44261169433594,1196.json,NotBuggy
9,0.0023110127076506615,1,5,104.62353515625,2343.json,NotBuggy
12,0.07378929108381271,3,6,102.22901153564453,1673.json,NotBuggy
3,0.7690469026565552,1,0,132.9956512451172,1221.json,NotBuggy
3,0.6941532492637634,1,1,130.85629272460938,2790.json,NotBuggy
5,0.06395713984966278,1,4,117.59646606445312,1769.json,NotBuggy
4,0.2114848643541336,1,0,124.71717071533203,350.json,NotBuggy
51,0.0,9,23,66.34330749511719,54.json,NotBuggy
4,0.04960520192980766,1,4,122.93054962158203,842.json,NotBuggy
8,0.12624570727348328,3,4,107.8127670288086,2572.json,NotBuggy
8,0.08610448241233826,2,4,106.93269348144531,2696.json,NotBuggy
4,0.9111231565475464,1,0,128.335205078125,580.json,NotBuggy
3,0.33964967727661133,1,1,131.43582153320312,1273.json,NotBuggy
9,0.5038410425186157,3,2,107.63027954101562,1117.json,NotBuggy
5,0.03622255474328995,1,3,117.59646606445312,2385.json,NotBuggy
5,0.2743302583694458,1,4,118.58592224121094,1771.json,NotBuggy
4,0.5784533619880676,1,1,126.19583892822266,2412.json,NotBuggy
4,0.9389694333076477,1,4,121.84000396728516,2787.json,NotBuggy
4,0.17085914313793182,1,0,123.1362075805664,2127.json,NotBuggy
3,0.10443799197673798,1,1,130.34019470214844,528.json,NotBuggy
9,0.7377402186393738,2,2,109.2278823852539,1121.json,NotBuggy
3,0.8257563710212708,1,0,133.59722900390625,2484.json,NotBuggy
9,0.46897128224372864,2,3,107.40138244628906,1741.json,NotBuggy
4,0.8131998181343079,1,0,125.79222106933594,233.json,NotBuggy
4,0.27038291096687317,1,1,124.4649429321289,628.json,NotBuggy
10,0.09058944880962372,2,4,103.54035186767578,517.json,NotBuggy
3,0.45821595191955566,1,1,131.43582153320312,1250.json,NotBuggy
3,9.780880063772202E-4,1,3,127.33940887451172,2686.json,NotBuggy
4,0.40895789861679077,1,1,125.67974090576172,1825.json,NotBuggy
10,0.02581986039876938,1,12,101.3411636352539,2713.json,NotBuggy
4,0.844721257686615,1,0,125.79222106933594,2045.json,NotBuggy
4,0.20797985792160034,1,1,124.4649429321289,635.json,NotBuggy
3,0.8389142751693726,1,0,132.9956512451172,2731.json,NotBuggy
4,0.8412608504295349,1,0,125.79222106933594,2041.json,NotBuggy
18,0.017450783401727676,5,8,90.95683288574219,2346.json,Buggy
21,0.04763157665729523,4,3,87.53617858886719,1531.json,NotBuggy
24,0.021047847345471382,4,5,85.27161407470703,790.json,NotBuggy
19,1.0132323222933337E-4,9,8,85.91096496582031,1555.json,NotBuggy
3,0.0,1,3,126.78941345214844,2728.json,NotBuggy
42,0.0025591906160116196,7,22,70.5870132446289,1303.json,NotBuggy
8,0.022144362330436707,4,7,104.00604248046875,2460.json,NotBuggy
46,0.0,7,30,69.0224609375,1938.json,Buggy
4,0.5757400393486023,1,1,125.67974090576172,1846.json,NotBuggy
28,0.0,5,28,78.62757873535156,2411.json,NotBuggy
4,0.754833459854126,1,0,126.62725830078125,2078.json,NotBuggy
37,0.0,9,31,72.69894409179688,1328.json,Buggy
8,0.2690337002277374,2,1,110.59750366210938,2001.json,NotBuggy
18,0.05937469005584717,5,7,91.57068634033203,600.json,NotBuggy
3,0.317044198513031,1,0,131.28770446777344,2693.json,NotBuggy
3,0.811821460723877,1,0,135.83412170410156,22.json,NotBuggy
31,0.0,7,21,77.71934509277344,2420.json,NotBuggy
34,3.2202250440604985E-4,7,19,75.41055297851562,1538.json,Buggy
32,0.0,8,24,75.8682632446289,1550.json,Buggy
4,0.3093484938144684,1,1,125.67974090576172,1898.json,NotBuggy
8,0.9108030200004578,3,3,108.17157745361328,2762.json,NotBuggy
8,0.5942506790161133,2,2,110.16349029541016,1286.json,NotBuggy
4,0.696664571762085,1,0,125.67974090576172,1722.json,NotBuggy
4,0.7422314882278442,1,0,125.79222106933594,2146.json,NotBuggy
16,0.0,2,14,91.14261627197266,57.json,NotBuggy
8,0.0012100947787985206,2,3,107.74124908447266,951.json,NotBuggy
4,0.6932808756828308,1,2,123.46312713623047,1214.json,NotBuggy
16,0.001829743036068976,3,12,93.86238098144531,830.json,Buggy
10,0.06271643936634064,2,6,104.38770294189453,1662.json,NotBuggy
11,0.008859138004481792,2,8,102.02009582519531,170.json,NotBuggy
8,0.0012470167130231857,2,3,106.89403533935547,900.json,NotBuggy
15,0.08994963765144348,4,10,93.19783020019531,1537.json,NotBuggy
7,0.34426644444465637,2,3,111.59553527832031,2662.json,NotBuggy
3,0.02421787567436695,1,3,128.0337677001953,2641.json,NotBuggy
4,0.28894394636154175,1,1,123.8484878540039,2179.json,Buggy
45,6.848807679489255E-4,7,20,70.0669937133789,1557.json,NotBuggy
4,0.6528628468513489,1,2,125.64796447753906,1806.json,NotBuggy
3,0.3591630756855011,1,1,130.18594360351562,1146.json,NotBuggy
4,0.34742069244384766,1,1,125.67974090576172,1802.json,NotBuggy
4,0.8145551085472107,1,0,125.79222106933594,322.json,NotBuggy
4,0.5712922811508179,1,0,124.71717071533203,373.json,NotBuggy
9,8.660668390803039E-4,1,6,104.278564453125,38.json,NotBuggy
4,0.6138204336166382,1,0,128.936767578125,2835.json,NotBuggy
18,0.25673484802246094,3,1,94.52401733398438,637.json,NotBuggy
21,5.917772650718689E-4,5,2,87.6336441040039,72.json,Buggy
4,0.17496810853481293,1,0,128.936767578125,1917.json,NotBuggy
3,0.5917083024978638,1,1,130.7338104248047,2705.json,NotBuggy
4,0.7986000776290894,1,0,125.79222106933594,330.json,NotBuggy
18,0.016791939735412598,5,9,90.60704040527344,2665.json,Buggy
7,0.4938269257545471,1,1,110.78131866455078,1637.json,NotBuggy
4,0.5032932758331299,1,1,125.67974090576172,1894.json,NotBuggy
4,0.5782491564750671,1,2,124.05243682861328,1509.json,NotBuggy
3,0.3830171227455139,1,1,130.18594360351562,1147.json,NotBuggy
4,0.571431040763855,1,1,125.67974090576172,1854.json,NotBuggy
4,0.1726759821176529,1,1,124.361083984375,1858.json,NotBuggy
4,0.6150990724563599,1,0,125.41301727294922,346.json,NotBuggy
3,0.7887174487113953,1,1,134.504150390625,591.json,NotBuggy
3,0.6076626181602478,1,1,130.85629272460938,1190.json,NotBuggy
4,0.8884133696556091,1,1,128.5205535888672,1277.json,NotBuggy
4,0.07499413192272186,1,0,123.21045684814453,267.json,NotBuggy
54,0.0,9,25,65.67186737060547,1305.json,NotBuggy
5,0.28186020255088806,1,2,119.57592010498047,496.json,NotBuggy
4,0.8064261674880981,1,0,125.79222106933594,2062.json,NotBuggy
18,0.16436667740345,5,6,91.14552307128906,1704.json,NotBuggy
4,0.05336886644363403,1,0,128.936767578125,75.json,NotBuggy
4,0.5943209528923035,1,0,128.936767578125,498.json,NotBuggy
13,0.13687802851200104,4,3,97.70780181884766,2715.json,NotBuggy
4,0.06627549231052399,1,1,125.41301727294922,102.json,NotBuggy
3,0.33524590730667114,1,1,130.34019470214844,521.json,NotBuggy
76,0.0,16,42,55.404380798339844,2033.json,Buggy
4,0.8493680357933044,1,0,127.27810668945312,2216.json,NotBuggy
4,0.5944799184799194,1,1,125.67974090576172,1863.json,NotBuggy
4,0.26008033752441406,1,1,125.79222106933594,1880.json,NotBuggy
4,0.6990699768066406,1,0,126.62725830078125,411.json,NotBuggy
5,0.0036593154072761536,1,3,117.86318969726562,2431.json,NotBuggy
4,0.7272792458534241,1,0,125.79222106933594,2135.json,NotBuggy
4,0.6141226887702942,1,0,126.62725830078125,2122.json,NotBuggy
4,0.8304618000984192,1,0,125.79222106933594,353.json,NotBuggy
5,0.029897449538111687,1,2,117.81262969970703,161.json,Buggy
9,0.16592876613140106,3,2,106.64126586914062,1860.json,NotBuggy
25,0.002672069938853383,4,14,83.12749481201172,1692.json,NotBuggy
6,0.5458120107650757,2,3,116.48211669921875,2708.json,NotBuggy
3,0.4309914708137512,1,0,133.59722900390625,2691.json,NotBuggy
4,0.6183551549911499,1,0,124.71717071533203,341.json,NotBuggy
9,0.04504279047250748,2,4,107.33891296386719,2437.json,NotBuggy
3,0.9363932609558105,1,0,132.4454345703125,1132.json,NotBuggy
21,6.550964317284524E-4,3,14,86.06987762451172,160.json,NotBuggy
3,0.34408482909202576,2,2,127.28214263916016,1240.json,NotBuggy
3,0.8133835196495056,1,0,131.28770446777344,2447.json,NotBuggy
3,0.4855397343635559,1,0,133.59722900390625,2525.json,NotBuggy
27,0.006641743704676628,4,10,82.58126068115234,39.json,Buggy
5,0.2570863664150238,1,2,119.57592010498047,515.json,NotBuggy
3,0.6879924535751343,1,2,130.99049377441406,2457.json,NotBuggy
40,2.1383225976023823E-4,7,23,71.71075439453125,594.json,Buggy
4,0.7624982595443726,1,0,125.79222106933594,324.json,NotBuggy
4,0.7739658355712891,1,0,125.79222106933594,271.json,NotBuggy
15,1.227941975230351E-4,6,10,91.82942199707031,967.json,NotBuggy
7,0.6135711073875427,2,2,115.3904800415039,1448.json,NotBuggy
3,0.8067767024040222,1,1,131.1535186767578,482.json,NotBuggy
4,0.1259099692106247,1,1,125.30915069580078,1828.json,NotBuggy
3,0.8928101658821106,1,0,134.26058959960938,200.json,NotBuggy
8,0.3173196613788605,2,7,109.3328628540039,2799.json,NotBuggy
3,0.7137269973754883,1,1,129.93223571777344,1174.json,NotBuggy
3,0.4309914708137512,1,0,133.59722900390625,2524.json,NotBuggy
4,0.6885288953781128,1,1,125.67974090576172,1826.json,NotBuggy
4,0.8408745527267456,1,0,128.936767578125,166.json,NotBuggy
11,0.23212380707263947,3,4,101.8382339477539,2657.json,NotBuggy
7,0.6501703858375549,2,2,112.25244903564453,645.json,NotBuggy
5,0.22812794148921967,2,3,119.9036865234375,2598.json,NotBuggy
4,0.7291317582130432,1,2,126.77537536621094,2605.json,NotBuggy
6,0.31869247555732727,2,1,113.72801208496094,2160.json,NotBuggy
57,0.0011573201045393944,10,21,65.14033508300781,2355.json,NotBuggy
3,0.023313673213124275,1,2,128.31268310546875,1225.json,NotBuggy
3,0.9366090297698975,1,0,131.28770446777344,1139.json,NotBuggy
5,0.09555017203092575,1,3,120.43379974365234,489.json,NotBuggy
4,0.5905902981758118,1,1,125.67974090576172,178.json,Buggy
4,0.942288875579834,1,0,128.936767578125,1615.json,NotBuggy
3,0.02485196478664875,1,2,128.31268310546875,1224.json,NotBuggy
8,0.01041415985673666,2,5,106.21806335449219,815.json,NotBuggy
79,0.0,14,45,56.49437713623047,944.json,NotBuggy
3,0.5352408289909363,1,1,130.30841064453125,1271.json,NotBuggy
3,0.64202481508255,1,0,131.28770446777344,2545.json,NotBuggy
4,0.297329843044281,1,0,123.87862396240234,301.json,NotBuggy
4,0.6540070176124573,1,0,126.62725830078125,396.json,NotBuggy
3,0.6928300261497498,1,1,130.99049377441406,2743.json,NotBuggy
21,2.1361424296628684E-4,5,18,86.3277587890625,1690.json,NotBuggy
4,0.7891650199890137,1,0,125.79222106933594,420.json,NotBuggy
7,0.3425282835960388,2,3,111.47318267822266,2660.json,NotBuggy
3,0.8154504299163818,1,0,132.4454345703125,1178.json,NotBuggy
4,0.20051948726177216,1,1,124.4649429321289,649.json,NotBuggy
4,0.9150988459587097,1,0,128.936767578125,1329.json,NotBuggy
3,0.937061607837677,1,0,132.9956512451172,1234.json,NotBuggy
4,0.7891650199890137,1,0,125.79222106933594,419.json,NotBuggy
5,0.24745017290115356,2,2,118.1375503540039,1156.json,NotBuggy
4,0.613185465335846,1,0,126.62725830078125,251.json,NotBuggy
19,0.0012542097829282284,3,12,88.65770721435547,89.json,NotBuggy
22,0.009680095128715038,4,13,85.57634735107422,838.json,Buggy
8,0.05804523825645447,3,1,106.70269775390625,2718.json,NotBuggy
8,0.1560468077659607,2,5,111.78758239746094,1564.json,Buggy
4,0.8003745675086975,1,0,128.936767578125,1310.json,NotBuggy
3,0.031044773757457733,1,1,128.92515563964844,1181.json,NotBuggy
15,1.227941975230351E-4,6,10,91.82942199707031,968.json,NotBuggy
21,1.9559448992367834E-4,7,21,84.83745574951172,2455.json,Buggy
4,0.8063327670097351,1,0,125.79222106933594,406.json,NotBuggy
4,0.8973149657249451,1,0,128.936767578125,1647.json,NotBuggy
4,0.8112006187438965,1,0,125.79222106933594,243.json,NotBuggy
5,0.47010013461112976,1,3,119.1451187133789,1958.json,NotBuggy
4,0.32176896929740906,1,0,126.37059020996094,2836.json,NotBuggy
5,0.3311226963996887,1,1,118.07797241210938,80.json,NotBuggy
4,0.055775273591279984,1,0,122.9537353515625,123.json,NotBuggy
4,0.7110316753387451,1,0,126.62725830078125,2112.json,NotBuggy
4,0.6908833980560303,1,2,123.46312713623047,1213.json,NotBuggy
4,0.0666576400399208,1,2,122.5160903930664,1141.json,NotBuggy
5,0.6732470989227295,2,2,118.43690490722656,2838.json,NotBuggy
10,0.16507886350154877,3,3,103.8986587524414,897.json,NotBuggy
11,0.009970404207706451,2,5,100.79769897460938,840.json,Buggy
5,0.5703195929527283,2,1,119.6359634399414,1274.json,NotBuggy
4,0.11710399389266968,1,0,123.1362075805664,313.json,NotBuggy
23,0.0,5,21,83.12427520751953,879.json,Buggy
5,0.21735286712646484,2,1,118.62554168701172,1910.json,NotBuggy
4,0.9010398387908936,1,0,128.936767578125,1513.json,NotBuggy
4,0.40719354152679443,1,1,125.67974090576172,554.json,NotBuggy
5,0.26086318492889404,1,2,118.58592224121094,636.json,NotBuggy
4,0.42873767018318176,1,0,124.81353759765625,2052.json,NotBuggy
4,0.7096427083015442,1,0,126.62725830078125,237.json,NotBuggy
4,0.8249017596244812,1,0,128.936767578125,2853.json,NotBuggy
3,0.6628057360649109,1,0,135.83412170410156,6.json,NotBuggy
4,0.7739533185958862,1,0,126.62725830078125,2102.json,NotBuggy
4,0.7463982701301575,1,0,126.37059020996094,118.json,NotBuggy
32,0.027321433648467064,5,7,80.16008758544922,2335.json,NotBuggy
4,0.6976182460784912,1,0,126.62725830078125,337.json,NotBuggy
4,0.09805193543434143,1,3,122.60694122314453,2834.json,NotBuggy
6,0.44702601432800293,1,2,116.89459228515625,562.json,Buggy
5,0.5742074251174927,2,1,118.92383575439453,1255.json,NotBuggy
4,0.8159740567207336,1,0,125.79222106933594,320.json,NotBuggy
3,0.9218407273292542,1,0,133.59722900390625,2769.json,NotBuggy
3,0.36430811882019043,1,1,130.18594360351562,1144.json,NotBuggy
12,0.21468396484851837,2,5,99.40155029296875,2833.json,NotBuggy
14,0.09320633858442307,3,5,98.42570495605469,2394.json,NotBuggy
27,0.0018183853244408965,5,12,81.9897232055664,1841.json,NotBuggy
5,0.5742074251174927,2,1,118.92383575439453,1269.json,NotBuggy
3,0.9910497665405273,1,0,133.59722900390625,2751.json,NotBuggy
5,0.511682391166687,2,1,118.92383575439453,1254.json,NotBuggy
4,0.7047678828239441,1,0,126.62725830078125,400.json,NotBuggy
9,0.7599696516990662,2,3,106.87638092041016,199.json,NotBuggy
4,0.678810715675354,1,0,124.71717071533203,374.json,NotBuggy
4,0.7891650199890137,1,0,125.79222106933594,421.json,NotBuggy
4,0.047885432839393616,1,0,123.28931427001953,2087.json,NotBuggy
4,0.8839454650878906,1,0,128.936767578125,1309.json,NotBuggy
4,0.6523604989051819,1,1,125.67974090576172,1848.json,NotBuggy
3,0.11414814740419388,1,1,130.34019470214844,538.json,NotBuggy
11,0.010949659161269665,2,6,99.9603042602539,995.json,Buggy
4,0.74827641248703,1,0,128.335205078125,2381.json,NotBuggy
9,0.058757483959198,3,4,107.11871337890625,2427.json,NotBuggy
3,0.8533691763877869,1,1,131.1535186767578,506.json,NotBuggy
5,0.1831544190645218,1,2,119.57592010498047,537.json,NotBuggy
4,0.7440058588981628,1,0,125.91468811035156,2148.json,NotBuggy
4,0.6319665908813477,1,0,125.67974090576172,116.json,NotBuggy
3,0.01779594086110592,1,1,130.34019470214844,2556.json,NotBuggy
4,0.8249017596244812,1,0,128.936767578125,2401.json,NotBuggy
10,0.0016444309148937464,3,12,102.51927947998047,2535.json,NotBuggy
18,0.013724620454013348,5,9,90.5168685913086,2667.json,Buggy
3,0.0010348263895139098,1,3,127.33940887451172,2688.json,NotBuggy
11,0.0,2,5,98.64910125732422,943.json,NotBuggy
13,3.514545096550137E-4,3,16,94.97258758544922,942.json,Buggy
15,0.009600099176168442,2,6,95.35696411132812,860.json,Buggy
3,0.3848256468772888,1,3,130.05470275878906,2735.json,NotBuggy
4,0.7587073445320129,1,0,126.62725830078125,265.json,NotBuggy
8,0.016884183511137962,2,7,108.15971374511719,2487.json,NotBuggy
3,0.48317211866378784,1,1,130.30841064453125,1241.json,NotBuggy
5,0.17038759589195251,1,4,117.66175079345703,1768.json,NotBuggy
4,0.8112006187438965,1,0,125.79222106933594,244.json,NotBuggy
4,0.22436240315437317,1,0,123.87862396240234,285.json,NotBuggy
5,0.007006510626524687,1,1,117.93550109863281,60.json,NotBuggy
5,0.0,1,6,116.1898193359375,1035.json,NotBuggy
14,0.030161334201693535,3,6,95.67681884765625,127.json,NotBuggy
3,0.3219520151615143,1,0,129.05665588378906,2704.json,NotBuggy
4,0.6266480088233948,1,1,124.71717071533203,652.json,NotBuggy
5,0.6603451371192932,2,2,118.43690490722656,2402.json,NotBuggy
9,0.006384985987097025,3,7,103.47760772705078,1699.json,NotBuggy
4,0.7887493371963501,1,0,126.37059020996094,1708.json,NotBuggy
4,0.706520676612854,1,0,125.79222106933594,2139.json,NotBuggy
4,0.2649104595184326,1,0,126.19583892822266,1756.json,NotBuggy
4,0.014411231502890587,1,2,122.68119049072266,1793.json,NotBuggy
11,0.39300283789634705,4,2,104.02410125732422,2508.json,NotBuggy
14,0.18364126980304718,5,8,94.9841079711914,1123.json,NotBuggy
5,0.14001739025115967,1,5,117.15352630615234,1767.json,NotBuggy
4,0.32977789640426636,1,2,124.25267028808594,1313.json,NotBuggy
3,0.02485196478664875,1,2,128.31268310546875,1211.json,NotBuggy
7,0.2954915165901184,2,3,111.41020202636719,2663.json,NotBuggy
4,0.26008033752441406,1,1,125.79222106933594,1879.json,NotBuggy
4,0.0630870908498764,1,2,121.82937622070312,1172.json,NotBuggy
11,0.3236081302165985,2,2,104.21040344238281,133.json,NotBuggy
4,0.06277855485677719,1,2,121.82937622070312,1184.json,NotBuggy
3,0.5185463428497314,1,0,131.1535186767578,1288.json,NotBuggy
8,0.06993447989225388,2,1,108.0384750366211,1055.json,NotBuggy
4,0.7739533185958862,1,0,126.62725830078125,2104.json,NotBuggy
29,0.012060512788593769,5,13,81.5570297241211,1959.json,NotBuggy
4,0.5598273873329163,1,0,128.335205078125,222.json,NotBuggy
3,0.9408955574035645,1,0,133.59722900390625,2784.json,NotBuggy
12,0.3685550093650818,2,1,104.90303039550781,184.json,NotBuggy
8,0.3718622326850891,2,1,107.5079574584961,473.json,Buggy
4,0.6048224568367004,1,0,125.67974090576172,115.json,NotBuggy
4,0.664281964302063,1,2,126.04888916015625,1811.json,NotBuggy
4,0.796919584274292,1,0,126.62725830078125,2086.json,NotBuggy
4,0.003992873709648848,1,3,122.36370849609375,1851.json,NotBuggy
3,0.6483608484268188,1,0,132.61029052734375,1275.json,NotBuggy
5,0.005181051325052977,2,2,118.08222198486328,1912.json,NotBuggy
4,0.698488175868988,1,1,125.30915069580078,1791.json,NotBuggy
4,0.06792113184928894,1,0,126.62725830078125,1875.json,NotBuggy
4,0.47148630023002625,1,1,122.5949478149414,2712.json,NotBuggy
3,0.3893803358078003,1,1,131.43582153320312,1262.json,NotBuggy
4,0.29767802357673645,1,1,125.67974090576172,1844.json,NotBuggy
17,0.01930038444697857,4,7,92.01091003417969,1983.json,NotBuggy
20,0.08114876598119736,4,7,89.47248077392578,1823.json,NotBuggy
11,0.05866548418998718,3,7,103.1367416381836,92.json,NotBuggy
3,0.9298409223556519,1,0,131.1385955810547,1248.json,NotBuggy
5,0.0016048044199123979,1,7,116.7403564453125,2365.json,NotBuggy
4,0.711060643196106,1,0,126.62725830078125,398.json,NotBuggy
4,0.3510880470275879,1,0,128.936767578125,1518.json,NotBuggy
3,0.5499022603034973,1,1,131.75106811523438,2441.json,NotBuggy
48,0.0019489533733576536,7,10,93.7550277709961,1478.json,NotBuggy
7,0.1905856877565384,1,2,111.83965301513672,1477.json,NotBuggy
5,0.3300620913505554,1,2,119.31562042236328,1452.json,NotBuggy
17,0.028102826327085495,4,8,91.95469665527344,1530.json,NotBuggy
4,0.2385062277317047,1,1,125.79222106933594,1877.json,NotBuggy
3,0.5602911710739136,1,3,129.81280517578125,2464.json,Buggy
4,0.6761689782142639,1,0,126.62725830078125,255.json,NotBuggy
3,0.9408955574035645,1,0,133.59722900390625,2515.json,NotBuggy
3,0.5084215998649597,1,1,130.30841064453125,1258.json,NotBuggy
18,8.911534096114337E-4,4,20,89.15015411376953,1944.json,Buggy
12,0.10618528723716736,3,1,102.11528015136719,1862.json,NotBuggy
3,0.4628506004810333,1,0,133.59722900390625,514.json,NotBuggy
4,0.827607274055481,1,2,127.09062194824219,2332.json,NotBuggy
4,0.9192725419998169,1,0,128.936767578125,558.json,NotBuggy
4,0.17001302540302277,1,1,124.4649429321289,661.json,NotBuggy
6,0.0,2,1,111.31224822998047,67.json,NotBuggy
106,0.0,20,47,48.53147506713867,1653.json,NotBuggy
4,0.21621212363243103,1,0,124.05243682861328,2050.json,NotBuggy
6,9.85137652605772E-4,1,4,113.50348663330078,1021.json,Buggy
8,0.2501339018344879,2,4,110.30216217041016,1456.json,NotBuggy
5,0.6501779556274414,2,1,118.92383575439453,1252.json,NotBuggy
7,0.3084571063518524,1,5,110.95124816894531,2186.json,Buggy
23,0.01251042541116476,6,11,84.00157165527344,2675.json,NotBuggy
3,0.7242509126663208,1,0,131.46876525878906,1116.json,NotBuggy
3,0.3441334068775177,1,2,129.14646911621094,1544.json,NotBuggy
4,0.9271336793899536,1,0,127.27810668945312,1710.json,NotBuggy
7,0.5709866285324097,2,2,113.13916015625,2467.json,NotBuggy
22,0.0027518083807080984,1,26,87.03321075439453,1665.json,NotBuggy
4,0.826802134513855,1,0,125.79222106933594,338.json,NotBuggy
3,0.525043249130249,1,1,130.57513427734375,1176.json,NotBuggy
9,0.05659519135951996,3,3,107.75867462158203,2428.json,NotBuggy
8,0.08337247371673584,2,1,108.34425354003906,963.json,NotBuggy
14,0.04683423787355423,5,8,95.65531158447266,2755.json,NotBuggy
12,0.02263176068663597,2,12,97.48397827148438,2578.json,NotBuggy
3,0.8606547713279724,1,0,134.26058959960938,203.json,NotBuggy
4,0.1152379959821701,1,2,124.4649429321289,1607.json,NotBuggy
12,0.017178047448396683,2,9,99.47229766845703,1663.json,NotBuggy
15,0.37600675225257874,3,3,96.23834228515625,1510.json,NotBuggy
4,0.1941610723733902,1,1,124.4649429321289,668.json,NotBuggy
5,0.13917796313762665,1,1,118.14434051513672,2840.json,NotBuggy
4,0.6327149271965027,1,0,127.78498840332031,362.json,NotBuggy
6,0.002378537319600582,1,2,114.3252182006836,43.json,NotBuggy
4,0.8079600930213928,1,0,125.79222106933594,369.json,NotBuggy
4,0.8408745527267456,1,0,128.936767578125,172.json,NotBuggy
3,0.890204906463623,1,0,133.59722900390625,2725.json,NotBuggy
3,0.9006685614585876,1,0,133.59722900390625,1130.json,NotBuggy
9,0.049827691167593,2,5,106.81649780273438,1696.json,NotBuggy
3,0.42854955792427063,1,1,130.34019470214844,1914.json,NotBuggy
26,0.1258908212184906,5,15,82.7726058959961,936.json,NotBuggy
4,0.7566683888435364,1,1,125.67974090576172,1916.json,NotBuggy
4,0.8007240295410156,1,0,125.79222106933594,347.json,NotBuggy
9,0.6766802668571472,2,1,108.99663543701172,1748.json,NotBuggy
4,0.28894394636154175,1,1,123.8484878540039,2180.json,Buggy
3,0.4800221621990204,1,1,131.28770446777344,1199.json,NotBuggy
4,6.966597866266966E-4,2,6,120.79779052734375,105.json,NotBuggy
3,0.48317211866378784,1,1,130.18594360351562,1158.json,NotBuggy
4,0.7587073445320129,1,0,126.62725830078125,413.json,NotBuggy
25,0.0,3,16,81.20285034179688,85.json,Buggy
6,0.16742287576198578,1,4,115.71116638183594,987.json,NotBuggy
3,0.3772461414337158,1,2,130.30841064453125,2536.json,NotBuggy
3,0.3848256468772888,1,3,130.05470275878906,2740.json,NotBuggy
4,0.2130449116230011,1,2,126.4781494140625,1583.json,NotBuggy
17,0.015453520230948925,5,8,90.3913803100586,31.json,NotBuggy
3,0.8864914774894714,1,0,133.59722900390625,2511.json,NotBuggy
4,0.5210161209106445,1,1,126.19583892822266,2413.json,NotBuggy
3,0.6282270550727844,1,1,132.25152587890625,2681.json,NotBuggy
4,0.5731261372566223,1,0,127.78498840332031,1516.json,NotBuggy
5,0.06262308359146118,1,2,119.75839233398438,1480.json,NotBuggy
23,0.0041104028932750225,6,11,84.80171203613281,804.json,Buggy
3,0.8136975765228271,1,0,132.4454345703125,1191.json,NotBuggy
4,0.26082843542099,1,2,124.361083984375,832.json,Buggy
6,0.2770112454891205,1,2,116.62230682373047,564.json,NotBuggy
9,0.09152665734291077,2,9,104.36398315429688,2727.json,NotBuggy
4,0.3860471546649933,1,2,123.75868225097656,1547.json,NotBuggy
8,0.1642986387014389,3,2,109.0794677734375,2596.json,Buggy
13,0.03638046234846115,3,5,97.8636474609375,809.json,NotBuggy
3,0.8451690673828125,1,0,132.086669921875,2521.json,NotBuggy
12,0.08777627348899841,3,10,100.18293762207031,1597.json,NotBuggy
4,0.6218023896217346,1,1,125.67974090576172,1896.json,NotBuggy
25,0.0046744938008487225,6,7,84.805908203125,1900.json,NotBuggy
4,0.6130447387695312,1,0,124.71717071533203,376.json,NotBuggy
34,0.04416642710566521,4,7,79.24525451660156,1543.json,NotBuggy
4,7.110776496119797E-4,1,4,121.43460083007812,1202.json,NotBuggy
34,0.0,3,26,76.07870483398438,2347.json,NotBuggy
3,0.5352408289909363,1,1,130.30841064453125,1257.json,NotBuggy
4,0.7278590798377991,1,0,126.62725830078125,2089.json,NotBuggy
3,0.7723104953765869,1,1,129.4591827392578,1283.json,NotBuggy
4,0.7952682971954346,1,0,125.79222106933594,358.json,NotBuggy
4,0.8819135427474976,1,0,128.936767578125,2426.json,NotBuggy
23,0.009832744486629963,4,10,87.60073852539062,2168.json,NotBuggy
4,0.9079522490501404,1,0,128.936767578125,36.json,NotBuggy
4,0.7665657997131348,1,0,125.79222106933594,2039.json,NotBuggy
4,0.0019221556140109897,1,1,122.27970123291016,138.json,NotBuggy
4,0.9010398387908936,1,0,128.936767578125,1613.json,NotBuggy
4,0.055906742811203,1,0,122.3560791015625,2116.json,NotBuggy
3,0.4602939784526825,1,0,131.03103637695312,2519.json,NotBuggy
4,0.47024235129356384,1,0,124.81353759765625,2049.json,NotBuggy
3,0.33622753620147705,1,0,131.28770446777344,2692.json,NotBuggy
3,0.8509150147438049,1,0,133.59722900390625,2162.json,NotBuggy
4,0.770530641078949,1,0,125.79222106933594,378.json,NotBuggy
9,0.190394327044487,2,5,107.59061431884766,913.json,NotBuggy
4,0.0630870908498764,1,2,121.82937622070312,1185.json,NotBuggy
6,0.8486647605895996,2,5,114.35456085205078,2701.json,NotBuggy
27,0.033655691891908646,5,8,83.44568634033203,2345.json,Buggy
3,0.8042385578155518,1,0,133.59722900390625,2811.json,NotBuggy
4,0.6979488730430603,1,1,126.19583892822266,1598.json,NotBuggy
5,0.511682391166687,2,1,118.92383575439453,1296.json,NotBuggy
4,0.9361039996147156,1,0,128.936767578125,211.json,NotBuggy
4,0.49178484082221985,1,1,126.19583892822266,2417.json,NotBuggy
3,0.317044198513031,1,0,131.28770446777344,2547.json,NotBuggy
16,8.339813794009387E-4,3,8,92.44525146484375,624.json,Buggy
4,0.7598862648010254,1,0,126.62725830078125,263.json,NotBuggy
7,0.7445833086967468,2,3,111.84925079345703,2655.json,NotBuggy
20,4.7419077600352466E-4,3,22,85.3294677734375,1003.json,NotBuggy
4,0.19197717308998108,1,1,124.361083984375,1834.json,NotBuggy
4,0.4587657153606415,1,1,125.67974090576172,1869.json,NotBuggy
4,0.5321065783500671,1,1,122.93054962158203,20.json,NotBuggy
4,0.7751025557518005,1,0,125.79222106933594,408.json,NotBuggy
4,0.675432562828064,1,0,126.62725830078125,2831.json,NotBuggy
4,0.6148483753204346,1,1,124.71717071533203,640.json,NotBuggy
4,0.06277855485677719,1,2,121.82937622070312,1171.json,NotBuggy
11,0.7115185260772705,2,1,106.31261444091797,1593.json,NotBuggy
4,0.055599749088287354,1,0,128.936767578125,125.json,NotBuggy
4,0.7821369767189026,1,0,125.79222106933594,2037.json,NotBuggy
5,0.02228274941444397,1,3,117.53009796142578,1985.json,NotBuggy
4,0.595063328742981,1,0,125.41301727294922,2065.json,NotBuggy
5,0.0015389816835522652,2,3,115.70039367675781,964.json,NotBuggy
4,0.24158208072185516,1,0,123.1362075805664,234.json,NotBuggy
12,0.24930062890052795,3,2,101.23994445800781,1809.json,NotBuggy
4,0.68831866979599,1,1,125.67974090576172,1886.json,NotBuggy
25,0.0681939572095871,7,5,84.0347671508789,2719.json,NotBuggy
9,0.4630657136440277,2,2,108.31983184814453,1773.json,NotBuggy
4,0.5968265533447266,1,1,125.5254898071289,1816.json,NotBuggy
4,0.5133071541786194,1,1,126.4930648803711,493.json,NotBuggy
14,0.01780790090560913,3,9,94.43236541748047,475.json,Buggy
10,0.0841023400425911,2,5,102.3786392211914,973.json,NotBuggy
4,0.6771673560142517,1,3,126.04888916015625,192.json,NotBuggy
28,0.0,7,28,79.09855651855469,935.json,NotBuggy
14,0.4748002290725708,3,3,98.99551391601562,1335.json,NotBuggy
3,0.6960597038269043,1,1,129.69032287597656,2749.json,NotBuggy
4,0.8433449864387512,1,0,125.79222106933594,318.json,NotBuggy
4,0.04529649391770363,1,1,123.8484878540039,2178.json,NotBuggy
3,0.3848256468772888,1,3,130.05470275878906,2726.json,NotBuggy
12,0.20479245483875275,3,4,101.24423217773438,2574.json,NotBuggy
9,0.16026216745376587,2,4,106.17925262451172,1749.json,NotBuggy
4,0.7624982595443726,1,0,125.79222106933594,2081.json,NotBuggy
4,0.3133554756641388,1,2,125.5254898071289,2366.json,NotBuggy
16,0.052783139050006866,4,6,94.10619354248047,2685.json,NotBuggy
5,0.7483234405517578,1,2,118.30908203125,181.json,NotBuggy
3,0.8226081728935242,1,1,130.18594360351562,1215.json,NotBuggy
4,0.72430419921875,1,0,126.62725830078125,232.json,NotBuggy
15,0.001213233219459653,4,9,94.81973266601562,62.json,NotBuggy
25,0.0,3,24,80.01458740234375,2564.json,NotBuggy
4,0.8249017596244812,1,0,128.936767578125,2399.json,NotBuggy
14,0.001088792341761291,2,8,96.02774810791016,929.json,NotBuggy
12,0.003927707206457853,2,8,96.57797241210938,849.json,NotBuggy
4,0.45073339343070984,1,1,125.67974090576172,1870.json,NotBuggy
4,0.2385062277317047,1,1,125.79222106933594,1878.json,NotBuggy
34,0.0024709978606551886,7,16,76.37305450439453,93.json,Buggy
9,1.6240777040366083E-4,2,7,103.27344512939453,826.json,Buggy
8,0.7258198857307434,2,2,109.75241088867188,2003.json,NotBuggy
4,0.9105098843574524,1,0,128.936767578125,1669.json,NotBuggy
45,0.0,10,27,67.87103271484375,1027.json,Buggy
4,0.06315949559211731,1,1,124.09089660644531,1855.json,NotBuggy
4,0.5422706007957458,1,1,125.67974090576172,191.json,NotBuggy
4,0.9010398387908936,1,0,128.936767578125,1587.json,NotBuggy
3,0.21327731013298035,1,1,130.34019470214844,513.json,NotBuggy
4,0.860565721988678,2,1,124.82544708251953,1194.json,NotBuggy
8,0.03914345055818558,2,4,108.15971374511719,2754.json,NotBuggy
11,0.2660679221153259,3,4,101.8382339477539,2659.json,NotBuggy
4,0.77228844165802,1,0,125.0554428100586,390.json,NotBuggy
4,0.0,1,2,120.95364379882812,932.json,NotBuggy
14,0.6372004151344299,3,2,98.40620422363281,1312.json,NotBuggy
4,0.9233944416046143,1,0,127.27810668945312,1729.json,NotBuggy
6,0.5489887595176697,2,2,116.48211669921875,2814.json,NotBuggy
22,0.017052408307790756,4,14,86.32747650146484,949.json,NotBuggy
10,0.039314623922109604,3,5,103.31035614013672,593.json,Buggy
3,0.4514042139053345,1,2,129.93223571777344,2534.json,NotBuggy
6,0.5105035901069641,3,4,115.78044891357422,2528.json,NotBuggy
19,0.01387710589915514,4,6,91.46989440917969,619.json,NotBuggy
17,0.20185954868793488,3,6,93.51554870605469,180.json,NotBuggy
4,0.4870589077472687,1,3,124.92120361328125,1068.json,NotBuggy
4,0.719727635383606,1,1,126.19583892822266,601.json,NotBuggy
4,0.0,1,2,120.89131164550781,894.json,NotBuggy
118,0.0,18,42,46.12421798706055,1668.json,NotBuggy
5,0.5742074251174927,2,1,118.92383575439453,1297.json,NotBuggy
17,0.004398042801767588,3,12,91.60337829589844,1004.json,NotBuggy
4,0.1338459849357605,1,0,123.1068344116211,613.json,NotBuggy
11,0.266853004693985,3,5,103.45849609375,1012.json,NotBuggy
9,0.5310987830162048,2,3,106.12716674804688,1496.json,NotBuggy
4,0.0456194207072258,1,0,122.47046661376953,2128.json,NotBuggy
3,0.4632790982723236,1,2,129.93223571777344,2482.json,NotBuggy
32,0.0,5,22,78.21392059326172,2166.json,Buggy
4,0.03227057680487633,1,0,128.936767578125,1612.json,NotBuggy
5,0.5703195929527283,2,1,119.6359634399414,1260.json,NotBuggy
4,0.24475347995758057,1,1,124.91740417480469,4.json,NotBuggy
6,0.2718151807785034,1,2,116.62230682373047,547.json,NotBuggy
15,0.32715699076652527,3,2,97.5321044921875,589.json,NotBuggy
7,0.38032472133636475,2,2,113.89506530761719,2213.json,NotBuggy
3,0.650976300239563,1,2,130.99049377441406,2602.json,Buggy
4,0.0038707058411091566,1,0,122.12659454345703,2151.json,NotBuggy
6,0.43503668904304504,2,3,116.7609634399414,2791.json,NotBuggy
4,0.6374664902687073,1,1,125.79222106933594,2821.json,NotBuggy
8,0.08721973747015,2,7,108.2890625,2698.json,NotBuggy
4,0.0,1,0,118.75237274169922,1464.json,NotBuggy
3,0.5084215998649597,1,1,130.30841064453125,1272.json,NotBuggy
4,0.5554924011230469,1,0,124.71717071533203,314.json,NotBuggy
25,0.0,6,25,80.34087371826172,955.json,Buggy
4,0.05543972924351692,1,0,123.21045684814453,2092.json,NotBuggy
3,0.08280712366104126,1,1,128.31268310546875,2748.json,NotBuggy
6,0.0071719735860824585,2,4,113.22821807861328,1204.json,NotBuggy
3,0.588854193687439,1,1,130.7338104248047,2492.json,NotBuggy
4,0.0150675093755126,1,1,122.30536651611328,919.json,NotBuggy
29,3.6851383629254997E-4,4,20,80.20413208007812,1950.json,NotBuggy
4,0.7414530515670776,1,2,126.77537536621094,1681.json,NotBuggy
3,0.06957625597715378,1,2,128.8092498779297,2642.json,NotBuggy
12,0.0,2,14,97.47278594970703,173.json,NotBuggy
38,0.0,7,12,73.54310607910156,1321.json,NotBuggy
4,0.5998443961143494,1,0,124.71717071533203,302.json,NotBuggy
8,0.2501339018344879,2,4,110.30216217041016,1455.json,NotBuggy
4,0.827318549156189,1,0,125.79222106933594,310.json,NotBuggy
4,0.7009437084197998,1,0,126.62725830078125,2099.json,NotBuggy
26,0.005250615533441305,5,16,82.56245422363281,87.json,NotBuggy
4,0.02999654784798622,1,0,121.34877014160156,896.json,NotBuggy
19,0.004045346286147833,4,8,89.76072692871094,1307.json,NotBuggy
4,0.772822916507721,1,0,126.62725830078125,2074.json,NotBuggy
3,0.9463393688201904,1,0,133.59722900390625,2724.json,NotBuggy
4,0.21976818144321442,1,1,125.67974090576172,566.json,NotBuggy
21,0.0028551819268614054,4,6,88.32125091552734,1486.json,NotBuggy
4,0.5293152332305908,1,0,125.41301727294922,317.json,NotBuggy
4,0.621219277381897,1,1,124.71717071533203,646.json,NotBuggy
4,0.7807644605636597,1,0,126.62725830078125,2124.json,NotBuggy
4,0.0023677509743720293,1,4,122.36370849609375,1745.json,NotBuggy
3,0.9237136244773865,1,0,133.59722900390625,2586.json,NotBuggy
41,0.0061311135068535805,5,12,73.87764739990234,610.json,Buggy
14,0.04225083440542221,3,5,95.97789764404297,1810.json,NotBuggy
4,0.8249017596244812,1,0,128.936767578125,2400.json,NotBuggy
12,0.006891896948218346,3,9,98.46271514892578,2533.json,NotBuggy
38,0.0075065684504806995,9,15,72.03948974609375,2694.json,Buggy
4,0.784877598285675,1,0,125.79222106933594,247.json,NotBuggy
4,0.0,1,1,118.88959503173828,914.json,NotBuggy
4,0.9221563935279846,1,0,128.936767578125,1585.json,NotBuggy
3,0.525043249130249,1,1,130.57513427734375,1189.json,NotBuggy
9,0.60810387134552,2,2,107.7779541015625,1981.json,NotBuggy
4,0.7766282558441162,1,0,128.936767578125,228.json,NotBuggy
4,0.5907911658287048,1,0,124.71717071533203,342.json,NotBuggy
16,0.0,3,12,89.83274841308594,971.json,Buggy
3,0.9340141415596008,1,0,133.59722900390625,2733.json,NotBuggy
3,0.8793468475341797,1,0,133.18099975585938,2444.json,NotBuggy
4,0.04242348670959473,1,0,128.936767578125,1907.json,NotBuggy
4,0.835456371307373,1,0,128.936767578125,217.json,NotBuggy
14,0.0022672766353935003,4,9,96.35116577148438,2480.json,NotBuggy
4,0.789426863193512,1,0,125.79222106933594,273.json,NotBuggy
25,0.0,7,29,81.3038558959961,934.json,NotBuggy
4,0.8156487345695496,1,1,125.91468811035156,655.json,NotBuggy
5,0.3477983772754669,1,1,118.07797241210938,83.json,NotBuggy
4,0.7308666110038757,1,2,125.39425659179688,512.json,NotBuggy
12,0.6446565389633179,2,3,103.05452728271484,176.json,Buggy
16,0.021506551653146744,4,8,93.10790252685547,1808.json,NotBuggy
32,7.212409982457757E-4,6,15,78.64427947998047,605.json,Buggy
3,0.1125534176826477,1,0,132.9956512451172,1154.json,NotBuggy
4,0.6772128939628601,1,0,128.13519287109375,1674.json,NotBuggy
4,0.9028286933898926,1,0,128.936767578125,612.json,NotBuggy
5,0.8674653768539429,1,2,121.30628204345703,534.json,NotBuggy
4,0.6892520189285278,1,0,126.62725830078125,253.json,NotBuggy
7,0.3807429075241089,2,1,113.80858612060547,2348.json,NotBuggy
4,0.19239267706871033,1,3,123.94486236572266,1757.json,NotBuggy
3,0.015301769599318504,1,1,130.30841064453125,1198.json,NotBuggy
4,0.47331103682518005,1,0,124.71717071533203,278.json,NotBuggy
4,0.6456195712089539,1,0,126.62725830078125,323.json,NotBuggy
26,0.023009546101093292,3,12,83.57589721679688,2351.json,NotBuggy
4,0.6275057196617126,1,0,125.67974090576172,114.json,NotBuggy
4,0.6940004229545593,1,0,126.62725830078125,230.json,NotBuggy
4,0.12477981299161911,1,2,122.70733642578125,1998.json,NotBuggy
4,0.6467052102088928,1,0,128.936767578125,1642.json,NotBuggy
8,0.8976149559020996,1,1,111.287109375,1114.json,NotBuggy
9,0.09152665734291077,2,9,104.36398315429688,2736.json,NotBuggy
3,0.9848253726959229,1,0,131.28770446777344,2571.json,NotBuggy
3,0.6076626181602478,1,1,130.85629272460938,1177.json,NotBuggy
4,0.7208778858184814,1,0,126.62725830078125,2098.json,NotBuggy
7,0.1081133708357811,1,4,110.53502655029297,2388.json,NotBuggy
4,0.3086997866630554,1,1,125.41301727294922,2393.json,NotBuggy
3,0.9968059062957764,1,1,131.91592407226562,2651.json,NotBuggy
15,1.7253578698728234E-4,5,8,92.04899597167969,2555.json,NotBuggy
4,0.8018175959587097,1,0,128.936767578125,2425.json,NotBuggy
4,0.6662533283233643,1,1,126.62725830078125,1649.json,NotBuggy
3,0.7085170149803162,1,1,129.93223571777344,1175.json,NotBuggy
8,1.1420677765272558E-4,3,6,104.06224060058594,930.json,NotBuggy
4,0.7958737015724182,1,0,126.62725830078125,2084.json,NotBuggy
4,0.36370521783828735,1,0,128.936767578125,1915.json,NotBuggy
3,0.8112008571624756,1,0,132.4454345703125,2794.json,NotBuggy
18,0.022011330351233482,5,9,90.65489959716797,2664.json,Buggy
3,0.7629198431968689,1,0,131.28770446777344,2445.json,NotBuggy
7,3.76900628907606E-4,1,9,107.63324737548828,907.json,Buggy
3,0.8386169075965881,1,2,130.57513427734375,2466.json,Buggy
4,0.6936219930648804,1,0,125.67974090576172,1726.json,NotBuggy
5,0.6499605774879456,2,2,118.51115417480469,2403.json,NotBuggy
4,0.7020375728607178,1,0,128.936767578125,209.json,NotBuggy
3,0.7564513683319092,1,0,133.59722900390625,2783.json,NotBuggy
4,0.5524647831916809,1,1,125.67974090576172,1895.json,NotBuggy
11,0.3368190824985504,3,4,102.06580352783203,2658.json,NotBuggy
4,0.7648908495903015,1,0,125.79222106933594,397.json,NotBuggy
3,0.39752405881881714,1,3,127.94976043701172,1247.json,NotBuggy
3,0.48317211866378784,1,1,130.30841064453125,1201.json,NotBuggy
17,0.025043386965990067,4,7,92.63987731933594,1820.json,NotBuggy
4,0.6976182460784912,1,0,126.62725830078125,2107.json,NotBuggy
4,0.6368458867073059,1,0,126.62725830078125,2120.json,NotBuggy
9,0.09152665734291077,2,9,104.36398315429688,2741.json,NotBuggy
4,0.8006524443626404,1,0,126.19583892822266,2147.json,NotBuggy
4,0.9615941643714905,1,0,126.94251251220703,1113.json,NotBuggy
4,0.7287277579307556,1,0,126.62725830078125,348.json,NotBuggy
3,0.7085170149803162,1,1,129.93223571777344,1217.json,NotBuggy
4,0.6423279047012329,1,0,126.62725830078125,412.json,NotBuggy
13,0.016663046553730965,3,11,97.62165069580078,1695.json,NotBuggy
31,5.649777012877166E-4,9,20,77.27417755126953,1325.json,Buggy
9,0.5193455815315247,3,2,106.59832763671875,35.json,Buggy
14,0.015864774584770203,3,4,95.78479766845703,1016.json,NotBuggy
3,0.9006685614585876,1,0,133.59722900390625,1281.json,NotBuggy
4,0.8024826049804688,1,0,125.79222106933594,312.json,NotBuggy
4,0.7827879786491394,1,0,126.62725830078125,384.json,NotBuggy
3,0.7364356517791748,1,0,133.59722900390625,2707.json,NotBuggy
7,0.4274291396141052,2,2,112.13882446289062,2438.json,NotBuggy
4,0.8734798431396484,1,0,128.936767578125,158.json,NotBuggy
27,0.02362426370382309,5,10,83.45262908935547,1511.json,NotBuggy
4,0.5914233922958374,1,0,124.71717071533203,2059.json,NotBuggy
3,0.9751524329185486,1,1,133.39190673828125,2560.json,NotBuggy
3,0.9829891920089722,1,0,133.59722900390625,2582.json,NotBuggy
4,0.6323174834251404,1,0,126.62725830078125,2076.json,NotBuggy
13,8.200523443520069E-4,3,8,96.92306518554688,1048.json,NotBuggy
8,0.3718622326850891,2,1,107.5079574584961,488.json,Buggy
4,0.020171811804175377,1,2,122.84404754638672,1734.json,NotBuggy
25,0.0,4,13,82.0738525390625,1539.json,NotBuggy
4,0.6623443365097046,1,0,127.27810668945312,1617.json,NotBuggy
10,5.218693986535072E-4,3,11,99.8040542602539,2854.json,NotBuggy
5,0.0022512217983603477,1,5,116.34761810302734,910.json,NotBuggy
4,0.9395904541015625,1,0,128.936767578125,1570.json,NotBuggy
6,0.15829017758369446,1,5,115.4139404296875,1931.json,Buggy
66,0.0,17,13,61.7696533203125,941.json,Buggy
4,0.7986000776290894,1,0,125.79222106933594,239.json,NotBuggy
3,0.5352408289909363,1,1,130.30841064453125,1299.json,NotBuggy
5,0.5107815265655518,2,5,117.43657684326172,2703.json,NotBuggy
4,0.8181889057159424,1,0,125.79222106933594,2073.json,NotBuggy
11,0.5796527862548828,2,1,105.2878189086914,1542.json,NotBuggy
11,0.3233349919319153,4,2,103.70795440673828,2690.json,NotBuggy
3,0.8796484470367432,1,0,133.59722900390625,1291.json,NotBuggy
4,0.789405345916748,1,0,126.62725830078125,261.json,NotBuggy
3,0.7683966755867004,1,0,132.4454345703125,2732.json,NotBuggy
4,0.7058553695678711,1,0,126.62725830078125,2114.json,NotBuggy
5,0.1831544190645218,1,2,119.57592010498047,530.json,NotBuggy
3,0.33964967727661133,1,1,131.43582153320312,1301.json,NotBuggy
9,0.5439931750297546,1,0,109.4716796875,1519.json,NotBuggy
3,0.570770800113678,1,0,131.28770446777344,2541.json,NotBuggy
4,0.04990950971841812,1,0,122.9537353515625,108.json,NotBuggy
4,0.8405390977859497,1,0,128.936767578125,1546.json,NotBuggy
48,1.3264354493003339E-4,3,15,70.87506866455078,1540.json,NotBuggy
4,0.8077828884124756,1,0,125.79222106933594,355.json,NotBuggy
3,0.7946510314941406,1,0,133.59722900390625,2778.json,NotBuggy
5,0.11325989663600922,2,2,118.36804962158203,2538.json,NotBuggy
4,0.8408745527267456,1,0,128.936767578125,167.json,NotBuggy
3,0.1319943368434906,1,1,129.93223571777344,2640.json,NotBuggy
4,0.830848217010498,1,0,128.936767578125,2422.json,NotBuggy
4,0.7271618843078613,1,0,126.62725830078125,392.json,NotBuggy
40,2.1383225976023823E-4,7,23,71.71075439453125,597.json,Buggy
14,0.02704506739974022,4,4,95.44681549072266,859.json,NotBuggy
4,0.0014441544190049171,1,1,121.82937622070312,2181.json,NotBuggy
3,0.989815354347229,1,0,132.9956512451172,2583.json,NotBuggy
3,0.1792958378791809,1,0,133.59722900390625,1197.json,NotBuggy
3,0.8270001411437988,1,0,133.59722900390625,2540.json,NotBuggy
4,0.056548234075307846,1,1,124.04872131347656,2391.json,NotBuggy
4,0.06020568311214447,1,2,121.82937622070312,1169.json,NotBuggy
19,0.005084109492599964,4,9,87.85001373291016,2361.json,NotBuggy
4,0.9315943121910095,1,0,128.335205078125,147.json,NotBuggy
4,0.9309348464012146,1,0,127.27810668945312,1711.json,NotBuggy
4,0.23311389982700348,1,4,122.85169219970703,2184.json,Buggy
4,0.6235142946243286,1,0,128.936767578125,2862.json,NotBuggy
9,0.008303700014948845,3,8,104.4695053100586,1942.json,NotBuggy
4,0.7104566693305969,1,0,126.62725830078125,303.json,NotBuggy
4,0.6908833980560303,1,2,123.46312713623047,1226.json,NotBuggy
3,0.8889628648757935,1,0,134.26058959960938,208.json,NotBuggy
11,3.6055519012734294E-4,3,12,98.92871856689453,1031.json,NotBuggy
3,0.9025968313217163,1,0,132.9956512451172,1125.json,NotBuggy
4,0.31556832790374756,1,1,125.67974090576172,1899.json,NotBuggy
3,0.25867024064064026,1,1,131.43582153320312,2507.json,NotBuggy
10,0.17924678325653076,3,6,102.60742950439453,1069.json,Buggy
4,0.9315943121910095,1,0,128.335205078125,143.json,NotBuggy
16,0.3358427584171295,3,2,95.35282897949219,132.json,NotBuggy
4,0.19183915853500366,1,0,128.936767578125,2424.json,NotBuggy
9,0.020352954044938087,3,4,107.11871337890625,2429.json,NotBuggy
4,0.7739533185958862,1,0,126.62725830078125,2105.json,NotBuggy
4,0.549697756767273,1,1,126.19583892822266,2414.json,NotBuggy
4,0.6785835027694702,1,1,125.67974090576172,1888.json,NotBuggy
3,0.4602939784526825,1,0,131.03103637695312,2522.json,NotBuggy
4,0.01624712347984314,1,1,123.37702178955078,1600.json,NotBuggy
4,0.8139182329177856,1,0,128.936767578125,2082.json,NotBuggy
4,0.784877598285675,1,0,125.79222106933594,246.json,NotBuggy
4,0.29767802357673645,1,1,125.67974090576172,1845.json,NotBuggy
8,0.8440409302711487,2,2,110.74185943603516,1491.json,NotBuggy
4,0.3501858711242676,1,0,128.936767578125,214.json,NotBuggy
14,0.014610844664275646,2,4,97.729736328125,23.json,NotBuggy
4,0.7732963562011719,1,0,126.62725830078125,2117.json,NotBuggy
23,0.0,4,10,83.48370361328125,2470.json,NotBuggy
4,0.5396239757537842,1,0,124.71717071533203,383.json,NotBuggy
4,0.029875634238123894,1,3,122.84404754638672,2341.json,NotBuggy
3,0.43014833331108093,1,1,131.60296630859375,1219.json,NotBuggy
4,0.7014667987823486,1,0,126.62725830078125,386.json,NotBuggy
4,0.015881940722465515,1,2,123.10436248779297,1608.json,NotBuggy
4,0.23942802846431732,1,0,123.1362075805664,236.json,NotBuggy
4,0.12070903927087784,1,3,123.85247039794922,796.json,NotBuggy
4,0.19590215384960175,1,0,123.96263122558594,2133.json,NotBuggy
3,0.8119392991065979,1,0,132.4454345703125,2026.json,NotBuggy
11,0.01783345639705658,3,7,100.88311767578125,851.json,NotBuggy
4,0.83447265625,1,0,125.79222106933594,340.json,NotBuggy
10,0.008941839449107647,2,5,101.85926055908203,863.json,Buggy
6,0.47020626068115234,1,2,116.89459228515625,550.json,NotBuggy
9,0.0071968091651797295,3,5,105.29060363769531,1210.json,NotBuggy
3,0.13614797592163086,1,1,129.47398376464844,1159.json,NotBuggy
3,0.6600792407989502,1,1,131.43582153320312,2512.json,NotBuggy
20,0.08114876598119736,4,7,89.47248077392578,1824.json,NotBuggy
11,7.014255388639867E-4,2,8,99.3963394165039,63.json,Buggy
15,0.07467479258775711,3,8,95.20342254638672,1988.json,Buggy
4,0.3893856704235077,1,2,123.96263122558594,1738.json,NotBuggy
8,0.018799101933836937,2,10,107.96463012695312,2802.json,Buggy
10,0.07242726534605026,2,4,103.84517669677734,2360.json,Buggy
10,0.02595866098999977,2,7,101.50006866455078,835.json,NotBuggy
4,0.7739533185958862,1,0,126.62725830078125,2100.json,NotBuggy
81,0.0,38,25,50.8157958984375,1463.json,NotBuggy
10,0.8068720698356628,3,3,105.90748596191406,2808.json,Buggy
33,0.0,8,19,74.39092254638672,2472.json,Buggy
3,0.9527467489242554,1,0,131.60296630859375,2585.json,NotBuggy
9,0.003841501660645008,2,3,104.73629760742188,1033.json,NotBuggy
4,0.8045530915260315,1,0,128.936767578125,1571.json,NotBuggy
5,0.02236306294798851,1,3,116.4190902709961,1723.json,NotBuggy
4,0.9362171292304993,1,0,127.27810668945312,1705.json,NotBuggy
3,0.6025007367134094,1,0,131.1535186767578,1284.json,NotBuggy
4,0.6396372318267822,1,0,125.41301727294922,2064.json,NotBuggy
4,0.11372710764408112,1,1,124.361083984375,2820.json,NotBuggy
4,0.9311137199401855,1,0,128.936767578125,2828.json,NotBuggy
9,0.3629969656467438,2,4,106.7049560546875,1742.json,NotBuggy
4,0.20646360516548157,1,0,124.05243682861328,2053.json,NotBuggy
4,0.05946987494826317,1,2,121.82937622070312,1183.json,NotBuggy
17,0.0015443952288478613,3,9,90.47254180908203,78.json,NotBuggy
3,0.8226081728935242,1,1,130.18594360351562,1186.json,NotBuggy
4,0.601591169834137,1,0,127.78498840332031,223.json,NotBuggy
4,0.22275032103061676,1,1,124.361083984375,2822.json,NotBuggy
4,0.6214704513549805,1,0,124.71717071533203,2126.json,NotBuggy
4,0.6298907399177551,1,0,125.41301727294922,2090.json,NotBuggy
4,0.10463827103376389,1,0,128.936767578125,1887.json,NotBuggy
4,0.7376877069473267,1,0,126.62725830078125,2072.json,NotBuggy
7,0.6780482530593872,2,2,113.71878051757812,2766.json,NotBuggy
4,0.16120843589305878,1,0,128.936767578125,1279.json,NotBuggy
21,0.0,3,14,86.67659759521484,803.json,Buggy
4,0.7750442028045654,1,0,125.0554428100586,389.json,NotBuggy
26,0.0,6,18,79.86920928955078,999.json,Buggy
4,0.787111759185791,1,0,128.936767578125,552.json,NotBuggy
4,0.4587657153606415,1,1,125.67974090576172,1868.json,NotBuggy
4,0.7135135531425476,1,0,128.936767578125,582.json,NotBuggy
9,0.0,2,12,101.72305297851562,61.json,NotBuggy
9,0.5214064717292786,2,3,107.84432220458984,1746.json,NotBuggy
4,0.06814709305763245,1,0,123.21045684814453,2058.json,NotBuggy
49,0.0,7,18,68.58674621582031,2336.json,NotBuggy
4,3.3814425114542246E-4,1,1,121.41175079345703,881.json,NotBuggy
7,0.2905578315258026,2,2,110.67426300048828,1465.json,NotBuggy
3,0.9504383206367493,1,1,131.28770446777344,623.json,NotBuggy
4,0.2736879885196686,1,1,122.88362884521484,299.json,NotBuggy
4,0.6524668335914612,1,1,126.62725830078125,190.json,NotBuggy
4,0.6245881915092468,1,1,125.91468811035156,670.json,NotBuggy
4,0.19060717523097992,1,1,123.96263122558594,659.json,NotBuggy
3,0.7137269973754883,1,1,129.93223571777344,1187.json,NotBuggy
4,0.3390883803367615,1,0,123.87862396240234,311.json,NotBuggy
10,0.14105521142482758,3,4,104.74713897705078,2757.json,NotBuggy
4,0.6285868287086487,1,1,125.67974090576172,1897.json,NotBuggy
3,0.86851966381073,1,0,133.80813598632812,1122.json,NotBuggy
24,0.002523892791941762,5,13,82.96420288085938,2573.json,NotBuggy
3,0.0574626661837101,1,1,127.94976043701172,484.json,NotBuggy
54,0.0,11,31,65.17550659179688,1043.json,Buggy
3,0.9951055645942688,1,1,130.85629272460938,2764.json,NotBuggy
45,1.851098786573857E-4,7,20,69.64637756347656,1558.json,NotBuggy
4,0.1495247334241867,1,1,126.62725830078125,1155.json,NotBuggy
4,0.12128672748804092,1,1,125.67974090576172,1830.json,NotBuggy
3,0.6025007367134094,1,0,131.1535186767578,1133.json,NotBuggy
4,0.7897258996963501,1,0,125.79222106933594,328.json,NotBuggy
7,0.957652747631073,2,5,111.53955078125,2652.json,NotBuggy
18,0.028462780639529228,5,9,90.81013488769531,2666.json,Buggy
13,0.004483437165617943,3,7,96.45001220703125,975.json,NotBuggy
3,0.6698031425476074,1,0,131.28770446777344,2587.json,NotBuggy
35,0.0,7,28,74.1148452758789,948.json,Buggy
120,0.0,21,56,45.89612579345703,820.json,Buggy
4,0.830848217010498,1,0,128.936767578125,2861.json,NotBuggy
4,0.5064058899879456,1,1,126.19583892822266,2418.json,NotBuggy
4,0.0,1,1,121.0166244506836,893.json,NotBuggy
29,0.017185909673571587,3,12,81.0813217163086,1568.json,NotBuggy
4,0.6019636392593384,1,1,125.15930938720703,298.json,NotBuggy
3,0.8633671402931213,1,0,132.9956512451172,2584.json,NotBuggy
4,0.7377480864524841,1,0,125.91468811035156,401.json,NotBuggy
6,0.0,1,11,110.47950744628906,807.json,NotBuggy
3,0.8093154430389404,1,0,133.59722900390625,539.json,NotBuggy
4,0.8505330681800842,1,1,127.42622375488281,617.json,NotBuggy
4,0.7258691787719727,1,0,125.79222106933594,2113.json,NotBuggy
4,0.8893599510192871,1,0,128.936767578125,201.json,NotBuggy
4,0.4609348475933075,1,2,123.47842407226562,2187.json,Buggy
4,0.8393131494522095,1,0,125.79222106933594,2085.json,NotBuggy
3,0.9498397707939148,1,0,135.83412170410156,197.json,NotBuggy
4,0.0681922510266304,1,0,123.28931427001953,2096.json,NotBuggy
4,0.2350500077009201,1,0,128.936767578125,1611.json,NotBuggy
4,0.5712922811508179,1,0,124.71717071533203,2129.json,NotBuggy
4,0.7714316248893738,1,0,126.62725830078125,339.json,NotBuggy
14,0.003574172966182232,3,7,95.060791015625,156.json,Buggy
5,5.286885425448418E-4,2,9,113.488037109375,909.json,NotBuggy
4,0.444984495639801,1,1,125.27178192138672,1709.json,NotBuggy
4,0.30105939507484436,2,1,124.1310806274414,2599.json,NotBuggy
12,0.061006348580121994,3,8,100.65621948242188,9.json,NotBuggy
3,0.5521948933601379,1,0,132.61029052734375,1151.json,NotBuggy
3,0.7478182315826416,1,0,133.59722900390625,2552.json,NotBuggy
4,0.8295552730560303,1,0,125.79222106933594,307.json,NotBuggy
3,0.48577141761779785,1,2,129.93223571777344,2485.json,NotBuggy
4,0.5384624600410461,1,0,125.41301727294922,360.json,NotBuggy
3,0.04725700989365578,1,5,128.14134216308594,2603.json,NotBuggy
9,0.0071968091651797295,3,5,105.29060363769531,1223.json,NotBuggy
3,0.7271943688392639,1,1,130.85629272460938,2758.json,NotBuggy
8,0.22099444270133972,2,3,110.74185943603516,2435.json,NotBuggy
3,0.44677871465682983,1,0,131.03103637695312,2542.json,NotBuggy
15,1.0181506513617933E-4,2,14,93.28555297851562,1030.json,Buggy
