SLOCStandard,Readability,McCabe,totalFanOut,MaintainabilityIndex,file,Decision
4,0.8789423108100891,1,0,128.936767578125,104.json,NotBuggy
24,0.13727565109729767,5,4,85.32489776611328,2260.json,Buggy
4,0.9871492981910706,1,0,128.936767578125,4953.json,NotBuggy
60,0.0,10,31,62.9973258972168,7289.json,Buggy
7,0.0028673759661614895,1,2,111.41885375976562,6599.json,NotBuggy
4,0.8474931120872498,1,0,128.335205078125,3678.json,NotBuggy
5,0.5718691349029541,1,3,120.237548828125,2810.json,NotBuggy
10,0.1010248064994812,2,2,104.68492889404297,2294.json,NotBuggy
4,0.34492260217666626,1,0,125.91468811035156,1843.json,NotBuggy
10,0.3374297618865967,2,3,103.89303588867188,2249.json,Buggy
4,0.8231902718544006,1,0,127.25547790527344,3815.json,NotBuggy
4,0.0025868702214211226,1,0,123.94486236572266,4587.json,NotBuggy
5,0.3355536460876465,1,5,117.7408218383789,8517.json,NotBuggy
7,0.7718167304992676,2,0,113.55591583251953,3848.json,NotBuggy
4,0.5693047642707825,1,0,126.19583892822266,6177.json,Buggy
4,0.9162308573722839,1,0,127.25547790527344,274.json,NotBuggy
4,0.7479520440101624,1,0,124.26470947265625,3599.json,NotBuggy
3,0.9458854794502258,1,0,135.83412170410156,260.json,NotBuggy
4,0.04187774658203125,1,2,126.4781494140625,7920.json,NotBuggy
4,0.902540385723114,1,1,127.42622375488281,3511.json,NotBuggy
5,0.7929857969284058,1,3,120.14375305175781,2527.json,NotBuggy
21,0.21173618733882904,5,3,89.63587951660156,9731.json,NotBuggy
6,0.24062655866146088,1,2,115.1327896118164,3466.json,NotBuggy
5,0.17660880088806152,1,2,121.18380737304688,794.json,NotBuggy
4,0.5001630783081055,1,1,127.59107971191406,3191.json,NotBuggy
4,0.5770983099937439,1,1,125.27178192138672,26.json,NotBuggy
20,0.11072222143411636,3,4,88.58521270751953,2253.json,NotBuggy
4,0.22423502802848816,1,0,126.37059020996094,5045.json,NotBuggy
4,0.9450119137763977,1,0,128.936767578125,3686.json,NotBuggy
5,0.21590012311935425,1,0,122.03304290771484,10336.json,NotBuggy
14,0.2853577136993408,3,5,97.9454574584961,4917.json,NotBuggy
16,0.2261960357427597,4,3,94.65406799316406,4180.json,NotBuggy
8,0.30393487215042114,2,1,111.14976501464844,4795.json,NotBuggy
20,0.2953569293022156,4,2,90.17494201660156,1731.json,NotBuggy
4,0.42227277159690857,1,2,125.64796447753906,2773.json,NotBuggy
4,0.37378624081611633,1,0,128.936767578125,8473.json,NotBuggy
4,0.8298585414886475,1,1,127.59107971191406,2094.json,NotBuggy
14,0.0025676388759166002,4,3,96.98869323730469,1475.json,NotBuggy
4,0.8350517153739929,1,0,128.936767578125,8464.json,NotBuggy
9,0.5530872344970703,2,3,109.47698211669922,4376.json,Buggy
7,0.717466413974762,2,1,111.53955078125,2742.json,NotBuggy
4,0.8222110867500305,1,0,128.335205078125,4257.json,NotBuggy
4,0.9463029503822327,1,1,127.42622375488281,7284.json,NotBuggy
90,0.0,13,39,53.16102981567383,3156.json,NotBuggy
4,0.034524910151958466,1,1,123.19084167480469,9701.json,NotBuggy
4,0.9307869672775269,1,0,127.78498840332031,8305.json,NotBuggy
4,0.6660944223403931,1,1,126.62725830078125,858.json,Buggy
17,0.016011035069823265,4,7,92.86932373046875,7962.json,Buggy
4,0.5131815075874329,1,0,123.67467498779297,3743.json,NotBuggy
4,0.2927670478820801,1,0,128.335205078125,10732.json,NotBuggy
4,0.376177579164505,1,0,128.936767578125,1871.json,NotBuggy
9,0.6169409155845642,2,0,107.33891296386719,5395.json,NotBuggy
4,0.1703653633594513,1,1,124.71717071533203,7625.json,NotBuggy
5,0.21893778443336487,1,4,118.82691955566406,8540.json,NotBuggy
9,3.2778686727397144E-4,2,5,106.2907943725586,5846.json,NotBuggy
14,0.18373799324035645,3,2,99.26517486572266,8813.json,NotBuggy
4,0.6801038980484009,1,0,125.96089172363281,5029.json,NotBuggy
11,0.8170637488365173,3,1,105.60558319091797,3986.json,NotBuggy
16,0.0010833919513970613,2,11,91.90045928955078,2297.json,NotBuggy
5,0.37256374955177307,1,2,120.43379974365234,5527.json,NotBuggy
11,0.5397729873657227,2,4,102.48688507080078,5126.json,NotBuggy
4,0.9900104999542236,1,0,128.335205078125,154.json,NotBuggy
4,0.3922516107559204,1,0,125.96089172363281,5034.json,NotBuggy
4,0.48801130056381226,1,1,126.33003997802734,8312.json,NotBuggy
19,0.003936773166060448,2,8,89.9957275390625,11425.json,NotBuggy
4,0.8538341522216797,1,0,128.936767578125,8154.json,NotBuggy
4,0.26126110553741455,1,0,126.4930648803711,9891.json,NotBuggy
7,0.3624229431152344,2,3,113.3831787109375,10582.json,NotBuggy
4,0.9311137199401855,1,0,128.936767578125,5517.json,NotBuggy
4,0.23838835954666138,1,0,127.25547790527344,2739.json,NotBuggy
4,0.08582515269517899,1,1,123.8484878540039,6326.json,Buggy
8,0.2815599739551544,3,1,109.65406036376953,4550.json,NotBuggy
4,0.4957371950149536,1,0,126.62725830078125,8581.json,NotBuggy
4,0.3867911100387573,1,1,127.94984436035156,2301.json,NotBuggy
4,0.7393849492073059,1,0,127.78498840332031,2710.json,NotBuggy
35,9.044909966178238E-4,6,12,76.47885131835938,5280.json,Buggy
50,0.0,7,21,67.82889556884766,7548.json,Buggy
45,6.63843413349241E-4,2,14,72.80767822265625,799.json,NotBuggy
6,0.41426730155944824,2,0,116.6823501586914,10368.json,NotBuggy
4,0.260381281375885,1,0,128.936767578125,152.json,NotBuggy
4,0.17076294124126434,1,2,124.6862564086914,3846.json,NotBuggy
6,0.7369252443313599,1,4,116.02641296386719,6162.json,NotBuggy
3,0.035085529088974,1,1,128.8092498779297,855.json,NotBuggy
5,0.5686445236206055,1,3,121.30628204345703,544.json,NotBuggy
4,0.763796329498291,1,1,127.59107971191406,7989.json,NotBuggy
4,0.7389990091323853,1,0,128.936767578125,6120.json,Buggy
4,0.3863309621810913,1,0,125.27178192138672,4586.json,NotBuggy
16,0.22536763548851013,3,1,97.71101379394531,1423.json,NotBuggy
4,0.5746335983276367,1,2,127.25547790527344,6617.json,NotBuggy
8,0.5732134580612183,2,2,111.73185729980469,2191.json,Buggy
4,0.7002582550048828,1,0,128.936767578125,8155.json,NotBuggy
4,0.6981817483901978,1,0,128.936767578125,10256.json,NotBuggy
13,0.1208711490035057,1,7,96.70218658447266,4898.json,NotBuggy
5,0.32801297307014465,1,4,117.87252044677734,6712.json,NotBuggy
13,0.6072525382041931,3,4,98.39431762695312,10073.json,NotBuggy
4,0.9150988459587097,1,0,128.936767578125,8722.json,NotBuggy
4,0.5366652607917786,1,1,128.13519287109375,10204.json,NotBuggy
4,0.3115643560886383,1,1,127.59107971191406,5053.json,NotBuggy
4,0.1642751544713974,1,0,128.936767578125,1605.json,NotBuggy
4,0.15874053537845612,1,0,128.936767578125,5661.json,NotBuggy
19,0.010966135188937187,3,4,90.36234283447266,3711.json,NotBuggy
4,0.8010423183441162,1,1,125.15930938720703,5249.json,NotBuggy
4,0.8393871188163757,1,0,128.936767578125,7662.json,NotBuggy
4,0.39213040471076965,1,1,124.26470947265625,7280.json,NotBuggy
4,0.4618034362792969,1,0,128.936767578125,3729.json,NotBuggy
4,0.745703399181366,1,0,128.335205078125,2987.json,NotBuggy
20,0.34603607654571533,5,4,90.76770782470703,3793.json,NotBuggy
4,0.9125428795814514,2,0,123.91880798339844,5180.json,NotBuggy
19,0.33113130927085876,4,5,91.90493774414062,7313.json,Buggy
4,0.7772886753082275,1,0,128.936767578125,8157.json,NotBuggy
5,0.4873207211494446,1,2,121.41495513916016,1402.json,NotBuggy
17,0.26982030272483826,3,3,95.18994140625,10075.json,NotBuggy
4,0.25992855429649353,1,1,125.79222106933594,10090.json,NotBuggy
15,0.03503457456827164,3,8,94.98429870605469,9896.json,Buggy
12,0.11206977069377899,2,4,103.45988464355469,10860.json,NotBuggy
4,0.616879940032959,1,0,128.936767578125,3537.json,NotBuggy
4,0.5499892234802246,1,0,127.78498840332031,8187.json,NotBuggy
4,0.7567225694656372,1,0,128.936767578125,8167.json,NotBuggy
29,3.081725735682994E-4,4,6,80.79141235351562,6185.json,Buggy
15,0.4587620496749878,2,8,97.7237548828125,5776.json,Buggy
3,0.6840419769287109,1,0,134.26058959960938,7491.json,NotBuggy
8,0.06627725064754486,2,5,108.13622283935547,4350.json,NotBuggy
4,0.8140153288841248,1,0,128.936767578125,3121.json,NotBuggy
3,0.1734512597322464,1,0,133.59722900390625,8335.json,NotBuggy
4,0.6796199679374695,1,1,126.19583892822266,3625.json,NotBuggy
7,0.08305572718381882,2,5,112.05997467041016,1790.json,Buggy
4,0.782096803188324,1,0,128.936767578125,8721.json,NotBuggy
18,0.0253315269947052,3,3,92.81133270263672,3776.json,NotBuggy
4,0.6074813008308411,1,1,127.09062194824219,5187.json,NotBuggy
10,0.1955399215221405,1,9,103.99359893798828,10501.json,Buggy
4,0.6390070915222168,1,0,128.13519287109375,6762.json,NotBuggy
4,0.4246504008769989,1,0,125.91468811035156,6562.json,Buggy
14,0.03482638671994209,3,4,97.90939331054688,3991.json,NotBuggy
4,0.9534358978271484,1,0,128.936767578125,6698.json,NotBuggy
4,0.29474443197250366,1,1,122.8651351928711,11215.json,NotBuggy
4,0.46293339133262634,1,0,126.62725830078125,3823.json,NotBuggy
4,0.7239787578582764,1,1,125.0554428100586,8547.json,NotBuggy
3,0.8420180082321167,1,0,133.59722900390625,9098.json,NotBuggy
19,1.0835402645170689E-4,1,17,91.17069244384766,2906.json,NotBuggy
4,0.8560357689857483,1,0,128.936767578125,3821.json,NotBuggy
4,0.7033209204673767,1,0,126.62725830078125,8379.json,NotBuggy
58,0.0,8,24,64.92198181152344,8248.json,NotBuggy
2,0.9534236192703247,1,0,139.0139617919922,9233.json,NotBuggy
10,0.03722115978598595,3,3,103.17794799804688,9903.json,NotBuggy
5,0.7541845440864563,1,2,121.18380737304688,370.json,NotBuggy
4,0.5075436234474182,1,0,126.62725830078125,7990.json,NotBuggy
23,0.051722683012485504,4,15,85.19192504882812,10435.json,NotBuggy
3,0.7855788469314575,1,0,132.9956512451172,8183.json,NotBuggy
94,0.0,17,44,51.8585205078125,7118.json,Buggy
4,0.9818830490112305,1,0,128.936767578125,5736.json,NotBuggy
4,0.9031051993370056,1,0,126.4781494140625,10594.json,NotBuggy
4,0.9194732904434204,1,0,128.936767578125,6266.json,NotBuggy
4,0.30228880047798157,1,0,124.25267028808594,10657.json,NotBuggy
4,0.25926128029823303,1,1,123.28931427001953,5152.json,NotBuggy
3,0.3580368161201477,1,0,134.26058959960938,10447.json,NotBuggy
8,0.2182309478521347,2,4,110.44464111328125,7690.json,NotBuggy
3,0.4342241585254669,1,0,134.26058959960938,10358.json,NotBuggy
4,0.9037371277809143,1,0,128.335205078125,5731.json,NotBuggy
10,0.4907810091972351,2,3,105.75442504882812,5602.json,NotBuggy
7,0.12433765828609467,2,3,113.5693588256836,10319.json,NotBuggy
4,0.5965028405189514,1,2,126.04888916015625,30.json,NotBuggy
11,0.7337743043899536,2,1,106.57290649414062,5039.json,NotBuggy
4,0.4499017596244812,1,1,125.30915069580078,6669.json,NotBuggy
4,0.6915695667266846,1,0,126.33003997802734,4643.json,NotBuggy
4,0.8520155549049377,1,0,127.94984436035156,8462.json,NotBuggy
4,0.8691872954368591,1,0,128.936767578125,2816.json,NotBuggy
4,0.9194732904434204,1,0,128.936767578125,5519.json,NotBuggy
4,0.4488067924976349,1,1,126.62725830078125,4144.json,NotBuggy
10,0.5397497415542603,2,1,107.52104187011719,3225.json,NotBuggy
11,0.003591657616198063,2,7,102.121826171875,8285.json,NotBuggy
4,0.4791523516178131,1,1,127.09062194824219,5094.json,NotBuggy
4,0.7473913431167603,1,1,128.13519287109375,11258.json,NotBuggy
4,0.8748419284820557,1,0,127.27810668945312,4568.json,Buggy
4,0.7638997435569763,1,0,128.936767578125,6028.json,Buggy
8,0.4448808431625366,2,2,110.59750366210938,4136.json,NotBuggy
11,0.38515815138816833,2,3,104.93248748779297,549.json,NotBuggy
6,0.026486724615097046,1,2,116.8047866821289,7287.json,NotBuggy
4,0.3612232506275177,1,0,126.19583892822266,1460.json,NotBuggy
4,0.15619716048240662,1,1,124.361083984375,3546.json,NotBuggy
4,0.6850172281265259,1,1,126.33003997802734,3453.json,NotBuggy
6,0.33855706453323364,1,3,118.26555633544922,11238.json,NotBuggy
4,0.3154839277267456,1,0,126.80831146240234,1813.json,NotBuggy
4,0.07393001019954681,1,1,125.79222106933594,6051.json,NotBuggy
4,0.040141649544239044,1,0,128.936767578125,4430.json,NotBuggy
4,0.5879440903663635,1,0,126.62725830078125,8314.json,NotBuggy
4,0.8314379453659058,1,2,127.09062194824219,3957.json,NotBuggy
4,0.7011985182762146,1,0,128.936767578125,6132.json,NotBuggy
4,0.7960305213928223,1,1,126.62725830078125,3617.json,NotBuggy
4,0.3782390058040619,1,0,127.59107971191406,4957.json,NotBuggy
4,0.5505037307739258,1,0,125.5254898071289,4769.json,NotBuggy
4,0.45683711767196655,1,2,124.25267028808594,10072.json,NotBuggy
3,0.6931312084197998,1,1,130.85629272460938,8448.json,NotBuggy
8,0.3883261978626251,2,1,111.47486877441406,5937.json,NotBuggy
3,0.4342241585254669,1,0,134.26058959960938,10598.json,NotBuggy
4,0.32357335090637207,1,1,124.58238983154297,120.json,NotBuggy
4,0.28466278314590454,1,1,125.15930938720703,1893.json,NotBuggy
13,0.3067362904548645,3,4,100.47254180908203,4671.json,NotBuggy
4,0.40310177206993103,1,1,126.0733642578125,182.json,NotBuggy
11,0.2503930628299713,2,5,101.60865020751953,163.json,NotBuggy
4,0.5946371555328369,1,2,127.59107971191406,3197.json,NotBuggy
4,0.8812351822853088,1,1,128.936767578125,4344.json,NotBuggy
4,0.6345280408859253,1,1,126.19583892822266,5858.json,NotBuggy
4,0.7805675864219666,1,0,127.78498840332031,2481.json,NotBuggy
4,0.8598132729530334,1,0,128.936767578125,44.json,NotBuggy
12,0.7854205369949341,2,3,103.59495544433594,1276.json,Buggy
8,0.08381185680627823,2,3,108.08734130859375,11370.json,NotBuggy
5,0.04743550345301628,1,2,122.06163787841797,10480.json,NotBuggy
4,0.015158599242568016,1,0,128.936767578125,8168.json,NotBuggy
3,0.5624011754989624,1,0,130.18594360351562,4367.json,NotBuggy
4,0.1803792268037796,1,1,125.27178192138672,2566.json,NotBuggy
4,0.8401874899864197,1,0,128.936767578125,10581.json,NotBuggy
27,0.15363532304763794,5,9,82.0948486328125,9107.json,Buggy
4,0.773568868637085,1,0,127.78498840332031,553.json,NotBuggy
4,0.8710604310035706,1,0,128.936767578125,10367.json,NotBuggy
4,0.727571427822113,1,1,127.42622375488281,8718.json,NotBuggy
10,0.45742207765579224,2,4,104.88863372802734,9925.json,NotBuggy
4,0.5249350666999817,1,1,127.59107971191406,5052.json,NotBuggy
3,0.7551968097686768,1,0,135.83412170410156,2789.json,NotBuggy
4,0.46479591727256775,1,0,128.936767578125,1239.json,NotBuggy
6,0.4530832767486572,1,5,115.95040893554688,6757.json,NotBuggy
4,0.20904769003391266,1,1,127.59107971191406,5109.json,NotBuggy
3,0.2058018296957016,1,0,131.1535186767578,3765.json,NotBuggy
3,0.8680646419525146,1,0,134.26058959960938,2321.json,NotBuggy
4,0.05932535603642464,1,0,127.59107971191406,6522.json,NotBuggy
3,0.8510996103286743,1,0,133.59722900390625,8294.json,NotBuggy
4,0.22059600055217743,1,0,128.936767578125,3211.json,NotBuggy
4,0.7080894708633423,1,1,127.09062194824219,8667.json,NotBuggy
4,0.8691872954368591,1,0,128.936767578125,5490.json,NotBuggy
4,0.7361424565315247,1,0,128.335205078125,4970.json,NotBuggy
4,0.08156969398260117,1,1,123.67467498779297,5778.json,NotBuggy
5,0.15207652747631073,1,0,120.96746826171875,11247.json,NotBuggy
29,3.5047612618654966E-4,4,14,79.51585388183594,4838.json,NotBuggy
5,0.30719882249832153,1,3,121.07132720947266,2551.json,NotBuggy
17,0.12400461733341217,3,6,92.71475219726562,2257.json,NotBuggy
4,0.4582584798336029,1,2,126.33003997802734,4891.json,NotBuggy
21,0.006966485176235437,4,6,88.78618621826172,1431.json,NotBuggy
6,0.06525997072458267,1,3,115.48157501220703,2809.json,NotBuggy
12,0.3176476061344147,2,3,101.37702941894531,3485.json,NotBuggy
22,0.018816085532307625,2,2,88.69952392578125,5701.json,NotBuggy
17,0.17584644258022308,3,2,94.3839111328125,7089.json,NotBuggy
4,0.08297847956418991,1,0,124.4649429321289,6704.json,NotBuggy
4,0.5597243309020996,2,4,124.02266693115234,2869.json,NotBuggy
7,0.18818189203739166,2,2,111.36113739013672,3257.json,Buggy
4,0.7721761465072632,1,0,128.335205078125,3587.json,NotBuggy
8,0.502281904220581,2,0,113.02863311767578,4827.json,NotBuggy
5,0.004041648004204035,1,2,119.76210021972656,7441.json,NotBuggy
58,0.0,13,6,64.80298614501953,1730.json,NotBuggy
4,0.041640013456344604,1,1,126.77537536621094,124.json,NotBuggy
23,0.3659505546092987,5,6,86.00225067138672,4657.json,NotBuggy
6,0.6861317753791809,1,5,116.71211242675781,2523.json,NotBuggy
5,0.25661182403564453,1,1,119.49191284179688,6069.json,NotBuggy
2,0.9948517084121704,1,0,139.74954223632812,2344.json,NotBuggy
14,0.6248283982276917,3,1,101.89898681640625,8806.json,NotBuggy
11,0.41906237602233887,2,3,106.03581237792969,4858.json,NotBuggy
18,0.1934351921081543,2,9,90.99516296386719,6039.json,NotBuggy
12,0.09260169416666031,1,2,101.45713806152344,10299.json,NotBuggy
5,0.6919857263565063,1,0,122.17729187011719,6267.json,NotBuggy
5,0.03786604106426239,1,1,119.94457244873047,6518.json,NotBuggy
4,0.7320677042007446,1,0,127.59107971191406,716.json,NotBuggy
4,0.16861283779144287,1,2,127.25547790527344,4382.json,NotBuggy
4,0.04540429264307022,1,1,123.65223693847656,226.json,NotBuggy
50,0.0,9,7,67.5838851928711,8942.json,NotBuggy
12,0.10837756842374802,2,3,98.34263610839844,7994.json,Buggy
8,0.3883261978626251,2,1,111.47486877441406,5933.json,NotBuggy
18,0.32905396819114685,4,2,92.62094116210938,5040.json,NotBuggy
4,0.461614191532135,1,2,125.41301727294922,6719.json,NotBuggy
4,0.3396688997745514,1,0,128.936767578125,47.json,NotBuggy
4,0.05456964671611786,1,1,126.62725830078125,2569.json,NotBuggy
3,0.08310654014348984,1,0,131.03103637695312,2579.json,NotBuggy
5,0.4783255457878113,1,0,122.03304290771484,2803.json,NotBuggy
7,0.0,1,1,109.5006332397461,1736.json,NotBuggy
8,0.8613060116767883,2,0,112.59345245361328,3639.json,NotBuggy
4,0.7411284446716309,1,1,126.62725830078125,7332.json,NotBuggy
25,0.09878568351268768,4,6,86.97550201416016,10210.json,NotBuggy
4,0.22438156604766846,1,0,123.13409423828125,4773.json,NotBuggy
4,0.6756380796432495,1,0,127.09062194824219,10223.json,NotBuggy
15,0.7429279685020447,2,9,99.14344024658203,5975.json,Buggy
4,0.37647706270217896,1,1,126.33003997802734,5323.json,NotBuggy
5,0.4003332853317261,1,2,119.1451187133789,8602.json,NotBuggy
15,0.6510905623435974,2,5,98.51365661621094,7716.json,NotBuggy
4,0.5499892234802246,1,0,127.78498840332031,8455.json,NotBuggy
4,0.6833457350730896,1,0,128.936767578125,2849.json,NotBuggy
13,0.05871012061834335,3,9,97.35054779052734,65.json,NotBuggy
4,0.7203711867332458,1,0,128.936767578125,10691.json,NotBuggy
4,0.8432313203811646,1,0,128.936767578125,241.json,NotBuggy
4,0.6053262948989868,1,0,128.936767578125,5483.json,NotBuggy
7,0.7510198950767517,2,1,116.75311279296875,7179.json,Buggy
12,0.5622408390045166,2,2,103.05547332763672,2258.json,NotBuggy
4,0.6846610307693481,1,1,127.42622375488281,1772.json,NotBuggy
4,0.5803896188735962,1,1,127.09062194824219,6413.json,NotBuggy
11,0.05458678677678108,2,4,101.7466812133789,9225.json,NotBuggy
4,0.057271819561719894,1,2,123.65223693847656,449.json,NotBuggy
4,0.8604428172111511,1,1,127.59107971191406,3650.json,NotBuggy
4,5.276770098134875E-4,1,1,121.48739624023438,8836.json,NotBuggy
3,0.810197114944458,1,0,132.4454345703125,1934.json,NotBuggy
4,0.2988690733909607,1,0,128.936767578125,8216.json,NotBuggy
4,0.8407769799232483,1,0,128.335205078125,6268.json,NotBuggy
5,0.8725743293762207,1,2,122.58207702636719,10364.json,NotBuggy
11,0.8804941177368164,2,2,105.28569030761719,11221.json,NotBuggy
5,0.3486708998680115,1,2,118.98002624511719,899.json,NotBuggy
13,0.18084843456745148,2,5,99.47798919677734,7051.json,NotBuggy
8,0.5699477791786194,2,2,112.31685638427734,10079.json,NotBuggy
14,0.29234743118286133,3,2,98.18931579589844,5907.json,NotBuggy
7,0.912228524684906,2,1,112.18234252929688,8828.json,NotBuggy
4,0.9324813485145569,1,1,128.73146057128906,8850.json,NotBuggy
4,0.5098434090614319,1,0,125.02987670898438,9744.json,NotBuggy
4,0.15304188430309296,1,0,128.936767578125,5668.json,NotBuggy
43,0.015739470720291138,8,15,70.19794464111328,8709.json,Buggy
11,0.0,2,4,100.7413330078125,3996.json,NotBuggy
5,0.13353289663791656,1,0,121.6568603515625,10529.json,NotBuggy
5,0.45242273807525635,1,0,122.03304290771484,4189.json,NotBuggy
4,0.6723180413246155,1,1,126.77537536621094,2103.json,NotBuggy
4,0.9010398387908936,1,0,128.936767578125,3487.json,NotBuggy
4,0.43202006816864014,1,1,125.5254898071289,6390.json,NotBuggy
3,0.2834448218345642,1,0,133.59722900390625,7206.json,NotBuggy
8,0.16879448294639587,2,2,111.84561157226562,7620.json,NotBuggy
4,0.43513360619544983,1,1,126.0733642578125,6744.json,NotBuggy
4,0.05090292915701866,1,3,123.74861145019531,6763.json,NotBuggy
4,0.5305433869361877,1,0,128.936767578125,2489.json,NotBuggy
4,0.32026737928390503,1,2,124.81353759765625,8835.json,NotBuggy
4,0.9294964671134949,1,0,125.5254898071289,3261.json,NotBuggy
4,0.010630521923303604,1,0,128.936767578125,3366.json,NotBuggy
4,0.09492796659469604,1,0,128.936767578125,11214.json,NotBuggy
4,0.6727077960968018,1,1,127.94984436035156,10705.json,NotBuggy
4,0.8537749648094177,1,0,128.936767578125,3007.json,NotBuggy
4,0.7964723110198975,1,0,127.27810668945312,8.json,NotBuggy
4,0.7245550751686096,1,0,128.936767578125,6585.json,NotBuggy
8,0.33931171894073486,2,0,112.90615844726562,7434.json,NotBuggy
4,0.012222249992191792,1,1,123.02798461914062,2984.json,NotBuggy
6,0.38899552822113037,2,3,115.50424194335938,6800.json,NotBuggy
4,0.5901264548301697,1,1,128.13519287109375,4157.json,NotBuggy
16,0.22354061901569366,3,1,97.71101379394531,1488.json,NotBuggy
4,0.7187515497207642,1,1,126.62725830078125,1390.json,NotBuggy
4,0.5483075380325317,1,1,127.59107971191406,8353.json,NotBuggy
23,0.017059139907360077,3,7,86.73193359375,8753.json,Buggy
4,0.7419193983078003,1,0,126.62725830078125,1222.json,NotBuggy
4,0.30550727248191833,1,1,127.59107971191406,10693.json,NotBuggy
14,0.6490678191184998,3,3,96.80886840820312,71.json,NotBuggy
4,0.8900306820869446,1,0,125.39425659179688,4386.json,Buggy
4,0.26100632548332214,1,1,125.91468811035156,2630.json,NotBuggy
5,0.9808740019798279,1,1,122.58091735839844,1160.json,NotBuggy
10,0.27419543266296387,2,3,103.98506927490234,9722.json,NotBuggy
4,0.47893068194389343,1,0,127.59107971191406,4958.json,NotBuggy
4,0.33644330501556396,1,1,127.59107971191406,4074.json,NotBuggy
7,0.002838875399902463,1,2,109.79090118408203,7594.json,NotBuggy
12,0.7838771343231201,3,3,102.60261535644531,2502.json,NotBuggy
5,0.03627849370241165,1,2,119.94457244873047,11426.json,NotBuggy
29,0.0,5,16,79.34872436523438,4114.json,NotBuggy
14,0.11126700043678284,4,1,95.76683044433594,9516.json,NotBuggy
4,0.33033475279808044,1,1,127.25547790527344,4644.json,NotBuggy
4,0.7165175676345825,1,0,125.96089172363281,5044.json,NotBuggy
12,0.3111988604068756,3,4,101.24423217773438,8016.json,NotBuggy
9,0.5291072726249695,2,2,108.31983184814453,2855.json,NotBuggy
9,0.02690952457487583,1,8,105.51528930664062,7412.json,NotBuggy
4,0.05669804662466049,1,1,127.59107971191406,2354.json,NotBuggy
4,0.8081454038619995,1,0,127.78498840332031,2303.json,NotBuggy
11,0.2420424371957779,2,3,103.22916412353516,1298.json,NotBuggy
4,0.04022087901830673,1,3,123.21045684814453,2342.json,NotBuggy
4,0.042992349714040756,1,1,123.46312713623047,9193.json,NotBuggy
5,0.10361993312835693,1,2,118.7568130493164,10131.json,NotBuggy
4,0.13294617831707,1,0,121.84000396728516,4742.json,NotBuggy
5,0.40076354146003723,1,4,120.63774108886719,1342.json,Buggy
4,0.9328188300132751,1,0,128.936767578125,2917.json,NotBuggy
4,0.8253059387207031,1,0,128.936767578125,10580.json,NotBuggy
5,0.9383450150489807,1,1,121.6568603515625,8871.json,Buggy
5,0.015277605503797531,1,0,121.6568603515625,10338.json,NotBuggy
3,0.9931402206420898,1,0,134.26058959960938,5101.json,NotBuggy
6,0.2595488429069519,2,3,115.50424194335938,6795.json,NotBuggy
5,0.9630134701728821,1,2,122.167236328125,771.json,NotBuggy
4,0.8364995121955872,1,1,126.33003997802734,6286.json,NotBuggy
4,0.03361424058675766,1,2,124.48601531982422,10965.json,NotBuggy
4,0.8889959454536438,1,1,123.85247039794922,6553.json,NotBuggy
22,0.047118861228227615,4,11,112.79637908935547,6964.json,Buggy
4,0.3294832706451416,1,1,125.30915069580078,8397.json,NotBuggy
19,0.001298988121561706,4,7,91.33304595947266,6868.json,NotBuggy
19,1.0835402645170689E-4,1,17,91.17069244384766,2912.json,NotBuggy
4,0.4776231348514557,1,1,126.19583892822266,9892.json,NotBuggy
5,0.7985668778419495,1,2,122.4339599609375,1231.json,NotBuggy
4,0.2397012859582901,1,3,122.21172332763672,6249.json,NotBuggy
4,0.020215854048728943,1,0,127.27810668945312,2671.json,NotBuggy
4,0.37647706270217896,1,1,126.33003997802734,5327.json,NotBuggy
3,0.009469421580433846,1,0,131.75106811523438,4878.json,NotBuggy
4,0.9147285223007202,1,0,127.27810668945312,8852.json,NotBuggy
6,0.7547097206115723,2,0,117.25019073486328,8396.json,NotBuggy
4,0.40249890089035034,1,1,126.04888916015625,8134.json,NotBuggy
4,0.6339500546455383,1,1,126.33003997802734,3999.json,NotBuggy
8,0.5916123390197754,2,1,112.02190399169922,4706.json,NotBuggy
4,0.527772068977356,1,2,127.25547790527344,6632.json,NotBuggy
4,0.8445761203765869,1,0,126.94251251220703,5978.json,Buggy
4,0.3697335124015808,1,0,123.93778991699219,3598.json,NotBuggy
4,0.3612232506275177,1,0,126.19583892822266,2885.json,NotBuggy
40,0.0015145731158554554,9,14,73.62028503417969,6519.json,Buggy
4,0.0636802539229393,1,0,128.936767578125,10903.json,NotBuggy
4,0.7984644174575806,1,1,126.0733642578125,7965.json,Buggy
4,0.7401647567749023,1,1,127.42622375488281,7586.json,Buggy
81,0.0,14,21,57.102054595947266,9027.json,NotBuggy
9,0.354118287563324,2,4,105.50943756103516,5243.json,NotBuggy
17,0.07074420154094696,3,4,93.78033447265625,6261.json,NotBuggy
4,0.49950724840164185,1,1,125.30915069580078,4844.json,NotBuggy
10,0.01689779944717884,2,4,104.48490142822266,6157.json,NotBuggy
3,0.9006253480911255,1,0,131.28770446777344,9234.json,NotBuggy
4,0.788974940776825,1,0,128.936767578125,1208.json,NotBuggy
5,0.17660880088806152,1,2,121.18380737304688,783.json,NotBuggy
7,0.5657524466514587,2,2,116.23268127441406,6122.json,NotBuggy
20,0.49043506383895874,3,4,92.20686340332031,8117.json,NotBuggy
18,0.19926120340824127,4,3,93.09529876708984,8001.json,Buggy
4,0.6645334959030151,1,1,127.59107971191406,7099.json,Buggy
44,0.0,8,15,71.97229766845703,8357.json,NotBuggy
5,0.6092820167541504,2,1,120.6200180053711,9152.json,NotBuggy
4,0.34329962730407715,1,0,125.15930938720703,10145.json,NotBuggy
26,0.0962127223610878,2,4,86.41040802001953,2631.json,NotBuggy
9,0.1043311208486557,2,3,106.87126159667969,7913.json,NotBuggy
16,0.005038483068346977,3,11,92.00716400146484,7958.json,Buggy
14,0.07763779908418655,2,6,98.38897705078125,3463.json,NotBuggy
3,0.7903006672859192,1,0,134.26058959960938,3036.json,NotBuggy
14,0.7544217705726624,4,2,99.10497283935547,11361.json,NotBuggy
4,0.37891218066215515,1,1,125.30915069580078,4142.json,NotBuggy
4,0.24961188435554504,1,1,125.64796447753906,4174.json,NotBuggy
5,0.5026116967201233,1,3,121.91352844238281,4314.json,Buggy
4,0.5704626441001892,1,0,128.936767578125,4222.json,NotBuggy
11,0.04297659173607826,3,2,103.17881774902344,6275.json,NotBuggy
6,0.8781253099441528,1,2,116.993896484375,10087.json,NotBuggy
4,0.7611434459686279,1,0,127.78498840332031,8206.json,NotBuggy
10,0.4106527864933014,3,3,104.82258605957031,1976.json,NotBuggy
4,0.34534335136413574,1,2,123.56243133544922,9749.json,NotBuggy
17,0.0010084869572892785,2,5,94.7965087890625,6824.json,NotBuggy
34,0.016247177496552467,2,6,80.178955078125,1979.json,NotBuggy
4,0.006124482955783606,1,0,123.37702178955078,6633.json,NotBuggy
4,0.8251925110816956,1,0,127.09062194824219,5355.json,NotBuggy
4,0.5434826612472534,1,1,126.77537536621094,134.json,NotBuggy
17,0.0583169050514698,3,3,94.08124542236328,10202.json,NotBuggy
4,0.25686994194984436,1,1,126.4930648803711,8227.json,NotBuggy
18,0.5275763273239136,1,2,94.6507797241211,10318.json,NotBuggy
4,0.44643160700798035,1,0,128.936767578125,4190.json,NotBuggy
24,0.013599943369626999,5,6,85.59396362304688,9923.json,NotBuggy
6,0.009179066866636276,1,7,115.33509063720703,6797.json,NotBuggy
30,3.5128070157952607E-4,4,18,79.86553955078125,7572.json,Buggy
9,0.001563462894409895,2,5,106.55463409423828,3766.json,NotBuggy
5,0.0024966741912066936,1,3,117.40169525146484,7855.json,NotBuggy
4,0.49136558175086975,1,0,126.62725830078125,6257.json,NotBuggy
4,0.34858202934265137,1,2,124.81353759765625,3632.json,NotBuggy
4,0.8076055645942688,1,1,127.09062194824219,6411.json,NotBuggy
4,0.693115234375,1,0,126.37059020996094,4902.json,NotBuggy
4,8.760581840761006E-4,1,0,121.76114654541016,10193.json,NotBuggy
3,0.7687698602676392,1,0,136.79171752929688,4510.json,NotBuggy
4,0.4515793025493622,1,1,126.77537536621094,5055.json,NotBuggy
4,0.0,1,4,121.74006652832031,6598.json,NotBuggy
29,0.027555733919143677,6,11,80.69780731201172,4078.json,NotBuggy
3,0.06595361977815628,1,0,133.59722900390625,1614.json,NotBuggy
4,0.8704421520233154,1,0,128.936767578125,3338.json,NotBuggy
7,0.026945704594254494,1,1,111.18028259277344,2986.json,NotBuggy
12,0.0015111729735508561,2,9,100.22697448730469,8422.json,NotBuggy
8,0.2754705846309662,2,0,112.70221710205078,8533.json,NotBuggy
13,0.018499065190553665,3,3,99.38986206054688,3231.json,NotBuggy
4,0.8013190031051636,1,1,127.94984436035156,868.json,NotBuggy
6,0.05967175215482712,1,0,118.7032470703125,3062.json,NotBuggy
4,0.6597669124603271,1,0,128.936767578125,7973.json,Buggy
4,0.6845105290412903,1,0,125.5254898071289,2282.json,NotBuggy
6,0.05936948210000992,2,4,114.74968719482422,6789.json,NotBuggy
3,0.8790842294692993,1,2,130.85629272460938,4521.json,NotBuggy
10,0.2607949674129486,2,1,105.57550048828125,1689.json,NotBuggy
13,0.12698347866535187,2,4,98.17560577392578,8768.json,NotBuggy
3,0.5789416432380676,1,2,129.4591827392578,10119.json,NotBuggy
5,0.37692931294441223,1,2,119.1451187133789,8563.json,NotBuggy
4,0.3603891432285309,1,0,128.936767578125,11210.json,NotBuggy
3,0.9190999865531921,1,0,133.59722900390625,1658.json,Buggy
6,0.5169005393981934,1,4,116.13658905029297,5242.json,NotBuggy
4,0.4083460569381714,1,0,125.57588195800781,3695.json,NotBuggy
4,0.00551712466403842,1,0,128.936767578125,5782.json,NotBuggy
21,0.061345845460891724,3,9,88.76148223876953,7282.json,Buggy
4,4.969775909557939E-4,1,0,123.10436248779297,6568.json,NotBuggy
4,0.04798771068453789,1,0,126.94251251220703,5591.json,NotBuggy
3,0.9867105484008789,1,0,134.26058959960938,8600.json,NotBuggy
6,0.10332994163036346,1,2,114.91891479492188,8556.json,NotBuggy
13,0.024497203528881073,3,8,97.51229858398438,10110.json,NotBuggy
5,0.5273194313049316,1,0,120.6497802734375,4651.json,NotBuggy
4,0.20918576419353485,1,1,126.77537536621094,2358.json,NotBuggy
26,0.0647934228181839,5,11,84.28577423095703,4895.json,Buggy
4,0.8987846970558167,1,1,126.04888916015625,6681.json,NotBuggy
4,0.9548569321632385,1,1,125.91468811035156,1246.json,NotBuggy
3,0.21626807749271393,1,0,131.1535186767578,3769.json,NotBuggy
6,0.019410815089941025,1,4,114.6588134765625,5681.json,Buggy
9,0.4390082061290741,2,4,106.23336791992188,6462.json,NotBuggy
4,0.04885724186897278,1,1,123.8484878540039,5421.json,NotBuggy
4,0.30618980526924133,1,0,125.91468811035156,1853.json,NotBuggy
19,0.23687265813350677,4,3,93.34732055664062,5.json,NotBuggy
3,0.6907778978347778,1,1,131.28770446777344,8457.json,NotBuggy
3,0.6678575873374939,1,1,130.85629272460938,9882.json,NotBuggy
4,0.17094534635543823,1,2,124.71717071533203,6835.json,NotBuggy
4,0.6200859546661377,1,1,126.77537536621094,1763.json,NotBuggy
4,0.761945903301239,1,1,127.25547790527344,8282.json,NotBuggy
4,0.5666102170944214,1,1,126.0733642578125,296.json,NotBuggy
24,0.0015846097376197577,3,3,85.09291076660156,5854.json,Buggy
6,0.5191493630409241,2,2,117.56661224365234,2051.json,NotBuggy
4,0.5402006506919861,1,0,126.62725830078125,5505.json,NotBuggy
28,0.025465283542871475,2,13,81.23628234863281,872.json,NotBuggy
4,0.561404287815094,1,1,125.79222106933594,4335.json,NotBuggy
5,0.6318838000297546,1,1,121.54438018798828,4516.json,NotBuggy
28,0.015145235694944859,6,13,81.05482482910156,6440.json,NotBuggy
4,0.8190612196922302,1,0,127.78498840332031,8437.json,NotBuggy
4,0.09833325445652008,1,0,124.04872131347656,2486.json,NotBuggy
14,0.5585338473320007,3,5,97.32379150390625,6354.json,NotBuggy
3,0.467915803194046,1,0,132.4454345703125,8369.json,NotBuggy
4,0.6993170380592346,1,1,126.62725830078125,2371.json,NotBuggy
4,0.44276952743530273,1,2,125.64796447753906,1233.json,NotBuggy
5,2.6997929671779275E-4,1,1,117.87247467041016,1535.json,NotBuggy
4,0.5154232382774353,1,0,126.33003997802734,8268.json,NotBuggy
4,0.08610756695270538,1,1,124.39620971679688,536.json,NotBuggy
16,0.0,6,6,91.30670166015625,6745.json,NotBuggy
7,0.34563949704170227,1,0,115.09542083740234,3041.json,NotBuggy
12,0.013204826973378658,3,4,99.11965942382812,8608.json,NotBuggy
4,0.6806116700172424,1,0,128.936767578125,2845.json,NotBuggy
4,0.7268576622009277,1,1,126.19583892822266,4215.json,NotBuggy
4,0.4085988402366638,1,3,125.02987670898438,11148.json,NotBuggy
4,0.6514268517494202,1,1,125.91468811035156,8767.json,NotBuggy
15,0.8716029524803162,3,2,97.47284698486328,5797.json,Buggy
5,0.001740935374982655,1,2,118.01499938964844,6608.json,NotBuggy
4,0.9851457476615906,1,0,128.335205078125,9462.json,NotBuggy
5,0.9268642663955688,1,1,119.67438507080078,9220.json,NotBuggy
10,0.8604205250740051,3,4,107.40121459960938,5683.json,NotBuggy
9,0.6631479263305664,2,1,106.43767547607422,6825.json,NotBuggy
4,0.09949846565723419,1,0,128.335205078125,1866.json,NotBuggy
6,0.19247865676879883,1,5,115.4073257446289,6793.json,NotBuggy
4,0.4809325635433197,1,1,126.94251251220703,3479.json,NotBuggy
4,0.6941832304000854,1,0,128.335205078125,5043.json,NotBuggy
4,0.3396688997745514,1,0,128.936767578125,2925.json,NotBuggy
4,0.786499559879303,1,0,128.936767578125,4964.json,NotBuggy
4,0.03795813396573067,1,2,123.02798461914062,5554.json,NotBuggy
7,0.009662031196057796,2,2,110.14856719970703,3258.json,Buggy
6,0.7361380457878113,2,2,118.00019836425781,3371.json,NotBuggy
4,0.47781991958618164,1,0,128.335205078125,4890.json,NotBuggy
12,0.1276879906654358,1,6,97.56327819824219,10249.json,NotBuggy
9,0.31970274448394775,2,1,110.00995635986328,1840.json,NotBuggy
40,0.0,8,18,71.79597473144531,8249.json,NotBuggy
4,0.879777729511261,1,1,124.04872131347656,2138.json,NotBuggy
24,0.1085943877696991,5,9,84.47164154052734,4829.json,NotBuggy
12,0.24439476430416107,3,1,101.0925521850586,4224.json,NotBuggy
4,0.6069295406341553,1,0,126.94251251220703,5402.json,NotBuggy
4,0.01288476400077343,1,2,123.8484878540039,6602.json,NotBuggy
5,0.2961170971393585,1,1,121.30247497558594,177.json,NotBuggy
8,0.89739990234375,1,4,108.63282775878906,1295.json,Buggy
7,0.713099479675293,2,1,115.19184112548828,4797.json,NotBuggy
12,0.16192328929901123,3,4,102.85528564453125,6140.json,NotBuggy
4,0.6677550077438354,1,0,126.80831146240234,11389.json,NotBuggy
4,0.46391385793685913,2,1,124.3523941040039,2879.json,NotBuggy
67,0.0,9,19,61.085105895996094,7254.json,Buggy
22,0.06230117380619049,4,4,88.64364624023438,5343.json,NotBuggy
3,0.6689718961715698,1,0,134.26058959960938,10567.json,NotBuggy
3,0.8189108371734619,1,0,133.59722900390625,8474.json,NotBuggy
4,0.8691872954368591,1,0,128.936767578125,5477.json,NotBuggy
4,0.2813386023044586,1,0,124.57742309570312,4582.json,NotBuggy
13,0.09832783788442612,1,4,101.26107025146484,1398.json,NotBuggy
36,3.806588356383145E-4,7,17,74.44694519042969,7725.json,NotBuggy
10,0.04965924844145775,2,4,106.85009765625,5792.json,Buggy
9,0.38756200671195984,2,4,107.7159194946289,34.json,NotBuggy
7,0.04068036749958992,1,3,110.90426635742188,533.json,NotBuggy
4,0.9110531806945801,1,1,128.335205078125,6102.json,NotBuggy
10,0.09912514686584473,2,9,104.22942352294922,6644.json,NotBuggy
4,0.3132232129573822,1,2,124.1749038696289,7505.json,NotBuggy
4,0.393976628780365,1,0,126.19583892822266,9522.json,NotBuggy
4,0.7936687469482422,1,0,128.936767578125,7991.json,NotBuggy
6,0.529784619808197,2,2,114.82393646240234,5162.json,NotBuggy
4,0.9248255491256714,1,0,128.335205078125,6828.json,NotBuggy
4,0.7065688967704773,1,0,125.96089172363281,8176.json,NotBuggy
5,0.417839378118515,1,2,121.18380737304688,797.json,NotBuggy
4,0.42796432971954346,1,1,125.27178192138672,7405.json,NotBuggy
4,0.8639714121818542,1,1,126.62725830078125,3539.json,NotBuggy
4,0.04045593738555908,1,1,123.74861145019531,2123.json,Buggy
4,0.6510041356086731,1,2,125.91468811035156,11444.json,NotBuggy
4,0.6705977320671082,1,1,126.94251251220703,5823.json,NotBuggy
4,0.8099483251571655,1,1,127.94984436035156,4155.json,NotBuggy
4,0.09408216923475266,1,0,128.936767578125,1574.json,NotBuggy
16,0.8532155752182007,1,3,96.79012298583984,6284.json,NotBuggy
10,0.8576264381408691,2,1,109.39103698730469,9201.json,NotBuggy
4,0.8279571533203125,1,0,128.936767578125,2432.json,NotBuggy
10,0.16558699309825897,2,2,105.8315200805664,10192.json,NotBuggy
3,0.4342241585254669,1,0,134.26058959960938,10306.json,NotBuggy
4,0.33911943435668945,1,1,126.77537536621094,2356.json,NotBuggy
10,0.529601514339447,2,5,104.9107666015625,7209.json,NotBuggy
4,0.6684530377388,1,1,124.05243682861328,10155.json,NotBuggy
3,0.6931312084197998,1,1,130.85629272460938,8337.json,NotBuggy
4,0.5064417123794556,1,1,126.19583892822266,9916.json,NotBuggy
5,0.2961931824684143,1,2,119.52128601074219,3582.json,NotBuggy
5,0.4643697738647461,2,1,117.23712158203125,10130.json,NotBuggy
4,0.8649076223373413,1,0,127.78498840332031,4730.json,NotBuggy
5,0.8391112089157104,1,2,121.30247497558594,1371.json,NotBuggy
4,0.36991843581199646,1,1,124.361083984375,3713.json,NotBuggy
7,0.33002257347106934,2,2,114.64908599853516,6663.json,NotBuggy
4,0.6634930372238159,1,1,126.77537536621094,7394.json,NotBuggy
4,0.16301587224006653,1,1,128.13519287109375,10415.json,NotBuggy
4,0.7908385396003723,1,0,128.936767578125,3834.json,NotBuggy
10,0.10711205005645752,2,3,104.42032623291016,998.json,NotBuggy
4,5.276770098134875E-4,1,1,121.48739624023438,8840.json,NotBuggy
8,0.3068963587284088,2,0,113.02863311767578,11360.json,NotBuggy
4,0.9311137199401855,1,0,128.936767578125,6771.json,NotBuggy
4,0.05931858718395233,1,0,127.78498840332031,10346.json,NotBuggy
4,0.9888319969177246,1,0,127.78498840332031,6473.json,Buggy
11,0.4219377040863037,2,3,105.81700134277344,559.json,NotBuggy
3,0.9658482074737549,1,0,135.83412170410156,6382.json,NotBuggy
27,0.023022865876555443,3,9,83.6467056274414,1553.json,NotBuggy
4,0.6660944223403931,1,1,126.62725830078125,2517.json,NotBuggy
4,0.014525419101119041,1,0,128.936767578125,3700.json,NotBuggy
8,0.4064940810203552,2,2,110.16349029541016,4380.json,Buggy
3,0.8983180522918701,1,0,130.57513427734375,4877.json,NotBuggy
4,0.8244668841362,1,0,128.936767578125,6773.json,NotBuggy
3,0.21626807749271393,1,0,131.1535186767578,3773.json,NotBuggy
4,0.15021610260009766,1,0,127.78498840332031,3367.json,NotBuggy
5,0.23513032495975494,2,1,120.40774536132812,8509.json,NotBuggy
5,0.23352284729480743,1,3,119.94457244873047,2328.json,NotBuggy
4,0.8320114016532898,1,1,127.42622375488281,1497.json,NotBuggy
4,0.643609881401062,1,0,128.936767578125,5515.json,NotBuggy
12,0.22009433805942535,2,1,103.6653823852539,2251.json,NotBuggy
5,0.01403400581330061,1,2,117.46806335449219,5596.json,NotBuggy
3,0.11823292821645737,1,1,129.0255889892578,1804.json,NotBuggy
3,0.9093613624572754,1,0,135.83412170410156,5988.json,Buggy
8,0.4901098608970642,2,1,110.23391723632812,8057.json,Buggy
5,0.24293842911720276,1,3,120.96249389648438,7928.json,NotBuggy
21,0.01054843608289957,3,10,87.97698211669922,6015.json,NotBuggy
3,0.9770150184631348,1,0,135.83412170410156,5842.json,NotBuggy
4,0.8251678943634033,1,0,127.78498840332031,6770.json,NotBuggy
4,0.8530876040458679,1,0,126.33003997802734,371.json,NotBuggy
4,0.4377107620239258,1,0,126.62725830078125,3316.json,NotBuggy
6,0.14070120453834534,3,2,113.09796142578125,10887.json,NotBuggy
4,0.1376093327999115,1,2,125.02987670898438,2593.json,NotBuggy
4,0.597061276435852,1,0,128.335205078125,3613.json,NotBuggy
17,0.010847203433513641,1,8,93.06982421875,7681.json,NotBuggy
4,0.7075468897819519,1,1,127.42622375488281,8179.json,NotBuggy
5,0.5931857228279114,1,3,121.91352844238281,1389.json,NotBuggy
4,0.4529469609260559,1,3,125.15930938720703,8684.json,NotBuggy
3,0.9793863296508789,1,0,132.9956512451172,9078.json,NotBuggy
11,0.5610501766204834,3,2,103.86784362792969,11182.json,NotBuggy
13,0.1318807750940323,2,2,100.59748840332031,3162.json,NotBuggy
4,0.28626495599746704,1,0,128.936767578125,1694.json,NotBuggy
15,0.35419830679893494,4,3,97.49835205078125,7285.json,NotBuggy
4,0.6903948783874512,1,1,127.42622375488281,2687.json,NotBuggy
4,0.5154580473899841,1,1,125.5254898071289,6397.json,NotBuggy
4,0.418454110622406,1,0,126.37059020996094,8575.json,NotBuggy
4,0.5258476138114929,1,0,126.62725830078125,8749.json,NotBuggy
4,0.387872576713562,1,0,128.936767578125,3010.json,NotBuggy
4,0.7106319665908813,1,1,126.33003997802734,9694.json,NotBuggy
4,0.9044599533081055,1,0,128.936767578125,5530.json,NotBuggy
4,0.19206075370311737,1,2,125.02987670898438,2588.json,NotBuggy
4,0.4394403398036957,1,1,126.77537536621094,3937.json,NotBuggy
4,0.9197659492492676,1,1,128.936767578125,4509.json,NotBuggy
4,0.5649566054344177,1,0,127.78498840332031,8468.json,NotBuggy
8,0.29206007719039917,2,1,110.75399017333984,8523.json,NotBuggy
5,0.7906397581100464,1,0,122.17729187011719,5656.json,NotBuggy
4,0.8143804669380188,1,0,128.936767578125,8431.json,NotBuggy
4,0.2860141694545746,1,0,124.39620971679688,8060.json,Buggy
5,0.693758487701416,2,2,120.6200180053711,3464.json,NotBuggy
19,0.0023301616311073303,4,13,88.746337890625,7340.json,Buggy
4,0.4284665882587433,1,0,128.936767578125,3828.json,NotBuggy
4,0.6619507074356079,1,2,127.25547790527344,7727.json,NotBuggy
4,0.03418524190783501,1,2,124.58238983154297,6600.json,NotBuggy
3,0.7175224423408508,1,1,131.91592407226562,422.json,NotBuggy
4,0.4826020300388336,1,0,128.936767578125,5106.json,NotBuggy
13,0.7571120262145996,3,1,100.97233581542969,7321.json,NotBuggy
10,0.04965924844145775,2,4,106.85009765625,5814.json,Buggy
4,0.00648838235065341,1,3,121.69290161132812,11201.json,NotBuggy
8,0.46706897020339966,2,1,109.56317138671875,8058.json,Buggy
4,0.04062499478459358,1,2,126.4781494140625,7882.json,NotBuggy
35,4.4867501128464937E-4,3,14,76.8199462890625,8296.json,NotBuggy
4,0.15252502262592316,1,3,124.4649429321289,4857.json,NotBuggy
4,0.9523538947105408,1,0,128.936767578125,3542.json,NotBuggy
8,2.837787033058703E-4,1,3,110.7425308227539,5600.json,NotBuggy
3,0.5659183263778687,1,1,130.85629272460938,7642.json,NotBuggy
4,0.8801227807998657,1,0,128.936767578125,8203.json,NotBuggy
8,0.16195061802864075,2,2,110.08924102783203,6046.json,NotBuggy
4,0.6895071864128113,1,0,128.936767578125,8580.json,NotBuggy
10,0.046572767198085785,2,3,103.31206512451172,3471.json,NotBuggy
8,0.5202541351318359,2,1,113.69336700439453,9010.json,NotBuggy
6,0.9641150236129761,1,4,116.36531829833984,4420.json,NotBuggy
4,0.4230322539806366,1,1,125.91468811035156,8279.json,NotBuggy
6,0.3532344400882721,1,0,116.13880157470703,5270.json,NotBuggy
4,0.7144402861595154,1,1,128.5205535888672,3682.json,NotBuggy
11,0.7669358253479004,3,0,106.35279846191406,7963.json,Buggy
14,0.41545018553733826,3,8,96.66441345214844,890.json,NotBuggy
4,0.2778708338737488,1,0,125.57588195800781,3601.json,NotBuggy
16,0.0768904983997345,3,2,96.830078125,8565.json,NotBuggy
4,0.9710937738418579,1,0,125.39425659179688,3530.json,NotBuggy
4,0.942381739616394,1,0,128.335205078125,8693.json,NotBuggy
15,0.09335293620824814,3,3,95.24183654785156,4439.json,NotBuggy
4,0.8623500466346741,1,0,128.936767578125,3420.json,NotBuggy
4,0.6551005244255066,1,2,125.52845764160156,4396.json,Buggy
4,0.5222266316413879,1,1,126.77537536621094,5023.json,NotBuggy
18,0.34326115250587463,3,4,92.37730407714844,3643.json,NotBuggy
5,0.023856984451413155,1,0,121.10224151611328,3365.json,NotBuggy
4,0.0075884005054831505,1,0,128.936767578125,8488.json,NotBuggy
4,0.7286572456359863,1,0,128.335205078125,8405.json,NotBuggy
11,0.2926928699016571,2,1,106.15082550048828,9637.json,NotBuggy
4,0.7439913749694824,1,1,126.33003997802734,3733.json,NotBuggy
17,0.6551929712295532,4,8,93.1485366821289,7283.json,NotBuggy
2,0.001060432638041675,1,0,137.02120971679688,5875.json,NotBuggy
4,0.6161089539527893,1,0,126.19583892822266,8098.json,NotBuggy
4,0.5546901226043701,1,0,126.62725830078125,3315.json,NotBuggy
5,0.4003332853317261,1,2,119.1451187133789,8595.json,NotBuggy
10,0.6642636060714722,2,2,107.7701416015625,8026.json,NotBuggy
3,0.4328562617301941,1,0,132.4454345703125,8370.json,NotBuggy
8,0.272787868976593,2,2,109.89676666259766,165.json,NotBuggy
3,0.20601454377174377,1,0,131.1535186767578,3771.json,NotBuggy
7,0.8897873163223267,1,1,114.899169921875,4293.json,NotBuggy
4,0.9117460250854492,1,0,124.92120361328125,7087.json,NotBuggy
4,0.3858303725719452,1,0,125.91468811035156,1849.json,NotBuggy
4,0.8877882957458496,1,0,128.335205078125,1732.json,NotBuggy
4,0.774917483329773,1,0,127.25547790527344,3851.json,NotBuggy
13,0.023284979164600372,1,11,96.52412414550781,2264.json,NotBuggy
6,0.7275400757789612,1,3,116.4460220336914,8607.json,NotBuggy
4,0.13156922161579132,1,1,125.15235137939453,4212.json,NotBuggy
7,0.40483760833740234,2,4,113.80858612060547,2575.json,NotBuggy
5,0.003089715726673603,1,2,117.72811889648438,4306.json,NotBuggy
4,0.6212868690490723,1,2,126.33003997802734,6624.json,NotBuggy
3,0.4342241585254669,1,0,134.26058959960938,2570.json,NotBuggy
4,0.35338902473449707,1,0,128.936767578125,2991.json,NotBuggy
4,0.6381267309188843,1,0,127.27810668945312,3615.json,NotBuggy
16,0.5508335828781128,3,4,97.38845825195312,4448.json,NotBuggy
15,0.006135914474725723,2,5,94.81132507324219,1338.json,Buggy
41,0.0,2,25,70.74117279052734,6381.json,NotBuggy
4,0.3382229506969452,1,2,124.81353759765625,4149.json,NotBuggy
6,0.20031030476093292,2,3,116.04551696777344,10115.json,NotBuggy
5,0.17660880088806152,1,2,121.18380737304688,777.json,NotBuggy
4,0.6889647245407104,1,1,126.94251251220703,3548.json,NotBuggy
25,0.0029833526350557804,5,12,85.06076049804688,4497.json,Buggy
11,0.08304832875728607,3,6,103.48548889160156,6820.json,NotBuggy
4,0.8035091757774353,1,0,125.79222106933594,4642.json,NotBuggy
7,0.48897475004196167,2,1,116.48638916015625,8637.json,NotBuggy
6,0.05455324053764343,1,3,116.6322021484375,2367.json,NotBuggy
3,0.8829439282417297,1,0,132.9956512451172,10570.json,NotBuggy
4,0.3523438572883606,1,6,123.03022766113281,12.json,NotBuggy
3,0.8965228199958801,1,0,133.59722900390625,3140.json,NotBuggy
4,0.8255853652954102,1,0,127.59107971191406,11357.json,NotBuggy
5,0.013475417159497738,1,2,119.31893157958984,6153.json,Buggy
5,0.6182043552398682,1,1,121.54438018798828,6432.json,NotBuggy
4,0.34858202934265137,1,2,124.81353759765625,3569.json,NotBuggy
4,0.7524200081825256,1,0,128.936767578125,8459.json,NotBuggy
4,0.822588324546814,1,0,128.936767578125,7391.json,NotBuggy
4,0.9194732904434204,1,0,128.936767578125,8578.json,NotBuggy
11,0.7569466829299927,3,1,103.56175231933594,9005.json,NotBuggy
4,0.3740350902080536,1,1,127.42622375488281,6384.json,NotBuggy
4,0.7142916917800903,1,0,128.335205078125,2024.json,NotBuggy
4,0.7509353160858154,1,0,128.936767578125,2830.json,NotBuggy
4,0.518875002861023,1,0,128.13519287109375,10554.json,NotBuggy
3,0.8940334916114807,1,0,135.83412170410156,6024.json,NotBuggy
4,0.7577968239784241,1,0,125.96089172363281,2206.json,NotBuggy
17,0.027998672798275948,2,8,93.31195831298828,7670.json,NotBuggy
4,0.3928603529930115,1,1,126.33003997802734,1363.json,NotBuggy
4,0.31995049118995667,1,0,124.25267028808594,10658.json,NotBuggy
5,0.7947370409965515,2,2,117.50384521484375,4151.json,NotBuggy
6,0.4658837616443634,1,2,115.33721923828125,1399.json,NotBuggy
3,0.4342241585254669,1,0,134.26058959960938,10356.json,NotBuggy
11,0.4486564099788666,2,1,104.65874481201172,2756.json,NotBuggy
3,0.6153995394706726,1,1,130.99049377441406,2195.json,NotBuggy
4,0.8666210770606995,1,0,128.936767578125,10.json,NotBuggy
4,0.7400289177894592,1,0,128.936767578125,6758.json,NotBuggy
10,0.0016021482879295945,2,3,102.97545623779297,11398.json,NotBuggy
4,0.40457046031951904,1,1,126.33003997802734,4711.json,NotBuggy
6,0.4822566509246826,1,2,113.4896011352539,6490.json,Buggy
4,0.5657998919487,2,1,123.64862060546875,3835.json,NotBuggy
5,0.5686445236206055,1,3,121.30628204345703,542.json,NotBuggy
12,0.21428538858890533,2,4,102.44205474853516,11187.json,NotBuggy
56,4.478216578718275E-4,11,20,64.24201202392578,3586.json,NotBuggy
5,0.09034845232963562,1,5,119.94457244873047,6012.json,NotBuggy
6,0.7323192358016968,1,2,115.04825592041016,11083.json,NotBuggy
4,0.9085062742233276,1,0,128.936767578125,5171.json,NotBuggy
4,0.3000621795654297,1,0,125.41301727294922,10734.json,NotBuggy
3,0.8965228199958801,1,0,133.59722900390625,8481.json,NotBuggy
4,0.47877246141433716,1,1,127.59107971191406,7393.json,NotBuggy
11,0.025047803297638893,1,9,102.10846710205078,8635.json,NotBuggy
4,0.8538341522216797,1,0,128.936767578125,8435.json,NotBuggy
8,0.9830424785614014,2,1,112.90615844726562,4739.json,NotBuggy
5,0.3486708998680115,1,2,118.98002624511719,903.json,NotBuggy
8,0.2982672452926636,3,1,109.65406036376953,4553.json,NotBuggy
11,0.27336251735687256,3,1,105.1345443725586,1997.json,NotBuggy
12,0.7656014561653137,2,3,104.25218200683594,4381.json,Buggy
4,0.7065688967704773,1,0,125.96089172363281,8494.json,NotBuggy
4,0.6993170380592346,1,1,126.62725830078125,2382.json,NotBuggy
12,0.3089923858642578,2,6,101.53129577636719,6030.json,Buggy
4,0.9645673036575317,1,0,125.64796447753906,2770.json,NotBuggy
4,0.7308076024055481,1,1,126.19583892822266,3936.json,NotBuggy
4,0.8458864092826843,1,0,128.936767578125,8309.json,NotBuggy
44,0.0010501258075237274,2,13,73.51280212402344,776.json,NotBuggy
6,0.03400706499814987,1,0,116.71211242675781,3346.json,NotBuggy
11,0.12913155555725098,2,4,104.28820037841797,8940.json,NotBuggy
4,0.8918468356132507,1,0,128.335205078125,388.json,NotBuggy
4,0.53377765417099,1,0,127.78498840332031,4716.json,NotBuggy
14,0.24135170876979828,2,7,98.90132904052734,7327.json,NotBuggy
4,0.5013002157211304,1,0,125.5254898071289,3943.json,NotBuggy
15,0.5536651611328125,3,8,95.19406127929688,10432.json,NotBuggy
29,0.029408324509859085,5,19,80.27857971191406,5828.json,NotBuggy
4,0.7263882160186768,1,0,128.936767578125,3228.json,NotBuggy
29,0.0321328304708004,2,7,84.65982055664062,9200.json,NotBuggy
4,0.4618034362792969,1,0,128.936767578125,8215.json,NotBuggy
5,0.3521987795829773,1,0,122.03304290771484,2807.json,NotBuggy
16,0.5236037373542786,3,4,96.84086608886719,7568.json,Buggy
18,0.19926120340824127,4,3,93.09529876708984,8002.json,Buggy
4,0.707497239112854,1,2,126.1969985961914,1253.json,NotBuggy
3,0.5170156955718994,1,0,132.4454345703125,4305.json,NotBuggy
4,0.8998247981071472,1,0,127.78498840332031,8178.json,NotBuggy
4,0.9071936011314392,1,0,127.78498840332031,8477.json,NotBuggy
11,0.0,2,4,100.7413330078125,3994.json,NotBuggy
4,0.6012860536575317,1,0,128.335205078125,3688.json,NotBuggy
10,0.27207231521606445,1,2,107.22257232666016,4048.json,NotBuggy
4,0.09360294789075851,1,1,123.8484878540039,6806.json,NotBuggy
5,0.05527035892009735,1,0,122.03304290771484,10341.json,NotBuggy
4,0.5494244694709778,1,0,126.19583892822266,10222.json,NotBuggy
4,0.3612232506275177,1,0,126.19583892822266,2737.json,NotBuggy
8,0.06720580905675888,1,6,107.82987213134766,6607.json,NotBuggy
4,0.8908541798591614,1,0,128.335205078125,7397.json,NotBuggy
3,0.9082726240158081,1,0,135.83412170410156,399.json,NotBuggy
4,0.020488666370511055,1,0,128.936767578125,1203.json,NotBuggy
4,0.7302327752113342,1,0,125.67974090576172,363.json,NotBuggy
41,0.0,7,21,71.1406021118164,5225.json,Buggy
4,0.5902584791183472,1,0,126.4930648803711,1200.json,NotBuggy
23,0.07441485673189163,5,2,87.96538543701172,4302.json,NotBuggy
4,0.6429616808891296,1,0,126.62725830078125,3953.json,NotBuggy
4,0.06021625176072121,1,0,128.335205078125,3719.json,NotBuggy
18,0.017300913110375404,3,9,90.2458267211914,10108.json,NotBuggy
4,0.19329282641410828,1,0,124.58238983154297,4059.json,NotBuggy
8,0.7965950965881348,2,2,110.38101959228516,9226.json,NotBuggy
6,0.6492094993591309,1,1,116.990966796875,174.json,NotBuggy
4,0.8666210770606995,1,0,128.936767578125,2443.json,NotBuggy
4,0.2438768744468689,1,3,125.64796447753906,40.json,NotBuggy
23,0.05668696016073227,4,2,88.63128662109375,2353.json,Buggy
24,0.008726614527404308,6,10,86.16297149658203,7189.json,NotBuggy
3,0.9259207248687744,1,0,135.83412170410156,4836.json,NotBuggy
4,0.3562844693660736,1,2,124.81353759765625,3645.json,NotBuggy
4,0.7837295532226562,1,0,125.41301727294922,10225.json,NotBuggy
4,0.5669520497322083,1,0,126.37059020996094,3249.json,NotBuggy
5,0.8889869451522827,1,2,120.237548828125,10361.json,NotBuggy
12,0.2756893038749695,3,6,100.10354614257812,6738.json,NotBuggy
14,0.23679904639720917,3,9,96.5102310180664,6831.json,NotBuggy
9,0.8849180936813354,2,2,108.99663543701172,4887.json,NotBuggy
4,0.7308076024055481,1,1,126.19583892822266,3935.json,NotBuggy
17,0.004819425754249096,3,14,89.59127807617188,6072.json,NotBuggy
8,0.17849236726760864,2,4,110.22791290283203,1901.json,NotBuggy
4,0.022843824699521065,1,0,128.936767578125,2961.json,NotBuggy
5,0.9074850082397461,2,2,119.61820220947266,2868.json,NotBuggy
6,0.09633582085371017,1,1,117.39409637451172,8260.json,NotBuggy
3,0.4342241585254669,1,0,134.26058959960938,2632.json,NotBuggy
4,0.8764196038246155,1,0,126.80831146240234,3588.json,NotBuggy
5,0.09971121698617935,1,3,119.1451187133789,3332.json,Buggy
4,0.5378378629684448,1,0,128.936767578125,2958.json,NotBuggy
14,0.06804786622524261,3,8,97.55182647705078,1765.json,NotBuggy
4,0.30185097455978394,1,0,128.936767578125,372.json,NotBuggy
4,0.5839416980743408,1,1,124.39620971679688,889.json,NotBuggy
74,0.0,17,19,59.41466522216797,4594.json,NotBuggy
4,0.2522861659526825,1,2,125.78216552734375,7890.json,NotBuggy
16,0.22536763548851013,3,1,97.71101379394531,1424.json,NotBuggy
8,0.9409549832344055,3,2,108.32803344726562,9216.json,NotBuggy
7,0.02939990535378456,1,3,111.76954650878906,2340.json,NotBuggy
24,0.0025337315164506435,5,9,85.75543975830078,168.json,NotBuggy
5,0.02317376621067524,1,2,118.3609390258789,5207.json,NotBuggy
4,0.8576016426086426,1,0,126.4781494140625,9932.json,NotBuggy
5,0.2145851105451584,1,1,120.85002136230469,6430.json,NotBuggy
4,0.7074363827705383,1,0,126.62725830078125,1220.json,NotBuggy
4,0.4262581467628479,1,0,128.936767578125,6076.json,NotBuggy
4,0.3091537654399872,1,0,128.335205078125,1795.json,NotBuggy
4,0.700428307056427,1,0,127.94984436035156,9907.json,NotBuggy
4,0.09274140745401382,1,0,128.936767578125,8818.json,NotBuggy
4,0.39732688665390015,1,0,126.4930648803711,1573.json,NotBuggy
5,0.5315470099449158,1,2,123.32530975341797,6429.json,NotBuggy
4,0.8186964392662048,1,1,126.77537536621094,3494.json,NotBuggy
31,2.1879571431782097E-4,4,26,77.59493255615234,10248.json,NotBuggy
5,0.4403001666069031,1,2,121.18380737304688,784.json,NotBuggy
12,0.11953265964984894,3,4,99.8090591430664,6010.json,NotBuggy
8,0.717290461063385,2,2,112.6284408569336,6962.json,NotBuggy
4,0.7107987999916077,1,0,128.335205078125,8125.json,NotBuggy
9,0.16409164667129517,2,6,106.15443420410156,4471.json,Buggy
3,0.7552317380905151,1,0,134.26058959960938,2165.json,NotBuggy
4,0.9470752477645874,1,0,128.335205078125,10178.json,NotBuggy
8,0.05572262778878212,2,4,110.38101959228516,7978.json,Buggy
4,0.14290818572044373,1,1,125.02987670898438,9734.json,NotBuggy
4,0.782096803188324,1,0,128.936767578125,8454.json,NotBuggy
5,0.08532588183879852,1,0,122.03304290771484,2440.json,NotBuggy
17,0.027814233675599098,3,3,94.05545806884766,2384.json,NotBuggy
4,0.579012393951416,1,1,125.27178192138672,24.json,NotBuggy
41,0.0,7,15,71.28526306152344,1536.json,NotBuggy
4,0.9196385741233826,1,1,126.04888916015625,6620.json,NotBuggy
10,0.3690948784351349,2,1,106.97620391845703,8645.json,NotBuggy
4,0.6470536589622498,1,0,126.62725830078125,468.json,NotBuggy
13,0.07070427387952805,2,11,96.56352233886719,4893.json,NotBuggy
4,0.12270571291446686,1,1,127.59107971191406,3081.json,NotBuggy
4,0.8393871188163757,1,0,128.936767578125,4729.json,NotBuggy
12,0.0026105334982275963,2,4,100.25647735595703,6813.json,NotBuggy
12,0.4339793920516968,3,2,102.51143646240234,3926.json,NotBuggy
4,0.7340810894966125,1,0,128.936767578125,10342.json,NotBuggy
4,0.041640013456344604,1,1,126.77537536621094,112.json,NotBuggy
5,0.3730214834213257,1,0,122.03304290771484,2805.json,NotBuggy
4,0.5664354562759399,1,1,126.77537536621094,8673.json,NotBuggy
5,0.35779425501823425,1,0,122.03304290771484,11246.json,NotBuggy
13,0.04391836002469063,1,2,99.73443603515625,9725.json,NotBuggy
4,0.7074363827705383,1,0,126.62725830078125,5482.json,NotBuggy
26,0.1243857741355896,2,6,86.0533676147461,1978.json,NotBuggy
5,0.057628318667411804,1,0,122.03304290771484,1604.json,NotBuggy
9,0.8311405777931213,2,1,107.11756134033203,4475.json,Buggy
11,0.09741192311048508,2,3,105.2220687866211,288.json,NotBuggy
16,0.3097633719444275,3,3,94.00104522705078,1244.json,NotBuggy
4,0.9062095880508423,1,0,128.335205078125,6556.json,NotBuggy
4,0.86446613073349,1,0,128.335205078125,4589.json,NotBuggy
4,0.10204378515481949,1,0,123.8484878540039,10809.json,NotBuggy
5,0.24250918626785278,1,4,118.82000732421875,8319.json,NotBuggy
5,0.4655825197696686,1,6,117.1540298461914,10576.json,NotBuggy
4,0.9304185509681702,1,0,128.936767578125,4969.json,NotBuggy
3,0.4535239636898041,1,0,131.03103637695312,8419.json,NotBuggy
4,0.07200390845537186,1,2,123.65223693847656,2137.json,NotBuggy
4,0.5195464491844177,1,0,128.936767578125,242.json,NotBuggy
4,0.07611560821533203,1,2,124.57742309570312,1446.json,NotBuggy
4,0.4205917418003082,1,1,127.59107971191406,6552.json,NotBuggy
12,0.5318282246589661,2,3,103.65937805175781,2977.json,NotBuggy
4,0.9071936011314392,1,0,127.78498840332031,8159.json,NotBuggy
13,0.15511538088321686,2,3,99.58953094482422,1532.json,NotBuggy
4,0.941213071346283,1,0,128.335205078125,2132.json,NotBuggy
8,0.7718278765678406,2,3,112.50596618652344,10561.json,NotBuggy
4,0.4115647077560425,1,2,124.58238983154297,8631.json,NotBuggy
4,0.6381160020828247,1,0,126.19583892822266,4590.json,NotBuggy
4,0.018211418762803078,1,2,123.96495056152344,6711.json,NotBuggy
4,0.006541868671774864,1,1,122.93385314941406,10068.json,NotBuggy
4,0.6514268517494202,1,1,125.91468811035156,8766.json,NotBuggy
15,0.23482710123062134,3,6,95.26932525634766,7307.json,NotBuggy
7,0.12433765828609467,2,3,113.5693588256836,10317.json,NotBuggy
20,0.16410969197750092,4,2,91.51997375488281,7570.json,Buggy
4,0.3357243835926056,1,2,123.87862396240234,2496.json,NotBuggy
4,0.4910117983818054,1,1,126.62725830078125,4146.json,NotBuggy
8,0.3819834589958191,2,3,113.0059585571289,4345.json,Buggy
22,0.004497355315834284,5,2,87.9495620727539,10064.json,NotBuggy
19,4.22387063736096E-4,3,2,91.53971099853516,6822.json,NotBuggy
4,0.5248858332633972,1,1,127.59107971191406,8229.json,NotBuggy
39,2.593868994154036E-4,6,14,73.25833129882812,3195.json,NotBuggy
11,0.8342663645744324,2,1,105.66390228271484,801.json,NotBuggy
2,0.022523578256368637,1,0,137.02120971679688,5876.json,NotBuggy
15,0.20818914473056793,3,1,97.93230438232422,9537.json,NotBuggy
4,0.2297387570142746,1,1,126.0733642578125,8232.json,NotBuggy
12,0.44669321179389954,2,4,101.43409729003906,3941.json,NotBuggy
4,0.2719252407550812,1,1,125.78216552734375,4176.json,NotBuggy
4,0.2834913432598114,1,1,125.78216552734375,4177.json,NotBuggy
27,0.06371073424816132,6,13,83.4158706665039,9444.json,Buggy
4,0.788974940776825,1,0,128.936767578125,1206.json,NotBuggy
5,0.21893778443336487,1,4,118.82691955566406,8541.json,NotBuggy
4,0.6655430197715759,1,0,126.62725830078125,3677.json,NotBuggy
5,0.3427034914493561,1,2,119.94750213623047,5413.json,NotBuggy
4,0.1703653633594513,1,1,124.71717071533203,7623.json,NotBuggy
4,0.7663517594337463,1,1,128.13519287109375,74.json,NotBuggy
3,0.8697682023048401,1,0,134.26058959960938,852.json,NotBuggy
6,0.5605900287628174,2,2,115.40231323242188,9222.json,NotBuggy
4,0.19753319025039673,1,0,125.91468811035156,1857.json,NotBuggy
4,0.36139288544654846,1,1,125.67974090576172,7101.json,NotBuggy
6,0.8251043558120728,1,1,118.46134185791016,4137.json,NotBuggy
3,0.621843159198761,1,0,133.59722900390625,8330.json,NotBuggy
4,0.7772886753082275,1,0,128.936767578125,3139.json,NotBuggy
13,0.3341934382915497,2,4,100.64265441894531,9341.json,NotBuggy
7,0.00420593935996294,1,3,109.8782958984375,6842.json,NotBuggy
5,0.3078003525733948,1,0,122.03304290771484,7972.json,NotBuggy
4,0.9011735916137695,1,2,125.5254898071289,1789.json,NotBuggy
13,0.46342095732688904,2,6,98.7083740234375,10097.json,NotBuggy
12,0.5390607118606567,2,1,103.73362731933594,110.json,NotBuggy
4,0.009111467748880386,1,1,122.84404754638672,9759.json,NotBuggy
3,0.4491814076900482,1,1,132.25152587890625,2761.json,NotBuggy
4,0.13614815473556519,1,1,127.59107971191406,5093.json,NotBuggy
4,0.6425944566726685,1,0,126.62725830078125,8386.json,NotBuggy
8,0.4560030996799469,2,3,110.69730377197266,6581.json,NotBuggy
5,0.6443244218826294,1,0,120.74615478515625,5718.json,NotBuggy
4,0.6665561199188232,1,1,126.62725830078125,4169.json,NotBuggy
10,0.28503915667533875,2,4,103.25997924804688,6108.json,Buggy
12,0.21615464985370636,2,2,103.38563537597656,8515.json,NotBuggy
4,0.9333654046058655,1,0,127.27810668945312,8855.json,NotBuggy
4,0.6114357113838196,1,0,126.19583892822266,8520.json,NotBuggy
6,0.39536142349243164,2,1,116.13532257080078,3836.json,NotBuggy
24,0.012977729551494122,4,4,84.98970031738281,9345.json,NotBuggy
5,0.5931857228279114,1,3,121.91352844238281,960.json,NotBuggy
13,0.229261577129364,3,4,99.33538818359375,8757.json,NotBuggy
5,0.12651202082633972,1,4,118.6647720336914,6639.json,NotBuggy
11,0.02454867772758007,1,3,103.91849517822266,7598.json,Buggy
4,0.7414047718048096,1,2,126.62725830078125,2581.json,NotBuggy
22,0.047118861228227615,4,11,112.79637908935547,6950.json,Buggy
4,0.9004189372062683,1,0,127.78498840332031,8846.json,NotBuggy
16,0.3495500981807709,3,1,95.18128967285156,4209.json,NotBuggy
4,0.3022439777851105,1,0,128.936767578125,560.json,NotBuggy
4,0.9546328783035278,1,0,127.78498840332031,4867.json,NotBuggy
16,0.43773752450942993,4,3,96.63275909423828,3641.json,NotBuggy
7,0.03271741420030594,1,7,111.70404815673828,833.json,NotBuggy
15,0.38649386167526245,3,0,97.90828704833984,4332.json,NotBuggy
4,0.4241112768650055,1,0,128.936767578125,7971.json,NotBuggy
9,0.9242207407951355,2,5,109.56678771972656,10430.json,NotBuggy
4,0.10170993208885193,1,1,125.02987670898438,1267.json,NotBuggy
4,0.38218629360198975,1,1,126.77537536621094,121.json,NotBuggy
4,0.8167054057121277,2,1,123.09532165527344,9214.json,NotBuggy
6,0.005243021994829178,1,0,116.11265563964844,2031.json,NotBuggy
4,0.5930801630020142,1,1,126.94251251220703,6414.json,NotBuggy
12,0.596216082572937,3,1,102.63379669189453,7367.json,NotBuggy
6,0.15064236521720886,2,4,113.38532257080078,8421.json,NotBuggy
5,0.18028728663921356,1,2,120.3299331665039,6171.json,NotBuggy
11,0.8342663645744324,2,1,105.66390228271484,802.json,NotBuggy
4,0.8890003561973572,1,0,128.936767578125,1764.json,NotBuggy
26,0.005426823627203703,4,17,82.82368469238281,10272.json,NotBuggy
12,0.8132249116897583,1,1,106.25120544433594,6438.json,NotBuggy
9,0.1936856359243393,2,4,108.41826629638672,2744.json,NotBuggy
4,0.8666210770606995,1,0,128.936767578125,3633.json,NotBuggy
20,0.2840272784233093,5,0,90.5469741821289,4333.json,NotBuggy
5,0.006079893093556166,1,0,118.99382781982422,11261.json,NotBuggy
5,0.21893778443336487,1,4,118.82691955566406,8546.json,NotBuggy
4,0.9592214822769165,1,0,125.67974090576172,10144.json,NotBuggy
4,0.801550030708313,1,2,127.09062194824219,4576.json,NotBuggy
5,0.7358015179634094,2,1,119.55464172363281,1776.json,NotBuggy
11,0.5664793848991394,2,4,105.25720977783203,1162.json,NotBuggy
4,0.120168037712574,1,0,126.19583892822266,1864.json,NotBuggy
4,0.4978857934474945,1,1,124.361083984375,5735.json,NotBuggy
9,0.08513932675123215,3,6,105.09672546386719,5830.json,NotBuggy
7,0.038104280829429626,1,5,111.11779022216797,6514.json,NotBuggy
26,0.00967876985669136,6,10,83.15857696533203,8920.json,Buggy
4,0.6660944223403931,1,1,126.62725830078125,856.json,Buggy
4,0.3000621795654297,1,0,125.41301727294922,4592.json,NotBuggy
25,0.02364433743059635,3,13,85.30860137939453,5203.json,NotBuggy
8,0.7680873274803162,2,2,111.38506317138672,4446.json,Buggy
11,0.03315029665827751,3,8,122.1469497680664,5665.json,NotBuggy
4,0.8105234503746033,1,0,128.936767578125,545.json,NotBuggy
3,0.8478659987449646,1,0,130.45266723632812,10873.json,NotBuggy
4,0.5748418569564819,1,0,126.62725830078125,5470.json,NotBuggy
4,0.8252912759780884,1,0,128.936767578125,11336.json,NotBuggy
4,0.17065277695655823,1,0,128.936767578125,2379.json,NotBuggy
4,0.0603913813829422,1,1,127.42622375488281,6150.json,NotBuggy
4,0.5813150405883789,1,0,125.67974090576172,5867.json,NotBuggy
4,0.5297818779945374,2,2,121.76012420654297,9044.json,NotBuggy
3,0.79073166847229,1,0,132.9956512451172,5853.json,NotBuggy
22,0.4318172335624695,1,3,89.70265197753906,9727.json,NotBuggy
4,0.41863134503364563,1,2,125.39425659179688,3180.json,NotBuggy
4,0.7179549336433411,1,2,126.62725830078125,4120.json,NotBuggy
5,0.13411454856395721,1,1,118.51167297363281,2276.json,NotBuggy
15,0.07184385508298874,2,4,96.18528747558594,8694.json,NotBuggy
5,0.1485675424337387,1,4,119.66572570800781,10239.json,NotBuggy
4,0.8447638154029846,1,0,126.62725830078125,7599.json,NotBuggy
5,0.9742231369018555,2,5,119.2891616821289,4845.json,NotBuggy
4,0.5497488379478455,1,1,126.62725830078125,2248.json,NotBuggy
4,0.0023451705928891897,1,0,128.335205078125,1832.json,NotBuggy
6,0.5838792324066162,2,2,117.0499496459961,3372.json,NotBuggy
5,0.015554509125649929,1,2,118.74115753173828,8135.json,NotBuggy
4,0.7187479138374329,1,1,126.0733642578125,3006.json,NotBuggy
18,3.359476977493614E-4,4,7,91.07127380371094,3998.json,NotBuggy
4,0.6845830678939819,1,1,127.09062194824219,5542.json,NotBuggy
6,0.19247865676879883,1,5,115.4073257446289,6682.json,NotBuggy
6,0.8487288355827332,1,3,116.53829956054688,3723.json,NotBuggy
3,0.467915803194046,1,0,132.4454345703125,8292.json,NotBuggy
16,0.3743492662906647,3,4,96.52930450439453,3674.json,NotBuggy
4,0.6151044964790344,1,0,124.58238983154297,10143.json,NotBuggy
4,0.8066531419754028,1,1,126.19583892822266,6406.json,NotBuggy
4,0.6032748222351074,1,0,127.59107971191406,11367.json,NotBuggy
16,0.3578811287879944,2,4,95.30040740966797,6313.json,Buggy
8,0.6635430455207825,2,1,111.64537811279297,8901.json,NotBuggy
4,0.9480722546577454,1,0,128.335205078125,11428.json,NotBuggy
4,0.873336136341095,1,0,128.335205078125,1278.json,NotBuggy
13,0.10269183665513992,3,7,98.34442138671875,5671.json,NotBuggy
4,0.7245550751686096,1,0,128.936767578125,6653.json,NotBuggy
17,0.3372431993484497,2,4,93.19766998291016,9519.json,Buggy
12,0.6238179206848145,2,2,104.17332458496094,5726.json,NotBuggy
8,0.006862767040729523,1,2,107.89441680908203,6048.json,Buggy
4,0.021421870216727257,1,0,128.936767578125,1648.json,NotBuggy
4,0.9127364754676819,1,0,127.78498840332031,5251.json,NotBuggy
5,0.2955840229988098,1,2,120.85002136230469,5476.json,NotBuggy
4,0.4030773937702179,1,1,125.30915069580078,5062.json,NotBuggy
4,0.40365952253341675,1,0,127.27810668945312,831.json,NotBuggy
19,0.20694737136363983,4,5,90.52393341064453,2101.json,Buggy
11,0.0978434607386589,1,3,104.32784271240234,7624.json,NotBuggy
4,0.321682333946228,1,1,125.30915069580078,5099.json,NotBuggy
24,0.01796405389904976,5,6,86.74281311035156,1626.json,NotBuggy
4,0.8804734945297241,1,1,126.77537536621094,3202.json,NotBuggy
19,0.41793736815452576,4,3,93.34056091308594,8375.json,NotBuggy
4,0.8133300542831421,1,1,127.78498840332031,4385.json,NotBuggy
58,0.0,10,35,63.81816482543945,4896.json,NotBuggy
4,0.5174735188484192,1,0,127.27810668945312,5264.json,NotBuggy
5,0.5814873576164246,1,1,118.7568130493164,7363.json,NotBuggy
8,0.07698500901460648,3,1,108.83756256103516,4556.json,NotBuggy
4,0.7936137914657593,1,1,127.42622375488281,1782.json,NotBuggy
9,0.020614231005311012,2,6,106.31460571289062,6033.json,NotBuggy
4,0.46479010581970215,1,0,125.67974090576172,6521.json,NotBuggy
4,0.8960137963294983,1,0,128.936767578125,3337.json,NotBuggy
6,0.5031310319900513,1,2,116.4616928100586,11113.json,NotBuggy
21,0.07031552493572235,3,9,87.89552307128906,6003.json,NotBuggy
9,0.25141966342926025,3,2,106.365478515625,4555.json,NotBuggy
4,0.677168607711792,1,0,128.936767578125,10682.json,NotBuggy
4,0.05693541839718819,1,0,127.78498840332031,7389.json,NotBuggy
4,0.8398302793502808,1,0,124.58238983154297,428.json,Buggy
3,0.810197114944458,1,0,132.4454345703125,4523.json,NotBuggy
11,0.3998393714427948,2,2,105.89815521240234,4982.json,NotBuggy
4,0.6826944947242737,1,0,128.936767578125,3837.json,NotBuggy
4,0.054781317710876465,1,0,127.09062194824219,6416.json,NotBuggy
4,0.5867179036140442,1,0,128.335205078125,2771.json,NotBuggy
3,0.5575407147407532,1,0,131.60296630859375,8491.json,NotBuggy
4,0.7136598825454712,1,1,125.79222106933594,3473.json,NotBuggy
7,0.04366837069392204,1,7,109.38072967529297,1266.json,NotBuggy
4,0.28639352321624756,1,2,125.27178192138672,4951.json,NotBuggy
6,0.09813646227121353,1,4,115.11836242675781,8032.json,NotBuggy
5,0.6910296082496643,1,4,121.67162322998047,10713.json,NotBuggy
4,0.839889407157898,1,0,128.335205078125,3670.json,NotBuggy
4,0.7283926010131836,1,0,128.335205078125,11295.json,NotBuggy
22,0.0022888171952217817,2,9,87.67198181152344,6480.json,Buggy
6,0.7435156106948853,1,5,114.45925903320312,10839.json,NotBuggy
7,0.7056314945220947,2,1,111.53955078125,9473.json,NotBuggy
4,0.625691294670105,1,0,127.78498840332031,4966.json,NotBuggy
4,0.9041775465011597,1,1,127.42622375488281,3671.json,NotBuggy
7,0.715374767780304,1,2,114.78669738769531,3914.json,NotBuggy
4,0.7680621147155762,1,1,126.4930648803711,2611.json,NotBuggy
4,0.0015190839767456055,1,2,122.8651351928711,6790.json,NotBuggy
5,0.09406635910272598,1,2,119.75839233398438,6554.json,NotBuggy
10,0.09518660604953766,1,6,103.10189819335938,1507.json,NotBuggy
4,0.25346747040748596,1,1,124.39620971679688,10295.json,NotBuggy
50,4.1158823296427727E-4,8,24,68.28500366210938,7694.json,NotBuggy
4,0.6335639357566833,1,1,126.62725830078125,4199.json,NotBuggy
5,0.2406470626592636,1,0,122.7151107788086,5685.json,Buggy
35,2.637636789586395E-4,6,21,75.75824737548828,6181.json,Buggy
6,0.23866762220859528,1,2,117.39409637451172,6622.json,NotBuggy
4,0.941213071346283,1,0,128.335205078125,2131.json,NotBuggy
4,0.5649566054344177,1,0,127.78498840332031,3727.json,NotBuggy
5,0.6905261278152466,2,2,118.28166961669922,6461.json,NotBuggy
4,0.08610756695270538,1,1,124.39620971679688,532.json,NotBuggy
11,0.8179581165313721,2,4,103.18681335449219,3684.json,NotBuggy
4,0.17491640150547028,1,0,128.936767578125,3032.json,NotBuggy
4,0.5230767726898193,1,0,126.80831146240234,10363.json,NotBuggy
8,0.6180073022842407,2,1,112.58973693847656,8691.json,NotBuggy
13,0.10070602595806122,2,5,99.3399429321289,6164.json,Buggy
4,0.9521316289901733,1,0,128.936767578125,4219.json,NotBuggy
12,0.06771962344646454,1,2,101.07559967041016,11326.json,NotBuggy
4,0.7205467224121094,1,1,126.33003997802734,8881.json,Buggy
4,0.3892638087272644,1,0,123.96495056152344,4792.json,NotBuggy
4,0.9277737140655518,1,0,125.5254898071289,6104.json,NotBuggy
4,0.001635906519368291,1,1,122.4349365234375,224.json,NotBuggy
4,0.9045886397361755,1,0,128.936767578125,3662.json,NotBuggy
26,0.07412446290254593,6,5,84.37627410888672,292.json,NotBuggy
10,0.004245608579367399,2,4,104.22942352294922,1366.json,NotBuggy
11,0.42362114787101746,2,1,105.5829086303711,4938.json,NotBuggy
15,0.13270530104637146,2,4,95.59965515136719,10197.json,NotBuggy
4,0.7608188986778259,1,0,128.335205078125,5032.json,NotBuggy
4,0.7599596381187439,1,0,128.936767578125,8166.json,NotBuggy
10,0.18839065730571747,2,4,104.07876586914062,10205.json,NotBuggy
7,0.9231789708137512,1,0,114.59758758544922,5396.json,NotBuggy
4,0.8382178544998169,1,0,128.936767578125,8747.json,NotBuggy
4,0.576741099357605,1,1,127.59107971191406,6350.json,NotBuggy
11,0.4219377040863037,2,3,105.81700134277344,555.json,NotBuggy
4,0.6564409136772156,1,2,127.77642822265625,10475.json,NotBuggy
17,0.30358219146728516,3,3,94.33605194091797,8898.json,NotBuggy
5,0.7847693562507629,1,1,120.53388214111328,7292.json,NotBuggy
4,0.8197629451751709,1,1,127.42622375488281,8180.json,NotBuggy
5,0.8622373938560486,1,3,121.77933502197266,2601.json,NotBuggy
4,0.5426672101020813,1,0,126.19583892822266,379.json,Buggy
4,0.9028989672660828,1,0,127.27810668945312,10578.json,NotBuggy
4,0.4439457952976227,1,2,127.09062194824219,3083.json,NotBuggy
3,0.84250807762146,1,0,131.60296630859375,3607.json,NotBuggy
4,0.40560591220855713,1,1,126.77537536621094,122.json,NotBuggy
9,0.4473453462123871,2,1,108.60879516601562,4546.json,NotBuggy
4,0.2062510997056961,1,0,125.91468811035156,1847.json,NotBuggy
4,0.006011903285980225,1,0,128.936767578125,5781.json,NotBuggy
4,0.7245108485221863,1,1,125.91468811035156,8192.json,NotBuggy
4,0.6363331079483032,1,0,127.27810668945312,5267.json,NotBuggy
15,1.5581853222101927E-4,2,4,94.51993560791016,9003.json,NotBuggy
8,0.46584710478782654,2,2,111.0571060180664,2299.json,NotBuggy
11,0.05790954455733299,2,4,103.73735046386719,10653.json,NotBuggy
4,0.6541018486022949,1,2,126.33003997802734,6718.json,NotBuggy
14,0.30042797327041626,2,3,99.60921478271484,66.json,NotBuggy
4,0.7035584449768066,1,0,128.936767578125,6107.json,NotBuggy
5,0.18229073286056519,1,0,120.7502212524414,5195.json,NotBuggy
11,0.7043190598487854,2,1,105.37218475341797,5028.json,NotBuggy
21,0.03945804014801979,3,5,89.533447265625,2256.json,NotBuggy
8,0.6613878011703491,2,2,111.38506317138672,9446.json,NotBuggy
4,0.8143804669380188,1,0,128.936767578125,8199.json,NotBuggy
4,0.3472060263156891,1,0,128.936767578125,8212.json,NotBuggy
4,0.21494059264659882,1,0,125.0554428100586,6259.json,NotBuggy
4,0.5168933868408203,1,1,126.62725830078125,3215.json,NotBuggy
4,5.690758116543293E-4,1,0,120.76844787597656,11158.json,NotBuggy
16,0.07683120667934418,2,5,95.4154281616211,2518.json,NotBuggy
4,0.7216107845306396,1,0,126.62725830078125,5495.json,NotBuggy
4,0.029456792399287224,1,1,123.94486236572266,9756.json,NotBuggy
7,0.02892489917576313,3,7,108.1506576538086,1525.json,Buggy
4,0.8689213991165161,1,0,125.27178192138672,4480.json,NotBuggy
4,0.4818480312824249,1,0,127.59107971191406,5122.json,NotBuggy
3,0.8407611846923828,1,0,133.59722900390625,10158.json,NotBuggy
9,0.19592410326004028,2,2,107.78602600097656,1817.json,NotBuggy
4,0.7381846904754639,1,0,127.78498840332031,1428.json,NotBuggy
6,0.3260987102985382,1,2,117.0948257446289,4918.json,NotBuggy
4,0.3101028800010681,1,0,127.77642822265625,715.json,NotBuggy
4,0.9252772331237793,1,1,129.14767456054688,7018.json,NotBuggy
5,0.19016437232494354,1,0,122.03304290771484,2913.json,NotBuggy
12,0.05725976824760437,1,2,102.44081115722656,2383.json,NotBuggy
12,0.5499320030212402,2,2,103.45993041992188,5038.json,NotBuggy
5,0.2565937340259552,1,1,121.6568603515625,6086.json,Buggy
25,0.06320275366306305,7,6,83.33367156982422,9212.json,NotBuggy
9,0.9588807821273804,1,1,109.78439331054688,3359.json,NotBuggy
4,0.9048808813095093,1,1,129.14767456054688,4133.json,NotBuggy
3,0.43898385763168335,1,0,132.4454345703125,8287.json,NotBuggy
4,0.8734094500541687,1,0,127.78498840332031,7469.json,NotBuggy
5,0.46265023946762085,1,0,120.03731536865234,5721.json,NotBuggy
4,0.8942198157310486,1,0,128.936767578125,3115.json,NotBuggy
16,0.18247953057289124,2,2,96.37100982666016,4301.json,Buggy
5,0.43521684408187866,1,8,117.22039794921875,13.json,NotBuggy
13,0.2295401692390442,3,5,100.3274917602539,4656.json,NotBuggy
4,0.8720625042915344,1,1,129.14767456054688,3501.json,NotBuggy
4,0.05703439563512802,1,0,128.335205078125,3718.json,NotBuggy
11,0.5818422436714172,2,1,103.73468780517578,6182.json,Buggy
5,0.5214852094650269,1,0,122.03304290771484,6686.json,NotBuggy
4,0.942288875579834,1,0,128.936767578125,5479.json,NotBuggy
4,0.8595547080039978,1,1,127.42622375488281,8278.json,NotBuggy
4,0.2260243147611618,1,3,123.94486236572266,3086.json,NotBuggy
5,0.038141995668411255,1,2,116.86970520019531,11434.json,NotBuggy
16,0.0020231427624821663,3,13,92.30084991455078,5687.json,NotBuggy
4,0.07391991466283798,1,0,128.936767578125,10875.json,NotBuggy
4,0.7551290392875671,1,0,128.936767578125,2433.json,NotBuggy
3,0.9897415637969971,1,0,135.83412170410156,551.json,NotBuggy
11,0.3556848168373108,2,5,103.30376434326172,3267.json,NotBuggy
16,0.06205739453434944,3,8,92.95203399658203,7419.json,NotBuggy
5,0.23876947164535522,1,0,122.03304290771484,2423.json,NotBuggy
24,0.002288597635924816,3,20,83.65755462646484,5800.json,Buggy
4,0.29218122363090515,1,0,127.59107971191406,10221.json,NotBuggy
4,0.020213961601257324,1,5,122.8651351928711,8274.json,NotBuggy
4,0.7032466530799866,1,0,126.19583892822266,3709.json,NotBuggy
9,0.0,1,8,102.608642578125,607.json,NotBuggy
13,0.761385977268219,3,3,100.7091064453125,9730.json,NotBuggy
4,0.8056323528289795,1,0,125.79222106933594,6748.json,NotBuggy
3,0.8970333337783813,1,0,133.59722900390625,8720.json,NotBuggy
7,0.5369082093238831,3,3,110.07502746582031,10370.json,NotBuggy
4,0.1713707000017166,1,0,121.84000396728516,4743.json,NotBuggy
8,0.19948139786720276,2,3,109.62400817871094,19.json,NotBuggy
5,0.12262001633644104,1,0,120.53388214111328,3344.json,NotBuggy
30,0.00221882201731205,5,22,78.55003356933594,7360.json,Buggy
12,0.437428742647171,2,5,99.64947509765625,8649.json,NotBuggy
4,0.5807799100875854,1,0,127.59107971191406,10706.json,NotBuggy
4,0.20310993492603302,1,1,125.27178192138672,2568.json,NotBuggy
5,0.3712385892868042,1,0,120.03731536865234,5719.json,NotBuggy
5,0.40960824489593506,1,3,121.91352844238281,4315.json,Buggy
4,0.702201783657074,1,0,128.936767578125,103.json,NotBuggy
15,0.0963684469461441,3,2,96.82135009765625,2284.json,NotBuggy
5,0.38746657967567444,1,4,119.94457244873047,846.json,NotBuggy
5,0.4278322756290436,1,1,120.96746826171875,5526.json,NotBuggy
4,0.7580105662345886,1,3,122.44184875488281,6680.json,NotBuggy
9,0.1329767256975174,2,1,107.7779541015625,5412.json,NotBuggy
8,8.137825643643737E-4,1,1,108.21829223632812,7409.json,NotBuggy
4,0.15007612109184265,1,4,123.94486236572266,5940.json,NotBuggy
5,0.5404021739959717,2,1,119.10881042480469,5921.json,NotBuggy
4,0.6169286370277405,1,1,127.59107971191406,8668.json,NotBuggy
4,0.4717109501361847,1,0,125.41301727294922,8040.json,NotBuggy
4,0.28263285756111145,1,0,127.59107971191406,10101.json,NotBuggy
14,0.5455752611160278,2,9,97.63198852539062,11056.json,NotBuggy
4,0.12298295646905899,1,3,124.6862564086914,6613.json,NotBuggy
4,0.7844771146774292,1,1,127.59107971191406,8558.json,NotBuggy
4,0.04246646910905838,1,0,124.7987289428711,5196.json,NotBuggy
5,0.5276055335998535,2,1,119.18305969238281,5834.json,NotBuggy
4,0.8384493589401245,1,0,128.335205078125,3049.json,NotBuggy
4,0.20172296464443207,1,2,125.78216552734375,7892.json,NotBuggy
6,0.008180547505617142,1,3,115.98135375976562,8823.json,NotBuggy
9,0.2630823254585266,2,2,107.00572967529297,6830.json,NotBuggy
4,0.5258476138114929,1,0,126.62725830078125,8725.json,NotBuggy
7,0.11475380510091782,1,2,111.41885375976562,6628.json,NotBuggy
6,0.8872265219688416,1,4,117.71513366699219,10838.json,NotBuggy
6,0.9330936670303345,2,3,114.28350830078125,7610.json,NotBuggy
4,0.6677531003952026,1,0,125.67974090576172,1388.json,NotBuggy
4,0.5430387854576111,1,1,126.19583892822266,1783.json,NotBuggy
4,0.488756000995636,1,0,125.96089172363281,5041.json,NotBuggy
14,5.072098574601114E-4,1,15,94.89450073242188,5549.json,NotBuggy
4,0.12197630107402802,1,0,128.936767578125,7083.json,NotBuggy
5,0.4297935366630554,1,0,120.6497802734375,5618.json,NotBuggy
4,0.10944601148366928,1,1,126.62725830078125,2606.json,NotBuggy
4,0.37576329708099365,1,0,127.78498840332031,2477.json,NotBuggy
4,0.8139982223510742,1,1,127.09062194824219,6866.json,NotBuggy
3,0.07730627804994583,1,0,131.60296630859375,6558.json,NotBuggy
5,0.17660880088806152,1,2,121.18380737304688,772.json,NotBuggy
4,0.46667927503585815,1,0,126.62725830078125,4985.json,NotBuggy
4,0.7387838959693909,1,1,127.42622375488281,8280.json,NotBuggy
9,0.4419676661491394,2,3,107.78602600097656,6557.json,NotBuggy
12,0.13703836500644684,2,5,100.57949829101562,3751.json,NotBuggy
19,0.04819296672940254,2,3,92.09168243408203,10296.json,NotBuggy
5,0.05590427294373512,1,5,118.68785095214844,4406.json,NotBuggy
9,0.7637380361557007,2,2,108.989013671875,6124.json,NotBuggy
4,0.29129558801651,1,0,124.92120361328125,712.json,NotBuggy
7,0.21203893423080444,2,1,113.54827117919922,8246.json,NotBuggy
4,0.7221628427505493,1,0,126.62725830078125,3956.json,NotBuggy
3,0.3697088360786438,1,3,130.05470275878906,10138.json,NotBuggy
3,0.6037789583206177,1,0,132.4454345703125,2205.json,NotBuggy
11,0.9458708763122559,4,1,102.34815216064453,76.json,NotBuggy
20,0.13091501593589783,4,8,89.80773162841797,56.json,NotBuggy
2,0.022523578256368637,1,0,137.02120971679688,5874.json,NotBuggy
16,0.012306214310228825,5,7,92.92367553710938,295.json,NotBuggy
4,0.6889214515686035,1,1,127.59107971191406,8360.json,NotBuggy
4,0.4489274322986603,1,1,126.94251251220703,6415.json,NotBuggy
30,0.0,6,9,79.49327087402344,3904.json,NotBuggy
4,0.8273858428001404,1,0,128.936767578125,3753.json,NotBuggy
4,0.5738475918769836,1,1,127.59107971191406,3216.json,NotBuggy
4,0.7509443163871765,1,1,125.27178192138672,5585.json,NotBuggy
4,0.4309965968132019,1,1,127.25547790527344,4719.json,NotBuggy
5,0.4070187509059906,1,2,121.30628204345703,11283.json,NotBuggy
4,0.48375019431114197,1,1,126.62725830078125,4014.json,NotBuggy
8,0.796749472618103,2,2,111.64537811279297,1664.json,Buggy
4,0.6545737981796265,1,1,126.19583892822266,2976.json,NotBuggy
7,0.1368417739868164,2,4,111.66191101074219,7418.json,NotBuggy
3,0.9526554346084595,1,0,136.79171752929688,4338.json,NotBuggy
4,0.9592415690422058,1,0,128.936767578125,3335.json,NotBuggy
4,0.38029634952545166,1,0,128.936767578125,8819.json,NotBuggy
4,0.8396263718605042,1,1,124.71717071533203,6099.json,NotBuggy
4,0.7623118758201599,1,0,128.335205078125,1391.json,NotBuggy
4,0.95363450050354,1,1,127.94984436035156,14.json,NotBuggy
18,0.08065582811832428,4,7,91.53345489501953,6987.json,Buggy
4,0.9318931102752686,1,1,127.78498840332031,4401.json,NotBuggy
5,0.8124828934669495,1,2,120.85002136230469,546.json,NotBuggy
23,1.285465550608933E-4,3,16,84.9437255859375,2501.json,Buggy
5,0.011074207723140717,1,7,117.24520874023438,8054.json,NotBuggy
7,0.28891482949256897,2,5,108.91004943847656,6242.json,NotBuggy
4,0.9097369909286499,1,0,127.27810668945312,837.json,NotBuggy
4,0.0032376667950302362,1,0,126.62725830078125,1654.json,NotBuggy
4,0.4437752366065979,1,1,128.5205535888672,7639.json,NotBuggy
4,0.8954928517341614,1,0,128.335205078125,8715.json,NotBuggy
4,0.2978610396385193,1,0,124.1749038696289,2034.json,NotBuggy
4,0.8022045493125916,1,0,128.335205078125,8409.json,NotBuggy
10,0.9117096066474915,2,2,105.39556884765625,8050.json,NotBuggy
4,0.18301425874233246,1,1,127.59107971191406,10696.json,NotBuggy
7,0.8298777937889099,2,2,113.80858612060547,9230.json,NotBuggy
3,0.8762468099594116,1,0,135.83412170410156,1153.json,NotBuggy
4,0.7020737528800964,1,0,128.335205078125,6829.json,NotBuggy
26,0.007482442073523998,5,6,81.14759826660156,11420.json,NotBuggy
39,0.0,7,25,73.31137084960938,7975.json,Buggy
3,0.994831919670105,1,0,135.83412170410156,5416.json,NotBuggy
14,0.2205810248851776,3,2,98.70685577392578,4710.json,NotBuggy
10,0.32526057958602905,2,5,106.9085693359375,6175.json,NotBuggy
3,0.40424174070358276,1,0,131.60296630859375,6517.json,NotBuggy
76,0.0,10,24,57.93646240234375,9136.json,NotBuggy
5,0.737295389175415,1,1,122.7151107788086,5909.json,NotBuggy
4,0.4994904398918152,1,1,125.78216552734375,10740.json,Buggy
4,0.056229133158922195,1,1,125.5254898071289,6052.json,NotBuggy
7,0.5474569201469421,2,0,114.96893310546875,11441.json,NotBuggy
4,0.23242656886577606,1,1,127.59107971191406,7521.json,NotBuggy
4,0.4554266929626465,1,1,127.59107971191406,5092.json,NotBuggy
9,0.5973007678985596,2,2,105.70185852050781,8868.json,Buggy
10,0.16575607657432556,2,2,103.59024810791016,3646.json,NotBuggy
4,0.5053805708885193,2,0,123.61848449707031,9518.json,NotBuggy
5,4.724851460196078E-4,1,1,118.54136657714844,1534.json,NotBuggy
6,0.26591452956199646,2,3,115.50424194335938,6684.json,NotBuggy
9,0.14425702393054962,2,1,108.91262817382812,7967.json,NotBuggy
4,0.8298585414886475,1,1,127.59107971191406,10252.json,NotBuggy
23,0.21495643258094788,4,8,113.57221221923828,11328.json,NotBuggy
4,0.9702804088592529,1,0,126.80831146240234,3913.json,NotBuggy
3,0.9822566509246826,1,1,129.57785034179688,7308.json,NotBuggy
7,0.5474569201469421,2,0,114.96893310546875,11419.json,NotBuggy
4,0.8547866344451904,1,0,128.936767578125,5020.json,NotBuggy
7,0.38538432121276855,1,1,115.09542083740234,8132.json,NotBuggy
4,0.8432402610778809,1,0,128.936767578125,8443.json,NotBuggy
4,0.47124141454696655,1,1,127.09062194824219,3210.json,NotBuggy
6,0.6499531269073486,2,2,115.40231323242188,5913.json,Buggy
4,0.8013190031051636,1,1,127.94984436035156,866.json,NotBuggy
4,0.004403415136039257,1,0,123.48088836669922,6707.json,NotBuggy
4,0.70558100938797,1,0,126.62725830078125,480.json,NotBuggy
4,0.7702072262763977,1,0,128.936767578125,8681.json,NotBuggy
4,0.7673078775405884,1,0,126.62725830078125,1218.json,NotBuggy
5,0.3467329740524292,1,5,118.3609390258789,8537.json,NotBuggy
4,0.29019299149513245,1,0,128.936767578125,4901.json,NotBuggy
7,0.8009641766548157,2,1,116.6344985961914,1992.json,Buggy
4,0.8862907886505127,1,0,127.78498840332031,8847.json,NotBuggy
13,0.18978138267993927,3,4,98.7625503540039,2002.json,NotBuggy
4,0.003995706792920828,1,2,126.1969985961914,10235.json,NotBuggy
4,0.4373559057712555,1,0,128.936767578125,10760.json,NotBuggy
9,0.4517899751663208,2,3,108.3258285522461,7564.json,NotBuggy
5,0.607691764831543,1,3,138.9843292236328,10847.json,NotBuggy
5,0.04427872225642204,1,6,118.00186920166016,1212.json,NotBuggy
4,0.7514127492904663,2,1,123.94490051269531,8531.json,NotBuggy
13,0.39539262652397156,3,7,98.80685424804688,3247.json,NotBuggy
4,0.8104403614997864,1,0,128.936767578125,5500.json,NotBuggy
6,0.24228273332118988,1,1,117.02482604980469,5154.json,NotBuggy
17,3.373339422978461E-4,1,13,89.95589447021484,10168.json,Buggy
10,0.31339699029922485,3,3,106.31856536865234,4213.json,NotBuggy
5,0.9728295803070068,1,2,122.58207702636719,10961.json,NotBuggy
4,0.5573371648788452,1,0,128.936767578125,2416.json,NotBuggy
4,0.9206367135047913,1,0,128.936767578125,647.json,NotBuggy
4,0.8496557474136353,1,0,128.335205078125,4203.json,NotBuggy
4,0.8507699966430664,1,0,126.94251251220703,6749.json,NotBuggy
4,0.44418004155158997,1,1,125.0554428100586,7667.json,NotBuggy
4,0.12048227339982986,1,1,125.02987670898438,7527.json,NotBuggy
4,0.8384882211685181,1,0,127.27810668945312,2842.json,NotBuggy
3,0.05692566558718681,1,1,129.57785034179688,8341.json,NotBuggy
10,0.16621200740337372,3,4,103.81948852539062,1984.json,Buggy
4,0.42346835136413574,1,0,124.48761749267578,9498.json,NotBuggy
8,0.5550597906112671,2,2,111.0571060180664,4470.json,Buggy
7,0.05582411214709282,2,4,111.41020202636719,10818.json,NotBuggy
4,0.8350517153739929,1,0,128.936767578125,8465.json,NotBuggy
4,0.9073702096939087,1,0,127.78498840332031,5934.json,NotBuggy
4,0.7039355635643005,1,1,129.14767456054688,867.json,NotBuggy
4,0.7988258004188538,1,0,126.62725830078125,6551.json,NotBuggy
12,0.41645699739456177,2,1,103.12628936767578,873.json,NotBuggy
9,0.8997371792793274,2,2,108.18335723876953,5995.json,NotBuggy
4,0.6228318810462952,1,0,128.936767578125,8478.json,NotBuggy
4,0.20904769003391266,1,1,127.59107971191406,5100.json,NotBuggy
3,0.9955974817276001,1,0,132.9956512451172,4064.json,NotBuggy
4,0.09467068314552307,1,0,128.936767578125,4182.json,NotBuggy
4,0.4480835199356079,1,0,128.335205078125,8284.json,NotBuggy
4,0.30550727248191833,1,1,127.59107971191406,10695.json,NotBuggy
4,0.7407571077346802,1,0,127.59107971191406,782.json,NotBuggy
6,0.0035174814984202385,1,5,113.23470306396484,10182.json,NotBuggy
4,0.6628115177154541,1,1,126.4781494140625,119.json,NotBuggy
11,0.30878540873527527,3,2,104.56521606445312,1733.json,NotBuggy
4,0.5589959621429443,1,1,127.59107971191406,5108.json,NotBuggy
4,0.35267093777656555,1,1,126.77537536621094,8514.json,NotBuggy
7,0.80328369140625,2,1,116.48638916015625,5523.json,NotBuggy
20,0.11585914343595505,3,6,91.72160339355469,5925.json,NotBuggy
15,1.5581853222101927E-4,2,4,94.51993560791016,9017.json,NotBuggy
4,0.001044905511662364,1,0,124.36514282226562,6700.json,NotBuggy
4,0.5626195669174194,1,1,125.30915069580078,2697.json,NotBuggy
4,0.12172427028417587,1,0,128.936767578125,10339.json,NotBuggy
15,0.22338628768920898,3,3,96.19412994384766,5833.json,Buggy
9,0.03360745683312416,2,4,107.28234100341797,10233.json,NotBuggy
8,0.3288310170173645,2,4,110.90472412109375,4828.json,NotBuggy
4,0.11953502893447876,1,3,125.52845764160156,2851.json,NotBuggy
4,0.37779346108436584,1,0,128.936767578125,1631.json,NotBuggy
4,0.2912067472934723,1,0,124.57742309570312,10253.json,NotBuggy
4,0.782096803188324,1,0,128.936767578125,8475.json,NotBuggy
4,0.7192275524139404,1,0,126.62725830078125,8723.json,NotBuggy
3,0.4342241585254669,1,0,134.26058959960938,10312.json,NotBuggy
33,0.0,8,19,77.27650451660156,321.json,NotBuggy
4,0.8992114067077637,1,1,127.78498840332031,4517.json,NotBuggy
14,0.03038972057402134,5,2,94.3241958618164,9218.json,NotBuggy
9,0.7139907479286194,2,3,108.91262817382812,2526.json,NotBuggy
4,0.008159942924976349,1,2,126.4781494140625,7894.json,NotBuggy
7,0.0019801317248493433,1,5,110.98948669433594,101.json,NotBuggy
10,0.268085241317749,1,2,107.22257232666016,4029.json,NotBuggy
5,0.10380586981773376,1,0,122.03304290771484,2804.json,NotBuggy
4,0.782096803188324,1,0,128.936767578125,8751.json,NotBuggy
5,0.12303066998720169,1,2,120.7502212524414,6526.json,NotBuggy
4,0.9351935386657715,1,0,128.936767578125,37.json,NotBuggy
9,0.5200164914131165,2,3,107.33891296386719,9342.json,NotBuggy
5,0.4920506775379181,1,0,123.19338989257812,3260.json,NotBuggy
10,0.9467247724533081,2,2,104.7308349609375,5173.json,Buggy
27,0.052868813276290894,6,2,84.58967590332031,7581.json,NotBuggy
4,0.8576016426086426,1,0,126.4781494140625,9885.json,NotBuggy
4,0.7851937413215637,1,0,128.936767578125,1385.json,NotBuggy
5,0.1485675424337387,1,4,119.66572570800781,10247.json,NotBuggy
4,0.41660037636756897,1,1,125.67974090576172,1953.json,NotBuggy
5,0.07304032146930695,1,0,122.03304290771484,11213.json,NotBuggy
5,0.581838071346283,1,4,118.5140380859375,1784.json,NotBuggy
7,0.27135223150253296,2,4,113.80858612060547,2576.json,NotBuggy
4,0.5512009263038635,1,0,126.80831146240234,2656.json,NotBuggy
14,0.1390710324048996,2,6,97.49858856201172,1508.json,NotBuggy
3,0.8894878029823303,1,0,134.26058959960938,8727.json,NotBuggy
4,0.016425838693976402,1,1,126.77537536621094,3113.json,NotBuggy
5,0.11137507855892181,1,0,122.03304290771484,4936.json,NotBuggy
8,0.10919314622879028,2,3,109.01058959960938,8921.json,NotBuggy
5,0.7948231101036072,1,0,122.58091735839844,1952.json,NotBuggy
5,0.8058896660804749,1,0,120.87109375,6979.json,NotBuggy
4,0.8798315525054932,1,0,127.42622375488281,3669.json,NotBuggy
4,0.6434739828109741,1,2,125.27178192138672,4650.json,NotBuggy
4,0.6689843535423279,1,1,126.77537536621094,7533.json,NotBuggy
4,0.7774173617362976,1,1,127.59107971191406,8622.json,NotBuggy
7,0.9443504214286804,2,1,113.63477325439453,9221.json,NotBuggy
4,0.8115845322608948,1,1,125.79222106933594,264.json,NotBuggy
8,0.5902361869812012,2,1,110.9945297241211,10214.json,NotBuggy
4,0.46279966831207275,1,0,128.936767578125,3720.json,NotBuggy
4,0.8027589321136475,1,0,125.41301727294922,7331.json,NotBuggy
4,0.8954928517341614,1,0,128.335205078125,8750.json,NotBuggy
9,0.14210009574890137,1,7,105.3604507446289,1270.json,Buggy
4,0.12336211651563644,1,1,123.37702178955078,448.json,NotBuggy
3,0.9658482074737549,1,0,135.83412170410156,4342.json,NotBuggy
4,0.7577402591705322,1,0,126.62725830078125,5499.json,NotBuggy
7,0.12015729397535324,1,2,111.41885375976562,6630.json,NotBuggy
3,0.9309086799621582,1,0,134.26058959960938,1229.json,NotBuggy
7,0.1126159206032753,2,6,111.81702423095703,5065.json,NotBuggy
4,0.1803792268037796,1,1,125.27178192138672,2580.json,NotBuggy
4,0.8452551364898682,1,0,127.27810668945312,9384.json,NotBuggy
4,0.8942198157310486,1,0,128.936767578125,10273.json,NotBuggy
9,0.04956817254424095,2,3,106.22814178466797,1616.json,NotBuggy
4,0.18855120241641998,1,0,125.91468811035156,1859.json,NotBuggy
4,0.2141907662153244,1,0,126.62725830078125,3970.json,NotBuggy
18,0.07950962334871292,3,12,89.54891204833984,10082.json,NotBuggy
5,0.8831594586372375,1,0,120.1609115600586,6642.json,NotBuggy
4,0.24767722189426422,2,2,123.52867889404297,1996.json,NotBuggy
4,0.2911204397678375,1,0,128.936767578125,2439.json,NotBuggy
4,0.7573541402816772,1,0,128.936767578125,1467.json,NotBuggy
6,0.34135881066322327,1,3,116.67803192138672,6042.json,NotBuggy
4,0.7898761034011841,1,0,128.936767578125,3119.json,NotBuggy
5,0.9841460585594177,1,0,118.78422546386719,2702.json,NotBuggy
4,0.15162143111228943,1,1,124.39620971679688,9540.json,NotBuggy
4,0.8827224969863892,1,0,127.59107971191406,3476.json,NotBuggy
4,0.891355574131012,1,0,128.335205078125,7246.json,NotBuggy
32,0.02276214398443699,8,14,76.65471649169922,7326.json,Buggy
4,0.696228563785553,1,0,127.78498840332031,1524.json,NotBuggy
4,0.9771121740341187,1,2,126.62725830078125,440.json,NotBuggy
4,0.788974940776825,1,0,128.936767578125,1205.json,NotBuggy
4,0.8779703378677368,1,0,127.78498840332031,8848.json,NotBuggy
8,0.2513677477836609,2,2,109.36935424804688,3708.json,NotBuggy
17,0.5131006240844727,4,3,94.7074203491211,1245.json,NotBuggy
7,0.02600223571062088,1,6,112.41423797607422,3187.json,NotBuggy
3,0.4342319965362549,1,2,130.05470275878906,8516.json,NotBuggy
4,0.29644066095352173,1,3,124.57742309570312,7880.json,NotBuggy
4,0.4742729961872101,1,2,125.27178192138672,2863.json,NotBuggy
4,0.8868257403373718,1,0,128.936767578125,467.json,NotBuggy
4,0.9071936011314392,1,0,127.78498840332031,3703.json,NotBuggy
3,0.3772071599960327,1,0,131.03103637695312,10277.json,NotBuggy
4,0.8989298343658447,1,0,127.78498840332031,4139.json,NotBuggy
5,0.15338648855686188,1,0,122.03304290771484,4885.json,NotBuggy
8,0.9422778487205505,2,1,113.0059585571289,4618.json,NotBuggy
4,0.026309847831726074,1,1,124.81353759765625,6601.json,NotBuggy
4,0.7242989540100098,1,0,128.936767578125,4227.json,NotBuggy
24,0.03943106532096863,4,9,85.9808349609375,8529.json,NotBuggy
4,0.7664649486541748,1,0,128.936767578125,8390.json,NotBuggy
8,0.5732134580612183,2,2,111.73185729980469,2069.json,Buggy
11,0.38515815138816833,2,3,104.93248748779297,557.json,NotBuggy
19,0.014151155948638916,3,5,91.84750366210938,10181.json,NotBuggy
4,0.18391838669776917,1,1,125.27178192138672,4712.json,NotBuggy
4,0.8860750198364258,1,0,128.936767578125,8153.json,NotBuggy
4,0.7198042273521423,1,1,126.0733642578125,3005.json,NotBuggy
17,0.31138691306114197,3,3,94.33605194091797,8896.json,NotBuggy
4,0.856412410736084,1,1,126.04888916015625,6799.json,NotBuggy
5,5.65175898373127E-4,1,0,118.82000732421875,6567.json,NotBuggy
4,4.970488371327519E-4,1,0,120.24345397949219,3997.json,NotBuggy
4,0.5366197824478149,1,1,127.09062194824219,10601.json,NotBuggy
4,0.5382176041603088,1,1,125.15930938720703,8712.json,NotBuggy
4,0.1576915681362152,1,0,126.62725830078125,8266.json,NotBuggy
8,0.05427471548318863,1,4,108.82627868652344,731.json,NotBuggy
4,0.4322599768638611,1,1,126.77537536621094,2818.json,NotBuggy
4,0.3774356544017792,1,0,128.335205078125,8377.json,NotBuggy
7,0.0015879173297435045,1,5,110.84468078613281,7410.json,NotBuggy
13,0.16478213667869568,2,1,100.8318862915039,2927.json,NotBuggy
7,0.09079492092132568,2,4,112.11597442626953,1954.json,NotBuggy
5,0.5308840274810791,1,0,122.03304290771484,2434.json,NotBuggy
4,0.7039355635643005,1,1,129.14767456054688,865.json,NotBuggy
39,9.538988233543932E-4,3,14,74.50706481933594,7856.json,NotBuggy
4,0.23402398824691772,1,0,126.62725830078125,3325.json,NotBuggy
4,0.16880378127098083,1,0,128.936767578125,1624.json,NotBuggy
22,0.09289772808551788,4,5,89.00228118896484,2259.json,NotBuggy
4,0.6488344073295593,1,1,126.19583892822266,9934.json,NotBuggy
4,0.8593940734863281,1,0,127.25547790527344,1762.json,NotBuggy
4,0.6619507074356079,1,2,127.25547790527344,8863.json,NotBuggy
4,0.8197629451751709,1,1,127.42622375488281,8190.json,NotBuggy
4,0.19544775784015656,1,0,127.78498840332031,5777.json,NotBuggy
5,0.17848406732082367,1,2,120.7502212524414,3449.json,NotBuggy
4,0.9026013612747192,1,2,125.79222106933594,654.json,NotBuggy
13,0.005030951928347349,2,3,97.4267807006836,9013.json,NotBuggy
4,0.7605404257774353,1,1,127.42622375488281,8696.json,NotBuggy
13,0.760510265827179,3,3,100.04658508300781,7596.json,Buggy
4,0.2852749526500702,1,1,125.79222106933594,8009.json,NotBuggy
6,0.21409793198108673,2,2,114.28350830078125,1977.json,NotBuggy
4,0.7574759125709534,1,0,128.936767578125,2886.json,NotBuggy
5,0.5860483646392822,1,1,121.53742980957031,6375.json,NotBuggy
4,0.41129839420318604,1,0,128.936767578125,1445.json,NotBuggy
18,0.7532056570053101,1,3,93.81796264648438,6329.json,NotBuggy
4,0.4993218779563904,1,1,126.62725830078125,5429.json,NotBuggy
8,0.3712657690048218,2,2,111.55557250976562,6260.json,NotBuggy
4,0.7770664095878601,1,0,128.936767578125,5728.json,NotBuggy
12,0.3263319730758667,3,1,101.59780883789062,8897.json,NotBuggy
8,0.07489069551229477,1,5,110.07967376708984,5864.json,NotBuggy
20,0.8207420110702515,4,3,90.7769775390625,5722.json,NotBuggy
4,0.9010398387908936,1,0,128.936767578125,3657.json,NotBuggy
3,0.5134362578392029,1,0,132.4454345703125,2333.json,NotBuggy
10,0.2040485292673111,1,2,107.22257232666016,4015.json,NotBuggy
4,0.6203067302703857,1,2,126.4781494140625,6777.json,NotBuggy
4,0.5242249369621277,1,0,128.936767578125,8217.json,NotBuggy
4,0.8897316455841064,1,0,128.936767578125,4158.json,NotBuggy
18,0.056924059987068176,4,5,91.7585678100586,1727.json,NotBuggy
4,0.7487303018569946,1,2,125.91468811035156,7635.json,NotBuggy
4,0.7529668807983398,1,0,127.94984436035156,385.json,NotBuggy
3,0.7634036540985107,1,1,131.91592407226562,416.json,NotBuggy
6,0.03401852771639824,2,1,115.10508728027344,658.json,NotBuggy
4,0.577210009098053,1,0,125.5254898071289,965.json,NotBuggy
4,0.29148513078689575,1,1,125.41301727294922,8880.json,Buggy
13,0.18539394438266754,3,0,100.81858825683594,11450.json,NotBuggy
12,0.2691398561000824,2,4,102.50503540039062,21.json,NotBuggy
54,0.0,7,31,66.561279296875,5887.json,Buggy
4,0.9414481520652771,1,0,128.335205078125,2014.json,NotBuggy
60,0.0,12,18,63.527931213378906,7310.json,Buggy
32,0.08759512007236481,7,10,78.35042572021484,7588.json,Buggy
14,0.0045907264575362206,3,5,95.95856475830078,8356.json,NotBuggy
4,0.12951979041099548,1,3,124.92120361328125,2684.json,NotBuggy
67,0.0,11,29,59.8583984375,7255.json,Buggy
4,0.5640758872032166,1,0,125.41301727294922,4544.json,NotBuggy
4,0.9075519442558289,1,0,128.936767578125,1195.json,NotBuggy
8,0.38047122955322266,3,1,111.07106018066406,3907.json,NotBuggy
9,0.25373995304107666,2,0,107.40188598632812,4569.json,NotBuggy
4,0.5487725138664246,1,1,126.19583892822266,5342.json,NotBuggy
4,0.14367784559726715,1,2,127.09062194824219,1360.json,Buggy
4,0.5764160752296448,1,1,127.42622375488281,9381.json,NotBuggy
4,0.06088220700621605,1,1,124.1749038696289,9529.json,NotBuggy
4,0.00733576575294137,1,0,128.936767578125,10337.json,NotBuggy
5,0.04654576629400253,1,2,119.76210021972656,1487.json,NotBuggy
4,0.6647508144378662,1,0,126.62725830078125,5503.json,NotBuggy
13,0.34119313955307007,2,2,100.58624267578125,8082.json,Buggy
12,0.21088801324367523,3,0,103.3188705444336,325.json,NotBuggy
17,0.13871358335018158,3,5,94.08828735351562,8692.json,NotBuggy
6,0.12146715819835663,1,3,115.4073257446289,1364.json,NotBuggy
3,0.8326180577278137,1,0,134.26058959960938,10289.json,NotBuggy
6,0.2771933972835541,1,3,116.02641296386719,5140.json,NotBuggy
5,0.607691764831543,1,3,138.9843292236328,10845.json,NotBuggy
12,1.5700289804954082E-4,1,7,121.1973648071289,4083.json,NotBuggy
11,0.08607984334230423,2,3,103.08024597167969,8591.json,NotBuggy
4,0.49854350090026855,1,2,126.62725830078125,3725.json,NotBuggy
4,0.7893869876861572,1,1,127.59107971191406,6449.json,NotBuggy
11,0.7569466829299927,3,1,103.56175231933594,9015.json,NotBuggy
4,0.559137225151062,1,0,128.936767578125,3634.json,NotBuggy
4,0.321682333946228,1,1,125.30915069580078,5107.json,NotBuggy
9,0.31437671184539795,3,2,108.60377502441406,6662.json,NotBuggy
5,0.7728097438812256,2,1,119.61820220947266,10122.json,NotBuggy
4,0.7914552688598633,1,0,128.335205078125,283.json,NotBuggy
4,0.8790431618690491,1,0,128.936767578125,8726.json,NotBuggy
3,0.9413601160049438,1,0,133.59722900390625,8392.json,NotBuggy
6,0.5106154680252075,1,0,116.4594497680664,5893.json,NotBuggy
4,0.9145126342773438,1,1,127.42622375488281,7293.json,NotBuggy
4,0.7075468897819519,1,1,127.42622375488281,8146.json,NotBuggy
18,0.04500943422317505,4,6,92.9454574584961,3056.json,NotBuggy
7,0.6548939943313599,2,1,116.6344985961914,11197.json,NotBuggy
4,0.917762279510498,1,0,128.936767578125,3492.json,NotBuggy
14,9.121649782173336E-4,3,9,96.14259338378906,6817.json,NotBuggy
25,0.0029833526350557804,5,12,85.06076049804688,4511.json,Buggy
4,0.3086158335208893,1,0,127.59107971191406,2032.json,NotBuggy
4,0.6013314723968506,1,0,127.78498840332031,4980.json,NotBuggy
4,0.4543159306049347,1,0,128.335205078125,5031.json,NotBuggy
4,0.9295004606246948,2,0,123.91880798339844,5179.json,NotBuggy
4,0.6085180044174194,1,0,128.335205078125,1440.json,NotBuggy
26,0.06416308879852295,5,1,84.34197235107422,1427.json,NotBuggy
4,0.9399940371513367,1,2,127.59107971191406,1216.json,NotBuggy
12,0.6086950302124023,2,2,103.87610626220703,2298.json,NotBuggy
8,0.01294498797506094,2,2,107.45475769042969,11267.json,NotBuggy
4,0.8861715793609619,1,0,128.936767578125,477.json,NotBuggy
4,0.9019613265991211,1,1,127.42622375488281,8093.json,NotBuggy
4,0.7419193983078003,1,0,126.62725830078125,8579.json,NotBuggy
3,0.885126531124115,1,0,134.26058959960938,5256.json,NotBuggy
95,0.0,1,33,56.19353485107422,10187.json,NotBuggy
4,0.5154580473899841,1,1,125.5254898071289,6385.json,NotBuggy
5,0.026455817744135857,1,3,117.69127655029297,1437.json,NotBuggy
10,0.031128589063882828,1,10,100.91644287109375,1410.json,Buggy
3,0.8697682023048401,1,0,134.26058959960938,911.json,NotBuggy
5,0.6790524125099182,1,1,120.53388214111328,1777.json,NotBuggy
4,0.23826558887958527,1,1,129.14767456054688,6408.json,NotBuggy
3,0.19962070882320404,1,1,130.30841064453125,8273.json,NotBuggy
4,0.547024130821228,1,0,128.335205078125,282.json,NotBuggy
4,0.7114267945289612,1,1,125.79222106933594,3531.json,NotBuggy
18,0.17116674780845642,3,3,91.94390869140625,3655.json,NotBuggy
3,0.36278384923934937,1,0,135.83412170410156,5845.json,NotBuggy
24,0.028149453923106194,4,8,84.57382202148438,5206.json,NotBuggy
4,0.5977742075920105,1,0,126.62725830078125,2968.json,NotBuggy
19,0.014151155948638916,3,5,91.84750366210938,10177.json,NotBuggy
4,0.7107987999916077,1,0,128.335205078125,8129.json,NotBuggy
6,0.07014428079128265,1,4,115.11836242675781,8034.json,NotBuggy
8,0.16231206059455872,2,1,112.02190399169922,7371.json,NotBuggy
4,0.17560692131519318,1,1,124.57742309570312,7233.json,Buggy
10,0.04965924844145775,2,4,106.85009765625,5759.json,Buggy
4,0.3672778606414795,1,1,125.91468811035156,1435.json,NotBuggy
4,0.2391640692949295,1,1,124.1749038696289,9530.json,NotBuggy
4,0.8604154586791992,1,2,126.62725830078125,6173.json,Buggy
3,0.9044947028160095,1,0,135.83412170410156,4489.json,Buggy
4,0.9853041172027588,1,0,128.936767578125,6169.json,NotBuggy
3,0.7910757064819336,1,1,132.61029052734375,415.json,NotBuggy
4,0.5663576722145081,1,1,126.19583892822266,9899.json,NotBuggy
4,0.8437131643295288,1,0,128.936767578125,2510.json,NotBuggy
5,0.21893778443336487,1,4,118.82691955566406,8545.json,NotBuggy
10,0.27892589569091797,1,2,107.22257232666016,4274.json,NotBuggy
21,0.018350128084421158,3,9,88.05990600585938,11087.json,NotBuggy
4,0.9475489854812622,1,0,128.335205078125,4834.json,NotBuggy
4,0.370333194732666,1,1,125.67974090576172,11169.json,NotBuggy
12,0.1181497648358345,3,2,101.86363220214844,2469.json,NotBuggy
4,0.13854174315929413,1,0,127.59107971191406,2029.json,NotBuggy
4,0.7242989540100098,1,0,128.936767578125,3484.json,NotBuggy
3,0.8468924760818481,1,0,133.59722900390625,3506.json,NotBuggy
4,0.7481380105018616,1,0,125.27178192138672,3825.json,NotBuggy
4,0.376177579164505,1,0,128.936767578125,1873.json,NotBuggy
5,0.1007557213306427,1,4,120.43379974365234,917.json,Buggy
4,0.8962936997413635,1,0,128.936767578125,3336.json,NotBuggy
4,0.0051504578441381454,1,0,128.335205078125,1833.json,NotBuggy
7,0.4441123306751251,2,1,113.48167419433594,7955.json,Buggy
10,0.02857002429664135,1,2,107.22257232666016,2035.json,NotBuggy
6,0.3345582187175751,2,1,116.13532257080078,3839.json,NotBuggy
10,0.17545394599437714,2,5,104.03091430664062,3752.json,NotBuggy
4,0.29948461055755615,1,0,124.25267028808594,3666.json,NotBuggy
4,0.9457762837409973,1,0,129.6001434326172,2673.json,NotBuggy
4,0.0725024864077568,1,0,128.335205078125,1827.json,NotBuggy
4,0.7782924771308899,1,0,128.936767578125,137.json,NotBuggy
8,0.8449805378913879,2,2,111.91433715820312,4138.json,NotBuggy
4,0.10855413228273392,1,1,126.62725830078125,2509.json,NotBuggy
4,0.7702072262763977,1,0,128.936767578125,8714.json,NotBuggy
4,0.579402506351471,1,1,128.5205535888672,4416.json,Buggy
4,0.9120391607284546,1,0,128.335205078125,11348.json,NotBuggy
6,0.1725451797246933,2,4,112.9548110961914,4150.json,NotBuggy
17,0.01650862768292427,4,8,91.97509765625,1999.json,Buggy
4,0.6198360323905945,1,0,128.936767578125,2201.json,NotBuggy
4,0.0636802539229393,1,0,128.936767578125,10931.json,NotBuggy
4,0.9189669489860535,1,0,128.335205078125,5856.json,NotBuggy
9,0.138495534658432,2,3,107.66072082519531,6252.json,NotBuggy
4,0.44340038299560547,1,0,127.78498840332031,6743.json,NotBuggy
3,0.6215104460716248,1,1,132.25152587890625,9231.json,NotBuggy
4,0.6455674171447754,1,0,126.62725830078125,478.json,NotBuggy
4,0.7515000104904175,1,0,128.936767578125,3967.json,NotBuggy
31,1.7667078645899892E-4,4,8,80.5824203491211,3777.json,Buggy
18,0.35363641381263733,4,1,94.49027252197266,4223.json,NotBuggy
4,0.3992031216621399,1,4,124.7987289428711,11230.json,NotBuggy
5,0.8946945667266846,1,2,121.30628204345703,912.json,NotBuggy
4,0.2704855501651764,1,0,126.19583892822266,3538.json,NotBuggy
4,0.7016907930374146,1,0,126.33003997802734,4768.json,NotBuggy
4,0.7902753949165344,2,1,124.58354187011719,4066.json,NotBuggy
4,0.407408744096756,1,2,126.04888916015625,4973.json,NotBuggy
13,0.3103170096874237,2,3,99.37600708007812,3644.json,NotBuggy
10,0.5578192472457886,2,3,105.4586410522461,4236.json,NotBuggy
8,0.09500239789485931,3,1,108.83756256103516,4557.json,NotBuggy
6,0.817321240901947,1,4,113.67491912841797,4831.json,NotBuggy
4,0.8720837235450745,1,0,126.94251251220703,7582.json,Buggy
19,0.05248802900314331,4,8,90.02474212646484,218.json,NotBuggy
16,0.014595476910471916,4,3,95.45499420166016,5086.json,NotBuggy
11,0.13504892587661743,3,7,101.98957061767578,15.json,NotBuggy
5,0.5807300209999084,1,3,121.77933502197266,2627.json,NotBuggy
22,0.1782515048980713,2,3,89.48900604248047,11259.json,NotBuggy
8,0.09048082679510117,2,4,109.13004302978516,4912.json,NotBuggy
3,0.862898051738739,1,0,131.60296630859375,2795.json,NotBuggy
6,0.032442186027765274,1,3,113.55796813964844,4153.json,NotBuggy
4,0.7276917695999146,1,0,128.335205078125,11350.json,NotBuggy
4,0.8612269163131714,1,2,126.19583892822266,691.json,NotBuggy
4,0.7702072262763977,1,0,128.936767578125,8731.json,NotBuggy
7,0.15319770574569702,1,5,130.87718200683594,10878.json,NotBuggy
4,0.7028563618659973,1,2,127.25547790527344,6728.json,NotBuggy
5,0.34928959608078003,1,2,122.03304290771484,2352.json,Buggy
4,0.37399953603744507,1,0,123.66336059570312,9497.json,NotBuggy
4,0.21957924962043762,1,2,125.79222106933594,6577.json,NotBuggy
4,0.8332735300064087,1,2,124.81353759765625,3532.json,NotBuggy
9,0.19579115509986877,2,1,108.989013671875,7144.json,NotBuggy
3,0.9867105484008789,1,0,134.26058959960938,8603.json,NotBuggy
4,0.3781498670578003,1,1,127.59107971191406,2759.json,NotBuggy
27,0.09063802659511566,7,5,82.99263000488281,6121.json,NotBuggy
4,0.7224915623664856,1,1,127.42622375488281,7606.json,NotBuggy
4,0.7910735607147217,1,1,126.94251251220703,6352.json,NotBuggy
4,0.9094604253768921,1,0,127.27810668945312,5250.json,NotBuggy
5,0.013475417159497738,1,2,119.31893157958984,5689.json,Buggy
17,0.20743542909622192,1,9,92.73790740966797,6841.json,NotBuggy
4,0.5953556299209595,1,2,125.02987670898438,3224.json,NotBuggy
4,0.34202316403388977,1,0,128.936767578125,1818.json,NotBuggy
5,0.5770630836486816,1,0,121.07132720947266,3755.json,NotBuggy
4,0.6315425038337708,1,1,127.42622375488281,3589.json,NotBuggy
4,0.7445694804191589,1,1,126.1969985961914,11191.json,NotBuggy
3,0.7747707962989807,1,0,134.26058959960938,8492.json,NotBuggy
16,0.002711545443162322,2,14,94.60381317138672,5037.json,NotBuggy
4,0.9082037210464478,1,0,127.78498840332031,5258.json,NotBuggy
4,0.12657283246517181,1,1,124.91740417480469,8255.json,NotBuggy
3,0.5945153832435608,1,0,132.4454345703125,4714.json,NotBuggy
21,0.012346195057034492,4,15,87.93391418457031,10107.json,NotBuggy
9,0.20428572595119476,2,5,107.93913269042969,6264.json,NotBuggy
4,0.3362357020378113,1,1,127.59107971191406,5131.json,NotBuggy
4,0.1413157731294632,1,1,125.15235137939453,7525.json,NotBuggy
11,0.6533970236778259,2,0,105.97701263427734,4501.json,NotBuggy
5,0.7215695977210999,1,2,121.30628204345703,800.json,NotBuggy
10,0.04881910979747772,2,4,103.54035186767578,4154.json,NotBuggy
3,0.054384052753448486,1,0,129.93223571777344,10151.json,NotBuggy
3,0.7724940180778503,1,0,133.59722900390625,2387.json,NotBuggy
4,0.7495459318161011,1,0,126.62725830078125,8388.json,NotBuggy
5,0.11446047574281693,2,4,117.23712158203125,8532.json,NotBuggy
4,0.5722501873970032,1,0,128.936767578125,706.json,NotBuggy
31,0.0023577541578561068,6,13,79.17435455322266,7473.json,Buggy
4,0.698833167552948,1,1,126.19583892822266,3704.json,NotBuggy
4,0.4150673747062683,1,1,127.59107971191406,7534.json,NotBuggy
8,0.16834090650081635,2,4,110.44464111328125,7692.json,NotBuggy
4,0.9434942007064819,1,0,128.936767578125,3624.json,NotBuggy
4,0.7101931571960449,1,0,128.936767578125,3498.json,NotBuggy
6,0.5852428674697876,1,2,116.4616928100586,8826.json,NotBuggy
4,0.9273216724395752,1,0,128.936767578125,50.json,NotBuggy
3,0.6390786170959473,1,0,135.83412170410156,2990.json,NotBuggy
9,0.45558518171310425,2,3,107.78602600097656,7075.json,NotBuggy
3,0.9815706014633179,1,0,134.26058959960938,4522.json,NotBuggy
4,0.3787503242492676,1,0,128.936767578125,2488.json,NotBuggy
4,0.4262581467628479,1,0,128.936767578125,2378.json,NotBuggy
5,0.17595449090003967,1,0,122.03304290771484,2015.json,NotBuggy
4,0.8687717318534851,1,0,128.936767578125,5334.json,NotBuggy
5,0.09214195609092712,1,0,118.2250747680664,11309.json,NotBuggy
4,0.5001630783081055,1,1,127.59107971191406,276.json,NotBuggy
4,0.4064500331878662,1,1,127.09062194824219,5115.json,NotBuggy
4,0.7114267945289612,1,1,125.79222106933594,3568.json,NotBuggy
3,0.9994858503341675,1,1,131.43582153320312,745.json,Buggy
8,0.045026347041130066,2,6,108.73796844482422,4630.json,NotBuggy
5,0.4403001666069031,1,2,121.18380737304688,778.json,NotBuggy
12,0.09925493597984314,2,9,98.80442810058594,11427.json,NotBuggy
4,0.41137638688087463,1,0,128.936767578125,3969.json,NotBuggy
6,0.3873070478439331,2,3,114.90279388427734,6445.json,NotBuggy
4,0.3371792137622833,1,0,128.936767578125,2747.json,NotBuggy
4,0.7290491461753845,1,1,126.1969985961914,11303.json,NotBuggy
9,0.32571813464164734,2,4,107.86027526855469,2531.json,NotBuggy
3,0.4129330515861511,1,0,136.79171752929688,4505.json,NotBuggy
11,0.2793683409690857,3,5,104.01219940185547,3502.json,NotBuggy
3,0.9082726240158081,1,0,135.83412170410156,403.json,NotBuggy
4,0.6585726141929626,1,0,125.41301727294922,8387.json,NotBuggy
42,0.00136727059725672,4,17,72.98845672607422,4041.json,Buggy
5,0.5373425483703613,1,2,122.167236328125,3455.json,NotBuggy
4,0.6451427340507507,1,2,127.25547790527344,6722.json,NotBuggy
9,0.2577853202819824,2,3,107.04261779785156,5425.json,NotBuggy
4,0.2872735857963562,1,2,122.5949478149414,11437.json,NotBuggy
27,0.005598630290478468,6,5,83.36498260498047,3341.json,NotBuggy
4,0.5473721623420715,1,1,125.30915069580078,870.json,NotBuggy
4,0.973651111125946,1,0,128.936767578125,5272.json,NotBuggy
4,0.4564903676509857,1,0,126.62725830078125,5484.json,NotBuggy
4,0.05463650822639465,1,1,123.74861145019531,3331.json,Buggy
4,0.8384493589401245,1,0,128.335205078125,7085.json,NotBuggy
10,0.601848840713501,2,3,105.6950454711914,6459.json,NotBuggy
37,0.0,8,10,74.72589111328125,5715.json,NotBuggy
4,0.9201422333717346,1,0,127.27810668945312,8853.json,NotBuggy
4,0.43963998556137085,1,0,128.936767578125,5487.json,NotBuggy
4,0.2251274287700653,1,2,126.94023132324219,7449.json,NotBuggy
5,0.5654742121696472,1,1,121.6568603515625,4006.json,NotBuggy
4,0.2535867393016815,1,0,128.936767578125,4935.json,NotBuggy
4,0.8538341522216797,1,0,128.936767578125,8444.json,NotBuggy
35,0.0012748753651976585,6,5,78.29539489746094,5780.json,NotBuggy
75,0.0,13,27,58.92722702026367,8616.json,NotBuggy
4,0.8019333481788635,1,0,128.936767578125,1466.json,NotBuggy
4,0.439690500497818,1,3,125.02987670898438,2716.json,NotBuggy
15,0.014154491014778614,2,4,96.35816955566406,2145.json,NotBuggy
4,0.8383283615112305,1,0,127.78498840332031,2325.json,NotBuggy
9,0.3408884108066559,2,6,106.96635437011719,10200.json,NotBuggy
5,0.17660880088806152,1,2,121.18380737304688,788.json,NotBuggy
5,0.2650115191936493,1,2,122.06163787841797,4809.json,NotBuggy
4,0.17742928862571716,1,2,125.78216552734375,7881.json,NotBuggy
4,0.9071487784385681,1,1,125.79222106933594,90.json,NotBuggy
5,0.12919357419013977,1,0,120.43379974365234,5471.json,NotBuggy
9,0.7237635850906372,2,1,109.06786346435547,9004.json,NotBuggy
5,0.7638419270515442,1,1,120.34770202636719,414.json,NotBuggy
4,0.27695298194885254,1,0,126.62725830078125,3013.json,NotBuggy
3,0.8723909258842468,1,0,134.26058959960938,3433.json,NotBuggy
4,0.21957924962043762,1,2,125.79222106933594,6776.json,NotBuggy
5,0.6172563433647156,1,2,122.167236328125,3439.json,NotBuggy
5,0.1485675424337387,1,4,119.66572570800781,10238.json,NotBuggy
4,0.5543660521507263,1,0,128.936767578125,8479.json,NotBuggy
4,3.9733145968057215E-4,1,0,128.936767578125,4842.json,NotBuggy
9,0.8537431955337524,2,0,109.5634765625,3488.json,NotBuggy
4,0.19206075370311737,1,2,125.02987670898438,2592.json,NotBuggy
11,0.3070351779460907,3,0,105.2786636352539,11418.json,NotBuggy
4,0.8996890187263489,1,0,128.936767578125,6807.json,NotBuggy
4,0.5914688110351562,1,0,128.936767578125,1459.json,NotBuggy
4,0.007657309528440237,1,0,124.25267028808594,6571.json,NotBuggy
4,0.1759716123342514,1,1,124.91740417480469,3616.json,NotBuggy
3,0.5099321603775024,1,1,130.18594360351562,10938.json,NotBuggy
4,0.1298171430826187,1,3,125.52845764160156,7919.json,NotBuggy
4,0.004820982459932566,1,1,123.96263122558594,10390.json,NotBuggy
5,0.05688559636473656,1,5,119.76210021972656,2881.json,NotBuggy
6,0.11328431218862534,1,3,114.44808959960938,6532.json,Buggy
4,0.8685343265533447,1,0,128.936767578125,8205.json,NotBuggy
3,0.4943588674068451,1,0,132.4454345703125,2323.json,NotBuggy
8,0.36736568808555603,2,1,111.82166290283203,3683.json,NotBuggy
4,0.6385297775268555,1,0,127.78498840332031,3754.json,NotBuggy
13,0.13964401185512543,1,1,99.3394546508789,10357.json,NotBuggy
12,9.149742545560002E-4,3,2,101.86363220214844,2468.json,NotBuggy
4,0.5975411534309387,1,1,127.59107971191406,7392.json,NotBuggy
4,0.15601198375225067,1,1,124.91740417480469,9020.json,NotBuggy
4,0.1259375512599945,1,1,124.7987289428711,9695.json,NotBuggy
17,0.0030354412738233805,4,6,93.25572967529297,289.json,NotBuggy
4,0.3658454716205597,1,1,126.0733642578125,8549.json,NotBuggy
10,0.6689910292625427,3,2,105.29501342773438,6448.json,NotBuggy
5,0.4143921434879303,1,1,120.3299331665039,3844.json,NotBuggy
4,0.4866834878921509,1,1,127.42622375488281,5112.json,NotBuggy
5,0.2633458971977234,1,2,120.85002136230469,4728.json,NotBuggy
4,0.5090397596359253,1,1,125.79222106933594,10384.json,Buggy
4,0.6908022165298462,1,1,126.62725830078125,798.json,NotBuggy
4,0.577602744102478,1,1,126.77537536621094,7523.json,NotBuggy
4,0.7638379335403442,1,1,127.59107971191406,8136.json,NotBuggy
4,0.8909209370613098,1,1,128.335205078125,6103.json,NotBuggy
6,0.04970342665910721,1,5,113.84647369384766,6591.json,NotBuggy
4,0.09174598753452301,1,2,125.78216552734375,7897.json,NotBuggy
3,0.9566127061843872,1,0,135.83412170410156,540.json,Buggy
6,0.4777348041534424,1,4,117.48018646240234,349.json,NotBuggy
6,0.04970342665910721,1,5,113.84647369384766,6659.json,NotBuggy
4,0.04213365912437439,1,0,128.936767578125,4324.json,NotBuggy
11,0.28716418147087097,3,3,103.22409057617188,3855.json,Buggy
4,0.2788258194923401,1,0,126.4930648803711,7474.json,NotBuggy
10,0.018308540806174278,2,5,103.39269256591797,3194.json,NotBuggy
3,0.8655523657798767,1,0,134.26058959960938,8610.json,NotBuggy
13,0.4558485150337219,3,5,99.23340606689453,7960.json,Buggy
4,0.7044954299926758,1,0,128.936767578125,10503.json,NotBuggy
4,0.19619965553283691,1,0,123.96263122558594,7520.json,NotBuggy
12,0.2669162452220917,3,3,101.7093505859375,291.json,NotBuggy
4,0.9311137199401855,1,0,128.936767578125,6768.json,NotBuggy
20,4.5275004231370986E-4,4,19,85.78388977050781,5571.json,Buggy
4,0.8318227529525757,1,0,127.78498840332031,8447.json,NotBuggy
4,0.8336674571037292,1,1,129.14767456054688,2537.json,NotBuggy
34,0.01888973079621792,7,13,76.67394256591797,3788.json,Buggy
4,0.4148699641227722,1,1,126.77537536621094,10784.json,NotBuggy
4,0.8470103740692139,1,0,128.936767578125,5492.json,NotBuggy
4,0.6660944223403931,1,1,126.62725830078125,2516.json,NotBuggy
13,0.05476272478699684,3,4,96.33818054199219,3740.json,NotBuggy
4,0.908433198928833,1,0,128.335205078125,6530.json,NotBuggy
3,0.854957640171051,1,0,134.26058959960938,8289.json,NotBuggy
11,0.05318787693977356,2,4,105.25720977783203,3906.json,NotBuggy
19,0.014151155948638916,3,5,91.84750366210938,10179.json,NotBuggy
12,0.360770046710968,3,1,101.59780883789062,8900.json,NotBuggy
11,0.05032208189368248,2,5,104.56295776367188,5415.json,NotBuggy
12,0.13484525680541992,2,5,103.38563537597656,10950.json,NotBuggy
4,0.8749716877937317,1,0,128.936767578125,5502.json,NotBuggy
9,0.7237635850906372,2,1,109.06786346435547,9018.json,NotBuggy
4,0.3856847286224365,1,0,126.19583892822266,5948.json,NotBuggy
4,0.3011062741279602,1,1,127.09062194824219,5089.json,NotBuggy
4,0.7881219983100891,1,3,124.4649429321289,1000.json,NotBuggy
15,0.18487858772277832,4,6,96.02396392822266,4669.json,Buggy
4,0.7619751691818237,1,0,126.0733642578125,3707.json,NotBuggy
4,0.2209465205669403,1,0,128.936767578125,2202.json,NotBuggy
9,0.4076267182826996,5,5,103.3808364868164,7500.json,NotBuggy
12,0.06994766741991043,2,6,99.7265625,1070.json,NotBuggy
4,0.937720000743866,1,0,128.335205078125,1973.json,NotBuggy
11,0.03728276863694191,2,4,101.44441986083984,6184.json,NotBuggy
4,0.7772886753082275,1,0,128.936767578125,3405.json,NotBuggy
5,0.1007557213306427,1,4,120.43379974365234,764.json,Buggy
11,0.749098002910614,3,2,103.68461608886719,1180.json,Buggy
4,0.9777849912643433,1,0,128.936767578125,8829.json,NotBuggy
16,0.09540463238954544,3,6,117.02498626708984,11157.json,NotBuggy
7,0.43000879883766174,2,3,110.29943084716797,7463.json,NotBuggy
8,0.6511456966400146,2,1,111.64537811279297,8371.json,NotBuggy
13,0.18967701494693756,2,2,99.2539291381836,2561.json,Buggy
29,0.08568590134382248,5,10,82.35548400878906,41.json,NotBuggy
20,0.01379703264683485,4,9,88.28044891357422,5426.json,NotBuggy
12,0.1504666805267334,3,4,102.11528015136719,4160.json,NotBuggy
16,0.43377429246902466,1,0,99.06063842773438,8181.json,NotBuggy
4,0.9150988459587097,1,0,128.936767578125,9528.json,NotBuggy
9,0.16663628816604614,2,2,108.69941711425781,3179.json,NotBuggy
4,0.43963998556137085,1,0,128.936767578125,6674.json,NotBuggy
8,0.16608282923698425,2,2,110.75399017333984,3946.json,NotBuggy
13,0.23081375658512115,3,3,99.89306640625,8137.json,NotBuggy
8,0.821366012096405,2,2,111.57124328613281,7665.json,NotBuggy
8,0.016279246658086777,2,3,109.12744903564453,16.json,NotBuggy
4,0.5055014491081238,1,1,126.4930648803711,7172.json,NotBuggy
4,0.7245550751686096,1,0,128.936767578125,6612.json,NotBuggy
4,0.008123647421598434,1,0,122.4535140991211,9496.json,NotBuggy
4,0.4543159306049347,1,0,128.335205078125,5026.json,NotBuggy
4,0.8134622573852539,1,0,128.936767578125,2506.json,NotBuggy
12,0.3449940085411072,2,3,103.24916076660156,6163.json,NotBuggy
4,0.3218446969985962,1,2,125.02987670898438,4971.json,NotBuggy
3,0.932752788066864,1,0,134.26058959960938,5096.json,NotBuggy
4,0.6161089539527893,1,0,126.19583892822266,1280.json,NotBuggy
23,0.0013587023131549358,4,5,87.20060729980469,3897.json,NotBuggy
9,0.260866641998291,2,4,106.28022766113281,904.json,NotBuggy
26,0.16293959319591522,6,6,85.97972106933594,9720.json,NotBuggy
9,0.2034493386745453,2,2,107.78602600097656,6479.json,NotBuggy
4,0.38540858030319214,1,0,128.335205078125,11166.json,NotBuggy
23,0.055638574063777924,4,11,85.23823547363281,5855.json,NotBuggy
6,0.04970342665910721,1,5,113.84647369384766,6645.json,NotBuggy
3,0.7934830784797668,1,1,132.086669921875,2398.json,NotBuggy
4,0.6023813486099243,1,0,126.19583892822266,8096.json,NotBuggy
4,0.1759396195411682,1,2,124.05243682861328,1494.json,NotBuggy
4,0.8249197602272034,1,0,127.94984436035156,382.json,NotBuggy
4,0.5715565085411072,1,0,125.91468811035156,3229.json,NotBuggy
11,0.18450559675693512,2,6,101.73475646972656,8943.json,NotBuggy
4,0.8691872954368591,1,0,128.936767578125,5489.json,NotBuggy
4,0.3134908080101013,1,0,126.62725830078125,2843.json,NotBuggy
4,0.7170200347900391,1,0,128.936767578125,6053.json,NotBuggy
26,0.07063955813646317,4,4,84.5257568359375,1436.json,NotBuggy
4,0.9236496090888977,1,0,128.335205078125,3745.json,NotBuggy
4,0.7690674066543579,1,0,128.936767578125,8114.json,NotBuggy
4,0.9685102701187134,1,0,127.27810668945312,4703.json,Buggy
4,0.8801227807998657,1,0,128.936767578125,8458.json,NotBuggy
13,0.2633366584777832,2,3,99.73477172851562,9549.json,Buggy
24,0.007762991823256016,4,15,85.45394134521484,6248.json,NotBuggy
4,0.12488479912281036,1,1,125.15235137939453,3171.json,NotBuggy
5,0.0,1,1,116.0323715209961,8841.json,NotBuggy
3,0.8910669088363647,1,0,134.26058959960938,2320.json,NotBuggy
7,0.27135223150253296,2,4,113.80858612060547,2577.json,NotBuggy
4,0.8059515953063965,1,0,125.41301727294922,10227.json,NotBuggy
13,0.11523117870092392,2,3,101.34481811523438,4934.json,NotBuggy
8,0.12138788402080536,2,2,109.19792175292969,4294.json,NotBuggy
4,0.445320188999176,1,0,128.936767578125,2832.json,NotBuggy
9,0.44546979665756226,2,2,108.11104583740234,5419.json,NotBuggy
18,0.19926120340824127,4,3,93.09529876708984,7999.json,Buggy
4,0.48081010580062866,1,3,124.6862564086914,8590.json,NotBuggy
3,0.34379222989082336,1,0,133.59722900390625,3297.json,NotBuggy
4,0.46820130944252014,1,1,126.77537536621094,8513.json,NotBuggy
7,0.7261526584625244,2,1,116.48638916015625,6255.json,NotBuggy
20,0.11228601634502411,4,5,90.19947814941406,4002.json,NotBuggy
4,0.6310663819313049,1,0,128.936767578125,6959.json,NotBuggy
5,0.06267596781253815,1,2,120.87269592285156,2562.json,NotBuggy
7,0.40800511837005615,2,1,114.64908599853516,3626.json,NotBuggy
4,0.6476121544837952,1,0,126.62725830078125,5507.json,NotBuggy
4,0.4178284704685211,1,1,125.67974090576172,5434.json,NotBuggy
4,0.007809580769389868,1,0,128.936767578125,6221.json,NotBuggy
11,0.5024845004081726,2,1,108.30326843261719,1911.json,Buggy
4,0.7257449626922607,1,0,128.936767578125,1282.json,NotBuggy
4,0.6482009291648865,1,1,125.91468811035156,11376.json,NotBuggy
8,0.33933907747268677,2,2,111.219970703125,3673.json,NotBuggy
15,0.5577642321586609,3,2,99.43375396728516,11436.json,NotBuggy
3,0.07865194231271744,1,0,133.59722900390625,8332.json,NotBuggy
5,0.3981431722640991,1,2,123.32530975341797,6886.json,NotBuggy
4,0.01136721856892109,1,0,122.4535140991211,9500.json,NotBuggy
4,6.878466811031103E-4,1,0,128.936767578125,1655.json,NotBuggy
4,0.717179000377655,1,1,126.0733642578125,7014.json,NotBuggy
4,0.7610673904418945,1,1,127.59107971191406,77.json,NotBuggy
4,0.7171993851661682,2,2,124.82544708251953,6666.json,NotBuggy
4,0.6429616808891296,1,0,126.62725830078125,3955.json,NotBuggy
10,0.10258299857378006,2,4,105.18940734863281,3427.json,NotBuggy
2,0.022523578256368637,1,0,137.02120971679688,5870.json,NotBuggy
3,0.567236065864563,1,0,132.4454345703125,2669.json,NotBuggy
4,0.8189821839332581,1,0,128.936767578125,3030.json,NotBuggy
4,0.10571976006031036,1,0,127.27810668945312,6071.json,NotBuggy
4,0.6906682252883911,1,2,124.39620971679688,6655.json,NotBuggy
4,0.8226667642593384,1,0,128.335205078125,284.json,NotBuggy
16,0.17193256318569183,3,7,94.78632354736328,1230.json,NotBuggy
19,0.014151155948638916,3,5,91.84750366210938,10176.json,NotBuggy
4,0.8333500027656555,1,0,128.936767578125,2463.json,NotBuggy
9,0.2138323187828064,2,3,107.34870910644531,3201.json,NotBuggy
7,0.5603339076042175,2,2,113.3831787109375,2042.json,NotBuggy
9,0.6136458516120911,2,4,107.40188598632812,4851.json,NotBuggy
4,0.6918253898620605,1,0,127.27810668945312,7435.json,NotBuggy
7,0.37257158756256104,2,2,114.08124542236328,10231.json,NotBuggy
13,0.2046038955450058,2,4,101.20233154296875,2981.json,NotBuggy
4,0.7254953384399414,1,0,128.335205078125,2776.json,NotBuggy
4,0.18896637856960297,1,3,123.96263122558594,10822.json,NotBuggy
4,0.38557130098342896,1,2,125.41301727294922,6623.json,NotBuggy
4,0.5196399688720703,1,1,125.64796447753906,4581.json,NotBuggy
4,0.26035764813423157,1,1,124.39620971679688,6486.json,NotBuggy
6,0.5067098736763,2,2,116.9500732421875,10189.json,NotBuggy
4,0.8522241711616516,1,0,128.335205078125,11167.json,NotBuggy
38,0.002810982521623373,7,20,73.46117401123047,29.json,NotBuggy
3,0.9927041530609131,1,0,135.83412170410156,5197.json,NotBuggy
4,0.5402244329452515,1,1,125.64796447753906,3520.json,NotBuggy
14,8.080020197667181E-4,1,15,96.46292114257812,5033.json,NotBuggy
26,0.00405613798648119,5,16,81.81781768798828,3356.json,NotBuggy
5,0.6744743585586548,1,0,121.53742980957031,6417.json,NotBuggy
4,0.6489065885543823,1,0,128.335205078125,2520.json,NotBuggy
4,0.2988690733909607,1,0,128.936767578125,8471.json,NotBuggy
4,0.3523893654346466,1,1,127.09062194824219,4415.json,NotBuggy
3,0.8353902697563171,1,0,133.59722900390625,8480.json,NotBuggy
4,0.5842965841293335,2,4,124.02266693115234,2871.json,NotBuggy
4,0.8168350458145142,1,0,128.936767578125,1735.json,NotBuggy
4,0.6606578826904297,1,0,126.62725830078125,8745.json,Buggy
13,0.7272607684135437,3,4,100.57976531982422,4340.json,NotBuggy
10,0.1988164633512497,2,2,105.90576934814453,1774.json,NotBuggy
4,0.9788297414779663,1,1,126.94251251220703,1775.json,NotBuggy
3,0.061680082231760025,1,1,129.57785034179688,8342.json,NotBuggy
4,0.9010398387908936,1,0,128.936767578125,6717.json,NotBuggy
13,0.2544741928577423,3,1,98.49515533447266,5400.json,NotBuggy
7,3.3616292057558894E-4,1,2,109.16261291503906,8838.json,NotBuggy
4,0.9254596829414368,1,0,126.94251251220703,8089.json,NotBuggy
4,0.030080359429121017,1,5,123.37702178955078,2865.json,NotBuggy
27,0.0012513726251199841,5,14,81.66238403320312,1955.json,NotBuggy
8,0.05896039307117462,3,2,109.20233154296875,7693.json,NotBuggy
4,0.942406177520752,1,0,128.936767578125,3951.json,NotBuggy
12,0.07045901566743851,3,3,101.9260482788086,1715.json,NotBuggy
4,0.6174378991127014,1,2,126.77537536621094,1152.json,NotBuggy
4,0.09962491691112518,1,0,125.27178192138672,2448.json,NotBuggy
4,0.4148221015930176,1,1,126.77537536621094,269.json,NotBuggy
4,0.7527886033058167,1,1,126.4930648803711,2613.json,NotBuggy
19,0.19591733813285828,4,2,94.09481048583984,11432.json,NotBuggy
8,0.18437862396240234,2,1,111.73185729980469,3196.json,NotBuggy
4,0.43963998556137085,1,0,128.936767578125,8571.json,NotBuggy
5,0.5987686514854431,1,3,118.90116882324219,5227.json,NotBuggy
3,0.8176217675209045,1,0,133.59722900390625,8406.json,NotBuggy
4,0.850335955619812,1,1,127.09062194824219,7260.json,Buggy
9,0.48874491453170776,2,1,109.91358184814453,5191.json,NotBuggy
7,0.3566097319126129,2,1,114.16735076904297,8812.json,NotBuggy
8,0.25710684061050415,2,3,110.44464111328125,5532.json,NotBuggy
6,0.08156351000070572,1,4,114.90958404541016,8033.json,NotBuggy
3,0.8849953413009644,1,0,134.26058959960938,8202.json,NotBuggy
27,0.30336037278175354,6,5,84.55709838867188,7162.json,Buggy
4,0.8140153288841248,1,0,128.936767578125,3136.json,NotBuggy
5,0.3067593276500702,1,2,119.84819793701172,1406.json,Buggy
4,0.5967536568641663,1,0,128.936767578125,8028.json,NotBuggy
6,0.8979012370109558,1,2,116.4594497680664,6328.json,NotBuggy
4,0.1035357192158699,1,2,124.58238983154297,8399.json,NotBuggy
5,0.08228541910648346,1,2,120.35002136230469,1287.json,NotBuggy
4,0.7583932876586914,1,1,127.09062194824219,11223.json,NotBuggy
4,0.6484047174453735,1,0,125.41301727294922,8383.json,NotBuggy
4,0.15874053537845612,1,0,128.936767578125,6222.json,NotBuggy
9,0.6864923238754272,2,1,107.46126556396484,8659.json,Buggy
4,0.43046140670776367,1,1,126.04888916015625,3000.json,NotBuggy
3,0.6840419769287109,1,0,134.26058959960938,7490.json,NotBuggy
5,0.5686445236206055,1,3,121.30628204345703,543.json,NotBuggy
4,0.49788767099380493,1,2,125.02987670898438,7029.json,NotBuggy
4,0.2742389738559723,1,1,125.41301727294922,7605.json,NotBuggy
19,0.008867902681231499,3,7,89.35810089111328,3856.json,Buggy
19,1.2740830425173044E-4,4,3,91.1343002319336,4327.json,NotBuggy
8,0.04509207233786583,2,3,108.0384750366211,1457.json,NotBuggy
3,0.8882009983062744,1,0,132.4454345703125,10904.json,NotBuggy
8,0.8203081488609314,1,5,110.47234344482422,6356.json,NotBuggy
4,0.544877290725708,1,0,128.936767578125,2490.json,NotBuggy
4,0.9278202652931213,1,0,125.91468811035156,4622.json,NotBuggy
4,0.440518319606781,1,1,125.30915069580078,6670.json,NotBuggy
14,0.6769223809242249,1,2,98.3369369506836,8439.json,NotBuggy
4,0.6655430197715759,1,0,126.62725830078125,4178.json,NotBuggy
4,0.6242201924324036,1,0,128.936767578125,5081.json,NotBuggy
4,0.07879144698381424,1,0,128.936767578125,153.json,NotBuggy
4,0.6908022165298462,1,1,126.62725830078125,775.json,NotBuggy
12,0.3389650583267212,3,1,102.39189147949219,4221.json,NotBuggy
13,0.3357342481613159,3,4,98.25060272216797,4253.json,NotBuggy
51,0.0,10,7,67.8412857055664,10157.json,Buggy
4,0.9150988459587097,1,0,128.936767578125,8746.json,NotBuggy
4,0.15260137617588043,1,1,123.94486236572266,9758.json,NotBuggy
5,0.12451677024364471,1,2,120.87109375,2921.json,NotBuggy
5,0.43125811219215393,1,2,121.30628204345703,2408.json,NotBuggy
8,0.34820225834846497,2,1,113.11843872070312,2959.json,NotBuggy
4,0.14899134635925293,1,1,125.02987670898438,5054.json,NotBuggy
27,0.0056623066775500774,8,8,80.06233978271484,9194.json,NotBuggy
4,0.7385565042495728,1,0,126.62725830078125,49.json,NotBuggy
4,0.43963998556137085,1,0,128.936767578125,5496.json,NotBuggy
3,0.8122106194496155,1,0,134.26058959960938,2330.json,NotBuggy
4,0.19644637405872345,1,2,124.71717071533203,7643.json,NotBuggy
4,0.12177561223506927,1,1,124.4649429321289,3567.json,NotBuggy
4,0.886622428894043,1,0,128.936767578125,238.json,NotBuggy
11,0.0035943822003901005,1,12,102.53825378417969,3050.json,NotBuggy
3,0.7258384823799133,1,0,132.4454345703125,9099.json,NotBuggy
12,0.019309591501951218,1,2,102.1122817993164,2670.json,NotBuggy
4,0.9010398387908936,1,0,128.936767578125,8569.json,NotBuggy
4,0.9097369909286499,1,0,127.27810668945312,836.json,NotBuggy
5,0.05863693356513977,1,0,122.03304290771484,2446.json,NotBuggy
4,0.16831228137016296,1,0,128.936767578125,4121.json,NotBuggy
4,0.4699997007846832,1,1,126.33003997802734,2975.json,NotBuggy
9,0.356594979763031,3,3,105.15303802490234,6696.json,NotBuggy
4,0.9171605706214905,1,0,128.936767578125,5535.json,NotBuggy
46,0.0013103657402098179,2,12,73.08187103271484,2591.json,NotBuggy
8,0.004513011779636145,1,3,107.64413452148438,4909.json,NotBuggy
9,0.574145495891571,2,4,106.64995574951172,70.json,NotBuggy
14,0.45290616154670715,3,3,98.18931579589844,2060.json,NotBuggy
4,0.4185906946659088,1,0,126.4930648803711,9898.json,NotBuggy
7,0.6706915497779846,1,5,109.3701171875,6262.json,NotBuggy
4,0.7342806458473206,1,0,128.936767578125,11207.json,NotBuggy
45,0.0,9,19,70.63338470458984,7300.json,NotBuggy
4,0.28294801712036133,1,0,126.0733642578125,2296.json,NotBuggy
4,0.24245867133140564,1,0,126.4930648803711,9880.json,NotBuggy
4,0.6075912117958069,1,0,127.78498840332031,4886.json,NotBuggy
4,0.8951247930526733,1,0,127.27810668945312,6923.json,NotBuggy
4,0.07428613305091858,1,2,124.58238983154297,10575.json,NotBuggy
3,0.29364505410194397,1,2,132.43687438964844,3452.json,NotBuggy
4,0.3116917610168457,1,1,124.48601531982422,5420.json,NotBuggy
7,0.5603339076042175,2,2,113.3831787109375,2157.json,NotBuggy
4,0.9436883926391602,1,0,128.936767578125,8856.json,NotBuggy
13,0.07510305196046829,2,2,99.36958312988281,450.json,NotBuggy
5,0.17085158824920654,1,4,120.43379974365234,2706.json,NotBuggy
4,0.471765398979187,1,0,125.91468811035156,3230.json,NotBuggy
11,0.8182206153869629,2,0,106.14210510253906,6105.json,NotBuggy
4,0.7389686703681946,1,0,127.78498840332031,2474.json,NotBuggy
4,0.7707712054252625,1,0,127.27810668945312,4533.json,NotBuggy
7,0.6151553988456726,3,2,112.31422424316406,8420.json,NotBuggy
4,0.9448950886726379,1,0,128.335205078125,476.json,NotBuggy
4,0.19759781658649445,1,3,123.37332153320312,3522.json,NotBuggy
3,0.803256094455719,1,0,134.26058959960938,3034.json,NotBuggy
4,0.4993218779563904,1,1,126.62725830078125,4140.json,NotBuggy
24,0.0,1,1,81.75287628173828,656.json,Buggy
5,0.2633458971977234,1,2,120.85002136230469,4738.json,NotBuggy
4,0.7230425477027893,1,1,127.59107971191406,7986.json,NotBuggy
4,0.7210440039634705,1,1,126.33003997802734,5229.json,NotBuggy
3,0.27787086367607117,1,2,128.53907775878906,1941.json,NotBuggy
4,0.8598132729530334,1,0,128.936767578125,2767.json,NotBuggy
4,0.2994622588157654,1,2,124.361083984375,9748.json,NotBuggy
4,0.4077598452568054,1,2,127.25547790527344,3040.json,NotBuggy
8,0.6731954216957092,2,2,111.0599594116211,9227.json,NotBuggy
12,0.37116676568984985,3,4,100.9034423828125,4251.json,NotBuggy
5,0.813256025314331,1,0,120.3299331665039,6419.json,NotBuggy
4,0.5695996880531311,1,3,125.39425659179688,11423.json,NotBuggy
29,0.2547226846218109,4,6,84.82744598388672,5382.json,NotBuggy
11,0.08915739506483078,3,6,102.50213623046875,6215.json,NotBuggy
6,0.1661462038755417,1,2,116.993896484375,4005.json,NotBuggy
4,0.9867759943008423,1,0,128.936767578125,5910.json,NotBuggy
4,0.7774173617362976,1,1,127.59107971191406,7970.json,NotBuggy
13,0.13115909695625305,2,4,100.58624267578125,8586.json,NotBuggy
3,0.7634036540985107,1,1,131.91592407226562,417.json,NotBuggy
4,0.9191853404045105,1,0,125.27178192138672,7022.json,NotBuggy
4,0.42832183837890625,1,0,128.936767578125,8265.json,NotBuggy
4,0.7723646759986877,1,0,125.5254898071289,2281.json,NotBuggy
4,0.7769110798835754,1,0,128.936767578125,2839.json,NotBuggy
7,0.15291443467140198,1,3,109.7364273071289,5281.json,NotBuggy
3,0.22192084789276123,1,0,131.1535186767578,5254.json,NotBuggy
19,0.3594469130039215,4,3,91.56007385253906,9951.json,NotBuggy
4,0.9786191582679749,1,2,126.04888916015625,391.json,Buggy
4,0.9059085845947266,1,1,126.94251251220703,5614.json,NotBuggy
3,0.2737561762332916,1,0,135.83412170410156,5423.json,NotBuggy
4,0.7566945552825928,1,0,126.4781494140625,6576.json,NotBuggy
4,0.6419084072113037,1,0,127.78498840332031,3600.json,NotBuggy
5,0.7483112812042236,1,1,122.7151107788086,6168.json,NotBuggy
4,0.8687717318534851,1,0,128.936767578125,5307.json,NotBuggy
4,0.43681150674819946,1,0,123.67467498779297,8177.json,NotBuggy
5,0.1890448033809662,1,2,122.06163787841797,4726.json,NotBuggy
5,0.1459513157606125,1,1,119.31562042236328,4266.json,NotBuggy
3,0.7571005821228027,1,1,132.61029052734375,2763.json,NotBuggy
12,0.5526522994041443,2,3,103.32823181152344,4693.json,NotBuggy
3,0.9458854794502258,1,0,135.83412170410156,4228.json,NotBuggy
9,0.22789201140403748,2,1,108.76189422607422,7638.json,NotBuggy
4,0.2989008128643036,1,1,126.0733642578125,3268.json,NotBuggy
3,0.6037789583206177,1,0,132.4454345703125,2203.json,NotBuggy
4,0.012394450604915619,1,0,126.62725830078125,1645.json,NotBuggy
4,0.887394368648529,1,1,126.04888916015625,6713.json,NotBuggy
60,0.0,11,16,64.24102020263672,252.json,NotBuggy
7,0.4401637315750122,1,1,111.09032440185547,10243.json,NotBuggy
16,0.4279337525367737,4,3,95.16879272460938,4373.json,NotBuggy
8,0.057407744228839874,2,0,112.70221710205078,3368.json,NotBuggy
4,0.1803792268037796,1,1,125.27178192138672,2567.json,NotBuggy
12,0.08259723335504532,3,2,101.86363220214844,2465.json,NotBuggy
4,0.8560357689857483,1,0,128.936767578125,2142.json,NotBuggy
33,0.0010243336437270045,6,14,77.76260375976562,7190.json,NotBuggy
4,0.7534329295158386,1,2,124.91740417480469,10166.json,Buggy
23,0.0501893013715744,5,8,86.32169342041016,3158.json,Buggy
4,0.8699923753738403,1,1,126.04888916015625,6615.json,NotBuggy
28,0.0251290425658226,6,16,80.87921142578125,6469.json,NotBuggy
4,0.6390547156333923,1,1,126.77537536621094,8669.json,NotBuggy
5,0.07902444899082184,1,2,119.84819793701172,6586.json,NotBuggy
3,0.006734879687428474,1,0,127.8512954711914,6515.json,NotBuggy
4,0.8538341522216797,1,0,128.936767578125,11198.json,NotBuggy
4,0.37000802159309387,1,0,125.27178192138672,4634.json,NotBuggy
4,0.7702072262763977,1,0,128.936767578125,8752.json,NotBuggy
35,0.0,7,27,76.35601806640625,6818.json,NotBuggy
4,0.13159355521202087,1,0,127.78498840332031,5241.json,NotBuggy
29,0.08568590134382248,5,10,82.35548400878906,42.json,NotBuggy
6,0.03293929994106293,1,6,112.30796813964844,1256.json,NotBuggy
14,0.0025676388759166002,4,3,96.98869323730469,1449.json,NotBuggy
52,0.0,7,28,67.06776428222656,7495.json,Buggy
4,0.9256059527397156,1,0,128.936767578125,848.json,NotBuggy
8,0.2189198136329651,3,4,106.97517395019531,6708.json,NotBuggy
4,0.5760658383369446,1,1,125.15930938720703,8729.json,NotBuggy
4,0.31050658226013184,1,2,124.7987289428711,8005.json,Buggy
4,0.9311137199401855,1,0,128.936767578125,5512.json,NotBuggy
4,0.3961884081363678,1,1,124.05243682861328,3472.json,NotBuggy
11,0.17062002420425415,1,2,105.02381134033203,6476.json,NotBuggy
3,0.5134295225143433,1,0,129.34671020507812,10152.json,NotBuggy
4,0.8668184280395508,1,0,128.335205078125,7086.json,NotBuggy
4,0.047970328480005264,1,1,123.65223693847656,221.json,NotBuggy
4,0.1376093327999115,1,2,125.02987670898438,2589.json,NotBuggy
13,0.12517020106315613,3,3,100.8886947631836,7507.json,NotBuggy
4,0.6797110438346863,1,1,125.79222106933594,6333.json,NotBuggy
5,0.2299501597881317,1,1,119.1451187133789,2278.json,NotBuggy
4,0.8813039064407349,1,0,128.936767578125,5529.json,NotBuggy
7,0.01921570859849453,2,3,111.1139144897461,94.json,NotBuggy
8,0.8009708523750305,2,4,109.25240325927734,2369.json,NotBuggy
16,0.33391833305358887,4,1,96.45812225341797,9571.json,NotBuggy
4,0.6450979113578796,1,1,127.42622375488281,1770.json,NotBuggy
4,0.8092775344848633,1,0,128.936767578125,3820.json,NotBuggy
16,0.09786036610603333,1,6,94.71788787841797,857.json,NotBuggy
4,0.6995424628257751,1,1,127.59107971191406,5608.json,NotBuggy
4,0.5426672101020813,1,0,126.19583892822266,1052.json,Buggy
5,0.11587593704462051,1,2,119.52128601074219,3581.json,NotBuggy
6,0.09664102643728256,1,3,116.53582763671875,5166.json,NotBuggy
4,0.57689368724823,1,0,125.41301727294922,4562.json,NotBuggy
24,0.004806505981832743,1,10,87.21418762207031,3067.json,NotBuggy
4,0.8833721280097961,1,0,126.04888916015625,3525.json,NotBuggy
4,0.23835088312625885,1,0,128.936767578125,3577.json,NotBuggy
4,0.2953926920890808,1,0,124.25267028808594,10659.json,NotBuggy
5,0.7374486923217773,1,2,120.7502212524414,10812.json,NotBuggy
4,0.7623932957649231,1,1,127.42622375488281,4493.json,NotBuggy
19,0.0,1,48,86.1487808227539,3321.json,NotBuggy
4,0.9194732904434204,1,0,128.936767578125,6731.json,NotBuggy
102,0.0,16,33,50.12031173706055,3.json,NotBuggy
4,0.001694840262643993,1,0,126.62725830078125,1656.json,NotBuggy
14,0.164205864071846,3,4,97.60985565185547,8015.json,NotBuggy
4,0.6541809439659119,1,1,126.62725830078125,7013.json,NotBuggy
3,0.5827028155326843,1,0,133.59722900390625,8333.json,NotBuggy
4,0.9534358978271484,1,0,128.936767578125,3534.json,NotBuggy
4,0.8009123802185059,1,1,127.94984436035156,5161.json,NotBuggy
5,0.9768528342247009,1,1,122.58091735839844,1161.json,NotBuggy
4,0.36396288871765137,1,0,126.62725830078125,1476.json,NotBuggy
21,0.5394253134727478,4,3,90.22911071777344,4575.json,NotBuggy
4,0.2266106754541397,1,0,127.78498840332031,2245.json,NotBuggy
4,0.919599711894989,1,0,128.335205078125,3048.json,NotBuggy
4,0.7671463489532471,1,0,128.936767578125,3122.json,NotBuggy
4,0.04270033538341522,1,0,128.936767578125,6367.json,NotBuggy
4,0.35437631607055664,1,0,128.936767578125,8463.json,NotBuggy
4,0.8302443027496338,1,0,128.936767578125,2337.json,NotBuggy
19,0.014151155948638916,3,5,91.84750366210938,10184.json,NotBuggy
4,0.05525580793619156,1,0,126.62725830078125,2453.json,NotBuggy
4,0.04994777590036392,1,3,123.21045684814453,6087.json,NotBuggy
4,0.7534329295158386,1,2,124.91740417480469,10164.json,Buggy
3,0.7232922911643982,1,0,134.26058959960938,10566.json,NotBuggy
4,0.19986574351787567,1,1,128.13519287109375,10414.json,NotBuggy
4,0.6659231185913086,1,0,126.19583892822266,8717.json,NotBuggy
15,0.004196225665509701,3,10,92.83399963378906,7279.json,Buggy
13,0.17153342068195343,3,3,99.5068130493164,8641.json,NotBuggy
5,0.6971486210823059,1,1,121.54438018798828,6431.json,NotBuggy
4,0.8305483460426331,1,0,128.936767578125,2792.json,NotBuggy
4,0.8435438871383667,1,0,128.936767578125,4952.json,NotBuggy
4,0.7838607430458069,1,1,123.8484878540039,8885.json,Buggy
13,0.32461369037628174,2,3,100.48053741455078,10218.json,NotBuggy
4,0.26790377497673035,1,0,128.936767578125,5046.json,NotBuggy
4,0.0025891964323818684,1,5,121.28888702392578,6605.json,NotBuggy
15,0.35091742873191833,5,2,97.47230529785156,8639.json,NotBuggy
4,0.3384344279766083,1,2,124.81353759765625,3572.json,NotBuggy
3,0.035085529088974,1,1,128.8092498779297,854.json,NotBuggy
4,0.7939483523368835,1,0,128.335205078125,3549.json,NotBuggy
4,0.46504318714141846,1,1,125.91468811035156,1243.json,NotBuggy
3,0.0552971214056015,1,0,132.4454345703125,8267.json,NotBuggy
15,0.3057496249675751,3,0,99.54071044921875,3925.json,NotBuggy
23,0.23446299135684967,5,9,85.60275268554688,6460.json,NotBuggy
4,0.0636802539229393,1,0,128.936767578125,10941.json,NotBuggy
7,0.04068036749958992,1,3,110.90426635742188,531.json,NotBuggy
3,0.2540622055530548,1,0,128.436279296875,9249.json,NotBuggy
4,0.06898748874664307,1,2,125.02987670898438,7666.json,NotBuggy
4,0.009478908963501453,1,0,128.936767578125,1639.json,NotBuggy
4,0.3539344370365143,1,0,126.04888916015625,6584.json,NotBuggy
5,0.4068964421749115,2,1,118.91511535644531,1561.json,Buggy
4,0.6858182549476624,1,0,126.62725830078125,5534.json,NotBuggy
4,0.6101872324943542,1,1,126.19583892822266,4045.json,NotBuggy
4,0.41294971108436584,1,0,125.96089172363281,8490.json,NotBuggy
6,1.8237042240798473E-4,1,3,114.84461975097656,3768.json,NotBuggy
10,0.624112606048584,2,2,105.08219146728516,7621.json,NotBuggy
9,0.3168524503707886,2,1,109.31411743164062,8037.json,NotBuggy
4,0.45205098390579224,1,0,128.936767578125,8466.json,NotBuggy
4,0.15074273943901062,1,0,126.62725830078125,2363.json,NotBuggy
4,0.02408820576965809,1,2,123.94486236572266,2888.json,Buggy
4,0.21845172345638275,1,1,127.59107971191406,3938.json,NotBuggy
8,0.5254919528961182,2,3,108.46271514892578,5573.json,Buggy
4,0.9094148278236389,1,1,128.335205078125,4520.json,NotBuggy
8,0.2390546053647995,2,1,113.11843872070312,1876.json,NotBuggy
4,0.3039763569831848,1,1,123.94486236572266,8087.json,Buggy
4,0.0748053565621376,1,0,126.62725830078125,7084.json,NotBuggy
5,0.529830813407898,1,2,138.9843292236328,10123.json,NotBuggy
8,0.6415706872940063,2,2,111.47156524658203,10814.json,NotBuggy
4,0.7967733144760132,1,0,125.41301727294922,10228.json,NotBuggy
4,0.2922217845916748,1,1,126.62725830078125,5129.json,NotBuggy
35,0.014281864278018475,1,11,79.20914459228516,10604.json,NotBuggy
7,0.5603339076042175,2,2,113.3831787109375,2043.json,NotBuggy
4,0.8286569714546204,1,1,126.94251251220703,6034.json,NotBuggy
4,0.3063064515590668,1,2,124.6862564086914,4628.json,NotBuggy
20,0.14757300913333893,4,6,89.38825225830078,7717.json,NotBuggy
24,0.05155132710933685,2,14,84.44641876220703,11231.json,NotBuggy
5,0.9317078590393066,1,1,121.30247497558594,5920.json,NotBuggy
5,0.14639095962047577,1,3,120.87269592285156,135.json,NotBuggy
5,0.0,1,1,117.36475372314453,5160.json,Buggy
4,0.30228880047798157,1,0,124.25267028808594,10656.json,NotBuggy
4,0.6292555928230286,1,0,126.62725830078125,11.json,NotBuggy
4,0.11643994599580765,1,3,125.52845764160156,1520.json,NotBuggy
11,0.5318697690963745,2,1,105.2878189086914,4071.json,NotBuggy
11,0.4361026883125305,2,2,103.57901763916016,3065.json,NotBuggy
19,0.39830276370048523,4,6,92.01658630371094,7192.json,NotBuggy
4,0.3525232672691345,1,1,125.5254898071289,2877.json,NotBuggy
45,7.080239593051374E-4,2,14,72.64905548095703,793.json,NotBuggy
11,0.44132182002067566,3,2,104.9920654296875,3908.json,NotBuggy
10,0.471502423286438,2,3,104.52130126953125,9721.json,NotBuggy
4,0.6002179384231567,1,0,128.936767578125,3489.json,NotBuggy
4,0.7107987999916077,1,0,128.335205078125,8128.json,NotBuggy
4,0.692761242389679,1,0,124.81353759765625,4621.json,NotBuggy
9,0.5681211948394775,2,3,107.9759750366211,3652.json,NotBuggy
4,0.9050209522247314,1,0,127.27810668945312,3958.json,NotBuggy
22,0.22495698928833008,4,9,86.91189575195312,9729.json,NotBuggy
5,0.7334941029548645,1,1,120.53388214111328,1781.json,NotBuggy
4,0.0,1,1,121.92401123046875,1737.json,NotBuggy
4,0.5206676721572876,1,1,126.0733642578125,8550.json,NotBuggy
4,0.1516035497188568,2,3,123.05931091308594,1242.json,NotBuggy
4,0.02606787346303463,1,1,126.77537536621094,8081.json,NotBuggy
20,0.005163060966879129,3,4,88.92159271240234,7995.json,Buggy
4,0.696541965007782,1,1,125.41301727294922,297.json,NotBuggy
4,0.7005736827850342,1,1,126.62725830078125,4220.json,NotBuggy
4,0.9025380611419678,1,0,127.27810668945312,2800.json,NotBuggy
3,0.5625477433204651,1,0,134.26058959960938,5263.json,NotBuggy
4,0.11420746147632599,1,0,128.936767578125,3610.json,NotBuggy
29,0.005139053799211979,7,12,81.10742950439453,5514.json,NotBuggy
18,0.20836304128170013,1,7,91.18765258789062,10121.json,NotBuggy
4,0.6893110871315002,1,1,127.09062194824219,4750.json,NotBuggy
4,0.8344488739967346,1,0,127.42622375488281,4206.json,NotBuggy
13,0.2544741928577423,3,1,98.49515533447266,5399.json,NotBuggy
4,0.6943560838699341,1,1,125.91468811035156,3571.json,NotBuggy
4,0.4138456881046295,1,2,123.1068344116211,5245.json,NotBuggy
4,0.0075884005054831505,1,0,128.936767578125,8171.json,NotBuggy
4,0.35224732756614685,1,0,125.67974090576172,3596.json,NotBuggy
5,0.10989958792924881,1,2,117.46806335449219,10086.json,NotBuggy
5,0.02079055830836296,1,2,119.5191650390625,1053.json,Buggy
4,0.6628115177154541,1,1,126.4781494140625,3193.json,NotBuggy
11,0.0021717960480600595,3,4,102.13055419921875,6814.json,NotBuggy
5,0.3287143409252167,1,3,120.63774108886719,4361.json,NotBuggy
4,0.1955563873052597,1,2,125.0554428100586,6677.json,NotBuggy
5,0.5834534168243408,1,2,121.41495513916016,6426.json,NotBuggy
15,0.8716029524803162,3,2,97.47284698486328,5773.json,Buggy
4,0.2650861144065857,1,1,125.91468811035156,2590.json,NotBuggy
4,0.3025958836078644,1,1,127.09062194824219,5080.json,NotBuggy
4,0.5338497757911682,1,0,127.78498840332031,7981.json,Buggy
7,0.667808473110199,2,1,116.6344985961914,4997.json,NotBuggy
26,0.2610742747783661,5,3,85.22537994384766,7145.json,NotBuggy
7,0.7933506965637207,2,1,115.1691665649414,8140.json,NotBuggy
33,1.0875978477997705E-4,4,17,76.97348022460938,4847.json,NotBuggy
4,0.559137225151062,1,0,128.936767578125,3481.json,NotBuggy
8,0.7112846970558167,2,1,110.8970947265625,7191.json,NotBuggy
14,0.5257939696311951,2,7,97.92174530029297,6016.json,NotBuggy
4,0.5242249369621277,1,0,128.936767578125,3731.json,NotBuggy
4,0.15007109940052032,1,0,124.7987289428711,8269.json,NotBuggy
21,0.04734421893954277,5,9,88.98479461669922,7211.json,NotBuggy
3,0.8889628648757935,1,0,134.26058959960938,3889.json,NotBuggy
28,0.2948448061943054,6,8,81.5102767944336,7567.json,Buggy
6,0.1430593729019165,1,3,117.59266662597656,8999.json,NotBuggy
9,0.8984600305557251,5,3,104.14875793457031,2539.json,NotBuggy
4,0.5602297782897949,1,1,125.0554428100586,8808.json,NotBuggy
8,0.6397683620452881,2,7,109.24699401855469,2514.json,NotBuggy
4,0.9108718037605286,1,0,128.936767578125,6667.json,NotBuggy
19,0.1518314629793167,4,5,91.85045623779297,1238.json,NotBuggy
6,0.01463442575186491,1,1,115.4073257446289,3208.json,NotBuggy
4,0.9193095564842224,1,0,125.39425659179688,10224.json,NotBuggy
4,0.9312900900840759,1,0,127.42622375488281,4217.json,NotBuggy
3,0.5134362578392029,1,0,132.4454345703125,2326.json,NotBuggy
5,0.003089715726673603,1,2,117.72811889648438,4289.json,NotBuggy
4,0.786499559879303,1,0,128.936767578125,2306.json,NotBuggy
4,0.15619716048240662,1,1,124.361083984375,3705.json,NotBuggy
4,0.1915704756975174,1,2,125.15235137939453,6760.json,NotBuggy
4,0.7612571120262146,1,0,128.936767578125,1447.json,NotBuggy
4,0.2618102729320526,1,1,125.30915069580078,5091.json,NotBuggy
4,0.9125726819038391,1,0,128.335205078125,2922.json,NotBuggy
16,0.4369004964828491,3,1,96.67723846435547,8690.json,NotBuggy
3,0.5173456072807312,1,0,132.4454345703125,8291.json,NotBuggy
6,0.38366538286209106,1,3,116.6322021484375,11279.json,NotBuggy
4,0.7772886753082275,1,0,128.936767578125,4207.json,NotBuggy
4,0.9605497121810913,2,1,122.0727767944336,11212.json,NotBuggy
4,0.6127988696098328,1,1,126.94251251220703,2955.json,NotBuggy
9,0.7237635850906372,2,1,109.06786346435547,9009.json,NotBuggy
4,0.5336574912071228,1,2,125.27178192138672,5424.json,NotBuggy
12,0.47947388887405396,3,1,102.27503204345703,7640.json,NotBuggy
4,0.3000621795654297,1,0,125.41301727294922,4612.json,NotBuggy
4,0.6713443398475647,1,1,127.59107971191406,5051.json,NotBuggy
4,0.6448435187339783,1,1,127.59107971191406,1179.json,NotBuggy
10,0.15170736610889435,1,2,105.35304260253906,2945.json,NotBuggy
12,0.4720311760902405,1,3,103.68992614746094,8527.json,NotBuggy
4,0.10204378515481949,1,0,123.8484878540039,10810.json,NotBuggy
31,1.3028907414991409E-4,6,13,76.76827239990234,6095.json,Buggy
4,0.6939111948013306,1,1,127.09062194824219,648.json,NotBuggy
3,0.6037789583206177,1,0,132.4454345703125,2204.json,NotBuggy
4,0.19986574351787567,1,1,128.13519287109375,10421.json,NotBuggy
5,0.678631067276001,1,3,120.03731536865234,5825.json,NotBuggy
3,0.9363021850585938,1,0,132.4454345703125,6832.json,NotBuggy
4,0.9724513292312622,1,0,125.91468811035156,1408.json,NotBuggy
6,0.5067098736763,2,2,116.9500732421875,10190.json,NotBuggy
11,0.8963338136672974,4,2,101.7498550415039,8825.json,NotBuggy
4,0.2037176638841629,1,0,128.936767578125,2362.json,NotBuggy
4,0.8140153288841248,1,0,128.936767578125,8162.json,NotBuggy
4,0.74672532081604,1,0,128.936767578125,11208.json,NotBuggy
4,0.02863347716629505,1,3,123.65223693847656,4816.json,NotBuggy
4,0.788974940776825,1,0,128.936767578125,1207.json,NotBuggy
12,0.047591134905815125,3,3,100.86588287353516,4832.json,NotBuggy
30,0.023998377844691277,5,18,78.2049331665039,11218.json,NotBuggy
4,0.19324682652950287,1,2,124.26470947265625,10831.json,NotBuggy
6,0.5540058016777039,1,4,114.51445770263672,5826.json,Buggy
4,0.6311036348342896,1,1,125.79222106933594,3510.json,NotBuggy
4,0.9470752477645874,1,0,128.335205078125,10180.json,NotBuggy
13,0.4469936192035675,2,2,101.34481811523438,10199.json,NotBuggy
9,0.700808584690094,2,1,106.13468170166016,8870.json,Buggy
8,1.8088967772200704E-4,1,3,108.37181854248047,3772.json,NotBuggy
4,0.4272881746292114,1,0,125.79222106933594,7183.json,NotBuggy
4,0.7645083069801331,1,0,124.05243682861328,2136.json,NotBuggy
5,0.7432793974876404,1,1,121.91056823730469,11153.json,NotBuggy
4,0.7902753949165344,2,1,124.58354187011719,4060.json,NotBuggy
4,0.5470926761627197,1,2,127.25547790527344,10700.json,NotBuggy
22,0.009749760851264,3,7,87.29168701171875,8732.json,NotBuggy
36,0.0024253453593701124,1,12,77.97466278076172,781.json,NotBuggy
4,0.6143997311592102,1,2,127.25547790527344,6780.json,NotBuggy
4,0.48153388500213623,1,0,126.62725830078125,10276.json,NotBuggy
4,0.810356080532074,1,2,126.62725830078125,6207.json,Buggy
4,0.5500917434692383,1,0,127.09062194824219,262.json,NotBuggy
4,0.8320001363754272,1,1,127.42622375488281,423.json,NotBuggy
4,0.37571993470191956,1,2,124.7987289428711,8006.json,Buggy
5,0.09595014899969101,1,1,118.5968017578125,4265.json,NotBuggy
5,0.5662187337875366,1,2,123.32530975341797,8092.json,NotBuggy
4,0.029047280550003052,1,0,126.62725830078125,3636.json,NotBuggy
4,0.3025958836078644,1,1,127.09062194824219,5098.json,NotBuggy
3,0.9732806086540222,1,1,131.60296630859375,9210.json,NotBuggy
13,0.003457029815763235,2,9,99.94828796386719,5238.json,NotBuggy
5,0.417839378118515,1,2,121.18380737304688,791.json,NotBuggy
4,0.8092775344848633,1,0,128.936767578125,3829.json,NotBuggy
4,0.37891218066215515,1,1,125.30915069580078,5431.json,NotBuggy
4,0.6824041604995728,1,2,124.7987289428711,6290.json,NotBuggy
9,0.6202450394630432,2,1,109.7397689819336,3637.json,NotBuggy
4,0.7938856482505798,1,1,127.59107971191406,7147.json,NotBuggy
8,0.008737655356526375,1,3,107.87989044189453,2897.json,NotBuggy
3,0.4342241585254669,1,0,134.26058959960938,2554.json,NotBuggy
10,0.0034813194070011377,2,8,102.80572509765625,2513.json,NotBuggy
8,0.05427471548318863,1,4,108.82627868652344,456.json,NotBuggy
4,0.9355707168579102,1,1,128.5205535888672,2415.json,NotBuggy
4,0.10304853320121765,1,0,128.936767578125,3602.json,NotBuggy
11,0.4850434362888336,2,1,107.4307861328125,5008.json,NotBuggy
10,0.14453820884227753,2,0,107.2057876586914,3898.json,NotBuggy
9,0.746222734451294,2,4,107.9144287109375,2815.json,NotBuggy
5,0.3835746645927429,1,2,119.45117950439453,4942.json,NotBuggy
20,0.3330570459365845,4,8,89.24805450439453,2309.json,Buggy
14,1.6558440984226763E-4,3,4,94.18035125732422,11242.json,NotBuggy
4,0.5347645878791809,1,0,126.62725830078125,7390.json,NotBuggy
4,0.680419921875,1,1,127.42622375488281,10088.json,NotBuggy
4,0.004708418622612953,1,0,128.335205078125,1829.json,NotBuggy
8,0.21679747104644775,2,1,110.09143829345703,6947.json,NotBuggy
5,0.28243929147720337,1,2,120.7502212524414,6783.json,NotBuggy
4,0.7439106106758118,1,1,126.62725830078125,3845.json,NotBuggy
12,0.19210892915725708,2,2,102.305908203125,2350.json,NotBuggy
5,0.013475417159497738,1,2,119.31893157958984,6525.json,Buggy
4,0.8260172605514526,1,1,127.59107971191406,1407.json,Buggy
14,0.26822546124458313,3,7,96.37689208984375,8755.json,Buggy
5,0.5920401215553284,2,4,116.51036071777344,7184.json,NotBuggy
4,0.9031484127044678,1,0,128.936767578125,8304.json,NotBuggy
12,0.023954899981617928,3,6,100.1783676147461,7421.json,NotBuggy
4,0.8403763771057129,1,0,128.936767578125,2753.json,NotBuggy
16,0.5885920524597168,4,5,95.83052062988281,7176.json,NotBuggy
4,0.8202254176139832,1,0,128.936767578125,4321.json,NotBuggy
4,0.8520155549049377,1,0,127.94984436035156,8207.json,NotBuggy
4,0.2287653684616089,1,0,128.936767578125,2827.json,NotBuggy
4,0.7389686703681946,1,0,127.78498840332031,2475.json,NotBuggy
10,0.16558699309825897,2,2,105.8315200805664,10212.json,NotBuggy
4,0.8055046200752258,1,0,128.936767578125,8196.json,NotBuggy
4,0.07138016074895859,1,1,124.39620971679688,9538.json,NotBuggy
5,0.9424305558204651,1,2,120.96249389648438,64.json,NotBuggy
25,0.017820443958044052,5,4,86.63383483886719,4229.json,NotBuggy
4,0.04466677084565163,1,0,128.936767578125,8453.json,NotBuggy
23,0.41637736558914185,4,0,87.79093933105469,9016.json,NotBuggy
4,0.14465920627117157,1,1,124.39620971679688,9543.json,NotBuggy
4,0.008967668749392033,1,0,128.335205078125,5590.json,NotBuggy
4,0.782937228679657,1,0,128.936767578125,3219.json,NotBuggy
5,0.3082983195781708,1,1,120.34770202636719,1706.json,NotBuggy
4,0.5460171103477478,1,2,125.91468811035156,8010.json,NotBuggy
4,0.2065238207578659,1,2,126.4781494140625,7921.json,NotBuggy
3,0.6283054947853088,1,0,132.4454345703125,5259.json,NotBuggy
10,0.02338966727256775,1,2,107.22257232666016,4001.json,NotBuggy
4,0.3937910497188568,1,0,126.62725830078125,3966.json,NotBuggy
4,0.18237918615341187,1,0,126.62725830078125,1819.json,NotBuggy
4,0.6633766293525696,1,0,126.62725830078125,8385.json,NotBuggy
4,0.6627870798110962,1,1,126.77537536621094,10365.json,NotBuggy
5,0.6134511828422546,1,3,119.84819793701172,8152.json,NotBuggy
4,0.5813150405883789,1,0,125.67974090576172,5753.json,NotBuggy
7,0.12470775842666626,1,0,111.16043090820312,1761.json,NotBuggy
4,0.9236496090888977,1,0,128.335205078125,3746.json,NotBuggy
4,0.22412385046482086,1,0,128.936767578125,3576.json,NotBuggy
5,0.21893778443336487,1,4,118.82691955566406,8554.json,NotBuggy
14,0.595432698726654,3,1,101.95036315917969,1925.json,NotBuggy
8,0.6507845520973206,2,1,111.64537811279297,8903.json,NotBuggy
14,0.028566591441631317,2,7,98.34133911132812,6090.json,NotBuggy
5,0.6809256076812744,1,1,122.7151107788086,5969.json,NotBuggy
9,0.932142436504364,2,3,106.59980010986328,5428.json,NotBuggy
3,0.6887933611869812,1,0,131.1535186767578,8253.json,NotBuggy
5,0.5176243185997009,1,3,119.0662612915039,2779.json,NotBuggy
3,0.7831244468688965,1,0,133.59722900390625,8496.json,NotBuggy
22,0.005814671516418457,3,14,87.68474578857422,6371.json,NotBuggy
3,0.7855788469314575,1,0,132.9956512451172,8451.json,NotBuggy
5,0.4618053436279297,2,2,117.66804504394531,9077.json,NotBuggy
11,0.14945486187934875,2,6,104.68826293945312,10861.json,NotBuggy
36,5.256013828329742E-4,8,19,75.48539733886719,5478.json,NotBuggy
3,0.8604313731193542,1,0,132.4454345703125,10942.json,NotBuggy
4,0.8704792857170105,1,1,126.04888916015625,6792.json,NotBuggy
4,0.7399943470954895,1,0,128.936767578125,2823.json,NotBuggy
11,0.7830100059509277,2,0,105.97701263427734,6543.json,NotBuggy
4,0.38007429242134094,1,2,124.05243682861328,8895.json,NotBuggy
4,0.667847216129303,1,1,126.33003997802734,9690.json,NotBuggy
7,0.15319770574569702,1,5,130.87718200683594,10882.json,NotBuggy
15,0.016333023086190224,3,6,94.5233154296875,5077.json,NotBuggy
7,0.043471887707710266,2,2,113.13916015625,6277.json,NotBuggy
34,0.0010330764343962073,3,10,77.87288665771484,7646.json,NotBuggy
44,0.0,8,26,69.92094421386719,5606.json,NotBuggy
7,0.8249993920326233,2,2,114.08124542236328,9228.json,NotBuggy
4,0.9328188300132751,1,0,128.936767578125,10504.json,NotBuggy
3,0.8342723250389099,1,0,130.57513427734375,4876.json,NotBuggy
11,0.07896474748849869,2,2,101.25016021728516,8039.json,NotBuggy
10,0.04965924844145775,2,4,106.85009765625,5812.json,Buggy
15,0.6349307894706726,2,5,98.51365661621094,7689.json,NotBuggy
4,0.19452263414859772,1,0,128.936767578125,4884.json,NotBuggy
4,0.22412385046482086,1,0,128.936767578125,3575.json,NotBuggy
4,0.683667778968811,1,0,128.936767578125,8663.json,NotBuggy
4,0.6575314402580261,1,1,127.09062194824219,10381.json,NotBuggy
13,0.14631769061088562,3,4,99.14600372314453,10802.json,NotBuggy
4,0.36854976415634155,1,1,127.59107971191406,3442.json,NotBuggy
4,0.3229939043521881,1,1,126.33003997802734,7632.json,NotBuggy
3,0.9066458344459534,1,0,132.4454345703125,8252.json,NotBuggy
5,0.565861165523529,1,2,122.167236328125,3440.json,NotBuggy
7,0.7227933406829834,1,7,113.3333740234375,10874.json,NotBuggy
5,0.3045484125614166,1,2,123.32530975341797,6870.json,NotBuggy
5,0.6712924838066101,1,2,121.41495513916016,6423.json,Buggy
4,0.03440287709236145,1,0,122.5189437866211,4778.json,NotBuggy
4,0.5893939137458801,1,0,128.936767578125,4230.json,NotBuggy
4,0.33806413412094116,1,1,126.77537536621094,2357.json,NotBuggy
8,0.05023174732923508,2,3,108.66751861572266,10188.json,NotBuggy
4,0.7498473525047302,1,0,128.936767578125,4989.json,NotBuggy
4,0.8449596762657166,1,0,127.25547790527344,3826.json,NotBuggy
5,0.3638893961906433,1,0,122.03304290771484,4187.json,NotBuggy
17,0.06453313678503036,3,3,94.54642486572266,3948.json,NotBuggy
5,0.689004123210907,1,4,121.67162322998047,10613.json,NotBuggy
4,0.6932176351547241,1,1,125.15930938720703,1311.json,Buggy
4,0.6720726490020752,1,0,126.37059020996094,5252.json,NotBuggy
28,0.0022952731233090162,5,6,79.8978042602539,7252.json,Buggy
4,0.908896803855896,1,1,126.0733642578125,8821.json,NotBuggy
5,6.175463204272091E-4,1,2,117.95133209228516,9454.json,NotBuggy
11,0.7830100059509277,2,0,105.97701263427734,7021.json,NotBuggy
4,0.37378624081611633,1,0,128.936767578125,8218.json,NotBuggy
3,0.8831416368484497,1,0,134.26058959960938,3887.json,NotBuggy
4,0.8663625121116638,1,0,127.78498840332031,7024.json,NotBuggy
11,0.22586382925510406,2,3,105.28569030761719,10476.json,NotBuggy
3,0.9001542925834656,1,0,133.59722900390625,7205.json,NotBuggy
11,0.47712820768356323,1,7,101.1374282836914,5246.json,NotBuggy
5,0.6747742295265198,1,3,121.91352844238281,345.json,NotBuggy
11,0.4001437723636627,2,1,105.44854736328125,5923.json,NotBuggy
4,0.774917483329773,1,0,127.25547790527344,3818.json,NotBuggy
3,0.5099321603775024,1,1,130.18594360351562,10930.json,NotBuggy
4,0.8171132802963257,1,0,128.335205078125,6353.json,NotBuggy
4,0.18362843990325928,1,2,125.79222106933594,1450.json,NotBuggy
26,0.06951820105314255,5,6,85.38458251953125,11237.json,NotBuggy
5,0.16115903854370117,1,0,122.03304290771484,2442.json,NotBuggy
21,0.01193333975970745,4,8,88.80162811279297,2143.json,NotBuggy
23,0.09217435866594315,4,5,87.92352294921875,6997.json,Buggy
19,0.4791010320186615,3,4,92.69670867919922,7854.json,NotBuggy
4,0.8627895712852478,1,0,128.335205078125,4358.json,NotBuggy
4,0.36878570914268494,1,1,125.5254898071289,4532.json,NotBuggy
4,0.49790558218955994,1,2,127.25547790527344,3039.json,NotBuggy
12,0.37297487258911133,1,3,104.63741302490234,2999.json,NotBuggy
5,0.010213876143097878,1,3,119.75839233398438,10374.json,Buggy
5,0.07970912009477615,1,0,121.6568603515625,10350.json,NotBuggy
4,0.4758606553077698,1,1,126.77537536621094,3168.json,NotBuggy
5,0.2596258223056793,2,3,117.44395446777344,4125.json,NotBuggy
12,0.192062109708786,2,6,101.22057342529297,3200.json,NotBuggy
4,0.13161388039588928,1,1,124.1749038696289,9534.json,NotBuggy
30,0.0,7,13,78.04881286621094,2650.json,NotBuggy
5,0.0,1,0,116.10282897949219,5176.json,NotBuggy
10,0.3419816493988037,2,0,106.20758819580078,3790.json,NotBuggy
4,0.9370847940444946,1,0,128.936767578125,8141.json,NotBuggy
3,0.9959135055541992,1,0,135.83412170410156,3496.json,NotBuggy
5,0.6747742295265198,1,3,121.91352844238281,335.json,NotBuggy
4,0.47804030776023865,1,2,124.58238983154297,3214.json,NotBuggy
8,0.12054990231990814,2,8,106.80692291259766,6798.json,NotBuggy
4,0.1670180708169937,1,1,127.59107971191406,3080.json,NotBuggy
15,0.40215355157852173,2,5,96.62601470947266,9402.json,NotBuggy
4,0.6804221868515015,1,0,127.27810668945312,7112.json,NotBuggy
4,0.3077565133571625,1,1,124.1749038696289,10207.json,NotBuggy
7,0.18082834780216217,2,1,115.06937408447266,2775.json,NotBuggy
4,0.559560239315033,1,0,125.67974090576172,1227.json,NotBuggy
4,0.6490912437438965,1,0,126.0733642578125,4132.json,NotBuggy
3,0.7910757064819336,1,1,132.61029052734375,418.json,NotBuggy
5,0.2945750951766968,1,4,119.66572570800781,4889.json,NotBuggy
4,0.7358834147453308,1,0,127.27810668945312,11159.json,NotBuggy
11,0.3069273829460144,1,4,103.57461547851562,2386.json,Buggy
9,0.33670079708099365,2,3,108.76189422607422,8623.json,NotBuggy
22,0.15318873524665833,5,8,86.86241149902344,3656.json,NotBuggy
4,0.8111956715583801,1,0,128.335205078125,7249.json,NotBuggy
4,0.04466677084565163,1,0,128.936767578125,8185.json,NotBuggy
4,0.6455841660499573,1,1,128.13519287109375,7535.json,NotBuggy
3,0.372317373752594,1,0,132.4454345703125,3603.json,NotBuggy
31,0.003382875816896558,5,9,79.48430633544922,6005.json,Buggy
4,0.7221628427505493,1,0,126.62725830078125,3960.json,NotBuggy
3,0.7747707962989807,1,0,134.26058959960938,3694.json,NotBuggy
6,0.06851015239953995,1,3,114.9114761352539,10140.json,NotBuggy
4,0.9411791563034058,1,0,128.936767578125,6732.json,NotBuggy
4,0.9379041790962219,1,0,128.936767578125,8573.json,NotBuggy
23,0.02808060310781002,5,9,85.6785888671875,4276.json,Buggy
28,0.0028243546839803457,5,9,83.31791687011719,3345.json,NotBuggy
4,0.2504371106624603,1,1,124.39620971679688,9542.json,NotBuggy
6,0.378847599029541,2,4,113.8475570678711,2505.json,NotBuggy
4,0.28263285756111145,1,0,127.59107971191406,9383.json,NotBuggy
20,0.023319846019148827,3,4,92.23783111572266,8629.json,NotBuggy
4,0.1558983474969864,1,1,125.15235137939453,7526.json,NotBuggy
4,0.9082146883010864,1,1,129.14767456054688,6079.json,NotBuggy
8,0.0702769085764885,3,1,109.65406036376953,4549.json,NotBuggy
5,0.15009963512420654,2,2,116.92403411865234,10418.json,NotBuggy
3,0.5575407147407532,1,0,131.60296630859375,3693.json,NotBuggy
9,0.0,1,8,102.608642578125,664.json,NotBuggy
14,0.005763969849795103,3,9,96.54137420654297,5890.json,NotBuggy
15,0.4172748923301697,3,1,97.94628143310547,7088.json,NotBuggy
17,0.025685220956802368,3,3,93.97467803955078,7322.json,NotBuggy
49,2.2780257859267294E-4,8,13,69.65927124023438,2914.json,Buggy
15,0.02331804670393467,3,11,94.06861877441406,1462.json,NotBuggy
6,0.7729316353797913,1,3,116.8047866821289,8138.json,NotBuggy
8,0.8187733292579651,2,2,110.82284545898438,4473.json,Buggy
4,0.4697762131690979,1,1,126.19583892822266,9881.json,NotBuggy
3,0.4342241585254669,1,0,134.26058959960938,10605.json,NotBuggy
27,0.003035043366253376,5,3,83.466064453125,1434.json,NotBuggy
4,0.11953502893447876,1,3,125.52845764160156,4881.json,NotBuggy
18,0.6308597922325134,2,1,96.5848388671875,3687.json,NotBuggy
6,0.007774218451231718,1,3,115.33509063720703,365.json,NotBuggy
4,0.7932132482528687,1,0,128.936767578125,10275.json,NotBuggy
11,0.5459246039390564,1,3,104.4473876953125,6315.json,Buggy
16,7.089690188877285E-4,3,13,91.93721008300781,9104.json,NotBuggy
4,0.9160341024398804,1,0,128.936767578125,479.json,NotBuggy
4,0.5426672101020813,1,0,126.19583892822266,1340.json,Buggy
11,0.08578138798475266,3,1,104.29708862304688,4099.json,NotBuggy
4,0.769934356212616,1,0,128.335205078125,1932.json,NotBuggy
5,8.187565836124122E-4,1,0,118.748779296875,6703.json,NotBuggy
7,0.15737628936767578,2,1,113.98487091064453,6378.json,Buggy
6,0.4285072982311249,1,2,118.35266876220703,3184.json,NotBuggy
21,0.015233859419822693,4,4,87.63549041748047,8976.json,NotBuggy
4,0.9082033038139343,1,0,128.936767578125,5153.json,Buggy
12,0.6593540906906128,3,5,101.8985824584961,8048.json,NotBuggy
2,0.001060432638041675,1,0,137.02120971679688,5871.json,NotBuggy
4,0.21845172345638275,1,1,127.59107971191406,3460.json,NotBuggy
5,0.6761276125907898,1,4,119.86595916748047,606.json,NotBuggy
3,0.9082726240158081,1,0,135.83412170410156,402.json,NotBuggy
5,0.19256900250911713,1,0,120.43379974365234,2819.json,NotBuggy
7,0.9553504586219788,1,4,112.48245239257812,426.json,NotBuggy
4,0.6084516644477844,1,1,124.92120361328125,5932.json,NotBuggy
23,0.062338072806596756,3,7,86.57821655273438,8605.json,NotBuggy
18,0.2561124563217163,4,7,90.14910888671875,8013.json,NotBuggy
4,0.8564514517784119,2,1,126.14059448242188,4331.json,NotBuggy
10,0.05870283767580986,2,6,103.0690689086914,3209.json,NotBuggy
8,0.9422047138214111,4,3,107.1710433959961,8359.json,NotBuggy
31,0.0015571961412206292,7,12,78.50086975097656,7281.json,Buggy
46,0.0,10,14,70.81468200683594,3759.json,NotBuggy
4,0.7192275524139404,1,0,126.62725830078125,8748.json,NotBuggy
4,0.0,1,0,128.335205078125,1835.json,NotBuggy
4,0.4148221015930176,1,1,126.77537536621094,275.json,NotBuggy
4,0.4252142608165741,1,0,123.65223693847656,4774.json,NotBuggy
20,0.15751570463180542,3,4,91.61306762695312,8680.json,Buggy
12,0.03190630301833153,1,8,100.58846282958984,6437.json,Buggy
10,0.12700913846492767,2,4,102.77687072753906,8769.json,NotBuggy
5,0.003089715726673603,1,2,117.72811889648438,4310.json,NotBuggy
4,0.28297093510627747,1,0,125.91468811035156,1861.json,NotBuggy
4,0.5480808615684509,1,0,128.936767578125,4275.json,NotBuggy
4,0.43796542286872864,1,1,126.77537536621094,7528.json,NotBuggy
53,0.0,22,8,64.86235046386719,2908.json,NotBuggy
4,0.13614815473556519,1,1,127.59107971191406,5070.json,NotBuggy
4,0.34333306550979614,1,1,126.62725830078125,8666.json,NotBuggy
4,0.1939340978860855,1,1,124.25267028808594,2974.json,NotBuggy
13,0.027303028851747513,2,3,99.85625457763672,1533.json,NotBuggy
42,0.007986659184098244,6,15,72.51117706298828,3762.json,NotBuggy
4,0.8197629451751709,1,1,127.42622375488281,8147.json,NotBuggy
4,0.7245550751686096,1,0,128.936767578125,6638.json,NotBuggy
5,0.4403001666069031,1,2,121.18380737304688,795.json,NotBuggy
4,0.6023475527763367,1,1,126.77537536621094,7522.json,NotBuggy
4,0.8267932534217834,1,1,127.42622375488281,73.json,NotBuggy
4,0.5713937282562256,1,1,124.58238983154297,7458.json,NotBuggy
13,0.36075979471206665,3,4,100.60189056396484,8811.json,NotBuggy
7,0.04068036749958992,1,3,110.90426635742188,535.json,NotBuggy
4,0.9390717148780823,1,0,128.936767578125,5061.json,NotBuggy
11,0.25334176421165466,3,2,102.36495971679688,9209.json,NotBuggy
4,0.9448950886726379,1,0,128.335205078125,445.json,NotBuggy
7,0.4319116473197937,2,1,115.85657501220703,2005.json,NotBuggy
4,0.605162501335144,1,1,125.30915069580078,2889.json,NotBuggy
4,0.20111903548240662,1,0,127.27810668945312,1812.json,NotBuggy
12,0.5737453103065491,3,4,101.87645721435547,4308.json,NotBuggy
3,0.43898385763168335,1,0,132.4454345703125,8364.json,NotBuggy
4,0.6327990293502808,1,1,127.09062194824219,6412.json,NotBuggy
19,0.04418765753507614,5,5,90.52737426757812,8052.json,NotBuggy
8,0.08108468353748322,3,1,108.83756256103516,4554.json,NotBuggy
8,0.16625863313674927,2,1,109.82251739501953,8373.json,NotBuggy
4,0.6820313334465027,1,0,125.27178192138672,9741.json,NotBuggy
4,0.9575543403625488,1,0,126.33003997802734,4167.json,NotBuggy
5,0.33823737502098083,1,0,122.03304290771484,10332.json,NotBuggy
5,0.20893922448158264,1,3,121.91352844238281,10304.json,NotBuggy
4,0.4089851975440979,1,0,128.936767578125,10334.json,NotBuggy
5,0.9133510589599609,2,2,119.34591674804688,2872.json,NotBuggy
9,0.8865994215011597,2,0,109.07477569580078,3491.json,NotBuggy
4,0.7600176930427551,1,0,125.79222106933594,9562.json,NotBuggy
10,0.30662381649017334,2,3,107.1390609741211,3441.json,NotBuggy
24,0.10362904518842697,3,9,84.91427612304688,874.json,NotBuggy
9,0.048100508749485016,2,6,106.92832946777344,32.json,NotBuggy
6,0.006187984254211187,1,5,114.26815795898438,6606.json,NotBuggy
4,0.6105992794036865,1,0,128.936767578125,3035.json,NotBuggy
3,0.02268344908952713,1,0,136.79171752929688,4351.json,NotBuggy
27,0.06371073424816132,6,13,83.4158706665039,10061.json,Buggy
3,0.45519375801086426,1,1,131.60296630859375,10431.json,NotBuggy
8,0.19252166152000427,2,5,110.38101959228516,2532.json,NotBuggy
4,0.2075604796409607,1,2,125.0554428100586,6580.json,NotBuggy
16,0.29754704236984253,3,6,97.03010559082031,2144.json,NotBuggy
10,0.9002731442451477,2,1,105.51252746582031,4899.json,NotBuggy
26,0.0020028192084282637,5,11,83.50154876708984,5927.json,NotBuggy
4,0.5479117631912231,1,0,126.4930648803711,8007.json,NotBuggy
4,0.8917297124862671,1,0,126.33003997802734,10881.json,NotBuggy
4,0.9348678588867188,1,1,128.335205078125,6101.json,NotBuggy
4,0.15228116512298584,1,5,124.25267028808594,5939.json,NotBuggy
4,0.9211152195930481,1,0,128.936767578125,2891.json,NotBuggy
4,0.7561113238334656,1,0,126.94251251220703,8143.json,NotBuggy
4,0.7245009541511536,1,0,128.335205078125,8325.json,NotBuggy
4,0.17475526034832,1,0,128.936767578125,4123.json,NotBuggy
5,0.04743550345301628,1,2,122.06163787841797,10457.json,NotBuggy
18,0.10117770731449127,4,9,90.4115982055664,169.json,NotBuggy
4,0.002565913600847125,1,0,128.335205078125,1836.json,NotBuggy
8,0.0693337619304657,2,3,131.1402587890625,11268.json,NotBuggy
4,0.6904979348182678,1,0,128.936767578125,10844.json,NotBuggy
13,0.6473817229270935,3,6,98.76856994628906,2339.json,Buggy
4,0.23789143562316895,1,0,128.936767578125,3817.json,NotBuggy
3,0.5917300581932068,1,0,134.26058959960938,5262.json,NotBuggy
4,0.8691872954368591,1,0,128.936767578125,2825.json,NotBuggy
4,0.16033926606178284,1,1,124.05243682861328,3698.json,NotBuggy
4,0.9277121424674988,1,0,128.936767578125,5306.json,NotBuggy
20,0.0013568062568083405,4,19,85.8578109741211,2856.json,NotBuggy
4,0.5958185791969299,1,0,126.62725830078125,3011.json,NotBuggy
4,0.6608372330665588,1,1,126.19583892822266,5745.json,NotBuggy
9,0.03392676264047623,3,8,104.52933502197266,3218.json,NotBuggy
12,0.3711501359939575,3,2,103.00738525390625,8638.json,NotBuggy
4,0.6019721031188965,1,0,126.62725830078125,2768.json,NotBuggy
4,0.9328188300132751,1,0,128.936767578125,5498.json,NotBuggy
4,0.12690749764442444,1,0,123.41707611083984,9494.json,NotBuggy
4,0.5502737164497375,1,1,126.33003997802734,159.json,NotBuggy
4,0.6310663819313049,1,0,128.936767578125,6368.json,NotBuggy
4,0.32241854071617126,1,0,127.78498840332031,4735.json,NotBuggy
9,0.38756200671195984,2,4,107.7159194946289,33.json,NotBuggy
12,0.030676575377583504,2,9,99.34965515136719,10132.json,NotBuggy
4,0.4356469511985779,1,0,126.4930648803711,1251.json,NotBuggy
4,0.9379041790962219,1,0,128.936767578125,6796.json,NotBuggy
12,0.4720311760902405,1,3,103.68992614746094,8526.json,NotBuggy
4,0.278195858001709,1,0,128.936767578125,2600.json,NotBuggy
4,0.719673752784729,1,0,126.62725830078125,5536.json,NotBuggy
19,0.014151155948638916,3,5,91.84750366210938,10203.json,NotBuggy
7,0.8121315836906433,2,1,116.48638916015625,6253.json,NotBuggy
18,0.5867441892623901,3,2,94.99267578125,240.json,NotBuggy
4,0.7709850072860718,1,0,126.62725830078125,8389.json,NotBuggy
4,0.698833167552948,1,1,126.19583892822266,3619.json,NotBuggy
10,0.8413805961608887,2,5,102.30591583251953,6446.json,NotBuggy
7,0.5603339076042175,2,2,113.3831787109375,2159.json,NotBuggy
3,0.47917065024375916,1,0,132.4454345703125,2483.json,NotBuggy
4,0.6084758043289185,1,0,128.936767578125,8163.json,NotBuggy
4,0.7682976126670837,1,1,125.64796447753906,8315.json,NotBuggy
14,0.23796939849853516,2,3,99.22550964355469,5813.json,Buggy
8,0.15063121914863586,2,3,109.75471496582031,8625.json,NotBuggy
4,0.7089104056358337,1,1,126.77537536621094,10206.json,NotBuggy
8,0.2480648159980774,2,2,110.08924102783203,6047.json,NotBuggy
4,0.8849455118179321,1,0,128.936767578125,6689.json,NotBuggy
7,0.005119825713336468,1,5,111.4667739868164,3342.json,NotBuggy
13,0.022474071010947227,1,3,98.26095581054688,6843.json,NotBuggy
4,0.37647706270217896,1,1,126.33003997802734,5309.json,NotBuggy
14,0.17921404540538788,3,3,97.76568603515625,3163.json,NotBuggy
4,0.001810062094591558,1,1,123.37702178955078,1739.json,NotBuggy
4,0.9555878043174744,1,0,128.335205078125,2025.json,NotBuggy
5,0.9269665479660034,1,2,120.43379974365234,6365.json,NotBuggy
19,0.032698143273591995,4,7,91.67772674560547,4498.json,Buggy
9,0.09968943148851395,2,7,105.93091583251953,4961.json,NotBuggy
28,0.014189263805747032,4,12,81.97947692871094,3763.json,NotBuggy
4,0.5731433033943176,1,0,128.936767578125,4972.json,NotBuggy
3,0.5348121523857117,1,1,130.85629272460938,6447.json,NotBuggy
4,0.15141713619232178,1,2,127.25547790527344,3072.json,NotBuggy
6,0.43622514605522156,2,3,115.50424194335938,6616.json,NotBuggy
17,0.00851720105856657,3,7,94.21206665039062,5211.json,NotBuggy
9,0.08340267837047577,3,9,105.64328002929688,10569.json,NotBuggy
10,0.5274729132652283,2,4,103.94073486328125,5436.json,NotBuggy
4,0.7050610780715942,1,0,127.27810668945312,8204.json,NotBuggy
8,0.8613060116767883,2,0,112.59345245361328,3623.json,NotBuggy
12,0.0059884157963097095,7,6,95.10848236083984,2907.json,NotBuggy
4,0.41292259097099304,1,0,126.62725830078125,5516.json,NotBuggy
13,0.08873733133077621,3,2,100.74624633789062,7208.json,NotBuggy
4,0.255746454000473,1,1,127.59107971191406,8230.json,NotBuggy
3,0.6665320992469788,1,0,132.4454345703125,8201.json,NotBuggy
5,0.5239185690879822,1,2,119.0662612915039,3360.json,NotBuggy
4,0.24478250741958618,1,0,128.936767578125,1667.json,NotBuggy
13,0.12884287536144257,2,3,100.1700210571289,9026.json,NotBuggy
6,0.41589727997779846,1,6,115.35547637939453,1209.json,NotBuggy
5,0.7782742977142334,1,0,122.03304290771484,8574.json,NotBuggy
5,0.3205704391002655,1,0,122.03304290771484,3064.json,NotBuggy
10,0.04200948402285576,3,12,101.59880065917969,6740.json,NotBuggy
4,0.32756903767585754,1,0,128.936767578125,2680.json,NotBuggy
3,0.9646357893943787,1,0,134.26058959960938,8560.json,NotBuggy
7,0.04366837069392204,1,7,109.38072967529297,1259.json,NotBuggy
3,0.933468222618103,1,0,135.83412170410156,6070.json,NotBuggy
8,0.5405693650245667,2,3,111.30977630615234,9927.json,NotBuggy
4,0.015158599242568016,1,0,128.936767578125,8486.json,NotBuggy
4,0.5239558219909668,1,0,126.04888916015625,1872.json,NotBuggy
4,0.4953276813030243,1,1,126.62725830078125,7722.json,NotBuggy
4,0.13357935845851898,1,1,126.77537536621094,277.json,NotBuggy
48,0.012569721788167953,9,13,69.38258361816406,1.json,NotBuggy
28,0.01041502133011818,5,9,81.3100357055664,8226.json,NotBuggy
26,0.00456996588036418,5,6,84.02002716064453,3760.json,NotBuggy
4,0.6419033408164978,1,1,126.19583892822266,294.json,NotBuggy
5,0.7721976637840271,1,2,120.96249389648438,3469.json,NotBuggy
4,0.20159049332141876,1,0,125.96089172363281,5024.json,NotBuggy
4,0.5790743827819824,1,0,125.67974090576172,709.json,NotBuggy
32,0.012762988917529583,7,12,78.81631469726562,5918.json,NotBuggy
16,0.03826822713017464,4,2,94.43862915039062,8615.json,NotBuggy
3,0.803256094455719,1,0,134.26058959960938,5102.json,NotBuggy
8,0.8945956826210022,2,2,112.39348602294922,4108.json,Buggy
5,0.5294976234436035,2,2,118.43477630615234,10461.json,NotBuggy
5,0.30719882249832153,1,3,121.07132720947266,2544.json,NotBuggy
3,0.4342241585254669,1,0,134.26058959960938,2594.json,NotBuggy
4,0.5271621942520142,1,2,123.48088836669922,7253.json,NotBuggy
4,0.8096078634262085,1,1,127.59107971191406,3545.json,NotBuggy
16,0.1457177996635437,2,6,93.76791381835938,2902.json,NotBuggy
4,0.3022439777851105,1,0,128.936767578125,556.json,NotBuggy
4,0.9448950886726379,1,0,128.335205078125,446.json,NotBuggy
7,0.18082834780216217,2,1,115.06937408447266,2781.json,NotBuggy
4,0.6921462416648865,1,1,125.79222106933594,3250.json,NotBuggy
7,0.19978176057338715,1,1,111.34391021728516,2973.json,NotBuggy
4,0.7381846904754639,1,0,127.78498840332031,1506.json,NotBuggy
51,0.0,6,24,67.27731323242188,1453.json,NotBuggy
5,0.21893778443336487,1,4,118.82691955566406,8543.json,NotBuggy
4,0.4083460569381714,1,0,125.57588195800781,8493.json,NotBuggy
14,0.5119035243988037,3,4,98.13483428955078,4755.json,Buggy
4,0.6144033670425415,1,3,125.64796447753906,4518.json,NotBuggy
5,0.4806332588195801,1,1,120.85002136230469,7177.json,Buggy
12,0.5526522994041443,2,3,103.32823181152344,4683.json,NotBuggy
10,0.09384586662054062,2,1,105.74822235107422,6161.json,NotBuggy
4,0.9139276742935181,1,1,127.94984436035156,3217.json,NotBuggy
8,0.05426546186208725,2,1,112.79368591308594,1691.json,NotBuggy
5,0.9859369397163391,1,1,122.7151107788086,6357.json,NotBuggy
27,0.15363532304763794,5,9,82.0948486328125,9108.json,Buggy
19,0.6199140548706055,5,5,92.44102478027344,4614.json,NotBuggy
8,0.00951304193586111,1,7,106.33313751220703,6611.json,NotBuggy
6,0.30900639295578003,1,5,114.84461975097656,3376.json,NotBuggy
4,0.7187515497207642,1,1,126.62725830078125,10298.json,NotBuggy
6,0.05936948210000992,2,4,114.74968719482422,6678.json,NotBuggy
4,0.6666489243507385,1,2,124.26470947265625,7194.json,NotBuggy
10,0.25416964292526245,2,1,107.36102294921875,3899.json,NotBuggy
4,0.7406895160675049,1,0,126.80831146240234,5587.json,NotBuggy
4,0.698235273361206,1,0,128.936767578125,2806.json,NotBuggy
8,0.11720327287912369,2,6,111.24613952636719,4309.json,NotBuggy
10,0.010857798159122467,1,3,102.17976379394531,3868.json,Buggy
4,0.19776855409145355,1,1,123.8484878540039,9480.json,NotBuggy
6,0.2605980932712555,1,3,115.95040893554688,5165.json,NotBuggy
4,0.222112774848938,1,0,126.4930648803711,6739.json,NotBuggy
13,0.2881774604320526,3,6,98.44730377197266,68.json,NotBuggy
12,0.2504929304122925,2,1,102.67845916748047,2252.json,NotBuggy
4,0.15006840229034424,1,2,127.09062194824219,1370.json,Buggy
11,0.06060007959604263,1,9,100.26311492919922,6996.json,Buggy
4,0.7498473525047302,1,0,128.936767578125,249.json,NotBuggy
4,0.15247954428195953,1,4,124.04872131347656,6984.json,NotBuggy
3,0.8461024165153503,1,0,133.59722900390625,5770.json,NotBuggy
4,0.02965809404850006,1,0,128.936767578125,2734.json,NotBuggy
4,0.8668184280395508,1,0,128.335205078125,8646.json,Buggy
4,0.36081016063690186,1,1,125.0554428100586,4134.json,NotBuggy
9,0.7287788987159729,2,3,108.11104583740234,4617.json,NotBuggy
4,0.6918253898620605,1,0,127.27810668945312,7438.json,NotBuggy
11,0.5662055015563965,3,5,103.48548889160156,4359.json,Buggy
18,0.3640642464160919,3,2,94.99267578125,3177.json,NotBuggy
25,0.006399383768439293,4,6,85.26361846923828,5531.json,NotBuggy
4,0.8020992279052734,1,0,127.78498840332031,4754.json,Buggy
4,0.21857865154743195,1,1,127.59107971191406,10697.json,NotBuggy
4,0.05669804662466049,1,1,127.59107971191406,2349.json,NotBuggy
3,0.2074703425168991,1,1,129.47398376464844,8418.json,NotBuggy
4,0.8906880021095276,1,0,128.936767578125,5485.json,NotBuggy
29,2.939501137007028E-4,5,16,79.3724594116211,5762.json,NotBuggy
13,0.13538655638694763,3,4,100.03026580810547,305.json,NotBuggy
9,0.30107399821281433,2,2,109.71440124511719,4076.json,NotBuggy
6,0.21755442023277283,2,2,114.96073150634766,1975.json,NotBuggy
8,0.2878336012363434,2,3,112.50596618652344,6457.json,NotBuggy
4,0.4910117983818054,1,1,126.62725830078125,5433.json,NotBuggy
5,0.6180521845817566,1,4,119.75839233398438,588.json,NotBuggy
7,0.6932538151741028,2,0,113.63477325439453,9476.json,NotBuggy
4,0.6814349293708801,1,0,128.936767578125,5095.json,NotBuggy
26,0.05329931899905205,5,6,84.79136657714844,164.json,NotBuggy
6,0.4905742406845093,2,1,116.9500732421875,916.json,NotBuggy
6,0.01940891146659851,1,3,114.51445770263672,2668.json,NotBuggy
9,0.0467323362827301,2,3,106.08020782470703,6579.json,NotBuggy
4,0.7947661876678467,1,1,127.42622375488281,4531.json,NotBuggy
4,0.6723353862762451,1,1,126.77537536621094,3509.json,NotBuggy
4,0.9534358978271484,1,0,128.936767578125,6565.json,NotBuggy
26,0.007106415461748838,5,7,83.95988464355469,8115.json,NotBuggy
4,0.8198698163032532,1,0,128.335205078125,7257.json,NotBuggy
5,0.49042582511901855,1,0,122.03304290771484,2338.json,NotBuggy
4,0.25206881761550903,1,0,126.62725830078125,707.json,NotBuggy
3,0.3211146891117096,1,0,133.59722900390625,8336.json,NotBuggy
10,0.16972851753234863,2,4,103.54035186767578,7092.json,NotBuggy
12,0.3463656008243561,2,3,103.73362731933594,4861.json,NotBuggy
4,0.5649566054344177,1,0,127.78498840332031,8213.json,NotBuggy
8,0.6037235856056213,2,1,112.1343765258789,4705.json,NotBuggy
13,0.01605868898332119,1,6,98.81088256835938,11234.json,NotBuggy
4,0.6924797892570496,1,1,127.59107971191406,7334.json,NotBuggy
4,0.5097700357437134,1,0,127.27810668945312,11243.json,NotBuggy
12,0.0367845818400383,2,4,99.60504913330078,3629.json,NotBuggy
4,0.8142738342285156,1,0,128.335205078125,2709.json,NotBuggy
4,0.8252912759780884,1,0,128.936767578125,11334.json,NotBuggy
4,0.7561113238334656,1,0,126.94251251220703,8436.json,NotBuggy
9,0.011666552163660526,2,4,104.0789794921875,11302.json,NotBuggy
14,0.15002542734146118,3,5,97.99534606933594,3862.json,NotBuggy
4,0.4867476522922516,1,0,125.67974090576172,1236.json,NotBuggy
6,0.2362828254699707,1,3,116.02641296386719,10680.json,NotBuggy
3,0.5575407147407532,1,0,131.60296630859375,8173.json,NotBuggy
8,0.39960408210754395,2,3,110.69730377197266,6781.json,NotBuggy
4,0.9055113792419434,1,0,128.936767578125,4992.json,NotBuggy
4,0.15375863015651703,1,1,124.4649429321289,3566.json,NotBuggy
4,0.5903428792953491,1,0,126.62725830078125,5493.json,NotBuggy
4,0.420682817697525,1,1,127.59107971191406,8674.json,NotBuggy
9,0.06506752222776413,2,4,107.59061431884766,9460.json,NotBuggy
17,0.1448342651128769,2,5,93.27293395996094,8553.json,NotBuggy
4,0.74672532081604,1,0,128.936767578125,3189.json,NotBuggy
4,0.707855224609375,1,2,127.09062194824219,3653.json,NotBuggy
4,0.38867443799972534,1,1,126.62725830078125,8505.json,NotBuggy
4,0.47195202112197876,1,3,124.4649429321289,5950.json,Buggy
10,0.4513317942619324,2,3,104.23522186279297,4443.json,Buggy
4,0.5728635191917419,1,1,127.59107971191406,5541.json,NotBuggy
11,0.12105907499790192,3,4,101.23062133789062,5057.json,NotBuggy
4,0.6706271171569824,1,1,126.77537536621094,8671.json,NotBuggy
5,0.7326036691665649,1,1,121.6568603515625,7135.json,NotBuggy
3,0.9829130172729492,1,0,134.26058959960938,1006.json,Buggy
12,0.351383775472641,2,3,102.74143981933594,10217.json,NotBuggy
67,0.0,9,19,61.085105895996094,7338.json,Buggy
3,0.8759130239486694,1,0,132.9956512451172,6273.json,NotBuggy
6,0.1516423374414444,1,4,115.78754425048828,1397.json,NotBuggy
4,0.2819591164588928,1,0,126.19583892822266,3507.json,NotBuggy
15,0.18020787835121155,3,2,98.037353515625,9535.json,NotBuggy
4,0.3000621795654297,1,0,125.41301727294922,4627.json,NotBuggy
4,0.002565913600847125,1,0,128.335205078125,1831.json,NotBuggy
4,0.8804734945297241,1,1,126.77537536621094,3205.json,NotBuggy
4,0.2239561527967453,1,3,123.94486236572266,3084.json,NotBuggy
4,0.9178649187088013,1,0,127.78498840332031,2738.json,NotBuggy
4,0.7649134993553162,1,0,128.936767578125,10702.json,NotBuggy
11,0.11289580911397934,2,5,102.92839050292969,10816.json,NotBuggy
5,0.02959408052265644,1,3,119.58580780029297,1261.json,NotBuggy
5,0.4835253953933716,1,0,121.91056823730469,3747.json,NotBuggy
4,0.686733067035675,1,0,128.936767578125,10708.json,NotBuggy
18,0.19926120340824127,4,3,93.09529876708984,8004.json,Buggy
4,0.564500629901886,1,2,126.33003997802734,8621.json,NotBuggy
9,0.22225235402584076,2,2,109.13594818115234,9463.json,NotBuggy
11,0.22334006428718567,3,1,104.23505401611328,11446.json,NotBuggy
4,0.5360260605812073,1,2,127.25547790527344,6794.json,NotBuggy
8,0.4282786250114441,2,3,111.0599594116211,6938.json,NotBuggy
4,0.410593718290329,1,0,124.95906829833984,5886.json,NotBuggy
4,0.9888319969177246,1,0,127.78498840332031,6472.json,Buggy
4,0.7873978614807129,1,0,128.335205078125,5036.json,NotBuggy
14,0.015433188527822495,2,4,100.74014282226562,2909.json,NotBuggy
4,0.17687535285949707,1,0,128.936767578125,10091.json,NotBuggy
4,0.6032746434211731,1,0,128.936767578125,8450.json,NotBuggy
4,0.746697723865509,1,1,127.09062194824219,6548.json,NotBuggy
4,0.8620559573173523,1,1,125.79222106933594,5673.json,Buggy
4,0.7627108097076416,1,1,128.13519287109375,10857.json,NotBuggy
5,0.4072493016719818,1,0,122.03304290771484,6688.json,NotBuggy
27,8.652296965010464E-4,6,8,82.33914947509766,179.json,NotBuggy
4,0.2445193976163864,1,0,126.62725830078125,5497.json,NotBuggy
4,0.777708113193512,1,0,127.42622375488281,518.json,NotBuggy
4,0.6429980993270874,1,0,126.19583892822266,3706.json,NotBuggy
9,0.8146472573280334,2,2,107.84662628173828,7185.json,NotBuggy
9,0.5762750506401062,2,2,109.73728942871094,3458.json,NotBuggy
4,0.506562352180481,1,3,125.39425659179688,11424.json,NotBuggy
39,0.0048794192261993885,6,18,74.28262329101562,5200.json,NotBuggy
10,0.35636958479881287,1,2,107.0801010131836,4046.json,NotBuggy
10,0.0015159110771492124,3,8,102.69760131835938,6756.json,NotBuggy
8,0.4611292779445648,2,1,112.58973693847656,4731.json,NotBuggy
4,2.1497454144991934E-4,1,0,123.85247039794922,6569.json,NotBuggy
4,0.6811527013778687,1,0,128.335205078125,8404.json,NotBuggy
12,0.15726369619369507,3,1,102.4484634399414,10094.json,NotBuggy
4,0.545627236366272,1,0,126.62725830078125,45.json,NotBuggy
4,0.8338820338249207,1,0,128.936767578125,2295.json,NotBuggy
4,0.5031076669692993,1,0,128.936767578125,3009.json,NotBuggy
4,0.7468897700309753,1,0,127.59107971191406,3500.json,NotBuggy
11,0.5104166865348816,2,2,106.22611236572266,2813.json,NotBuggy
25,0.15847434103488922,6,9,84.33816528320312,10080.json,NotBuggy
4,0.439103901386261,1,0,128.936767578125,2837.json,NotBuggy
4,0.6040586829185486,1,0,127.27810668945312,3614.json,NotBuggy
4,0.47089144587516785,1,1,126.77537536621094,6096.json,NotBuggy
4,0.15356208384037018,1,0,128.936767578125,8452.json,NotBuggy
13,0.36682555079460144,2,3,100.3775634765625,10219.json,NotBuggy
5,0.5372456908226013,1,2,120.3299331665039,2653.json,NotBuggy
10,0.13425922393798828,3,2,105.65377044677734,4414.json,Buggy
4,0.09047690778970718,1,2,124.1488037109375,2796.json,NotBuggy
4,0.5623180270195007,1,1,125.67974090576172,4200.json,NotBuggy
10,0.8074614405632019,2,7,104.68492889404297,6041.json,Buggy
4,0.8532410264015198,1,0,127.78498840332031,3570.json,NotBuggy
4,0.6880621910095215,1,2,127.77642822265625,55.json,NotBuggy
4,0.6565232872962952,1,0,128.936767578125,2793.json,NotBuggy
11,0.18363720178604126,2,3,103.22916412353516,1302.json,NotBuggy
4,0.8957775235176086,1,0,128.936767578125,6636.json,NotBuggy
4,0.762420654296875,1,1,126.94251251220703,4068.json,NotBuggy
4,0.3011062741279602,1,1,127.09062194824219,5079.json,NotBuggy
4,0.9336373805999756,1,1,128.5205535888672,279.json,NotBuggy
4,0.8723564743995667,1,0,128.936767578125,3648.json,NotBuggy
4,0.5550275444984436,1,1,126.62725830078125,4024.json,NotBuggy
4,0.4555627107620239,1,1,125.67974090576172,10632.json,NotBuggy
5,0.6018527150154114,1,0,121.41495513916016,4454.json,Buggy
6,0.384655624628067,2,3,115.50424194335938,6631.json,NotBuggy
35,0.0027680741623044014,5,15,75.26644897460938,1559.json,NotBuggy
4,0.19238942861557007,1,1,127.59107971191406,5088.json,NotBuggy
3,0.24606084823608398,1,0,131.28770446777344,3319.json,NotBuggy
17,0.024217918515205383,3,3,92.9321517944336,5276.json,Buggy
4,0.7867104411125183,1,0,126.0733642578125,2864.json,NotBuggy
4,0.24473616480827332,1,1,125.15930938720703,6287.json,Buggy
5,0.6882157921791077,1,1,119.75839233398438,3222.json,NotBuggy
19,0.014151155948638916,3,5,91.84750366210938,10185.json,NotBuggy
4,0.7549954056739807,1,1,126.33003997802734,9692.json,NotBuggy
18,0.12519526481628418,3,5,92.90499877929688,3741.json,NotBuggy
3,0.7934830784797668,1,1,132.086669921875,2397.json,NotBuggy
4,0.829975962638855,1,0,127.42622375488281,1630.json,NotBuggy
6,0.07192140072584152,1,3,115.33509063720703,6383.json,NotBuggy
4,0.8576016426086426,1,0,126.4781494140625,9911.json,NotBuggy
8,0.415334552526474,2,1,110.22791290283203,7081.json,NotBuggy
5,0.7909330129623413,1,4,119.86595916748047,663.json,NotBuggy
4,0.29950129985809326,1,0,127.78498840332031,2246.json,NotBuggy
40,0.0,7,22,73.05401611328125,5977.json,NotBuggy
4,0.9298245906829834,1,0,127.78498840332031,8299.json,NotBuggy
4,0.9669744968414307,1,0,128.936767578125,9248.json,NotBuggy
5,0.1007557213306427,1,4,120.43379974365234,615.json,Buggy
4,0.4942113757133484,1,1,125.67974090576172,2612.json,NotBuggy
4,0.23113657534122467,1,3,124.91740417480469,6013.json,NotBuggy
4,0.8329569697380066,1,0,126.94251251220703,6785.json,NotBuggy
5,0.8835742473602295,1,4,117.34275817871094,1972.json,Buggy
4,0.8737130761146545,1,1,125.0554428100586,5676.json,Buggy
3,0.21455660462379456,1,1,130.30841064453125,8271.json,NotBuggy
4,0.8055046200752258,1,0,128.936767578125,8200.json,NotBuggy
4,0.11535530537366867,1,1,122.9537353515625,5240.json,NotBuggy
5,0.07429178059101105,1,1,118.6647720336914,8316.json,NotBuggy
7,0.386726438999176,1,6,110.73896789550781,6540.json,NotBuggy
4,0.37659624218940735,1,2,124.04872131347656,351.json,Buggy
4,0.42218899726867676,1,0,127.78498840332031,4648.json,NotBuggy
3,0.9628660082817078,1,1,132.086669921875,6833.json,NotBuggy
6,0.08692862838506699,2,1,115.97023010253906,3756.json,NotBuggy
14,0.6631376147270203,2,2,102.24400329589844,1492.json,NotBuggy
4,0.7995306849479675,1,0,128.936767578125,6802.json,NotBuggy
4,0.8860750198364258,1,0,128.936767578125,8445.json,NotBuggy
9,0.007560440804809332,1,16,104.10458374023438,4945.json,NotBuggy
11,0.006078844424337149,2,2,99.9961166381836,8842.json,NotBuggy
4,0.42334645986557007,1,0,125.57588195800781,8214.json,NotBuggy
4,0.9388150572776794,1,0,128.936767578125,4794.json,NotBuggy
4,0.9037371277809143,1,0,128.335205078125,6085.json,NotBuggy
11,0.11870913952589035,2,6,101.37044525146484,2343.json,NotBuggy
4,0.9194732904434204,1,0,128.936767578125,1221.json,NotBuggy
6,0.0450601652264595,1,3,115.33509063720703,5232.json,NotBuggy
4,0.5966639518737793,1,2,127.25547790527344,4833.json,NotBuggy
4,0.4575415551662445,2,0,122.61405181884766,11433.json,NotBuggy
4,0.06263653934001923,1,0,128.936767578125,1688.json,NotBuggy
11,0.3109942376613617,3,2,104.9920654296875,3909.json,NotBuggy
9,0.18370527029037476,2,4,108.41826629638672,2790.json,NotBuggy
64,4.1383321513421834E-4,9,28,62.226261138916016,11216.json,NotBuggy
4,0.2803102731704712,1,1,126.77537536621094,3204.json,NotBuggy
5,0.143637552857399,1,2,120.63774108886719,3447.json,NotBuggy
4,0.5772319436073303,1,5,124.04872131347656,1769.json,NotBuggy
6,0.6339340806007385,1,1,117.59266662597656,10100.json,NotBuggy
4,0.9672985076904297,1,0,127.27810668945312,11190.json,NotBuggy
4,0.552191972732544,1,1,126.33003997802734,117.json,NotBuggy
11,0.16142868995666504,3,7,101.18465423583984,54.json,NotBuggy
11,0.0061806803569197655,2,6,100.7413330078125,1432.json,NotBuggy
4,0.8577525615692139,1,2,126.62725830078125,748.json,NotBuggy
13,0.1407242864370346,2,2,100.12013244628906,8124.json,NotBuggy
11,0.4807322919368744,1,2,105.45206451416016,7650.json,NotBuggy
4,0.278195858001709,1,0,128.936767578125,2617.json,NotBuggy
4,0.6209873557090759,1,0,126.62725830078125,2824.json,NotBuggy
4,0.087834931910038,1,0,128.936767578125,10340.json,NotBuggy
4,0.873336136341095,1,0,128.335205078125,7386.json,NotBuggy
4,0.8669732809066772,2,0,124.48716735839844,1591.json,NotBuggy
4,0.2445193976163864,1,0,126.62725830078125,5488.json,NotBuggy
16,0.034380875527858734,3,5,94.714599609375,3947.json,NotBuggy
4,0.9328188300132751,1,0,128.936767578125,6685.json,NotBuggy
5,0.2863994836807251,1,0,121.91056823730469,3748.json,NotBuggy
4,0.8055046200752258,1,0,128.936767578125,8476.json,NotBuggy
4,0.5325337648391724,1,0,128.936767578125,6786.json,NotBuggy
12,0.011281694285571575,1,2,101.0311279296875,10391.json,NotBuggy
4,0.44126370549201965,1,1,127.59107971191406,6348.json,NotBuggy
5,0.43093255162239075,1,2,121.77933502197266,4737.json,NotBuggy
3,0.8440067172050476,1,0,131.46876525878906,1273.json,NotBuggy
4,0.5003921389579773,1,0,127.27810668945312,11415.json,NotBuggy
3,0.9330315589904785,1,0,133.59722900390625,8331.json,NotBuggy
4,0.8523845076560974,1,1,126.94251251220703,6309.json,NotBuggy
4,0.7277447581291199,1,0,126.62725830078125,8378.json,NotBuggy
4,0.011148573830723763,1,0,122.70512390136719,4803.json,NotBuggy
6,0.03194531053304672,1,2,113.90103912353516,3516.json,NotBuggy
9,0.5162349343299866,2,2,107.84432220458984,2385.json,NotBuggy
3,0.9327813982963562,1,0,133.59722900390625,9900.json,NotBuggy
4,0.1100754514336586,1,1,124.58238983154297,8566.json,NotBuggy
14,0.6780310869216919,3,4,96.05986022949219,69.json,NotBuggy
4,0.8734213709831238,2,1,123.52867889404297,2880.json,NotBuggy
24,9.811269119381905E-4,4,15,84.25914001464844,6975.json,Buggy
4,0.34798434376716614,1,1,125.41301727294922,4141.json,NotBuggy
4,0.5901264548301697,1,1,128.13519287109375,2200.json,NotBuggy
4,0.6551005244255066,1,2,125.52845764160156,7222.json,Buggy
4,0.6528641581535339,1,0,125.91468811035156,4341.json,NotBuggy
3,0.3285399079322815,1,3,128.51292419433594,8340.json,Buggy
4,0.5703672170639038,1,1,126.62725830078125,1771.json,NotBuggy
4,0.6979464292526245,1,1,126.62725830078125,2412.json,NotBuggy
15,0.3700049817562103,4,3,96.4272689819336,1943.json,NotBuggy
4,0.10453449934720993,1,2,121.84000396728516,7993.json,Buggy
21,0.0029098528902977705,4,11,86.12718200683594,4882.json,NotBuggy
4,0.36396288871765137,1,0,126.62725830078125,1470.json,NotBuggy
4,0.2025822401046753,1,0,128.936767578125,5468.json,NotBuggy
4,0.9346057772636414,1,0,128.936767578125,8426.json,NotBuggy
4,0.6915743947029114,1,0,127.78498840332031,6516.json,NotBuggy
4,3.8049655267968774E-4,1,0,128.936767578125,4959.json,NotBuggy
11,0.6185975670814514,2,3,103.91461944580078,6878.json,Buggy
4,0.8669521808624268,1,1,126.19583892822266,6217.json,Buggy
3,0.855996310710907,1,0,134.26058959960938,2787.json,NotBuggy
4,0.8452600240707397,1,1,127.59107971191406,10433.json,NotBuggy
4,0.7015820145606995,1,0,128.936767578125,10352.json,NotBuggy
4,0.2988690733909607,1,0,128.936767578125,3730.json,NotBuggy
12,0.5022639036178589,3,2,101.98593139648438,10198.json,NotBuggy
8,0.5315224528312683,2,1,111.30105590820312,8014.json,NotBuggy
4,0.8194437026977539,1,1,127.42622375488281,3226.json,NotBuggy
12,0.25663283467292786,1,4,101.16764068603516,10934.json,NotBuggy
4,0.8650029897689819,1,0,129.6001434326172,2027.json,NotBuggy
6,0.6997733116149902,1,6,117.02482604980469,3734.json,NotBuggy
5,0.1726851612329483,1,3,119.31562042236328,3857.json,NotBuggy
4,0.6243978142738342,1,1,126.62725830078125,7647.json,NotBuggy
4,0.8244668841362,1,0,128.936767578125,6575.json,NotBuggy
8,0.42962372303009033,1,6,108.47278594970703,8633.json,Buggy
5,0.5807300209999084,1,3,121.77933502197266,2618.json,NotBuggy
4,0.5138344168663025,1,0,126.33003997802734,2277.json,NotBuggy
4,0.6721274852752686,1,0,127.42622375488281,3831.json,NotBuggy
4,0.4178284704685211,1,1,125.67974090576172,4147.json,NotBuggy
28,0.010923865251243114,4,11,82.08232116699219,9024.json,NotBuggy
4,0.4799485504627228,1,1,127.59107971191406,8664.json,NotBuggy
4,0.8523845076560974,1,1,126.94251251220703,6312.json,NotBuggy
3,0.7663976550102234,1,0,135.83412170410156,4130.json,NotBuggy
4,0.8055046200752258,1,0,128.936767578125,8158.json,NotBuggy
4,0.6203067302703857,1,2,126.4781494140625,6578.json,NotBuggy
4,0.8785813450813293,1,2,123.94486236572266,175.json,NotBuggy
4,0.544877290725708,1,0,128.936767578125,11245.json,NotBuggy
4,0.8428118824958801,1,0,128.335205078125,10398.json,NotBuggy
8,0.03751827031373978,2,1,107.94556427001953,5997.json,NotBuggy
22,0.11610884964466095,4,10,87.14756774902344,5922.json,Buggy
5,0.18355585634708405,1,0,122.03304290771484,4191.json,NotBuggy
4,0.241463303565979,1,2,126.04888916015625,6355.json,NotBuggy
7,0.004437209106981754,1,5,111.4667739868164,3343.json,NotBuggy
18,0.027301399037241936,3,3,93.57376098632812,10823.json,NotBuggy
4,0.13804441690444946,1,1,125.15235137939453,3172.json,NotBuggy
23,0.10496529936790466,4,5,89.19954681396484,7633.json,NotBuggy
10,0.06386706978082657,2,3,104.14152526855469,4172.json,NotBuggy
4,0.2153397798538208,1,0,124.7987289428711,2484.json,NotBuggy
4,0.4083460569381714,1,0,125.57588195800781,8175.json,NotBuggy
4,0.5847178101539612,1,1,125.5254898071289,1741.json,NotBuggy
4,0.8314379453659058,1,2,127.09062194824219,3961.json,NotBuggy
4,0.6429616808891296,1,0,126.62725830078125,3959.json,NotBuggy
4,0.5575984716415405,1,0,125.41301727294922,8029.json,NotBuggy
4,0.8926168084144592,1,1,126.04888916015625,6588.json,NotBuggy
4,0.2120276391506195,1,0,126.62725830078125,3014.json,NotBuggy
4,0.5417574048042297,1,0,128.936767578125,517.json,NotBuggy
5,0.29418352246284485,1,1,119.7846450805664,5205.json,NotBuggy
4,0.8813039064407349,1,0,128.936767578125,5525.json,NotBuggy
4,0.6783336400985718,1,1,126.77537536621094,7530.json,NotBuggy
5,0.2422599196434021,1,2,120.63774108886719,6263.json,NotBuggy
16,0.019891971722245216,2,6,96.01224517822266,1939.json,NotBuggy
14,0.5631681084632874,3,6,97.44984436035156,1250.json,NotBuggy
4,0.2490902990102768,1,1,125.41301727294922,6697.json,NotBuggy
4,0.8685254454612732,1,0,128.936767578125,6141.json,NotBuggy
4,0.09410835057497025,1,0,123.21045684814453,2686.json,NotBuggy
4,0.0023381432984024286,1,0,128.335205078125,1825.json,NotBuggy
4,0.6811233758926392,1,1,128.13519287109375,6349.json,NotBuggy
13,0.4596445858478546,2,2,99.6869125366211,2713.json,NotBuggy
4,0.006848298013210297,1,1,127.94984436035156,2731.json,NotBuggy
4,0.8069013357162476,1,1,126.0733642578125,1982.json,NotBuggy
6,0.4877048134803772,2,3,115.50424194335938,6727.json,NotBuggy
5,0.9641786217689514,1,2,120.96249389648438,2550.json,NotBuggy
4,0.8966515064239502,1,1,126.04888916015625,6583.json,NotBuggy
4,0.5345657467842102,1,1,126.0733642578125,6709.json,NotBuggy
4,0.018577976152300835,1,0,124.04872131347656,6706.json,NotBuggy
4,0.23835088312625885,1,0,128.936767578125,3578.json,NotBuggy
4,0.9274507164955139,1,1,128.335205078125,7072.json,NotBuggy
11,0.26463550329208374,3,2,104.43356323242188,4104.json,Buggy
10,0.4767445921897888,1,2,107.22257232666016,7648.json,NotBuggy
4,0.5463646054267883,1,0,128.335205078125,6478.json,NotBuggy
10,0.35198578238487244,2,2,106.33783721923828,10093.json,NotBuggy
14,0.1034824326634407,4,4,97.94163513183594,4010.json,NotBuggy
8,0.7588769197463989,2,1,111.91433715820312,10076.json,NotBuggy
12,0.7462474703788757,3,3,102.63623809814453,7180.json,NotBuggy
3,0.003331041894853115,1,0,133.59722900390625,6128.json,NotBuggy
4,0.6993170380592346,1,1,126.62725830078125,2346.json,NotBuggy
15,0.011132467538118362,3,3,95.04558563232422,1531.json,NotBuggy
5,0.4444984197616577,1,2,121.18380737304688,790.json,NotBuggy
4,0.24554723501205444,1,1,127.94984436035156,3160.json,NotBuggy
4,0.3853570520877838,1,0,126.62725830078125,8384.json,NotBuggy
4,0.8751780390739441,1,0,127.09062194824219,4070.json,NotBuggy
22,0.047118861228227615,4,11,112.79637908935547,6969.json,Buggy
4,0.8311514258384705,1,0,128.936767578125,6369.json,NotBuggy
11,0.11289580911397934,2,5,102.92839050292969,6002.json,NotBuggy
4,0.942992091178894,1,1,122.76876068115234,7244.json,Buggy
17,3.0391867039725184E-4,2,12,91.92062377929688,1555.json,NotBuggy
8,0.8144451975822449,2,1,109.75241088867188,9011.json,NotBuggy
4,0.7172751426696777,1,0,128.936767578125,7330.json,NotBuggy
5,0.22170120477676392,1,2,119.94750213623047,7049.json,NotBuggy
5,0.005426961928606033,1,3,117.59646606445312,9075.json,NotBuggy
4,0.7960230708122253,1,0,128.936767578125,3124.json,NotBuggy
10,0.04965924844145775,2,4,106.85009765625,5819.json,Buggy
60,0.0,12,18,64.0416030883789,7574.json,Buggy
4,0.11514094471931458,1,0,127.78498840332031,2478.json,NotBuggy
4,0.4242701232433319,1,0,126.62725830078125,2916.json,NotBuggy
4,0.023020565509796143,1,0,128.936767578125,3536.json,NotBuggy
4,0.5960507392883301,1,0,126.4781494140625,1938.json,NotBuggy
4,0.3003605008125305,1,1,125.91468811035156,11233.json,NotBuggy
4,0.40199577808380127,1,0,126.04888916015625,6716.json,NotBuggy
16,0.032685887068510056,3,3,93.41258239746094,10196.json,NotBuggy
4,0.434478223323822,1,1,125.64796447753906,4805.json,NotBuggy
12,0.5443059802055359,3,3,101.56121063232422,3327.json,NotBuggy
4,0.261417418718338,1,1,124.39620971679688,9539.json,NotBuggy
4,0.5770259499549866,1,1,125.41301727294922,4865.json,NotBuggy
4,0.2936091721057892,1,1,126.4930648803711,4183.json,NotBuggy
4,0.0075884005054831505,1,0,128.936767578125,3699.json,NotBuggy
4,0.5746335983276367,1,2,127.25547790527344,6590.json,NotBuggy
4,0.7886380553245544,1,1,126.94251251220703,10195.json,NotBuggy
5,0.03393276035785675,1,2,119.06403350830078,5613.json,NotBuggy
9,0.21056346595287323,2,4,107.4930648803711,3758.json,NotBuggy
3,0.8463807106018066,1,0,133.59722900390625,8428.json,NotBuggy
10,0.22453190386295319,1,2,107.22257232666016,7721.json,NotBuggy
12,0.8443071842193604,1,3,102.27656555175781,5199.json,NotBuggy
8,0.4611292779445648,2,1,112.58973693847656,4736.json,NotBuggy
4,0.9594800472259521,1,2,124.16120147705078,5868.json,NotBuggy
5,0.0209623072296381,1,2,119.23677062988281,17.json,NotBuggy
17,0.1591815948486328,4,6,93.18948364257812,2998.json,NotBuggy
17,0.005895300302654505,3,9,91.86026000976562,7122.json,Buggy
56,0.0,10,14,66.01951599121094,10211.json,NotBuggy
32,0.0028981997165828943,5,17,76.4958267211914,7290.json,Buggy
4,0.517435610294342,1,1,125.79222106933594,3508.json,NotBuggy
69,0.0,8,23,62.42307662963867,3245.json,NotBuggy
15,0.02689267322421074,3,7,94.6394271850586,7446.json,NotBuggy
21,0.09845376014709473,4,7,90.14303588867188,4919.json,NotBuggy
29,3.944039635825902E-4,5,11,79.20708465576172,1521.json,Buggy
5,0.9841460585594177,1,0,118.78422546386719,2693.json,NotBuggy
3,0.8560258150100708,1,0,134.26058959960938,8290.json,NotBuggy
14,0.5475401282310486,3,6,98.30626678466797,22.json,NotBuggy
4,0.6243978142738342,1,1,126.62725830078125,7649.json,NotBuggy
4,0.9010398387908936,1,0,128.936767578125,2420.json,NotBuggy
4,0.2512257397174835,1,4,122.05648803710938,1538.json,NotBuggy
4,0.5510436296463013,1,0,126.19583892822266,3550.json,NotBuggy
5,0.4630369544029236,1,2,119.0662612915039,3361.json,NotBuggy
12,0.6615620851516724,3,4,101.0925521850586,7301.json,NotBuggy
4,0.7800411581993103,1,0,126.37059020996094,5253.json,NotBuggy
4,0.7611292004585266,1,1,125.91468811035156,2878.json,NotBuggy
7,0.28016197681427,2,4,113.63807678222656,8322.json,NotBuggy
4,0.4172750413417816,1,0,125.05540466308594,11220.json,NotBuggy
8,0.48499807715415955,2,3,110.23391723632812,2762.json,NotBuggy
4,0.6721850633621216,1,1,125.5254898071289,162.json,NotBuggy
4,0.37647706270217896,1,1,126.33003997802734,5319.json,NotBuggy
5,0.4888291656970978,1,0,122.03304290771484,6690.json,NotBuggy
7,0.002693026792258024,3,7,108.15121459960938,8824.json,NotBuggy
4,0.22513794898986816,1,0,128.335205078125,5035.json,NotBuggy
9,0.10358906537294388,2,3,107.2193603515625,4943.json,NotBuggy
3,0.9063906073570251,1,0,135.83412170410156,5261.json,NotBuggy
5,0.05194024741649628,1,2,117.8196792602539,1433.json,NotBuggy
13,0.5202290415763855,3,4,99.595703125,2146.json,Buggy
4,0.4700067937374115,1,1,125.41301727294922,1214.json,NotBuggy
5,0.1775672882795334,1,7,117.66657257080078,4868.json,NotBuggy
5,0.03472670540213585,1,8,117.56597137451172,5192.json,NotBuggy
10,0.0385841503739357,2,3,105.29888916015625,9570.json,NotBuggy
4,0.8311322331428528,1,0,126.33003997802734,4734.json,NotBuggy
4,0.9097369909286499,1,0,127.27810668945312,830.json,NotBuggy
4,0.19105125963687897,1,1,125.64796447753906,170.json,NotBuggy
18,0.12488435953855515,1,7,92.94314575195312,5269.json,NotBuggy
38,0.0014886565040796995,5,15,73.69636535644531,1537.json,NotBuggy
10,0.5678653717041016,2,2,105.2813720703125,6442.json,NotBuggy
4,0.2075604796409607,1,2,125.0554428100586,6779.json,NotBuggy
4,0.16399918496608734,1,2,125.78216552734375,7898.json,NotBuggy
17,0.00851720105856657,3,7,94.21206665039062,5212.json,NotBuggy
4,0.6323201060295105,1,1,126.62725830078125,4181.json,NotBuggy
8,0.3501342535018921,1,4,108.90277862548828,9137.json,NotBuggy
4,0.5700384378433228,1,1,128.5205535888672,1557.json,NotBuggy
17,0.004437204450368881,3,6,92.38317108154297,8354.json,NotBuggy
4,0.9108790755271912,1,0,127.27810668945312,6665.json,NotBuggy
5,0.3467329740524292,1,5,118.3609390258789,8542.json,NotBuggy
4,0.9863314628601074,2,1,122.96084594726562,4660.json,NotBuggy
3,0.6258348226547241,1,0,134.26058959960938,3493.json,NotBuggy
4,0.6534010171890259,1,1,127.59107971191406,8670.json,NotBuggy
3,0.9956719875335693,1,0,135.83412170410156,3495.json,NotBuggy
3,0.7929714322090149,1,0,133.59722900390625,6323.json,Buggy
5,0.2562696635723114,1,1,121.54438018798828,11240.json,NotBuggy
3,0.5665528178215027,1,0,132.4454345703125,5260.json,NotBuggy
4,0.8168350458145142,1,0,128.936767578125,10579.json,NotBuggy
3,0.6120156645774841,1,0,135.83412170410156,1935.json,NotBuggy
18,0.3348641097545624,4,6,93.62141418457031,6483.json,Buggy
4,0.7483693957328796,1,0,127.78498840332031,7957.json,Buggy
3,0.810197114944458,1,0,132.4454345703125,2988.json,NotBuggy
4,0.338143914937973,1,0,124.25267028808594,10655.json,NotBuggy
4,0.5539289712905884,1,1,126.33003997802734,8313.json,NotBuggy
4,0.9241863489151001,1,0,128.936767578125,38.json,NotBuggy
4,0.8590892553329468,1,0,127.59107971191406,3474.json,NotBuggy
4,5.276770098134875E-4,1,1,121.48739624023438,8837.json,NotBuggy
4,0.4249041676521301,1,1,125.5254898071289,2920.json,NotBuggy
20,1.4728140376973897E-4,2,7,91.30677795410156,6823.json,NotBuggy
4,0.7744373083114624,1,0,128.936767578125,2835.json,NotBuggy
4,0.9724513292312622,1,0,125.91468811035156,1411.json,NotBuggy
10,0.5138370990753174,2,6,106.20758819580078,1922.json,NotBuggy
4,0.2961111068725586,1,0,125.91468811035156,2846.json,NotBuggy
4,0.7772886753082275,1,0,128.936767578125,11244.json,NotBuggy
4,0.739345133304596,1,1,127.59107971191406,72.json,NotBuggy
4,0.3962167501449585,1,1,126.19583892822266,9080.json,NotBuggy
4,0.8818075060844421,1,0,128.335205078125,8301.json,NotBuggy
14,0.14294593036174774,2,3,99.65880584716797,4307.json,Buggy
9,0.5037638545036316,2,2,107.41881561279297,2705.json,NotBuggy
5,0.2524704933166504,1,2,120.63774108886719,3443.json,NotBuggy
4,0.626863956451416,1,0,126.33003997802734,7512.json,Buggy
4,0.8497008681297302,1,0,126.33003997802734,1414.json,NotBuggy
5,0.7647315859794617,1,3,122.4339599609375,11430.json,NotBuggy
13,0.3389393985271454,3,5,98.12621307373047,7097.json,Buggy
4,0.5197008848190308,1,1,127.94984436035156,4667.json,NotBuggy
4,0.7977147698402405,1,1,124.81353759765625,7968.json,NotBuggy
4,0.6606578826904297,1,0,126.62725830078125,8677.json,Buggy
3,0.31272435188293457,1,2,129.47398376464844,8449.json,NotBuggy
6,0.022798385471105576,1,5,115.11836242675781,6399.json,NotBuggy
3,0.8468993306159973,1,0,132.4454345703125,10937.json,NotBuggy
4,0.13809844851493835,1,1,125.64796447753906,6224.json,Buggy
4,0.3421974778175354,1,1,125.02987670898438,3543.json,NotBuggy
4,0.9101223945617676,1,1,127.94984436035156,8544.json,NotBuggy
9,0.2492782324552536,2,4,107.00572967529297,7937.json,Buggy
9,0.3699105679988861,2,1,108.60879516601562,6812.json,NotBuggy
13,0.0013106599217280746,2,15,97.2535400390625,5027.json,NotBuggy
26,0.024197610095143318,5,6,85.10719299316406,7563.json,NotBuggy
4,0.5766085982322693,1,0,126.4781494140625,2665.json,NotBuggy
4,0.5766085982322693,1,0,126.4781494140625,6401.json,NotBuggy
5,0.7055888175964355,1,0,122.58091735839844,1951.json,NotBuggy
12,0.5736086964607239,2,1,102.74092864990234,871.json,NotBuggy
4,0.45361045002937317,1,2,127.25547790527344,3037.json,NotBuggy
4,0.2730671167373657,1,1,125.15930938720703,1894.json,NotBuggy
4,0.818820595741272,1,1,128.5205535888672,8697.json,NotBuggy
6,0.019410815089941025,1,4,114.6588134765625,4490.json,Buggy
4,0.7717865705490112,1,1,127.59107971191406,3220.json,NotBuggy
25,0.0973735973238945,5,8,85.49661254882812,8374.json,NotBuggy
9,0.18288911879062653,2,3,108.50807189941406,4026.json,NotBuggy
4,0.7230848073959351,1,1,126.33003997802734,9696.json,NotBuggy
4,0.3596538305282593,1,0,123.79976654052734,8329.json,NotBuggy
9,0.004113052971661091,2,2,106.3809814453125,1509.json,NotBuggy
29,0.022548504173755646,3,10,80.69760131835938,10125.json,NotBuggy
4,0.22412385046482086,1,0,128.936767578125,3573.json,NotBuggy
19,0.024321118369698524,2,6,92.11465454101562,5844.json,NotBuggy
4,0.35040777921676636,1,2,124.81353759765625,4216.json,NotBuggy
4,0.9478098154067993,1,0,126.4930648803711,6810.json,NotBuggy
4,0.8789423108100891,1,0,128.936767578125,3120.json,NotBuggy
4,0.5242560505867004,1,1,125.67974090576172,2004.json,NotBuggy
4,0.5095167756080627,1,0,128.936767578125,6154.json,NotBuggy
5,0.39835125207901,1,2,120.13368225097656,1190.json,NotBuggy
4,0.7488027215003967,2,1,123.82243347167969,3524.json,NotBuggy
19,0.059081580489873886,4,8,89.84471130371094,1522.json,NotBuggy
9,0.24430568516254425,2,1,105.69395446777344,4818.json,NotBuggy
4,0.9062095880508423,1,0,128.335205078125,3047.json,NotBuggy
4,0.8534688949584961,1,0,128.335205078125,1277.json,NotBuggy
4,0.7839641571044922,1,2,126.33003997802734,3722.json,NotBuggy
5,0.6342287063598633,1,0,122.03304290771484,6566.json,NotBuggy
18,0.14904272556304932,4,9,91.27449798583984,9493.json,NotBuggy
4,0.7163400053977966,1,0,126.62725830078125,4058.json,NotBuggy
4,0.7534329295158386,1,2,124.91740417480469,10162.json,Buggy
4,0.2160956859588623,1,3,123.94486236572266,3085.json,NotBuggy
9,0.15016362071037292,2,2,108.31983184814453,4976.json,NotBuggy
4,0.5498284697532654,1,1,126.94251251220703,4975.json,NotBuggy
4,0.0075884005054831505,1,0,128.936767578125,8489.json,NotBuggy
17,0.02058429643511772,2,4,93.67382049560547,8425.json,NotBuggy
4,0.32950764894485474,1,0,127.59107971191406,8391.json,NotBuggy
12,0.5526522994041443,2,3,103.32823181152344,4699.json,NotBuggy
8,0.7695733308792114,1,2,111.97174835205078,2062.json,NotBuggy
4,0.30135440826416016,1,0,126.04888916015625,6652.json,NotBuggy
4,0.6925345659255981,1,1,127.59107971191406,10413.json,NotBuggy
4,0.8311619758605957,1,1,127.42622375488281,75.json,NotBuggy
4,0.03798587992787361,1,0,126.62725830078125,4323.json,NotBuggy
4,0.03293037787079811,1,4,122.12896728515625,3551.json,NotBuggy
5,0.5034067034721375,1,1,119.94457244873047,498.json,NotBuggy
21,0.13048122823238373,3,8,87.72004699707031,8756.json,Buggy
24,0.007756898179650307,3,19,83.37368774414062,6970.json,Buggy
4,0.5536661148071289,1,0,128.335205078125,11165.json,NotBuggy
3,0.862898051738739,1,0,131.60296630859375,2715.json,NotBuggy
12,0.1504521518945694,3,6,97.43515014648438,102.json,NotBuggy
12,0.04290153458714485,4,11,99.13993072509766,6821.json,NotBuggy
13,0.1569717675447464,3,0,100.81858825683594,11447.json,NotBuggy
4,0.8659267425537109,1,0,127.59107971191406,3475.json,NotBuggy
9,0.29563865065574646,2,5,106.59980010986328,1386.json,NotBuggy
4,0.28456398844718933,1,0,127.59107971191406,2033.json,NotBuggy
28,0.25893235206604004,5,4,84.1628189086914,3585.json,NotBuggy
11,0.7821144461631775,2,1,105.99081420898438,5134.json,NotBuggy
4,0.9609862565994263,1,0,128.335205078125,9467.json,NotBuggy
4,0.8024916648864746,1,0,126.4781494140625,9930.json,NotBuggy
4,0.1712065488100052,1,6,123.89830780029297,6643.json,NotBuggy
4,0.16887493431568146,1,0,128.335205078125,1863.json,NotBuggy
17,0.45764148235321045,4,3,93.60096740722656,219.json,NotBuggy
4,0.22882889211177826,1,1,124.1749038696289,9532.json,NotBuggy
3,0.8128012418746948,1,0,134.26058959960938,8133.json,NotBuggy
4,0.7002582550048828,1,0,128.936767578125,3663.json,NotBuggy
9,0.248248890042305,2,4,106.98821258544922,3069.json,NotBuggy
5,0.5602219104766846,1,0,121.6568603515625,2431.json,NotBuggy
3,0.9001542925834656,1,0,133.59722900390625,7333.json,NotBuggy
5,0.3447485864162445,1,2,119.67438507080078,6392.json,NotBuggy
4,0.6032700538635254,1,1,126.62725830078125,10894.json,NotBuggy
4,0.8137212991714478,1,0,128.335205078125,5548.json,NotBuggy
6,0.0028027810622006655,1,3,114.14724731445312,3031.json,NotBuggy
4,0.9408818483352661,1,0,124.92120361328125,2135.json,NotBuggy
3,0.6662440896034241,1,0,131.46876525878906,3608.json,NotBuggy
4,0.6536148190498352,1,2,125.79222106933594,7345.json,NotBuggy
4,0.015942957252264023,1,0,122.39915466308594,10803.json,NotBuggy
4,0.6032746434211731,1,0,128.936767578125,8182.json,NotBuggy
9,0.19630727171897888,2,1,109.73728942871094,1860.json,NotBuggy
4,0.24344192445278168,1,2,124.69989776611328,3073.json,NotBuggy
4,0.9236496090888977,1,0,128.335205078125,3744.json,NotBuggy
8,0.2018493115901947,1,4,108.79094696044922,8139.json,NotBuggy
5,0.8725743293762207,1,2,122.58207702636719,10813.json,NotBuggy
4,0.8134622573852539,1,0,128.936767578125,5111.json,NotBuggy
4,0.22766613960266113,1,0,126.37059020996094,1692.json,NotBuggy
4,0.15874053537845612,1,0,128.936767578125,6143.json,NotBuggy
5,0.251403272151947,1,0,122.03304290771484,3750.json,NotBuggy
4,0.7989786267280579,1,0,128.335205078125,2708.json,NotBuggy
17,0.2332552969455719,1,7,94.73621368408203,6363.json,NotBuggy
15,0.23711766302585602,3,2,95.9598388671875,7956.json,Buggy
16,0.018584072589874268,3,4,94.55302429199219,2691.json,NotBuggy
32,0.007115257903933525,6,16,77.9515151977539,3952.json,NotBuggy
16,0.11598844826221466,3,3,94.714599609375,10077.json,NotBuggy
4,0.26708418130874634,1,3,123.56243133544922,7306.json,NotBuggy
3,0.3315085172653198,1,0,134.26058959960938,10448.json,NotBuggy
4,0.7772886753082275,1,0,128.936767578125,3137.json,NotBuggy
4,0.3840339779853821,1,0,125.0554428100586,5589.json,NotBuggy
4,0.7568532228469849,1,0,126.62725830078125,5518.json,NotBuggy
4,0.7631711959838867,1,2,127.25547790527344,4370.json,NotBuggy
4,0.6634073853492737,1,0,128.936767578125,2437.json,NotBuggy
4,0.5731433033943176,1,0,128.936767578125,3724.json,NotBuggy
10,0.16558699309825897,2,2,105.8315200805664,10209.json,NotBuggy
21,0.0014453501207754016,4,16,86.09017181396484,4894.json,NotBuggy
12,0.08120471239089966,3,2,101.86363220214844,2471.json,NotBuggy
4,0.7618603706359863,1,1,126.19583892822266,9021.json,NotBuggy
9,0.3499344289302826,2,3,107.4930648803711,5234.json,NotBuggy
4,0.6732522249221802,1,0,128.936767578125,160.json,NotBuggy
11,0.7569466829299927,3,1,103.56175231933594,9008.json,NotBuggy
4,0.32121583819389343,1,1,124.58238983154297,1560.json,NotBuggy
21,0.002393791452050209,1,10,87.57209014892578,5268.json,NotBuggy
4,0.8209211230278015,1,0,127.25547790527344,3833.json,NotBuggy
4,0.9454575181007385,1,0,128.936767578125,183.json,NotBuggy
4,0.8007164597511292,1,0,126.62725830078125,4165.json,NotBuggy
4,0.6269434690475464,1,0,128.335205078125,10692.json,NotBuggy
7,0.11914599686861038,1,5,111.17767333984375,1240.json,NotBuggy
3,0.16079871356487274,1,0,133.59722900390625,2447.json,NotBuggy
21,0.060294460505247116,4,2,88.28407287597656,9135.json,NotBuggy
4,0.33745554089546204,1,0,128.936767578125,10353.json,NotBuggy
4,0.88283371925354,1,0,128.335205078125,2525.json,NotBuggy
14,0.5475401282310486,3,6,98.30626678466797,39.json,NotBuggy
3,0.7067251801490784,1,0,133.59722900390625,8429.json,NotBuggy
4,0.7254953384399414,1,0,128.335205078125,5042.json,NotBuggy
4,0.04958832263946533,1,0,127.59107971191406,6434.json,NotBuggy
6,0.5287079215049744,1,2,117.68413543701172,2316.json,NotBuggy
4,0.838110625743866,1,0,127.78498840332031,8311.json,NotBuggy
4,0.8684980869293213,1,1,126.94251251220703,1498.json,NotBuggy
4,0.4594464600086212,1,0,128.936767578125,4903.json,NotBuggy
3,0.905082643032074,1,0,133.59722900390625,9917.json,NotBuggy
12,0.11035054177045822,3,2,102.42249298095703,324.json,NotBuggy
4,0.8191415071487427,1,0,128.936767578125,2899.json,NotBuggy
4,0.9194732904434204,1,0,128.936767578125,6271.json,NotBuggy
4,0.253351092338562,1,1,126.94251251220703,3635.json,NotBuggy
4,0.32117757201194763,1,1,126.77537536621094,271.json,NotBuggy
4,0.7332559823989868,1,1,126.62725830078125,8376.json,NotBuggy
4,0.42729994654655457,1,0,126.37059020996094,1448.json,NotBuggy
4,0.5028529763221741,1,1,125.91468811035156,3940.json,NotBuggy
30,0.019206106662750244,5,10,80.46739196777344,5919.json,Buggy
6,0.5025410056114197,2,3,115.50424194335938,6721.json,NotBuggy
4,0.18300122022628784,1,0,128.335205078125,1828.json,NotBuggy
2,0.8061139583587646,1,0,142.4026641845703,8345.json,NotBuggy
3,0.9063906073570251,1,0,135.83412170410156,5244.json,NotBuggy
4,0.5667945742607117,1,0,126.80831146240234,1826.json,NotBuggy
4,0.17950312793254852,1,0,126.62725830078125,46.json,NotBuggy
4,0.4843961000442505,1,1,125.64796447753906,8630.json,NotBuggy
11,0.21063332259655,2,0,108.53441619873047,3438.json,NotBuggy
4,0.7297245264053345,1,0,126.80831146240234,5401.json,NotBuggy
14,0.38917598128318787,3,3,100.08056640625,11387.json,NotBuggy
4,0.5219240784645081,1,1,125.78216552734375,4820.json,Buggy
4,0.9052333235740662,1,0,128.936767578125,645.json,NotBuggy
4,0.5621356964111328,1,0,125.0554428100586,3348.json,Buggy
4,0.8598132729530334,1,0,128.936767578125,8111.json,NotBuggy
3,0.4342241585254669,1,0,134.26058959960938,2605.json,NotBuggy
20,0.4709930717945099,4,4,91.26045227050781,3580.json,NotBuggy
29,0.013574779033660889,7,8,82.3701400756836,7320.json,Buggy
5,0.4003332853317261,1,2,119.1451187133789,8599.json,NotBuggy
4,0.8573576211929321,1,0,128.936767578125,8398.json,NotBuggy
4,0.035995375365018845,1,1,126.62725830078125,2355.json,NotBuggy
4,0.8666210770606995,1,0,128.936767578125,1225.json,NotBuggy
4,0.4806641936302185,1,0,125.57588195800781,3597.json,NotBuggy
35,0.08881708979606628,10,8,76.70057678222656,5524.json,NotBuggy
39,7.992646424099803E-4,1,9,77.09455108642578,787.json,NotBuggy
4,0.8170318007469177,1,1,125.79222106933594,10232.json,NotBuggy
4,0.22167852520942688,1,1,123.75868225097656,9479.json,NotBuggy
8,0.9572089910507202,2,2,112.3895034790039,4312.json,Buggy
4,0.8082799911499023,1,0,128.936767578125,5510.json,NotBuggy
4,0.004134688526391983,1,2,121.34877014160156,11256.json,NotBuggy
4,0.6032700538635254,1,1,126.62725830078125,10895.json,NotBuggy
30,3.621728392317891E-4,4,14,79.41046905517578,6049.json,NotBuggy
4,0.4481424391269684,1,1,125.41301727294922,6018.json,NotBuggy
5,0.799193799495697,2,1,119.55464172363281,1780.json,NotBuggy
21,0.10283523797988892,3,9,88.5425033569336,7291.json,Buggy
10,0.6717548370361328,3,2,105.29501342773438,6523.json,NotBuggy
5,0.06638451665639877,1,3,119.2291259765625,10568.json,NotBuggy
4,0.07317966967821121,1,1,123.96263122558594,4152.json,NotBuggy
4,0.6855291128158569,1,0,128.335205078125,6559.json,NotBuggy
5,0.669556736946106,1,0,122.03304290771484,6699.json,NotBuggy
4,0.40216583013534546,1,1,124.26470947265625,7318.json,NotBuggy
3,0.8887936472892761,1,0,132.4454345703125,8433.json,NotBuggy
21,0.09393151849508286,4,9,90.4482192993164,4357.json,NotBuggy
4,0.6747490167617798,1,1,127.09062194824219,3911.json,NotBuggy
27,1.3208333984948695E-4,6,15,82.21515655517578,3791.json,NotBuggy
4,0.2928029000759125,1,0,128.936767578125,1413.json,NotBuggy
4,0.002520959125831723,1,0,128.936767578125,8487.json,NotBuggy
5,0.20585399866104126,1,2,122.06163787841797,4772.json,NotBuggy
3,0.10559448599815369,1,0,130.85629272460938,1615.json,NotBuggy
4,0.5596802830696106,1,0,126.62725830078125,1224.json,NotBuggy
8,0.6258075833320618,2,2,113.02863311767578,5652.json,NotBuggy
4,0.7732064127922058,1,0,125.79222106933594,9567.json,NotBuggy
3,0.21032793819904327,1,1,128.4090576171875,10133.json,NotBuggy
4,0.6132833957672119,1,0,128.936767578125,3611.json,NotBuggy
4,0.7029334306716919,1,1,125.0554428100586,4326.json,NotBuggy
4,0.5621881484985352,1,0,126.62725830078125,2900.json,NotBuggy
3,0.4342241585254669,1,0,134.26058959960938,2545.json,NotBuggy
9,0.2930856943130493,1,4,105.613037109375,1392.json,NotBuggy
4,0.8382178544998169,1,0,128.936767578125,2021.json,NotBuggy
8,0.7669219374656677,2,2,110.30028533935547,4441.json,NotBuggy
4,0.6976907849311829,1,0,128.335205078125,301.json,NotBuggy
3,0.9082726240158081,1,0,135.83412170410156,396.json,NotBuggy
4,0.4496621787548065,1,2,124.25267028808594,4631.json,NotBuggy
4,0.16096176207065582,1,1,124.7987289428711,9697.json,NotBuggy
4,0.5974205136299133,1,1,126.33003997802734,7532.json,NotBuggy
4,0.9379041790962219,1,0,128.936767578125,6710.json,NotBuggy
11,0.2159988284111023,3,2,104.17985534667969,10597.json,NotBuggy
6,0.14070120453834534,3,2,113.09796142578125,10891.json,NotBuggy
8,0.10136235505342484,1,3,108.90499114990234,10085.json,NotBuggy
4,0.8915545344352722,1,0,127.27810668945312,8854.json,NotBuggy
18,0.15289533138275146,7,3,91.67173767089844,2743.json,NotBuggy
4,0.06983767449855804,1,0,128.936767578125,5700.json,NotBuggy
32,0.0,5,17,79.15889739990234,3757.json,NotBuggy
4,0.09737847000360489,1,0,126.62725830078125,1690.json,NotBuggy
5,0.8086082339286804,1,1,122.0648193359375,420.json,NotBuggy
4,0.4330228567123413,1,0,124.81353759765625,5878.json,NotBuggy
4,0.724836528301239,1,1,127.09062194824219,6547.json,NotBuggy
24,0.0,4,18,82.70751953125,2660.json,NotBuggy
4,0.7597272396087646,1,1,127.27810668945312,1178.json,NotBuggy
7,0.11887232214212418,1,5,112.91670227050781,696.json,NotBuggy
3,0.10659801959991455,1,0,132.4454345703125,1009.json,Buggy
6,0.546786367893219,2,2,114.28350830078125,9614.json,Buggy
4,0.46897000074386597,1,0,128.936767578125,3185.json,NotBuggy
3,0.47917065024375916,1,0,132.4454345703125,2329.json,NotBuggy
4,0.1703653633594513,1,1,124.71717071533203,7612.json,NotBuggy
5,0.7200519442558289,1,3,121.18380737304688,11154.json,NotBuggy
8,0.19322358071804047,2,4,110.44464111328125,7691.json,NotBuggy
3,0.9082726240158081,1,0,135.83412170410156,419.json,NotBuggy
5,0.9071754217147827,1,2,122.7151107788086,5198.json,NotBuggy
15,0.2462959736585617,4,4,96.39395904541016,251.json,NotBuggy
4,0.6233763694763184,1,1,126.0733642578125,3486.json,NotBuggy
5,0.2969887852668762,2,4,116.62455749511719,4175.json,NotBuggy
8,0.9269540309906006,4,3,107.1710433959961,8352.json,NotBuggy
7,0.2155510038137436,2,1,113.06793212890625,2247.json,NotBuggy
3,0.7625106573104858,1,0,133.59722900390625,8568.json,NotBuggy
11,0.5615617632865906,2,3,105.36454010009766,3483.json,NotBuggy
4,0.044479191303253174,1,3,125.52845764160156,1472.json,NotBuggy
4,0.21773290634155273,1,0,127.27810668945312,3604.json,NotBuggy
20,0.10586424171924591,2,4,90.7957763671875,6497.json,NotBuggy
4,0.5108056664466858,1,1,125.79222106933594,89.json,NotBuggy
9,0.36296650767326355,2,5,107.46825408935547,3894.json,NotBuggy
4,0.7114267945289612,1,1,125.79222106933594,3631.json,NotBuggy
7,0.03271741420030594,1,7,111.70404815673828,838.json,NotBuggy
3,0.7069921493530273,1,0,134.26058959960938,10565.json,NotBuggy
13,0.37990689277648926,2,1,101.58122253417969,8324.json,NotBuggy
4,0.742644190788269,1,1,126.0733642578125,5236.json,NotBuggy
4,0.5338497757911682,1,0,127.78498840332031,7979.json,Buggy
8,0.7472192645072937,2,0,113.24091339111328,7509.json,NotBuggy
18,0.2976474463939667,1,2,92.46297454833984,10311.json,NotBuggy
4,0.5384982228279114,1,1,126.77537536621094,7395.json,NotBuggy
4,0.7017248272895813,1,1,127.42622375488281,5144.json,NotBuggy
5,0.6113981604576111,1,3,119.84819793701172,8144.json,NotBuggy
9,0.07868285477161407,2,6,106.61760711669922,6035.json,NotBuggy
4,0.8625949621200562,1,1,126.94251251220703,10371.json,NotBuggy
4,0.01719043403863907,1,0,128.936767578125,1628.json,NotBuggy
11,0.09461773186922073,2,4,101.35552215576172,5157.json,Buggy
14,0.009320572949945927,6,4,96.28555297851562,6741.json,NotBuggy
4,0.33318135142326355,1,0,125.67974090576172,3590.json,NotBuggy
67,0.0,9,19,61.085105895996094,7258.json,Buggy
5,0.15878097712993622,1,1,121.69422912597656,1647.json,NotBuggy
14,0.26908189058303833,3,5,99.02388000488281,243.json,NotBuggy
4,0.8364995121955872,1,1,126.33003997802734,6325.json,NotBuggy
3,0.8776644468307495,1,0,135.83412170410156,2317.json,NotBuggy
11,0.5746566653251648,2,2,105.21144104003906,8814.json,NotBuggy
12,0.018297921866178513,2,6,100.95096588134766,5706.json,NotBuggy
4,0.7074363827705383,1,0,126.62725830078125,6270.json,NotBuggy
4,0.24418765306472778,1,0,126.62725830078125,2836.json,NotBuggy
4,0.5914688110351562,1,0,128.936767578125,2884.json,NotBuggy
4,0.5933312177658081,1,0,127.27810668945312,6808.json,NotBuggy
4,0.822588324546814,1,0,128.936767578125,5508.json,NotBuggy
9,0.8299792408943176,2,3,109.15187072753906,7579.json,Buggy
3,0.6829639077186584,1,1,131.28770446777344,8344.json,NotBuggy
4,0.7074363827705383,1,0,126.62725830078125,5520.json,NotBuggy
4,0.17518310248851776,1,1,126.77537536621094,123.json,NotBuggy
4,0.6446329355239868,1,0,125.96089172363281,4106.json,Buggy
4,0.7217462658882141,1,0,128.936767578125,4777.json,NotBuggy
4,0.9743129014968872,1,1,127.94984436035156,3403.json,NotBuggy
6,0.7630741000175476,1,5,113.78408813476562,1213.json,NotBuggy
4,0.11813952028751373,1,3,123.85247039794922,9310.json,NotBuggy
19,1.6967588453553617E-4,3,6,90.61587524414062,6815.json,NotBuggy
4,0.15128104388713837,1,0,123.74861145019531,8270.json,NotBuggy
4,0.6041866540908813,1,2,126.33003997802734,6403.json,NotBuggy
4,0.7464295029640198,1,1,126.33003997802734,7236.json,Buggy
8,0.005217454861849546,1,6,108.13721466064453,10416.json,NotBuggy
4,0.42334645986557007,1,0,125.57588195800781,8469.json,NotBuggy
4,0.42904672026634216,1,0,126.62725830078125,3841.json,NotBuggy
4,0.8512918949127197,1,0,128.936767578125,6538.json,NotBuggy
4,0.28412553668022156,1,0,126.4930648803711,9915.json,NotBuggy
4,0.9050209522247314,1,0,127.27810668945312,3962.json,NotBuggy
4,0.3711521327495575,1,0,126.62725830078125,2838.json,NotBuggy
4,0.24950513243675232,1,0,125.41301727294922,4148.json,NotBuggy
12,0.022247638553380966,2,4,100.58674621582031,1409.json,Buggy
4,0.6145628690719604,1,1,127.59107971191406,5130.json,NotBuggy
4,0.3439458906650543,2,0,125.84336853027344,2915.json,NotBuggy
38,1.2696778867393732E-4,1,10,76.99861907958984,2608.json,NotBuggy
19,0.19591733813285828,4,2,94.09481048583984,11442.json,NotBuggy
4,0.8201492428779602,1,0,126.80831146240234,1274.json,NotBuggy
11,0.6137526631355286,2,2,102.72735595703125,8653.json,NotBuggy
11,0.33295440673828125,3,1,102.80035400390625,5226.json,NotBuggy
7,0.5033599734306335,2,1,113.060302734375,9477.json,NotBuggy
20,1.0888358519878238E-4,2,15,88.6467514038086,8323.json,NotBuggy
7,0.6345000863075256,1,1,113.6131820678711,313.json,NotBuggy
5,0.43093255162239075,1,2,121.77933502197266,4727.json,NotBuggy
12,0.29287856817245483,1,3,103.41387176513672,9133.json,NotBuggy
4,0.6908022165298462,1,1,126.62725830078125,786.json,NotBuggy
14,0.4823627173900604,2,9,97.86122131347656,887.json,NotBuggy
4,0.3961884081363678,1,1,124.05243682861328,3517.json,NotBuggy
4,0.0636802539229393,1,0,128.936767578125,10939.json,NotBuggy
3,0.35985735058784485,1,0,134.26058959960938,2318.json,NotBuggy
18,0.0030307539273053408,3,8,89.70639038085938,8551.json,NotBuggy
5,0.4403001666069031,1,2,121.18380737304688,789.json,NotBuggy
4,0.08521156758069992,1,2,126.4781494140625,7891.json,NotBuggy
4,0.5365383625030518,1,1,127.09062194824219,5110.json,NotBuggy
4,0.6019721031188965,1,0,126.62725830078125,1513.json,NotBuggy
4,0.012959320098161697,1,0,123.13409423828125,9495.json,NotBuggy
4,0.5382715463638306,1,1,125.0554428100586,4864.json,NotBuggy
4,0.39164742827415466,1,1,127.59107971191406,5128.json,NotBuggy
4,0.17664380371570587,1,1,124.4649429321289,7234.json,Buggy
16,0.02662365883588791,4,7,92.92762756347656,3135.json,NotBuggy
5,0.4696706533432007,1,2,121.30628204345703,554.json,NotBuggy
4,0.6637778878211975,1,0,127.27810668945312,11229.json,NotBuggy
24,9.319111122749746E-4,6,19,82.43860626220703,237.json,NotBuggy
4,0.4610675871372223,1,3,123.13409423828125,10883.json,NotBuggy
7,0.3968335688114166,1,0,114.41265106201172,2853.json,NotBuggy
5,0.3847963511943817,1,0,120.03731536865234,5720.json,NotBuggy
4,0.8693715333938599,1,1,127.09062194824219,8589.json,NotBuggy
12,0.4794783294200897,3,2,103.3087387084961,6.json,NotBuggy
4,0.9044845104217529,1,1,127.42622375488281,8730.json,NotBuggy
4,0.6520789861679077,1,1,126.4930648803711,4548.json,NotBuggy
4,0.8309879899024963,1,0,127.78498840332031,8636.json,NotBuggy
17,0.31322187185287476,3,4,92.15499114990234,10147.json,NotBuggy
4,0.43963998556137085,1,0,128.936767578125,5521.json,NotBuggy
14,0.7606193423271179,3,3,99.12694549560547,2102.json,NotBuggy
36,0.0014137501129880548,8,10,75.11089324951172,6488.json,NotBuggy
4,0.16573402285575867,1,1,125.02987670898438,7531.json,NotBuggy
12,0.0018129968084394932,2,5,98.95510864257812,9451.json,NotBuggy
16,0.12802332639694214,3,2,96.0261001586914,6166.json,NotBuggy
3,0.9646357893943787,1,0,134.26058959960938,8559.json,NotBuggy
7,0.0776563212275505,1,4,111.45137786865234,3468.json,NotBuggy
4,0.03685697168111801,1,1,124.05243682861328,4143.json,NotBuggy
6,0.38494759798049927,2,2,116.30830383300781,4991.json,NotBuggy
4,0.5001630783081055,1,1,127.59107971191406,118.json,NotBuggy
3,0.5134362578392029,1,0,132.4454345703125,2335.json,NotBuggy
13,0.23128044605255127,2,3,99.23797607421875,8695.json,NotBuggy
4,0.5426672101020813,1,0,126.19583892822266,337.json,Buggy
4,0.40578195452690125,1,0,123.20073699951172,4744.json,NotBuggy
6,0.3873070478439331,2,3,114.90279388427734,6443.json,NotBuggy
5,0.5454486608505249,1,1,122.7151107788086,11359.json,NotBuggy
4,0.47184523940086365,1,0,126.62725830078125,2834.json,NotBuggy
41,0.0,6,14,73.13052368164062,3775.json,Buggy
3,0.9944156408309937,1,0,135.83412170410156,5172.json,NotBuggy
4,0.8506722450256348,1,0,128.936767578125,10293.json,NotBuggy
4,0.743928849697113,1,0,127.78498840332031,1956.json,NotBuggy
4,0.03330584987998009,1,2,122.68119049072266,562.json,NotBuggy
4,0.6026871204376221,1,1,126.33003997802734,1255.json,NotBuggy
6,0.5855045318603516,2,2,117.0499496459961,3373.json,NotBuggy
4,0.7075468897819519,1,1,127.42622375488281,8149.json,NotBuggy
25,0.0,4,4,83.85494995117188,9106.json,Buggy
4,0.9411791563034058,1,0,128.936767578125,6676.json,NotBuggy
15,0.1171138659119606,2,10,93.80712127685547,6337.json,Buggy
4,0.3381384015083313,1,0,126.4930648803711,8193.json,NotBuggy
4,0.8618564605712891,1,0,128.335205078125,11349.json,NotBuggy
5,0.3581007122993469,1,0,122.03304290771484,2419.json,NotBuggy
4,0.8622773885726929,1,0,128.335205078125,8326.json,NotBuggy
4,0.6033156514167786,1,0,128.936767578125,2769.json,NotBuggy
4,0.4182486832141876,1,0,126.62725830078125,4453.json,Buggy
5,0.09105442464351654,1,1,120.43750762939453,6621.json,NotBuggy
4,0.23017023503780365,1,0,126.62725830078125,2833.json,NotBuggy
11,0.27179765701293945,3,9,102.67356872558594,4840.json,NotBuggy
5,0.17425554990768433,1,2,120.87269592285156,2394.json,NotBuggy
5,0.016458731144666672,1,0,122.29976654052734,1841.json,NotBuggy
4,0.6059473752975464,1,1,128.5205535888672,5930.json,Buggy
15,0.2567015588283539,3,4,96.39835357666016,7406.json,NotBuggy
7,0.667808473110199,2,1,116.6344985961914,4984.json,NotBuggy
11,0.5709927678108215,1,0,103.682373046875,3126.json,NotBuggy
4,0.6962446570396423,1,0,128.936767578125,3647.json,NotBuggy
4,0.8382178544998169,1,0,128.936767578125,8724.json,NotBuggy
4,0.8302443027496338,1,0,128.936767578125,5504.json,NotBuggy
4,0.038104698061943054,1,0,128.936767578125,1254.json,NotBuggy
4,0.7008200883865356,1,0,125.91468811035156,3227.json,NotBuggy
15,0.512947678565979,2,3,96.80406188964844,400.json,NotBuggy
3,0.7175224423408508,1,1,131.91592407226562,421.json,NotBuggy
4,0.48100224137306213,1,0,128.936767578125,5155.json,NotBuggy
4,0.15356208384037018,1,0,128.936767578125,8184.json,NotBuggy
5,0.0992664247751236,1,0,121.30628204345703,4652.json,NotBuggy
9,0.20878684520721436,2,3,106.12716674804688,4850.json,NotBuggy
4,0.8528870940208435,1,2,125.27178192138672,1309.json,NotBuggy
4,0.6059473752975464,1,1,128.5205535888672,5958.json,Buggy
19,0.03059200569987297,11,5,86.84761810302734,2910.json,NotBuggy
4,0.4997609257698059,1,2,125.5254898071289,7352.json,NotBuggy
4,0.6603148579597473,1,0,128.936767578125,3339.json,NotBuggy
3,0.7062548995018005,1,1,130.99049377441406,8438.json,NotBuggy
4,0.8836599588394165,1,2,125.79222106933594,538.json,NotBuggy
4,0.0671042874455452,1,0,129.6001434326172,4994.json,NotBuggy
9,0.2718222737312317,3,2,106.75555419921875,8036.json,NotBuggy
4,0.050901737064123154,1,0,127.59107971191406,8632.json,NotBuggy
9,0.5975132584571838,2,4,106.87638092041016,561.json,NotBuggy
16,0.2617312967777252,2,6,94.493408203125,6310.json,Buggy
4,0.14743028581142426,1,1,127.09062194824219,6827.json,NotBuggy
4,0.7217462658882141,1,0,128.936767578125,4724.json,NotBuggy
4,0.25552383065223694,1,0,127.78498840332031,447.json,NotBuggy
5,0.7803615927696228,1,1,120.43750762939453,8915.json,NotBuggy
3,0.9082726240158081,1,0,135.83412170410156,511.json,NotBuggy
4,0.7259489297866821,1,0,128.335205078125,10778.json,NotBuggy
4,0.5633342266082764,1,0,128.936767578125,2427.json,NotBuggy
4,0.06983767449855804,1,0,128.936767578125,5738.json,NotBuggy
5,0.8775347471237183,2,2,119.61820220947266,2870.json,NotBuggy
6,0.01707787625491619,1,6,114.82167053222656,3716.json,NotBuggy
58,0.0,10,36,64.53173065185547,5929.json,Buggy
4,0.5648950934410095,1,1,125.27178192138672,25.json,NotBuggy
5,0.4403001666069031,1,2,121.18380737304688,773.json,NotBuggy
6,0.10764862596988678,1,2,116.11042022705078,537.json,NotBuggy
13,0.5202290415763855,3,4,99.595703125,2148.json,Buggy
4,0.7892245650291443,1,0,128.335205078125,10841.json,NotBuggy
4,0.7074363827705383,1,0,126.62725830078125,6265.json,NotBuggy
4,0.8134622573852539,1,0,128.936767578125,5103.json,NotBuggy
4,0.11426804959774017,1,1,124.7987289428711,2401.json,NotBuggy
11,0.1377156674861908,2,4,102.01375579833984,2254.json,NotBuggy
2,0.8896040916442871,1,0,140.82913208007812,10142.json,NotBuggy
4,0.8860750198364258,1,0,128.936767578125,8195.json,NotBuggy
4,0.10931800305843353,1,3,125.52845764160156,7924.json,NotBuggy
4,0.756271481513977,1,1,127.09062194824219,9079.json,NotBuggy
6,0.019410815089941025,1,4,114.6588134765625,6158.json,Buggy
4,0.9311137199401855,1,0,128.936767578125,2535.json,NotBuggy
4,0.07917454093694687,1,0,128.936767578125,4841.json,NotBuggy
4,0.11446705460548401,1,3,124.6862564086914,6724.json,NotBuggy
7,0.01138125080615282,1,6,111.06819915771484,2667.json,NotBuggy
4,0.6018372178077698,1,2,127.77642822265625,4676.json,NotBuggy
4,0.698235273361206,1,0,128.936767578125,3063.json,NotBuggy
3,0.2737561762332916,1,0,135.83412170410156,5435.json,NotBuggy
4,0.5967536568641663,1,0,128.936767578125,8024.json,NotBuggy
6,0.1387401819229126,1,3,115.11836242675781,7996.json,Buggy
6,0.4443237781524658,2,3,115.50424194335938,6658.json,NotBuggy
12,0.49119633436203003,2,7,101.99241638183594,5727.json,NotBuggy
5,0.5412254333496094,1,3,122.58207702636719,6500.json,NotBuggy
12,0.002049245173111558,1,9,96.70811462402344,860.json,NotBuggy
4,0.021923424676060677,1,0,126.62725830078125,2735.json,NotBuggy
4,0.014187170192599297,1,1,123.19084167480469,265.json,NotBuggy
8,0.4803568422794342,2,3,111.4061508178711,4826.json,NotBuggy
4,0.8598132729530334,1,0,128.936767578125,1512.json,NotBuggy
4,0.06089802086353302,1,0,124.16120147705078,2487.json,NotBuggy
5,0.0013152051251381636,1,0,119.2291259765625,6702.json,NotBuggy
11,0.25512245297431946,2,3,105.0045394897461,1241.json,NotBuggy
4,0.2084132730960846,1,3,125.52845764160156,7876.json,NotBuggy
4,0.5327827334403992,1,1,125.64796447753906,6291.json,NotBuggy
4,0.8600190281867981,1,0,128.335205078125,8408.json,NotBuggy
5,0.40913721919059753,1,3,119.2291259765625,3540.json,NotBuggy
4,0.49136558175086975,1,0,126.62725830078125,5511.json,NotBuggy
4,0.7294452786445618,1,1,127.59107971191406,8665.json,NotBuggy
17,0.1864747256040573,3,7,93.99854278564453,6027.json,Buggy
5,0.003089715726673603,1,2,117.72811889648438,4300.json,NotBuggy
25,0.2065194696187973,4,7,84.92939758300781,244.json,NotBuggy
4,0.23887552320957184,1,2,124.91740417480469,8816.json,NotBuggy
56,0.0,9,30,65.98423767089844,4897.json,NotBuggy
66,0.0,13,20,60.42319107055664,4655.json,NotBuggy
11,0.28445473313331604,2,3,101.586669921875,60.json,NotBuggy
13,0.08617665618658066,2,9,97.2193374633789,7954.json,Buggy
7,0.42314720153808594,2,0,110.52294921875,9101.json,NotBuggy
13,0.5585318803787231,3,2,99.37218475341797,11439.json,NotBuggy
8,0.8655275702476501,2,1,111.38506317138672,8400.json,NotBuggy
4,0.5522996187210083,1,0,127.59107971191406,7437.json,NotBuggy
6,0.06397232413291931,1,5,115.48157501220703,8524.json,NotBuggy
11,0.282245934009552,2,4,102.63015747070312,7298.json,Buggy
5,0.04418637976050377,1,5,119.39962768554688,10572.json,NotBuggy
5,0.9311292171478271,1,1,121.10224151611328,11222.json,NotBuggy
16,0.16422514617443085,4,5,94.05538940429688,6661.json,NotBuggy
5,0.3059343993663788,1,3,119.06403350830078,5831.json,NotBuggy
4,0.5666900277137756,1,0,126.62725830078125,5568.json,Buggy
4,0.8623500466346741,1,0,128.936767578125,127.json,NotBuggy
3,0.8236508369445801,1,0,133.59722900390625,8484.json,NotBuggy
4,0.5936709046363831,2,1,122.96084594726562,4798.json,NotBuggy
4,0.8484740853309631,1,0,124.71717071533203,10226.json,NotBuggy
7,0.007274906616657972,1,4,113.86808013916016,7459.json,NotBuggy
4,0.4499017596244812,1,1,125.30915069580078,2704.json,NotBuggy
4,0.9166060090065002,1,1,127.59107971191406,9752.json,NotBuggy
6,0.3361435532569885,1,3,115.79517364501953,713.json,NotBuggy
4,0.5242249369621277,1,0,128.936767578125,3533.json,NotBuggy
50,3.185826644767076E-4,10,14,67.90399169921875,2402.json,NotBuggy
4,0.36341917514801025,1,0,128.936767578125,10704.json,NotBuggy
4,0.9044967889785767,1,1,127.78498840332031,1966.json,NotBuggy
23,0.0025418235454708338,5,14,86.39006805419922,3028.json,NotBuggy
4,0.661306619644165,1,2,127.25547790527344,10698.json,NotBuggy
4,0.6782971620559692,1,0,128.936767578125,11186.json,NotBuggy
52,2.4675257736817E-4,13,23,66.14337158203125,5491.json,NotBuggy
4,0.04306333512067795,1,1,126.62725830078125,2508.json,NotBuggy
4,0.9470752477645874,1,0,128.335205078125,10183.json,NotBuggy
3,0.8294752240180969,1,0,134.26058959960938,2319.json,NotBuggy
7,0.10231925547122955,2,6,111.81702423095703,5087.json,NotBuggy
4,0.7671463489532471,1,0,128.936767578125,4202.json,NotBuggy
4,0.7915896773338318,1,0,128.335205078125,5381.json,NotBuggy
6,0.14870890974998474,1,1,114.13744354248047,8219.json,NotBuggy
6,0.07942652702331543,1,4,114.90958404541016,8031.json,NotBuggy
13,0.0021649212576448917,2,4,96.78022003173828,5159.json,Buggy
4,0.8350517153739929,1,0,128.936767578125,8210.json,NotBuggy
21,0.005671399645507336,2,13,87.81684875488281,4003.json,NotBuggy
25,0.00651852460578084,5,10,83.57003784179688,4116.json,NotBuggy
9,0.5114858150482178,2,3,107.98867797851562,3642.json,NotBuggy
4,0.8240330815315247,1,1,128.5205535888672,10701.json,NotBuggy
4,0.9399940371513367,1,2,127.59107971191406,1211.json,NotBuggy
6,0.5658773183822632,1,1,116.71211242675781,10291.json,NotBuggy
4,0.3359392285346985,1,1,125.64796447753906,8275.json,NotBuggy
4,0.11015269160270691,1,0,128.936767578125,1879.json,NotBuggy
4,0.8897316455841064,1,0,128.936767578125,2170.json,NotBuggy
4,0.9194732904434204,1,0,128.936767578125,5481.json,NotBuggy
4,0.0075884005054831505,1,0,128.936767578125,8170.json,NotBuggy
9,0.20869581401348114,4,0,107.40528106689453,8888.json,NotBuggy
8,0.46158644556999207,2,2,110.30028533935547,7964.json,Buggy
14,0.10234137624502182,3,8,95.99623107910156,7398.json,NotBuggy
5,0.1207776889204979,1,2,118.21444702148438,2104.json,NotBuggy
13,0.07915803045034409,3,7,98.44640350341797,7857.json,NotBuggy
3,0.4608227014541626,1,0,135.83412170410156,2989.json,NotBuggy
5,0.4444984197616577,1,2,121.18380737304688,774.json,NotBuggy
4,0.5821882486343384,1,2,125.02987670898438,7344.json,NotBuggy
4,0.6013314723968506,1,0,127.78498840332031,4993.json,NotBuggy
20,0.1205534040927887,4,2,89.29314422607422,3246.json,NotBuggy
18,0.0022310521453619003,4,5,89.94532012939453,3251.json,NotBuggy
4,0.9252049922943115,1,0,128.936767578125,184.json,NotBuggy
4,0.932925820350647,1,0,128.335205078125,5931.json,Buggy
4,0.7567225694656372,1,0,128.936767578125,8485.json,NotBuggy
4,0.25829097628593445,1,0,125.57588195800781,3595.json,NotBuggy
4,0.10837826877832413,1,1,126.77537536621094,115.json,NotBuggy
10,0.9098089337348938,2,5,106.2818374633789,4313.json,Buggy
4,0.6198360323905945,1,0,128.936767578125,2176.json,NotBuggy
4,0.787111759185791,1,0,128.936767578125,4817.json,NotBuggy
9,0.7630038261413574,2,1,108.39219665527344,10703.json,NotBuggy
13,0.015056655742228031,3,13,96.71887969970703,3377.json,NotBuggy
5,0.12303066998720169,1,2,120.7502212524414,6531.json,NotBuggy
4,0.08345048129558563,1,0,125.91468811035156,1851.json,NotBuggy
4,0.6138218641281128,1,0,125.67974090576172,1275.json,NotBuggy
4,0.8582959771156311,1,0,128.936767578125,2028.json,NotBuggy
4,0.6515178680419922,1,0,128.335205078125,3664.json,NotBuggy
5,0.1960265040397644,1,2,120.7502212524414,3450.json,NotBuggy
5,0.39892295002937317,1,5,120.7502212524414,1912.json,NotBuggy
9,0.9456579089164734,2,3,107.28234100341797,5427.json,NotBuggy
8,0.6309802532196045,2,2,110.9759521484375,3685.json,NotBuggy
15,0.025498993694782257,3,5,94.7333755493164,3739.json,NotBuggy
4,0.6961096525192261,1,0,128.335205078125,1875.json,NotBuggy
12,0.8023424744606018,3,1,104.19599151611328,4956.json,NotBuggy
4,0.8673779368400574,1,0,126.94251251220703,2712.json,NotBuggy
2,0.4768105149269104,1,0,139.0139617919922,9232.json,NotBuggy
5,0.8074865341186523,1,4,121.30628204345703,11344.json,NotBuggy
8,0.43899011611938477,4,2,107.4761962890625,8941.json,NotBuggy
12,0.015562714077532291,3,2,102.56461334228516,3004.json,NotBuggy
12,0.21152560412883759,3,4,101.7093505859375,2008.json,Buggy
4,0.23582297563552856,1,2,124.91740417480469,702.json,NotBuggy
6,0.5466868281364441,1,3,114.7745132446289,7304.json,NotBuggy
3,0.7747707962989807,1,0,134.26058959960938,8174.json,NotBuggy
4,0.581055760383606,1,1,126.62725830078125,1983.json,NotBuggy
4,0.8920823931694031,1,0,128.335205078125,10141.json,NotBuggy
4,0.0048482962884008884,1,1,122.28182983398438,5754.json,Buggy
8,0.4864403307437897,2,2,109.95276641845703,3622.json,NotBuggy
3,0.8211627006530762,1,0,134.26058959960938,10742.json,NotBuggy
4,0.14513663947582245,1,0,128.936767578125,1577.json,NotBuggy
19,0.014151155948638916,3,5,91.84750366210938,10186.json,NotBuggy
6,0.7139958143234253,2,2,115.04146575927734,6444.json,NotBuggy
13,0.14598920941352844,3,6,98.46979522705078,1248.json,NotBuggy
12,0.07473226636648178,1,2,102.44081115722656,2365.json,NotBuggy
3,0.9082726240158081,1,0,135.83412170410156,398.json,NotBuggy
7,0.38487622141838074,2,1,114.45283508300781,6278.json,NotBuggy
4,0.10138334333896637,1,0,126.62725830078125,5469.json,NotBuggy
11,0.004929531365633011,2,6,102.77854919433594,2374.json,NotBuggy
4,0.6384562849998474,1,1,127.94984436035156,9735.json,NotBuggy
4,0.4977639615535736,1,0,128.936767578125,2441.json,NotBuggy
12,0.5526522994041443,2,3,103.32823181152344,4680.json,NotBuggy
4,0.5936709046363831,2,1,122.96084594726562,4752.json,NotBuggy
4,0.7151132225990295,1,1,127.94984436035156,4455.json,NotBuggy
4,0.474919855594635,1,0,128.936767578125,1477.json,NotBuggy
4,0.12635110318660736,1,1,124.7987289428711,9699.json,NotBuggy
4,0.4477939009666443,1,2,125.64796447753906,1452.json,NotBuggy
4,0.5325337648391724,1,0,128.936767578125,6673.json,NotBuggy
15,0.004760305397212505,3,3,95.24183654785156,1530.json,NotBuggy
4,0.3705610930919647,1,1,127.42622375488281,5067.json,NotBuggy
4,0.9411791563034058,1,0,128.936767578125,7982.json,NotBuggy
5,0.6910296082496643,1,4,121.67162322998047,10638.json,NotBuggy
4,0.36739298701286316,1,0,127.59107971191406,1877.json,NotBuggy
4,0.8958374261856079,1,0,128.936767578125,2464.json,NotBuggy
13,0.0028740547131747007,3,6,96.85493469238281,8251.json,NotBuggy
4,0.18905328214168549,1,2,125.27178192138672,4967.json,NotBuggy
21,0.09964054077863693,4,5,89.09430694580078,4950.json,NotBuggy
12,0.7567501664161682,1,4,102.22923278808594,1361.json,NotBuggy
3,0.31272435188293457,1,2,129.47398376464844,8440.json,NotBuggy
3,0.9907068014144897,1,0,135.83412170410156,5707.json,NotBuggy
22,0.0,2,26,86.09110260009766,5047.json,NotBuggy
9,0.09040248394012451,2,3,106.49474334716797,290.json,NotBuggy
5,0.05343187600374222,1,6,118.90401458740234,6065.json,NotBuggy
4,0.8537749648094177,1,0,128.936767578125,2967.json,NotBuggy
4,0.7123496532440186,1,2,123.37702178955078,4620.json,NotBuggy
4,0.6653626561164856,1,2,126.33003997802734,2515.json,NotBuggy
9,0.4578005075454712,2,2,108.76189422607422,11257.json,NotBuggy
7,0.47354573011398315,2,2,113.3831787109375,1944.json,NotBuggy
27,8.106412133201957E-4,6,11,81.26455688476562,8617.json,NotBuggy
3,0.6150835752487183,1,0,132.4454345703125,5255.json,NotBuggy
4,0.19986574351787567,1,1,128.13519287109375,10401.json,NotBuggy
4,0.2978391647338867,1,0,127.59107971191406,7000.json,NotBuggy
4,0.7566867470741272,1,0,128.936767578125,3138.json,NotBuggy
5,0.4098752737045288,1,2,121.19861602783203,7503.json,NotBuggy
3,0.6907778978347778,1,1,131.28770446777344,8343.json,NotBuggy
4,0.77101731300354,1,1,126.33003997802734,7235.json,Buggy
20,0.18599188327789307,4,6,89.24824523925781,514.json,NotBuggy
5,0.8718259334564209,1,4,118.43518829345703,6641.json,NotBuggy
3,0.8410715460777283,1,0,134.26058959960938,2332.json,NotBuggy
4,0.7509353160858154,1,0,128.936767578125,3840.json,NotBuggy
6,0.025471080094575882,1,2,114.3851089477539,9520.json,NotBuggy
4,0.3022439777851105,1,0,128.936767578125,558.json,NotBuggy
16,0.08973179012537003,4,10,93.7154541015625,7195.json,NotBuggy
4,0.40457046031951904,1,1,126.33003997802734,4717.json,NotBuggy
16,0.5766391754150391,3,0,95.86964416503906,5404.json,NotBuggy
11,0.0928698405623436,1,3,104.32784271240234,7626.json,NotBuggy
12,0.5882124304771423,3,2,101.9260482788086,67.json,NotBuggy
6,0.21571758389472961,1,4,114.78721618652344,1365.json,NotBuggy
8,0.01817343942821026,2,2,108.1893081665039,9449.json,NotBuggy
3,0.6617324352264404,1,0,134.26058959960938,5266.json,NotBuggy
14,0.3451521098613739,3,6,97.79373168945312,5538.json,NotBuggy
4,0.8108839988708496,1,1,127.42622375488281,9382.json,NotBuggy
5,0.012655753642320633,1,0,117.35016632080078,3992.json,NotBuggy
4,0.002203627023845911,1,0,128.936767578125,1653.json,NotBuggy
11,0.047441575676202774,2,3,102.63672637939453,7607.json,NotBuggy
6,0.5191493630409241,2,2,117.56661224365234,2050.json,NotBuggy
11,0.25344088673591614,2,1,106.15082550048828,9635.json,NotBuggy
4,0.46612510085105896,1,1,125.64796447753906,4721.json,NotBuggy
4,0.8197629451751709,1,1,127.42622375488281,8150.json,NotBuggy
4,0.007277525495737791,1,2,126.4781494140625,7896.json,NotBuggy
5,0.11044237017631531,1,3,119.09241485595703,10270.json,NotBuggy
3,0.4342241585254669,1,0,134.26058959960938,10302.json,NotBuggy
11,0.1299658566713333,3,2,102.75286102294922,1456.json,NotBuggy
5,0.14869821071624756,1,2,119.57592010498047,7309.json,NotBuggy
3,0.06570509821176529,1,0,133.59722900390625,6373.json,NotBuggy
4,0.9028286933898926,1,0,128.936767578125,2020.json,NotBuggy
4,0.7932132482528687,1,0,128.936767578125,3117.json,NotBuggy
8,0.5118754506111145,2,2,112.90615844726562,1980.json,NotBuggy
20,0.0030258444603532553,3,6,88.10150146484375,11443.json,NotBuggy
9,0.3859539330005646,2,3,108.31983184814453,5971.json,Buggy
18,0.19926120340824127,4,3,93.09529876708984,8000.json,Buggy
5,0.33631688356399536,1,0,118.78422546386719,5537.json,NotBuggy
4,0.5643895864486694,1,0,126.62725830078125,5501.json,NotBuggy
8,0.5732134580612183,2,2,111.73185729980469,2186.json,Buggy
10,0.682521641254425,2,4,104.58395385742188,2675.json,NotBuggy
4,0.08724597841501236,1,2,124.4649429321289,3512.json,NotBuggy
4,0.5893939137458801,1,0,128.936767578125,4061.json,NotBuggy
8,0.6029738783836365,3,1,111.34123992919922,9215.json,NotBuggy
16,0.027133923023939133,1,4,95.6205825805664,3583.json,NotBuggy
4,0.08572636544704437,1,1,123.75868225097656,1116.json,NotBuggy
7,0.1688673049211502,1,3,113.94878387451172,3243.json,NotBuggy
4,0.9074656367301941,1,0,128.936767578125,5472.json,NotBuggy
4,0.8986672163009644,1,0,127.78498840332031,4879.json,NotBuggy
4,0.6019721031188965,1,0,126.62725830078125,8113.json,NotBuggy
5,0.685814619064331,1,2,122.03304290771484,3456.json,NotBuggy
4,0.24478250741958618,1,0,128.936767578125,1710.json,NotBuggy
9,0.03345934674143791,2,6,106.72266387939453,7952.json,Buggy
26,0.002408428583294153,5,20,83.5556640625,6735.json,NotBuggy
12,0.002224513329565525,3,2,101.86363220214844,2467.json,NotBuggy
4,0.07882789522409439,1,3,123.75868225097656,4402.json,NotBuggy
4,0.782096803188324,1,0,128.936767578125,8728.json,NotBuggy
4,0.1836516261100769,1,0,128.335205078125,6187.json,NotBuggy
4,0.0075884005054831505,1,0,128.936767578125,3691.json,NotBuggy
10,0.027755828574299812,3,2,106.10924530029297,7959.json,Buggy
16,0.16830314695835114,3,9,94.23844909667969,1176.json,Buggy
14,0.2657054662704468,2,4,101.04149627685547,7553.json,NotBuggy
4,0.3374689817428589,1,0,126.19583892822266,7151.json,NotBuggy
5,0.5729345083236694,1,1,121.6568603515625,2960.json,NotBuggy
10,0.4050973951816559,3,6,103.00457000732422,10434.json,NotBuggy
4,0.0032270862720906734,1,0,128.936767578125,6138.json,NotBuggy
3,0.22461245954036713,1,0,131.1535186767578,3767.json,NotBuggy
4,0.7612571120262146,1,0,128.936767578125,2923.json,NotBuggy
24,0.06919083744287491,3,8,84.60102844238281,6463.json,NotBuggy
4,0.9277121424674988,1,0,128.936767578125,5341.json,NotBuggy
5,0.26028046011924744,1,0,122.03304290771484,2428.json,NotBuggy
11,0.023111628368496895,2,7,99.28486633300781,5917.json,NotBuggy
4,0.9138021469116211,1,0,128.936767578125,2022.json,NotBuggy
34,0.0048588416539132595,6,15,78.59122467041016,4668.json,Buggy
9,0.5530872344970703,2,3,109.47698211669922,4377.json,Buggy
4,0.7671463489532471,1,0,128.936767578125,126.json,NotBuggy
4,0.8630791306495667,1,0,128.936767578125,2755.json,NotBuggy
7,0.7227933406829834,1,7,113.3333740234375,10885.json,NotBuggy
4,0.4666958153247833,1,0,126.19583892822266,2887.json,NotBuggy
4,0.5244328379631042,1,0,128.936767578125,5021.json,NotBuggy
4,0.7568532228469849,1,0,126.62725830078125,5513.json,NotBuggy
4,0.8317154049873352,1,0,128.936767578125,2154.json,NotBuggy
4,0.8743114471435547,2,1,125.29549407958984,2578.json,NotBuggy
4,0.8706533312797546,1,0,127.78498840332031,4732.json,NotBuggy
4,0.16144417226314545,1,0,121.84000396728516,4740.json,NotBuggy
4,0.5669304132461548,1,2,126.33003997802734,3088.json,NotBuggy
4,0.07889902591705322,1,0,124.4649429321289,6570.json,NotBuggy
7,0.41054651141166687,2,2,113.8110580444336,3374.json,NotBuggy
9,0.4133785665035248,2,0,109.5634765625,1629.json,NotBuggy
6,0.10332994163036346,1,2,114.91891479492188,8555.json,NotBuggy
5,0.16772466897964478,1,2,118.69044494628906,4960.json,NotBuggy
12,0.17407603561878204,2,4,101.61978149414062,9344.json,NotBuggy
20,0.1672922521829605,3,4,92.29489135742188,9490.json,NotBuggy
4,0.7914552688598633,1,0,128.335205078125,3621.json,NotBuggy
8,0.06772246211767197,2,1,109.1904296875,9452.json,NotBuggy
6,0.8077845573425293,2,2,114.28350830078125,9616.json,Buggy
4,0.5542681217193604,1,0,126.19583892822266,8536.json,NotBuggy
5,0.4444984197616577,1,2,121.18380737304688,785.json,NotBuggy
18,0.12017053365707397,4,4,90.73606872558594,4830.json,NotBuggy
34,0.0048588416539132595,6,15,78.59122467041016,4666.json,Buggy
7,0.601344108581543,1,1,113.29793548583984,2926.json,NotBuggy
4,0.8411282300949097,1,1,126.4930648803711,7631.json,NotBuggy
4,0.7186609506607056,1,2,125.78216552734375,3340.json,NotBuggy
9,0.004113052971661091,2,2,106.3809814453125,1510.json,NotBuggy
4,0.8350517153739929,1,0,128.936767578125,8209.json,NotBuggy
4,0.6056954264640808,1,1,126.33003997802734,6347.json,NotBuggy
4,0.37378624081611633,1,0,128.936767578125,3732.json,NotBuggy
21,0.26815763115882874,3,6,90.4999008178711,5724.json,NotBuggy
20,0.0034164064563810825,2,14,88.09886169433594,710.json,NotBuggy
6,0.34135881066322327,1,3,116.67803192138672,6007.json,NotBuggy
12,0.29230713844299316,2,5,102.74143981933594,3521.json,NotBuggy
4,0.7670775651931763,1,1,127.09062194824219,6546.json,NotBuggy
3,0.5381675958633423,1,0,131.75106811523438,4835.json,NotBuggy
4,0.6665561199188232,1,1,126.62725830078125,4198.json,NotBuggy
12,0.002385552041232586,2,21,98.38511657714844,43.json,NotBuggy
4,0.6677531003952026,1,0,125.67974090576172,369.json,NotBuggy
5,0.3486708998680115,1,2,118.98002624511719,901.json,NotBuggy
5,0.19034354388713837,1,2,120.96249389648438,4173.json,NotBuggy
4,0.8289976119995117,1,0,128.936767578125,172.json,NotBuggy
4,0.14290818572044373,1,1,125.02987670898438,9733.json,NotBuggy
23,0.009227867238223553,5,6,86.20751953125,5574.json,Buggy
8,0.11119184643030167,2,5,109.326904296875,4547.json,NotBuggy
10,0.005290640983730555,1,7,104.71490478515625,10271.json,NotBuggy
4,0.7655103802680969,1,1,126.19583892822266,9022.json,NotBuggy
3,0.6915357112884521,1,0,130.85629272460938,1916.json,Buggy
4,0.8177741765975952,1,0,128.936767578125,3008.json,NotBuggy
8,0.8368378281593323,2,2,110.01913452148438,6044.json,NotBuggy
4,0.035596344619989395,1,1,124.91740417480469,8609.json,NotBuggy
4,0.09413426369428635,1,0,126.37059020996094,3364.json,NotBuggy
11,0.4873495399951935,2,9,105.0323257446289,4304.json,NotBuggy
3,0.8831416368484497,1,0,134.26058959960938,3888.json,NotBuggy
6,0.9660722017288208,1,0,118.23019409179688,4995.json,NotBuggy
5,0.47669899463653564,1,3,121.91352844238281,1199.json,NotBuggy
5,0.4042021930217743,1,2,122.167236328125,3445.json,NotBuggy
5,0.8858839273452759,1,2,119.52128601074219,888.json,NotBuggy
8,0.24475333094596863,3,1,109.65406036376953,4560.json,NotBuggy
4,0.5727120041847229,1,0,127.09062194824219,1473.json,NotBuggy
5,0.9641786217689514,1,2,120.96249389648438,2557.json,NotBuggy
4,0.975691556930542,1,2,126.04888916015625,413.json,Buggy
6,0.5633741617202759,1,0,118.48686981201172,1685.json,NotBuggy
4,0.7477137446403503,1,1,127.59107971191406,10213.json,NotBuggy
4,0.39464882016181946,1,1,125.41301727294922,6082.json,NotBuggy
4,0.1955563873052597,1,2,125.0554428100586,6788.json,NotBuggy
28,0.00223219464533031,4,5,82.79212188720703,2255.json,NotBuggy
4,0.0015360681572929025,1,0,123.55950164794922,6701.json,NotBuggy
4,0.9390717148780823,1,0,128.936767578125,2536.json,NotBuggy
18,0.09373971074819565,3,5,92.46434020996094,2740.json,NotBuggy
4,0.6871104836463928,1,2,124.91740417480469,4914.json,NotBuggy
15,0.1422351598739624,4,5,96.250244140625,10109.json,NotBuggy
29,0.08568590134382248,5,10,82.35548400878906,31.json,NotBuggy
6,0.09136337041854858,1,2,113.90094757080078,4908.json,NotBuggy
4,0.7028563618659973,1,2,127.25547790527344,6801.json,NotBuggy
4,0.31447845697402954,1,2,127.25547790527344,3038.json,NotBuggy
4,0.2003966122865677,1,1,124.95906829833984,2511.json,NotBuggy
12,0.05489597097039223,1,2,102.44081115722656,2413.json,NotBuggy
4,0.4826273024082184,1,1,125.5254898071289,6391.json,NotBuggy
16,0.018584072589874268,3,4,94.55302429199219,2681.json,NotBuggy
30,0.006226057186722755,6,11,80.61886596679688,7323.json,NotBuggy
4,0.19324682652950287,1,2,124.26470947265625,10833.json,NotBuggy
5,0.6130743026733398,1,0,120.34770202636719,4707.json,NotBuggy
5,0.6469182968139648,1,2,120.55997467041016,6160.json,NotBuggy
10,0.04965924844145775,2,4,106.85009765625,5798.json,Buggy
5,2.2303807782009244E-4,1,2,117.22176361083984,6609.json,NotBuggy
25,0.003330487059429288,5,13,83.94520568847656,5615.json,Buggy
4,0.5648360848426819,1,1,126.77537536621094,6346.json,NotBuggy
4,0.6432512998580933,1,1,127.59107971191406,1191.json,NotBuggy
4,0.10181992501020432,1,2,125.78216552734375,7895.json,NotBuggy
4,0.5289530158042908,1,1,127.59107971191406,9714.json,NotBuggy
4,0.9097369909286499,1,0,127.27810668945312,832.json,NotBuggy
4,0.474919855594635,1,0,128.936767578125,1471.json,NotBuggy
2,0.022523578256368637,1,0,137.02120971679688,5872.json,NotBuggy
4,0.35368871688842773,1,0,124.1749038696289,3993.json,NotBuggy
11,0.5771505832672119,3,3,104.30516052246094,2727.json,NotBuggy
4,0.05258642137050629,1,0,124.25267028808594,1547.json,NotBuggy
3,0.9912378191947937,1,0,134.999755859375,2596.json,NotBuggy
4,0.40390077233314514,1,2,125.64796447753906,10283.json,NotBuggy
5,0.6162094473838806,1,4,119.41529846191406,708.json,NotBuggy
4,0.07502057403326035,1,0,123.8484878540039,11352.json,NotBuggy
7,0.5381256937980652,3,3,112.02244567871094,8417.json,NotBuggy
4,0.2618102729320526,1,1,125.30915069580078,5068.json,NotBuggy
4,0.6965725421905518,1,0,126.37059020996094,5257.json,NotBuggy
4,0.013067733496427536,1,0,123.13409423828125,9499.json,NotBuggy
8,0.7344913482666016,2,1,112.39348602294922,376.json,NotBuggy
8,0.3191207945346832,2,1,111.30977630615234,1940.json,NotBuggy
3,0.4328562617301941,1,0,132.4454345703125,8293.json,NotBuggy
3,0.6879682540893555,1,0,134.26058959960938,5265.json,NotBuggy
5,0.6912279725074768,2,2,118.83625793457031,4214.json,NotBuggy
4,0.020488666370511055,1,0,128.936767578125,1202.json,NotBuggy
4,0.3606172502040863,1,2,127.25547790527344,3071.json,NotBuggy
5,0.6147672533988953,1,0,121.6568603515625,5655.json,NotBuggy
9,0.6132953763008118,2,1,107.28234100341797,11341.json,NotBuggy
6,0.9568549394607544,1,1,116.36531829833984,8869.json,Buggy
3,0.27795547246932983,1,2,131.1385955810547,11219.json,NotBuggy
5,0.0,1,2,116.14391326904297,9481.json,NotBuggy
5,0.5847427248954773,2,3,118.76382446289062,3363.json,NotBuggy
12,0.14322197437286377,1,2,102.97093200683594,2347.json,NotBuggy
4,0.49199768900871277,1,0,126.19583892822266,3679.json,NotBuggy
14,0.2316489964723587,3,1,95.2942123413086,1257.json,NotBuggy
4,0.16655173897743225,1,1,125.0554428100586,7461.json,NotBuggy
4,0.6284992694854736,1,0,128.335205078125,8403.json,NotBuggy
11,0.05472638085484505,3,0,104.586669921875,11324.json,NotBuggy
16,0.3798765242099762,3,6,94.72630310058594,52.json,NotBuggy
4,0.8165767788887024,1,0,128.936767578125,10908.json,NotBuggy
4,0.6327990293502808,1,1,127.09062194824219,5540.json,NotBuggy
21,0.18309612572193146,3,4,90.39473724365234,9025.json,NotBuggy
4,0.7793157696723938,1,1,127.59107971191406,5970.json,Buggy
8,0.13895770907402039,2,0,111.47486877441406,2426.json,NotBuggy
4,0.0013250570045784116,1,0,123.37702178955078,4583.json,NotBuggy
4,0.8897316455841064,1,0,128.936767578125,2168.json,NotBuggy
4,0.6535882353782654,1,0,126.37059020996094,3123.json,NotBuggy
12,0.6892186403274536,1,2,103.28453063964844,9724.json,NotBuggy
4,0.1032026931643486,1,0,125.91468811035156,1839.json,NotBuggy
4,0.002520959125831723,1,0,128.936767578125,8169.json,NotBuggy
4,0.2614634335041046,1,0,125.27178192138672,10118.json,NotBuggy
22,0.007510119117796421,2,0,88.51361846923828,7044.json,Buggy
4,0.5835773348808289,1,2,124.6862564086914,11422.json,NotBuggy
4,0.3918919861316681,1,1,125.39425659179688,6774.json,NotBuggy
4,0.008626426570117474,1,1,122.68119049072266,6499.json,NotBuggy
4,0.6085180044174194,1,0,128.335205078125,1439.json,NotBuggy
4,0.2350500077009201,1,0,128.936767578125,1613.json,NotBuggy
20,0.7526448965072632,5,0,92.65795135498047,1785.json,NotBuggy
8,0.14000436663627625,2,1,110.30028533935547,2519.json,NotBuggy
4,0.7257449626922607,1,0,128.936767578125,2261.json,NotBuggy
4,0.757522702217102,1,0,128.335205078125,7440.json,NotBuggy
36,5.966792814433575E-4,5,10,76.50254821777344,2901.json,NotBuggy
14,0.45290616154670715,3,3,98.18931579589844,2049.json,NotBuggy
4,0.1729576289653778,1,1,124.91740417480469,3618.json,NotBuggy
8,0.89739990234375,1,4,108.63282775878906,913.json,Buggy
4,0.2766692042350769,1,3,125.52845764160156,3971.json,NotBuggy
4,0.13566051423549652,1,1,124.1749038696289,9531.json,NotBuggy
7,0.9519401788711548,2,0,116.48638916015625,6078.json,NotBuggy
4,0.41333678364753723,1,0,126.19583892822266,7152.json,NotBuggy
4,0.8338820338249207,1,0,128.936767578125,2293.json,NotBuggy
4,0.5426672101020813,1,0,126.19583892822266,1185.json,Buggy
5,0.1023067757487297,1,2,118.99201202392578,2009.json,NotBuggy
4,0.40216583013534546,1,1,124.26470947265625,7319.json,NotBuggy
4,0.7375184893608093,1,0,127.27810668945312,5750.json,NotBuggy
5,0.24094708263874054,1,2,119.67438507080078,5048.json,NotBuggy
4,0.49317803978919983,1,1,127.09062194824219,6555.json,NotBuggy
13,0.5074015259742737,2,4,101.1453628540039,2345.json,NotBuggy
3,0.765069305896759,1,1,130.18594360351562,8442.json,NotBuggy
4,0.13383615016937256,1,1,124.7987289428711,9689.json,NotBuggy
5,0.5718691349029541,1,3,120.237548828125,2811.json,NotBuggy
4,0.6908022165298462,1,1,126.62725830078125,792.json,NotBuggy
4,0.5890783667564392,1,0,128.936767578125,4322.json,NotBuggy
4,0.458821177482605,1,2,125.27178192138672,10240.json,NotBuggy
4,0.8057595491409302,1,0,127.78498840332031,4328.json,NotBuggy
4,0.810356080532074,1,2,126.62725830078125,6191.json,Buggy
9,0.6352688670158386,2,2,108.76189422607422,3421.json,NotBuggy
4,0.33593305945396423,1,0,126.62725830078125,2417.json,NotBuggy
3,0.4342241585254669,1,0,134.26058959960938,2547.json,NotBuggy
12,0.4570283591747284,2,11,97.7553939819336,10083.json,NotBuggy
4,0.3396688997745514,1,0,128.936767578125,5642.json,NotBuggy
7,0.8121315836906433,2,1,116.48638916015625,6232.json,NotBuggy
10,0.8726182579994202,3,3,104.57779693603516,3761.json,NotBuggy
4,0.8147526979446411,1,1,124.05243682861328,263.json,NotBuggy
19,0.013784597627818584,3,3,91.11267852783203,2655.json,NotBuggy
62,0.0,11,33,62.402442932128906,7609.json,Buggy
3,0.7998751997947693,1,0,134.26058959960938,8288.json,NotBuggy
4,0.8205564022064209,1,0,127.27810668945312,697.json,NotBuggy
19,0.005791235249489546,3,10,88.58680725097656,5704.json,Buggy
13,0.1731913685798645,3,7,99.595703125,8020.json,NotBuggy
3,0.9093613624572754,1,0,135.83412170410156,5987.json,Buggy
11,0.045027680695056915,2,4,102.82933807373047,8423.json,NotBuggy
4,0.0801331102848053,1,1,141.10330200195312,10964.json,NotBuggy
4,0.6122410893440247,1,0,128.936767578125,5105.json,NotBuggy
4,0.7910735607147217,1,1,126.94251251220703,8307.json,NotBuggy
11,0.4278858006000519,3,4,101.84585571289062,9224.json,NotBuggy
4,0.0,1,0,128.335205078125,1834.json,NotBuggy
4,0.22368377447128296,1,0,128.936767578125,3535.json,NotBuggy
11,0.12865054607391357,3,2,104.56521606445312,20.json,NotBuggy
4,0.42904672026634216,1,0,126.62725830078125,2831.json,NotBuggy
49,0.0,3,60,68.31854248046875,3429.json,NotBuggy
4,0.5662387609481812,1,0,128.936767578125,3939.json,NotBuggy
4,0.5093816518783569,2,1,123.64862060546875,3838.json,NotBuggy
5,0.890657901763916,1,1,122.58091735839844,10215.json,NotBuggy
4,0.4618034362792969,1,0,128.936767578125,8470.json,NotBuggy
4,0.01574733480811119,1,3,123.55950164794922,3066.json,NotBuggy
4,0.7290511131286621,1,2,126.04888916015625,10474.json,NotBuggy
5,0.0485418401658535,1,2,119.94457244873047,2774.json,NotBuggy
4,0.5768876671791077,1,1,127.42622375488281,10960.json,NotBuggy
4,0.8560357689857483,1,0,128.936767578125,3850.json,NotBuggy
5,0.03312253579497337,1,2,119.48943328857422,3457.json,NotBuggy
4,0.3705610930919647,1,1,127.42622375488281,5090.json,NotBuggy
12,0.1502566784620285,1,2,102.28435516357422,2406.json,NotBuggy
4,0.27694272994995117,1,2,125.5254898071289,1886.json,NotBuggy
4,0.41294971108436584,1,0,125.96089172363281,8172.json,NotBuggy
4,0.3658846318721771,1,1,123.94486236572266,2970.json,NotBuggy
9,0.4169212281703949,2,1,108.61540985107422,2719.json,NotBuggy
13,0.45150136947631836,3,3,99.14600372314453,1773.json,NotBuggy
4,0.9289143681526184,1,0,128.936767578125,2023.json,NotBuggy
20,0.36683180928230286,4,5,90.70874786376953,3584.json,NotBuggy
11,0.3213944137096405,1,2,105.45206451416016,4025.json,NotBuggy
4,0.5383854508399963,1,0,126.62725830078125,3012.json,NotBuggy
16,0.005388742778450251,3,6,93.29829406738281,8355.json,NotBuggy
4,0.9448950886726379,1,0,128.335205078125,475.json,NotBuggy
4,0.22882889211177826,1,1,124.1749038696289,9533.json,NotBuggy
15,1.5581853222101927E-4,2,4,94.51993560791016,9012.json,NotBuggy
4,0.8987358808517456,1,0,128.335205078125,6742.json,NotBuggy
8,0.2982672452926636,3,1,109.65406036376953,4552.json,NotBuggy
4,0.4953276813030243,1,1,126.62725830078125,7720.json,NotBuggy
4,0.8311322331428528,1,0,126.33003997802734,4715.json,NotBuggy
6,0.049679234623909,1,3,114.01789855957031,3630.json,NotBuggy
4,0.6292555928230286,1,0,126.62725830078125,3311.json,NotBuggy
14,0.0018734714249148965,3,9,95.10594940185547,7977.json,Buggy
4,0.872173011302948,1,1,126.94251251220703,4981.json,NotBuggy
9,0.21286822855472565,2,3,106.03748321533203,9726.json,NotBuggy
4,0.3260975778102875,1,1,125.91468811035156,2621.json,NotBuggy
4,0.4246577322483063,1,0,123.96495056152344,4793.json,NotBuggy
4,0.7778089642524719,1,0,128.936767578125,2749.json,NotBuggy
5,0.41384780406951904,1,4,121.30628204345703,11250.json,NotBuggy
4,0.2500367760658264,1,0,128.936767578125,1575.json,NotBuggy
15,0.04914164915680885,3,1,97.21758270263672,4619.json,NotBuggy
3,0.8607852458953857,1,0,133.59722900390625,8483.json,NotBuggy
12,0.5681697726249695,3,1,102.63379669189453,7365.json,NotBuggy
4,0.01367621123790741,1,1,122.5160903930664,9700.json,NotBuggy
3,0.7288733720779419,1,1,131.60296630859375,8225.json,NotBuggy
4,0.41571420431137085,1,0,125.15930938720703,4806.json,NotBuggy
8,0.8501367568969727,2,1,110.82071685791016,3079.json,NotBuggy
4,0.1803792268037796,1,1,125.27178192138672,2574.json,NotBuggy
4,0.7537761926651001,1,1,126.94251251220703,3375.json,NotBuggy
5,0.019434718415141106,1,3,120.34770202636719,2366.json,NotBuggy
4,0.10002729296684265,1,0,123.21045684814453,2685.json,NotBuggy
4,0.36434683203697205,1,0,128.936767578125,3721.json,NotBuggy
5,0.27156227827072144,1,3,121.36727905273438,10120.json,NotBuggy
5,0.1351075917482376,1,1,120.43750762939453,11377.json,NotBuggy
4,0.5416094660758972,1,1,126.62725830078125,5432.json,NotBuggy
4,0.7139201760292053,1,0,126.04888916015625,3357.json,NotBuggy
13,0.05135614424943924,1,5,99.64554595947266,698.json,NotBuggy
25,0.14599308371543884,3,8,86.06844329833984,11189.json,NotBuggy
9,0.12525881826877594,2,2,107.40188598632812,181.json,NotBuggy
4,0.11447104811668396,1,1,123.02798461914062,1215.json,NotBuggy
4,0.549079179763794,1,0,126.62725830078125,5509.json,NotBuggy
15,0.002942579798400402,3,14,113.97052764892578,5616.json,NotBuggy
4,0.7075468897819519,1,1,127.42622375488281,8189.json,NotBuggy
3,0.11910387128591537,1,0,133.59722900390625,2452.json,NotBuggy
8,0.2903825640678406,3,2,107.09391021728516,232.json,NotBuggy
7,0.2113039642572403,1,6,111.67749786376953,62.json,NotBuggy
3,0.4537651836872101,1,0,133.59722900390625,2564.json,NotBuggy
4,0.0,1,6,120.97968292236328,2904.json,NotBuggy
4,0.09308852255344391,1,2,125.64796447753906,5594.json,NotBuggy
4,0.45136454701423645,1,0,128.936767578125,10335.json,NotBuggy
4,0.0014747024979442358,1,3,123.65223693847656,7671.json,NotBuggy
10,0.623596727848053,2,1,106.68535614013672,3223.json,NotBuggy
4,0.9162308573722839,1,0,127.25547790527344,113.json,NotBuggy
4,0.8164494037628174,1,1,127.42622375488281,2399.json,NotBuggy
4,0.9101223945617676,1,1,127.94984436035156,8561.json,NotBuggy
7,0.17092712223529816,1,4,111.6500015258789,4892.json,Buggy
3,0.18565039336681366,1,0,132.79563903808594,3612.json,NotBuggy
4,0.018211418762803078,1,2,123.96495056152344,6679.json,NotBuggy
6,0.9361523389816284,1,2,116.990966796875,849.json,NotBuggy
4,0.690244197845459,1,2,127.25547790527344,10473.json,NotBuggy
4,0.6345280408859253,1,1,126.19583892822266,5744.json,NotBuggy
11,0.5225341320037842,3,2,104.9920654296875,4073.json,NotBuggy
14,0.07496374845504761,1,4,99.96855926513672,5022.json,NotBuggy
22,0.018816085532307625,2,2,88.69952392578125,5737.json,NotBuggy
4,0.5575984716415405,1,0,125.41301727294922,8025.json,NotBuggy
4,0.6918253898620605,1,0,127.27810668945312,7403.json,NotBuggy
12,0.3024072051048279,2,3,101.61978149414062,3221.json,NotBuggy
4,0.7027323246002197,2,2,124.3523941040039,2882.json,NotBuggy
5,0.6058369278907776,2,2,117.43657684326172,93.json,NotBuggy
4,0.780437707901001,1,0,128.335205078125,8401.json,NotBuggy
4,0.8055046200752258,1,0,128.936767578125,8432.json,NotBuggy
4,0.864356517791748,1,0,127.42622375488281,3681.json,NotBuggy
4,0.45205098390579224,1,0,128.936767578125,8211.json,NotBuggy
11,0.3102783262729645,2,3,104.21040344238281,4069.json,NotBuggy
3,0.7688657641410828,1,1,130.57513427734375,9229.json,NotBuggy
5,0.2233966886997223,1,2,117.22039794921875,6311.json,Buggy
5,0.4782257378101349,1,3,121.91352844238281,4316.json,Buggy
4,0.6934387683868408,1,0,127.78498840332031,3912.json,NotBuggy
3,0.6757392883300781,1,0,134.26058959960938,3649.json,NotBuggy
4,0.576188325881958,1,0,127.78498840332031,6769.json,NotBuggy
12,0.24268501996994019,3,3,100.75931549072266,9746.json,NotBuggy
14,0.08882281929254532,3,5,96.57820892333984,3422.json,NotBuggy
3,0.9829130172729492,1,0,134.26058959960938,1005.json,Buggy
4,0.735488772392273,1,1,127.59107971191406,7550.json,NotBuggy
4,0.8818075060844421,1,0,128.335205078125,8302.json,NotBuggy
22,0.020220179110765457,4,11,87.43749237060547,10099.json,NotBuggy
4,0.42334645986557007,1,0,125.57588195800781,3728.json,NotBuggy
4,0.7740251421928406,1,0,125.21278381347656,5271.json,NotBuggy
4,0.31495150923728943,1,3,124.58238983154297,3199.json,NotBuggy
4,0.0709015354514122,1,0,125.91468811035156,1855.json,NotBuggy
3,0.525195300579071,1,0,131.1535186767578,8334.json,NotBuggy
6,0.09840819239616394,1,3,115.11836242675781,5612.json,NotBuggy
3,0.5024425387382507,1,0,131.9385528564453,6491.json,NotBuggy
11,0.11289580911397934,2,5,102.92839050292969,6038.json,NotBuggy
4,0.0071527366526424885,1,1,123.74861145019531,8358.json,NotBuggy
16,0.005600134376436472,2,0,94.72982788085938,7230.json,NotBuggy
4,0.12695224583148956,1,0,128.936767578125,10530.json,NotBuggy
4,0.9311137199401855,1,0,128.936767578125,10066.json,NotBuggy
4,0.11444241553544998,1,0,128.936767578125,6088.json,NotBuggy
4,0.42796432971954346,1,1,125.27178192138672,7401.json,NotBuggy
4,0.1743731051683426,1,0,123.75868225097656,11200.json,NotBuggy
8,0.01644362322986126,2,8,108.15971374511719,8276.json,NotBuggy
4,0.04057830199599266,1,1,126.62725830078125,4000.json,NotBuggy
9,0.7571252584457397,3,4,104.75203704833984,10146.json,NotBuggy
4,0.7058072686195374,1,1,126.4781494140625,3667.json,NotBuggy
4,0.8249873518943787,1,2,127.77642822265625,53.json,NotBuggy
5,0.10279345512390137,1,2,118.90116882324219,5926.json,NotBuggy
4,0.43077388405799866,1,1,126.77537536621094,5056.json,NotBuggy
4,0.22513794898986816,1,0,128.335205078125,3061.json,NotBuggy
9,0.1063258945941925,2,3,106.87126159667969,7912.json,NotBuggy
4,0.7870873212814331,1,1,127.09062194824219,6549.json,NotBuggy
20,0.20362868905067444,5,4,89.33765411376953,8059.json,Buggy
8,0.2822624444961548,2,7,107.36966705322266,6791.json,NotBuggy
4,0.5820710062980652,1,0,128.936767578125,2848.json,NotBuggy
7,0.6189649105072021,2,1,115.85657501220703,8528.json,NotBuggy
4,0.9088841080665588,1,0,128.936767578125,1316.json,NotBuggy
5,0.3791387677192688,1,2,120.74615478515625,7502.json,NotBuggy
25,0.0,6,16,81.57546997070312,6433.json,Buggy
4,0.7158288359642029,1,2,124.39620971679688,6587.json,NotBuggy
6,0.737483561038971,1,4,115.4979476928711,1194.json,NotBuggy
20,0.5551160573959351,3,2,91.19815826416016,6879.json,Buggy
4,0.3927050530910492,1,0,128.936767578125,3819.json,NotBuggy
2,0.9163864254951477,1,0,140.82913208007812,8368.json,NotBuggy
16,0.008141475729644299,3,7,94.02094268798828,2659.json,NotBuggy
3,0.5135636329650879,1,0,130.34019470214844,10117.json,NotBuggy
11,0.2545766830444336,2,1,103.791748046875,4072.json,NotBuggy
4,0.6981817483901978,1,0,128.936767578125,932.json,NotBuggy
21,0.005671399645507336,2,13,87.81684875488281,4009.json,NotBuggy
4,0.0029021971859037876,1,0,123.94486236572266,4585.json,NotBuggy
4,0.35869911313056946,1,1,126.0733642578125,8548.json,NotBuggy
6,0.27767330408096313,1,4,113.90094757080078,4077.json,NotBuggy
4,0.8082799911499023,1,0,128.936767578125,6256.json,NotBuggy
4,0.26075121760368347,1,1,125.15930938720703,1908.json,NotBuggy
17,0.011823506094515324,3,8,90.88816833496094,1312.json,Buggy
5,0.8982604146003723,2,2,119.43572235107422,6563.json,NotBuggy
7,0.8474826216697693,2,1,115.19184112548828,1729.json,NotBuggy
16,0.03643009439110756,4,8,94.2113037109375,4940.json,NotBuggy
4,0.27047473192214966,1,2,126.04888916015625,3212.json,NotBuggy
43,9.119064197875559E-4,10,14,71.09839630126953,7098.json,Buggy
6,0.16295848786830902,2,7,114.41285705566406,6614.json,NotBuggy
4,0.9348260760307312,1,0,128.335205078125,3046.json,NotBuggy
18,0.11881130933761597,3,3,93.17546081542969,9551.json,Buggy
4,0.6404457092285156,1,2,125.79222106933594,7357.json,NotBuggy
4,0.8948876857757568,1,2,125.79222106933594,6283.json,NotBuggy
16,0.08089955896139145,1,4,95.12863159179688,1393.json,NotBuggy
20,0.6446007490158081,4,9,89.12097930908203,2814.json,NotBuggy
4,0.8560357689857483,1,0,128.936767578125,4195.json,NotBuggy
20,0.018802566453814507,3,12,89.47824096679688,2407.json,NotBuggy
4,0.10404013842344284,1,0,128.936767578125,8261.json,NotBuggy
91,0.0,7,26,54.37061309814453,10194.json,NotBuggy
6,0.7144376635551453,1,0,118.82572174072266,5104.json,NotBuggy
12,0.07103944569826126,1,2,102.44081115722656,2534.json,NotBuggy
4,0.8884595036506653,1,0,126.4930648803711,9565.json,NotBuggy
4,0.7274889349937439,1,1,127.94984436035156,4436.json,NotBuggy
9,0.3945409655570984,2,3,108.989013671875,2528.json,NotBuggy
5,0.2233966886997223,1,2,117.22039794921875,6308.json,Buggy
4,0.8403229117393494,1,0,127.78498840332031,2476.json,NotBuggy
24,0.039822615683078766,4,11,85.68282318115234,5912.json,Buggy
12,0.514319896697998,3,1,103.02397918701172,180.json,NotBuggy
5,0.05810181796550751,1,5,119.76210021972656,2876.json,NotBuggy
4,0.6032748222351074,1,0,127.59107971191406,11375.json,NotBuggy
4,0.4488067924976349,1,1,126.62725830078125,5430.json,NotBuggy
4,0.7853700518608093,1,0,126.80831146240234,4329.json,NotBuggy
4,0.6608372330665588,1,1,126.19583892822266,5859.json,NotBuggy
4,0.6085180044174194,1,0,128.335205078125,1438.json,NotBuggy
4,0.03617941588163376,1,0,124.7987289428711,6705.json,NotBuggy
4,0.7408875823020935,1,1,126.0733642578125,7976.json,Buggy
21,0.0,4,12,86.59693908691406,3995.json,NotBuggy
4,0.9478098154067993,1,0,126.4930648803711,6805.json,NotBuggy
4,0.5931035876274109,1,1,126.77537536621094,3165.json,NotBuggy
4,0.5817407369613647,1,0,127.42622375488281,1668.json,NotBuggy
4,0.3751201927661896,1,0,127.59107971191406,10220.json,NotBuggy
4,0.5053521394729614,1,0,123.85247039794922,4745.json,NotBuggy
8,0.039297401905059814,2,3,113.24091339111328,10914.json,NotBuggy
12,0.10363832861185074,3,1,102.22901153564453,9713.json,NotBuggy
4,0.5242249369621277,1,0,128.936767578125,8472.json,NotBuggy
3,0.6917079091072083,1,0,132.4454345703125,5202.json,NotBuggy
4,0.7216038703918457,1,1,126.33003997802734,9698.json,NotBuggy
6,0.0015256027691066265,1,7,113.19029998779297,10269.json,NotBuggy
4,0.5543660521507263,1,0,128.936767578125,8161.json,NotBuggy
4,0.7349905371665955,1,1,126.0733642578125,1496.json,NotBuggy
14,0.38917598128318787,3,3,100.08056640625,11395.json,NotBuggy
5,0.22059407830238342,1,0,120.34770202636719,8576.json,NotBuggy
5,0.4220241606235504,1,3,118.66690826416016,7317.json,NotBuggy
3,0.8861150145530701,1,0,132.4454345703125,2482.json,NotBuggy
4,0.761945903301239,1,1,127.25547790527344,8281.json,NotBuggy
21,0.015434712171554565,5,7,89.07344818115234,3864.json,NotBuggy
4,0.8498730659484863,1,0,127.59107971191406,3987.json,NotBuggy
4,0.7084518671035767,1,2,124.81353759765625,7288.json,NotBuggy
4,0.908252477645874,1,2,125.5254898071289,2166.json,NotBuggy
4,0.5898531079292297,1,0,125.79222106933594,5994.json,NotBuggy
4,0.2963812053203583,1,1,125.57588195800781,1612.json,NotBuggy
4,0.599362313747406,1,1,127.42622375488281,10959.json,NotBuggy
4,0.8849455118179321,1,0,128.936767578125,5506.json,NotBuggy
4,0.4188549816608429,1,0,123.67467498779297,8495.json,NotBuggy
4,0.9264103770256042,1,0,127.78498840332031,8303.json,NotBuggy
4,0.9162592887878418,1,0,128.936767578125,5494.json,NotBuggy
7,6.50767469778657E-4,1,7,109.91271209716797,1260.json,NotBuggy
20,0.00902226846665144,4,6,89.0273208618164,4.json,NotBuggy
4,0.7531419992446899,1,2,126.04888916015625,3847.json,NotBuggy
4,0.504135251045227,1,1,125.91468811035156,6772.json,NotBuggy
5,0.5294976234436035,2,2,118.43477630615234,10455.json,NotBuggy
4,0.7251086235046387,1,0,127.78498840332031,8430.json,NotBuggy
4,0.7540580034255981,1,0,128.335205078125,7664.json,NotBuggy
3,0.57610023021698,1,0,131.28770446777344,5790.json,NotBuggy
28,1.0097448830492795E-4,7,1,80.25547790527344,9455.json,Buggy
5,0.5357388257980347,1,3,118.92190551757812,10886.json,NotBuggy
4,0.5901264548301697,1,1,128.13519287109375,7483.json,NotBuggy
3,0.5618557333946228,1,0,130.34019470214844,10150.json,NotBuggy
25,0.0,4,21,82.5665054321289,6100.json,NotBuggy
4,0.9603090882301331,1,0,128.936767578125,6723.json,NotBuggy
9,0.7237635850906372,2,1,109.06786346435547,9014.json,NotBuggy
6,0.06888285279273987,1,6,114.58456420898438,6274.json,NotBuggy
4,0.8644437789916992,1,0,128.936767578125,2791.json,NotBuggy
5,0.12303066998720169,1,2,120.7502212524414,6533.json,NotBuggy
4,0.9470752477645874,1,0,128.335205078125,10175.json,NotBuggy
4,0.5161550045013428,1,0,126.62725830078125,2821.json,NotBuggy
15,0.031827762722969055,3,10,93.53274536132812,4883.json,NotBuggy
4,0.5109491944313049,1,1,126.62725830078125,4028.json,NotBuggy
9,0.4712772071361542,2,3,107.58657836914062,6747.json,NotBuggy
4,0.559692919254303,1,0,127.78498840332031,1464.json,NotBuggy
16,0.030784649774432182,2,7,94.41554260253906,5763.json,Buggy
19,0.042364344000816345,4,9,90.44149780273438,7593.json,Buggy
7,0.5460136532783508,1,2,110.7128677368164,3852.json,NotBuggy
4,0.9108068346977234,1,0,128.936767578125,314.json,NotBuggy
20,0.017676129937171936,5,8,89.16912078857422,7961.json,Buggy
29,0.08568590134382248,5,10,82.35548400878906,28.json,NotBuggy
4,0.16557222604751587,1,1,126.19583892822266,1204.json,NotBuggy
12,0.17718735337257385,3,4,102.2120590209961,7286.json,NotBuggy
4,0.2849705219268799,1,1,125.91468811035156,2607.json,NotBuggy
3,0.8675739169120789,1,0,134.26058959960938,3606.json,NotBuggy
4,0.7592706680297852,1,1,126.0733642578125,10065.json,NotBuggy
5,0.6547443866729736,1,2,122.167236328125,7584.json,Buggy
4,0.10014273971319199,1,1,125.02987670898438,3169.json,NotBuggy
12,0.35404759645462036,3,1,101.59780883789062,8902.json,NotBuggy
8,0.6597913503646851,2,2,112.58973693847656,5204.json,NotBuggy
6,0.6535520553588867,2,3,113.39762878417969,9211.json,NotBuggy
4,0.9400585293769836,1,0,127.78498840332031,8300.json,NotBuggy
4,2.753710141405463E-4,1,0,121.30619812011719,4741.json,NotBuggy
6,0.06999390572309494,1,5,115.48157501220703,8525.json,NotBuggy
5,0.05170731246471405,1,2,122.06163787841797,10479.json,NotBuggy
6,0.043723221868276596,1,2,112.82664489746094,3334.json,NotBuggy
11,0.784001350402832,4,1,102.04546356201172,173.json,NotBuggy
4,0.9168918132781982,1,1,126.94251251220703,4762.json,NotBuggy
7,0.0023360580671578646,1,5,110.96097564697266,11416.json,NotBuggy
4,0.8074061870574951,1,0,128.936767578125,3785.json,NotBuggy
4,0.9532328844070435,1,0,126.33003997802734,302.json,NotBuggy
4,0.5360260605812073,1,2,127.25547790527344,6683.json,NotBuggy
7,0.12393829226493835,3,2,112.02244567871094,1455.json,NotBuggy
4,0.3131164312362671,1,0,125.39425659179688,4632.json,NotBuggy
8,0.6575179100036621,2,2,112.58973693847656,2099.json,NotBuggy
8,0.8027626872062683,2,2,111.38506317138672,6293.json,Buggy
6,0.03277665749192238,1,3,116.4616928100586,7637.json,NotBuggy
4,0.6388577818870544,1,1,127.09062194824219,6545.json,NotBuggy
4,0.30551332235336304,1,1,128.5205535888672,2841.json,NotBuggy
2,0.001060432638041675,1,0,137.02120971679688,5869.json,NotBuggy
8,0.8007217645645142,2,0,112.3895034790039,7.json,NotBuggy
4,8.323666988871992E-4,1,1,121.68689727783203,9702.json,NotBuggy
5,0.0022914030123502016,1,1,117.66657257080078,8035.json,NotBuggy
4,0.9088920950889587,1,1,126.04888916015625,6720.json,NotBuggy
4,0.15706738829612732,1,0,126.19583892822266,7150.json,NotBuggy
13,0.6048793196678162,3,3,100.64273834228516,10173.json,NotBuggy
3,0.4342241585254669,1,0,134.26058959960938,2609.json,NotBuggy
15,1.5581853222101927E-4,2,4,94.51993560791016,9006.json,NotBuggy
3,0.5891817212104797,1,0,135.83412170410156,6081.json,NotBuggy
4,0.6685338616371155,1,3,125.64796447753906,5663.json,Buggy
4,0.4316621422767639,1,2,125.91468811035156,9772.json,NotBuggy
4,0.8836599588394165,1,2,125.79222106933594,566.json,NotBuggy
6,0.6700308918952942,1,4,116.53582763671875,4282.json,NotBuggy
4,0.7334844470024109,1,0,127.27810668945312,1486.json,NotBuggy
4,0.4631606936454773,1,1,125.41301727294922,7966.json,Buggy
5,0.03862574324011803,1,3,121.67162322998047,6075.json,NotBuggy
9,0.4121825397014618,2,2,109.73728942871094,10078.json,NotBuggy
4,0.7766562104225159,1,0,128.936767578125,8640.json,NotBuggy
3,0.9259207248687744,1,0,135.83412170410156,11311.json,NotBuggy
4,0.9206367135047913,1,0,128.936767578125,646.json,NotBuggy
4,0.7251086235046387,1,0,127.78498840332031,8198.json,NotBuggy
4,0.6908022165298462,1,1,126.62725830078125,780.json,NotBuggy
7,0.5235483050346375,2,1,114.64908599853516,3465.json,NotBuggy
51,0.0,8,13,68.53534698486328,6998.json,Buggy
5,0.01825016923248768,1,3,117.66175079345703,3470.json,NotBuggy
23,3.5313187981955707E-4,3,13,86.21692657470703,7436.json,Buggy
4,0.07768047600984573,1,1,126.62725830078125,2586.json,NotBuggy
4,0.9390717148780823,1,0,128.936767578125,2495.json,NotBuggy
4,9.346256265416741E-4,1,0,128.936767578125,610.json,NotBuggy
4,0.6900037527084351,1,0,128.936767578125,3968.json,NotBuggy
4,0.7635852694511414,1,1,126.33003997802734,2400.json,NotBuggy
13,0.10062006860971451,1,3,100.30097198486328,2334.json,NotBuggy
4,0.709963321685791,1,1,126.62725830078125,2533.json,NotBuggy
4,0.7135135531425476,1,0,128.936767578125,247.json,NotBuggy
4,0.6453396677970886,1,0,126.37059020996094,5752.json,NotBuggy
5,0.9075784683227539,1,2,120.85002136230469,5607.json,NotBuggy
9,0.1318334937095642,2,7,105.55201721191406,7969.json,NotBuggy
7,0.5577550530433655,2,3,113.80858612060547,8530.json,NotBuggy
4,0.6659231185913086,1,0,126.19583892822266,3518.json,NotBuggy
4,0.6875678896903992,1,1,127.09062194824219,4800.json,NotBuggy
3,0.608394980430603,1,0,132.4454345703125,4733.json,NotBuggy
4,0.8690006732940674,1,0,127.78498840332031,4713.json,NotBuggy
6,0.0485290065407753,1,1,116.36201477050781,3207.json,NotBuggy
12,0.031149638816714287,3,2,101.86363220214844,2473.json,NotBuggy
8,0.23048222064971924,3,4,106.97517395019531,6573.json,NotBuggy
4,0.8773879408836365,1,1,126.0733642578125,1981.json,NotBuggy
10,0.5781668424606323,2,5,104.84779357910156,3266.json,NotBuggy
19,0.1278618425130844,4,2,92.0914077758789,10583.json,NotBuggy
4,0.8203598856925964,1,0,126.33003997802734,3736.json,NotBuggy
5,0.8008993268013,1,1,122.167236328125,9466.json,NotBuggy
4,0.1767003983259201,1,0,124.57742309570312,4635.json,NotBuggy
7,0.3275216221809387,2,3,115.06937408447266,10428.json,NotBuggy
3,0.4342241585254669,1,0,134.26058959960938,2620.json,NotBuggy
13,0.3670613169670105,2,4,98.94658660888672,3900.json,NotBuggy
4,0.08190003037452698,1,1,126.33003997802734,3110.json,NotBuggy
4,0.16301587224006653,1,1,128.13519287109375,10422.json,NotBuggy
4,0.03730229660868645,1,3,123.21045684814453,1441.json,NotBuggy
4,0.18466109037399292,1,0,127.27810668945312,3605.json,NotBuggy
4,0.8884061574935913,1,1,126.94251251220703,2733.json,NotBuggy
4,0.5286726355552673,1,1,126.77537536621094,7529.json,NotBuggy
4,0.8209211230278015,1,0,127.25547790527344,3816.json,NotBuggy
4,0.5956984162330627,1,1,126.4930648803711,5712.json,NotBuggy
4,0.2585531175136566,1,3,124.91740417480469,5659.json,NotBuggy
9,0.5371300578117371,2,2,108.78922271728516,5990.json,NotBuggy
5,0.7641505599021912,1,0,119.19406127929688,3142.json,NotBuggy
19,0.0961504727602005,4,5,91.24943542480469,9076.json,NotBuggy
4,0.06567535549402237,1,1,124.05243682861328,3712.json,NotBuggy
3,0.2737561762332916,1,0,135.83412170410156,5422.json,NotBuggy
12,0.5526522994041443,2,3,103.32823181152344,4696.json,NotBuggy
5,0.820064902305603,1,2,121.53742980957031,4507.json,NotBuggy
4,0.45971038937568665,1,1,126.19583892822266,2956.json,NotBuggy
4,0.8384957909584045,1,0,127.78498840332031,8165.json,NotBuggy
4,0.7197352051734924,1,0,127.78498840332031,2480.json,NotBuggy
11,0.656743586063385,3,4,102.46119689941406,9223.json,NotBuggy
3,0.8211627006530762,1,0,134.26058959960938,8596.json,NotBuggy
4,0.3907271921634674,1,2,124.1749038696289,4135.json,NotBuggy
4,0.9379051327705383,1,1,126.04888916015625,6726.json,NotBuggy
4,0.7151345610618591,1,1,125.0554428100586,8539.json,NotBuggy
5,0.8514316082000732,1,3,120.54627227783203,10602.json,NotBuggy
23,0.008307632058858871,4,9,85.57728576660156,2858.json,NotBuggy
6,0.9030207395553589,2,5,115.25157928466797,6528.json,NotBuggy
4,0.005597908981144428,1,1,127.59107971191406,4353.json,NotBuggy
3,0.05205642059445381,1,1,129.57785034179688,8456.json,NotBuggy
9,0.0392574667930603,2,4,106.72266387939453,8815.json,NotBuggy
6,0.10545548796653748,1,3,114.26815795898438,6603.json,NotBuggy
5,0.8259661793708801,1,0,121.30247497558594,4226.json,NotBuggy
4,0.0325009748339653,1,0,128.936767578125,3082.json,NotBuggy
13,0.004897370934486389,2,4,97.699462890625,11435.json,NotBuggy
4,0.8970308303833008,1,0,127.42622375488281,4201.json,NotBuggy
4,0.4671527147293091,1,0,128.936767578125,1684.json,NotBuggy
5,0.2961170971393585,1,1,121.30247497558594,176.json,NotBuggy
3,0.8300651907920837,1,0,131.28770446777344,6834.json,NotBuggy
4,0.13628317415714264,1,1,124.7987289428711,9693.json,NotBuggy
6,0.013960261829197407,1,6,112.70396423339844,2873.json,NotBuggy
3,0.8288450241088867,1,0,135.83412170410156,1808.json,NotBuggy
13,0.3955385088920593,3,1,99.32229614257812,4801.json,NotBuggy
11,0.14860330522060394,2,2,103.85163879394531,3175.json,NotBuggy
3,0.7466825842857361,1,2,131.75106811523438,605.json,NotBuggy
4,0.16301587224006653,1,1,128.13519287109375,10402.json,NotBuggy
4,0.8763769268989563,1,1,126.04888916015625,6656.json,NotBuggy
4,0.8685343265533447,1,0,128.936767578125,8460.json,NotBuggy
4,0.3761196732521057,2,3,124.02266693115234,10069.json,NotBuggy
4,0.5443484783172607,1,0,128.936767578125,136.json,NotBuggy
4,0.03133545443415642,1,1,129.84368896484375,4456.json,NotBuggy
4,0.08610756695270538,1,1,124.39620971679688,534.json,NotBuggy
4,0.4404177963733673,1,0,128.936767578125,10424.json,NotBuggy
4,0.43963998556137085,1,0,128.936767578125,3033.json,NotBuggy
23,0.05668696016073227,4,2,88.63128662109375,2348.json,Buggy
4,0.9194732904434204,1,0,128.936767578125,6675.json,NotBuggy
4,0.4396606981754303,1,1,126.77537536621094,278.json,NotBuggy
8,0.9057361483573914,5,4,105.51058197021484,5163.json,NotBuggy
10,0.13895083963871002,2,6,102.67790222167969,323.json,Buggy
4,0.37188512086868286,1,1,126.77537536621094,114.json,NotBuggy
4,0.9169903993606567,1,0,127.42622375488281,3832.json,NotBuggy
5,0.20992185175418854,1,0,122.03304290771484,11211.json,NotBuggy
4,0.33033475279808044,1,1,127.25547790527344,4663.json,NotBuggy
3,0.6842908263206482,1,0,132.4454345703125,5201.json,NotBuggy
5,0.48488104343414307,1,0,122.03304290771484,4624.json,NotBuggy
5,0.5173383355140686,1,1,122.03304290771484,1490.json,NotBuggy
4,0.2846073806285858,1,0,128.936767578125,10344.json,NotBuggy
4,0.5914688110351562,1,0,128.936767578125,2736.json,NotBuggy
4,0.9871492981910706,1,0,128.936767578125,3436.json,NotBuggy
3,0.9469733238220215,1,0,132.4454345703125,8306.json,NotBuggy
4,0.7597272396087646,1,1,127.27810668945312,1177.json,NotBuggy
8,0.6804502606391907,2,3,112.50596618652344,10562.json,NotBuggy
4,0.8109581470489502,1,1,126.80831146240234,7604.json,NotBuggy
4,0.616168737411499,1,0,128.936767578125,1718.json,NotBuggy
11,0.3069273829460144,1,4,103.57461547851562,2393.json,Buggy
6,0.3968346118927002,2,3,115.50424194335938,6715.json,NotBuggy
8,0.2373238354921341,3,1,109.65406036376953,4558.json,NotBuggy
7,0.11224133521318436,1,2,114.527587890625,2651.json,NotBuggy
3,0.8211627006530762,1,0,134.26058959960938,4822.json,NotBuggy
4,0.6265045404434204,1,0,127.78498840332031,2302.json,NotBuggy
8,0.18812648952007294,2,0,110.66998291015625,2425.json,NotBuggy
4,0.4554266929626465,1,1,127.59107971191406,5069.json,NotBuggy
4,0.7112934589385986,2,3,123.91880798339844,3426.json,NotBuggy
3,0.721628725528717,1,1,130.85629272460938,8338.json,NotBuggy
3,0.8723909258842468,1,0,134.26058959960938,8612.json,NotBuggy
4,3.8049655267968774E-4,1,0,128.936767578125,4947.json,NotBuggy
8,0.7002729773521423,2,2,113.02863311767578,9712.json,NotBuggy
4,0.028573479503393173,1,0,128.936767578125,6083.json,NotBuggy
4,0.8900778293609619,1,0,127.78498840332031,6282.json,NotBuggy
4,0.7065688967704773,1,0,125.96089172363281,3696.json,NotBuggy
5,0.6616515517234802,1,4,121.67162322998047,10660.json,NotBuggy
17,0.0017738034948706627,2,11,92.35162353515625,7587.json,Buggy
10,0.16319765150547028,2,3,104.5733871459961,2392.json,NotBuggy
4,0.74672532081604,1,0,128.936767578125,3295.json,NotBuggy
6,1.7700959870126098E-4,1,6,112.3524169921875,6610.json,NotBuggy
10,0.2826313078403473,2,4,105.25951385498047,1175.json,NotBuggy
4,0.8806949853897095,1,0,128.936767578125,4218.json,NotBuggy
3,0.07730627804994583,1,0,131.60296630859375,7082.json,NotBuggy
13,0.31263571977615356,1,2,100.97987365722656,1400.json,NotBuggy
8,0.7602140307426453,2,2,111.1359634399414,5418.json,NotBuggy
14,0.02287716045975685,1,5,97.36356353759766,5049.json,NotBuggy
12,0.48390674591064453,3,1,102.27503204345703,5133.json,NotBuggy
10,0.10646570473909378,3,2,104.7131118774414,6944.json,NotBuggy
26,8.425425621680915E-4,4,17,83.32707977294922,7489.json,NotBuggy
4,0.18391838669776917,1,1,125.27178192138672,4718.json,NotBuggy
21,0.06456561386585236,5,6,88.60535430908203,10236.json,NotBuggy
4,0.6411486268043518,1,0,127.27810668945312,11228.json,NotBuggy
4,0.9010398387908936,1,0,128.936767578125,8522.json,NotBuggy
4,0.72112637758255,1,1,126.77537536621094,7998.json,NotBuggy
4,0.6590127944946289,1,0,127.27810668945312,1474.json,NotBuggy
5,0.8590754866600037,1,3,121.77933502197266,10315.json,NotBuggy
4,0.7232692837715149,2,2,124.3523941040039,2883.json,NotBuggy
4,0.8538341522216797,1,0,128.936767578125,8142.json,NotBuggy
10,0.5208999514579773,2,2,104.67636108398438,7364.json,NotBuggy
9,0.3579091727733612,2,0,108.75952911376953,11445.json,NotBuggy
42,0.0,1,56,70.20630645751953,2664.json,NotBuggy
13,0.11156592518091202,3,6,99.595703125,1495.json,NotBuggy
10,0.04433264583349228,2,4,103.00464630126953,9478.json,NotBuggy
4,0.4396832287311554,1,1,127.09062194824219,5189.json,NotBuggy
4,0.17857691645622253,1,0,128.936767578125,2445.json,NotBuggy
25,0.14599308371543884,3,8,86.06844329833984,11188.json,NotBuggy
6,0.007210521027445793,1,5,114.08087921142578,907.json,NotBuggy
10,0.33806145191192627,2,1,105.63207244873047,6811.json,NotBuggy
7,0.19036342203617096,1,3,112.28893280029297,7501.json,NotBuggy
12,0.13140869140625,3,2,101.86363220214844,2466.json,NotBuggy
11,0.24700364470481873,2,4,102.78661346435547,6063.json,Buggy
5,0.02631767839193344,1,3,118.01499938964844,5766.json,NotBuggy
4,0.3836856782436371,1,0,128.936767578125,5989.json,NotBuggy
8,0.18042360246181488,1,1,109.95191192626953,8822.json,NotBuggy
4,0.3326999843120575,1,2,124.81353759765625,3423.json,NotBuggy
9,0.2260635942220688,4,3,103.45918273925781,3528.json,NotBuggy
5,0.07636114954948425,1,2,119.84819793701172,6654.json,NotBuggy
4,0.6274505257606506,1,2,125.91468811035156,2403.json,Buggy
4,0.35437631607055664,1,0,128.936767578125,8208.json,NotBuggy
4,0.5884512662887573,1,2,126.33003997802734,3902.json,NotBuggy
4,0.003547342261299491,1,2,122.60694122314453,6014.json,NotBuggy
4,0.0985054224729538,1,1,124.7987289428711,9691.json,NotBuggy
5,0.7470002174377441,1,1,119.84819793701172,2658.json,NotBuggy
5,0.3239566385746002,1,0,120.6497802734375,4649.json,NotBuggy
4,0.5629652142524719,1,1,125.27178192138672,27.json,NotBuggy
4,0.534400463104248,2,1,122.54744720458984,5193.json,NotBuggy
35,0.004860279615968466,6,12,78.75823211669922,6976.json,NotBuggy
4,0.8813238739967346,1,0,128.335205078125,11168.json,NotBuggy
4,0.900750994682312,1,0,127.78498840332031,8008.json,NotBuggy
4,0.8666210770606995,1,0,128.936767578125,3290.json,NotBuggy
4,0.033690474927425385,1,2,126.4781494140625,7893.json,NotBuggy
3,0.9082726240158081,1,0,135.83412170410156,397.json,NotBuggy
8,0.2943807542324066,2,3,111.219970703125,4317.json,Buggy
10,0.30728617310523987,1,2,107.22257232666016,2929.json,NotBuggy
6,0.18967807292938232,1,4,115.64443969726562,1247.json,NotBuggy
4,0.6799226999282837,1,1,126.94251251220703,3213.json,NotBuggy
5,0.2233966886997223,1,2,117.22039794921875,6314.json,Buggy
5,0.5911758542060852,1,0,121.6568603515625,5717.json,NotBuggy
16,0.0020107373129576445,2,7,93.90154266357422,4461.json,NotBuggy
4,0.9252772331237793,1,1,129.14767456054688,6986.json,NotBuggy
5,0.5733518004417419,1,4,120.13368225097656,1201.json,NotBuggy
4,0.19986574351787567,1,1,128.13519287109375,10410.json,NotBuggy
35,0.0,4,13,77.22482299804688,2741.json,NotBuggy
4,0.7050510048866272,1,1,126.33003997802734,9688.json,NotBuggy
3,0.3505198359489441,1,0,131.03103637695312,10427.json,NotBuggy
4,0.9191853404045105,1,0,125.27178192138672,6544.json,NotBuggy
4,0.002414363669231534,1,0,128.936767578125,3690.json,NotBuggy
9,0.4712772071361542,2,3,107.58657836914062,6746.json,NotBuggy
8,0.08381185680627823,2,3,108.08734130859375,11371.json,NotBuggy
4,0.886622428894043,1,0,128.936767578125,5474.json,NotBuggy
14,0.07326820492744446,3,6,96.22728729248047,4472.json,Buggy
5,0.12677735090255737,1,0,122.03304290771484,2875.json,NotBuggy
4,0.9311137199401855,1,0,128.936767578125,1217.json,NotBuggy
4,0.15684136748313904,1,0,126.62725830078125,1695.json,NotBuggy
4,0.41571420431137085,1,0,125.15930938720703,4722.json,NotBuggy
9,0.7852843403816223,2,1,108.99663543701172,10201.json,NotBuggy
5,0.7064268589019775,2,1,119.55464172363281,1778.json,NotBuggy
5,0.8026678562164307,1,2,120.03731536865234,9385.json,NotBuggy
6,0.19923686981201172,1,5,115.27146911621094,4303.json,Buggy
4,0.7605265378952026,1,1,127.59107971191406,8557.json,NotBuggy
4,0.4473128616809845,1,0,126.62725830078125,3965.json,NotBuggy
4,0.7002582550048828,1,0,128.936767578125,8482.json,NotBuggy
8,0.09907633811235428,2,5,109.30997467041016,6361.json,NotBuggy
3,0.4342241585254669,1,0,134.26058959960938,10308.json,NotBuggy
5,0.05170731246471405,1,2,122.06163787841797,10456.json,NotBuggy
15,0.3520719110965729,5,2,94.52178192138672,9102.json,NotBuggy
4,0.7443058490753174,1,0,127.78498840332031,2324.json,NotBuggy
14,0.03239903971552849,3,7,98.64060974121094,8272.json,NotBuggy
57,0.0,9,18,65.34686279296875,5714.json,Buggy
4,0.1265033781528473,1,0,127.77642822265625,10558.json,NotBuggy
4,0.11404643952846527,1,1,124.36514282226562,8220.json,NotBuggy
16,0.09183187037706375,3,2,96.92913055419922,8254.json,NotBuggy
3,0.9615593552589417,1,0,133.59722900390625,8346.json,NotBuggy
22,0.001512321294285357,4,15,84.93350982666016,8518.json,NotBuggy
8,0.44986480474472046,2,2,113.16283416748047,11290.json,NotBuggy
4,0.5725834965705872,1,1,127.59107971191406,8672.json,NotBuggy
4,0.5616869330406189,1,0,125.91468811035156,3232.json,NotBuggy
4,0.03029130958020687,1,1,123.1068344116211,9450.json,NotBuggy
13,0.3067362904548645,3,4,100.47254180908203,4672.json,NotBuggy
4,0.6115842461585999,1,1,127.94984436035156,424.json,NotBuggy
5,0.5271667242050171,1,0,122.03304290771484,10707.json,NotBuggy
4,0.8382178544998169,1,0,128.936767578125,1281.json,NotBuggy
15,0.48107603192329407,3,3,99.3084487915039,3480.json,NotBuggy
5,0.5027502179145813,1,2,121.77933502197266,11184.json,NotBuggy
4,0.23802296817302704,1,1,126.77537536621094,384.json,Buggy
4,0.2028583437204361,1,0,128.335205078125,2707.json,NotBuggy
4,0.21904362738132477,1,1,124.58238983154297,2919.json,NotBuggy
5,0.051125917583703995,1,2,119.58580780029297,2209.json,NotBuggy
4,0.43681150674819946,1,0,123.67467498779297,3697.json,NotBuggy
4,0.7534329295158386,1,2,124.91740417480469,10165.json,Buggy
4,0.7038275003433228,1,0,125.5254898071289,10324.json,NotBuggy
5,0.11124026775360107,1,0,122.03304290771484,7974.json,Buggy
5,0.042065203189849854,1,0,122.03304290771484,2438.json,NotBuggy
15,0.0083719901740551,4,10,94.58773040771484,158.json,NotBuggy
5,0.24210017919540405,1,0,122.03304290771484,3749.json,NotBuggy
4,0.20822365581989288,1,1,126.77537536621094,7400.json,NotBuggy
4,0.6371832489967346,1,1,126.62725830078125,7430.json,NotBuggy
4,0.6411261558532715,1,0,128.335205078125,6561.json,Buggy
13,0.2676200568675995,3,4,99.5546646118164,6097.json,NotBuggy
7,5.009377491660416E-4,1,3,111.28950500488281,3770.json,NotBuggy
13,0.010090017691254616,2,9,96.22994232177734,2582.json,NotBuggy
4,0.8924554586410522,1,0,128.335205078125,5030.json,NotBuggy
4,0.34742873907089233,1,0,127.59107971191406,10229.json,NotBuggy
8,0.08381185680627823,2,3,108.08734130859375,11369.json,NotBuggy
7,0.06088767573237419,1,1,112.55669403076172,6180.json,Buggy
4,0.7714539170265198,1,1,126.62725830078125,1048.json,NotBuggy
9,0.5043162703514099,1,6,105.09132385253906,488.json,NotBuggy
4,0.9275322556495667,1,1,126.94251251220703,1961.json,Buggy
7,0.7806860208511353,1,1,114.13495635986328,1734.json,NotBuggy
3,0.4023032486438751,1,0,132.43687438964844,10137.json,NotBuggy
6,0.14070120453834534,3,2,113.09796142578125,10889.json,NotBuggy
4,0.7725170850753784,1,1,128.5205535888672,5626.json,Buggy
5,0.5931857228279114,1,3,121.91352844238281,1355.json,NotBuggy
10,0.04038534685969353,2,3,105.01582336425781,9569.json,NotBuggy
10,0.022704726085066795,1,6,105.78507232666016,1617.json,NotBuggy
4,0.5633412599563599,1,1,126.33003997802734,3672.json,NotBuggy
4,0.5780263543128967,1,1,126.33003997802734,3454.json,NotBuggy
20,0.09753434360027313,4,11,89.34559631347656,5466.json,NotBuggy
4,0.782096803188324,1,0,128.936767578125,8164.json,NotBuggy
8,0.4515756666660309,2,1,113.0059585571289,3437.json,NotBuggy
2,0.001060432638041675,1,0,137.02120971679688,5873.json,NotBuggy
4,0.8673473000526428,1,1,125.27178192138672,10603.json,NotBuggy
4,0.4085988402366638,1,3,125.02987670898438,11249.json,NotBuggy
7,0.7590537071228027,2,1,114.55669403076172,8110.json,NotBuggy
4,0.6972296237945557,1,0,127.78498840332031,1931.json,NotBuggy
4,0.3023543655872345,1,1,126.0733642578125,10366.json,NotBuggy
4,0.5338497757911682,1,0,127.78498840332031,7980.json,Buggy
12,0.5553425550460815,3,1,102.63379669189453,7368.json,NotBuggy
11,0.7197149395942688,2,3,106.86295318603516,239.json,NotBuggy
5,0.11483557522296906,2,3,118.30043029785156,5150.json,NotBuggy
4,0.5893939137458801,1,0,128.936767578125,4067.json,NotBuggy
11,0.4791197180747986,3,2,103.86784362792969,11319.json,NotBuggy
28,0.0152965122833848,6,8,81.72801208496094,6980.json,Buggy
3,0.7772406339645386,1,0,134.26058959960938,3478.json,NotBuggy
8,0.8802660703659058,2,2,113.02863311767578,5804.json,Buggy
3,0.030535247176885605,1,1,128.62307739257812,9219.json,NotBuggy
13,0.5442477464675903,1,4,101.14923858642578,5248.json,NotBuggy
5,0.9841460585594177,1,0,118.78422546386719,2703.json,NotBuggy
4,0.6551005244255066,1,2,125.52845764160156,1542.json,Buggy
25,0.23949295282363892,2,4,87.1856918334961,2622.json,NotBuggy
4,0.4233958125114441,1,0,125.57588195800781,3591.json,NotBuggy
4,0.3623632490634918,1,1,126.33003997802734,8107.json,NotBuggy
23,0.01210261881351471,6,11,84.64777374267578,6276.json,NotBuggy
25,0.00494025181978941,4,15,83.43878936767578,6032.json,Buggy
13,0.4002992510795593,3,1,98.79847717285156,5358.json,NotBuggy
37,3.845154424197972E-4,6,13,74.50210571289062,10815.json,Buggy
14,0.005297212861478329,2,10,96.55110931396484,6089.json,Buggy
4,0.4391157627105713,2,1,124.48716735839844,2732.json,NotBuggy
4,0.8207347989082336,1,0,128.335205078125,8535.json,NotBuggy
8,0.21981273591518402,2,2,110.30216217041016,9921.json,NotBuggy
4,0.8029552102088928,2,2,123.73262786865234,9213.json,NotBuggy
4,0.7809633016586304,1,1,126.0733642578125,3640.json,NotBuggy
8,0.5205374360084534,2,0,112.58973693847656,6073.json,NotBuggy
4,0.7936466932296753,1,2,124.48761749267578,6782.json,NotBuggy
4,0.6173155903816223,1,0,125.67974090576172,530.json,NotBuggy
4,0.7702072262763977,1,0,128.936767578125,5124.json,Buggy
8,7.390613900497556E-4,1,4,108.75569152832031,1519.json,NotBuggy
8,0.5534101128578186,2,2,111.30105590820312,2829.json,NotBuggy
4,0.5983803272247314,1,0,125.79222106933594,9560.json,NotBuggy
4,0.6266725659370422,1,0,125.67974090576172,425.json,NotBuggy
9,0.2660370171070099,1,5,108.16912841796875,7416.json,NotBuggy
16,0.22354061901569366,3,1,97.71101379394531,1489.json,NotBuggy
12,0.6207500100135803,3,2,102.77027130126953,3265.json,NotBuggy
4,0.8018267154693604,1,0,127.78498840332031,4860.json,NotBuggy
4,0.7042496204376221,1,1,128.13519287109375,4042.json,NotBuggy
58,0.0,10,36,64.53173065185547,5946.json,Buggy
4,0.7524608969688416,1,0,127.78498840332031,8519.json,NotBuggy
4,0.6143997311592102,1,2,127.25547790527344,6582.json,NotBuggy
4,0.35437631607055664,1,0,128.936767578125,8197.json,NotBuggy
4,0.39784207940101624,1,0,127.27810668945312,1546.json,NotBuggy
5,0.055924855172634125,1,6,119.86595916748047,6057.json,NotBuggy
16,0.12463409453630447,4,7,95.30415344238281,10654.json,NotBuggy
3,0.7555910348892212,1,1,132.79563903808594,4790.json,NotBuggy
4,0.7611434459686279,1,0,127.78498840332031,8461.json,NotBuggy
4,0.7641722559928894,1,0,128.936767578125,7984.json,NotBuggy
4,0.8140153288841248,1,0,128.936767578125,6775.json,NotBuggy
8,0.053576674312353134,1,5,110.7425308227539,7569.json,Buggy
4,0.7028776407241821,1,0,128.936767578125,10573.json,NotBuggy
11,0.31622612476348877,2,2,104.27337646484375,5734.json,NotBuggy
20,0.04587220028042793,3,8,89.37074279785156,10817.json,NotBuggy
4,0.489138126373291,1,1,127.09062194824219,5188.json,NotBuggy
8,0.5853593349456787,2,2,110.30028533935547,9340.json,NotBuggy
4,0.44967353343963623,1,2,124.58238983154297,11338.json,Buggy
41,0.0,6,20,73.18253326416016,4232.json,Buggy
9,0.23790289461612701,2,3,107.7159194946289,2305.json,NotBuggy
4,0.7500506639480591,1,0,126.62725830078125,5480.json,NotBuggy
4,0.8988077044487,1,0,128.335205078125,6418.json,NotBuggy
10,0.16282594203948975,2,6,105.08219146728516,3378.json,NotBuggy
4,0.665919840335846,1,0,126.62725830078125,3702.json,NotBuggy
4,0.278195858001709,1,0,128.936767578125,2626.json,NotBuggy
5,0.5547428131103516,2,1,118.596923828125,3742.json,NotBuggy
4,0.6326363682746887,1,0,125.27178192138672,10208.json,NotBuggy
4,0.36263516545295715,1,0,126.4930648803711,9922.json,NotBuggy
6,0.3829246759414673,1,1,115.71116638183594,10577.json,NotBuggy
4,0.0015781547408550978,1,1,122.84404754638672,9757.json,NotBuggy
4,0.19939029216766357,2,1,140.87330627441406,2538.json,NotBuggy
12,0.31992995738983154,3,1,101.59780883789062,8899.json,NotBuggy
12,0.0059884157963097095,7,6,95.10848236083984,2911.json,NotBuggy
7,0.5474569201469421,2,0,114.96893310546875,11431.json,NotBuggy
6,0.7703495621681213,1,2,116.71211242675781,7343.json,NotBuggy
3,0.8745302557945251,1,0,134.26058959960938,2322.json,NotBuggy
3,0.8677018284797668,1,0,133.59722900390625,167.json,NotBuggy
4,0.15745709836483002,1,1,123.94486236572266,3922.json,NotBuggy
12,0.1338883638381958,2,10,99.44412231445312,10429.json,NotBuggy
5,0.4444984197616577,1,2,121.18380737304688,779.json,NotBuggy
4,0.616879940032959,1,0,128.936767578125,2422.json,NotBuggy
5,0.6035434007644653,1,2,122.167236328125,3444.json,NotBuggy
6,0.54420405626297,1,0,116.6322021484375,2370.json,NotBuggy
4,0.2928636372089386,1,1,127.42622375488281,10599.json,NotBuggy
32,1.5758647350594401E-4,8,12,78.09468841552734,6372.json,NotBuggy
4,0.8063399791717529,1,1,127.59107971191406,7148.json,NotBuggy
16,0.0590067096054554,1,6,94.69735717773438,859.json,NotBuggy
4,0.9206920862197876,1,0,128.936767578125,48.json,NotBuggy
12,0.4653910994529724,3,1,102.63379669189453,7366.json,NotBuggy
4,0.6522862315177917,1,0,128.936767578125,8160.json,NotBuggy
4,0.6208932995796204,1,1,126.77537536621094,3176.json,NotBuggy
5,0.8622373938560486,1,3,121.77933502197266,2583.json,NotBuggy
4,0.5561304688453674,1,1,125.67974090576172,7214.json,NotBuggy
4,0.7046220898628235,1,1,127.59107971191406,7123.json,NotBuggy
5,0.18079476058483124,1,1,119.94750213623047,11209.json,NotBuggy
4,0.9010398387908936,1,0,128.936767578125,8716.json,NotBuggy
4,0.5746335983276367,1,2,127.25547790527344,6657.json,NotBuggy
6,0.5244275331497192,1,2,116.4616928100586,2540.json,NotBuggy
4,0.001419672742486,1,0,128.936767578125,1590.json,NotBuggy
12,0.24618329107761383,2,5,100.62483978271484,7133.json,NotBuggy
10,0.16319765150547028,2,3,104.5733871459961,2391.json,NotBuggy
7,0.3765743374824524,2,2,113.2231674194336,9103.json,NotBuggy
10,0.12140204012393951,1,2,107.0597152709961,7723.json,NotBuggy
4,0.8862543702125549,1,0,126.62725830078125,7149.json,NotBuggy
4,0.06170269101858139,1,1,125.27178192138672,8372.json,NotBuggy
4,0.7919910550117493,1,0,126.04888916015625,11161.json,NotBuggy
11,0.3070351779460907,3,0,105.2786636352539,11429.json,NotBuggy
4,0.9338903427124023,1,1,125.5254898071289,1942.json,NotBuggy
28,0.0,4,19,80.50416564941406,8598.json,NotBuggy
7,0.550692081451416,1,2,115.09542083740234,5247.json,NotBuggy
11,5.315659800544381E-4,1,7,100.8983154296875,10287.json,Buggy
4,0.9148004055023193,1,0,128.335205078125,303.json,NotBuggy
5,0.1458115130662918,1,0,120.85002136230469,5194.json,NotBuggy
3,0.4342241585254669,1,0,134.26058959960938,2623.json,NotBuggy
4,0.09636989235877991,1,3,125.52845764160156,7918.json,NotBuggy
4,0.9277121424674988,1,0,128.936767578125,5296.json,NotBuggy
4,0.9150988459587097,1,0,128.936767578125,6637.json,NotBuggy
4,0.6543048620223999,1,0,125.67974090576172,1387.json,NotBuggy
10,0.17555595934391022,2,3,104.42784118652344,9339.json,NotBuggy
4,0.8503275513648987,1,0,127.42622375488281,3842.json,NotBuggy
4,0.5880769491195679,1,0,126.62725830078125,1226.json,NotBuggy
6,0.4776357412338257,2,3,115.50424194335938,6589.json,NotBuggy
29,1.0850372927961871E-4,2,22,79.01273345947266,10443.json,NotBuggy
4,0.8841103911399841,1,0,125.41301727294922,8719.json,NotBuggy
14,0.025490866973996162,2,10,96.78443908691406,208.json,NotBuggy
4,0.0017549379263073206,1,2,122.4349365234375,1416.json,NotBuggy
4,0.37000802159309387,1,0,125.27178192138672,4633.json,NotBuggy
4,0.8538341522216797,1,0,128.936767578125,8194.json,NotBuggy
8,0.09792535752058029,2,0,112.39348602294922,1899.json,Buggy
4,0.16738027334213257,1,2,123.8484878540039,1384.json,NotBuggy
4,0.6001830697059631,1,1,127.09062194824219,6550.json,NotBuggy
12,0.047238659113645554,2,8,99.1142578125,7953.json,Buggy
8,0.0012821523705497384,1,15,106.12029266357422,3526.json,NotBuggy
4,0.7271763682365417,1,1,126.62725830078125,3579.json,NotBuggy
5,0.21561528742313385,1,0,122.03304290771484,11248.json,NotBuggy
24,0.0013491101562976837,3,7,85.78053283691406,8295.json,NotBuggy
5,0.8394443988800049,1,3,120.54627227783203,10600.json,NotBuggy
18,0.2757004201412201,4,4,94.54474639892578,8606.json,NotBuggy
4,0.6734641790390015,1,0,126.62725830078125,5486.json,NotBuggy
10,0.0435451865196228,3,0,106.6676025390625,6074.json,NotBuggy
9,0.1632881760597229,2,4,107.59061431884766,7669.json,NotBuggy
4,0.5612513422966003,1,1,125.02987670898438,5405.json,Buggy
4,0.43963998556137085,1,0,128.936767578125,3029.json,NotBuggy
4,0.2645626366138458,1,2,126.4781494140625,7093.json,NotBuggy
4,0.11509118974208832,1,2,123.28931427001953,4843.json,NotBuggy
12,0.09810745716094971,2,4,100.28096008300781,8056.json,Buggy
5,0.3925759792327881,1,3,120.14375305175781,869.json,NotBuggy
4,0.782096803188324,1,0,128.936767578125,8186.json,NotBuggy
19,0.003936773166060448,2,8,89.9957275390625,11413.json,NotBuggy
4,0.6041866540908813,1,2,126.33003997802734,6402.json,NotBuggy
4,0.4036044478416443,1,0,128.936767578125,2429.json,NotBuggy
5,0.46206867694854736,1,2,122.167236328125,3446.json,NotBuggy
4,0.5594946146011353,1,1,126.62725830078125,7071.json,NotBuggy
4,0.7257925271987915,1,0,128.936767578125,10331.json,NotBuggy
13,0.051881980150938034,2,3,98.8325424194336,7992.json,Buggy
12,0.04233713075518608,3,2,101.9260482788086,6754.json,NotBuggy
8,0.850240170955658,2,2,113.02863311767578,5619.json,NotBuggy
4,0.685592532157898,1,1,127.42622375488281,11414.json,NotBuggy
4,0.002464956371113658,1,0,128.335205078125,6972.json,NotBuggy
5,0.5497558116912842,1,3,121.18380737304688,2522.json,Buggy
4,0.32135525345802307,1,0,125.41301727294922,4574.json,NotBuggy
4,0.8235614895820618,1,0,127.78498840332031,2327.json,NotBuggy
4,0.056358452886343,1,0,128.936767578125,5058.json,NotBuggy
4,0.5303866863250732,1,1,126.62725830078125,4047.json,NotBuggy
43,0.0032021512743085623,8,7,73.44515991210938,3795.json,NotBuggy
9,0.5673492550849915,3,2,107.1089096069336,6761.json,NotBuggy
4,0.16300848126411438,1,0,125.91468811035156,1845.json,NotBuggy
11,0.17830894887447357,1,1,105.37321472167969,3206.json,NotBuggy
37,0.005376674700528383,6,17,73.66126251220703,6971.json,Buggy
22,4.533202154561877E-4,2,10,87.20198059082031,1491.json,NotBuggy
16,0.18334688246250153,4,4,94.39442443847656,4941.json,NotBuggy
4,0.2438768744468689,1,3,125.64796447753906,23.json,NotBuggy
11,0.5774103403091431,2,1,107.23453521728516,6936.json,Buggy
13,0.1607808768749237,2,3,101.20834350585938,4859.json,NotBuggy
4,0.1939340978860855,1,1,124.25267028808594,2972.json,NotBuggy
5,0.7750412225723267,2,1,118.9325180053711,8188.json,NotBuggy
12,0.05277833715081215,3,2,101.86363220214844,2470.json,NotBuggy
4,0.46293339133262634,1,0,126.62725830078125,3830.json,NotBuggy
4,0.16301587224006653,1,1,128.13519287109375,10411.json,NotBuggy
13,0.43596187233924866,1,4,99.91691589355469,1044.json,Buggy
4,0.6546815633773804,1,2,124.4649429321289,383.json,NotBuggy
22,0.025706185027956963,9,3,86.6889877319336,4819.json,NotBuggy
4,0.5690892338752747,1,0,128.335205078125,2341.json,NotBuggy
4,0.5353923439979553,1,1,129.14767456054688,6404.json,NotBuggy
13,0.2717391550540924,3,3,100.10365295410156,9926.json,NotBuggy
4,0.08159536868333817,1,2,123.75868225097656,3198.json,NotBuggy
4,0.9194732904434204,1,0,128.936767578125,1219.json,NotBuggy
4,0.05932535603642464,1,0,127.59107971191406,6155.json,NotBuggy
5,0.9567283391952515,2,2,119.91375732421875,4421.json,Buggy
9,0.0014090986223891377,2,5,106.55463409423828,3764.json,NotBuggy
4,0.788830041885376,1,1,126.94251251220703,386.json,NotBuggy
4,0.9073702096939087,1,0,127.78498840332031,5936.json,NotBuggy
4,0.786499559879303,1,0,128.936767578125,10795.json,NotBuggy
13,0.37937700748443604,2,4,98.17560577392578,11440.json,NotBuggy
4,0.6683236956596375,1,1,127.59107971191406,9662.json,NotBuggy
6,0.21086926758289337,1,2,115.1327896118164,3467.json,NotBuggy
4,0.706380307674408,1,0,128.936767578125,6958.json,NotBuggy
4,0.5099688768386841,1,1,125.64796447753906,8614.json,NotBuggy
5,0.22995802760124207,2,1,118.51115417480469,236.json,NotBuggy
11,0.061941325664520264,2,2,104.2874984741211,5344.json,NotBuggy
4,0.9277121424674988,1,0,128.936767578125,5336.json,NotBuggy
4,0.4078480303287506,1,1,127.42622375488281,4863.json,NotBuggy
4,0.07616440951824188,1,1,126.19583892822266,6146.json,NotBuggy
4,0.5297919511795044,1,1,125.91468811035156,8277.json,NotBuggy
4,0.4964679479598999,1,0,128.936767578125,2844.json,NotBuggy
4,0.03133545443415642,1,1,129.84368896484375,4437.json,NotBuggy
5,0.4444984197616577,1,2,121.18380737304688,796.json,NotBuggy
4,0.6748558282852173,1,0,128.936767578125,3052.json,NotBuggy
15,0.08712726086378098,1,20,96.35368347167969,10915.json,NotBuggy
4,0.9445183873176575,1,0,129.6001434326172,2026.json,NotBuggy
4,0.682938814163208,1,1,126.62725830078125,851.json,NotBuggy
4,0.626739501953125,1,0,126.19583892822266,3519.json,NotBuggy
3,0.7903006672859192,1,0,134.26058959960938,2497.json,Buggy
8,0.4062279760837555,2,3,110.30216217041016,4690.json,NotBuggy
4,0.3472060263156891,1,0,128.936767578125,8467.json,NotBuggy
3,0.919742226600647,1,0,133.59722900390625,8434.json,NotBuggy
4,0.6478605270385742,1,0,125.27178192138672,9771.json,NotBuggy
4,0.5212218165397644,1,1,125.41301727294922,6258.json,NotBuggy
4,0.3022439777851105,1,0,128.936767578125,550.json,NotBuggy
4,0.6861087083816528,1,2,125.91468811035156,1210.json,NotBuggy
4,0.046987902373075485,1,0,124.25267028808594,7467.json,NotBuggy
4,0.8906975984573364,1,0,128.936767578125,5533.json,NotBuggy
38,0.05900110676884651,9,16,75.5372543334961,4613.json,NotBuggy
4,0.48153388500213623,1,0,126.62725830078125,3118.json,NotBuggy
6,0.6918599605560303,1,3,115.19261169433594,2512.json,NotBuggy
4,0.11498618125915527,1,0,128.936767578125,8262.json,NotBuggy
4,0.6983611583709717,1,0,124.26470947265625,3609.json,NotBuggy
5,0.27344298362731934,1,0,122.03304290771484,8572.json,NotBuggy
4,0.6851606965065002,1,0,128.936767578125,8308.json,NotBuggy
4,0.28206679224967957,1,1,125.64796447753906,63.json,NotBuggy
4,0.006080902647227049,1,0,123.55950164794922,6572.json,NotBuggy
4,0.37647706270217896,1,1,126.33003997802734,5333.json,NotBuggy
4,0.02997811697423458,1,1,123.1068344116211,1988.json,NotBuggy
4,4.572217585518956E-4,1,1,122.70512390136719,1738.json,NotBuggy
28,2.3456159397028387E-4,7,1,80.35393524169922,9456.json,NotBuggy
7,0.07844354212284088,1,6,111.72010803222656,2376.json,NotBuggy
4,0.8917297124862671,1,0,126.33003997802734,10877.json,NotBuggy
11,0.29367440938949585,2,1,105.44854736328125,4503.json,NotBuggy
4,0.40365952253341675,1,0,127.27810668945312,835.json,NotBuggy
5,0.5771685242652893,1,0,121.6568603515625,5716.json,NotBuggy
12,0.6502225995063782,3,3,102.2972183227539,7668.json,Buggy
4,0.6522015929222107,1,1,125.0554428100586,9346.json,NotBuggy
4,0.9252637028694153,1,0,128.936767578125,9952.json,NotBuggy
3,0.9044947028160095,1,0,135.83412170410156,4492.json,Buggy
4,0.11278694123029709,1,0,124.71717071533203,1693.json,NotBuggy
6,0.11247418820858002,1,2,117.39409637451172,11239.json,NotBuggy
32,0.002570987679064274,13,5,77.87554168701172,3529.json,NotBuggy
9,0.37574222683906555,2,4,106.96635437011719,5723.json,NotBuggy
11,0.04148649796843529,1,2,104.3805160522461,2372.json,NotBuggy
4,0.27453723549842834,1,2,123.75868225097656,9550.json,Buggy
4,0.6338083744049072,1,0,128.936767578125,2808.json,NotBuggy
4,0.8449133634567261,1,1,126.94251251220703,7146.json,NotBuggy
12,0.058509815484285355,3,2,101.86363220214844,2472.json,NotBuggy
4,0.48627763986587524,1,1,125.41301727294922,2585.json,NotBuggy
4,0.12058041989803314,1,0,125.91468811035156,1571.json,Buggy
4,0.6075912117958069,1,0,127.78498840332031,4852.json,NotBuggy
3,0.9939451217651367,1,0,135.83412170410156,6898.json,NotBuggy
8,0.8988882899284363,1,5,108.31733703613281,7328.json,NotBuggy
4,0.7158204317092896,1,1,127.09062194824219,1468.json,NotBuggy
22,0.3796747326850891,4,3,89.32564544677734,5848.json,Buggy
3,0.9147276282310486,1,0,135.83412170410156,6080.json,NotBuggy
12,0.14115864038467407,2,3,101.61978149414062,1723.json,NotBuggy
12,0.5526522994041443,2,3,103.32823181152344,4689.json,NotBuggy
14,0.0998762995004654,3,2,97.8976058959961,3928.json,NotBuggy
5,0.5141213536262512,2,2,119.9036865234375,4126.json,NotBuggy
4,0.524217426776886,1,0,126.4930648803711,6029.json,Buggy
4,0.5666923522949219,1,0,125.5254898071289,8382.json,NotBuggy
3,0.8211627006530762,1,0,134.26058959960938,8564.json,NotBuggy
15,2.57909792708233E-4,1,14,95.06327819824219,6023.json,Buggy
4,0.8625122904777527,1,0,128.335205078125,3949.json,NotBuggy
5,0.680476725101471,1,2,123.32530975341797,11236.json,NotBuggy
10,0.004245608579367399,2,4,104.22942352294922,1367.json,NotBuggy
4,0.23911383748054504,1,3,125.02987670898438,7906.json,NotBuggy
5,0.5907941460609436,1,1,120.53388214111328,1779.json,NotBuggy
4,0.09166174381971359,1,0,128.936767578125,1284.json,NotBuggy
4,0.7340648770332336,1,0,128.335205078125,8407.json,NotBuggy
13,0.05699661374092102,3,7,97.44519805908203,11217.json,NotBuggy
4,0.8046173453330994,1,1,126.77537536621094,11368.json,NotBuggy
26,0.0021162237972021103,6,2,83.31365966796875,6307.json,Buggy
4,0.8111664652824402,1,0,128.936767578125,2820.json,NotBuggy
9,0.1115766391158104,1,11,106.2765121459961,10652.json,NotBuggy
17,0.03942501172423363,5,6,91.05780792236328,6250.json,NotBuggy
12,0.007538663223385811,1,10,102.581787109375,6640.json,NotBuggy
12,0.058953892439603806,2,3,102.12857818603516,10067.json,NotBuggy
13,0.3506537079811096,3,3,100.04100036621094,4962.json,NotBuggy
5,0.1617213934659958,1,4,117.22176361083984,10081.json,NotBuggy
4,0.5203845500946045,2,1,124.23494720458984,8945.json,NotBuggy
5,0.7254384160041809,1,0,122.87813568115234,6359.json,NotBuggy
5,0.4421451687812805,1,0,122.03304290771484,11206.json,NotBuggy
4,0.4916999042034149,1,0,126.62725830078125,2828.json,NotBuggy
4,0.17311599850654602,1,1,127.59107971191406,5059.json,NotBuggy
37,0.0,3,27,74.689697265625,7611.json,NotBuggy
11,0.2698150873184204,3,4,101.68177795410156,9920.json,NotBuggy
3,0.8652141094207764,1,0,134.26058959960938,10278.json,NotBuggy
4,0.6990459561347961,1,1,125.52845764160156,10694.json,NotBuggy
4,0.7774173617362976,1,1,127.59107971191406,8618.json,NotBuggy
5,0.5860695838928223,1,0,122.03304290771484,10556.json,NotBuggy
22,0.002686741529032588,5,11,86.73072052001953,2304.json,NotBuggy
5,0.4851655066013336,1,2,123.32530975341797,7630.json,NotBuggy
20,0.09739208966493607,3,9,88.95431518554688,7613.json,NotBuggy
13,0.16536664962768555,3,5,99.37218475341797,7316.json,NotBuggy
4,0.7394551634788513,1,0,128.936767578125,5467.json,NotBuggy
4,0.9088841080665588,1,0,128.936767578125,1183.json,NotBuggy
13,0.6048793196678162,3,3,100.64273834228516,10174.json,NotBuggy
5,0.5239930152893066,1,0,119.94750213623047,9536.json,NotBuggy
9,0.7237635850906372,2,1,109.06786346435547,9007.json,NotBuggy
12,0.24883365631103516,2,4,100.89888000488281,3574.json,NotBuggy
8,0.07429733872413635,3,1,108.43751525878906,4559.json,NotBuggy
4,0.38554325699806213,1,1,126.19583892822266,2997.json,NotBuggy
19,0.0010071718133985996,4,7,89.33570098876953,5158.json,Buggy
6,0.1814722716808319,1,3,114.51445770263672,711.json,NotBuggy
12,0.3212154805660248,1,2,102.0057144165039,5837.json,Buggy
5,0.07617397606372833,1,0,120.23355865478516,2553.json,Buggy
4,0.6531791687011719,1,0,125.57588195800781,4915.json,NotBuggy
6,0.5959249138832092,1,7,116.84854125976562,10662.json,NotBuggy
4,0.8028543591499329,1,0,128.936767578125,2822.json,NotBuggy
4,0.3423709273338318,1,3,125.02987670898438,3863.json,NotBuggy
4,0.7257609367370605,2,2,123.52867889404297,7641.json,NotBuggy
10,0.22920912504196167,2,2,105.2813720703125,2126.json,NotBuggy
4,0.4356469511985779,1,0,126.4930648803711,1362.json,NotBuggy
6,0.022798385471105576,1,5,115.11836242675781,6407.json,NotBuggy
4,0.7534027099609375,1,1,125.79222106933594,3527.json,NotBuggy
28,0.0034839219879359007,5,12,81.48127746582031,2090.json,Buggy
4,0.30506446957588196,1,2,125.5254898071289,1887.json,NotBuggy
4,0.44021421670913696,1,1,127.59107971191406,11241.json,NotBuggy
4,0.5905265212059021,1,0,127.78498840332031,3594.json,NotBuggy
4,0.2701200246810913,1,3,125.52845764160156,6045.json,NotBuggy
4,0.8434569835662842,1,0,128.335205078125,11160.json,NotBuggy
29,0.005829219706356525,3,10,80.9630126953125,11304.json,NotBuggy
4,0.9677020907402039,1,0,128.335205078125,10098.json,NotBuggy
13,0.8507503271102905,1,2,101.32405090332031,3651.json,NotBuggy
4,0.5831850171089172,1,0,126.19583892822266,1279.json,NotBuggy
14,0.4196532070636749,3,4,98.89608764648438,7120.json,NotBuggy
4,0.41294971108436584,1,0,125.96089172363281,3692.json,NotBuggy
11,0.5809932947158813,2,2,105.6617660522461,8055.json,NotBuggy
3,0.4342241585254669,1,0,134.26058959960938,2629.json,NotBuggy
10,0.011327230371534824,1,10,103.13742065429688,999.json,Buggy
4,0.8951993584632874,1,0,128.335205078125,5725.json,NotBuggy
4,0.8753501176834106,2,2,122.87683868408203,9217.json,NotBuggy
4,0.7889161109924316,1,1,127.94984436035156,4124.json,NotBuggy
4,0.8885619640350342,1,0,127.59107971191406,3477.json,NotBuggy
6,0.191073939204216,2,7,114.41285705566406,6725.json,NotBuggy
6,0.3813713490962982,1,3,115.19073486328125,552.json,NotBuggy
12,0.24941082298755646,1,4,101.16764068603516,10936.json,NotBuggy
4,0.01231597550213337,1,0,127.77642822265625,1868.json,NotBuggy
6,0.6716123223304749,1,1,116.71211242675781,10292.json,NotBuggy
10,0.3494136333465576,2,3,105.9538803100586,2529.json,NotBuggy
5,0.9497385025024414,1,2,121.08496856689453,61.json,NotBuggy
4,0.05203089118003845,1,2,126.4781494140625,1746.json,NotBuggy
21,0.054320745170116425,5,4,86.83903503417969,11449.json,NotBuggy
5,0.8844441771507263,1,1,122.58091735839844,10216.json,NotBuggy
5,0.7999876141548157,1,3,120.03731536865234,891.json,NotBuggy
4,0.19238942861557007,1,1,127.59107971191406,5066.json,NotBuggy
5,0.9846693277359009,1,1,121.54438018798828,5675.json,Buggy
5,0.14962661266326904,1,3,118.90116882324219,4271.json,NotBuggy
9,0.017430048435926437,2,4,105.69190979003906,6778.json,NotBuggy
14,0.018816044554114342,2,5,97.07847595214844,2336.json,NotBuggy
4,0.019746676087379456,1,2,122.44184875488281,7102.json,NotBuggy
6,0.010196899063885212,1,3,115.98135375976562,3001.json,NotBuggy
3,0.4080250859260559,2,2,127.62129211425781,8441.json,NotBuggy
4,0.8470103740692139,1,0,128.936767578125,10557.json,NotBuggy
5,0.31227123737335205,1,2,119.0662612915039,7997.json,Buggy
4,0.9162308573722839,1,0,127.25547790527344,3203.json,NotBuggy
4,0.7906680703163147,1,1,126.94251251220703,1465.json,NotBuggy
9,0.008251645602285862,2,3,106.75408172607422,6254.json,NotBuggy
4,0.01114228181540966,1,0,128.936767578125,10348.json,NotBuggy
4,0.7534329295158386,1,2,124.91740417480469,10163.json,Buggy
25,0.040934838354587555,3,7,85.25736999511719,2285.json,NotBuggy
7,0.45232510566711426,2,1,114.85302734375,6468.json,NotBuggy
11,0.4296673834323883,1,0,104.40391540527344,4990.json,NotBuggy
4,0.15619716048240662,1,1,124.361083984375,3620.json,NotBuggy
4,0.698833167552948,1,1,126.19583892822266,3544.json,NotBuggy
4,0.8701741099357605,1,0,128.936767578125,6687.json,NotBuggy
51,0.0,9,29,68.14273071289062,7266.json,Buggy
3,0.9238973259925842,1,0,133.59722900390625,8393.json,NotBuggy
5,0.9152815341949463,1,0,122.03304290771484,2918.json,NotBuggy
12,0.01708831451833248,3,6,100.86588287353516,3523.json,NotBuggy
3,0.933468222618103,1,0,135.83412170410156,6077.json,NotBuggy
4,0.6235382556915283,1,0,128.936767578125,4185.json,NotBuggy
4,0.061055392026901245,1,0,127.59107971191406,2030.json,NotBuggy
5,0.2962895929813385,1,5,118.3609390258789,8538.json,NotBuggy
4,0.886622428894043,1,0,128.936767578125,8310.json,NotBuggy
5,0.0030800572130829096,1,4,116.85465240478516,9343.json,NotBuggy
18,0.010399204678833485,3,10,90.54064178466797,4234.json,NotBuggy
4,0.854951798915863,1,2,125.5254898071289,5805.json,NotBuggy
22,0.4527146518230438,3,5,88.80150604248047,1187.json,Buggy
5,0.2810114920139313,1,1,118.54136657714844,6466.json,NotBuggy
4,0.5892150402069092,1,0,126.33003997802734,6377.json,Buggy
4,0.7460842728614807,1,0,126.62725830078125,51.json,NotBuggy
10,0.09655474871397018,1,2,106.18388366699219,2943.json,NotBuggy
8,0.9361310601234436,2,1,112.00414276123047,7080.json,NotBuggy
4,0.21222089231014252,1,1,126.77537536621094,280.json,NotBuggy
13,0.6309342980384827,2,3,100.91924285888672,9023.json,NotBuggy
13,0.04903571307659149,2,3,100.59748840332031,6946.json,NotBuggy
3,0.3014748692512512,1,2,129.47398376464844,8446.json,NotBuggy
8,0.6884685754776001,2,2,113.02863311767578,10423.json,NotBuggy
9,0.3465818166732788,2,4,108.18115234375,1923.json,NotBuggy
16,0.004393872804939747,3,2,96.3223876953125,6755.json,NotBuggy
4,0.5891698002815247,1,2,125.9302749633789,8102.json,NotBuggy
16,0.680482804775238,3,2,96.99182891845703,3192.json,NotBuggy
20,0.08650677651166916,2,6,90.11284637451172,2757.json,NotBuggy
4,0.8639218211174011,1,0,126.80831146240234,5025.json,NotBuggy
4,0.8633385300636292,1,1,126.94251251220703,6036.json,NotBuggy
9,0.058997079730033875,2,4,106.13468170166016,293.json,NotBuggy
4,0.9307116866111755,1,0,127.78498840332031,6327.json,NotBuggy
4,0.7863505482673645,1,1,127.42622375488281,8424.json,NotBuggy
9,0.2660370171070099,1,5,108.16912841796875,7428.json,NotBuggy
3,0.4342241585254669,1,0,134.26058959960938,2573.json,NotBuggy
24,0.053629979491233826,5,14,85.45282745361328,8094.json,NotBuggy
5,0.3261454701423645,1,2,123.32530975341797,10359.json,NotBuggy
4,0.2011258602142334,1,1,128.5205535888672,3638.json,NotBuggy
14,0.0036072200164198875,4,6,95.94841003417969,8250.json,NotBuggy
9,0.19577717781066895,2,3,107.7159194946289,8624.json,NotBuggy
4,0.7112116813659668,1,0,126.62725830078125,5473.json,NotBuggy
5,0.9673598408699036,1,3,121.18380737304688,8105.json,NotBuggy
4,0.36125221848487854,1,0,127.25547790527344,1558.json,NotBuggy
4,0.24684713780879974,1,0,126.62725830078125,3827.json,NotBuggy
13,0.5429783463478088,3,4,99.70044708251953,7618.json,NotBuggy
14,0.03752746433019638,3,3,96.84847259521484,1429.json,NotBuggy
4,0.6981685757637024,1,2,125.64796447753906,9523.json,NotBuggy
22,0.00652241101488471,3,6,89.87863159179688,2964.json,NotBuggy
9,0.9023545980453491,3,2,107.81468200683594,2250.json,NotBuggy
4,0.9010398387908936,1,0,128.936767578125,4179.json,NotBuggy
4,0.7265782356262207,1,1,127.94984436035156,3541.json,NotBuggy
4,0.46550723910331726,1,2,128.73146057128906,4515.json,NotBuggy
3,0.4342241585254669,1,0,134.26058959960938,2652.json,NotBuggy
4,0.6453396677970886,1,0,126.37059020996094,5866.json,NotBuggy
3,0.567236065864563,1,0,132.4454345703125,2666.json,NotBuggy
11,0.3070351779460907,3,0,105.2786636352539,11438.json,NotBuggy
13,0.1139931008219719,2,6,100.72683715820312,4004.json,NotBuggy
4,0.40008917450904846,1,0,125.27178192138672,4584.json,NotBuggy
3,0.20692700147628784,1,3,127.59099578857422,3654.json,NotBuggy
5,0.20319221913814545,1,1,118.7568130493164,9074.json,NotBuggy
7,0.1329032927751541,2,3,111.23076629638672,3347.json,NotBuggy
3,0.4342241585254669,1,0,134.26058959960938,2587.json,NotBuggy
8,0.07572358101606369,2,6,108.95927429199219,4944.json,NotBuggy
17,0.11353901028633118,4,4,92.39860534667969,7407.json,NotBuggy
3,0.9271317720413208,1,0,131.28770446777344,9100.json,NotBuggy
4,0.6425973773002625,1,1,127.09062194824219,5127.json,NotBuggy
15,0.2567015588283539,3,4,96.39835357666016,7402.json,NotBuggy
4,0.8503275513648987,1,0,127.42622375488281,3843.json,NotBuggy
4,0.6641992926597595,1,1,127.42622375488281,2861.json,NotBuggy
4,0.661306619644165,1,2,127.25547790527344,10699.json,NotBuggy
4,0.504159152507782,1,0,128.335205078125,6344.json,NotBuggy
4,0.7936687469482422,1,0,128.936767578125,2418.json,NotBuggy
4,0.07167866826057434,1,0,123.56243133544922,5208.json,NotBuggy
4,0.9373006820678711,1,0,128.335205078125,7193.json,NotBuggy
3,0.5043012499809265,1,1,130.7338104248047,8339.json,NotBuggy
4,0.932925820350647,1,0,128.335205078125,5966.json,Buggy
4,0.7760338187217712,1,0,126.37059020996094,298.json,NotBuggy
5,0.5240809917449951,1,1,122.03304290771484,1425.json,NotBuggy
3,0.9082726240158081,1,0,135.83412170410156,401.json,NotBuggy
8,0.3068254590034485,3,1,109.65406036376953,4551.json,NotBuggy
4,0.9525007009506226,1,0,128.936767578125,4166.json,NotBuggy
4,0.035045694559812546,1,3,125.9302749633789,4910.json,NotBuggy
4,0.7540281414985657,1,0,127.78498840332031,2479.json,NotBuggy
8,0.3338538408279419,1,7,107.30072784423828,10574.json,NotBuggy
4,0.8343530297279358,1,1,126.33003997802734,3934.json,NotBuggy
4,0.7395787239074707,1,0,128.936767578125,4205.json,NotBuggy
5,0.30773109197616577,1,2,120.85002136230469,11185.json,NotBuggy
4,0.43963998556137085,1,0,128.936767578125,6787.json,NotBuggy
4,0.4489274322986603,1,1,126.94251251220703,5543.json,NotBuggy
4,0.38551095128059387,1,0,123.96495056152344,4802.json,NotBuggy
4,0.2504371106624603,1,1,124.39620971679688,9541.json,NotBuggy
4,0.5345657467842102,1,1,126.0733642578125,6574.json,NotBuggy
16,3.4847744973376393E-4,1,12,91.45855712890625,5528.json,NotBuggy
7,0.05954821780323982,2,2,110.99961853027344,9019.json,NotBuggy
3,0.8211627006530762,1,0,134.26058959960938,8119.json,NotBuggy
4,0.2445193976163864,1,0,126.62725830078125,5522.json,NotBuggy
25,0.1781792938709259,4,10,84.46605682373047,9728.json,NotBuggy
4,0.6510720252990723,1,0,126.62725830078125,5567.json,Buggy
4,0.5985164046287537,1,0,127.78498840332031,2242.json,NotBuggy
8,0.3413988947868347,2,1,111.73185729980469,2096.json,NotBuggy
4,0.2156701236963272,1,2,124.7987289428711,6759.json,NotBuggy
4,0.13357935845851898,1,1,126.77537536621094,270.json,NotBuggy
8,0.16981826722621918,2,3,110.60749816894531,5710.json,NotBuggy
4,0.6085147261619568,1,2,126.1969985961914,8620.json,NotBuggy
4,0.8765509724617004,1,0,128.936767578125,8521.json,NotBuggy
3,0.15495134890079498,1,0,131.28770446777344,4065.json,NotBuggy
5,0.7151672840118408,1,0,121.07132720947266,8851.json,NotBuggy
4,0.7221628427505493,1,0,126.62725830078125,3954.json,NotBuggy
17,0.01705552451312542,4,7,92.64627075195312,3794.json,NotBuggy
9,0.2193412333726883,1,0,107.8329849243164,4079.json,NotBuggy
13,0.003457029815763235,2,9,99.94828796386719,5237.json,NotBuggy
4,0.8026637434959412,1,1,126.4930648803711,7399.json,NotBuggy
18,0.9759553074836731,3,6,91.25872802734375,3786.json,NotBuggy
4,0.5621881484985352,1,0,126.62725830078125,7663.json,NotBuggy
4,0.37647706270217896,1,1,126.33003997802734,5295.json,NotBuggy
4,0.6696064472198486,1,0,126.62725830078125,5475.json,NotBuggy
7,0.25705552101135254,2,1,114.75666046142578,6604.json,NotBuggy
7,0.7261526584625244,2,1,116.48638916015625,6230.json,NotBuggy
4,0.579402506351471,1,1,128.5205535888672,4417.json,Buggy
3,0.6634402871131897,1,1,130.99049377441406,3923.json,NotBuggy
4,0.5633794665336609,1,0,127.27810668945312,9.json,NotBuggy
4,0.6174378991127014,1,2,126.77537536621094,1151.json,NotBuggy
5,0.3075966536998749,1,0,121.6568603515625,10351.json,NotBuggy
30,0.037388455122709274,2,15,82.28367614746094,3988.json,NotBuggy
3,0.4342241585254669,1,0,134.26058959960938,2552.json,NotBuggy
4,0.6339762806892395,1,2,125.15930938720703,6482.json,NotBuggy
4,0.10684032738208771,1,0,124.92120361328125,2485.json,NotBuggy
6,0.13876654207706451,1,2,116.80848693847656,5164.json,NotBuggy
4,0.0360034741461277,1,2,126.4781494140625,7899.json,NotBuggy
4,0.027009382843971252,1,1,122.4349365234375,2969.json,NotBuggy
4,0.8931687474250793,1,0,128.936767578125,4484.json,Buggy
6,0.5372490286827087,1,2,115.88497924804688,996.json,NotBuggy
4,0.8086438775062561,1,0,128.335205078125,7256.json,NotBuggy
4,0.9434942007064819,1,0,128.936767578125,185.json,NotBuggy
4,0.8552390933036804,1,0,128.936767578125,1223.json,NotBuggy
4,0.534672737121582,1,1,126.62725830078125,4273.json,NotBuggy
8,0.065579853951931,2,1,109.1904296875,9453.json,NotBuggy
27,0.01721067912876606,7,8,83.09569549560547,11394.json,NotBuggy
6,0.17886213958263397,1,3,116.6322021484375,10377.json,NotBuggy
4,0.8687717318534851,1,0,128.936767578125,5297.json,NotBuggy
26,0.002099936129525304,6,11,83.2591552734375,5132.json,NotBuggy
21,0.019435010850429535,4,9,87.82196044921875,2265.json,Buggy
4,0.37647706270217896,1,1,126.33003997802734,5340.json,NotBuggy
4,0.8091968297958374,1,2,126.04888916015625,8862.json,NotBuggy
3,0.7308483719825745,1,0,133.59722900390625,3547.json,NotBuggy
4,0.8302443027496338,1,0,128.936767578125,2435.json,NotBuggy
5,0.2179078608751297,1,2,121.08496856689453,6428.json,NotBuggy
6,0.5275444388389587,1,3,116.6322021484375,6148.json,NotBuggy
5,0.8725743293762207,1,2,122.58207702636719,5894.json,NotBuggy
5,0.15284386277198792,1,0,122.03304290771484,10354.json,NotBuggy
16,0.09571467339992523,2,6,94.885009765625,2542.json,Buggy
4,0.5416094660758972,1,1,126.62725830078125,4145.json,NotBuggy
4,0.9390717148780823,1,0,128.936767578125,7983.json,NotBuggy
4,0.5524812340736389,1,0,125.5254898071289,8381.json,NotBuggy
12,0.5526522994041443,2,3,103.32823181152344,4686.json,NotBuggy
11,0.24267567694187164,2,2,105.81700134277344,4907.json,NotBuggy
